no_integral_states
version=1
nRows=1351
nColumns=17
inDegrees=no
endheader
time	/jointset/r_shoulder/r_shoulder_elev/value	/jointset/r_shoulder/r_shoulder_elev/speed	/jointset/r_elbow/r_elbow_flex/value	/jointset/r_elbow/r_elbow_flex/speed	/forceset/TRIlong/activation	/forceset/TRIlong/fiber_length	/forceset/TRIlat/activation	/forceset/TRIlat/fiber_length	/forceset/TRImed/activation	/forceset/TRImed/fiber_length	/forceset/BIClong/activation	/forceset/BIClong/fiber_length	/forceset/BICshort/activation	/forceset/BICshort/fiber_length	/forceset/BRA/activation	/forceset/BRA/fiber_length
0	0	0	0.3490658504	0	0.01	0.1444969897	0.01	0.07837730793	0.01	0.07337894399	0.01	0.1437280109	0.01	0.142959569	0.01	0.08862232607
0.01	0	0	0.3490081657	-0.01147642797	0.01	0.1444962063	0.01	0.07837652927	0.01	0.07337812334	0.01	0.1437285405	0.01	0.1429599472	0.01	0.08862269227
0.02	0	0	0.348839164	-0.02223475602	0.01	0.1444930363	0.01	0.07837332541	0.01	0.07337484587	0.01	0.1437309245	0.01	0.1429619033	0.01	0.0886243476
0.03	0	0	0.3485688942	-0.03172792246	0.01	0.1444874847	0.01	0.07836767535	0.01	0.07336913607	0.01	0.1437353139	0.01	0.1429658435	0.01	0.08862740318
0.04	0	0	0.3482121578	-0.0395324177	0.01	0.144479857	0.01	0.07835988816	0.01	0.07336130922	0.01	0.1437414848	0.01	0.1429716805	0.01	0.08863170585
0.05	0	0	0.3477875136	-0.04531799666	0.01	0.1444705557	0.01	0.07835037528	0.01	0.07335177827	0.01	0.1437491059	0.01	0.14297913	0.01	0.08863702661
0.06	0	0	0.3473163127	-0.04885565479	0.01	0.1444600536	0.01	0.07833962065	0.01	0.07334102742	0.01	0.1437577828	0.01	0.1429878085	0.01	0.08864309164
0.07	0	0	0.3468216478	-0.05002539208	0.01	0.1444488692	0.01	0.07832815609	0.01	0.07332958776	0.01	0.1437670804	0.01	0.1429972759	0.01	0.08864959827
0.08	0	0	0.3463272458	-0.04881973715	0.01	0.1444375425	0.01	0.07831653549	0.01	0.07331801149	0.01	0.1437765459	0.01	0.143007065	0.01	0.08865623012
0.09	0	0	0.3458563486	-0.04534230523	0.01	0.1444266086	0.01	0.07830530842	0.01	0.07330684568	0.01	0.1437857299	0.01	0.143016706	0.01	0.08866267237
0.1	0	0	0.3454306353	-0.03980132136	0.01	0.1444165733	0.01	0.0782949946	0.01	0.07329660685	0.01	0.143794208	0.01	0.143025749	0.01	0.08866862641
0.11	0	0	0.3450692318	-0.03249835265	0.01	0.14440789	0.01	0.07828606013	0.01	0.07328775736	0.01	0.1438015995	0.01	0.1430337847	0.01	0.08867382343
0.12	0	0	0.3447878556	-0.02381274394	0.01	0.1444009392	0.01	0.07827889667	0.01	0.07328068477	0.01	0.1438075837	0.01	0.1430404622	0.01	0.0886780362
0.13	0	0	0.3445981337	-0.01418247618	0.01	0.1443960122	0.01	0.07827380454	0.01	0.0732756851	0.01	0.143811913	0.01	0.1430455025	0.01	0.08868108869
0.14	0	0	0.3445071259	-0.004082365428	0.01	0.1443932991	0.01	0.0782709803	0.01	0.07327295062	0.01	0.1438144224	0.01	0.1430487097	0.01	0.08868286303
0.15	0	0	0.3445170723	0.005998124982	0.01	0.1443928333	0.01	0.0782704653	0.01	0.07327250888	0.01	0.143815011	0.01	0.1430499767	0.01	0.08868328812
0.16	0	0	0.3446252714	0.01555748859	0.01	0.1443942239	0.01	0.07827183917	0.01	0.0732739812	0.01	0.1438133753	0.01	0.1430489079	0.01	0.08868214463
0.17	0	0	0.3448241741	0.02413572595	0.01	0.1443976512	0.01	0.0782752876	0.01	0.07327755253	0.01	0.1438099401	0.01	0.1430456494	0.01	0.0886797332
0.18	0	0	0.345102003	0.03134632511	0.01	0.1444030172	0.01	0.07828072918	0.01	0.07328310442	0.01	0.143804948	0.01	0.1430407052	0.01	0.08867622745
0.19	0	0	0.3454435462	0.03688651977	0.01	0.1444100324	0.01	0.07828787356	0.01	0.07329033237	0.01	0.1437986751	0.01	0.1430343746	0.01	0.08867182268
0.2	0	0	0.3458310074	0.04054097701	0.01	0.1444183199	0.01	0.07829633559	0.01	0.07329884654	0.01	0.1437914501	0.01	0.1430269933	0.01	0.08866675101
0.21	0	0	0.3462449063	0.04218757607	0.01	0.1444274504	0.01	0.07830567532	0.01	0.07330820589	0.01	0.1437836375	0.01	0.1430189364	0.01	0.08866126952
0.22	0	0	0.3466650274	0.04180074031	0.01	0.1444369673	0.01	0.07831542427	0.01	0.07331794268	0.01	0.1437756207	0.01	0.1430106009	0.01	0.08865564769
0.23	0	0	0.3470713813	0.03945071526	0.01	0.1444464095	0.01	0.0783251093	0.01	0.07332758578	0.01	0.143767783	0.01	0.1430023871	0.01	0.08865015445
0.24	0	0	0.3474451386	0.03529850662	0.01	0.1444553332	0.01	0.07833427512	0.01	0.07333668291	0.01	0.14376049	0.01	0.1429946799	0.01	0.08864504562
0.25	0	0	0.3477694908	0.0295866235	0.01	0.1444633323	0.01	0.07834250509	0.01	0.07334482128	0.01	0.143754073	0.01	0.1429878306	0.01	0.08864055219
0.26	0	0	0.3480304003	0.02262602749	0.01	0.1444700562	0.01	0.07834943936	0.01	0.07335164558	0.01	0.1437488133	0.01	0.1429821415	0.01	0.08863687003
0.27	0	0	0.348217204	0.01477990546	0.01	0.1444752249	0.01	0.07835478977	0.01	0.07335687269	0.01	0.1437449302	0.01	0.1429778519	0.01	0.08863415145
0.28	0	0	0.3483230419	0.006445072479	0.01	0.1444786393	0.01	0.07835835084	0.01	0.07336030262	0.01	0.1437425718	0.01	0.1429751285	0.01	0.0886324991
0.29	0	0	0.3483450935	-0.001968038699	0.01	0.1444801884	0.01	0.07836000665	0.01	0.07336182515	0.01	0.1437418086	0.01	0.1429740586	0.01	0.08863196183
0.3	0	0	0.3482846383	-0.0100514346	0.01	0.1444796285	0.01	0.07835951523	0.01	0.07336118643	0.01	0.143742424	0.01	0.1429744345	0.01	0.08863238738
0.31	0	0	0.3481466754	-0.01747608697	0.01	0.1444769727	0.01	0.07835683216	0.01	0.07335844054	0.01	0.1437444591	0.01	0.142976127	0.01	0.08863380293
0.32	0	0	0.3479393587	-0.02392291339	0.01	0.1444726631	0.01	0.07835244235	0.01	0.07335401111	0.01	0.1437478844	0.01	0.1429792417	0.01	0.08863619091
0.33	0	0	0.3476738942	-0.02910951819	0.01	0.1444669493	0.01	0.07834660632	0.01	0.07334815053	0.01	0.1437525158	0.01	0.1429836587	0.01	0.08863942422
0.34	0	0	0.3473639815	-0.03281920133	0.01	0.1444601302	0.01	0.0783396301	0.01	0.07334116519	0.01	0.1437581078	0.01	0.1429891542	0.01	0.08864333224
0.35	0	0	0.3470251171	-0.03490882543	0.01	0.14445255	0.01	0.07833186615	0.01	0.07333340755	0.01	0.143764374	0.01	0.1429954463	0.01	0.08864771575
0.36	0	0	0.3466738342	-0.03531373053	0.01	0.1444445812	0.01	0.07832369635	0.01	0.07332525881	0.01	0.1437710032	0.01	0.1430022191	0.01	0.0886523576
0.37	0	0	0.3463269098	-0.03404925681	0.01	0.1444366066	0.01	0.07831551353	0.01	0.07331711048	0.01	0.1437776748	0.01	0.1430091413	0.01	0.08865703348
0.38	0	0	0.3460005753	-0.03120864591	0.01	0.1444290013	0.01	0.07830770285	0.01	0.07330934582	0.01	0.1437840739	0.01	0.143015883	0.01	0.08866152261
0.39	0	0	0.3457097655	-0.02695738428	0.01	0.1444221154	0.01	0.07830062393	0.01	0.07330232206	0.01	0.1437899064	0.01	0.1430221316	0.01	0.08866561802
0.4	0	0	0.3454674409	-0.02152424639	0.01	0.1444162577	0.01	0.07829459448	0.01	0.07329635416	0.01	0.1437949114	0.01	0.1430276055	0.01	0.08866913591
0.41	0	0	0.3452840143	-0.01518946102	0.01	0.1444116823	0.01	0.07828987625	0.01	0.07329170089	0.01	0.1437988733	0.01	0.1430320667	0.01	0.08867192368
0.42	0	0	0.3451669068	-0.008270570131	0.01	0.144408578	0.01	0.07828666379	0.01	0.07328855374	0.01	0.1438016297	0.01	0.14303533	0.01	0.08867386632
0.43	0	0	0.3451202544	-0.001106671887	0.01	0.1444070599	0.01	0.07828507671	0.01	0.07328702926	0.01	0.1438030782	0.01	0.1430372706	0.01	0.08867489094
0.44	0	0	0.3451447692	0.005954937936	0.01	0.1444070714	0.01	0.07828506183	0.01	0.073287065	0.01	0.1438031105	0.01	0.143037823	0.01	0.08867492154
0.45	0	0	0.3452376617	0.01256293737	0.01	0.1444084004	0.01	0.07828638307	0.01	0.07328846318	0.01	0.1438016181	0.01	0.1430366206	0.01	0.08867387683
0.46	0	0	0.3453928046	0.01840390884	0.01	0.1444111698	0.01	0.07828917476	0.01	0.07329134128	0.01	0.1437989025	0.01	0.1430340032	0.01	0.088671972
0.47	0	0	0.3456012093	0.02321859668	0.01	0.1444152631	0.01	0.07829332872	0.01	0.07329556981	0.01	0.1437951315	0.01	0.1430302473	0.01	0.088669326
0.48	0	0	0.345851603	0.02680787346	0.01	0.144420458	0.01	0.07829862084	0.01	0.07330091679	0.01	0.1437905111	0.01	0.1430255685	0.01	0.08866608401
0.49	0	0	0.3461310419	0.02903601355	0.01	0.1444264784	0.01	0.07830476916	0.01	0.07330709751	0.01	0.1437852815	0.01	0.1430202124	0.01	0.08866241529
0.5	0	0	0.3464255635	0.02983447138	0.01	0.1444330158	0.01	0.07831145764	0.01	0.07331379529	0.01	0.1437797053	0.01	0.1430144496	0.01	0.08865850453
0.51	0	0	0.3467208654	0.02920337673	0.01	0.1444397461	0.01	0.078318354	0.01	0.0733206784	0.01	0.1437740546	0.01	0.1430085624	0.01	0.08865454282
0.52	0	0	0.347002993	0.0272116411	0.01	0.1444463458	0.01	0.07832512629	0.01	0.07332741639	0.01	0.143768598	0.01	0.1430028321	0.01	0.08865071843
0.53	0	0	0.3472590363	0.02399869599	0.01	0.1444525076	0.01	0.07833145919	0.01	0.07333369627	0.01	0.1437635873	0.01	0.1429975244	0.01	0.08864720758
0.54	0	0	0.3474778021	0.01976787596	0.01	0.1444579564	0.01	0.07833706993	0.01	0.07333923833	0.01	0.1437592445	0.01	0.1429928761	0.01	0.0886441653
0.55	0	0	0.3476503968	0.01477517012	0.01	0.1444624629	0.01	0.07834172253	0.01	0.07334381026	0.01	0.14375575	0.01	0.1429890827	0.01	0.0886417174
0.56	0	0	0.3477706847	0.009315600925	0.01	0.144465855	0.01	0.0783452394	0.01	0.07334723868	0.01	0.1437532332	0.01	0.142986288	0.01	0.08863995401
0.57	0	0	0.3478356019	0.003707937406	0.01	0.1444680267	0.01	0.07834750997	0.01	0.07334941753	0.01	0.1437517661	0.01	0.1429845768	0.01	0.08863892501
0.58	0	0	0.3478453121	-0.001721454775	0.01	0.1444689426	0.01	0.07834849573	0.01	0.07335031303	0.01	0.1437513564	0.01	0.1429839705	0.01	0.08863863605
0.59	0	0	0.3478032207	-0.00665255737	0.01	0.1444684761	0.01	0.07834807044	0.01	0.07334979382	0.01	0.1437518116	0.01	0.1429842696	0.01	0.08863895128
0.6	0	0	0.347715652	-0.01082290092	0.01	0.1444667607	0.01	0.07834633446	0.01	0.07334802234	0.01	0.1437531323	0.01	0.1429853822	0.01	0.0886398709
0.61	0	0	0.3475914667	-0.01397951686	0.01	0.1444641426	0.01	0.07834366531	0.01	0.07334533339	0.01	0.1437552225	0.01	0.1429873033	0.01	0.08864132951
0.62	0	0	0.3474418965	-0.0159061232	0.01	0.1444608699	0.01	0.07834031946	0.01	0.07334197956	0.01	0.1437578896	0.01	0.1429898787	0.01	0.08864319305
0.63	0	0	0.34728006	-0.01644137652	0.01	0.1444572314	0.01	0.07833659259	0.01	0.07333825667	0.01	0.1437608963	0.01	0.1429928833	0.01	0.08864529599
0.64	0	0	0.3471203818	-0.01548500985	0.01	0.1444535493	0.01	0.07833281468	0.01	0.07333449448	0.01	0.1437639761	0.01	0.1429960511	0.01	0.08864745189
0.65	0	0	0.346977964	-0.01300140492	0.01	0.1444501652	0.01	0.07832933584	0.01	0.07333104228	0.01	0.143766845	0.01	0.1429990928	0.01	0.08864946206
0.66	0	0	0.3468679361	-0.009020273666	0.01	0.144447425	0.01	0.07832651108	0.01	0.0733282538	0.01	0.1437692144	0.01	0.1430017101	0.01	0.08865112427
0.67	0	0	0.346804813	-0.003634333381	0.01	0.1444456648	0.01	0.07832468528	0.01	0.07332647212	0.01	0.1437708034	0.01	0.1430036088	0.01	0.08865224147
0.68	0	0	0.3468018912	0.003005714331	0.01	0.1444451853	0.01	0.07832416929	0.01	0.07332600239	0.01	0.1437713486	0.01	0.1430045113	0.01	0.08865262893
0.69	0	0	0.3468706573	0.01068564708	0.01	0.1444459826	0.01	0.07832495219	0.01	0.07332684822	0.01	0.143770381	0.01	0.143003947	0.01	0.08865195674
0.7	0	0	0.3470202112	0.01914808472	0.01	0.144448408	0.01	0.07832738335	0.01	0.07332937935	0.01	0.1437678589	0.01	0.1430016006	0.01	0.088650194
0.71	0	0	0.3472569942	0.02811973757	0.01	0.1444527378	0.01	0.07833175951	0.01	0.07333386811	0.01	0.1437636906	0.01	0.142997539	0.01	0.08864727937
0.72	0	0	0.3475847061	0.03732483728	0.01	0.1444591092	0.01	0.07833822821	0.01	0.07334044982	0.01	0.143757793	0.01	0.1429916849	0.01	0.08864315594
0.73	0	0	0.3480043157	0.04649259152	0.01	0.1444675826	0.01	0.07834685471	0.01	0.07334918303	0.01	0.1437501343	0.01	0.1429839976	0.01	0.08863780329
0.74	0	0	0.3485141612	0.05536752339	0.01	0.144478153	0.01	0.07835763595	0.01	0.0733600599	0.01	0.1437407329	0.01	0.1429744878	0.01	0.08863123677
0.75	0	0	0.349110156	0.06372007411	0.01	0.1444907558	0.01	0.07837050655	0.01	0.0733730114	0.01	0.1437296539	0.01	0.1429632157	0.01	0.08862350494
0.76	0	0	0.3497860956	0.07135604203	0.01	0.1445052723	0.01	0.07838534561	0.01	0.07338791395	0.01	0.1437170043	0.01	0.1429502859	0.01	0.08861468577
0.77	0	0	0.3505340503	0.07812430483	0.01	0.1445215389	0.01	0.07840198549	0.01	0.07340459813	0.01	0.1437029254	0.01	0.1429358403	0.01	0.08860488149
0.78	0	0	0.351344824	0.08392250148	0.01	0.144539357	0.01	0.07842022243	0.01	0.07342285936	0.01	0.143687585	0.01	0.1429200499	0.01	0.08859421258
0.79	0	0	0.3522084598	0.0887004545	0.01	0.1445585046	0.01	0.07843982845	0.01	0.07344246968	0.01	0.1436711682	0.01	0.1429031049	0.01	0.08858281107
0.8	0	0	0.353114767	0.09246120376	0.01	0.1445787483	0.01	0.07846056402	0.01	0.07346319036	0.01	0.1436538671	0.01	0.142885205	0.01	0.08857081348
0.81	0	0	0.354053846	0.09525962058	0.01	0.1445998562	0.01	0.07848219072	0.01	0.07348478444	0.01	0.1436358711	0.01	0.1428665485	0.01	0.08855835377
0.82	0	0	0.3550165885	0.0971986769	0.01	0.1446216091	0.01	0.07850448352	0.01	0.0735070289	0.01	0.1436173572	0.01	0.1428473222	0.01	0.08854555655
0.83	0	0	0.3559951288	0.09842355188	0.01	0.1446438122	0.01	0.07852724194	0.01	0.07352972571	0.01	0.1435984808	0.01	0.1428276924	0.01	0.0885325309
0.84	0	0	0.356983227	0.09911386364	0.01	0.1446663039	0.01	0.07855029977	0.01	0.07355271146	0.01	0.1435793685	0.01	0.1428077959	0.01	0.0885193651
0.85	0	0	0.3579765668	0.09947440793	0.01	0.1446889638	0.01	0.07857353294	0.01	0.07357586501	0.01	0.143560111	0.01	0.1427877334	0.01	0.08850612243
0.86	1.181153026e-21	2.952882566e-19	0.3589729559	0.09972486251	0.01	0.1447117186	0.01	0.0785968651	0.01	0.0735991131	0.01	0.143540759	0.01	0.1427675648	0.01	0.08849283825
0.87	0	0	0.3599724201	0.1000889698	0.01	0.1447345443	0.01	0.07862027102	0.01	0.07362243349	0.01	0.1435213207	0.01	0.1427473059	0.01	0.08847951852
0.88	0	0	0.3609771896	0.1007837358	0.01	0.1447574683	0.01	0.0786437774	0.01	0.07364585571	0.01	0.1435017612	0.01	0.1427269272	0.01	0.08846613967
0.89	0	0	0.3619915802	0.1020091769	0.01	0.1447805667	0.01	0.07866746133	0.01	0.07366945938	0.01	0.1434820039	0.01	0.1427063562	0.01	0.08845264996
0.9	0	0	0.3630217767	0.1039391118	0.01	0.1448039612	0.01	0.07869144646	0.01	0.07369337028	0.01	0.1434619344	0.01	0.1426854796	0.01	0.08843897214
0.91	0	0	0.3640755316	0.1067134282	0.01	0.1448278131	0.01	0.07871589709	0.01	0.07371775429	0.01	0.1434414055	0.01	0.1426641494	0.01	0.08842500724
0.92	0	0	0.3651617964	0.1104321646	0.01	0.1448523154	0.01	0.07874101048	0.01	0.07374280963	0.01	0.1434202438	0.01	0.1426421889	0.01	0.08841063938
0.93	0	0	0.3662903027	0.1151516446	0.01	0.1448776842	0.01	0.07876700769	0.01	0.07376875767	0.01	0.1433982578	0.01	0.1426194014	0.01	0.08839574116
0.94	0	0	0.3674711169	0.1208827791	0.01	0.1449041488	0.01	0.07879412355	0.01	0.07379583282	0.01	0.1433752461	0.01	0.142595578	0.01	0.08838017966
0.95	0	0	0.3687141877	0.1275915447	0.01	0.1449319409	0.01	0.07882259598	0.01	0.07382427194	0.01	0.143351006	0.01	0.1425705075	0.01	0.08836382239
0.96	2.350753695e-21	2.938442119e-19	0.3700289101	0.1352015331	0.01	0.1449612848	0.01	0.07885265538	0.01	0.07385430371	0.01	0.1433253426	0.01	0.1425439849	0.01	0.08834654325
0.97	0	0	0.3714237234	0.1435983749	0.01	0.1449923872	0.01	0.07888451446	0.01	0.07388613863	0.01	0.1432980762	0.01	0.14251582	0.01	0.08832822798
0.98	0	0	0.3729057617	0.1526357702	0.01	0.1450254284	0.01	0.078918359	0.01	0.0739199599	0.01	0.1432690499	0.01	0.1424858451	0.01	0.08830877896
0.99	0	0	0.3744805718	0.1621427961	0.01	0.1450605548	0.01	0.07895434008	0.01	0.07395591578	0.01	0.1432381355	0.01	0.1424539214	0.01	0.08828811919
1	0	0	0.3761519082	0.1719321313	0.01	0.145097873	0.01	0.07899256796	0.01	0.07399411372	0.01	0.1432052382	0.01	0.1424199443	0.01	0.08826619519
1.01	0	0	0.3779216132	0.1818088138	0.01	0.1451374459	0.01	0.07903310813	0.01	0.07403461646	0.01	0.1431702993	0.01	0.1423838465	0.01	0.08824297883
1.02	0	0	0.3797895852	0.1915791446	0.01	0.1451792911	0.01	0.07907597937	0.01	0.07407744033	0.01	0.143133298	0.01	0.1423455999	0.01	0.08821846795
1.03	0	0	0.3817538354	0.2010593556	0.01	0.1452233811	0.01	0.07912115422	0.01	0.07412255578	0.01	0.1430942509	0.01	0.1423052157	0.01	0.08819268573
1.04	3.502064173e-21	1.167354724e-18	0.3838106272	0.2100836783	0.01	0.145269646	0.01	0.07916856146	0.01	0.07416988995	0.01	0.1430532103	0.01	0.1422627424	0.01	0.08816567907
1.05	0	0	0.3859546925	0.218511478	0.01	0.1453179776	0.01	0.07921809072	0.01	0.07421933135	0.01	0.1430102601	0.01	0.1422182627	0.01	0.08813751579
1.06	0	0	0.3881795126	0.2262331572	0.01	0.1453682358	0.01	0.07926959868	0.01	0.07427073603	0.01	0.1429655118	0.01	0.1421718883	0.01	0.08810828098
1.07	0	0	0.3904776509	0.2331745822	0.01	0.1454202558	0.01	0.07932291673	0.01	0.07432393529	0.01	0.1429190977	0.01	0.1421237542	0.01	0.08807807272
1.08	0	0	0.3928411217	0.239299848	0.01	0.1454738567	0.01	0.07937785964	0.01	0.07437874429	0.01	0.1428711643	0.01	0.142074011	0.01	0.08804699716
1.09	0	2.901084217e-19	0.3952617771	0.2446122654	0.01	0.1455288503	0.01	0.07943423474	0.01	0.07443497115	0.01	0.1428218649	0.01	0.1420228177	0.01	0.08801516342
1.1	0	0	0.3977316957	0.2491535341	0.01	0.1455850505	0.01	0.0794918513	0.01	0.07449242629	0.01	0.1427713516	0.01	0.1419703333	0.01	0.08798267841
1.11	2.317437308e-21	2.896796635e-19	0.400243553	0.2530011476	0.01	0.1456422818	0.01	0.07955052948	0.01	0.07455093137	0.01	0.1427197676	0.01	0.1419167089	0.01	0.08794964191
1.12	5.78186091e-22	2.890930455e-19	0.4027909587	0.2562641564	0.01	0.1457003877	0.01	0.07961010874	0.01	0.07461032753	0.01	0.1426672401	0.01	0.14186208	0.01	0.087916142
1.13	0	0	0.4053687434	0.2590774981	0.01	0.1457592375	0.01	0.079670455	0.01	0.07467048253	0.01	0.142613874	0.01	0.1418065598	0.01	0.08788225119
1.14	0	0	0.4079731834	0.2615951715	0.01	0.1458187323	0.01	0.07973146654	0.01	0.07473129654	0.01	0.1425597464	0.01	0.1417502335	0.01	0.08784802335
1.15	0	0	0.4106021533	0.2639825893	0.01	0.1458788091	0.01	0.07979307816	0.01	0.07479270627	0.01	0.1425049027	0.01	0.1416931535	0.01	0.08781349154
1.16	5.751384708e-22	2.875692354e-19	0.4132551989	0.2664084841	0.01	0.1459394426	0.01	0.07985526361	0.01	0.07485468727	0.01	0.1424493539	0.01	0.1416353372	0.01	0.08777866693
1.17	2.299303292e-21	2.874129115e-19	0.4159335299	0.269036766	0.01	0.1460006467	0.01	0.07991803612	0.01	0.0749172544	0.01	0.1423930764	0.01	0.1415767657	0.01	0.08774353874
1.18	0	0	0.4186399321	0.2720187247	0.01	0.146062472	0.01	0.07998144707	0.01	0.07498046043	0.01	0.1423360123	0.01	0.1415173841	0.01	0.08770807524
1.19	-2.292954882e-21	-2.866193602e-19	0.4213786058	0.2754859511	0.01	0.1461250036	0.01	0.08004558281	0.01	0.07504439284	0.01	0.142278072	0.01	0.1414571043	0.01	0.08767222579
1.2	0	0	0.4241549382	0.2795443108	0.01	0.1461883559	0.01	0.08011055997	0.01	0.075109169	0.01	0.1422191384	0.01	0.1413958085	0.01	0.08763592364
1.21	0	0	0.4269752226	0.2842692398	0.01	0.1462526667	0.01	0.08017651932	0.01	0.07517493003	0.01	0.1421590718	0.01	0.1413333547	0.01	0.08759908959
1.22	2.283064983e-21	2.853831229e-19	0.4298463376	0.289702565	0.01	0.1463180902	0.01	0.0802436185	0.01	0.07524183358	0.01	0.1420977166	0.01	0.141269583	0.01	0.08756163612
1.23	0	0	0.4327754035	0.2958509688	0.01	0.146384789	0.01	0.08031202413	0.01	0.07531004583	0.01	0.1420349078	0.01	0.1412043228	0.01	0.08752347185
1.24	1.136998464e-21	5.684992321e-19	0.4357694312	0.3026861354	0.01	0.1464529261	0.01	0.08038190345	0.01	0.07537973325	0.01	0.1419704787	0.01	0.1411374003	0.01	0.08748450617
1.25	0	0	0.4388349814	0.3101465356	0.01	0.1465226569	0.01	0.08045341607	0.01	0.07545105434	0.01	0.1419042681	0.01	0.1410686464	0.01	0.08744465371
1.26	2.042317471e-20	2.269241634e-18	0.4419778486	0.3181407301	0.01	0.1465941214	0.01	0.08052670609	0.01	0.07552415187	0.01	0.1418361275	0.01	0.1409979037	0.01	0.08740383858
1.27	0	0	0.4452027856	0.326552008	0.01	0.1466674372	0.01	0.08060189507	0.01	0.0755991459	0.01	0.1417659274	0.01	0.1409250341	0.01	0.08736199803
1.28	0	0	0.4485132795	0.3352441219	0.01	0.1467426943	0.01	0.0806790761	0.01	0.07567612796	0.01	0.141693563	0.01	0.1408499239	0.01	0.08731908548
1.29	0	0	0.4519113889	0.3440678379	0.01	0.1468199501	0.01	0.08075830934	0.01	0.07575515663	0.01	0.1416189583	0.01	0.1407724891	0.01	0.08727507278
1.3	-6.757559345e-21	-1.126120051e-18	0.4553976502	0.352867993	0.01	0.1468992273	0.01	0.08083961904	0.01	0.07583625474	0.01	0.1415420695	0.01	0.1406926786	0.01	0.08722995151
1.31	-3.371986654e-21	-1.123344342e-18	0.4589710539	0.3614907337	0.01	0.1469805122	0.01	0.08092299249	0.01	0.07591940829	0.01	0.1414628861	0.01	0.140610476	0.01	0.08718373345
1.32	0	0	0.4626290939	0.3697906082	0.01	0.1470637556	0.01	0.08100838055	0.01	0.07600456711	0.01	0.1413814313	0.01	0.1405259	0.01	0.08713644999
1.33	1.567725596e-20	2.239607995e-18	0.4663678847	0.3776371943	0.01	0.1471488753	0.01	0.08109569997	0.01	0.07609164722	0.01	0.1412977604	0.01	0.1404390031	0.01	0.08708815074
1.34	-4.471008247e-21	-5.588760309e-19	0.4701823413	0.3849209663	0.01	0.1472357597	0.01	0.08118483737	0.01	0.07618053476	0.01	0.1412119576	0.01	0.1403498686	0.01	0.0870389012
1.35	-2.228964468e-21	-5.572411169e-19	0.4740664122	0.3915581384	0.01	0.1473242728	0.01	0.08127565441	0.01	0.0762710913	0.01	0.1411241319	0.01	0.1402586062	0.01	0.08698877987
1.36	0	0	0.4780133556	0.3974942685	0.01	0.1474142608	0.01	0.08136799423	0.01	0.07636316012	0.01	0.1410344116	0.01	0.1401653467	0.01	0.08693787467
1.37	0	0	0.4820160432	0.4027064594	0.01	0.1475055591	0.01	0.08146168852	0.01	0.07645657341	0.01	0.1409429378	0.01	0.1400702354	0.01	0.08688627898
1.38	1.107452006e-20	2.214904011e-18	0.4860672801	0.4072040599	0.01	0.1475979993	0.01	0.08155656515	0.01	0.07655115975	0.01	0.1408498578	0.01	0.139973425	0.01	0.08683408761
1.39	0	0	0.4901601226	0.4110278378	0.01	0.147691417	0.01	0.08165245576	0.01	0.07664675171	0.01	0.1407553175	0.01	0.139875068	0.01	0.08678139258
1.4	2.20438824e-21	5.510970601e-19	0.4942881812	0.4142476655	0.01	0.1477856588	0.01	0.08174920306	0.01	0.07674319312	0.01	0.1406594543	0.01	0.1397753095	0.01	0.08672827922
1.41	5.501834179e-21	1.099908154e-18	0.498445893	0.416958837	0.01	0.1478805889	0.01	0.08184666752	0.01	0.07684034568	0.01	0.1405623908	0.01	0.1396742797	0.01	0.0866748226
1.42	0	0	0.5026287517	0.4192771942	0.01	0.1479760945	0.01	0.0819447331	0.01	0.07693809463	0.01	0.140464228	0.01	0.1395720876	0.01	0.08662108453
1.43	5.467445092e-21	2.188266522e-18	0.5068334841	0.4213333065	0.01	0.1480720905	0.01	0.08204331171	0.01	0.07703635321	0.01	0.1403650412	0.01	0.139468816	0.01	0.08656711119
1.44	6.550027682e-21	2.183342561e-18	0.5110581644	0.4232659896	0.01	0.1481685221	0.01	0.08214234634	0.01	0.0771350657	0.01	0.1402648756	0.01	0.1393645171	0.01	0.08651293156
1.45	-4.358355837e-21	-1.089327981e-18	0.515302263	0.4252154855	0.01	0.1482653666	0.01	0.08224181262	0.01	0.07723420889	0.01	0.1401637445	0.01	0.1392592098	0.01	0.08645855675
1.46	-2.171849082e-21	-2.171849082e-18	0.5195666258	0.4273166392	0.01	0.148362633	0.01	0.08234171877	0.01	0.07733379207	0.01	0.1400616281	0.01	0.1391528791	0.01	0.08640398012
1.47	0	0	0.5238533881	0.4296924066	0.01	0.1484603606	0.01	0.08244210399	0.01	0.07743385529	0.01	0.1399584752	0.01	0.1390454767	0.01	0.08634917831
1.48	1.189792039e-20	2.703855552e-18	0.5281658263	0.4324480098	0.01	0.1485586159	0.01	0.0825430354	0.01	0.07753446633	0.01	0.139854205	0.01	0.138936923	0.01	0.08629411305
1.49	3.237921382e-21	5.396535637e-19	0.5325081552	0.4356660173	0.01	0.148657488	0.01	0.0826446036	0.01	0.0776357162	0.01	0.1397487112	0.01	0.1388271115	0.01	0.08623873366
1.5	-2.15459885e-20	-2.155407602e-18	0.536885283	0.4394025783	0.01	0.1487570835	0.01	0.08274691719	0.01	0.07773771366	0.01	0.1396418674	0.01	0.1387159136	0.01	0.08618298013
1.51	-4.291896496e-21	-3.217969022e-18	0.5413025343	0.4436849796	0.01	0.14885752	0.01	0.08285009645	0.01	0.07784057887	0.01	0.1395335329	0.01	0.1386031848	0.01	0.08612678662
1.52	0	0	0.5457653567	0.4485106228	0.01	0.1489589194	0.01	0.0829542665	0.01	0.0779444366	0.01	0.13942356	0.01	0.1384887721	0.01	0.08607008513
1.53	0	0	0.5502790234	0.4538474519	0.01	0.1490614013	0.01	0.08305955023	0.01	0.07804940918	0.01	0.1393118007	0.01	0.138372521	0.01	0.08601280937
1.54	1.91969197e-20	2.132991078e-18	0.5548483481	0.4596357876	0.01	0.1491650761	0.01	0.08316606153	0.01	0.07815560973	0.01	0.1391981141	0.01	0.1382542835	0.01	0.08595489834
1.55	1.275458864e-20	2.125669956e-18	0.5594774244	0.4657914604	0.01	0.1492700386	0.01	0.08327389883	0.01	0.07826313579	0.01	0.1390823735	0.01	0.1381339249	0.01	0.08589629973
1.56	-9.538084578e-21	-1.589969201e-18	0.5641694022	0.4722100745	0.01	0.1493763631	0.01	0.0833831396	0.01	0.07837206386	0.01	0.1389644722	0.01	0.1380113306	0.01	0.0858369728
1.57	0	0	0.568926316	0.4787767587	0.01	0.1494840988	0.01	0.08349383582	0.01	0.07848244494	0.01	0.1388443292	0.01	0.1378864118	0.01	0.08577665269
1.58	0	0	0.5737493883	0.4854583693	0.01	0.1495932727	0.01	0.08360601643	0.01	0.07859430729	0.01	0.138721886	0.01	0.1377591042	0.01	0.08571464662
1.59	-2.101176443e-21	-5.252941108e-19	0.5786394648	0.4921733671	0.01	0.1497039029	0.01	0.08371970082	0.01	0.07870766994	0.01	0.1385970926	0.01	0.1376293541	0.01	0.08565179776
1.6	-1.257393227e-20	-2.619543974e-18	0.5835961795	0.4987817009	0.01	0.1498159838	0.01	0.08383488486	0.01	0.07882252801	0.01	0.138469925	0.01	0.1374971319	0.01	0.08558815647
1.61	7.309228375e-21	2.610394826e-18	0.5886177684	0.5051446722	0.01	0.1499294777	0.01	0.08395153199	0.01	0.07893884412	0.01	0.1383403949	0.01	0.1373624438	0.01	0.0855237443
1.62	2.919133314e-20	4.169484271e-18	0.5937011268	0.5111329187	0.01	0.1500443162	0.01	0.08406957358	0.01	0.07905654904	0.01	0.1382085499	0.01	0.1372253337	0.01	0.08545859966
1.63	2.084142883e-21	6.233256835e-22	0.598841933	0.5166324783	0.01	0.1501604018	0.01	0.08418891159	0.01	0.0791755443	0.01	0.1380744713	0.01	0.1370858809	0.01	0.08539277679
1.64	6.20923902e-21	2.586709115e-18	0.6040348297	0.5215500581	0.01	0.150277613	0.01	0.08430942258	0.01	0.07929570626	0.01	0.1379382711	0.01	0.1369441973	0.01	0.08532634353
1.65	-1.446166408e-20	-2.581328692e-18	0.609273651	0.5258172809	0.01	0.1503958085	0.01	0.0844309629	0.01	0.0794168913	0.01	0.1378000866	0.01	0.136800422	0.01	0.08525937847
1.66	-1.441717608e-20	-2.059596583e-18	0.6145516879	0.5293937148	0.01	0.1505148338	0.01	0.08455337483	0.01	0.07953894196	0.01	0.1376600744	0.01	0.1366547153	0.01	0.08519196753
1.67	-1.029487926e-21	1.536225214e-18	0.6198619752	0.532268545	0.01	0.1506345275	0.01	0.08467649325	0.01	0.07966169357	0.01	0.1375184035	0.01	0.1365072515	0.01	0.08512420034
1.68	0	0	0.62519759	0.5344608139	0.01	0.1507547282	0.01	0.08480015263	0.01	0.07978498123	0.01	0.1373752473	0.01	0.1363582108	0.01	0.08505616642
1.69	6.11344503e-21	2.546787122e-18	0.6305519436	0.5360182203	0.01	0.1508752812	0.01	0.08492419392	0.01	0.07990864668	0.01	0.137230776	0.01	0.1362077714	0.01	0.08498795139
1.7	-1.016338929e-20	-2.032677858e-18	0.6359190556	0.5370145428	0.01	0.1509960448	0.01	0.08504847103	0.01	0.08003254472	0.01	0.1370851489	0.01	0.1360561012	0.01	0.0849196335
1.71	0	0	0.6412937954	0.537545815	0.01	0.1511168959	0.01	0.0851728566	0.01	0.08015654897	0.01	0.1369385069	0.01	0.1359033504	0.01	0.08485128046
1.72	0	0	0.6466720806	0.5377254482	0.01	0.1512377347	0.01	0.08529724679	0.01	0.08028055661	0.01	0.1367909668	0.01	0.1357496447	0.01	0.0847829469
1.73	0	0	0.6520510219	0.5376785429	0.01	0.151358488	0.01	0.08542156486	0.01	0.0804044919	0.01	0.1366426158	0.01	0.13559508	0.01	0.08471467238
1.74	0	0	0.6574290093	0.5375356776	0.01	0.1514791113	0.01	0.08554576341	0.01	0.0805283084	0.01	0.136493508	0.01	0.1354397182	0.01	0.08464648032
1.75	0	0	0.6628057342	0.5374264835	0.01	0.1515995898	0.01	0.08566982514	0.01	0.0806519897	0.01	0.1363436627	0.01	0.1352835854	0.01	0.08457837752
1.76	0	0	0.6681821483	0.5374733267	0.01	0.151719937	0.01	0.08579376218	0.01	0.08077554868	0.01	0.1361930639	0.01	0.1351266706	0.01	0.08451035469
1.77	0	0	0.6735603613	0.5377854099	0.01	0.1518401933	0.01	0.08591761396	0.01	0.0808990254	0.01	0.1360416621	0.01	0.1349689278	0.01	0.08444238758
1.78	0	0	0.6789434833	0.5384535823	0.01	0.1519604218	0.01	0.08604144383	0.01	0.08102248366	0.01	0.1358893772	0.01	0.1348102788	0.01	0.08437443896
1.79	0	0	0.6843354195	0.5395461057	0.01	0.1520807044	0.01	0.08616533456	0.01	0.08114600644	0.01	0.1357361038	0.01	0.1346506177	0.01	0.08430646111
1.8	0	0	0.6897406289	0.5411055766	0.01	0.1522011363	0.01	0.08628938288	0.01	0.08126969056	0.01	0.1355817166	0.01	0.1344898174	0.01	0.08423839881
1.81	0	0	0.6951638588	0.543147138	0.01	0.1523218198	0.01	0.08641369349	0.01	0.08139364055	0.01	0.1354260778	0.01	0.1343277361	0.01	0.0841701927
1.82	0	0	0.7006098678	0.5456580526	0.01	0.1524428583	0.01	0.08653837271	0.01	0.0815179624	0.01	0.1352690446	0.01	0.1341642259	0.01	0.0841017827
1.83	0	0	0.7060831513	0.5485986378	0.01	0.1525643503	0.01	0.08666352213	0.01	0.08164275721	0.01	0.1351104771	0.01	0.1339991404	0.01	0.08403311152
1.84	0	0	0.7115876838	0.551904497	0.01	0.1526863832	0.01	0.08678923256	0.01	0.08176811516	0.01	0.134950246	0.01	0.133832343	0.01	0.0839641279
1.85	0	0	0.7171266882	0.5554899204	0.01	0.152809028	0.01	0.08691557858	0.01	0.08189411012	0.01	0.13478824	0.01	0.1336637146	0.01	0.08389478961
1.86	-1.929995917e-21	-9.649979587e-19	0.7227024451	0.5592522732	0.01	0.1529323355	0.01	0.08704261398	0.01	0.0820207951	0.01	0.134624372	0.01	0.1334931604	0.01	0.08382506583
1.87	2.119229925e-20	2.89060156e-18	0.7283161489	0.5630771485	0.01	0.1530563322	0.01	0.0871703682	0.01	0.08214819878	0.01	0.1344585846	0.01	0.1333206155	0.01	0.08375493912
1.88	-3.649026317e-20	-5.760461344e-18	0.733967819	0.5668440249	0.01	0.1531810188	0.01	0.08729884411	0.01	0.08227632328	0.01	0.1342908534	0.01	0.1331460491	0.01	0.08368440655
1.89	8.820903693e-24	-3.819738351e-18	0.7396562679	0.5704321552	0.01	0.1533063689	0.01	0.08742801703	0.01	0.08240514325	0.01	0.1341211901	0.01	0.1329694672	0.01	0.08361348022
1.9	-2.671170389e-20	-3.815957698e-18	0.7453791285	0.5737263989	0.01	0.1534323301	0.01	0.08755783517	0.01	0.08253460638	0.01	0.1339496419	0.01	0.1327909134	0.01	0.08354218699
1.91	-1.908608075e-21	-6.301669785e-22	0.7511329375	0.5766227218	0.01	0.1535588253	0.01	0.0876882214	0.01	0.08266463509	0.01	0.1337762913	0.01	0.1326104677	0.01	0.08347056753
1.92	1.515419752e-20	2.841490716e-18	0.7569132716	0.5790331037	0.01	0.153685756	0.01	0.08781907617	0.01	0.0827951296	0.01	0.1336012527	0.01	0.1324282441	0.01	0.0833986747
1.93	-2.837587184e-20	1.875269202e-18	0.7627149278	0.5808896214	0.01	0.1538130061	0.01	0.08795028161	0.01	0.08292597193	0.01	0.1334246679	0.01	0.1322443863	0.01	0.08332657133
1.94	7.5337528e-21	9.417191e-19	0.768532141	0.5821488188	0.01	0.1539404468	0.01	0.08808170632	0.01	0.08305703075	0.01	0.133246701	0.01	0.132058655	0.01	0.0832543276
1.95	-2.627683092e-20	-2.817021465e-18	0.7743592835	0.582923891	0.01	0.1540679483	0.01	0.08821321634	0.01	0.0831881726	0.01	0.1330675236	0.01	0.1318653818	0.01	0.08318201479
1.96	1.680761305e-20	4.670575025e-18	0.7801926209	0.5834031976	0.01	0.1541954176	0.01	0.08834471239	0.01	0.08331929964	0.01	0.1328872653	0.01	0.1316689163	0.01	0.08310968414
1.97	7.459060664e-21	2.463864265e-21	0.7860295293	0.5836586446	0.01	0.1543227918	0.01	0.08847612762	0.01	0.08345034585	0.01	0.1327060137	0.01	0.1314711396	0.01	0.08303727933
1.98	-4.646655168e-20	-4.649592484e-18	0.7918683528	0.5837917292	0.01	0.1544500281	0.01	0.0886074161	0.01	0.08358126602	0.01	0.1325238301	0.01	0.1312723268	0.01	0.08296435652
1.99	-3.700120519e-21	-9.250301297e-19	0.7977079665	0.5838185683	0.01	0.1545770989	0.01	0.08873854839	0.01	0.08371203109	0.01	0.132340754	0.01	0.1310725483	0.01	0.08289083004
2	-3.324645336e-20	-3.694050374e-18	0.803547371	0.5837517551	0.01	0.1547039799	0.01	0.08886949917	0.01	0.08384261587	0.01	0.1321568197	0.01	0.1308718459	0.01	0.08281671299
2.01	-2.206779636e-20	-6.431743912e-18	0.8093856911	0.5836036171	0.01	0.1548306497	0.01	0.08900024609	0.01	0.08397299815	0.01	0.1319720586	0.01	0.1306702555	0.01	0.08274201852
2.02	2.382444038e-20	5.49661903e-18	0.815222171	0.5833856363	0.01	0.1549570897	0.01	0.08913076963	0.01	0.08410315852	0.01	0.1317864983	0.01	0.1304678087	0.01	0.08266675861
2.03	-3.652153198e-21	-9.130382995e-19	0.8210561626	0.5831079089	0.01	0.1550832838	0.01	0.08926105287	0.01	0.08423308014	0.01	0.1316001636	0.01	0.1302645337	0.01	0.08259094412
2.04	3.659171038e-21	-9.077467383e-19	0.8268871095	0.5827786766	0.01	0.155209218	0.01	0.08939108114	0.01	0.08436274844	0.01	0.1314130766	0.01	0.1300604558	0.01	0.08251458496
2.05	1.271210905e-20	9.100841835e-19	0.8327145266	0.5824039532	0.01	0.1553348801	0.01	0.08952084159	0.01	0.08449215062	0.01	0.1312252573	0.01	0.1298555976	0.01	0.08243769023
2.06	-3.622783606e-20	-2.720926025e-18	0.8385379764	0.5819872649	0.01	0.155460259	0.01	0.08965032264	0.01	0.08462127515	0.01	0.1310367242	0.01	0.1296499801	0.01	0.08236026856
2.07	-2.34617905e-20	-2.708230479e-18	0.8443570437	0.5815295161	0.01	0.1555853444	0.01	0.08977951345	0.01	0.08475011122	0.01	0.1308474949	0.01	0.1294436234	0.01	0.08228232838
2.08	-2.700451747e-20	-2.700793151e-18	0.8501713087	0.5810289832	0.01	0.1557101259	0.01	0.08990840333	0.01	0.08487864814	0.01	0.1306575874	0.01	0.1292365476	0.01	0.08220387827
2.09	5.740589946e-20	8.069503017e-18	0.8559803223	0.5804814377	0.01	0.1558345928	0.01	0.09003698115	0.01	0.08500687479	0.01	0.1304670206	0.01	0.1290287736	0.01	0.08212492732
2.1	-1.250557309e-20	-3.571183628e-18	0.8617835812	0.579880388	0.01	0.1559587335	0.01	0.09016523485	0.01	0.08513477908	0.01	0.1302758149	0.01	0.1288203243	0.01	0.08204548546
2.11	1.330054223e-23	-8.890509861e-19	0.867580508	0.5792174289	0.01	0.1560825347	0.01	0.09029315091	0.01	0.08526234747	0.01	0.1300839935	0.01	0.128611225	0.01	0.08196556379
2.12	2.485296829e-20	5.325557827e-18	0.8733704336	0.5784826782	0.01	0.1562059814	0.01	0.09042071403	0.01	0.08538956463	0.01	0.1298915826	0.01	0.1284015047	0.01	0.08188517485
2.13	2.305075919e-20	-8.765463348e-19	0.879152585	0.5776652791	0.01	0.1563290568	0.01	0.0905479068	0.01	0.08551641312	0.01	0.1296986121	0.01	0.128191196	0.01	0.08180433288
2.14	4.413279289e-20	7.060751804e-18	0.8849260787	0.5767539429	0.01	0.1564517415	0.01	0.09067470956	0.01	0.08564287325	0.01	0.1295051158	0.01	0.1279803362	0.01	0.08172305393
2.15	2.46432639e-20	3.520466271e-18	0.8906899187	0.5757375048	0.01	0.1565740141	0.01	0.09080110037	0.01	0.08576892305	0.01	0.1293111319	0.01	0.1277689669	0.01	0.08164135598
2.16	-1.580017388e-20	-1.755983286e-18	0.8964430009	0.5746054655	0.01	0.1566958511	0.01	0.09092705503	0.01	0.08589453832	0.01	0.1291167025	0.01	0.1275571345	0.01	0.08155925895
2.17	1.049703596e-20	1.74915821e-18	0.9021841218	0.5733484935	0.01	0.1568172268	0.01	0.09105254735	0.01	0.08601969283	0.01	0.128921874	0.01	0.1273448898	0.01	0.08147678463
2.18	2.094000121e-20	6.178514745e-21	0.9079119928	0.5719588637	0.01	0.1569381142	0.01	0.09117754937	0.01	0.08614435864	0.01	0.128726696	0.01	0.1271322876	0.01	0.0813939565
2.19	1.219231605e-20	8.714644017e-19	0.9136252578	0.5704308119	0.01	0.1570584847	0.01	0.09130203178	0.01	0.08626850647	0.01	0.1285312217	0.01	0.1269193861	0.01	0.08131079958
2.2	1.040863955e-20	8.68393699e-19	0.9193225144	0.5687607901	0.01	0.1571783091	0.01	0.0914259644	0.01	0.08639210614	0.01	0.1283355065	0.01	0.1267062466	0.01	0.08122734009
2.21	1.209030632e-20	4.317895638e-18	0.9250023364	0.5669476115	0.01	0.1572975577	0.01	0.09154931659	0.01	0.08651512707	0.01	0.1281396077	0.01	0.126492932	0.01	0.08114360519
2.22	8.612062834e-21	1.723301368e-18	0.9306632977	0.5649924801	0.01	0.1574162013	0.01	0.09167205786	0.01	0.08663753883	0.01	0.1279435834	0.01	0.1262795068	0.01	0.08105962259
2.23	-1.725699151e-21	8.575094289e-19	0.9363039962	0.5628989055	0.01	0.1575342109	0.01	0.09179415833	0.01	0.08675931159	0.01	0.127747492	0.01	0.1260660352	0.01	0.08097542022
2.24	5.133590698e-21	2.568232705e-18	0.9419230751	0.5606725081	0.01	0.1576515589	0.01	0.0919155892	0.01	0.08688041664	0.01	0.1275513913	0.01	0.1258525813	0.01	0.08089102584
2.25	-1.709588937e-20	-3.417663855e-18	0.9475192434	0.5583207282	0.01	0.1577682194	0.01	0.09203632322	0.01	0.08700082681	0.01	0.1273553375	0.01	0.1256392072	0.01	0.08080646675
2.26	-1.533296048e-20	-3.407792378e-18	0.9530912916	0.5558524519	0.01	0.1578841679	0.01	0.09215633503	0.01	0.08712051682	0.01	0.127159385	0.01	0.1254259731	0.01	0.08072176947
2.27	2.043637264e-20	-8.430658995e-19	0.9586381042	0.5532775765	0.01	0.1579993826	0.01	0.09227560143	0.01	0.08723946357	0.01	0.1269635854	0.01	0.1252129362	0.01	0.08063695949
2.28	-1.861368926e-20	-9.314594954e-18	0.9641586673	0.5506065343	0.01	0.1581138435	0.01	0.09239410154	0.01	0.08735764625	0.01	0.1267679875	0.01	0.1250001504	0.01	0.08055206107
2.29	5.075268847e-21	-1.686847055e-18	0.9696520719	0.5478498025	0.01	0.1582275333	0.01	0.09251181691	0.01	0.08747504651	0.01	0.1265726368	0.01	0.1247876663	0.01	0.0804670972
2.3	-2.02688248e-20	-8.471887456e-19	0.9751175114	0.5450174191	0.01	0.1583404369	0.01	0.09262873145	0.01	0.08759164833	0.01	0.1263775754	0.01	0.1245755306	0.01	0.08038208946
2.31	1.513046654e-20	4.202474219e-18	0.9805542752	0.542118532	0.01	0.1584525413	0.01	0.09274483132	0.01	0.08770743794	0.01	0.1261828426	0.01	0.1243637865	0.01	0.08029705814
2.32	-8.41604999e-21	-2.154673924e-21	0.9859617376	0.5391609999	0.01	0.1585638354	0.01	0.0928601047	0.01	0.08782240356	0.01	0.1259884744	0.01	0.124152474	0.01	0.08021202233
2.33	1.17327994e-20	-1.667978176e-18	0.9913393435	0.536151065	0.01	0.1586743099	0.01	0.09297454146	0.01	0.08793653513	0.01	0.1257945045	0.01	0.1239416303	0.01	0.08012700006
2.34	-4.673947248e-20	-8.345504095e-18	0.996686591	0.5330931105	0.01	0.1587839566	0.01	0.09308813286	0.01	0.08804982391	0.01	0.1256009645	0.01	0.1237312903	0.01	0.08004200858
2.35	1.330880826e-20	2.497292059e-18	1.002003012	0.5299895147	0.01	0.1588927682	0.01	0.09320087106	0.01	0.0881622621	0.01	0.1254078848	0.01	0.1235214873	0.01	0.07995706463
2.36	-4.484745952e-20	-9.133510106e-18	1.007288151	0.5268406056	0.01	0.159000738	0.01	0.09331274876	0.01	0.0882738424	0.01	0.1252152949	0.01	0.1233122539	0.01	0.07987218469
2.37	-4.310629751e-20	-6.629112217e-18	1.012541547	0.5236447161	0.01	0.159107859	0.01	0.09342375875	0.01	0.08838455756	0.01	0.1250232246	0.01	0.1231036227	0.01	0.07978738539
2.38	-8.27742486e-21	1.648854193e-18	1.017762713	0.5203983362	0.01	0.159214124	0.01	0.09353389347	0.01	0.08849440004	0.01	0.1248317041	0.01	0.1228956269	0.01	0.07970268373
2.39	2.804288832e-20	4.123931539e-18	1.022951118	0.5170963516	0.01	0.1593195252	0.01	0.09364314468	0.01	0.08860336155	0.01	0.1246407653	0.01	0.1226883014	0.01	0.07961809746
2.4	2.799318439e-20	2.471205955e-18	1.028106173	0.5137323558	0.01	0.1594240536	0.01	0.09375150313	0.01	0.08871143281	0.01	0.124450442	0.01	0.1224816831	0.01	0.07953364525
2.41	-9.863654813e-21	-1.641714225e-18	1.033227222	0.5102990193	0.01	0.159527699	0.01	0.09385895833	0.01	0.08881860329	0.01	0.1242607701	0.01	0.1222758116	0.01	0.079449347
2.42	-3.768610295e-20	-5.733790779e-18	1.038313531	0.5067884968	0.01	0.1596304498	0.01	0.09396549836	0.01	0.08892486102	0.01	0.1240717888	0.01	0.1220707294	0.01	0.0793652239
2.43	-2.126867911e-20	-1.636911385e-18	1.043364289	0.5031928512	0.01	0.159732293	0.01	0.09407110982	0.01	0.08903019257	0.01	0.1238835399	0.01	0.1218664826	0.01	0.07928129859
2.44	6.519769753e-21	1.630118065e-18	1.048378606	0.4995044753	0.01	0.159833214	0.01	0.09417577783	0.01	0.08913458302	0.01	0.1236960685	0.01	0.1216631202	0.01	0.07919759515
2.45	1.622473213e-21	2.438213788e-18	1.05335552	0.4957164887	0.01	0.1599331972	0.01	0.09427948613	0.01	0.08923801607	0.01	0.1235094226	0.01	0.121460695	0.01	0.07911413902
2.46	3.249876604e-20	2.439569976e-18	1.058294006	0.4918230934	0.01	0.1600322254	0.01	0.09438221726	0.01	0.08934047424	0.01	0.1233236527	0.01	0.1212592621	0.01	0.07903095696
2.47	3.241467709e-20	5.671415446e-18	1.063192987	0.487819871	0.01	0.160130281	0.01	0.09448395278	0.01	0.08944193908	0.01	0.1231388119	0.01	0.1210588797	0.01	0.07894807677
2.48	4.369216383e-20	8.164654524e-19	1.06805135	0.4837040078	0.01	0.1602273454	0.01	0.09458467361	0.01	0.08954239148	0.01	0.1229549551	0.01	0.1208596078	0.01	0.07886552714
2.49	3.874835079e-20	5.649697625e-18	1.072867965	0.4794744408	0.01	0.1603233999	0.01	0.0946843603	0.01	0.08964181203	0.01	0.1227721384	0.01	0.1206615075	0.01	0.07878333732
2.5	-3.059553655e-20	-9.658976415e-18	1.077641697	0.4751319164	0.01	0.160418426	0.01	0.09478299347	0.01	0.08974018135	0.01	0.1225904186	0.01	0.1204646409	0.01	0.07870153685
2.51	4.018657195e-20	7.23351757e-18	1.082371429	0.4706789645	0.01	0.1605124054	0.01	0.09488055412	0.01	0.08983748046	0.01	0.1224098523	0.01	0.1202690699	0.01	0.07862015522
2.52	-4.814019115e-20	-7.221209725e-18	1.087056079	0.4661197876	0.01	0.1606053208	0.01	0.09497702399	0.01	0.08993369113	0.01	0.1222304957	0.01	0.1200748555	0.01	0.07853922158
2.53	0	0	1.091694612	0.461460075	0.01	0.1606971558	0.01	0.09507238589	0.01	0.09002879622	0.01	0.1220524032	0.01	0.119882057	0.01	0.07845876439
2.54	0	0	1.096286059	0.4567067521	0.01	0.1607878956	0.01	0.09516662396	0.01	0.09012277993	0.01	0.1218756277	0.01	0.1196907318	0.01	0.07837881124
2.55	0	0	1.100829522	0.4518676774	0.01	0.1608775266	0.01	0.09525972395	0.01	0.09021562803	0.01	0.1217002195	0.01	0.1195009343	0.01	0.07829938853
2.56	0	0	1.105324187	0.4469513043	0.01	0.1609660372	0.01	0.09535167328	0.01	0.09030732802	0.01	0.121526226	0.01	0.1193127158	0.01	0.07822052134
2.57	0	0	1.109769325	0.4419663252	0.01	0.1610534176	0.01	0.09544246123	0.01	0.09039786922	0.01	0.1213536916	0.01	0.1191261243	0.01	0.07814223329
2.58	0	0	1.114164293	0.4369213131	0.01	0.1611396594	0.01	0.09553207889	0.01	0.09048724277	0.01	0.1211826576	0.01	0.1189412041	0.01	0.07806454653
2.59	0	0	1.118508531	0.4318243816	0.01	0.1612247565	0.01	0.09562051913	0.01	0.0905754416	0.01	0.1210131619	0.01	0.1187579957	0.01	0.07798748167
2.6	0	0	1.122801558	0.4266828761	0.01	0.1613087038	0.01	0.0957077765	0.01	0.09066246027	0.01	0.1208452393	0.01	0.1185765367	0.01	0.07791105792
2.61	0	0	1.127042959	0.421503112	0.01	0.1613914981	0.01	0.09579384699	0.01	0.09074829483	0.01	0.120678922	0.01	0.118396861	0.01	0.07783529317
2.62	0	0	1.131232378	0.4162901706	0.01	0.1614731369	0.01	0.0958787279	0.01	0.09083294258	0.01	0.1205142394	0.01	0.1182190001	0.01	0.07776020416
2.63	0	0	1.135369503	0.4110477617	0.01	0.1615536191	0.01	0.09596241749	0.01	0.0909164018	0.01	0.1203512192	0.01	0.1180429831	0.01	0.07768580671
2.64	0	0	1.139454049	0.4057781569	0.01	0.1616329439	0.01	0.09604491474	0.01	0.09099867148	0.01	0.1201898871	0.01	0.1178688375	0.01	0.07761211597
2.65	0	0	1.14348575	0.4004821953	0.01	0.1617111109	0.01	0.09612621905	0.01	0.091079751	0.01	0.1200302681	0.01	0.1176965895	0.01	0.07753914659
2.66	0	0	1.14746434	0.3951593597	0.01	0.1617881199	0.01	0.09620632998	0.01	0.0911596399	0.01	0.1198723866	0.01	0.1175262649	0.01	0.07746691307
2.67	0	0	1.151389541	0.3898079171	0.01	0.1618639704	0.01	0.09628524693	0.01	0.09123833757	0.01	0.119716267	0.01	0.1173578896	0.01	0.07739542992
2.68	0	0	1.155261053	0.3844251149	0.01	0.1619386616	0.01	0.09636296896	0.01	0.09131584302	0.01	0.1195619339	0.01	0.1171914898	0.01	0.07732471191
2.69	0	0	1.159078546	0.3790074232	0.01	0.162012192	0.01	0.09643949457	0.01	0.09139215473	0.01	0.1194094133	0.01	0.1170270929	0.01	0.07725477425
2.7	0	0	1.16284165	0.3735508083	0.01	0.1620845595	0.01	0.09651482157	0.01	0.09146727044	0.01	0.1192587319	0.01	0.1168647276	0.01	0.07718563268
2.71	0	0	1.166549955	0.3680510242	0.01	0.1621557612	0.01	0.09658894699	0.01	0.09154118716	0.01	0.1191099181	0.01	0.1167044239	0.01	0.07711730363
2.72	0	0	1.170203009	0.3625039088	0.01	0.1622257933	0.01	0.09666186702	0.01	0.09161390103	0.01	0.1189630015	0.01	0.1165462137	0.01	0.07704980417
2.73	0	0	1.173800318	0.356905668	0.01	0.1622946514	0.01	0.0967335771	0.01	0.09168540745	0.01	0.1188180134	0.01	0.1163901303	0.01	0.07698315205
2.74	0	0	1.177341357	0.3512531371	0.01	0.1623623304	0.01	0.09680407195	0.01	0.09175570109	0.01	0.1186749865	0.01	0.1162362085	0.01	0.07691736559
2.75	0	0	1.18082557	0.3455440052	0.01	0.1624288246	0.01	0.0968733457	0.01	0.09182477607	0.01	0.1185339544	0.01	0.1160844844	0.01	0.07685246358
2.76	0	0	1.184252385	0.3397769945	0.01	0.1624941278	0.01	0.09694139209	0.01	0.09189262609	0.01	0.1183949516	0.01	0.1159349948	0.01	0.0767884651
2.77	0	0	1.187621224	0.3339519875	0.01	0.162558234	0.01	0.09700820466	0.01	0.09195924467	0.01	0.1182580133	0.01	0.1157877769	0.01	0.07672538932
2.78	0	0	1.190931511	0.3280700955	0.01	0.162621137	0.01	0.09707377694	0.01	0.09202462535	0.01	0.1181231743	0.01	0.1156428678	0.01	0.07666325531
2.79	0	0	1.19418269	0.3221336692	0.01	0.162682831	0.01	0.09713810273	0.01	0.09208876192	0.01	0.1179904692	0.01	0.1155003039	0.01	0.07660208175
2.8	0	0	1.197374233	0.3161462511	0.01	0.1627433106	0.01	0.0972011763	0.01	0.09215164866	0.01	0.1178599314	0.01	0.1153601205	0.01	0.07654188675
2.81	0	0	1.200505655	0.310112475	0.01	0.1628025712	0.01	0.09726299263	0.01	0.09221328055	0.01	0.1177315931	0.01	0.1152223513	0.01	0.07648268759
2.82	0	0	1.203576519	0.3040379174	0.01	0.1628606093	0.01	0.09732354758	0.01	0.09227365349	0.01	0.1176054845	0.01	0.1150870275	0.01	0.07642450053
2.83	0	0	1.206586451	0.2979289108	0.01	0.1629174221	0.01	0.09738283808	0.01	0.09233276442	0.01	0.1174816335	0.01	0.1149541781	0.01	0.0763673406
2.84	0	0	1.209535139	0.2917923286	0.01	0.1629730082	0.01	0.09744086224	0.01	0.09239061149	0.01	0.1173600653	0.01	0.1148238288	0.01	0.07631122151
2.85	0	0	1.212422346	0.2856353528	0.01	0.1630273676	0.01	0.09749761946	0.01	0.09244719413	0.01	0.1172408025	0.01	0.1146960022	0.01	0.07625615548
2.86	0	0	1.215247903	0.279465236	0.01	0.1630805012	0.01	0.09755311045	0.01	0.09250251308	0.01	0.1171238645	0.01	0.1145707178	0.01	0.07620215323
2.87	0	0	1.218011716	0.2732890693	0.01	0.1631324116	0.01	0.09760733724	0.01	0.09255657041	0.01	0.1170092677	0.01	0.1144479914	0.01	0.07614922395
2.88	0	0	1.220713758	0.2671135678	0.01	0.1631831023	0.01	0.09766030315	0.01	0.09260936945	0.01	0.1168970253	0.01	0.1143278357	0.01	0.07609737534
2.89	0	0	1.223354067	0.2609448822	0.01	0.1632325781	0.01	0.09771201266	0.01	0.09266091474	0.01	0.1167871479	0.01	0.1142102599	0.01	0.07604661365
2.9	0	0	1.225932739	0.2547884457	0.01	0.1632808448	0.01	0.09776247137	0.01	0.09271121187	0.01	0.1166796432	0.01	0.1140952707	0.01	0.07599694381
2.91	0	0	1.22844992	0.2486488618	0.01	0.1633279091	0.01	0.09781168577	0.01	0.09276026735	0.01	0.1165745163	0.01	0.1139828718	0.01	0.07594836959
2.92	0	0	1.230905797	0.2425298374	0.01	0.1633737782	0.01	0.09785966315	0.01	0.09280808848	0.01	0.1164717702	0.01	0.1138730646	0.01	0.07590089369
2.93	0	0	1.233300589	0.2364341623	0.01	0.1634184602	0.01	0.09790641136	0.01	0.09285468311	0.01	0.1163714062	0.01	0.1137658489	0.01	0.07585451798
2.94	0	0	1.235634542	0.2303637347	0.01	0.1634619631	0.01	0.0979519387	0.01	0.09290005953	0.01	0.116273424	0.01	0.1136612227	0.01	0.07580924364
2.95	0	0	1.237907912	0.2243196308	0.01	0.1635042955	0.01	0.09799625372	0.01	0.09294422627	0.01	0.1161778222	0.01	0.1135591828	0.01	0.07576507132
2.96	0	0	1.240120965	0.2183022115	0.01	0.1635454657	0.01	0.09803936504	0.01	0.09298719194	0.01	0.1160845987	0.01	0.1134597256	0.01	0.0757220013
2.97	0	0	1.242273899	0.2122745621	0.01	0.1635854858	0.01	0.09808128322	0.01	0.0930289672	0.01	0.1159937511	0.01	0.1133628473	0.01	0.07568003416
2.98	0	0	1.244365695	0.2060613597	0.01	0.163624379	0.01	0.09812203072	0.01	0.09306957486	0.01	0.115905297	0.01	0.1132685718	0.01	0.07563918753
2.99	0	0	1.246394393	0.1996597326	0.01	0.16366212	0.01	0.09816159485	0.01	0.09310900062	0.01	0.1158192986	0.01	0.1131769767	0.01	0.07559950256
3	0	0	1.248358279	0.1931041594	0.01	0.1636986754	0.01	0.09819994346	0.01	0.0931472117	0.01	0.1157358329	0.01	0.1130881479	0.01	0.07556101878
3.01	0	0	1.250256045	0.1864473771	0.01	0.163734019	0.01	0.09823704762	0.01	0.0931841793	0.01	0.1156540649	0.01	0.1130021591	0.01	0.07552376856
3.02	0	0	1.25208748	0.179873581	0.01	0.1637681407	0.01	0.09827289136	0.01	0.09321988808	0.01	0.1155717452	0.01	0.1129190533	0.01	0.0754877675
3.03	0	0	1.253854338	0.1735434938	0.01	0.1638010663	0.01	0.09830749005	0.01	0.09325435482	0.01	0.1154909789	0.01	0.1128388002	0.01	0.07545299433
3.04	0	0	1.255559374	0.1675111348	0.01	0.1638328436	0.01	0.09834088599	0.01	0.09328762288	0.01	0.1154125964	0.01	0.1127613062	0.01	0.07541940296
3.05	0	0	1.257205626	0.1617855953	0.01	0.1638635277	0.01	0.09837313308	0.01	0.09331974664	0.01	0.1153367645	0.01	0.1126864498	0.01	0.07538693891
3.06	0	0	1.258796098	0.1563536388	0.01	0.1638931739	0.01	0.09840428792	0.01	0.09335078276	0.01	0.1152634447	0.01	0.1126141024	0.01	0.07535554666
3.07	0	0	1.260333593	0.1511880244	0.01	0.1639218343	0.01	0.09843440509	0.01	0.09338078567	0.01	0.1151925396	0.01	0.1125441398	0.01	0.07532517368
3.08	0	0	1.261820587	0.1462516175	0.01	0.1639495555	0.01	0.09846353435	0.01	0.09340980483	0.01	0.1151239418	0.01	0.112476449	0.01	0.07529577292
3.09	0	0	1.26325915	0.1415003711	0.01	0.163976377	0.01	0.09849171864	0.01	0.09343788281	0.01	0.1150575521	0.01	0.1124109322	0.01	0.07526730468
3.1	0	0	1.26465089	0.1368860557	0.01	0.1640023297	0.01	0.09851899277	0.01	0.09346505399	0.01	0.1149932871	0.01	0.1123475109	0.01	0.07523973782
3.11	0	0	1.265996925	0.1323589254	0.01	0.1640274358	0.01	0.0985453826	0.01	0.09349134376	0.01	0.1149310826	0.01	0.1122861272	0.01	0.07521305053
3.12	0	0	1.267297881	0.1278702917	0.01	0.1640517083	0.01	0.09857090473	0.01	0.09351676823	0.01	0.1148708954	0.01	0.1122267449	0.01	0.07518723054
3.13	0	0	1.268553915	0.1233749181	0.01	0.1640751514	0.01	0.09859556663	0.01	0.09354133441	0.01	0.1148127035	0.01	0.112169349	0.01	0.0751622748
3.14	0	0	1.269764757	0.1188331405	0.01	0.1640977613	0.01	0.09861936728	0.01	0.09356504086	0.01	0.1147565048	0.01	0.1121139443	0.01	0.07513818879
3.15	0	0	1.270929781	0.1142126291	0.01	0.1641195273	0.01	0.09864229821	0.01	0.09358787874	0.01	0.1147023154	0.01	0.1120605531	0.01	0.07511498531
3.16	0	0	1.272048078	0.1094897259	0.01	0.1641404334	0.01	0.09866434482	0.01	0.09360983315	0.01	0.1146501665	0.01	0.1120092121	0.01	0.075092683
3.17	0	0	1.273118554	0.1046503143	0.01	0.1641604596	0.01	0.098685488	0.01	0.09363088476	0.01	0.1146001011	0.01	0.1119599683	0.01	0.07507130466
3.18	0	0	1.274140021	0.09969020098	0.01	0.1641795839	0.01	0.0987057059	0.01	0.09365101161	0.01	0.1145521697	0.01	0.1119128751	0.01	0.07505087527
3.19	0	0	1.275111301	0.09461501301	0.01	0.1641977842	0.01	0.09872497582	0.01	0.09367019095	0.01	0.1145064263	0.01	0.1118679881	0.01	0.07503142013
3.2	0	0	1.276031317	0.08943963698	0.01	0.1642150398	0.01	0.09874327597	0.01	0.09368840108	0.01	0.114462924	0.01	0.1118253601	0.01	0.0750129629
3.21	0	0	1.276899184	0.08418724642	0.01	0.1642313334	0.01	0.0987605873	0.01	0.09370562307	0.01	0.1144217109	0.01	0.1117850377	0.01	0.07499552382
3.22	0	0	1.277714285	0.0788879821	0.01	0.1642466522	0.01	0.09877689496	0.01	0.0937218423	0.01	0.1143828263	0.01	0.1117470573	0.01	0.07497911813
3.23	0	0	1.27847633	0.0735773635	0.01	0.1642609896	0.01	0.0987921897	0.01	0.09373704981	0.01	0.1143462972	0.01	0.1117114419	0.01	0.07496375478
3.24	0	0	1.279185403	0.06829451977	0.01	0.1642743453	0.01	0.09880646881	0.01	0.09375124324	0.01	0.1143121362	0.01	0.1116781989	0.01	0.0749494354
3.25	0	0	1.279841989	0.06308033332	0.01	0.1642867267	0.01	0.0988197369	0.01	0.09376442755	0.01	0.114280339	0.01	0.1116473182	0.01	0.07493615374
3.26	0	0	1.280446982	0.05797558993	0.01	0.1642981486	0.01	0.09883200618	0.01	0.09377661537	0.01	0.1142508839	0.01	0.1116187718	0.01	0.07492389532
3.27	0	0	1.281001672	0.05301922455	0.01	0.1643086333	0.01	0.09884329654	0.01	0.09378782696	0.01	0.114223731	0.01	0.111592513	0.01	0.07491263759
3.28	0	0	1.281507724	0.04824674353	0.01	0.1643182101	0.01	0.09885363518	0.01	0.09379808991	0.01	0.1141988228	0.01	0.1115684781	0.01	0.07490235035
3.29	0	0	1.281967133	0.04368889138	0.01	0.1643269144	0.01	0.09886305607	0.01	0.09380743851	0.01	0.1141760857	0.01	0.1115465872	0.01	0.07489299647
3.3	0	0	1.282382171	0.03937061476	0.01	0.1643347874	0.01	0.09887159902	0.01	0.09381591289	0.01	0.1141554313	0.01	0.1115267464	0.01	0.07488453292
3.31	0	0	1.282755328	0.03531035907	0.01	0.1643418742	0.01	0.09887930872	0.01	0.09382355794	0.01	0.1141367594	0.01	0.1115088506	0.01	0.07487691194
3.32	0	0	1.283089245	0.03151971446	0.01	0.1643482231	0.01	0.09888623349	0.01	0.09383042215	0.01	0.1141199599	0.01	0.1114927859	0.01	0.07487008234
3.33	0	0	1.28338664	0.02800340977	0.01	0.1643538842	0.01	0.09889242402	0.01	0.09383655632	0.01	0.1141049163	0.01	0.111478433	0.01	0.07486399088
3.34	0	0	1.283650251	0.02475963584	0.01	0.164358908	0.01	0.09889793213	0.01	0.09384201227	0.01	0.1140915085	0.01	0.1114656702	0.01	0.07485858362
3.35	0	0	1.283882762	0.02178066432	0.01	0.1643633446	0.01	0.09890280951	0.01	0.09384684164	0.01	0.1140796157	0.01	0.1114543761	0.01	0.07485380719
3.36	0	0	1.284086758	0.01905371543	0.01	0.1643672422	0.01	0.09890710663	0.01	0.09385109475	0.01	0.1140691191	0.01	0.1114444324	0.01	0.07484960993
3.37	0	0	1.284264675	0.0165620188	0.01	0.1643706465	0.01	0.0989108717	0.01	0.09385481967	0.01	0.1140599045	0.01	0.1114357263	0.01	0.07484594286
3.38	0	0	1.284418766	0.01428600561	0.01	0.1643736001	0.01	0.09891415	0.01	0.09385806142	0.01	0.1140518638	0.01	0.111428152	0.01	0.07484276039
3.39	0	0	1.284551082	0.01220456741	0.01	0.1643761418	0.01	0.0989169832	0.01	0.09386086142	0.01	0.1140448971	0.01	0.1114216124	0.01	0.07484002085
3.4	0	0	1.28466346	0.01029631811	0.01	0.1643783065	0.01	0.0989194091	0.01	0.09386325718	0.01	0.1140389131	0.01	0.1114160193	0.01	0.07483768675
3.41	0	0	1.284757529	0.008540799202	0.01	0.1643801251	0.01	0.09892146151	0.01	0.09386528222	0.01	0.1140338298	0.01	0.1114112943	0.01	0.07483572475
3.42	0	0	1.284834723	0.006919574698	0.01	0.1643816251	0.01	0.09892317037	0.01	0.09386696622	0.01	0.1140295742	0.01	0.1114073678	0.01	0.07483410544
3.43	0	0	1.284896306	0.005417170887	0.01	0.1643828304	0.01	0.09892456211	0.01	0.09386833535	0.01	0.1140260819	0.01	0.1114041785	0.01	0.07483280289
3.44	0	0	1.284943407	0.004021825847	0.01	0.1643837626	0.01	0.09892566017	0.01	0.09386941282	0.01	0.1140232956	0.01	0.1114016721	0.01	0.07483179407
3.45	0	0	1.284977058	0.002726024794	0.01	0.1643844411	0.01	0.09892648567	0.01	0.09387021957	0.01	0.1140211641	0.01	0.1113997996	0.01	0.07483105801
3.46	0	0	1.28499824	0.001526808706	0.01	0.1643848843	0.01	0.09892705817	0.01	0.09387077504	0.01	0.11401964	0.01	0.1113985153	0.01	0.07483057503
3.47	0	0	1.285007927	0.0004258549754	0.01	0.1643851102	0.01	0.09892739657	0.01	0.09387109804	0.01	0.1140186784	0.01	0.111397775	0.01	0.07483032577
3.48	0	0	1.285007133	-0.0005707187343	0.01	0.1643851323	0.01	0.09892751992	0.01	0.09387120761	0.01	0.1140182343	0.01	0.1113975342	0.01	0.07483028601
3.49	0	0	1.284996956	-0.001451153449	0.01	0.1643849618	0.01	0.09892741257	0.01	0.09387108663	0.01	0.1140182291	0.01	0.1113976644	0.01	0.07483040659
3.5	0	0	1.28497867	-0.002192136246	0.01	0.164384638	0.01	0.09892711278	0.01	0.09387078172	0.01	0.1140185077	0.01	0.1113981086	0.01	0.07483069127
3.51	0	0	1.284953802	-0.002768394937	0.01	0.1643841887	0.01	0.09892667432	0.01	0.09387034002	0.01	0.1140190753	0.01	0.111398875	0.01	0.07483112098
3.52	0	0	1.284924089	-0.003163467537	0.01	0.1643836457	0.01	0.09892613083	0.01	0.09386979459	0.01	0.1140199188	0.01	0.1113999239	0.01	0.07483166432
3.53	0	0	1.284891329	-0.003380493529	0.01	0.1643830426	0.01	0.0989255169	0.01	0.09386917994	0.01	0.1140209977	0.01	0.1114011917	0.01	0.07483228613
3.54	0	0	1.284857189	-0.003442526309	0.01	0.1643824105	0.01	0.09892486574	0.01	0.09386852917	0.01	0.1140222558	0.01	0.1114026057	0.01	0.07483295189
3.55	0	0	1.284823018	-0.003389074721	0.01	0.1643817755	0.01	0.09892420565	0.01	0.09386787032	0.01	0.1140236318	0.01	0.1114040963	0.01	0.07483363155
3.56	0	0	1.28478971	-0.003272257854	0.01	0.164381155	0.01	0.09892355694	0.01	0.0938672234	0.01	0.1140250687	0.01	0.1114056052	0.01	0.07483430282
3.57	0	0	1.284757588	-0.003152752372	0.01	0.1643805564	0.01	0.09892292966	0.01	0.09386659811	0.01	0.1140265219	0.01	0.111407093	0.01	0.07483495362
3.58	0	0	1.28472635	-0.003095720736	0.01	0.1643799753	0.01	0.09892232208	0.01	0.09386599236	0.01	0.1140279649	0.01	0.111408544	0.01	0.07483558376
3.59	0	0	1.284695036	-0.003166906226	0.01	0.1643793953	0.01	0.09892171999	0.01	0.09386539155	0.01	0.1140293942	0.01	0.1114099694	0.01	0.07483620585
3.6	0	0	1.284662043	-0.003429065667	0.01	0.164378788	0.01	0.09892109661	0.01	0.0938647686	0.01	0.1140308318	0.01	0.1114114087	0.01	0.0748368454
3.61	0	0	1.284625174	-0.003938886097	0.01	0.1643781136	0.01	0.09892041337	0.01	0.09386408464	0.01	0.1140323262	0.01	0.1114129294	0.01	0.07483754028
3.62	0	0	1.284581704	-0.004744499266	0.01	0.1643773228	0.01	0.09891962106	0.01	0.09386329023	0.01	0.1140339521	0.01	0.1114146259	0.01	0.07483833953
3.63	0	0	1.284528483	-0.005883669966	0.01	0.1643763577	0.01	0.09891866155	0.01	0.09386232712	0.01	0.1140358084	0.01	0.1114166158	0.01	0.07483930173
3.64	0	0	1.28446204	-0.007382693198	0.01	0.1643751546	0.01	0.09891746985	0.01	0.09386113024	0.01	0.1140380158	0.01	0.1114190368	0.01	0.07484049293
3.65	0	0	1.284378702	-0.009255993723	0.01	0.1643736455	0.01	0.09891597626	0.01	0.09385962991	0.01	0.1140407127	0.01	0.1114220417	0.01	0.07484198451
3.66	0	0	1.284274709	-0.01150638269	0.01	0.1643717609	0.01	0.09891410869	0.01	0.09385775413	0.01	0.1140440512	0.01	0.1114257938	0.01	0.07484385072
3.67	0	0	1.284146332	-0.01412589238	0.01	0.1643694313	0.01	0.09891179485	0.01	0.09385543077	0.01	0.1140481926	0.01	0.1114304616	0.01	0.07484616649
3.68	0	0	1.283989965	-0.01709708406	0.01	0.1643665896	0.01	0.09890896425	0.01	0.09385258957	0.01	0.1140533025	0.01	0.1114362139	0.01	0.07484900519
3.69	0	0	1.283802221	-0.0203947071	0.01	0.1643631722	0.01	0.09890555002	0.01	0.09384916391	0.01	0.1140595462	0.01	0.111443215	0.01	0.0748524368
3.7	0	0	1.283579994	-0.0239875801	0.01	0.1643591211	0.01	0.09890149033	0.01	0.09384509228	0.01	0.1140670843	0.01	0.1114516209	0.01	0.07485652627
3.71	0	0	1.283320509	-0.02784056721	0.01	0.1643543839	0.01	0.09889672947	0.01	0.09384031925	0.01	0.114076069	0.01	0.1114615753	0.01	0.07486133233
3.72	0	0	1.283021356	-0.031916533	0.01	0.1643489154	0.01	0.09889121853	0.01	0.09383479628	0.01	0.1140866411	0.01	0.1114732078	0.01	0.07486690664
3.73	0	0	1.282680494	-0.03617817593	0.01	0.1643426769	0.01	0.0988849158	0.01	0.09382848194	0.01	0.1140989268	0.01	0.1114866316	0.01	0.07487329341
3.74	0	0	1.28229625	-0.0405896612	0.01	0.1643356366	0.01	0.09887778666	0.01	0.09382134192	0.01	0.114113037	0.01	0.1115019429	0.01	0.0748805293
3.75	0	0	1.281867294	-0.04511799616	0.01	0.1643277694	0.01	0.09886980334	0.01	0.09381334872	0.01	0.1141290659	0.01	0.111519221	0.01	0.07488864374
3.76	0	0	1.281392606	-0.04973411355	0.01	0.1643190558	0.01	0.09886094429	0.01	0.09380448103	0.01	0.1141470913	0.01	0.111538529	0.01	0.07489765945
3.77	0	0	1.280871434	-0.0544136482	0.01	0.1643094814	0.01	0.09885119341	0.01	0.09379472294	0.01	0.1141671749	0.01	0.1115599151	0.01	0.07490759326
3.78	0	0	1.280303241	-0.05913740996	0.01	0.1642990361	0.01	0.09884053915	0.01	0.09378406307	0.01	0.1141893646	0.01	0.1115834148	0.01	0.07491845703
3.79	0	0	1.279687656	-0.06389156964	0.01	0.1642877128	0.01	0.09882897349	0.01	0.09377249351	0.01	0.1142136956	0.01	0.1116090531	0.01	0.07493025873
3.8	0	0	1.27902442	-0.06866758492	0.01	0.1642755066	0.01	0.09881649091	0.01	0.09376000883	0.01	0.114240193	0.01	0.111636847	0.01	0.07494300347
3.81	0	0	1.278313331	-0.07346190066	0.01	0.164262414	0.01	0.0988030874	0.01	0.09374660508	0.01	0.1142688742	0.01	0.1116668077	0.01	0.07495669462
3.82	0	0	1.277554204	-0.07827546241	0.01	0.1642484317	0.01	0.09878875951	0.01	0.09373227881	0.01	0.1142997517	0.01	0.1116989435	0.01	0.07497133475
3.83	0	0	1.276746822	-0.08311308433	0.01	0.1642335558	0.01	0.09877350347	0.01	0.09371702626	0.01	0.1143328352	0.01	0.1117332618	0.01	0.07498692658
3.84	0	0	1.275890903	-0.08798271312	0.01	0.1642177817	0.01	0.09875731454	0.01	0.09370084267	0.01	0.1143681337	0.01	0.1117697711	0.01	0.07500347371
3.85	0	0	1.274986076	-0.09289462897	0.01	0.1642011027	0.01	0.09874018637	0.01	0.09368372165	0.01	0.1144056581	0.01	0.1118084827	0.01	0.07502098126
3.86	0	0	1.274031858	-0.09786062223	0.01	0.1641835106	0.01	0.09872211062	0.01	0.09366565481	0.01	0.1144454222	0.01	0.1118494119	0.01	0.0750394563
3.87	0	0	1.273027645	-0.1028931817	0.01	0.1641649944	0.01	0.09870307668	0.01	0.0936466315	0.01	0.1144874439	0.01	0.1118925789	0.01	0.07505890813
3.88	0	0	1.271972708	-0.1080047262	0.01	0.1641455413	0.01	0.09868307156	0.01	0.09362663869	0.01	0.1145317464	0.01	0.1119380095	0.01	0.07507934843
3.89	0	0	1.270866198	-0.1132069073	0.01	0.1641251361	0.01	0.09866207994	0.01	0.09360566103	0.01	0.1145783582	0.01	0.1119857349	0.01	0.07510079118
3.9	0	0	1.269707158	-0.1185100042	0.01	0.1641037615	0.01	0.09864008433	0.01	0.093583681	0.01	0.1146273134	0.01	0.1120357915	0.01	0.07512325252
3.91	0	0	1.268494534	-0.1239224287	0.01	0.1640813985	0.01	0.09861706535	0.01	0.09356067922	0.01	0.1146786508	0.01	0.1120882205	0.01	0.07514675044
3.92	0	0	1.267227202	-0.12945035	0.01	0.1640580268	0.01	0.09859300213	0.01	0.09353663481	0.01	0.114732414	0.01	0.1121430672	0.01	0.07517130437
3.93	0	0	1.265903989	-0.1350974445	0.01	0.164033625	0.01	0.09856787271	0.01	0.09351152585	0.01	0.11478865	0.01	0.1122003796	0.01	0.07519693474
3.94	0	0	1.264523697	-0.1408647715	0.01	0.1640081716	0.01	0.09854165457	0.01	0.09348532984	0.01	0.1148474082	0.01	0.1122602077	0.01	0.07522366246
3.95	0	0	1.263085133	-0.146750767	0.01	0.1639816446	0.01	0.09851432508	0.01	0.09345802424	0.01	0.1149087391	0.01	0.1123226018	0.01	0.07525150836
3.96	0	0	1.26158713	-0.1527513496	0.01	0.163954023	0.01	0.09848586207	0.01	0.09342958691	0.01	0.1149726933	0.01	0.1123876119	0.01	0.07528049272
3.97	0	0	1.260028574	-0.1588601218	0.01	0.1639252865	0.01	0.09845624425	0.01	0.09339999666	0.01	0.1150393201	0.01	0.1124552857	0.01	0.07531063468
3.98	0	0	1.258408427	-0.1650686542	0.01	0.1638954162	0.01	0.09842545168	0.01	0.09336923364	0.01	0.1151086662	0.01	0.1125256683	0.01	0.07534195187
3.99	0	0	1.256725743	-0.1713668323	0.01	0.163864395	0.01	0.09839346614	0.01	0.09333727973	0.01	0.1151807748	0.01	0.1125988005	0.01	0.07537445996
4	0	0	1.254979682	-0.1777432499	0.01	0.1638322078	0.01	0.09836027142	0.01	0.09330411883	0.01	0.1152556843	0.01	0.1126747184	0.01	0.07540817232
4.01	0	0	1.253169525	-0.1841856287	0.01	0.1637988415	0.01	0.0983258536	0.01	0.09326973711	0.01	0.115333428	0.01	0.1127534526	0.01	0.07544309983
4.02	0	0	1.251294676	-0.1906812467	0.01	0.1637642857	0.01	0.09829020116	0.01	0.09323412317	0.01	0.1154140333	0.01	0.1128350278	0.01	0.07547925069
4.03	0	0	1.249354668	-0.1972173577	0.01	0.1637285322	0.01	0.09825330508	0.01	0.09319726807	0.01	0.1154975211	0.01	0.1129194624	0.01	0.07551663035
4.04	0	0	1.247349159	-0.2037815877	0.01	0.163691575	0.01	0.09821515879	0.01	0.09315916536	0.01	0.1155839063	0.01	0.1130067687	0.01	0.07555524154
4.05	0	0	1.245277926	-0.2103622926	0.01	0.1636534106	0.01	0.09817575814	0.01	0.09311981095	0.01	0.1156731973	0.01	0.113096953	0.01	0.07559508436
4.06	0	0	1.243140891	-0.2169302485	0.01	0.163614038	0.01	0.09813510139	0.01	0.09307920322	0.01	0.1157641987	0.01	0.1131900154	0.01	0.07563615624
4.07	0	0	1.240938923	-0.223318534	0.01	0.1635734709	0.01	0.09809319862	0.01	0.0930373527	0.01	0.1158551148	0.01	0.1132859357	0.01	0.07567844274
4.08	0	0	1.238674073	-0.2295347127	0.01	0.1635317223	0.01	0.09805006717	0.01	0.09299427652	0.01	0.1159475783	0.01	0.1133846402	0.01	0.07572190312
4.09	0	0	1.236347579	-0.2356433961	0.01	0.1634887861	0.01	0.09800570081	0.01	0.09294996814	0.01	0.1160422278	0.01	0.1134860498	0.01	0.07576650244
4.1	0	0	1.23396055	-0.2416404858	0.01	0.1634446788	0.01	0.09796011364	0.01	0.09290444216	0.01	0.1161392574	0.01	0.1135901013	0.01	0.07581221314
4.11	0	0	1.231514053	-0.24753682	0.01	0.1633994166	0.01	0.09791332276	0.01	0.09285771567	0.01	0.1162386996	0.01	0.1136967353	0.01	0.07585900833
4.12	0	0	1.229009002	-0.253350856	0.01	0.1633530133	0.01	0.09786534308	0.01	0.09280980348	0.01	0.1163405317	0.01	0.1138058975	0.01	0.07590686342
4.13	0	0	1.226446107	-0.2591051311	0.01	0.1633054788	0.01	0.09781618582	0.01	0.09276071668	0.01	0.116444717	0.01	0.1139175414	0.01	0.0759557575
4.14	0	0	1.223825842	-0.2648241522	0.01	0.1632568186	0.01	0.09776585776	0.01	0.09271046191	0.01	0.1165512203	0.01	0.1140316305	0.01	0.07600567402
4.15	0	0	1.221148434	-0.2705328336	0.01	0.1632070337	0.01	0.09771436092	0.01	0.09265904106	0.01	0.1166600142	0.01	0.1141481387	0.01	0.07605660108
4.16	0	0	1.218413862	-0.2762551812	0.01	0.1631561204	0.01	0.0976616925	0.01	0.09260645119	0.01	0.1167710805	0.01	0.1142670513	0.01	0.0761085314
4.17	0	0	1.215621881	-0.282013141	0.01	0.1631040706	0.01	0.09760784503	0.01	0.09255268475	0.01	0.1168844115	0.01	0.1143883638	0.01	0.07616146211
4.18	0	0	1.212772038	-0.2878256077	0.01	0.1630508724	0.01	0.09755280684	0.01	0.09249772996	0.01	0.1170000085	0.01	0.1145120815	0.01	0.07621539421
4.19	0	0	1.209863712	-0.2937076134	0.01	0.1629965102	0.01	0.0974965626	0.01	0.09244157145	0.01	0.1171178812	0.01	0.1146382178	0.01	0.07627033195
4.2	0	0	1.206896153	-0.2996697191	0.01	0.162940966	0.01	0.09743909412	0.01	0.09238419099	0.01	0.1172380459	0.01	0.1147667925	0.01	0.07632628201
4.21	0	0	1.203868531	-0.3057176223	0.01	0.16288422	0.01	0.09738038117	0.01	0.09232556838	0.01	0.1173605234	0.01	0.1148978299	0.01	0.07638325262
4.22	0	0	1.200779984	-0.3118519921	0.01	0.1628262517	0.01	0.09732040247	0.01	0.09226568235	0.01	0.1174853374	0.01	0.1150313564	0.01	0.07644125256
4.23	0	0	1.19762967	-0.3180685252	0.01	0.1627670404	0.01	0.09725913663	0.01	0.09220451158	0.01	0.1176125116	0.01	0.1151673983	0.01	0.07650029022
4.24	0	0	1.194416811	-0.3243582161	0.01	0.1627065666	0.01	0.0971965631	0.01	0.09214203563	0.01	0.1177420684	0.01	0.1153059796	0.01	0.07656037265
4.25	0	0	1.191140743	-0.3307078188	0.01	0.1626448125	0.01	0.09713266313	0.01	0.09207823583	0.01	0.117874026	0.01	0.11544712	0.01	0.07662150471
4.26	0	0	1.187800951	-0.3371004749	0.01	0.1625817631	0.01	0.09706742055	0.01	0.09201309616	0.01	0.118008397	0.01	0.1155908329	0.01	0.07668368827
4.27	0	0	1.184397104	-0.3435164759	0.01	0.1625174066	0.01	0.09700082246	0.01	0.09194660385	0.01	0.1181451868	0.01	0.1157371236	0.01	0.07674692161
4.28	0	0	1.180929078	-0.3499341216	0.01	0.162451735	0.01	0.09693285982	0.01	0.09187875003	0.01	0.1182843924	0.01	0.1158859887	0.01	0.07681119895
4.29	0	0	1.17739697	-0.3563306376	0.01	0.1623847443	0.01	0.09686352782	0.01	0.09180953002	0.01	0.1184260012	0.01	0.1160374145	0.01	0.07687651018
4.3	0	0	1.173801107	-0.3626831102	0.01	0.162316435	0.01	0.09679282608	0.01	0.09173894358	0.01	0.1185699909	0.01	0.1161913774	0.01	0.07694284068
4.31	0	0	1.170142042	-0.3689693987	0.01	0.1622468115	0.01	0.0967207587	0.01	0.09166699496	0.01	0.1187163292	0.01	0.1163478432	0.01	0.07701017149
4.32	0	0	1.166420539	-0.3751689902	0.01	0.1621758827	0.01	0.09664733408	0.01	0.09159369265	0.01	0.1188649746	0.01	0.1165067681	0.01	0.07707847947
4.33	0	0	1.162637556	-0.381263759	0.01	0.1621036611	0.01	0.09657256462	0.01	0.09151904918	0.01	0.1190158765	0.01	0.1166680992	0.01	0.07714773773
4.34	0	0	1.158794218	-0.3872386054	0.01	0.1620301625	0.01	0.09649646628	0.01	0.09144308056	0.01	0.1191689768	0.01	0.1168317756	0.01	0.07721791614
4.35	0	0	1.154891783	-0.3930819469	0.01	0.1619554053	0.01	0.09641905793	0.01	0.09136580574	0.01	0.1193242111	0.01	0.1169977302	0.01	0.07728898198
4.36	0	0	1.150931603	-0.3987860467	0.01	0.1618794102	0.01	0.09634036074	0.01	0.09128724588	0.01	0.11948151	0.01	0.1171658907	0.01	0.07736090065
4.37	0	0	1.146915091	-0.4043471686	0.01	0.1618021989	0.01	0.09626039735	0.01	0.09120742365	0.01	0.1196408011	0.01	0.117336182	0.01	0.0774336364
4.38	0	0	1.142843674	-0.409765557	0.01	0.161723794	0.01	0.09617919115	0.01	0.09112636242	0.01	0.1198020103	0.01	0.1175085274	0.01	0.07750715308
4.39	0	0	1.138718759	-0.4150452453	0.01	0.1616442175	0.01	0.09609676547	0.01	0.09104408546	0.01	0.1199650639	0.01	0.1176828508	0.01	0.07758141493
4.4	0	0	1.134541696	-0.4201937056	0.01	0.161563491	0.01	0.09601314285	0.01	0.09096061524	0.01	0.1201298901	0.01	0.1178590779	0.01	0.07765638719
4.41	0	0	1.130313744	-0.4252213585	0.01	0.1614816341	0.01	0.09592834434	0.01	0.09087597277	0.01	0.12029642	0.01	0.118037138	0.01	0.07773203671
4.42	0	0	1.126036047	-0.4301409672	0.01	0.1613986647	0.01	0.09584238896	0.01	0.09079017696	0.01	0.1204645894	0.01	0.118216965	0.01	0.07780833248
4.43	-3.475057206e-20	-5.528405615e-18	1.121709612	-0.4349669439	0.01	0.1613145981	0.01	0.09575529324	0.01	0.09070324423	0.01	0.1206343393	0.01	0.1183984986	0.01	0.07788524592
4.44	9.491723225e-21	3.957897296e-18	1.117335298	-0.4397146023	0.01	0.1612294467	0.01	0.09566707084	0.01	0.09061518818	0.01	0.1208056165	0.01	0.1185816844	0.01	0.07796275118
4.45	-1.580071569e-21	-1.586206825e-18	1.11291381	-0.4443993881	0.01	0.1611432202	0.01	0.09557773247	0.01	0.09052601942	0.01	0.1209783744	0.01	0.1187664748	0.01	0.07804082516
4.46	1.90452758e-20	3.17512285e-18	1.108445703	-0.4490361235	0.01	0.1610559254	0.01	0.09548728581	0.01	0.09043574553	0.01	0.1211525723	0.01	0.1189528288	0.01	0.07811944752
4.47	1.583611517e-21	-1.592273734e-18	1.103931388	-0.4536382979	0.01	0.1609675663	0.01	0.09539573564	0.01	0.09034437125	0.01	0.1213281756	0.01	0.1191407112	0.01	0.07819860043
4.48	-1.596544589e-21	2.896363749e-22	1.099371152	-0.4582174348	0.01	0.1608781444	0.01	0.09530308418	0.01	0.09025189871	0.01	0.121505155	0.01	0.1193300927	0.01	0.07827826832
4.49	2.234355387e-20	4.789189135e-18	1.094765181	-0.4627825621	0.01	0.1607876594	0.01	0.09520933141	0.01	0.09015832787	0.01	0.1216834857	0.01	0.1195209483	0.01	0.07835843743
4.5	-3.516894278e-20	-3.194905747e-18	1.090113583	-0.4673398059	0.01	0.1606961091	0.01	0.09511447563	0.01	0.09006365702	0.01	0.1218631462	0.01	0.1197132566	0.01	0.07843909535
4.51	6.414390579e-21	3.206286035e-18	1.085416422	-0.4718921247	0.01	0.1606034907	0.01	0.09501851406	0.01	0.08996788336	0.01	0.1220441174	0.01	0.1199069985	0.01	0.07852023047
4.52	1.124043791e-20	4.014930602e-18	1.080673749	-0.4764391912	0.01	0.1605098009	0.01	0.09492144344	0.01	0.08987100367	0.01	0.122226381	0.01	0.1201021558	0.01	0.07860183139
4.53	2.733704586e-20	6.434595196e-18	1.075885633	-0.4809774249	0.01	0.1604150366	0.01	0.09482326075	0.01	0.08977301497	0.01	0.1224099184	0.01	0.1202987096	0.01	0.07868388639
4.54	1.128720048e-20	2.417542079e-18	1.071052197	-0.4855001713	0.01	0.1603191959	0.01	0.09472396386	0.01	0.08967391517	0.01	0.1225947094	0.01	0.1204966393	0.01	0.07876638286
4.55	1.775893098e-20	4.037586177e-18	1.066173643	-0.489998015	0.01	0.1602222784	0.01	0.09462355215	0.01	0.08957370373	0.01	0.122780731	0.01	0.1206959214	0.01	0.0788493068
4.56	2.426647064e-20	2.424703136e-18	1.061250278	-0.4944592128	0.01	0.1601242857	0.01	0.09452202709	0.01	0.0894723822	0.01	0.1229679563	0.01	0.1208965281	0.01	0.07893264241
4.57	-4.881883768e-21	-6.491861765e-18	1.056282538	-0.4988702231	0.01	0.1600252219	0.01	0.0944193927	0.01	0.08936995468	0.01	0.1231563536	0.01	0.1210984266	0.01	0.07901637177
4.58	2.437812473e-20	6.501551463e-18	1.051270997	-0.503216307	0.01	0.1599250941	0.01	0.09431565595	0.01	0.08926642824	0.01	0.1233458862	0.01	0.1213015785	0.01	0.07910047459
4.59	5.452005944e-32	9.086633774e-30	1.046216383	-0.5074821741	0.01	0.1598239123	0.01	0.09421082698	0.01	0.08916181311	0.01	0.1235365116	0.01	0.1215059395	0.01	0.07918492809
4.6	-1.794042512e-20	-2.446781113e-18	1.041119574	-0.5116526417	0.01	0.1597216898	0.01	0.09410491924	0.01	0.0890561228	0.01	0.1237281816	0.01	0.121711459	0.01	0.07926970705
4.61	-3.758906804e-20	-3.266556522e-18	1.035981596	-0.5157132795	0.01	0.1596184431	0.01	0.09399794944	0.01	0.08894937413	0.01	0.1239208423	0.01	0.1219180804	0.01	0.07935478384
4.62	-1.263970274e-23	-8.206064523e-19	1.030803614	-0.5196510104	0.01	0.1595141915	0.01	0.09388993743	0.01	0.08884158697	0.01	0.1241144348	0.01	0.122125742	0.01	0.07944012872
4.63	-2.135496235e-20	-3.285114346e-18	1.025586914	-0.5234546419	0.01	0.1594089572	0.01	0.09378090589	0.01	0.08873278407	0.01	0.1243088955	0.01	0.1223343767	0.01	0.07952571009
4.64	-4.278631884e-20	-7.409992554e-18	1.02033288	-0.5271153048	0.01	0.1593027643	0.01	0.09367087995	0.01	0.08862299059	0.01	0.1245041573	0.01	0.1225439138	0.01	0.07961149491
4.65	3.31739663e-21	2.478447593e-18	1.015042975	-0.5306267822	0.01	0.1591956391	0.01	0.09355988673	0.01	0.08851223364	0.01	0.1247001503	0.01	0.1227542795	0.01	0.07969744912
4.66	3.325627328e-21	3.312845823e-18	1.009718706	-0.5339857138	0.01	0.1590876091	0.01	0.09344795475	0.01	0.08840054176	0.01	0.1248968027	0.01	0.1229653983	0.01	0.07978353816
4.67	-1.99159884e-20	-4.977776544e-18	1.004361603	-0.5371916702	0.01	0.1589787024	0.01	0.09333511338	0.01	0.08828794426	0.01	0.1250940426	0.01	0.123177194	0.01	0.07986972742
4.68	-1.678183919e-21	-2.497102737e-18	0.9989731816	-0.5402470946	0.01	0.1588689473	0.01	0.09322139219	0.01	0.08817447067	0.01	0.1252917985	0.01	0.1233895909	0.01	0.07995598275
4.69	-3.335917788e-21	-1.668367272e-18	0.9935549226	-0.5431571159	0.01	0.1587583715	0.01	0.09310682037	0.01	0.08806015014	0.01	0.1254900004	0.01	0.123602515	0.01	0.08004227094
4.7	-5.012710807e-21	-8.354518011e-19	0.9881082421	-0.5459292447	0.01	0.158647002	0.01	0.09299142617	0.01	0.08794501083	0.01	0.1256885814	0.01	0.1238158952	0.01	0.08012856008
4.71	1.673974402e-20	-1.682101938e-18	0.9826344715	-0.5485729664	0.01	0.1585348641	0.01	0.09287523642	0.01	0.08782907948	0.01	0.1258874776	0.01	0.124029664	0.01	0.08021481994
4.72	1.846605445e-20	2.518415491e-18	0.9771348398	-0.5510992525	0.01	0.1584219815	0.01	0.09275827608	0.01	0.08771238097	0.01	0.1260866296	0.01	0.124243758	0.01	0.08030102223
4.73	-4.883043464e-20	-8.420097323e-18	0.9716104614	-0.553520011	0.01	0.1583083755	0.01	0.09264056795	0.01	0.087594938	0.01	0.1262859826	0.01	0.1244581188	0.01	0.08038714075
4.74	8.44378588e-21	1.688847268e-18	0.9660623301	-0.5558475056	0.01	0.1581940654	0.01	0.0925221325	0.01	0.08747677095	0.01	0.1264854865	0.01	0.1246726931	0.01	0.0804731515
4.75	3.348489797e-21	-3.39223606e-18	0.9604913182	-0.558093766	0.01	0.158079068	0.01	0.09240298775	0.01	0.08735789777	0.01	0.1266850962	0.01	0.1248874327	0.01	0.08055903264
4.76	6.109031125e-20	6.784510824e-18	0.9548981814	-0.56027002	0.01	0.1579633979	0.01	0.09228314938	0.01	0.08723833403	0.01	0.1268847713	0.01	0.1251022945	0.01	0.0806447644
4.77	2.21048296e-20	2.551387521e-18	0.9492835702	-0.5623861716	0.01	0.1578470677	0.01	0.09216263088	0.01	0.08711809317	0.01	0.1270844757	0.01	0.1253172396	0.01	0.08073032888
4.78	3.752490496e-20	6.828498383e-18	0.9436480447	-0.5644503474	0.01	0.1577300881	0.01	0.09204144381	0.01	0.0869971867	0.01	0.1272841771	0.01	0.1255322334	0.01	0.08081570977
4.79	2.226310617e-20	8.5664806e-18	0.9379920947	-0.5664685332	0.01	0.1576124685	0.01	0.09191959823	0.01	0.08687562464	0.01	0.1274838461	0.01	0.1257472443	0.01	0.0809008921
4.8	6.838759391e-21	-8.616498281e-19	0.932316162	-0.5684443142	0.01	0.1574942172	0.01	0.09179710316	0.01	0.08675341596	0.01	0.1276834556	0.01	0.1259622432	0.01	0.08098586178
4.81	1.717845703e-20	-2.591465581e-18	0.9266206656	-0.5703787303	0.01	0.1573753423	0.01	0.09167396704	0.01	0.08663056912	0.01	0.1278829799	0.01	0.1261772023	0.01	0.0810706053
4.82	-1.893890801e-23	-1.729344777e-18	0.9209060269	-0.5722702517	0.01	0.1572558518	0.01	0.09155019834	0.01	0.08650709259	0.01	0.1280823934	0.01	0.1263920942	0.01	0.08115510931
4.83	3.112939945e-20	2.592516471e-18	0.9151726952	-0.5741148737	0.01	0.1571357542	0.01	0.0914258061	0.01	0.08638299542	0.01	0.1282816704	0.01	0.1266068909	0.01	0.08123936026
4.84	4.513457113e-20	7.814564306e-18	0.9094211711	-0.5759063243	0.01	0.1570150594	0.01	0.09130080041	0.01	0.08625828774	0.01	0.1284807835	0.01	0.1268215633	0.01	0.08132334404
4.85	1.217465094e-20	8.687315018e-19	0.903652028	-0.5776363756	0.01	0.1568937787	0.01	0.09117519299	0.01	0.0861329813	0.01	0.1286797034	0.01	0.1270360799	0.01	0.08140704573
4.86	1.747952941e-20	4.369622288e-18	0.8978659292	-0.5792952404	0.01	0.1567719254	0.01	0.09104899751	0.01	0.08600708983	0.01	0.1288783981	0.01	0.1272504062	0.01	0.08149044932
4.87	-1.052406724e-20	-6.140190973e-18	0.8920636417	-0.5808720374	0.01	0.1566495151	0.01	0.09092222999	0.01	0.08588062939	0.01	0.1290768326	0.01	0.1274645046	0.01	0.08157353761
4.88	7.024188956e-21	-1.762758416e-18	0.8862460441	-0.5823553009	0.01	0.1565265659	0.01	0.09079490901	0.01	0.0857536186	0.01	0.1292749683	0.01	0.1276783339	0.01	0.08165629208
4.89	-1.939376708e-20	-4.409102576e-18	0.88041413	-0.5837335121	0.01	0.1564030984	0.01	0.09066705582	0.01	0.08562607876	0.01	0.1294727634	0.01	0.1278918491	0.01	0.08173869289
4.9	1.060710562e-20	1.76821567e-18	0.8745690059	-0.5849956263	0.01	0.1562791358	0.01	0.09053869436	0.01	0.08549803383	0.01	0.1296701725	0.01	0.1281050015	0.01	0.08182071899
4.91	-3.502128088e-21	4.443686542e-18	0.8687118837	-0.5861315738	0.01	0.1561547038	0.01	0.09040985113	0.01	0.08536951035	0.01	0.1298671474	0.01	0.1283177391	0.01	0.08190234822
4.92	4.799118728e-20	2.658848104e-18	0.8628440692	-0.5871327088	0.01	0.1560298304	0.01	0.09028055498	0.01	0.08524053717	0.01	0.1300636371	0.01	0.1285300072	0.01	0.08198355755
4.93	-4.101280959e-20	-4.457693731e-18	0.8569669453	-0.5879921887	0.01	0.1559045454	0.01	0.09015083681	0.01	0.08511114518	0.01	0.1302595886	0.01	0.1287417487	0.01	0.08206432332
4.94	-1.25087734e-20	9.009661686e-19	0.8510819529	-0.5887052666	0.01	0.1557788801	0.01	0.09002072911	0.01	0.08498136685	0.01	0.1304549477	0.01	0.1289529049	0.01	0.08214462156
4.95	-2.332380318e-20	-8.923844436e-19	0.845190569	-0.5892694834	0.01	0.1556528669	0.01	0.08989026556	0.01	0.08485123582	0.01	0.1306496595	0.01	0.1291634166	0.01	0.08222442831
4.96	1.261305882e-20	5.412463837e-18	0.839294283	-0.5896847533	0.01	0.1555265388	0.01	0.08975948047	0.01	0.08472078634	0.01	0.1308436694	0.01	0.1293732246	0.01	0.08230371993
4.97	1.086222308e-20	3.619187837e-18	0.8333945737	-0.589953338	0.01	0.1553999288	0.01	0.08962840828	0.01	0.08459005279	0.01	0.1310369238	0.01	0.1295822705	0.01	0.08238247345
4.98	2.538361066e-20	4.534851589e-18	0.8274928857	-0.590079715	0.01	0.1552730696	0.01	0.08949708305	0.01	0.08445906913	0.01	0.131229371	0.01	0.1297904982	0.01	0.0824606669
4.99	7.273705044e-21	-2.375641445e-21	0.8215906093	-0.5900703434	0.01	0.1551459929	0.01	0.08936553794	0.01	0.08432786842	0.01	0.1314209617	0.01	0.1299978537	0.01	0.08253827953
5	3.101311126e-20	4.562719027e-18	0.8156890616	-0.5899333425	0.01	0.1550187291	0.01	0.08923380477	0.01	0.0841964824	0.01	0.1316116498	0.01	0.1302042863	0.01	0.08261529206
5.01	-2.196786254e-20	-2.745531529e-18	0.8097894721	-0.5896780974	0.01	0.1548913068	0.01	0.08910191371	0.01	0.08406494109	0.01	0.1318013925	0.01	0.1304097492	0.01	0.08269168685
5.02	1.28692118e-20	4.598830802e-18	0.8038929723	-0.5893148106	0.01	0.154763753	0.01	0.08896989294	0.01	0.08393327257	0.01	0.1319901512	0.01	0.1306141995	0.01	0.08276744801
5.03	-1.288007912e-20	4.264941894e-21	0.7980005902	-0.5888540221	0.01	0.1546360925	0.01	0.0888377685	0.01	0.08380150278	0.01	0.1321778911	0.01	0.1308175985	0.01	0.08284256141
5.04	7.399103178e-21	9.242740517e-19	0.7921132489	-0.5883061194	0.01	0.1545083477	0.01	0.08870556423	0.01	0.08366965543	0.01	0.1323645813	0.01	0.1310199118	0.01	0.08291701471
5.05	1.484617543e-20	2.78450265e-18	0.7862317709	-0.5876808611	0.01	0.1543805395	0.01	0.08857330179	0.01	0.08353775209	0.01	0.132550195	0.01	0.1312211093	0.01	0.08299079723
5.06	1.670691266e-20	-5.573564129e-21	0.7803568927	-0.5869795997	0.01	0.1542526863	0.01	0.08844100086	0.01	0.08340581234	0.01	0.1327347088	0.01	0.1314211644	0.01	0.08306390659
5.07	0	0	0.7744899526	-0.586063452	0.01	0.1541248162	0.01	0.08830868856	0.01	0.08327386365	0.01	0.1329180899	0.01	0.131620043	0.01	0.08313667398
5.08	0	0	0.7686334896	-0.5848847305	0.01	0.1539969849	0.01	0.08817641999	0.01	0.08314196167	0.01	0.1331002684	0.01	0.1318176737	0.01	0.08320937309
5.09	0	0	0.762790019	-0.5834659061	0.01	0.1538692506	0.01	0.08804425598	0.01	0.08301016706	0.01	0.1332811676	0.01	0.1320139735	0.01	0.0832819875
5.1	0	0	0.756961823	-0.5818171142	0.01	0.1537416671	0.01	0.08791225269	0.01	0.08287853571	0.01	0.133460719	0.01	0.1322069307	0.01	0.08335448896
5.11	0	0	0.7511519429	-0.5797632279	0.01	0.1536142992	0.01	0.08778047513	0.01	0.08274713299	0.01	0.1336388446	0.01	0.1323935573	0.01	0.08342684416
5.12	0	0	0.7453649311	-0.5772421447	0.01	0.153487247	0.01	0.08764902385	0.01	0.08261606004	0.01	0.133815421	0.01	0.1325779633	0.01	0.0834990003
5.13	0	0	0.7396051677	-0.5743165903	0.01	0.1533606123	0.01	0.08751800496	0.01	0.08248542258	0.01	0.1339903201	0.01	0.1327605932	0.01	0.08357090155
5.14	0	0	0.7338762609	-0.5710740495	0.01	0.1532344813	0.01	0.08738750973	0.01	0.08235531118	0.01	0.1341634365	0.01	0.1329413836	0.01	0.08364250017
5.15	0	0	0.7281808882	-0.5676126792	0.01	0.1531089206	0.01	0.08725760934	0.01	0.08222579626	0.01	0.134334694	0.01	0.1331202551	0.01	0.08371375941
5.16	0	0	0.7225207196	-0.5640356454	0.01	0.1529839753	0.01	0.08712835265	0.01	0.08209692589	0.01	0.1345040477	0.01	0.1332971564	0.01	0.08378465471
5.17	0	0	0.7168963937	-0.5604460426	0.01	0.1528596676	0.01	0.08699976511	0.01	0.08196872482	0.01	0.1346714844	0.01	0.1334720688	0.01	0.08385517424
5.18	0	0	0.7113075428	-0.55694194	0.01	0.1527359977	0.01	0.08687184898	0.01	0.08184119465	0.01	0.1348370216	0.01	0.1336450055	0.01	0.0839253188
5.19	0	0	0.7057528669	-0.5536117346	0.01	0.1526129447	0.01	0.08674458462	0.01	0.0817143152	0.01	0.1350007044	0.01	0.133816009	0.01	0.08399510109
5.2	0	0	0.700230251	-0.5505300287	0.01	0.1524904691	0.01	0.08661793276	0.01	0.08158804679	0.01	0.1351626022	0.01	0.1339851476	0.01	0.0840645445
5.21	0	0	0.6947369203	-0.5477542274	0.01	0.1523685159	0.01	0.08649183781	0.01	0.08146233354	0.01	0.1353228038	0.01	0.1341525103	0.01	0.0841336813
5.22	0	0	0.689269625	-0.5453220118	0.01	0.1522470187	0.01	0.08636623182	0.01	0.08133710738	0.01	0.1354814116	0.01	0.1343182012	0.01	0.08420255046
5.23	0	0	0.6838248456	-0.5432497976	0.01	0.152125904	0.01	0.08624103906	0.01	0.08121229261	0.01	0.1356385355	0.01	0.1344823333	0.01	0.08427119524
5.24	0	0	0.6783990076	-0.5415322409	0.01	0.1520050958	0.01	0.0861161809	0.01	0.08108781078	0.01	0.1357942867	0.01	0.1346450218	0.01	0.08433966045
5.25	0	0	0.6729886968	-0.5401427972	0.01	0.1518845207	0.01	0.08599158078	0.01	0.08096358564	0.01	0.1359487715	0.01	0.1348063778	0.01	0.0844079898
5.26	0	0	0.6675908634	-0.5390352903	0.01	0.1517641121	0.01	0.08586716902	0.01	0.08083954793	0.01	0.1361020852	0.01	0.1349665022	0.01	0.08447622326
5.27	-2.293695018e-20	-3.989350997e-18	0.6622030058	-0.5381463997	0.01	0.1516438149	0.01	0.08574288726	0.01	0.08071563982	0.01	0.1362543072	0.01	0.1351254799	0.01	0.08454439465
5.28	3.999158056e-21	4.99894757e-19	0.6568233257	-0.537398932	0.01	0.1515235887	0.01	0.08561869227	0.01	0.08059181864	0.01	0.1364054968	0.01	0.1352833758	0.01	0.0846125295
5.29	1.296797965e-31	1.620997456e-29	0.6514508474	-0.5367057089	0.01	0.1514034109	0.01	0.08549455903	0.01	0.08046805999	0.01	0.1365556898	0.01	0.1354402307	0.01	0.08468064344
5.3	1.509838376e-20	2.516927551e-18	0.6460854957	-0.5359738764	0.01	0.1512832789	0.01	0.08537048287	0.01	0.08034435978	0.01	0.1367048971	0.01	0.1355960597	0.01	0.08474874091
5.31	2.021182607e-21	5.052956518e-19	0.6407281303	-0.5351094261	0.01	0.1511632106	0.01	0.08524648061	0.01	0.08022073541	0.01	0.1368531033	0.01	0.135750851	0.01	0.08481681461
5.32	-8.112153192e-21	-2.535087756e-18	0.6353805344	-0.5340217115	0.01	0.1510432448	0.01	0.08512259068	0.01	0.08009722578	0.01	0.137000268	0.01	0.1359045663	0.01	0.08488484535
5.33	-2.026282632e-21	6.382513583e-22	0.6300453593	-0.5326277472	0.01	0.15092344	0.01	0.08499887215	0.01	0.07997389034	0.01	0.1371463275	0.01	0.136057143	0.01	0.08495280259
5.34	1.019843329e-20	2.039686657e-18	0.6247260286	-0.5308560903	0.01	0.1508038729	0.01	0.0848754028	0.01	0.07985080716	0.01	0.1372911978	0.01	0.1362084966	0.01	0.08502064544
5.35	-2.046702893e-21	-5.116757233e-19	0.6194266058	-0.5286501278	0.01	0.1506846351	0.01	0.08475227636	0.01	0.07972807009	0.01	0.1374347785	0.01	0.1363585251	0.01	0.0850883242
5.36	5.123128117e-21	5.123128117e-19	0.6141516335	-0.5259706208	0.01	0.1505658298	0.01	0.08462959888	0.01	0.07960578518	0.01	0.1375769576	0.01	0.1365071135	0.01	0.08515578226
5.37	-2.468637687e-20	-4.116299e-18	0.6089059508	-0.5227973948	0.01	0.1504475681	0.01	0.0845074847	0.01	0.07948406662	0.01	0.1377176163	0.01	0.1366541393	0.01	0.08522295834
5.38	-1.033502e-21	-5.167509999e-19	0.6036944986	-0.5191301037	0.01	0.1503299643	0.01	0.08438605195	0.01	0.07936303223	0.01	0.1378566349	0.01	0.1367994776	0.01	0.08528978891
5.39	5.170659279e-21	5.170659279e-19	0.5985221228	-0.5149880424	0.01	0.1502131317	0.01	0.08426541794	0.01	0.0792427989	0.01	0.1379938975	0.01	0.1369430072	0.01	0.08535621072
5.4	-4.151583594e-21	-5.189479493e-19	0.5933933828	-0.5104090254	0.01	0.150097178	0.01	0.08414569464	0.01	0.07912347806	0.01	0.1381292973	0.01	0.1370846151	0.01	0.08542216324
5.41	7.288926418e-21	1.041319484e-18	0.5883123765	-0.5054473944	0.01	0.1499822018	0.01	0.08402698448	0.01	0.0790051715	0.01	0.1382627412	0.01	0.1372242022	0.01	0.08548759101
5.42	2.75655785e-32	1.557499546e-30	0.5832825891	-0.5001712594	0.01	0.1498682882	0.01	0.08390937655	0.01	0.07888796762	0.01	0.1383941532	0.01	0.1373616862	0.01	0.08555244567
5.43	-2.094017386e-20	-2.617902262e-18	0.5783067717	-0.4946591122	0.01	0.1497555067	0.01	0.0837929436	0.01	0.07877193846	0.01	0.1385234774	0.01	0.1374970056	0.01	0.08561668767
5.44	-6.02179434e-24	-1.05260341e-18	0.5733868577	-0.4889959843	0.01	0.1496439084	0.01	0.08367773979	0.01	0.07865713741	0.01	0.1386506801	0.01	0.1376301213	0.01	0.0856802875
5.45	5.263000695e-21	5.263000695e-19	0.5685239173	-0.483269337	0.01	0.1495335254	0.01	0.0835637993	0.01	0.07854359796	0.01	0.13877575	0.01	0.1377610176	0.01	0.08574322647
5.46	-5.277890182e-21	-5.277890182e-19	0.5637181545	-0.4775648869	0.01	0.14942437	0.01	0.08345113597	0.01	0.07843133331	0.01	0.1388986987	0.01	0.1378897025	0.01	0.08580548548
5.47	0	0	0.5589691238	-0.4719047497	0.01	0.1493164378	0.01	0.08333974604	0.01	0.07832033923	0.01	0.1390195566	0.01	0.1380162042	0.01	0.08586622104
5.48	0	-5.321593787e-19	0.5542765649	-0.4662705553	0.01	0.1492097257	0.01	0.0832296256	0.01	0.07821061191	0.01	0.1391383537	0.01	0.1381405543	0.01	0.08592609453
5.49	5.321593787e-21	5.321593787e-19	0.5496399302	-0.460723728	0.01	0.1491042272	0.01	0.08312076825	0.01	0.07810214471	0.01	0.1392551223	0.01	0.1382627853	0.01	0.08598531026
5.5	-4.270932337e-21	-5.338665422e-19	0.5450580385	-0.4553254202	0.01	0.1489999219	0.01	0.08301315349	0.01	0.07799491676	0.01	0.1393699089	0.01	0.1383829429	0.01	0.08604388496
5.51	1.606149972e-20	2.141366118e-18	0.540529152	-0.4501256963	0.01	0.148896776	0.01	0.08290674709	0.01	0.07788889351	0.01	0.1394827736	0.01	0.1385010871	0.01	0.08610183725
5.52	0	0	0.5360511001	-0.445161085	0.01	0.1487947455	0.01	0.08280150373	0.01	0.07778402944	0.01	0.139593787	0.01	0.1386172892	0.01	0.08615919165
5.53	-2.154322148e-21	-5.38580537e-19	0.5316214227	-0.4404530508	0.01	0.1486937786	0.01	0.08269737021	0.01	0.07768027131	0.01	0.1397030264	0.01	0.1387316283	0.01	0.086215977
5.54	-1.18693704e-20	-2.158926411e-18	0.5272375246	-0.436007222	0.01	0.1485938198	0.01	0.08259428907	0.01	0.07757756169	0.01	0.1398105723	0.01	0.1388441875	0.01	0.08627222457
5.55	0	0	0.522896834	-0.4318133937	0.01	0.1484948132	0.01	0.08249220223	0.01	0.07747584267	0.01	0.139916504	0.01	0.1389550495	0.01	0.08632796601
5.56	0	0	0.518596957	-0.4278462931	0.01	0.148396706	0.01	0.08239105471	0.01	0.07737505954	0.01	0.1400208964	0.01	0.1390642928	0.01	0.08638323141
5.57	2.175665296e-21	5.439163239e-19	0.514335821	-0.424067058	0.01	0.1482994519	0.01	0.08229079805	0.01	0.07727516418	0.01	0.1401238161	0.01	0.1391719883	0.01	0.08643804736
5.58	0	5.457364562e-19	0.5101118	-0.4204253451	0.01	0.1482030141	0.01	0.08219139341	0.01	0.07717611814	0.01	0.1402253188	0.01	0.139278196	0.01	0.08649243529
5.59	9.834085515e-21	1.638757383e-18	0.5059238162	-0.4168619584	0.01	0.1481073676	0.01	0.08209281412	0.01	0.0770778952	0.01	0.1403254467	0.01	0.1393829625	0.01	0.08654641002
5.6	0	0	0.5017714134	-0.413311862	0.01	0.1480125012	0.01	0.08199504761	0.01	0.07698048323	0.01	0.1404242273	0.01	0.1394863193	0.01	0.08659997867
5.61	0	0	0.4976547992	-0.4097074302	0.01	0.1479184186	0.01	0.08189809663	0.01	0.07688388538	0.01	0.1405216723	0.01	0.1395882815	0.01	0.08665313998
5.62	0	0	0.4935748537	-0.4059817736	0.01	0.1478251386	0.01	0.08180197964	0.01	0.0767881205	0.01	0.1406177775	0.01	0.1396888481	0.01	0.08670588401
5.63	0	0	0.4895331066	-0.402071986	0.01	0.1477326949	0.01	0.08170673053	0.01	0.07669322279	0.01	0.1407125236	0.01	0.1397880019	0.01	0.08675819232
5.64	0	0	0.4855316813	-0.3979221573	0.01	0.1476411352	0.01	0.08161239747	0.01	0.07659924064	0.01	0.1408058779	0.01	0.1398857115	0.01	0.08681003848
5.65	-4.428096185e-21	-5.535120232e-19	0.4815732124	-0.3934860135	0.01	0.1475505188	0.01	0.08151904116	0.01	0.07650623487	0.01	0.1408977959	0.01	0.1399819332	0.01	0.08686138905
5.66	0	0	0.4776607378	-0.3887290651	0.01	0.1474609152	0.01	0.08142673243	0.01	0.07641427633	0.01	0.1409882245	0.01	0.1400766134	0.01	0.08691220486
5.67	2.225516858e-21	5.563792144e-19	0.4737975734	-0.3836301686	0.01	0.1473724004	0.01	0.0813355494	0.01	0.07632344304	0.01	0.1410771044	0.01	0.1401696916	0.01	0.0869624425
5.68	0	0	0.469987175	-0.3781824333	0.01	0.1472850546	0.01	0.08124557429	0.01	0.07623381701	0.01	0.1411643737	0.01	0.1402611041	0.01	0.08701205613
5.69	1.563381844e-20	2.233402634e-18	0.4662329942	-0.3723934406	0.01	0.1471989583	0.01	0.08115689006	0.01	0.07614548088	0.01	0.141249971	0.01	0.140350787	0.01	0.08706099926
5.7	-5.596867923e-21	-1.119418398e-18	0.4625383366	-0.3662847724	0.01	0.1471141895	0.01	0.08106957703	0.01	0.07605851456	0.01	0.1413338385	0.01	0.1404386795	0.01	0.08710922664
5.71	0	0	0.4589062267	-0.3598908801	0.01	0.1470308204	0.01	0.08098370966	0.01	0.07597299203	0.01	0.1414159253	0.01	0.1405247272	0.01	0.08715669604
5.72	0	0	0.4553392888	-0.353257355	0.01	0.1469489146	0.01	0.08089935362	0.01	0.07588897844	0.01	0.1414961894	0.01	0.1406088848	0.01	0.08720336986
5.73	0	0	0.4518396457	-0.3464386914	0.01	0.1468685246	0.01	0.08081656332	0.01	0.07580652759	0.01	0.1415746004	0.01	0.1406911183	0.01	0.08724921655
5.74	0	0	0.4484088438	-0.3394956537	0.01	0.1467896901	0.01	0.08073537995	0.01	0.07572568011	0.01	0.1416511407	0.01	0.1407714065	0.01	0.08729421171
5.75	0	0	0.4450478044	-0.3324923809	0.01	0.1467124367	0.01	0.08065583018	0.01	0.07564646207	0.01	0.1417258062	0.01	0.1408497425	0.01	0.08733833882
5.76	-5.663333288e-22	-2.831666644e-19	0.4417568055	-0.3254933696	0.01	0.1466367753	0.01	0.08057792553	0.01	0.07556888447	0.01	0.141798607	0.01	0.1409261337	0.01	0.08738158969
5.77	5.673018729e-22	2.836509364e-19	0.438535493	-0.3185604825	0.01	0.1465627024	0.01	0.08050166247	0.01	0.07549294329	0.01	0.1418695667	0.01	0.1410006018	0.01	0.0874239644
5.78	0	0	0.4353829213	-0.3117501271	0.01	0.1464902003	0.01	0.0804270232	0.01	0.07541862031	0.01	0.1419387217	0.01	0.1410731816	0.01	0.08746547093
5.79	0	0	0.4322976206	-0.3051107383	0.01	0.1464192393	0.01	0.08035397704	0.01	0.07534588456	0.01	0.1420061192	0.01	0.1411439198	0.01	0.08750612443
5.8	0	0	0.4292776875	-0.2986806807	0.01	0.1463497789	0.01	0.08028248246	0.01	0.07527469427	0.01	0.1420718156	0.01	0.1412128728	0.01	0.08754594616
5.81	0	0	0.426320893	-0.2924866678	0.01	0.1462817708	0.01	0.0802124895	0.01	0.0752049994	0.01	0.1421358738	0.01	0.1412801046	0.01	0.08758496215
5.82	0	0	0.4234248048	-0.2865427647	0.01	0.146215161	0.01	0.08014394257	0.01	0.07513674434	0.01	0.142198361	0.01	0.1413456838	0.01	0.08762320169
5.83	0	0	0.4205869155	-0.2808500128	0.01	0.1461498933	0.01	0.08007678345	0.01	0.07506987099	0.01	0.1422593454	0.01	0.1414096812	0.01	0.08766069572
5.84	2.864125872e-21	2.864125872e-19	0.4178047713	-0.2753966859	0.01	0.1460859118	0.01	0.08001095432	0.01	0.07500432171	0.01	0.142318894	0.01	0.1414721666	0.01	0.08769747507
5.85	0	0	0.415076096	-0.2701591532	0.01	0.1460231641	0.01	0.07994640069	0.01	0.07494004232	0.01	0.1423770697	0.01	0.1415332062	0.01	0.08773356891
5.86	0	0	0.4123989023	-0.2651032977	0.01	0.1459616036	0.01	0.07988307414	0.01	0.07487698472	0.01	0.1424339292	0.01	0.1415928604	0.01	0.08776900314
5.87	1.093144866e-20	1.438547099e-18	0.4097715877	-0.2601864139	0.01	0.145901192	0.01	0.0798209347	0.01	0.07481510933	0.01	0.1424895206	0.01	0.1416511813	0.01	0.08780379914
5.88	0	0	0.4071930085	-0.255359484	0.01	0.1458419009	0.01	0.07975995266	0.01	0.07475438686	0.01	0.1425438825	0.01	0.1417082112	0.01	0.08783797261
5.89	-1.731157701e-21	-2.885262835e-19	0.4046625306	-0.25056972	0.01	0.1457837136	0.01	0.07970010999	0.01	0.07469479966	0.01	0.1425970424	0.01	0.1417639815	0.01	0.08787153282
5.9	-1.156286736e-21	-1.156286736e-18	0.4021800534	-0.2457632448	0.01	0.145726625	0.01	0.07964140103	0.01	0.07463634248	0.01	0.1426490166	0.01	0.1418185118	0.01	0.08790448219
5.91	-1.157701775e-21	-1.157701775e-18	0.3997460072	-0.2408877841	0.01	0.1456706423	0.01	0.07958383262	0.01	0.07457902248	0.01	0.14269981	0.01	0.1418718101	0.01	0.08793681612
5.92	0	0	0.3973613244	-0.2358952417	0.01	0.1456157844	0.01	0.07952742357	0.01	0.07452285875	0.01	0.1427494172	0.01	0.1419238733	0.01	0.0879685233
5.93	0	0	0.3950273856	-0.2307440377	0.01	0.1455620806	0.01	0.07947220355	0.01	0.07446788115	0.01	0.1427978228	0.01	0.1419746881	0.01	0.08799958627
5.94	0	0	0.3927459445	-0.2254011039	0.01	0.1455095691	0.01	0.07941821144	0.01	0.07441412868	0.01	0.1428450039	0.01	0.1420242324	0.01	0.08802998233
5.95	0	0	0.3905190351	-0.219843447	0.01	0.145458295	0.01	0.07936549329	0.01	0.0743616474	0.01	0.1428909312	0.01	0.1420724777	0.01	0.08805968465
5.96	0	0	0.3883488653	-0.2140592119	0.01	0.1454083081	0.01	0.07931409984	0.01	0.07431048798	0.01	0.1429355716	0.01	0.1421193905	0.01	0.08808866361
5.97	0	0	0.3862377028	-0.2080482034	0.01	0.1453596598	0.01	0.07926408395	0.01	0.0742607031	0.01	0.1429788903	0.01	0.1421649352	0.01	0.08811688832
5.98	0	0	0.3841877589	-0.2018218472	0.01	0.1453124011	0.01	0.07921549782	0.01	0.07421234471	0.01	0.1430208532	0.01	0.1422090765	0.01	0.08814432808
5.99	2.916957871e-21	2.916957871e-19	0.3822010748	-0.1954026019	0.01	0.1452665798	0.01	0.07916839035	0.01	0.07416546139	0.01	0.1430614292	0.01	0.1422517812	0.01	0.08817095392
6	0	0	0.3802794173	-0.1888228557	0.01	0.1452222377	0.01	0.07912280461	0.01	0.07412009581	0.01	0.1431005922	0.01	0.1422930211	0.01	0.08819674005
6.01	0	0	0.3784241868	-0.182123369	0.01	0.1451794089	0.01	0.07907877559	0.01	0.07407628256	0.01	0.1431383226	0.01	0.1423327743	0.01	0.08822166509
6.02	-1.755698956e-21	-2.926164926e-19	0.3766363438	-0.1753513412	0.01	0.1451381178	0.01	0.07903632839	0.01	0.07403404628	0.01	0.1431746094	0.01	0.1423710272	0.01	0.08824571316
6.03	-4.099324057e-21	-5.856806318e-19	0.3749163548	-0.1685582021	0.01	0.1450983778	0.01	0.07899547685	0.01	0.07399340036	0.01	0.1432094508	0.01	0.1424077757	0.01	0.08826887467
6.04	0	0	0.3732641629	-0.1617972348	0.01	0.1450601905	0.01	0.07895622265	0.01	0.07395434607	0.01	0.1432428547	0.01	0.1424430254	0.01	0.08829114685
6.05	0	0	0.3716791808	-0.1551211488	0.01	0.1450235455	0.01	0.07891855506	0.01	0.07391687229	0.01	0.1432748392	0.01	0.1424767924	0.01	0.08831253391
6.06	0	0	0.3701603086	-0.1485797196	0.01	0.1449884203	0.01	0.07888245119	0.01	0.07388095579	0.01	0.1433054323	0.01	0.1425091031	0.01	0.08833304701
6.07	0	0	0.3687059744	-0.1422176079	0.01	0.1449547817	0.01	0.07884787682	0.01	0.0738465621	0.01	0.1433346706	0.01	0.1425399932	0.01	0.08835270374
6.08	0	0	0.3673141944	-0.1360724606	0.01	0.1449225866	0.01	0.07881478764	0.01	0.07381364673	0.01	0.1433625987	0.01	0.1425695069	0.01	0.08837152751
6.09	0	0	0.3659826516	-0.130173381	0.01	0.1448917837	0.01	0.07878313106	0.01	0.073782157	0.01	0.1433892679	0.01	0.1425976952	0.01	0.08838954657
6.1	0	0	0.364708786	-0.124539835	0.01	0.1448623159	0.01	0.07875284817	0.01	0.07375203401	0.01	0.1434147336	0.01	0.1426246147	0.01	0.08840679287
6.11	0	0	0.3634898949	-0.1191810393	0.01	0.1448341219	0.01	0.07872387608	0.01	0.07372321497	0.01	0.1434390546	0.01	0.1426503252	0.01	0.08842330082
6.12	-1.178824071e-21	-2.947060177e-19	0.3623232351	-0.1140958524	0.01	0.1448071392	0.01	0.0786961503	0.01	0.07369563557	0.01	0.14346229	0.01	0.1426748881	0.01	0.08843910593
6.13	1.768995634e-21	2.948326057e-19	0.3612061252	-0.109273163	0.01	0.144781306	0.01	0.07866960715	0.01	0.07366923238	0.01	0.1434844981	0.01	0.142698364	0.01	0.08845424346
6.14	0	0	0.3601360411	-0.1046927497	0.01	0.1447565633	0.01	0.078644186	0.01	0.07364394511	0.01	0.1435057343	0.01	0.1427208111	0.01	0.08846874712
6.15	0	0	0.3591107	-0.1003265605	0.01	0.1447328575	0.01	0.07861983137	0.01	0.07361971867	0.01	0.1435260491	0.01	0.1427422833	0.01	0.08848264789
6.16	0	0	0.3581281314	-0.09614034302	0.01	0.1447101414	0.01	0.07859649467	0.01	0.07359650484	0.01	0.1435454871	0.01	0.1427628286	0.01	0.08849597304
6.17	0	0	0.3571867288	-0.09209554003	0.01	0.1446883761	0.01	0.07857413551	0.01	0.07357426367	0.01	0.143564086	0.01	0.1427824881	0.01	0.08850874527
6.18	0	0	0.356285283	-0.08815135643	0.01	0.1446675313	0.01	0.07855272265	0.01	0.07355296432	0.01	0.1435818756	0.01	0.1428012951	0.01	0.08852098226
6.19	0	0	0.3554229933	-0.08426689419	0.01	0.1446475862	0.01	0.07853223436	0.01	0.07353258546	0.01	0.1435988773	0.01	0.1428192743	0.01	0.08853269631
6.2	0	0	0.3545994582	-0.08040325368	0.01	0.1446285292	0.01	0.07851265836	0.01	0.07351311516	0.01	0.1436151051	0.01	0.1428364426	0.01	0.08854389442
6.21	0	0	0.3538146454	-0.07652550195	0.01	0.144610357	0.01	0.07849399127	0.01	0.07349455032	0.01	0.143630565	0.01	0.1428528085	0.01	0.08855457854
6.22	0	0	0.3530688432	-0.0726044175	0.01	0.1445930743	0.01	0.07847623757	0.01	0.07347689566	0.01	0.1436452566	0.01	0.1428683737	0.01	0.08856474614
6.23	0	0	0.3523625964	-0.06861793288	0.01	0.144576692	0.01	0.07845940819	0.01	0.07346016226	0.01	0.1436591738	0.01	0.1428831337	0.01	0.08857439094
6.24	0	0	0.351696629	-0.06455221248	0.01	0.1445612255	0.01	0.0784435188	0.01	0.07344436587	0.01	0.1436723066	0.01	0.1428970794	0.01	0.08858350392
6.25	0	0	0.3510717586	-0.06040232102	0.01	0.1445466929	0.01	0.07842858786	0.01	0.07342952494	0.01	0.1436846425	0.01	0.1429101985	0.01	0.08859207439
6.26	0	0	0.3504888063	-0.05617245817	0.01	0.1445331128	0.01	0.07841463452	0.01	0.07341565857	0.01	0.143696168	0.01	0.1429224776	0.01	0.08860009114
6.27	0	0	0.349948506	-0.05187575589	0.01	0.1445205027	0.01	0.07840167651	0.01	0.07340278433	0.01	0.1437068706	0.01	0.1429339035	0.01	0.08860754367
6.28	0	0	0.3494514186	-0.04753365555	0.01	0.1445088763	0.01	0.07838972809	0.01	0.07339091631	0.01	0.1437167404	0.01	0.1429444652	0.01	0.08861442337
6.29	0	0	0.3489978534	-0.04317490189	0.01	0.1444982424	0.01	0.07837879816	0.01	0.07338006317	0.01	0.1437257716	0.01	0.1429541556	0.01	0.08862072454
6.3	0	0	0.3485878023	-0.03883420829	0.01	0.1444886027	0.01	0.07836888865	0.01	0.07337022657	0.01	0.1437339639	0.01	0.1429629726	0.01	0.08862644539
6.31	0	0	0.3482208879	-0.03455066311	0.01	0.144479951	0.01	0.07835999318	0.01	0.07336139988	0.01	0.1437413232	0.01	0.1429709205	0.01	0.0886315888
6.32	0	0	0.3478963284	-0.03036595788	0.01	0.1444722719	0.01	0.07835209615	0.01	0.07335356721	0.01	0.1437478628	0.01	0.142978011	0.01	0.0886361628
6.33	0	0	0.3476129214	-0.02632252573	0.01	0.1444655407	0.01	0.0783451722	0.01	0.07334670299	0.01	0.1437536039	0.01	0.1429842635	0.01	0.088640181
6.34	0	0	0.3473690454	-0.02246168126	0.01	0.1444597228	0.01	0.07833918619	0.01	0.07334077184	0.01	0.1437585751	0.01	0.1429897053	0.01	0.08864366256
6.35	0	0	0.3471626801	-0.01882185156	0.01	0.1444547747	0.01	0.07833409345	0.01	0.07333572897	0.01	0.1437628127	0.01	0.1429943718	0.01	0.08864663209
6.36	0	0	0.3469914436	-0.01543698178	0.01	0.1444506443	0.01	0.07832984063	0.01	0.07333152091	0.01	0.14376636	0.01	0.1429983056	0.01	0.08864911924
6.37	0	0	0.3468526434	-0.01233518904	0.01	0.1444472719	0.01	0.07832636672	0.01	0.07332808663	0.01	0.1437692664	0.01	0.1430015559	0.01	0.08865115808
6.38	0	0	0.3467433405	-0.009537724327	0.01	0.144444592	0.01	0.07832360451	0.01	0.07332535899	0.01	0.1437715864	0.01	0.1430041777	0.01	0.08865278634
6.39	0	0	0.3466604213	-0.007058286274	0.01	0.1444425346	0.01	0.0783214822	0.01	0.0733232663	0.01	0.1437733782	0.01	0.1430062299	0.01	0.08865404451
6.4	0	0	0.3466006748	-0.004902712112	0.01	0.1444410268	0.01	0.07831992517	0.01	0.07332173413	0.01	0.1437747023	0.01	0.1430077748	0.01	0.08865497482
6.41	0	0	0.3465608706	-0.003069052424	0.01	0.1444399949	0.01	0.0783188578	0.01	0.07332068714	0.01	0.1437756202	0.01	0.1430088758	0.01	0.08865562024
6.42	0	0	0.3465378352	-0.001548017338	0.01	0.1444393661	0.01	0.07831820528	0.01	0.07332005085	0.01	0.1437761929	0.01	0.1430095963	0.01	0.08865602343
6.43	0	0	0.3465285207	-0.0003237641465	0.01	0.1444390699	0.01	0.07831789526	0.01	0.07331975327	0.01	0.1437764795	0.01	0.1430099985	0.01	0.08865622578
6.44	0	0	0.3465300652	0.0006248290264	0.01	0.1444390334	0.01	0.07831785341	0.01	0.07331971956	0.01	0.1437765327	0.01	0.1430101414	0.01	0.08865626439
6.45	0	0	0.3465398285	0.001320796853	0.01	0.1444391665	0.01	0.07831798494	0.01	0.07331985995	0.01	0.1437763797	0.01	0.1430100471	0.01	0.08865615774
6.46	0	0	0.3465554183	0.001791325817	0.01	0.144439449	0.01	0.07831826931	0.01	0.07332015332	0.01	0.143776103	0.01	0.1430097814	0.01	0.08865596405
6.47	0	0	0.346574729	0.002066317795	0.01	0.1444398413	0.01	0.07831866742	0.01	0.07332055767	0.01	0.1437757471	0.01	0.1430094232	0.01	0.08865571471
6.48	0	0	0.3465959566	0.002176028464	0.01	0.1444403001	0.01	0.07831913545	0.01	0.07332102876	0.01	0.1437753476	0.01	0.1430090134	0.01	0.08865543477
6.49	0	0	0.3466175902	0.002148712197	0.01	0.1444407877	0.01	0.07831963436	0.01	0.07332152797	0.01	0.1437749346	0.01	0.1430085844	0.01	0.08865514528
6.5	0	0	0.3466383829	0.002008954941	0.01	0.1444412722	0.01	0.07832013132	0.01	0.07332202296	0.01	0.1437745329	0.01	0.143008163	0.01	0.08865486365
6.51	0	0	0.346657309	0.001776385775	0.01	0.1444417273	0.01	0.07832059919	0.01	0.07332248709	0.01	0.1437741629	0.01	0.1430077712	0.01	0.08865460421
6.52	0	0	0.3466735256	0.001467948325	0.01	0.1444421314	0.01	0.07832101561	0.01	0.07332289842	0.01	0.1437738414	0.01	0.1430074272	0.01	0.08865437874
6.53	0	0	0.3466864067	0.001110052052	0.01	0.1444424674	0.01	0.07832136284	0.01	0.07332323961	0.01	0.1437735814	0.01	0.1430071452	0.01	0.08865419633
6.54	0	0	0.3466956468	0.0007402475719	0.01	0.1444427243	0.01	0.07832162934	0.01	0.07332349959	0.01	0.1437733901	0.01	0.1430069338	0.01	0.08865406207
6.55	0	0	0.3467013608	0.0004049946934	0.01	0.1444428995	0.01	0.0783218121	0.01	0.07332367594	0.01	0.1437732671	0.01	0.1430067939	0.01	0.08865397572
6.56	0	0	0.3467041603	0.0001570302885	0.01	0.1444430006	0.01	0.07832191863	0.01	0.07332377686	0.01	0.1437732029	0.01	0.1430067172	0.01	0.08865393057
6.57	0	0	0.3467052015	5.250664538e-05	0.01	0.1444430471	0.01	0.07832196851	0.01	0.07332382267	0.01	0.1437731775	0.01	0.1430066847	0.01	0.08865391275
6.58	0	0	0.3467062051	0.0001480492568	0.01	0.1444430712	0.01	0.07832199419	0.01	0.07332384661	0.01	0.1437731606	0.01	0.1430066664	0.01	0.08865390085
6.59	0	0	0.3467094459	0.0004978784399	0.01	0.1444431178	0.01	0.07832204125	0.01	0.07332389495	0.01	0.1437731107	0.01	0.1430066211	0.01	0.088653866
6.6	0	0	0.3467177158	0.00115113133	0.01	0.1444432441	0.01	0.07832216786	0.01	0.07332402652	0.01	0.1437729766	0.01	0.143006497	0.01	0.0886537723
6.61	0	0	0.3467342605	0.00214950683	0.01	0.1444435184	0.01	0.07832244377	0.01	0.07332431158	0.01	0.1437726981	0.01	0.1430062328	0.01	0.08865357754
6.62	0	0	0.3467626957	0.003525336353	0.01	0.1444440187	0.01	0.07832294859	0.01	0.07332483011	0.01	0.1437722074	0.01	0.1430057592	0.01	0.08865323431
6.63	0	0	0.3468069062	0.005300158854	0.01	0.1444448305	0.01	0.07832376978	0.01	0.07332566973	0.01	0.1437714314	0.01	0.1430050005	0.01	0.0886526913
6.64	0	0	0.3468709335	0.007483851163	0.01	0.1444460443	0.01	0.07832500011	0.01	0.07332692319	0.01	0.1437702932	0.01	0.1430038773	0.01	0.08865189477
6.65	0	0	0.3469588573	0.01007433574	0.01	0.1444477532	0.01	0.07832673507	0.01	0.07332868573	0.01	0.1437687147	0.01	0.1430023083	0.01	0.08865079013
6.66	0	0	0.3470746778	0.01305785926	0.01	0.14445005	0.01	0.07832907003	0.01	0.07333105226	0.01	0.1437666189	0.01	0.1430002128	0.01	0.08864932352
6.67	0	0	0.3472222029	0.01640980848	0.01	0.1444530248	0.01	0.07833209752	0.01	0.07333411468	0.01	0.1437639318	0.01	0.1429975131	0.01	0.08864744335
6.68	0	0	0.3474049457	0.02009600594	0.01	0.1444567621	0.01	0.07833590465	0.01	0.07333795929	0.01	0.1437605845	0.01	0.1429941365	0.01	0.08864510172
6.69	0	0	0.3476260381	0.02407440829	0.01	0.1444613389	0.01	0.0783405708	0.01	0.07334266455	0.01	0.143756515	0.01	0.1429900169	0.01	0.0886422556
6.7	0	0	0.3478881614	0.02829711466	0.01	0.1444668228	0.01	0.07834616569	0.01	0.07334829915	0.01	0.1437516693	0.01	0.1429850968	0.01	0.08863886787
6.71	0	0	0.3481934998	0.0327125827	0.01	0.1444732704	0.01	0.07835274796	0.01	0.07335492067	0.01	0.1437460027	0.01	0.1429793277	0.01	0.08863490793
6.72	0	0	0.3485437149	0.03726794443	0.01	0.1444807267	0.01	0.07836036417	0.01	0.07336257462	0.01	0.1437394801	0.01	0.1429726714	0.01	0.0886303522
6.73	0	0	0.3489399445	0.04191131418	0.01	0.1444892246	0.01	0.07836904849	0.01	0.07337129417	0.01	0.1437320763	0.01	0.1429651	0.01	0.08862518414
6.74	0	0	0.3493828232	0.04659398511	0.01	0.1444987852	0.01	0.07837882282	0.01	0.0733811003	0.01	0.1437237756	0.01	0.1429565955	0.01	0.08861939404
6.75	0	0	0.3498725247	0.05127241901	0.01	0.1445094182	0.01	0.07838969752	0.01	0.07339200255	0.01	0.1437145711	0.01	0.1429471492	0.01	0.08861297855
6.76	0	0	0.3504088217	0.05590994637	0.01	0.1445211235	0.01	0.07840167259	0.01	0.07340400028	0.01	0.1437044637	0.01	0.1429367607	0.01	0.08860593987
6.77	0	0	0.3509911613	0.06047810846	0.01	0.1445338923	0.01	0.07841473929	0.01	0.07341708424	0.01	0.1436934608	0.01	0.1429254366	0.01	0.08859828483
6.78	0	0	0.3516187522	0.06495759064	0.01	0.1445477093	0.01	0.07842888204	0.01	0.07343123854	0.01	0.1436815742	0.01	0.1429131887	0.01	0.0885900237
6.79	0	0	0.3522906584	0.06933871511	0.01	0.1445625549	0.01	0.07844408064	0.01	0.0734464428	0.01	0.1436688193	0.01	0.1429000323	0.01	0.08858116898
6.8	0	0	0.3530058959	0.07362148146	0.01	0.1445784071	0.01	0.0784603125	0.01	0.07346267442	0.01	0.1436552122	0.01	0.1428859843	0.01	0.08857173411
6.81	0	0	0.3537635275	0.07781516381	0.01	0.1445952438	0.01	0.07847755493	0.01	0.07347991087	0.01	0.1436407688	0.01	0.1428710613	0.01	0.08856173216
6.82	0	0	0.3545627512	0.08193749267	0.01	0.144613045	0.01	0.0784957874	0.01	0.07349813186	0.01	0.1436255023	0.01	0.1428552775	0.01	0.08855117464
6.83	0	0	0.3554029791	0.08601346816	0.01	0.144631795	0.01	0.07851499347	0.01	0.07351732131	0.01	0.1436094222	0.01	0.1428386436	0.01	0.08854007045
6.84	0	0	0.3562839026	0.09007386693	0.01	0.1446514836	0.01	0.07853516256	0.01	0.07353746906	0.01	0.1435925326	0.01	0.1428211647	0.01	0.0885284249
6.85	0	0	0.3572055414	0.09415351822	0.01	0.1446721077	0.01	0.0785562913	0.01	0.07355857219	0.01	0.1435748315	0.01	0.1428028399	0.01	0.0885162391
6.86	0	0	0.3581682744	0.09828943335	0.01	0.1446936721	0.01	0.07857838448	0.01	0.07358063599	0.01	0.1435563096	0.01	0.1427836607	0.01	0.08850350942
6.87	0	0	0.3591728523	0.1025188784	0.01	0.1447161902	0.01	0.0786014556	0.01	0.07360367441	0.01	0.1435369505	0.01	0.1427636112	0.01	0.08849022732
6.88	0	0	0.3602203901	0.1068774808	0.01	0.1447396839	0.01	0.07862552694	0.01	0.07362771012	0.01	0.1435167302	0.01	0.1427426675	0.01	0.08847637939
6.89	0	0	0.3613123422	0.1113974556	0.01	0.1447641832	0.01	0.07865062915	0.01	0.07365277412	0.01	0.1434956177	0.01	0.1427207988	0.01	0.08846194764
6.9	0	0	0.3624504602	0.1161060331	0.01	0.1447897257	0.01	0.07867680048	0.01	0.0736789049	0.01	0.1434735759	0.01	0.142697967	0.01	0.08844691005
6.91	0	0	0.3636367361	0.1210241527	0.01	0.1448163549	0.01	0.0787040856	0.01	0.07370614727	0.01	0.1434505619	0.01	0.1426741286	0.01	0.08843124124
6.92	0	0	0.3648733351	0.1261654804	0.01	0.1448441193	0.01	0.07873253414	0.01	0.0737345509	0.01	0.1434265292	0.01	0.1426492354	0.01	0.08841491342
6.93	0	0	0.3661625191	0.1315357851	0.01	0.1448730704	0.01	0.07876219893	0.01	0.07376416852	0.01	0.143401428	0.01	0.1426232362	0.01	0.08839789732
6.94	0	0	0.3675065667	0.1371326943	0.01	0.1449032612	0.01	0.07879313418	0.01	0.07379505416	0.01	0.1433752078	0.01	0.1425960783	0.01	0.08838016332
6.95	0	0	0.3689076926	0.1429458325	0.01	0.1449347439	0.01	0.07882539355	0.01	0.07382726115	0.01	0.143347818	0.01	0.142567709	0.01	0.08836168249
6.96	-3.524530705e-21	-1.174843568e-18	0.3703679698	0.1489573254	0.01	0.1449675682	0.01	0.07885902818	0.01	0.07386084026	0.01	0.1433192101	0.01	0.1425380772	0.01	0.08834242764
6.97	0	0	0.3718892589	0.1551426382	0.01	0.1450017799	0.01	0.07889408501	0.01	0.07389583795	0.01	0.143289339	0.01	0.1425071352	0.01	0.08832237429
6.98	2.347132354e-21	2.933915442e-19	0.3734731474	0.1614717042	0.01	0.1450374188	0.01	0.07893060512	0.01	0.07393229478	0.01	0.1432581638	0.01	0.1424748398	0.01	0.08830150153
6.99	0	0	0.3751209009	0.1679102824	0.01	0.1450745179	0.01	0.07896862242	0.01	0.07397024415	0.01	0.1432256495	0.01	0.1424411533	0.01	0.08827979267
7	0	0	0.3768334292	0.174421482	0.01	0.1451131022	0.01	0.07900816271	0.01	0.07400971131	0.01	0.1431917674	0.01	0.1424060447	0.01	0.08825723572
7.01	0	0	0.3786112678	0.1809673766	0.01	0.145153188	0.01	0.079049243	0.01	0.07405071277	0.01	0.1431564956	0.01	0.1423694902	0.01	0.0882338237
7.02	0	0	0.3804545759	0.1875106378	0.01	0.145194783	0.01	0.07909187131	0.01	0.07409325608	0.01	0.1431198194	0.01	0.1423314732	0.01	0.08820955468
7.03	2.337384817e-21	2.921731021e-19	0.38236315	0.1940161112	0.01	0.1452378862	0.01	0.07913604682	0.01	0.07413734001	0.01	0.1430817311	0.01	0.1422919844	0.01	0.08818443165
7.04	0	0	0.3843364536	0.2004522651	0.01	0.1452824885	0.01	0.07918176038	0.01	0.07418295512	0.01	0.1430422294	0.01	0.1422510215	0.01	0.08815846212
7.05	0	0	0.3863736591	0.2067924503	0.01	0.1453285737	0.01	0.07922899543	0.01	0.07423008461	0.01	0.1430013189	0.01	0.1422085883	0.01	0.08813165762
7.06	0	0	0.3884737019	0.2130159142	0.01	0.1453761192	0.01	0.07927772917	0.01	0.07427870555	0.01	0.1429590091	0.01	0.1421646939	0.01	0.088104033
7.07	1.745765504e-21	2.909609173e-19	0.3906353435	0.2191085298	0.01	0.1454250981	0.01	0.07932793396	0.01	0.07432879027	0.01	0.1429153131	0.01	0.1421193515	0.01	0.08807560558
7.08	1.743884018e-21	2.906473363e-19	0.3928572392	0.2250632087	0.01	0.14547548	0.01	0.07937957893	0.01	0.07438030795	0.01	0.1428702465	0.01	0.142072577	0.01	0.08804639428
7.09	0	0	0.3951380094	0.230879985	0.01	0.1455272332	0.01	0.07943263163	0.01	0.0744332263	0.01	0.1428238261	0.01	0.1420243877	0.01	0.08801641865
7.1	0	0	0.3974763093	0.2365657699	0.01	0.1455803262	0.01	0.07948705973	0.01	0.07448751321	0.01	0.142776068	0.01	0.1419748006	0.01	0.08798569797
7.11	0	0	0.3998708952	0.2421337943	0.01	0.1456347289	0.01	0.07954283267	0.01	0.07454313838	0.01	0.1427269869	0.01	0.1419238313	0.01	0.08795425035
7.12	0	0	0.4023206833	0.2476027676	0.01	0.1456904147	0.01	0.07959992308	0.01	0.07460007479	0.01	0.1426765943	0.01	0.1418714924	0.01	0.08792209192
7.13	0	0	0.404824799	0.2529957965	0.01	0.1457473612	0.01	0.0796583081	0.01	0.07465829993	0.01	0.1426248977	0.01	0.1418177923	0.01	0.08788923616
7.14	-2.309192864e-21	-2.88649108e-19	0.4073826146	0.2583391172	0.01	0.1458055514	0.01	0.07971797036	0.01	0.07471779681	0.01	0.1425718996	0.01	0.1417627346	0.01	0.08785569341
7.15	-8.070627976e-21	-1.152946854e-18	0.4099937737	0.2636607017	0.01	0.1458649746	0.01	0.07977889871	0.01	0.07477855464	0.01	0.1425175968	0.01	0.1417063169	0.01	0.08782147047
7.16	0	0	0.4126582009	0.2689888054	0.01	0.1459256261	0.01	0.07984108856	0.01	0.07484056918	0.01	0.1424619803	0.01	0.1416485307	0.01	0.08778657048
7.17	0	0	0.415376098	0.2743505247	0.01	0.1459875079	0.01	0.07990454194	0.01	0.07490384276	0.01	0.1424050348	0.01	0.1415893612	0.01	0.08775099292
7.18	0	0	0.4181479248	0.2797704308	0.01	0.1460506282	0.01	0.07996926715	0.01	0.07496838395	0.01	0.1423467394	0.01	0.1415287874	0.01	0.08771473387
7.19	0	0	0.4209743682	0.285269344	0.01	0.1461150006	0.01	0.08003527817	0.01	0.07503420693	0.01	0.1422870677	0.01	0.1414667828	0.01	0.08767778634
7.2	0	-2.859295577e-19	0.4238562993	0.2908633023	0.01	0.1461806431	0.01	0.08010259368	0.01	0.07510133052	0.01	0.1422259888	0.01	0.1414033158	0.01	0.08764014089
7.21	0	0	0.4267947216	0.2965627705	0.01	0.1462475776	0.01	0.08017123596	0.01	0.07516977707	0.01	0.1421634683	0.01	0.1413383511	0.01	0.0876017862
7.22	0	0	0.4297907126	0.3023721236	0.01	0.1463158278	0.01	0.0802412295	0.01	0.07523957107	0.01	0.1420994691	0.01	0.1412718505	0.01	0.08756270992
7.23	0	0	0.4328453618	0.3082894238	0.01	0.1463854181	0.01	0.08031259958	0.01	0.07531073775	0.01	0.1420339534	0.01	0.1412037745	0.01	0.08752289942
7.24	0	0	0.4359597081	0.3143064981	0.01	0.1464563724	0.01	0.08038537074	0.01	0.07538330155	0.01	0.1419668831	0.01	0.1411340836	0.01	0.08748234263
7.25	0	0	0.4391346789	0.3204093081	0.01	0.1465287123	0.01	0.08045956534	0.01	0.07545728464	0.01	0.1418982219	0.01	0.1410627394	0.01	0.08744102884
7.26	0	0	0.4423710352	0.3265785913	0.01	0.1466024557	0.01	0.08053520215	0.01	0.0755327056	0.01	0.1418279361	0.01	0.1409897066	0.01	0.08739894941
7.27	-1.924511416e-20	-2.830152241e-18	0.4456693231	0.3327907401	0.01	0.1466776161	0.01	0.08061229516	0.01	0.07560957822	0.01	0.1417559962	0.01	0.1409149534	0.01	0.08735609847
7.28	0	5.643453639e-19	0.4490298364	0.339018874	0.01	0.1467542011	0.01	0.08069085256	0.01	0.07568791045	0.01	0.1416823772	0.01	0.1408384532	0.01	0.08731247335
7.29	0	0	0.4524525894	0.3452340541	0.01	0.1468322118	0.01	0.08077087601	0.01	0.07576770374	0.01	0.14160706	0.01	0.140760185	0.01	0.08726807502
7.3	-1.124950415e-21	-5.624752075e-19	0.4559373032	0.35140658	0.01	0.1469116429	0.01	0.08085236022	0.01	0.07584895261	0.01	0.1415300316	0.01	0.1406801343	0.01	0.08722290823
7.31	4.496405343e-21	1.12324227e-18	0.4594834047	0.3575073089	0.01	0.1469924817	0.01	0.08093529278	0.01	0.07593164447	0.01	0.1414512854	0.01	0.1405982932	0.01	0.08717698159
7.32	-1.57042527e-20	-2.243464671e-18	0.4630900382	0.363508935	0.01	0.1470747091	0.01	0.08101965438	0.01	0.07601575991	0.01	0.1413708211	0.01	0.1405146602	0.01	0.0871303074
7.33	2.243052653e-21	4.42319935e-22	0.4667560904	0.3693871698	0.01	0.1471582995	0.01	0.08110541927	0.01	0.0761012731	0.01	0.1412886442	0.01	0.1404292403	0.01	0.08708290136
7.34	4.470106314e-21	5.587632892e-19	0.4704802251	0.3751217693	0.01	0.1472432218	0.01	0.08119255604	0.01	0.07618815262	0.01	0.141204766	0.01	0.1403420441	0.01	0.08703478212
7.35	0	0	0.474260928	0.3806973618	0.01	0.1473294406	0.01	0.08128102863	0.01	0.07627636245	0.01	0.1411192019	0.01	0.1402530874	0.01	0.08698597072
7.36	-8.894719786e-21	-2.77957065e-18	0.4780965589	0.3861040389	0.01	0.147416917	0.01	0.08137079749	0.01	0.07636586315	0.01	0.1410319711	0.01	0.1401623894	0.01	0.08693648991
7.37	-2.442479477e-20	-3.885698282e-18	0.4819854072	0.3913376845	0.01	0.1475056098	0.01	0.08146182091	0.01	0.07645661315	0.01	0.1409430951	0.01	0.1400699723	0.01	0.08688636342
7.38	-1.106781346e-21	-5.533906731e-19	0.4859257506	0.3964000286	0.01	0.1475954775	0.01	0.08155405638	0.01	0.07654857018	0.01	0.1408525966	0.01	0.1399758595	0.01	0.08683561523
7.39	0	0	0.4899159125	0.4012984255	0.01	0.147686479	0.01	0.08164746203	0.01	0.07664169259	0.01	0.1407604978	0.01	0.1398800744	0.01	0.08678426881
7.4	2.317362477e-20	3.309351777e-18	0.4939543156	0.4060453695	0.01	0.147778575	0.01	0.08174199785	0.01	0.07673594066	0.01	0.1406668197	0.01	0.139782639	0.01	0.08673234638
7.41	0	0	0.4980395299	0.4106577728	0.01	0.1478717294	0.01	0.08183762696	0.01	0.0768312778	0.01	0.1405715806	0.01	0.1396835729	0.01	0.08667986836
7.42	2.193206091e-21	2.193206091e-18	0.5021703119	0.4151560429	0.01	0.1479659102	0.01	0.08193431652	0.01	0.07692767152	0.01	0.140474795	0.01	0.1395828919	0.01	0.08662685277
7.43	6.567345365e-21	2.189115122e-18	0.5063456348	0.419563004	0.01	0.14806109	0.01	0.08203203861	0.01	0.07702509418	0.01	0.1403764729	0.01	0.1394806072	0.01	0.08657331487
7.44	-8.734759395e-21	-4.366859789e-18	0.5105647059	0.4239027157	0.01	0.1481572468	0.01	0.08213077065	0.01	0.07712352352	0.01	0.1402766193	0.01	0.1393767249	0.01	0.08651926689
7.45	3.270451267e-21	5.450752111e-19	0.5148269735	0.4281992466	0.01	0.148254364	0.01	0.08223049566	0.01	0.07722294287	0.01	0.1401752337	0.01	0.1392712453	0.01	0.08646471797
7.46	0	-5.429644981e-19	0.5191321206	0.4324754614	0.01	0.1483524305	0.01	0.08233120223	0.01	0.07732334104	0.01	0.14007231	0.01	0.1391641631	0.01	0.08640967415
7.47	-1.074715704e-21	-1.62515573e-18	0.523480047	0.4367518789	0.01	0.1484514401	0.01	0.08243288413	0.01	0.07742471205	0.01	0.1399678371	0.01	0.1390554674	0.01	0.08635413865
7.48	-2.380575248e-20	-4.868449932e-18	0.527870841	0.4410456568	0.01	0.1485513913	0.01	0.08253553973	0.01	0.07752705442	0.01	0.1398617988	0.01	0.1389451422	0.01	0.08629811217
7.49	-3.238400607e-21	-5.397334346e-19	0.5323047413	0.4453697477	0.01	0.148652286	0.01	0.08263917113	0.01	0.07763037042	0.01	0.1397541751	0.01	0.1388331674	0.01	0.08624159339
7.5	0	0	0.5367820919	0.4497322686	0.01	0.1487541288	0.01	0.08274378319	0.01	0.07773466498	0.01	0.1396449431	0.01	0.1387195193	0.01	0.08618457953
7.51	-2.577624522e-20	-4.295855637e-18	0.5413032919	0.4541361085	0.01	0.1488569259	0.01	0.08284938231	0.01	0.07783994455	0.01	0.1395340777	0.01	0.1386041723	0.01	0.08612706697
7.52	0	0	0.5458687419	0.4585787934	0.01	0.1489606836	0.01	0.08295597523	0.01	0.07794621586	0.01	0.1394215534	0.01	0.1384870998	0.01	0.08606905194
7.53	1.067220542e-21	5.336102709e-19	0.5504787918	0.4630526102	0.01	0.1490654074	0.01	0.08306356774	0.01	0.0780534847	0.01	0.1393073453	0.01	0.1383682758	0.01	0.08601053118
7.54	0	0	0.5551336898	0.4675449837	0.01	0.1491711004	0.01	0.08317216352	0.01	0.07816175465	0.01	0.1391914304	0.01	0.138247676	0.01	0.0859515026
7.55	6.379307846e-21	5.321863822e-19	0.5598335367	0.4720390827	0.01	0.1492777627	0.01	0.08328176294	0.01	0.07827102603	0.01	0.1390737891	0.01	0.1381252792	0.01	0.08589196587
7.56	1.164904794e-20	4.764194474e-18	0.5645782479	0.476514627	0.01	0.1493853901	0.01	0.08339236223	0.01	0.07838129495	0.01	0.1389544059	0.01	0.1380010688	0.01	0.08583192289
7.57	3.170476067e-21	5.284126778e-19	0.5693675332	0.4809566859	0.01	0.1494939739	0.01	0.08350395266	0.01	0.07849255262	0.01	0.1388332706	0.01	0.1378750332	0.01	0.08577104823
7.58	3.16164107e-21	5.269401783e-19	0.5742013812	0.4854439094	0.01	0.1496035071	0.01	0.0836165272	0.01	0.07860479222	0.01	0.1387103702	0.01	0.1377471599	0.01	0.08570883049
7.59	-3.152733434e-21	-5.254555724e-19	0.5790804165	0.489991062	0.01	0.1497139982	0.01	0.08373009409	0.01	0.07871802245	0.01	0.1385856742	0.01	0.1376174198	0.01	0.08564606727
7.6	-1.362834207e-20	-1.573079718e-18	0.5840050547	0.4945610303	0.01	0.1498254548	0.01	0.08384466151	0.01	0.07883225134	0.01	0.1384591534	0.01	0.1374857816	0.01	0.08558278562
7.61	1.882454955e-20	2.091616617e-18	0.5889753101	0.4991112413	0.01	0.1499378757	0.01	0.08396022891	0.01	0.0789474781	0.01	0.1383307876	0.01	0.1373522231	0.01	0.08551898595
7.62	-5.215395679e-21	-5.215395679e-19	0.5939907586	0.5035966893	0.01	0.1500512497	0.01	0.08407678559	0.01	0.07906369179	0.01	0.138200568	0.01	0.1372167331	0.01	0.08545467383
7.63	-2.07451619e-21	-2.07451619e-18	0.5990505248	0.5079720938	0.01	0.1501655554	0.01	0.08419431026	0.01	0.07918087092	0.01	0.1380684974	0.01	0.1370793128	0.01	0.08538986059
7.64	2.063378195e-21	1.551402879e-18	0.6041532895	0.5121940382	0.01	0.150280761	0.01	0.08431277114	0.01	0.07929898352	0.01	0.1379345909	0.01	0.1369399758	0.01	0.08532456321
7.65	5.173004643e-21	1.556364986e-21	0.6092973187	0.5162230019	0.01	0.1503968252	0.01	0.0844321265	0.01	0.07941798777	0.01	0.1377988752	0.01	0.136798748	0.01	0.08525880401
7.66	3.092221561e-21	9.396189566e-22	0.6144805119	0.5200251876	0.01	0.150513698	0.01	0.08455232575	0.01	0.07953783303	0.01	0.1376613878	0.01	0.136655667	0.01	0.08519261003
7.67	-2.058365248e-21	1.536062217e-18	0.6197004669	0.5235740604	0.01	0.1506313223	0.01	0.08467331086	0.01	0.07965846131	0.01	0.137522176	0.01	0.1365107803	0.01	0.08512601226
7.68	0	0	0.6249545587	0.5268515253	0.01	0.1507496357	0.01	0.08479501819	0.01	0.07977980906	0.01	0.1373812945	0.01	0.136364144	0.01	0.08505904458
7.69	0	0	0.6302400273	0.5298486902	0.01	0.1508685724	0.01	0.0849173805	0.01	0.0799018092	0.01	0.1372388039	0.01	0.1362158203	0.01	0.08499174271
7.7	0	0	0.6355540716	0.5325661799	0.01	0.1509880651	0.01	0.08504032914	0.01	0.0800243933	0.01	0.1370947679	0.01	0.1360658752	0.01	0.08492414297
7.71	0	0	0.6408939439	0.5350139905	0.01	0.1511080479	0.01	0.08516379627	0.01	0.08014749381	0.01	0.1369492509	0.01	0.1359143757	0.01	0.08485628112
7.72	0	0	0.6462570406	0.5372108919	0.01	0.1512284575	0.01	0.08528771698	0.01	0.08027104614	0.01	0.1368023156	0.01	0.1357613875	0.01	0.08478819113
7.73	0	0	0.6516409847	0.5391834131	0.01	0.1513492357	0.01	0.08541203128	0.01	0.08039499067	0.01	0.1366540203	0.01	0.1356069723	0.01	0.08471990418
7.74	0	0	0.6570436968	0.5409644611	0.01	0.1514703309	0.01	0.08553668583	0.01	0.08051927442	0.01	0.136504417	0.01	0.1354511855	0.01	0.0846514477
7.75	0	0	0.6624634503	0.5425916437	0.01	0.1515916993	0.01	0.08566163523	0.01	0.08064385238	0.01	0.1363535497	0.01	0.1352940742	0.01	0.08458284469
7.76	0	0	0.6678989089	0.5441053799	0.01	0.1517133058	0.01	0.08578684302	0.01	0.08076868847	0.01	0.1362014525	0.01	0.1351356756	0.01	0.08451411314
7.77	0	0	0.6733491448	0.5455468929	0.01	0.1518351248	0.01	0.08591228219	0.01	0.08089375601	0.01	0.1360481492	0.01	0.1349760164	0.01	0.08444526587
7.78	0	0	0.6788136363	0.5469561837	0.01	0.1519571398	0.01	0.08603793517	0.01	0.08101903776	0.01	0.1358936524	0.01	0.1348151117	0.01	0.08437631046
7.79	0	0	0.6842922459	0.5483700845	0.01	0.1520793428	0.01	0.08616379345	0.01	0.08114452548	0.01	0.1357379644	0.01	0.1346529654	0.01	0.08430724954
7.8	0	0	0.68978518	0.5498204876	0.01	0.1522017342	0.01	0.08628985669	0.01	0.08127021903	0.01	0.1355810773	0.01	0.1344895712	0.01	0.08423808124
7.81	0	0	0.6952929313	0.5513328336	0.01	0.1523243207	0.01	0.08641613147	0.01	0.08139612518	0.01	0.1354229746	0.01	0.1343249133	0.01	0.08416879992
7.82	0	0	0.7008162088	0.5529249302	0.01	0.1524471144	0.01	0.08654262974	0.01	0.08152225596	0.01	0.1352636328	0.01	0.1341589685	0.01	0.08409939704
7.83	0	0	0.7063558574	0.5546061567	0.01	0.1525701304	0.01	0.08666936699	0.01	0.08164862689	0.01	0.1351030236	0.01	0.133991708	0.01	0.08402986214
7.84	0	0	0.7119127712	0.5563770876	0.01	0.1526933854	0.01	0.08679636028	0.01	0.08177525502	0.01	0.134941116	0.01	0.1338231001	0.01	0.08396018392
7.85	0	0	0.7174878064	0.5582295501	0.01	0.1528168956	0.01	0.08692362625	0.01	0.0819021569	0.01	0.1347778793	0.01	0.1336531127	0.01	0.08389035135
7.86	0	0	0.7230816958	0.5601471067	0.01	0.1529406745	0.01	0.08705117913	0.01	0.08202934663	0.01	0.134613285	0.01	0.1334817157	0.01	0.08382035474
7.87	-1.1543516e-20	-3.847838668e-18	0.7286949705	0.5621059353	0.01	0.1530647315	0.01	0.08717902892	0.01	0.08215683407	0.01	0.1344473096	0.01	0.1333088839	0.01	0.08375018675
7.88	2.687214367e-20	4.798193958e-18	0.7343278925	0.5640760586	0.01	0.1531890701	0.01	0.08730717981	0.01	0.08228462322	0.01	0.1342799368	0.01	0.1331345992	0.01	0.08367984323
7.89	3.064102399e-20	2.874277861e-18	0.7399804005	0.5660228595	0.01	0.1533136869	0.01	0.08743562888	0.01	0.08241271095	0.01	0.1341111595	0.01	0.1329588526	0.01	0.08360932393
7.9	3.792786817e-21	4.759413202e-18	0.7456520724	0.5679088051	0.01	0.1534385706	0.01	0.08756436516	0.01	0.08254108612	0.01	0.1339409808	0.01	0.1327816457	0.01	0.08353863299
7.91	1.524607706e-20	-9.435316456e-19	0.7513421049	0.569695294	0.01	0.1535637015	0.01	0.08769336917	0.01	0.08266972907	0.01	0.1337694155	0.01	0.1326029922	0.01	0.08346777924
7.92	-9.485185934e-21	-9.485185934e-19	0.7570493131	0.5713445345	0.01	0.1536890515	0.01	0.08782261279	0.01	0.08279861154	0.01	0.1335964905	0.01	0.1324229179	0.01	0.08339677621
7.93	4.158200429e-20	3.782884581e-18	0.7627721467	0.5728213635	0.01	0.1538145846	0.01	0.08795205962	0.01	0.08292769698	0.01	0.1334222444	0.01	0.1322414614	0.01	0.08332564196
7.94	9.415733095e-21	9.423137469e-19	0.7685087266	0.5740962862	0.01	0.1539402573	0.01	0.0880816657	0.01	0.0830569414	0.01	0.133246727	0.01	0.1320582555	0.01	0.08325439869
7.95	-3.745847862e-21	-3.745847862e-18	0.7742573524	0.5752761769	0.01	0.1540660266	0.01	0.08821138606	0.01	0.08318630007	0.01	0.1330699911	0.01	0.131867612	0.01	0.08318306882
7.96	5.604678429e-21	1.868022221e-18	0.7800180405	0.5765216537	0.01	0.1541918825	0.01	0.08834120723	0.01	0.08331576056	0.01	0.1328920483	0.01	0.1316737049	0.01	0.08311165653
7.97	-2.054758183e-20	9.233340565e-19	0.7857915607	0.5778597796	0.01	0.1543178373	0.01	0.08847114063	0.01	0.08344533472	0.01	0.1327128759	0.01	0.131478251	0.01	0.08304007485
7.98	-7.445224401e-21	-2.430083016e-21	0.7915791346	0.5793367146	0.01	0.1544439128	0.01	0.08860120749	0.01	0.08357504399	0.01	0.1325324375	0.01	0.1312814121	0.01	0.08296785267
7.99	1.666557864e-20	2.77739461e-18	0.7973819215	0.5809023097	0.01	0.1545701324	0.01	0.08873143234	0.01	0.08370491278	0.01	0.1323506906	0.01	0.1310831651	0.01	0.0828948613
8	-1.473793987e-20	-8.293565292e-18	0.8032004886	0.5824930296	0.01	0.1546965077	0.01	0.08886182816	0.01	0.08383495368	0.01	0.1321676081	0.01	0.1308834803	0.01	0.08282108732
8.01	5.518628902e-21	1.798276028e-21	0.8090347428	0.584040392	0.01	0.1548230358	0.01	0.08899239343	0.01	0.08396516477	0.01	0.1319831824	0.01	0.1306823467	0.01	0.08274652686
8.02	-9.159394706e-21	-1.832955607e-18	0.8148838978	0.5854743279	0.01	0.1549496989	0.01	0.08912311124	0.01	0.08409552876	0.01	0.1317974276	0.01	0.1304797766	0.01	0.08267118494
8.03	2.559462597e-20	3.656375139e-18	0.8207464756	0.5867265685	0.01	0.1550764642	0.01	0.08925394925	0.01	0.08422601301	0.01	0.1316103801	0.01	0.1302758066	0.01	0.08259507596
8.04	5.464983125e-21	9.108305208e-19	0.8266203405	0.5877338974	0.01	0.1552032846	0.01	0.08938486038	0.01	0.08435657017	0.01	0.1314220984	0.01	0.1300704982	0.01	0.08251822363
8.05	9.070583739e-21	2.72129249e-18	0.832502765	0.5884411162	0.01	0.1553301002	0.01	0.08951578422	0.01	0.08448713965	0.01	0.131232662	0.01	0.1298639356	0.01	0.08244066058
8.06	-5.425029548e-21	-1.808148814e-18	0.8383905224	0.5888035869	0.01	0.1554568404	0.01	0.08964664903	0.01	0.0846176496	0.01	0.1310421684	0.01	0.1296562243	0.01	0.08236242746
8.07	1.847020103e-21	-5.40121973e-18	0.8442800025	0.5887892335	0.01	0.1555834262	0.01	0.08977737429	0.01	0.08474801951	0.01	0.1308507308	0.01	0.1294474867	0.01	0.08228357168
8.08	-3.595105562e-20	-1.078060679e-17	0.8501673447	0.5883799132	0.01	0.1557097734	0.01	0.08990787367	0.01	0.08487816311	0.01	0.1306584736	0.01	0.1292378588	0.01	0.08220414593
8.09	3.22993788e-20	2.69398972e-18	0.85604858	0.5875720987	0.01	0.1558357953	0.01	0.09003805813	0.01	0.08500799156	0.01	0.1304655284	0.01	0.129027485	0.01	0.0821242063
8.1	-3.397699554e-20	-2.685984703e-18	0.8619197778	0.5863768468	0.01	0.1559614062	0.01	0.09016783923	0.01	0.08513741665	0.01	0.1302720292	0.01	0.128816513	0.01	0.08204381036
8.11	-5.343929209e-20	-1.157324908e-17	0.8677771876	0.5848190637	0.01	0.1560865244	0.01	0.09029713226	0.01	0.08526635398	0.01	0.1300781077	0.01	0.1286050887	0.01	0.08196301517
8.12	-4.262921974e-20	-6.216645868e-18	0.8736173706	0.5829361101	0.01	0.156211075	0.01	0.0904258592	0.01	0.08539472589	0.01	0.1298838888	0.01	0.128393351	0.01	0.08188187529
8.13	1.770208554e-21	5.447348488e-22	0.8794373148	0.5807758244	0.01	0.1563349923	0.01	0.09055395124	0.01	0.08552246398	0.01	0.1296894865	0.01	0.1281814273	0.01	0.08180044098
8.14	0	-8.807745141e-19	0.8852345267	0.5783940651	0.01	0.1564582218	0.01	0.09068135091	0.01	0.08564951122	0.01	0.1294950001	0.01	0.1279694293	0.01	0.08171875658
8.15	-1.234792676e-20	-3.739422296e-21	0.891007098	0.5758519013	0.01	0.1565807218	0.01	0.09080801358	0.01	0.08577582339	0.01	0.1293005113	0.01	0.1277574495	0.01	0.08163685925
8.16	3.68595748e-20	7.014887347e-18	0.8967537423	0.5732125927	0.01	0.1567024638	0.01	0.0909339083	0.01	0.08590136995	0.01	0.1291060829	0.01	0.1275455595	0.01	0.08155477803
8.17	-4.200022228e-20	-6.995541851e-18	0.9024738017	0.5705385096	0.01	0.1568234331	0.01	0.09105901804	0.01	0.08602613427	0.01	0.128911757	0.01	0.1273338085	0.01	0.0814725334
8.18	-2.438950672e-20	-6.969753659e-18	0.9081672224	0.5678881467	0.01	0.1569436278	0.01	0.09118333921	0.01	0.08615011309	0.01	0.1287175555	0.01	0.1271222231	0.01	0.08139013717
8.19	-1.388163064e-20	-4.34301637e-18	0.9138345028	0.565313374	0.01	0.1570630581	0.01	0.09130688059	0.01	0.08627331547	0.01	0.128523481	0.01	0.1269108085	0.01	0.08130759291
8.2	3.121576098e-20	4.335494558e-18	0.9194766146	0.5628570565	0.01	0.1571817442	0.01	0.0914296617	0.01	0.08639576112	0.01	0.1283295189	0.01	0.1266995507	0.01	0.08122489678
8.21	2.767100355e-20	4.322089811e-18	0.9250949035	0.5605511533	0.01	0.1572997148	0.01	0.09155171065	0.01	0.08651747831	0.01	0.1281356402	0.01	0.1264884193	0.01	0.08114203865
8.22	5.171214021e-21	8.618690034e-19	0.9306909735	0.5584153801	0.01	0.1574170038	0.01	0.09167306172	0.01	0.08663850135	0.01	0.1279418048	0.01	0.1262773714	0.01	0.08105900367
8.23	1.547973177e-20	1.720344237e-18	0.9362665604	0.5564564897	0.01	0.1575336484	0.01	0.0917937526	0.01	0.08675886791	0.01	0.1277479658	0.01	0.1260663561	0.01	0.08097577397
8.24	2.057429315e-20	5.139540639e-18	0.9418234018	0.5546681942	0.01	0.157649686	0.01	0.09191382164	0.01	0.0868786162	0.01	0.1275540735	0.01	0.1258553193	0.01	0.08089233058
8.25	-3.079469756e-20	-3.421633063e-18	0.9473631099	0.5530317202	0.01	0.1577651515	0.01	0.09203330501	0.01	0.08699778225	0.01	0.1273600803	0.01	0.1256442084	0.01	0.08080865536
8.26	3.750629061e-20	7.669046041e-18	0.9528870518	0.5515169562	0.01	0.1578800751	0.01	0.09215223421	0.01	0.08711639727	0.01	0.1271659443	0.01	0.1254329771	0.01	0.08072473288
8.27	-3.233930685e-20	-1.706092736e-18	0.9583962448	0.5500841262	0.01	0.1579944797	0.01	0.09227063366	0.01	0.08723448544	0.01	0.1269716341	0.01	0.12522159	0.01	0.08064055224
8.28	-2.036699926e-20	-5.084065873e-18	0.9638912704	0.5486858963	0.01	0.1581083792	0.01	0.09238851887	0.01	0.08735206195	0.01	0.1267771314	0.01	0.1250100264	0.01	0.08055610857
8.29	2.028680004e-20	4.226379474e-18	0.9693722105	0.5472698054	0.01	0.1582217774	0.01	0.09250589502	0.01	0.08746913163	0.01	0.1265824345	0.01	0.1247982832	0.01	0.08047140428
8.3	3.205771092e-20	4.218375432e-18	0.9748386101	0.545780895	0.01	0.1583346671	0.01	0.09262275604	0.01	0.08758568809	0.01	0.1263875597	0.01	0.1245863777	0.01	0.08038644997
8.31	-3.359249547e-21	-1.680509417e-18	0.9802894651	0.5441644099	0.01	0.1584470299	0.01	0.09273908432	0.01	0.08770171344	0.01	0.1261925428	0.01	0.124374348	0.01	0.08030126494
8.32	-3.526470133e-20	-3.359711711e-18	0.9857232382	0.5423684361	0.01	0.1585588364	0.01	0.09285485101	0.01	0.08781717853	0.01	0.1259974391	0.01	0.1241622539	0.01	0.08021587722
8.33	-8.366440023e-21	-8.376630923e-19	0.9911378994	0.5403463541	0.01	0.1586700473	0.01	0.09297001676	0.01	0.08793204382	0.01	0.1258023223	0.01	0.123950176	0.01	0.08013032327
8.34	-4.844480875e-20	-5.846297821e-18	0.9965309898	0.5380589911	0.01	0.1587806144	0.01	0.09308453312	0.01	0.08804626068	0.01	0.1256072833	0.01	0.1237382135	0.01	0.08004464721
8.35	-4.496820398e-20	-6.662214893e-18	1.001899705	0.5354763762	0.01	0.1588904828	0.01	0.09319834418	0.01	0.08815977312	0.01	0.1254124275	0.01	0.1235264818	0.01	0.07995889977
8.36	-2.326570814e-20	-2.493742791e-18	1.007240994	0.5325790218	0.01	0.1589995925	0.01	0.09331138871	0.01	0.08827251987	0.01	0.1252178718	0.01	0.1233151091	0.01	0.07987313683
8.37	-3.478219228e-20	-1.159126284e-17	1.012551666	0.5293586787	0.01	0.159107881	0.01	0.09342360237	0.01	0.08838443663	0.01	0.1250237409	0.01	0.1231042324	0.01	0.07978741782
8.38	-1.668917445e-21	8.249731094e-19	1.017828507	0.5258185385	0.01	0.1592152852	0.01	0.09353492013	0.01	0.08849545848	0.01	0.1248301633	0.01	0.1228939929	0.01	0.07970180389
8.39	-3.959483512e-20	-6.596813932e-18	1.023068391	0.5219728835	0.01	0.1593217441	0.01	0.09364527862	0.01	0.0886055222	0.01	0.1246372675	0.01	0.1226845317	0.01	0.07961635611
8.4	-2.961175683e-20	-4.936055477e-18	1.028268384	0.5178462127	0.01	0.159427201	0.01	0.09375461838	0.01	0.08871456858	0.01	0.1244451776	0.01	0.1224759854	0.01	0.07953113362
8.41	1.149848463e-20	-1.63672587e-18	1.033425844	0.5134718944	0.01	0.159531605	0.01	0.09386288589	0.01	0.08882254434	0.01	0.12425401	0.01	0.1222684819	0.01	0.07944619191
8.42	-2.457972206e-20	-3.276835657e-18	1.038538497	0.5088904205	0.01	0.1596349129	0.01	0.09397003526	0.01	0.08892940387	0.01	0.1240638698	0.01	0.1220621366	0.01	0.07936158131
8.43	-1.309323116e-20	3.261259204e-18	1.043604502	0.5041473553	0.01	0.1597370904	0.01	0.0940760295	0.01	0.08903511052	0.01	0.1238748482	0.01	0.1218570494	0.01	0.07927734577
8.44	-1.468506957e-20	-2.445988867e-18	1.048622485	0.4992910842	0.01	0.159838113	0.01	0.09418084145	0.01	0.08913963741	0.01	0.1236870204	0.01	0.1216533028	0.01	0.07919352193
8.45	-3.578976071e-20	-8.945539712e-18	1.053591561	0.4943704754	0.01	0.1599379657	0.01	0.09428445408	0.01	0.08924296785	0.01	0.1235004444	0.01	0.12145096	0.01	0.07911013858
8.46	2.113698525e-20	8.152660107e-19	1.058511323	0.489432571	0.01	0.1600366439	0.01	0.09438686049	0.01	0.0893450952	0.01	0.1233151608	0.01	0.121250065	0.01	0.07902721648
8.47	1.457992449e-20	3.239717529e-18	1.063381815	0.4845204191	0.01	0.1601341516	0.01	0.09448806331	0.01	0.08944602233	0.01	0.1231311929	0.01	0.1210506427	0.01	0.07894476863
8.48	9.704962006e-21	1.948982351e-21	1.068203481	0.4796711494	0.01	0.1602305013	0.01	0.09458807371	0.01	0.08954576064	0.01	0.1229485483	0.01	0.1208527007	0.01	0.07886280084
8.49	-3.067174343e-20	-4.035854807e-18	1.072977102	0.4749143798	0.01	0.1603257123	0.01	0.09468691012	0.01	0.0896443287	0.01	0.1227672207	0.01	0.1206562311	0.01	0.07878131271
8.5	-5.961839273e-20	-6.446726826e-18	1.077703706	0.4702710254	0.01	0.1604198088	0.01	0.09478459655	0.01	0.08974175061	0.01	0.1225871924	0.01	0.1204612137	0.01	0.0787002988
8.51	6.429008817e-21	8.04083549e-19	1.082384488	0.4657525552	0.01	0.1605128187	0.01	0.09488116079	0.01	0.08983805419	0.01	0.1224084375	0.01	0.1202676193	0.01	0.07861975014
8.52	-1.60632709e-20	-1.605730856e-18	1.087020704	0.4613607247	0.01	0.1606047711	0.01	0.09497663244	0.01	0.08993326901	0.01	0.1222309254	0.01	0.1200754134	0.01	0.07853965579
8.53	0	0	1.091613584	0.4570877827	0.01	0.1606956946	0.01	0.09507104094	0.01	0.09002742443	0.01	0.1220546239	0.01	0.1198845603	0.01	0.07846000448
8.54	0	0	1.096164232	0.4529171305	0.01	0.1607856156	0.01	0.09516441372	0.01	0.09012054772	0.01	0.1218795035	0.01	0.119695027	0.01	0.07838078627
8.55	0	0	1.100673551	0.4488243912	0.01	0.1608745565	0.01	0.09525677445	0.01	0.09021266237	0.01	0.1217055398	0.01	0.1195067865	0.01	0.07830199405
8.56	0	0	1.105142163	0.4447788244	0.01	0.1609625343	0.01	0.09534814155	0.01	0.09030378656	0.01	0.1215327171	0.01	0.1193198218	0.01	0.07822362495
8.57	0	0	1.109570364	0.4407450112	0.01	0.1610495596	0.01	0.09543852704	0.01	0.09039393205	0.01	0.1213610308	0.01	0.1191341279	0.01	0.07814568139
8.58	0	0	1.113958077	0.4366847205	0.01	0.161135636	0.01	0.09552793569	0.01	0.09048310338	0.01	0.121190489	0.01	0.118949714	0.01	0.078068172
8.59	0	0	1.118304843	0.432558862	0.01	0.1612207592	0.01	0.09561636462	0.01	0.09057129738	0.01	0.1210211141	0.01	0.1187666053	0.01	0.07799111206
8.6	0	0	1.122609812	0.4283294313	0.01	0.1613049178	0.01	0.09570380322	0.01	0.09065850319	0.01	0.1208529432	0.01	0.1185848428	0.01	0.07791452371
8.61	0	0	1.126871774	0.4239613547	0.01	0.1613880931	0.01	0.09579023353	0.01	0.09074470263	0.01	0.1206860274	0.01	0.1184044836	0.01	0.07783843576
8.62	0	0	1.131089187	0.4194241468	0.01	0.1614702601	0.01	0.09587563087	0.01	0.09082987083	0.01	0.1205204318	0.01	0.1182255993	0.01	0.0777628832
8.63	0	0	1.135260238	0.4146933093	0.01	0.1615513885	0.01	0.09595996493	0.01	0.09091397731	0.01	0.1203562329	0.01	0.1180482744	0.01	0.07768790637
8.64	0	0	1.1393829	0.4097514086	0.01	0.1616314439	0.01	0.09604320095	0.01	0.09099698723	0.01	0.1201935173	0.01	0.117872604	0.01	0.07761354992
8.65	0	0	1.143455015	0.4045887915	0.01	0.1617103894	0.01	0.09612530122	0.01	0.09107886284	0.01	0.1200323786	0.01	0.1176986906	0.01	0.07753986154
8.66	0	0	1.147474368	0.3992039129	0.01	0.1617881869	0.01	0.09620622665	0.01	0.09115956502	0.01	0.1198729146	0.01	0.1175266412	0.01	0.07746689056
8.67	0	0	1.151438767	0.3936032699	0.01	0.161864799	0.01	0.09628593831	0.01	0.09123905491	0.01	0.1197152245	0.01	0.1173565636	0.01	0.07739468649
8.68	0	0	1.155346127	0.3878009563	0.01	0.1619401902	0.01	0.09636439904	0.01	0.09131729546	0.01	0.1195594056	0.01	0.1171885632	0.01	0.07732329755
8.69	0	0	1.159194536	0.3818178675	0.01	0.1620143283	0.01	0.09644157485	0.01	0.09139425281	0.01	0.1194055502	0.01	0.1170227396	0.01	0.07725276932
8.7	0	0	1.162982319	0.3756806049	0.01	0.1620871859	0.01	0.09651743621	0.01	0.09146989762	0.01	0.1192537435	0.01	0.1168591839	0.01	0.07718314342
8.71	0	0	1.166708092	0.3694201382	0.01	0.1621587408	0.01	0.09659195904	0.01	0.09154420602	0.01	0.1191040604	0.01	0.116697976	0.01	0.07711445656
8.72	0	0	1.170370791	0.3630702976	0.01	0.1622289773	0.01	0.09666512553	0.01	0.0916171604	0.01	0.1189565647	0.01	0.1165391825	0.01	0.07704673965
8.73	0	0	1.173969702	0.3566661735	0.01	0.1622978862	0.01	0.0967369245	0.01	0.09168874984	0.01	0.1188113069	0.01	0.1163828559	0.01	0.07698001732
8.74	0	0	1.177504456	0.3502425027	0.01	0.1623654648	0.01	0.09680735166	0.01	0.09175897024	0.01	0.1186683242	0.01	0.1162290336	0.01	0.07691430764
8.75	0	0	1.180975024	0.3438321201	0.01	0.1624317172	0.01	0.09687640933	0.01	0.09182782417	0.01	0.1185276401	0.01	0.1160777379	0.01	0.07684962223
8.76	0	0	1.184381687	0.3374645481	0.01	0.1624966531	0.01	0.09694410608	0.01	0.09189532037	0.01	0.1183892652	0.01	0.1159289769	0.01	0.07678596658
8.77	0	0	1.187725001	0.3311647891	0.01	0.1625602875	0.01	0.09701045598	0.01	0.09196147307	0.01	0.118253198	0.01	0.1157827459	0.01	0.07672334065
8.78	0	0	1.191005742	0.3249523731	0.01	0.1626226396	0.01	0.09707547768	0.01	0.09202630104	0.01	0.1181194267	0.01	0.1156390288	0.01	0.07666173974
8.79	0	0	1.194224852	0.3188406975	0.01	0.1626837319	0.01	0.09713919331	0.01	0.09208982647	0.01	0.1179879312	0.01	0.1154978009	0.01	0.07660115547
8.8	0	0	1.197383374	0.312836684	0.01	0.1627435886	0.01	0.09720162729	0.01	0.09215207383	0.01	0.1178586853	0.01	0.1153590314	0.01	0.07654157693
8.81	0	0	1.200482388	0.3069407576	0.01	0.1628022348	0.01	0.09726280507	0.01	0.09221306856	0.01	0.1177316593	0.01	0.1152226859	0.01	0.07648299192
8.82	0	0	1.203522945	0.3011471381	0.01	0.162859695	0.01	0.09732275193	0.01	0.09227283584	0.01	0.1176068224	0.01	0.1150887291	0.01	0.07642538808
8.83	0	0	1.206506012	0.295444422	0.01	0.162915992	0.01	0.09738149175	0.01	0.09233139948	0.01	0.117484145	0.01	0.1149571282	0.01	0.07636875413
8.84	0	0	1.209432416	0.2898164138	0.01	0.1629711463	0.01	0.09743904601	0.01	0.09238878081	0.01	0.1173636013	0.01	0.1148278543	0.01	0.07631308085
8.85	0	0	1.212302805	0.2842431615	0.01	0.1630251746	0.01	0.09749543293	0.01	0.09244499787	0.01	0.1172451711	0.01	0.1147008855	0.01	0.07625836199
8.86	0	0	1.215117612	0.2787021379	0.01	0.16307809	0.01	0.09755066674	0.01	0.0925000647	0.01	0.1171288413	0.01	0.1145762078	0.01	0.07620459495
8.87	0	0	1.217877041	0.2731695069	0.01	0.1631299008	0.01	0.09760475728	0.01	0.09255399095	0.01	0.117014607	0.01	0.1144538168	0.01	0.07615178126
8.88	0	0	1.220581054	0.2676214112	0.01	0.163180611	0.01	0.09765770979	0.01	0.09260678163	0.01	0.1169024726	0.01	0.1143337178	0.01	0.0760999268
8.89	0	0	1.223229383	0.2620352196	0.01	0.1632302202	0.01	0.09770952493	0.01	0.09265843722	0.01	0.1167924514	0.01	0.1142159266	0.01	0.07604904178
8.9	0	0	1.225821545	0.2563906747	0.01	0.1632787239	0.01	0.09776019908	0.01	0.09270895391	0.01	0.1166845656	0.01	0.1141004681	0.01	0.07599914046
8.91	0	0	1.228356871	0.2506708913	0.01	0.1633261138	0.01	0.0978097248	0.01	0.09275832409	0.01	0.1165788457	0.01	0.1139873763	0.01	0.07595024074
8.92	0	0	1.230834544	0.2448631618	0.01	0.163372379	0.01	0.09785809149	0.01	0.09280653704	0.01	0.1164753287	0.01	0.113876692	0.01	0.07590236344
8.93	0	0	1.233253646	0.2389595367	0.01	0.1634175065	0.01	0.09790528621	0.01	0.09285357974	0.01	0.1163740571	0.01	0.1137684616	0.01	0.0758555315
8.94	0	0	1.235613201	0.2329571616	0.01	0.1634614819	0.01	0.09795129459	0.01	0.09289943774	0.01	0.1162750768	0.01	0.1136627349	0.01	0.07580976908
8.95	0	0	1.237912236	0.2268583605	0.01	0.1635042909	0.01	0.09799610175	0.01	0.09294409616	0.01	0.1161784354	0.01	0.1135595625	0.01	0.07576510059
8.96	0	0	1.240149821	0.2206704727	0.01	0.1635459197	0.01	0.09803969331	0.01	0.09298754063	0.01	0.1160841798	0.01	0.1134589943	0.01	0.07572154963
8.97	0	0	1.242325052	0.2143658798	0.01	0.1635863601	0.01	0.09808205844	0.01	0.09302976054	0.01	0.1159923549	0.01	0.1133610775	0.01	0.0756791387
8.98	0	0	1.244435911	0.2077848351	0.01	0.1636256175	0.01	0.09812320071	0.01	0.09307075991	0.01	0.1159030223	0.01	0.1132658828	0.01	0.07563790555
8.99	0	0	1.246479646	0.2009470661	0.01	0.1636636509	0.01	0.09816309038	0.01	0.09311050751	0.01	0.1158162825	0.01	0.1131735276	0.01	0.07559790797
9	0	0	1.24845398	0.1939105146	0.01	0.1637004158	0.01	0.09820168245	0.01	0.09314895791	0.01	0.1157322426	0.01	0.1130841284	0.01	0.07555919781
9.01	0	0	1.250357286	0.1867552621	0.01	0.1637358789	0.01	0.09823893963	0.01	0.09318607413	0.01	0.1156499445	0.01	0.1129977791	0.01	0.07552181514
9.02	0	0	1.252189347	0.1796967957	0.01	0.1637700293	0.01	0.09827484288	0.01	0.09322183804	0.01	0.1155673241	0.01	0.1129145301	0.01	0.0754857775
9.03	0	0	1.253952144	0.1729133096	0.01	0.1638028958	0.01	0.09830940975	0.01	0.09325626879	0.01	0.1154865309	0.01	0.112834347	0.01	0.0754510604
9.04	0	0	1.255648831	0.1664765092	0.01	0.1638345333	0.01	0.09834268834	0.01	0.09328941572	0.01	0.1154083432	0.01	0.1127571229	0.01	0.07541761107
9.05	0	0	1.257283018	0.1604115374	0.01	0.1638650067	0.01	0.09837474164	0.01	0.09332134243	0.01	0.1153328965	0.01	0.1126827152	0.01	0.07538536487
9.06	0	0	1.258858424	0.1547179256	0.01	0.1638943839	0.01	0.09840563834	0.01	0.0933521178	0.01	0.1152601226	0.01	0.1126109674	0.01	0.07535425317
9.07	0	0	1.260378673	0.1493771475	0.01	0.163922732	0.01	0.09843544751	0.01	0.09338181086	0.01	0.1151898911	0.01	0.1125417213	0.01	0.07532420793
9.08	0	0	1.261847127	0.1443563988	0.01	0.1639501138	0.01	0.09846423505	0.01	0.09341048728	0.01	0.1151220583	0.01	0.1124748262	0.01	0.07529516508
9.09	0	0	1.263266766	0.1396115412	0.01	0.1639765854	0.01	0.09849206094	0.01	0.09343820669	0.01	0.115056486	0.01	0.1124101446	0.01	0.07526706717
9.1	0	0	1.264640083	0.1350900272	0.01	0.1640021943	0.01	0.09851897704	0.01	0.09346502051	0.01	0.1149930511	0.01	0.1123475579	0.01	0.07523986554
9.11	0	0	1.265969019	0.1307339592	0.01	0.1640269781	0.01	0.09854502554	0.01	0.09349097037	0.01	0.1149316511	0.01	0.11228697	0.01	0.0752135218
9.12	0	0	1.267254925	0.1264832191	0.01	0.1640509637	0.01	0.09857023783	0.01	0.09351608712	0.01	0.114872207	0.01	0.1122283098	0.01	0.07518800884
9.13	0	0	1.268498555	0.1222785481	0.01	0.1640741668	0.01	0.09859463411	0.01	0.09354039038	0.01	0.1148146655	0.01	0.1121715327	0.01	0.07516331112
9.14	0	0	1.269700089	0.1180644395	0.01	0.1640965926	0.01	0.09861822349	0.01	0.09356388868	0.01	0.1147589991	0.01	0.1121166197	0.01	0.0751394244
9.15	0	0	1.270859184	0.1137917239	0.01	0.1641182362	0.01	0.09864100463	0.01	0.09358658016	0.01	0.1147052047	0.01	0.1120635762	0.01	0.07511635496
9.16	0	0	1.271975046	0.109419737	0.01	0.1641390843	0.01	0.09866296692	0.01	0.09360845375	0.01	0.1146533019	0.01	0.1120124296	0.01	0.07509411821
9.17	0	0	1.273046531	0.1049179908	0.01	0.1641591166	0.01	0.09868409206	0.01	0.09362949076	0.01	0.114603329	0.01	0.111963225	0.01	0.07507273705
9.18	0	0	1.274072241	0.1002672902	0.01	0.1641783078	0.01	0.0987043559	0.01	0.09364966678	0.01	0.1145553395	0.01	0.1119160212	0.01	0.07505223971
9.19	0	0	1.27505065	0.09546027021	0.01	0.1641966299	0.01	0.09872373059	0.01	0.0936689538	0.01	0.1145093972	0.01	0.1118708856	0.01	0.07503265763
9.2	0	0	1.275980216	0.09050135103	0.01	0.164214054	0.01	0.09874218678	0.01	0.0936873224	0.01	0.1144655709	0.01	0.1118278893	0.01	0.07501402304
9.21	0	0	1.276859498	0.08540614174	0.01	0.1642305528	0.01	0.09875969581	0.01	0.09370474397	0.01	0.1144239293	0.01	0.1117871012	0.01	0.07499636671
9.22	0	0	1.277687264	0.0802003429	0.01	0.1642461023	0.01	0.09877623181	0.01	0.09372119281	0.01	0.1143845363	0.01	0.1117485838	0.01	0.07497971578
9.23	0	0	1.27846258	0.07491822305	0.01	0.164260684	0.01	0.09879177362	0.01	0.093736648	0.01	0.1143474462	0.01	0.1117123882	0.01	0.07496409181
9.24	0	0	1.27918489	0.06960076006	0.01	0.1642742858	0.01	0.09880630635	0.01	0.09375109501	0.01	0.1143126997	0.01	0.1116785505	0.01	0.0749495092
9.25	0	0	1.279854071	0.06429355152	0.01	0.1642869037	0.01	0.09881982272	0.01	0.09376452695	0.01	0.1142803205	0.01	0.1116470886	0.01	0.07493597392
9.26	0	0	1.280470469	0.05904460477	0.01	0.1642985422	0.01	0.09883232392	0.01	0.09377694542	0.01	0.1142503133	0.01	0.1116180004	0.01	0.07492348272
9.27	0	0	1.281034909	0.05390211908	0.01	0.1643092144	0.01	0.09884382006	0.01	0.09378836104	0.01	0.1142226619	0.01	0.1115912623	0.01	0.07491202274
9.28	0	0	1.281548692	0.04891236783	0.01	0.1643189427	0.01	0.0988543303	0.01	0.09379879342	0.01	0.1141973291	0.01	0.1115668294	0.01	0.07490157156
9.29	0	0	1.28201356	0.04411777887	0.01	0.1643277573	0.01	0.09886388251	0.01	0.09380827088	0.01	0.1141742568	0.01	0.1115446358	0.01	0.07489209768
9.3	0	0	1.282431651	0.03955529713	0.01	0.1643356964	0.01	0.0988725126	0.01	0.09381682975	0.01	0.1141533676	0.01	0.1115245969	0.01	0.07488356135
9.31	0	0	1.282805441	0.03525509514	0.01	0.1643428044	0.01	0.09888026353	0.01	0.09382451334	0.01	0.1141345666	0.01	0.111506611	0.01	0.07487591574
9.32	0	0	1.283137666	0.03123967668	0.01	0.164349131	0.01	0.09888718412	0.01	0.09383137076	0.01	0.1141177443	0.01	0.1114905631	0.01	0.0748691083
9.33	0	0	1.283431248	0.02752339666	0.01	0.1643547294	0.01	0.09889332761	0.01	0.09383745546	0.01	0.1141027798	0.01	0.1114763274	0.01	0.07486308233
9.34	0	0	1.283689209	0.024112398	0.01	0.1643596555	0.01	0.0988987502	0.01	0.09384282377	0.01	0.1140895439	0.01	0.1114637715	0.01	0.07485777859
9.35	0	0	1.283914596	0.02100494596	0.01	0.1643639654	0.01	0.09890350952	0.01	0.09384753333	0.01	0.1140779032	0.01	0.1114527598	0.01	0.07485313692
9.36	0	0	1.284110397	0.018192121	0.01	0.1643677148	0.01	0.09890766312	0.01	0.09385164165	0.01	0.1140677231	0.01	0.1114431571	0.01	0.0748490978
9.37	0	0	1.284279485	0.01565881654	0.01	0.1643709575	0.01	0.09891126717	0.01	0.09385520473	0.01	0.1140588714	0.01	0.1114348317	0.01	0.07484560371
9.38	0	0	1.284424553	0.01338497571	0.01	0.164373744	0.01	0.09891437519	0.01	0.09385827591	0.01	0.114051221	0.01	0.1114276583	0.01	0.07484260032
9.39	0	0	1.284548077	0.01134699398	0.01	0.1643761212	0.01	0.09891703716	0.01	0.09386090489	0.01	0.1140446525	0.01	0.1114215201	0.01	0.07484003739
9.4	0	0	1.284652285	0.009519211042	0.01	0.1643781313	0.01	0.09891929875	0.01	0.09386313702	0.01	0.1140390561	0.01	0.1114163107	0.01	0.07483786944
9.41	0	0	1.284739147	0.007875415757	0.01	0.164379812	0.01	0.09892120092	0.01	0.09386501292	0.01	0.1140343326	0.01	0.1114119349	0.01	0.07483605607
9.42	0	0	1.284810375	0.00639029245	0.01	0.1643811959	0.01	0.09892277971	0.01	0.09386656828	0.01	0.114030394	0.01	0.1114083091	0.01	0.07483456201
9.43	0	0	1.284867438	0.005040743933	0.01	0.1643823114	0.01	0.0989240664	0.01	0.09386783405	0.01	0.1140271637	0.01	0.1114053608	0.01	0.07483335688
9.44	0	0	1.284911593	0.003807036622	0.01	0.1643831824	0.01	0.09892508785	0.01	0.09386883678	0.01	0.1140245755	0.01	0.1114030279	0.01	0.07483241469
9.45	0	0	1.284943919	0.002673724778	0.01	0.1643838297	0.01	0.09892586713	0.01	0.09386959926	0.01	0.1140225725	0.01	0.1114012572	0.01	0.07483171314
9.46	0	0	1.284965368	0.001630323796	0.01	0.1643842714	0.01	0.09892642422	0.01	0.09387014125	0.01	0.1140211055	0.01	0.1114000023	0.01	0.07483123275
9.47	0	0	1.284976812	0.0006717159386	0.01	0.1643845239	0.01	0.09892677703	0.01	0.09387048047	0.01	0.1140201307	0.01	0.1113992219	0.01	0.07483095582
9.48	0	0	1.2849791	-0.0002017147251	0.01	0.164384603	0.01	0.09892694228	0.01	0.09387063358	0.01	0.1140196079	0.01	0.1113988769	0.01	0.07483086541
9.49	0	0	1.284973115	-0.0009839934357	0.01	0.16438451	0.01	0.0989269221	0.01	0.09387060051	0.01	0.1140194931	0.01	0.1113988962	0.01	0.07483092171
9.5	0	0	1.284959841	-0.001658900963	0.01	0.1643842777	0.01	0.09892671614	0.01	0.09387038892	0.01	0.1140196481	0.01	0.1113991771	0.01	0.07483111582
9.51	0	0	1.284940478	-0.002202386748	0.01	0.1643839298	0.01	0.09892638111	0.01	0.0938700507	0.01	0.1140200449	0.01	0.1113997355	0.01	0.07483144094
9.52	0	0	1.284916435	-0.002596293283	0.01	0.164383492	0.01	0.09892594625	0.01	0.09386961379	0.01	0.1140206836	0.01	0.1114005495	0.01	0.07483187303
9.53	0	0	1.28488921	-0.002840769833	0.01	0.1643829921	0.01	0.09892544027	0.01	0.09386910683	0.01	0.1140215375	0.01	0.1114015714	0.01	0.07483238327
9.54	0	0	1.284860205	-0.002954800393	0.01	0.1643824564	0.01	0.09892489105	0.01	0.09386855755	0.01	0.1140225637	0.01	0.1114027425	0.01	0.0748329428
9.55	0	0	1.28483055	-0.002973011885	0.01	0.1643819066	0.01	0.09892432229	0.01	0.09386798949	0.01	0.1140237134	0.01	0.1114040055	0.01	0.07483352642
9.56	0	0	1.284800966	-0.00294212781	0.01	0.164381357	0.01	0.09892375072	0.01	0.09386741909	0.01	0.1140249405	0.01	0.1114053121	0.01	0.07483411572
9.57	0	0	1.284771666	-0.002917219636	0.01	0.1643808126	0.01	0.09892318383	0.01	0.09386685353	0.01	0.1140262096	0.01	0.1114066308	0.01	0.07483470141
9.58	0	0	1.284742286	-0.002957926275	0.01	0.164380268	0.01	0.0989226184	0.01	0.09386628926	0.01	0.114027501	0.01	0.1114079514	0.01	0.07483528502
9.59	0	0	1.284711862	-0.003124813717	0.01	0.1643797065	0.01	0.09892203975	0.01	0.09386571127	0.01	0.1140288158	0.01	0.1114092879	0.01	0.07483587979
9.6	0	0	1.284678837	-0.003476034586	0.01	0.1643791004	0.01	0.09892142169	0.01	0.09386509306	0.01	0.1140301784	0.01	0.1114106805	0.01	0.07483651084
9.61	0	0	1.284641096	-0.004064425056	0.01	0.1643784115	0.01	0.09892072699	0.01	0.09386439715	0.01	0.1140316373	0.01	0.1114121954	0.01	0.07483721476
9.62	0	0	1.284596038	-0.004935146883	0.01	0.1643775926	0.01	0.09891990856	0.01	0.09386357624	0.01	0.1140332655	0.01	0.1114139234	0.01	0.07483803853
9.63	0	0	1.284540657	-0.006123947439	0.01	0.1643765885	0.01	0.09891891093	0.01	0.09386257473	0.01	0.1140351584	0.01	0.1114159771	0.01	0.07483903811
9.64	0	0	1.28447164	-0.007656072795	0.01	0.1643753383	0.01	0.09891767209	0.01	0.09386133055	0.01	0.1140374318	0.01	0.1114184883	0.01	0.07484027653
9.65	0	0	1.284385482	-0.009545830766	0.01	0.1643737773	0.01	0.09891612553	0.01	0.0938597772	0.01	0.1140402183	0.01	0.111421603	0.01	0.07484182189
9.66	0	0	1.284278586	-0.01179676483	0.01	0.1643718388	0.01	0.09891420233	0.01	0.09385784584	0.01	0.1140436634	0.01	0.1114254771	0.01	0.07484374518
9.67	0	0	1.284147374	-0.01440236874	0.01	0.1643694564	0.01	0.0989118332	0.01	0.09385546733	0.01	0.1140479217	0.01	0.1114302721	0.01	0.07484611817
9.68	0	0	1.283988375	-0.01734724721	0.01	0.1643665652	0.01	0.09890895037	0.01	0.09385257412	0.01	0.1140531521	0.01	0.1114361498	0.01	0.07484901139
9.69	0	0	1.283798313	-0.02060861193	0.01	0.1643631041	0.01	0.09890548928	0.01	0.09384910188	0.01	0.1140595133	0.01	0.1114432684	0.01	0.07485249232
9.7	0	0	1.283574167	-0.02415799493	0.01	0.1643590165	0.01	0.09890138991	0.01	0.09384499087	0.01	0.1140671605	0.01	0.1114517787	0.01	0.07485662394
9.71	0	0	1.283313222	-0.02796306238	0.01	0.1643542513	0.01	0.09889659785	0.01	0.093840187	0.01	0.114076241	0.01	0.1114618204	0.01	0.07486146352
9.72	0	0	1.283013095	-0.03198942082	0.01	0.1643487637	0.01	0.09889106498	0.01	0.09383464243	0.01	0.1140868917	0.01	0.1114735202	0.01	0.07486706187
9.73	0	0	1.282671753	-0.03620232228	0.01	0.1643425153	0.01	0.09888474981	0.01	0.09382831597	0.01	0.1140992366	0.01	0.1114869895	0.01	0.07487346284
9.74	0	0	1.2822875	-0.04056819332	0.01	0.1643354739	0.01	0.0988776175	0.01	0.09382117307	0.01	0.114113385	0.01	0.1115023243	0.01	0.07488070328
9.75	0	0	1.281858966	-0.04505593335	0.01	0.1643276137	0.01	0.0988696396	0.01	0.09381318554	0.01	0.1141294309	0.01	0.1115196046	0.01	0.07488881323
9.76	0	0	1.281385073	-0.04963794761	0.01	0.1643189142	0.01	0.09886079356	0.01	0.09380433106	0.01	0.1141474529	0.01	0.1115388951	0.01	0.07489781643
9.77	0	0	1.280864998	-0.05429089921	0.01	0.1643093596	0.01	0.098851062	0.01	0.09379459244	0.01	0.1141675149	0.01	0.1115602468	0.01	0.07490773102
9.78	0	0	1.280298127	-0.05899618061	0.01	0.1642989384	0.01	0.09884043191	0.01	0.09378395681	0.01	0.1141896671	0.01	0.1115836982	0.01	0.07491857036
9.79	0	0	1.279684007	-0.06374011819	0.01	0.1642876421	0.01	0.09882889369	0.01	0.09377241473	0.01	0.1142139479	0.01	0.1116092779	0.01	0.07493034405
9.8	0	0	1.279022297	-0.06851393352	0.01	0.1642754642	0.01	0.09881644025	0.01	0.09375995918	0.01	0.1142403862	0.01	0.1116370066	0.01	0.07494305885
9.81	0	0	1.27831272	-0.07331349205	0.01	0.1642623997	0.01	0.09880306606	0.01	0.09374658467	0.01	0.114269003	0.01	0.1116668993	0.01	0.07495671971
9.82	0	0	1.277555017	-0.07813887463	0.01	0.1642484439	0.01	0.09878876625	0.01	0.09373228639	0.01	0.1142998145	0.01	0.1116989679	0.01	0.0749713307
9.83	0	0	1.276748913	-0.0829938096	0.01	0.1642335922	0.01	0.09877353586	0.01	0.09371705935	0.01	0.1143328337	0.01	0.1117332229	0.01	0.07498689582
9.84	0	0	1.275894078	-0.08788500403	0.01	0.1642178385	0.01	0.0987573691	0.01	0.09370089776	0.01	0.1143680728	0.01	0.1117696756	0.01	0.07500341975
9.85	0	0	1.274990103	-0.09282141204	0.01	0.1642011759	0.01	0.09874025886	0.01	0.0936837945	0.01	0.1144055453	0.01	0.1118083395	0.01	0.07502090843
9.86	0	0	1.274036485	-0.09781347645	0.01	0.1641835953	0.01	0.09872219629	0.01	0.09366574067	0.01	0.1144452667	0.01	0.1118492315	0.01	0.07503936949
9.87	0	0	1.27303261	-0.1028723772	0.01	0.164165086	0.01	0.09870317051	0.01	0.09364672534	0.01	0.1144872567	0.01	0.1118923729	0.01	0.07505881252
9.88	0	0	1.271977752	-0.1080093163	0.01	0.1641456349	0.01	0.09868316852	0.01	0.09362673551	0.01	0.1145315391	0.01	0.1119377897	0.01	0.07507924922
9.89	0	0	1.270871078	-0.1132348654	0.01	0.1641252271	0.01	0.09866217522	0.01	0.09360575603	0.01	0.1145781424	0.01	0.1119855129	0.01	0.07510069336
9.9	0	0	1.269711653	-0.1185583969	0.01	0.1641038457	0.01	0.09864017355	0.01	0.09358376982	0.01	0.1146271004	0.01	0.1120355783	0.01	0.07512316066
9.91	0	0	1.26849846	-0.1239876135	0.01	0.1640814725	0.01	0.09861714471	0.01	0.09356075809	0.01	0.1146784509	0.01	0.1120880258	0.01	0.07514666848
9.92	0	0	1.267230412	-0.1295281886	0.01	0.1640580878	0.01	0.09859306855	0.01	0.09353670068	0.01	0.1147322363	0.01	0.1121428991	0.01	0.07517123554
9.93	0	0	1.265906378	-0.1351835209	0.01	0.164033671	0.01	0.09856792392	0.01	0.09351157648	0.01	0.1147885017	0.01	0.1122002445	0.01	0.07519688142
9.94	0	0	1.264525207	-0.1409546051	0.01	0.1640082013	0.01	0.09854168913	0.01	0.09348536383	0.01	0.1148472947	0.01	0.1122601098	0.01	0.07522362615
9.95	0	0	1.263085747	-0.1468400134	0.01	0.1639816578	0.01	0.09851434244	0.01	0.09345804104	0.01	0.1149086637	0.01	0.1123225436	0.01	0.07525148967
9.96	0	0	1.261586874	-0.1528359798	0.01	0.16395402	0.01	0.09848586248	0.01	0.09342958682	0.01	0.1149726574	0.01	0.1123875935	0.01	0.07528049141
9.97	0	0	1.260027514	-0.158936576	0.01	0.1639252684	0.01	0.09845622873	0.01	0.0933999807	0.01	0.115039323	0.01	0.1124553056	0.01	0.07531064973
9.98	0	0	1.258406659	-0.165133964	0.01	0.1638953848	0.01	0.09842542189	0.01	0.0933692035	0.01	0.1151087054	0.01	0.1125257232	0.01	0.07534198157
9.99	0	0	1.256723389	-0.1714187101	0.01	0.1638643525	0.01	0.09839342431	0.01	0.09333723764	0.01	0.1151808462	0.01	0.1125988857	0.01	0.07537450203
10	0	0	1.254976886	-0.1777801436	0.01	0.1638321568	0.01	0.09836022018	0.01	0.09330406744	0.01	0.1152557826	0.01	0.112674828	0.01	0.07540822406
10.01	0	0	1.253166439	-0.1842067415	0.01	0.1637987849	0.01	0.09832579586	0.01	0.09326967932	0.01	0.1153335469	0.01	0.1127535801	0.01	0.07544315826
10.02	0	0	1.25129146	-0.1906865245	0.01	0.1637642264	0.01	0.09829013995	0.01	0.093234062	0.01	0.1154141659	0.01	0.1128351661	0.01	0.0754793127
10.03	0	0	1.249351476	-0.1972074463	0.01	0.163728473	0.01	0.09825324341	0.01	0.09319720654	0.01	0.1154976604	0.01	0.1129196044	0.01	0.07551669286
10.04	0	0	1.247346137	-0.2037577638	0.01	0.1636915186	0.01	0.09821509952	0.01	0.09315910631	0.01	0.1155840451	0.01	0.1130069075	0.01	0.07555530162
10.05	0	0	1.245275203	-0.2103263722	0.01	0.1636533596	0.01	0.09817570387	0.01	0.09311975697	0.01	0.115673329	0.01	0.1130970822	0.01	0.07559513936
10.06	0	0	1.243138578	-0.2168843615	0.01	0.1636139943	0.01	0.09813505437	0.01	0.09307915653	0.01	0.1157643132	0.01	0.1131901296	0.01	0.07563620389
10.07	0	0	1.240937107	-0.2232650493	0.01	0.1635734363	0.01	0.09809316066	0.01	0.0930373151	0.01	0.1158552098	0.01	0.1132860302	0.01	0.07567848119
10.08	0	0	1.238672815	-0.2294765391	0.01	0.1635316979	0.01	0.09805003959	0.01	0.09299424931	0.01	0.1159476518	0.01	0.1133847114	0.01	0.07572193104
10.09	0	0	1.236346913	-0.23558337	0.01	0.1634887726	0.01	0.09800568442	0.01	0.09294995212	0.01	0.1160422778	0.01	0.1134860955	0.01	0.07576651902
10.1	0	0	1.23396048	-0.2415814139	0.01	0.1634446763	0.01	0.09796010872	0.01	0.09290443758	0.01	0.1161392828	0.01	0.1135901206	0.01	0.07581221817
10.11	0	0	1.231514555	-0.2474813445	0.01	0.1633994248	0.01	0.09791332905	0.01	0.09285772227	0.01	0.1162387003	0.01	0.1136967285	0.01	0.07585900212
10.12	0	0	1.229010029	-0.2533013418	0.01	0.1633530314	0.01	0.09786535983	0.01	0.09280982049	0.01	0.1163405088	0.01	0.1138058661	0.01	0.07590684678
10.13	0	0	1.226447589	-0.2590635728	0.01	0.1633055055	0.01	0.09781621183	0.01	0.09276074289	0.01	0.1164446727	0.01	0.1139174881	0.01	0.07595573169
10.14	0	0	1.223827692	-0.2647921024	0.01	0.1632568524	0.01	0.09776589146	0.01	0.09271049574	0.01	0.1165511578	0.01	0.1140315586	0.01	0.07600564065
10.15	0	0	1.22115055	-0.2705113532	0.01	0.1632070727	0.01	0.09771440045	0.01	0.09265908066	0.01	0.116659937	0.01	0.1141480525	0.01	0.07605656203
10.16	0	0	1.218416138	-0.2762448132	0.01	0.1631561626	0.01	0.09766173581	0.01	0.09260649451	0.01	0.1167709932	0.01	0.1142669554	0.01	0.07610848875
10.17	0	0	1.215624204	-0.2820139083	0.01	0.1631041141	0.01	0.09760788998	0.01	0.09255272964	0.01	0.1168843184	0.01	0.1143882632	0.01	0.07616141799
10.18	0	0	1.212774299	-0.2878370332	0.01	0.1630509149	0.01	0.09755285129	0.01	0.09249777429	0.01	0.1169999144	0.01	0.114511981	0.01	0.07621535073
10.19	0	0	1.209865809	-0.2937287615	0.01	0.1629965499	0.01	0.09749660453	0.01	0.0924416132	0.01	0.1171177906	0.01	0.1146381221	0.01	0.0762702911
10.2	0	0	1.206897996	-0.2996992548	0.01	0.1629410012	0.01	0.09743913167	0.01	0.09238422833	0.01	0.1172379629	0.01	0.1147667059	0.01	0.07632624558
10.21	0	0	1.203870045	-0.3057538864	0.01	0.1628842492	0.01	0.09738041277	0.01	0.09232559973	0.01	0.1173604517	0.01	0.114897756	0.01	0.0763832221
10.22	0	0	1.200781111	-0.3118930864	0.01	0.1628262737	0.01	0.09732042686	0.01	0.09226570647	0.01	0.1174852799	0.01	0.1150312982	0.01	0.07644122913
10.23	0	0	1.197630372	-0.3181124059	0.01	0.1627670545	0.01	0.09725915292	0.01	0.0922045276	0.01	0.1176124705	0.01	0.1151673579	0.01	0.07650027468
10.24	0	0	1.194417071	-0.324402789	0.01	0.1627065724	0.01	0.09719657082	0.01	0.09214204308	0.01	0.117742045	0.01	0.1153059583	0.01	0.07656036541
10.25	0	0	1.191140564	-0.3307510339	0.01	0.16264481	0.01	0.09713266219	0.01	0.09207823464	0.01	0.1178740207	0.01	0.1154471181	0.01	0.07662150578
10.26	0	0	1.187800356	-0.3371404152	0.01	0.1625817527	0.01	0.09706741126	0.01	0.09201308666	0.01	0.1180084094	0.01	0.1155908496	0.01	0.07668369727
10.27	0	0	1.184396135	-0.3435514373	0.01	0.162517389	0.01	0.09700080552	0.01	0.09194658674	0.01	0.1181452158	0.01	0.1157371576	0.01	0.07674693782
10.28	0	0	1.180927791	-0.3499626809	0.01	0.1624517112	0.01	0.09693283624	0.01	0.09187872632	0.01	0.1182844359	0.01	0.1158860376	0.01	0.07681122135
10.29	0	0	1.177395435	-0.356351706	0.01	0.1623847156	0.01	0.09686349888	0.01	0.091809501	0.01	0.1184260566	0.01	0.1160374756	0.01	0.07687653749
10.3	0	0	1.173799403	-0.36269597	0.01	0.1623164028	0.01	0.09679279328	0.01	0.09173891075	0.01	0.1185700551	0.01	0.1161914474	0.01	0.07694287147
10.31	0	0	1.170140252	-0.3689737237	0.01	0.1622467775	0.01	0.09672072365	0.01	0.09166695993	0.01	0.118716399	0.01	0.1163479186	0.01	0.07701020421
10.32	0	0	1.166418749	-0.3751648474	0.01	0.1621758485	0.01	0.09664729846	0.01	0.09159365711	0.01	0.1188650465	0.01	0.1165068451	0.01	0.07707851252
10.33	0	0	1.162635848	-0.3812515942	0.01	0.1621036282	0.01	0.0965725301	0.01	0.09151901478	0.01	0.119015947	0.01	0.1166681742	0.01	0.07714776958
10.34	0	0	1.158792669	-0.3872192114	0.01	0.1620301324	0.01	0.09649643441	0.01	0.09144304885	0.01	0.1191690427	0.01	0.1168318452	0.01	0.07721794536
10.35	0	0	1.154890458	-0.3930564188	0.01	0.1619553793	0.01	0.09641903012	0.01	0.09136577811	0.01	0.1193242694	0.01	0.1169977913	0.01	0.07728900731
10.36	0	0	1.150930558	-0.3987557241	0.01	0.1618793894	0.01	0.09634033817	0.01	0.09128722351	0.01	0.1194815582	0.01	0.1171659408	0.01	0.07736092105
10.37	0	0	1.146914365	-0.4043135698	0.01	0.1618021842	0.01	0.09626038092	0.01	0.09120740744	0.01	0.1196408372	0.01	0.1173362191	0.01	0.07743365109
10.38	0	0	1.142843293	-0.4097303059	0.01	0.1617237859	0.01	0.09617918148	0.01	0.09112635296	0.01	0.1198020331	0.01	0.1175085502	0.01	0.07750716159
10.39	0	0	1.138718731	-0.4150099961	0.01	0.1616442162	0.01	0.09609676284	0.01	0.09104408303	0.01	0.1199650728	0.01	0.1176828586	0.01	0.07758141706
10.4	0	0	1.134542012	-0.4201600683	0.01	0.1615634964	0.01	0.09601314721	0.01	0.09096061979	0.01	0.120129885	0.01	0.1178590709	0.01	0.07765638305
10.41	0	0	1.130314381	-0.4251908277	0.01	0.1614816458	0.01	0.09592835533	0.01	0.09087598391	0.01	0.1202964016	0.01	0.118037117	0.01	0.07773202671
10.42	0	0	1.126036966	-0.4301148581	0.01	0.161398682	0.01	0.09584240593	0.01	0.09079019404	0.01	0.120464559	0.01	0.1182169313	0.01	0.07780831727
10.43	7.900146376e-21	3.161038668e-18	1.121710765	-0.434946338	0.01	0.1613146201	0.01	0.09575531525	0.01	0.09070326633	0.01	0.1206342986	0.01	0.1183984541	0.01	0.07788522637
10.44	-5.85266154e-20	-8.701109406e-18	1.117336625	-0.439700304	0.01	0.1612294723	0.01	0.09566709678	0.01	0.09061521417	0.01	0.1208055679	0.01	0.1185816316	0.01	0.07796272833
10.45	1.5844838e-20	3.170252748e-18	1.112915246	-0.4443918958	0.01	0.1611432481	0.01	0.09557776105	0.01	0.090526048	0.01	0.1209783202	0.01	0.1187664164	0.01	0.07804080018
10.46	2.539765728e-20	5.557829025e-18	1.108447179	-0.4490356142	0.01	0.1610559543	0.01	0.09548731565	0.01	0.09043577533	0.01	0.1211525153	0.01	0.1189527676	0.01	0.07811942163
10.47	3.17807402e-20	1.586416497e-18	1.103932834	-0.4536446269	0.01	0.1609675948	0.01	0.09539576534	0.01	0.09034440087	0.01	0.1213281185	0.01	0.1191406502	0.01	0.07819857486
10.48	2.548334676e-20	6.374825948e-18	1.099372503	-0.4582301499	0.01	0.1608781713	0.01	0.09530311236	0.01	0.09025192678	0.01	0.1215051006	0.01	0.1193300347	0.01	0.07827824423
10.49	2.025817751e-23	2.396616787e-18	1.094766376	-0.4628009307	0.01	0.1607876833	0.01	0.0952093568	0.01	0.09015835312	0.01	0.1216834363	0.01	0.1195208959	0.01	0.0783584159
10.5	3.357117585e-20	3.995563992e-18	1.090114571	-0.4673628551	0.01	0.1606961291	0.01	0.09511449711	0.01	0.09006367834	0.01	0.1218631041	0.01	0.1197132121	0.01	0.07843907729
10.51	5.123342602e-20	5.603438832e-18	1.085417162	-0.47191869	0.01	0.1606035059	0.01	0.09501853071	0.01	0.08996789984	0.01	0.1220440843	0.01	0.1199069637	0.01	0.07852021661
10.52	1.28293928e-20	-8.058914714e-19	1.080674212	-0.476467974	0.01	0.1605098107	0.01	0.09492145458	0.01	0.08987101463	0.01	0.1222263582	0.01	0.120102132	0.01	0.07860182226
10.53	-8.172701336e-24	-2.414980858e-18	1.075885804	-0.481007054	0.01	0.1604150407	0.01	0.09482326597	0.01	0.08977302001	0.01	0.1224099068	0.01	0.1202986977	0.01	0.07868388226
10.54	1.128210075e-20	2.417547162e-18	1.071052074	-0.4855292662	0.01	0.1603191942	0.01	0.09472396302	0.01	0.08967391417	0.01	0.1225947091	0.01	0.1204966395	0.01	0.07876638377
10.55	4.357741403e-20	8.881782539e-18	1.066173238	-0.4900252494	0.01	0.160222271	0.01	0.0946235454	0.01	0.08957369684	0.01	0.1227807418	0.01	0.1206959334	0.01	0.07884931256
10.56	-2.26253603e-20	1.624493208e-18	1.061249617	-0.494483373	0.01	0.1601242731	0.01	0.09452201485	0.01	0.08947236984	0.01	0.1229679773	0.01	0.120896551	0.01	0.07893265262
10.57	-1.620975915e-20	-2.431424177e-18	1.056281655	-0.4988902608	0.01	0.1600252047	0.01	0.09441937563	0.01	0.08936993753	0.01	0.1231563836	0.01	0.1210984591	0.01	0.07901638581
10.58	8.118880461e-21	1.624959107e-18	1.051269939	-0.5032313838	0.01	0.1599250732	0.01	0.09431563493	0.01	0.08926640717	0.01	0.1233459236	0.01	0.1213016188	0.01	0.0791004917
10.59	-1.466349152e-20	-3.257261367e-18	1.046215202	-0.5074916954	0.01	0.1598238888	0.01	0.09421080305	0.01	0.08916178916	0.01	0.1235365544	0.01	0.1215059855	0.01	0.07918494739
10.6	4.876348679e-21	-8.179845539e-19	1.041118327	-0.5116562788	0.01	0.1597216649	0.01	0.09410489356	0.01	0.08905609715	0.01	0.1237282276	0.01	0.1217115084	0.01	0.07926972757
10.61	-1.797945704e-20	-1.633460904e-18	1.035980343	-0.5157109796	0.01	0.1596184179	0.01	0.09399792324	0.01	0.08894934798	0.01	0.1239208893	0.01	0.1219181309	0.01	0.07935480461
10.62	1.311117416e-20	4.100093582e-18	1.030802413	-0.519642994	0.01	0.1595141671	0.01	0.09388991193	0.01	0.08884156156	0.01	0.1241144806	0.01	0.1221257911	0.01	0.07944014876
10.63	2.95490188e-20	2.460708238e-18	1.025585819	-0.5234413875	0.01	0.1594089347	0.01	0.09378088226	0.01	0.08873276056	0.01	0.124308938	0.01	0.1223344222	0.01	0.07952572849
10.64	-1.316333823e-20	-1.645806797e-18	1.020331941	-0.5270975226	0.01	0.1593027449	0.01	0.09367085928	0.01	0.08862297005	0.01	0.1245041946	0.01	0.1225439537	0.01	0.07961151086
10.65	6.588581469e-21	2.477684411e-18	1.015042232	-0.5306053773	0.01	0.1591956236	0.01	0.09355986992	0.01	0.08851221698	0.01	0.1247001807	0.01	0.1227543122	0.01	0.07969746196
10.66	4.970476004e-21	2.484037827e-18	1.00971819	-0.5339617418	0.01	0.1590875981	0.01	0.09344794253	0.01	0.0884005297	0.01	0.1248968251	0.01	0.1229654223	0.01	0.07978354737
10.67	-1.656182831e-20	-1.656836143e-18	1.004361334	-0.5371662861	0.01	0.1589786963	0.01	0.09333510626	0.01	0.08828793729	0.01	0.125094056	0.01	0.1231772084	0.01	0.07986973268
10.68	1.663444335e-20	4.990911442e-18	0.9989731676	-0.5402214982	0.01	0.1588689463	0.01	0.09322139042	0.01	0.08817446905	0.01	0.1252918025	0.01	0.1233895952	0.01	0.07995598393
10.69	-1.332511921e-20	-8.31248428e-19	0.9935551597	-0.5431324962	0.01	0.1587583757	0.01	0.09310682396	0.01	0.08806015386	0.01	0.1254899951	0.01	0.1236025094	0.01	0.08004226809
10.7	1.681965905e-21	5.019955204e-18	0.9881087149	-0.5459067255	0.01	0.1586470111	0.01	0.09299143488	0.01	0.08794501965	0.01	0.1256885672	0.01	0.1238158802	0.01	0.08012855345
10.71	6.690384626e-21	-1.724415488e-21	0.9826351539	-0.5485535557	0.01	0.1585348776	0.01	0.09287524977	0.01	0.08782909292	0.01	0.1258874555	0.01	0.1240296404	0.01	0.08021480994
10.72	-2.516930167e-20	-2.516668322e-18	0.9771356963	-0.551083798	0.01	0.1584219987	0.01	0.09275829338	0.01	0.08771239833	0.01	0.1260866008	0.01	0.1242437271	0.01	0.08030100942
10.73	6.739266918e-21	-1.784234022e-21	0.9716114493	-0.553509164	0.01	0.1583083955	0.01	0.09264058835	0.01	0.08759495843	0.01	0.1262859485	0.01	0.1244580823	0.01	0.08038712581
10.74	5.063309883e-20	1.097865216e-17	0.9660634012	-0.5558416937	0.01	0.1581940873	0.01	0.092522155	0.01	0.08747679345	0.01	0.1264854489	0.01	0.1246726528	0.01	0.08047313518
10.75	2.368001711e-20	2.537112233e-18	0.9604924211	-0.5580931771	0.01	0.1580790907	0.01	0.09240301127	0.01	0.08735792125	0.01	0.126685057	0.01	0.1248873906	0.01	0.08055901574
10.76	-6.803036933e-21	-6.799333191e-18	0.9548992642	-0.5602745975	0.01	0.1579634204	0.01	0.09228317281	0.01	0.0872383574	0.01	0.1268847323	0.01	0.1251022525	0.01	0.08064474772
10.77	1.19160858e-20	1.701696653e-18	0.9492845827	-0.5623956205	0.01	0.1578470889	0.01	0.09216265312	0.01	0.08711811532	0.01	0.1270844388	0.01	0.1253171997	0.01	0.08073031318
10.78	-1.707356112e-20	-3.414712224e-18	0.9436489407	-0.5644641518	0.01	0.1577301071	0.01	0.09204146384	0.01	0.08699720662	0.01	0.1272841439	0.01	0.1255321975	0.01	0.08081569577
10.79	3.412732232e-21	-8.582339474e-19	0.9379928342	-0.5664859833	0.01	0.1576124843	0.01	0.09191961515	0.01	0.08687564142	0.01	0.1274838181	0.01	0.1257472139	0.01	0.08090088039
10.8	5.145592827e-21	1.717961468e-18	0.932316713	-0.5684645419	0.01	0.1574942293	0.01	0.09179711619	0.01	0.08675342886	0.01	0.127683434	0.01	0.1259622196	0.01	0.08098585286
10.81	1.723368012e-21	8.616840061e-19	0.9266210053	-0.570400752	0.01	0.15737535	0.01	0.09167397564	0.01	0.08663057758	0.01	0.1278829655	0.01	0.1261771865	0.01	0.0810705995
10.82	-3.468696651e-21	-5.187057584e-18	0.9209061426	-0.5722930151	0.01	0.1572558548	0.01	0.09155020215	0.01	0.08650709626	0.01	0.1280823868	0.01	0.1263920866	0.01	0.08115510682
10.83	-2.423520095e-20	-7.797767518e-18	0.9151725848	-0.5741373076	0.01	0.1571357525	0.01	0.091425805	0.01	0.08638299419	0.01	0.1282816717	0.01	0.1266068919	0.01	0.0812393611
10.84	-1.041668724e-20	-1.736455423e-18	0.9094208433	-0.5759273886	0.01	0.1570150531	0.01	0.09130079451	0.01	0.08625828173	0.01	0.1284807924	0.01	0.1268215725	0.01	0.08132334808
10.85	-1.217876534e-20	-8.687290303e-19	0.9036515011	-0.5776551085	0.01	0.1568937681	0.01	0.09117518262	0.01	0.08613297084	0.01	0.1286797194	0.01	0.1270360967	0.01	0.08140705269
10.86	-3.141212452e-20	-3.490469127e-18	0.897865231	-0.5793108023	0.01	0.1567719111	0.01	0.0910489832	0.01	0.08600707546	0.01	0.1288784203	0.01	0.1272504297	0.01	0.0814904588
10.87	-5.957344982e-20	-1.13910838e-17	0.8920628072	-0.5808837479	0.01	0.1566494978	0.01	0.09092221246	0.01	0.08588061183	0.01	0.1290768597	0.01	0.1274645336	0.01	0.0815735491
10.88	-3.336369784e-20	-4.391341841e-18	0.8862451143	-0.5823626681	0.01	0.1565265464	0.01	0.09079488912	0.01	0.08575359871	0.01	0.129274999	0.01	0.1276783668	0.01	0.08165630498
10.89	-3.347867657e-20	-5.287785868e-18	0.8804131498	-0.5837362527	0.01	0.1564030777	0.01	0.09066703453	0.01	0.08562605749	0.01	0.1294727962	0.01	0.1278918843	0.01	0.08173870657
10.9	-1.590409256e-20	-1.766574094e-18	0.8745680219	-0.5849936764	0.01	0.1562791148	0.01	0.09053867268	0.01	0.0854980122	0.01	0.1296702058	0.01	0.1281050373	0.01	0.08182073278
10.91	3.722591081e-20	2.653929653e-18	0.8687109421	-0.5861250885	0.01	0.1561546836	0.01	0.09040983008	0.01	0.08536948938	0.01	0.1298671795	0.01	0.1283177739	0.01	0.08190236148
10.92	3.199675095e-20	3.55519455e-18	0.8628432134	-0.5871220521	0.01	0.1560298119	0.01	0.09028053555	0.01	0.08524051784	0.01	0.1300636666	0.01	0.1285300394	0.01	0.08198356968
10.93	7.135013864e-21	8.91876733e-19	0.8569662143	-0.5879779144	0.01	0.1559045294	0.01	0.09015081988	0.01	0.08511112837	0.01	0.1302596142	0.01	0.1287417767	0.01	0.08206433378
10.94	3.757073207e-20	3.575966201e-18	0.8510813794	-0.5886880896	0.01	0.1557788673	0.01	0.09002071547	0.01	0.08498135334	0.01	0.1304549683	0.01	0.1289529277	0.01	0.08214462991
10.95	1.615026855e-20	8.946827369e-19	0.8451901776	-0.5892502446	0.01	0.1556528579	0.01	0.0898902558	0.01	0.0848512262	0.01	0.1306496742	0.01	0.1291634331	0.01	0.08222443421
10.96	-2.163242214e-20	-4.506802936e-18	0.8392940898	-0.5896643789	0.01	0.155526534	0.01	0.08975947502	0.01	0.08472078102	0.01	0.1308436776	0.01	0.1293732342	0.01	0.08230372318
10.97	5.307195271e-32	2.60674618e-30	0.8333945851	-0.5899327956	0.01	0.1553999284	0.01	0.08962840735	0.01	0.08459005199	0.01	0.1310369254	0.01	0.129582273	0.01	0.08238247398
10.98	2.359344673e-20	2.718189725e-18	0.8274930987	-0.5900599675	0.01	0.1552730736	0.01	0.08949708664	0.01	0.08445907283	0.01	0.1312293659	0.01	0.1297904935	0.01	0.08246066475
10.99	-4.363631496e-20	-5.455280394e-18	0.8215910112	-0.5900523048	0.01	0.155146001	0.01	0.08936554583	0.01	0.08432787641	0.01	0.1314209504	0.01	0.1299978422	0.01	0.08253827487
11	-2.19007875e-20	-4.565705046e-18	0.8156896311	-0.5899178355	0.01	0.1550187409	0.01	0.08923381656	0.01	0.08419649425	0.01	0.1316116329	0.01	0.1302042687	0.01	0.08261528519
11.01	-3.846151319e-20	-7.328035639e-18	0.8097901805	-0.5896658164	0.01	0.1548913217	0.01	0.0891019288	0.01	0.08406495622	0.01	0.131801371	0.01	0.1304097265	0.01	0.08269167814
11.02	7.373365625e-21	3.680027761e-18	0.8038937847	-0.5893062908	0.01	0.1547637703	0.01	0.08896991059	0.01	0.08393329024	0.01	0.1319901262	0.01	0.1306141728	0.01	0.08276743792
11.03	-1.842456554e-21	-2.770380032e-18	0.7980014671	-0.5888496164	0.01	0.1546361113	0.01	0.08883778785	0.01	0.08380152212	0.01	0.1321778637	0.01	0.1308175691	0.01	0.08284255046
11.04	3.328738222e-20	5.549328165e-18	0.7921141484	-0.5883059842	0.01	0.1545083672	0.01	0.08870558436	0.01	0.08366967553	0.01	0.132364553	0.01	0.1310198813	0.01	0.08291700342
11.05	2.600019604e-20	1.021929899e-17	0.7862326504	-0.5876849513	0.01	0.1543805587	0.01	0.08857332175	0.01	0.08353777199	0.01	0.1325501671	0.01	0.131221079	0.01	0.08299078615
11.06	9.298134268e-21	9.298134268e-19	0.7803577112	-0.5869876799	0.01	0.1542527044	0.01	0.08844101971	0.01	0.0834058311	0.01	0.1327346825	0.01	0.1314211357	0.01	0.08306389622
11.07	0	0	0.7744906723	-0.5860751176	0.01	0.1541248323	0.01	0.08830870542	0.01	0.08327388041	0.01	0.1329180666	0.01	0.1316200173	0.01	0.0831366647
11.08	0	0	0.7686340776	-0.5848993877	0.01	0.1539969982	0.01	0.08817643408	0.01	0.08314197564	0.01	0.133100249	0.01	0.131817652	0.01	0.08320936535
11.09	0	0	0.7627904489	-0.5834828265	0.01	0.1538692606	0.01	0.08804426666	0.01	0.08301017761	0.01	0.1332811529	0.01	0.1320139569	0.01	0.08328198163
11.1	0	0	0.7569620764	-0.5818354768	0.01	0.1537416732	0.01	0.08791225948	0.01	0.08287854237	0.01	0.1334607097	0.01	0.1322069201	0.01	0.08335448523
11.11	0	0	0.7511520097	-0.5797821547	0.01	0.1536143013	0.01	0.08778047774	0.01	0.08274713548	0.01	0.133638841	0.01	0.1323935528	0.01	0.08342684272
11.12	0	0	0.7453648104	-0.5772607237	0.01	0.153487245	0.01	0.0876490222	0.01	0.08261605828	0.01	0.1338154232	0.01	0.1325779647	0.01	0.0834990012
11.13	0	0	0.7396048674	-0.5743339349	0.01	0.1533606063	0.01	0.08751799916	0.01	0.08248541669	0.01	0.1339903278	0.01	0.1327606004	0.01	0.08357090472
11.14	0	0	0.7338757973	-0.5710893424	0.01	0.1532344716	0.01	0.0873875001	0.01	0.08235530148	0.01	0.1341634492	0.01	0.1329413961	0.01	0.08364250544
11.15	0	0	0.7281802855	-0.5676252109	0.01	0.1531089078	0.01	0.08725759639	0.01	0.08222578326	0.01	0.1343347109	0.01	0.1331202722	0.01	0.08371376651
11.16	0	0	0.7225200083	-0.5640448471	0.01	0.1529839599	0.01	0.08712833701	0.01	0.08209691023	0.01	0.1345040681	0.01	0.1332971771	0.01	0.08378466328
11.17	0	0	0.7168956092	-0.560451512	0.01	0.1528596505	0.01	0.08699974756	0.01	0.08196870728	0.01	0.1346715072	0.01	0.1334720922	0.01	0.08385518386
11.18	0	0	0.7113067235	-0.5569434587	0.01	0.1527359796	0.01	0.0868718304	0.01	0.0818411761	0.01	0.1348370456	0.01	0.1336450303	0.01	0.08392532898
11.19	0	0	0.7057520524	-0.5536092764	0.01	0.1526129266	0.01	0.08674456589	0.01	0.08171429653	0.01	0.1350007284	0.01	0.1338160341	0.01	0.08399511136
11.2	0	0	0.7002294802	-0.5505237586	0.01	0.1524904518	0.01	0.08661791479	0.01	0.0815880289	0.01	0.1351626251	0.01	0.1339851717	0.01	0.08406455436
11.21	0	0	0.6947362297	-0.5477444911	0.01	0.1523685002	0.01	0.08649182145	0.01	0.08146231728	0.01	0.1353228246	0.01	0.1341525323	0.01	0.08413369028
11.22	0	0	0.6892690467	-0.5453093169	0.01	0.1522470054	0.01	0.08636621784	0.01	0.08133709351	0.01	0.1354814292	0.01	0.1343182201	0.01	0.08420255815
11.23	0	0	0.683824406	-0.5432347872	0.01	0.1521258937	0.01	0.0862410281	0.01	0.08121228178	0.01	0.1356385493	0.01	0.1344823482	0.01	0.08427120127
11.24	0	0	0.678398726	-0.5415156612	0.01	0.152005089	0.01	0.08611617346	0.01	0.08108780347	0.01	0.135794296	0.01	0.1346450322	0.01	0.08433966455
11.25	0	0	0.6729885849	-0.5401254599	0.01	0.1518845175	0.01	0.08599157719	0.01	0.08096358217	0.01	0.135948776	0.01	0.1348063833	0.01	0.08440799179
11.26	0	0	0.6675909245	-0.5390180335	0.01	0.1517641128	0.01	0.08586716941	0.01	0.08083954843	0.01	0.1361020847	0.01	0.1349665025	0.01	0.08447622308
11.27	1.295867071e-20	9.950448816e-19	0.662203235	-0.538130047	0.01	0.1516438194	0.01	0.08574289157	0.01	0.08071564422	0.01	0.136254302	0.01	0.1351254753	0.01	0.08454439231
11.28	-1.200697593e-20	-2.502007723e-18	0.6568237101	-0.5373842538	0.01	0.1515235967	0.01	0.08561870025	0.01	0.0805918267	0.01	0.1364054871	0.01	0.1352833664	0.01	0.08461252515
11.29	-3.010780313e-21	-5.017967188e-19	0.6514513668	-0.5366933862	0.01	0.1514034221	0.01	0.08549457026	0.01	0.08046807128	0.01	0.1365556763	0.01	0.1354402172	0.01	0.08468063729
11.3	-9.052033489e-21	-1.005816808e-18	0.6460861237	-0.5359644693	0.01	0.1512832926	0.01	0.08537049679	0.01	0.08034437373	0.01	0.1367048804	0.01	0.1355960428	0.01	0.08474873329
11.31	-6.053352382e-21	-5.040211686e-19	0.6407288356	-0.5351033489	0.01	0.1511632261	0.01	0.08524649653	0.01	0.08022075133	0.01	0.1368530843	0.01	0.1357508316	0.01	0.08481680588
11.32	7.086887878e-21	1.01282261e-18	0.6353812825	-0.5340192149	0.01	0.1510432614	0.01	0.08512260781	0.01	0.08009724288	0.01	0.1370002477	0.01	0.1359045454	0.01	0.08488483595
11.33	-6.106290476e-21	-1.52545564e-18	0.6300461139	-0.532628908	0.01	0.150923457	0.01	0.08499888966	0.01	0.0799739078	0.01	0.1371463069	0.01	0.1360571215	0.01	0.08495279297
11.34	3.058571192e-21	5.097618654e-19	0.6247267537	-0.5308608101	0.01	0.1508038894	0.01	0.08487541985	0.01	0.07985082414	0.01	0.1372911778	0.01	0.1362084756	0.01	0.08502063607
11.35	-2.046702062e-21	-5.116755155e-19	0.6194272672	-0.5286581399	0.01	0.1506846503	0.01	0.08475229214	0.01	0.07972808578	0.01	0.1374347601	0.01	0.1363585056	0.01	0.08508831551
11.36	1.43632119e-20	3.078966587e-18	0.6141522003	-0.5259815048	0.01	0.150565843	0.01	0.08462961265	0.01	0.07960579885	0.01	0.1375769416	0.01	0.1365070965	0.01	0.08515577467
11.37	1.646202577e-20	2.572369901e-18	0.6089063969	-0.5228105982	0.01	0.1504475787	0.01	0.08450749582	0.01	0.07948407763	0.01	0.1377176035	0.01	0.1366541254	0.01	0.0852229522
11.38	3.101135474e-21	2.584384576e-18	0.6036948043	-0.51914497	0.01	0.1503299718	0.01	0.08438605992	0.01	0.07936304009	0.01	0.1378566258	0.01	0.1367994675	0.01	0.08528978449
11.39	1.035703468e-20	2.071406936e-18	0.5985222751	-0.5150038435	0.01	0.1502131357	0.01	0.08426542241	0.01	0.07924280326	0.01	0.1379938924	0.01	0.1369430011	0.01	0.08535620822
11.4	-2.594926128e-20	-3.633571093e-18	0.5933933762	-0.5104249974	0.01	0.1500971786	0.01	0.08414569544	0.01	0.07912347875	0.01	0.1381292964	0.01	0.1370846135	0.01	0.08542216276
11.41	3.331106094e-20	4.164037718e-18	0.5883122131	-0.5054627742	0.01	0.1499821988	0.01	0.08402698159	0.01	0.07900516852	0.01	0.1382627444	0.01	0.1372242048	0.01	0.08548759256
11.42	-4.176396022e-21	-5.220495027e-19	0.5832822784	-0.500185321	0.01	0.1498682818	0.01	0.08390937016	0.01	0.07888796116	0.01	0.1383941603	0.01	0.1373616929	0.01	0.08555244915
11.43	-3.143312434e-21	-5.238854056e-19	0.5783063303	-0.4946712015	0.01	0.1497554972	0.01	0.08379293405	0.01	0.07877192885	0.01	0.138523488	0.01	0.137497016	0.01	0.0856166929
11.44	7.350756493e-21	1.050495797e-18	0.573386308	-0.4890055491	0.01	0.1496438964	0.01	0.08367772757	0.01	0.07865712515	0.01	0.1386506935	0.01	0.1376301348	0.01	0.08568029422
11.45	6.322772569e-21	5.260062168e-19	0.5685232868	-0.4832759521	0.01	0.1495335115	0.01	0.08356378501	0.01	0.07854358366	0.01	0.1387757657	0.01	0.1377610335	0.01	0.08574323434
11.46	4.228219627e-21	1.057349212e-18	0.5637174741	-0.4775682731	0.01	0.1494243548	0.01	0.08345112032	0.01	0.07843131767	0.01	0.1388987158	0.01	0.13788972	0.01	0.0858054941
11.47	3.181410916e-21	1.060567221e-18	0.5589684264	-0.471904768	0.01	0.149316422	0.01	0.08333972979	0.01	0.07832032301	0.01	0.1390195742	0.01	0.1380162224	0.01	0.08586622988
11.48	-7.43525526e-21	-2.658784215e-18	0.5542758841	-0.4662672401	0.01	0.1492097101	0.01	0.08322960952	0.01	0.07821059589	0.01	0.139138371	0.01	0.1381405724	0.01	0.08592610328
11.49	3.470358846e-32	8.675929213e-30	0.5496392984	-0.4607172784	0.01	0.1491042126	0.01	0.08312075311	0.01	0.07810212966	0.01	0.1392551385	0.01	0.1382628024	0.01	0.0859853185
11.5	-1.068579895e-20	-2.672151813e-18	0.5450574852	-0.4553161832	0.01	0.1489999089	0.01	0.08301314002	0.01	0.07799490339	0.01	0.1393699233	0.01	0.1383829582	0.01	0.08604389231
11.51	-2.144983545e-21	-2.144983545e-18	0.5405287027	-0.4501141481	0.01	0.1488967653	0.01	0.0829067359	0.01	0.07788888243	0.01	0.1394827855	0.01	0.1385010999	0.01	0.08610184337
11.52	5.370471727e-21	1.074149438e-18	0.5360507751	-0.4451478064	0.01	0.1487947375	0.01	0.08280149533	0.01	0.07778402116	0.01	0.1395937958	0.01	0.138617299	0.01	0.08615919626
11.53	0	0	0.531621236	-0.440438698	0.01	0.1486937737	0.01	0.08269736498	0.01	0.07768026619	0.01	0.1397030319	0.01	0.1387316347	0.01	0.0862159799
11.54	-1.076636796e-21	1.621686901e-18	0.5272374834	-0.4359924941	0.01	0.1485938182	0.01	0.08259428721	0.01	0.07757755994	0.01	0.1398105742	0.01	0.1388441903	0.01	0.08627222563
11.55	5.41381266e-21	1.624090533e-18	0.5228969384	-0.4317989986	0.01	0.1484948149	0.01	0.0824922038	0.01	0.07747584434	0.01	0.1399165024	0.01	0.1389550485	0.01	0.0863279652
11.56	-1.408381523e-20	5.465679437e-19	0.5185972003	-0.4278329138	0.01	0.1483967109	0.01	0.08239105959	0.01	0.0773750645	0.01	0.1400208914	0.01	0.1390642882	0.01	0.08638322879
11.57	-6.528564339e-21	-2.176188113e-18	0.5143361899	-0.4240553198	0.01	0.1482994597	0.01	0.08229080597	0.01	0.07727517216	0.01	0.140123808	0.01	0.1391719805	0.01	0.08643804308
11.58	-3.269754534e-21	-5.449590889e-19	0.5101122754	-0.4204157869	0.01	0.1482030244	0.01	0.08219140395	0.01	0.07717612872	0.01	0.1402253081	0.01	0.1392781853	0.01	0.08649242956
11.59	0	0	0.5059243741	-0.4168550079	0.01	0.1481073799	0.01	0.08209282675	0.01	0.07707790785	0.01	0.1403254339	0.01	0.1393829496	0.01	0.08654640313
11.6	3.285199759e-21	5.475332932e-19	0.5017720262	-0.4133078172	0.01	0.148012515	0.01	0.08199506171	0.01	0.07698049732	0.01	0.1404242132	0.01	0.1394863048	0.01	0.08659997096
11.61	6.586130106e-21	2.746281723e-18	0.497655437	-0.4097064465	0.01	0.1479184331	0.01	0.08189811151	0.01	0.07688390022	0.01	0.1405216574	0.01	0.1395882661	0.01	0.08665313183
11.62	-2.089977778e-20	-3.300109743e-18	0.493575486	-0.4059838587	0.01	0.1478251531	0.01	0.08180199458	0.01	0.07678813539	0.01	0.1406177626	0.01	0.1396888325	0.01	0.08670587581
11.63	0	-5.52045565e-19	0.4895337032	-0.4020770015	0.01	0.1477327088	0.01	0.08170674482	0.01	0.076693237	0.01	0.1407125094	0.01	0.1397879869	0.01	0.08675818446
11.64	0	0	0.4855322144	-0.3979298269	0.01	0.1476411477	0.01	0.08161241043	0.01	0.07659925351	0.01	0.140805865	0.01	0.1398856978	0.01	0.08681003133
11.65	0	0	0.4815736574	-0.3934959384	0.01	0.1475505295	0.01	0.0815190522	0.01	0.07650624581	0.01	0.140897785	0.01	0.1399819215	0.01	0.08686138295
11.66	2.108022525e-20	2.773827419e-18	0.4776610747	-0.3887407444	0.01	0.1474609234	0.01	0.08142674104	0.01	0.07641428484	0.01	0.140988216	0.01	0.140076604	0.01	0.08691220008
11.67	0	0	0.4737977875	-0.3836430244	0.01	0.1473724059	0.01	0.08133555521	0.01	0.07632344874	0.01	0.1410770987	0.01	0.1401696851	0.01	0.08696243925
11.68	0	0	0.4699872577	-0.3781958393	0.01	0.1472850571	0.01	0.08124557706	0.01	0.07623381967	0.01	0.141164371	0.01	0.1402611007	0.01	0.08701205455
11.69	1.005281329e-20	3.352835457e-18	0.4662329433	-0.3724067524	0.01	0.1471989578	0.01	0.08115688969	0.01	0.07614548041	0.01	0.1412499713	0.01	0.1403507867	0.01	0.08706099942
11.7	0	0	0.4625381561	-0.3662973588	0.01	0.147114186	0.01	0.08106957357	0.01	0.07605851103	0.01	0.1413338417	0.01	0.1404386822	0.01	0.0871092285
11.71	1.12163846e-20	2.804643181e-18	0.458905927	-0.3599021525	0.01	0.1470308142	0.01	0.08098370332	0.01	0.07597298564	0.01	0.1414159312	0.01	0.1405247329	0.01	0.0871566995
11.72	0	-5.624440195e-19	0.4553388855	-0.3532667954	0.01	0.1469489059	0.01	0.08089934474	0.01	0.07588896952	0.01	0.1414961978	0.01	0.140608893	0.01	0.08720337473
11.73	0	0	0.4518391593	-0.3464458755	0.01	0.1468685138	0.01	0.08081655235	0.01	0.07580651661	0.01	0.1415746107	0.01	0.1406911286	0.01	0.08724922259
11.74	0	0	0.4484082984	-0.3395002706	0.01	0.1467896778	0.01	0.08073536744	0.01	0.0757256676	0.01	0.1416511524	0.01	0.1407714184	0.01	0.08729421861
11.75	0	0	0.4450472267	-0.3324942461	0.01	0.1467124236	0.01	0.08065581674	0.01	0.07564644866	0.01	0.1417258187	0.01	0.1408497554	0.01	0.08733834626
11.76	4.521168896e-21	-7.931935487e-22	0.4417562233	-0.3254924319	0.01	0.146636762	0.01	0.08057791181	0.01	0.0755688708	0.01	0.1417986197	0.01	0.140926147	0.01	0.0873815973
11.77	-2.266894359e-21	-2.833617949e-19	0.4385349338	-0.3185568247	0.01	0.1465626894	0.01	0.08050164913	0.01	0.07549293001	0.01	0.1418695791	0.01	0.1410006148	0.01	0.08742397183
11.78	-1.136682681e-21	-1.136682681e-18	0.4353824113	-0.3117439605	0.01	0.1464901884	0.01	0.08042701085	0.01	0.07541860804	0.01	0.1419387332	0.01	0.1410731938	0.01	0.08746547782
11.79	0	0	0.4322971834	-0.3051023902	0.01	0.1464192289	0.01	0.08035396626	0.01	0.07534587387	0.01	0.1420061292	0.01	0.1411439305	0.01	0.08750613046
11.8	-1.366991213e-20	-2.278858823e-18	0.4292773426	-0.2986705776	0.01	0.1463497705	0.01	0.08028247373	0.01	0.07527468564	0.01	0.1420718237	0.01	0.1412128817	0.01	0.08754595106
11.81	7.987241775e-21	1.141034539e-18	0.4263206554	-0.2924753136	0.01	0.1462817648	0.01	0.08021248321	0.01	0.07520499321	0.01	0.1421358797	0.01	0.1412801112	0.01	0.08758496571
11.82	-2.28520939e-21	-2.856511737e-19	0.4234246844	-0.286530715	0.01	0.1462151576	0.01	0.08014393898	0.01	0.07513674085	0.01	0.1421983643	0.01	0.1413456879	0.01	0.08762320376
11.83	0	0	0.4205869162	-0.2808378485	0.01	0.1461498927	0.01	0.0800767827	0.01	0.07506987033	0.01	0.1422593462	0.01	0.1414096826	0.01	0.08766069621
11.84	-1.147128133e-21	-1.147128133e-18	0.4178048914	-0.2753849845	0.01	0.1460859139	0.01	0.08001095639	0.01	0.07500432387	0.01	0.1423188922	0.01	0.1414721653	0.01	0.08769747398
11.85	1.148257653e-21	2.870644132e-19	0.415076328	-0.2701484618	0.01	0.1460231688	0.01	0.07994640545	0.01	0.07494004714	0.01	0.1423770656	0.01	0.1415332024	0.01	0.08773356631
11.86	0	0	0.4123992338	-0.2650941073	0.01	0.1459616107	0.01	0.07988308133	0.01	0.07487699196	0.01	0.1424339229	0.01	0.1415928543	0.01	0.08776899919
11.87	0	0	0.4097720014	-0.2601791369	0.01	0.145901201	0.01	0.07982094394	0.01	0.0748151186	0.01	0.1424895125	0.01	0.1416511732	0.01	0.08780379402
11.88	0	0	0.4071934838	-0.2553544363	0.01	0.1458419115	0.01	0.07975996348	0.01	0.07475439768	0.01	0.1425438729	0.01	0.1417082016	0.01	0.08783796659
11.89	0	0	0.4046630442	-0.2505671068	0.01	0.1457837252	0.01	0.07970012186	0.01	0.07469481152	0.01	0.1425970319	0.01	0.1417639707	0.01	0.08787152619
11.9	0	0	0.4021805804	-0.2457631532	0.01	0.145726637	0.01	0.07964141338	0.01	0.07463635479	0.01	0.1426490057	0.01	0.1418185005	0.01	0.08790447527
11.91	-1.735496775e-21	-2.892494626e-19	0.3997465227	-0.2408901806	0.01	0.1456706542	0.01	0.07958384486	0.01	0.07457903466	0.01	0.1426997993	0.01	0.1418717988	0.01	0.08793680924
11.92	-2.89460302e-21	-2.89460302e-19	0.3973618041	-0.2358999755	0.01	0.1456157956	0.01	0.07952743512	0.01	0.07452287023	0.01	0.142749407	0.01	0.1419238626	0.01	0.08796851679
11.93	0	0	0.3950278074	-0.2307508497	0.01	0.1455620906	0.01	0.07947221387	0.01	0.07446789139	0.01	0.1427978137	0.01	0.1419746783	0.01	0.08799958043
11.94	0	0	0.3927462895	-0.2254096409	0.01	0.1455095774	0.01	0.07941822008	0.01	0.07441413723	0.01	0.1428449963	0.01	0.1420242241	0.01	0.08802997742
11.95	0	0	0.3905192882	-0.2198532793	0.01	0.1454583014	0.01	0.07936549985	0.01	0.07436165387	0.01	0.1428909254	0.01	0.1420724712	0.01	0.08805968089
11.96	0	0	0.388349016	-0.2140698554	0.01	0.1454083121	0.01	0.07931410406	0.01	0.0743104921	0.01	0.1429355678	0.01	0.142119386	0.01	0.08808866116
11.97	-1.048075716e-20	-1.164528573e-18	0.3862377455	-0.208059143	0.01	0.1453596614	0.01	0.07926408566	0.01	0.07426070472	0.01	0.1429788887	0.01	0.142164933	0.01	0.08811688728
11.98	0	0	0.3841876932	-0.2018325617	0.01	0.1453124003	0.01	0.07921549698	0.01	0.07421234379	0.01	0.1430208538	0.01	0.1422090765	0.01	0.08814432847
11.99	0	0	0.3822009056	-0.1954125889	0.01	0.1452665765	0.01	0.07916838704	0.01	0.07416545801	0.01	0.143061432	0.01	0.1422517835	0.01	0.08817095571
12	0	0	0.3802791542	-0.1888316552	0.01	0.1452222322	0.01	0.07912279902	0.01	0.07412009018	0.01	0.1431005968	0.01	0.1422930254	0.01	0.08819674313
12.01	0	0	0.3784238437	-0.1821305842	0.01	0.1451794015	0.01	0.07907876802	0.01	0.07407627496	0.01	0.143138329	0.01	0.1423327805	0.01	0.0882216693
12.02	5.852837456e-21	1.170567491e-18	0.376635938	-0.175356657	0.01	0.1451381089	0.01	0.07903631924	0.01	0.07403403712	0.01	0.1431746171	0.01	0.1423710349	0.01	0.08824571828
12.03	0	0	0.3749159065	-0.1685613981	0.01	0.1450983678	0.01	0.07899546656	0.01	0.07399339009	0.01	0.1432094594	0.01	0.1424077845	0.01	0.08826888045
12.04	0	0	0.3732636939	-0.1617981948	0.01	0.1450601799	0.01	0.07895621173	0.01	0.07395433518	0.01	0.1432428639	0.01	0.1424430348	0.01	0.088291153
12.05	0	0	0.3716787135	-0.1551198643	0.01	0.1450235347	0.01	0.07891854404	0.01	0.07391686131	0.01	0.1432748486	0.01	0.1424768021	0.01	0.08831254015
12.06	0	0	0.370159865	-0.1485762887	0.01	0.14498841	0.01	0.07888244059	0.01	0.07388094525	0.01	0.1433054412	0.01	0.1425091126	0.01	0.08833305303
12.07	0	0	0.3687055748	-0.1422122287	0.01	0.1449547723	0.01	0.07884786711	0.01	0.07384655247	0.01	0.1433346788	0.01	0.142540002	0.01	0.08835270928
12.08	0	0	0.367313857	-0.1360654201	0.01	0.1449225785	0.01	0.07881477929	0.01	0.07381363846	0.01	0.1433626058	0.01	0.1425695146	0.01	0.08837153231
12.09	0	0	0.3659823912	-0.13016504	0.01	0.1448917773	0.01	0.07878312442	0.01	0.07378215044	0.01	0.1433892735	0.01	0.1425977015	0.01	0.08838955042
12.1	0	0	0.3647086136	-0.1245306096	0.01	0.1448623114	0.01	0.07875284352	0.01	0.07375202945	0.01	0.1434147376	0.01	0.1426246194	0.01	0.0884067956
12.11	0	0	0.3634898169	-0.1191713804	0.01	0.1448341196	0.01	0.07872387361	0.01	0.07372321258	0.01	0.1434390568	0.01	0.1426503281	0.01	0.08842330233
12.12	0	0	0.3623232536	-0.1140862233	0.01	0.1448071391	0.01	0.07869615009	0.01	0.07369563543	0.01	0.1434622903	0.01	0.142674889	0.01	0.08843910616
12.13	0	0	0.3612062376	-0.1092640174	0.01	0.144781308	0.01	0.07866960916	0.01	0.07366923446	0.01	0.1434844966	0.01	0.142698363	0.01	0.08845424242
12.14	0	0	0.3601362404	-0.1046845103	0.01	0.1447565674	0.01	0.0786441901	0.01	0.07364394927	0.01	0.143505731	0.01	0.1427208082	0.01	0.08846874489
12.15	0	0	0.3591109754	-0.1003195997	0.01	0.1447328633	0.01	0.07861983734	0.01	0.07361972467	0.01	0.1435260443	0.01	0.1427422788	0.01	0.08848264459
12.16	0	0	0.3581284684	-0.09613496579	0.01	0.1447101488	0.01	0.07859650218	0.01	0.07359651237	0.01	0.143545481	0.01	0.1427628226	0.01	0.08849596884
12.17	0	0	0.3571871105	-0.09209197105	0.01	0.1446883846	0.01	0.07857414419	0.01	0.07357427235	0.01	0.1435640789	0.01	0.142782481	0.01	0.08850874039
12.18	0	0	0.3562856906	-0.0881497308	0.01	0.1446675405	0.01	0.07855273206	0.01	0.07355297372	0.01	0.1435818678	0.01	0.1428012872	0.01	0.08852097694
12.19	0	0	0.3554234072	-0.08426725273	0.01	0.1446475957	0.01	0.07853224405	0.01	0.07353259512	0.01	0.1435988694	0.01	0.1428192661	0.01	0.0885326908
12.2	0	0	0.3545998588	-0.08040554271	0.01	0.1446285384	0.01	0.07851266787	0.01	0.07351312462	0.01	0.1436150972	0.01	0.1428364343	0.01	0.08854388899
12.21	0	0	0.353815014	-0.07652957761	0.01	0.1446103656	0.01	0.07849400016	0.01	0.07349455915	0.01	0.1436305576	0.01	0.1428528007	0.01	0.08855457344
12.22	0	0	0.3530691632	-0.07261005421	0.01	0.144593082	0.01	0.07847624543	0.01	0.07347690345	0.01	0.14364525	0.01	0.1428683666	0.01	0.0885647416
12.23	0	0	0.3523628537	-0.06862483553	0.01	0.1445766983	0.01	0.07845941467	0.01	0.07346016866	0.01	0.1436591684	0.01	0.1428831277	0.01	0.08857438717
12.24	0	0	0.3516968126	-0.06456003169	0.01	0.1445612302	0.01	0.07844352362	0.01	0.07344437061	0.01	0.1436723026	0.01	0.1428970747	0.01	0.08858350108
12.25	0	0	0.3510718613	-0.06041067068	0.01	0.1445466957	0.01	0.07842859083	0.01	0.07342952783	0.01	0.1436846399	0.01	0.1429101954	0.01	0.08859207259
12.26	0	0	0.3504888248	-0.05618093441	0.01	0.1445331138	0.01	0.07841463553	0.01	0.07341565951	0.01	0.143696167	0.01	0.1429224761	0.01	0.08860009044
12.27	0	0	0.3499484411	-0.05188395653	0.01	0.1445205017	0.01	0.07840167556	0.01	0.07340278331	0.01	0.1437068712	0.01	0.1429339037	0.01	0.0886075441
12.28	0	0	0.3494512749	-0.04754119912	0.01	0.1445088735	0.01	0.07838972525	0.01	0.07339091342	0.01	0.1437167426	0.01	0.142944467	0.01	0.08861442487
12.29	0	0	0.3489976393	-0.04318144536	0.01	0.1444982379	0.01	0.07837879362	0.01	0.07338005858	0.01	0.1437257752	0.01	0.1429541589	0.01	0.08862072703
12.3	0	0	0.3485875293	-0.03883946258	0.01	0.1444885969	0.01	0.07836888264	0.01	0.07337022054	0.01	0.1437339687	0.01	0.1429629772	0.01	0.08862644873
12.31	0	0	0.3482205699	-0.03455440579	0.01	0.144479944	0.01	0.07835998602	0.01	0.0733613927	0.01	0.1437413289	0.01	0.1429709262	0.01	0.08863159281
12.32	0	0	0.3478959814	-0.03036804244	0.01	0.1444722642	0.01	0.07835208819	0.01	0.07335355926	0.01	0.1437478693	0.01	0.1429780175	0.01	0.0886361673
12.33	0	0	0.3476125621	-0.02632288704	0.01	0.1444655325	0.01	0.07834516385	0.01	0.07334669465	0.01	0.1437536107	0.01	0.1429842704	0.01	0.08864018574
12.34	0	0	0.3473686911	-0.0224603371	0.01	0.1444597147	0.01	0.07833917783	0.01	0.07334076352	0.01	0.1437585819	0.01	0.1429897124	0.01	0.08864366733
12.35	0	0	0.3471623474	-0.01881890004	0.01	0.144454767	0.01	0.07833408548	0.01	0.07333572105	0.01	0.1437628192	0.01	0.1429943787	0.01	0.08864663667
12.36	0	0	0.3469911476	-0.01543259514	0.01	0.1444506373	0.01	0.07832983342	0.01	0.07333151375	0.01	0.1437663659	0.01	0.142998312	0.01	0.08864912341
12.37	0	0	0.3468523973	-0.01232960388	0.01	0.144447266	0.01	0.07832636059	0.01	0.07332808057	0.01	0.1437692715	0.01	0.1430015615	0.01	0.08865116166
12.38	0	0	0.3467431549	-0.009531229073	0.01	0.1444445874	0.01	0.07832359973	0.01	0.07332535427	0.01	0.1437715905	0.01	0.1430041822	0.01	0.08865278917
12.39	0	0	0.3466603036	-0.007051206388	0.01	0.1444425314	0.01	0.07832147896	0.01	0.07332326312	0.01	0.143773381	0.01	0.1430062333	0.01	0.08865404647
12.4	0	0	0.3466006291	-0.004895393867	0.01	0.1444410253	0.01	0.07831992359	0.01	0.07332173262	0.01	0.1437747037	0.01	0.1430077768	0.01	0.08865497585
12.41	0	0	0.3465608977	-0.00306184604	0.01	0.1444399951	0.01	0.07831885793	0.01	0.07332068733	0.01	0.1437756203	0.01	0.1430088763	0.01	0.0886556203
12.42	0	0	0.3465379321	-0.001541260298	0.01	0.1444393679	0.01	0.07831820706	0.01	0.07332005268	0.01	0.1437761916	0.01	0.1430095954	0.01	0.08865602253
12.43	0	0	0.3465286813	-0.0003177654924	0.01	0.1444390732	0.01	0.07831789859	0.01	0.07331975664	0.01	0.1437764769	0.01	0.1430099962	0.01	0.08865622399
12.44	0	0	0.3465302807	0.0006297973285	0.01	0.1444390378	0.01	0.07831785791	0.01	0.0733197241	0.01	0.1437765289	0.01	0.143010138	0.01	0.08865626171
12.45	0	0	0.3465400874	0.001324507415	0.01	0.1444391719	0.01	0.07831799043	0.01	0.07331986548	0.01	0.143776375	0.01	0.1430100423	0.01	0.0886561544
12.46	0	0	0.3465557072	0.001793627511	0.01	0.1444394552	0.01	0.07831827565	0.01	0.07332015969	0.01	0.1437760976	0.01	0.1430097758	0.01	0.08865596026
12.47	0	0	0.3465750335	0.002067137987	0.01	0.144439848	0.01	0.07831867432	0.01	0.07332056458	0.01	0.1437757413	0.01	0.1430094172	0.01	0.08865571067
12.48	0	0	0.3465962618	0.002175369098	0.01	0.1444403071	0.01	0.07831914257	0.01	0.07332103587	0.01	0.1437753418	0.01	0.1430090073	0.01	0.08865543068
12.49	0	0	0.3466178816	0.002146645532	0.01	0.1444407945	0.01	0.07831964137	0.01	0.07332153493	0.01	0.143774929	0.01	0.1430085784	0.01	0.08865514132
12.5	0	0	0.3466386473	0.002005617788	0.01	0.1444412785	0.01	0.07832013788	0.01	0.07332202946	0.01	0.1437745277	0.01	0.1430081575	0.01	0.08865486002
12.51	0	0	0.3466575346	0.00177197119	0.01	0.1444417329	0.01	0.078320605	0.01	0.07332249283	0.01	0.1437741584	0.01	0.1430077664	0.01	0.08865460107
12.52	0	0	0.3466736946	0.001461072511	0.01	0.144442136	0.01	0.07832102035	0.01	0.07332290307	0.01	0.1437738379	0.01	0.1430074234	0.01	0.08865437629
12.53	0	0	0.3466864397	0.001089801974	0.01	0.14444247	0.01	0.0783213655	0.01	0.07332324211	0.01	0.14377358	0.01	0.1430071434	0.01	0.08865419538
12.54	0	0	0.3466952628	0.0006773961441	0.01	0.1444427209	0.01	0.07832162608	0.01	0.07332349591	0.01	0.1437733952	0.01	0.1430069379	0.01	0.08865406566
12.55	0	0	0.3466998565	0.0002444973066	0.01	0.1444428794	0.01	0.07832179213	0.01	0.07332365486	0.01	0.1437732901	0.01	0.1430068145	0.01	0.08865399182
12.56	0	0	0.3467001219	-0.000187841988	0.01	0.1444429404	0.01	0.07832185847	0.01	0.07332371411	0.01	0.1437732667	0.01	0.1430067766	0.01	0.08865397518
12.57	0	0	0.3466961693	-0.0005991539666	0.01	0.1444428875	0.01	0.07832180824	0.01	0.07332365666	0.01	0.1437733122	0.01	0.1430068084	0.01	0.08865400679
12.58	0	0	0.3466882908	-0.0009731865694	0.01	0.1444427324	0.01	0.07832165108	0.01	0.07332349662	0.01	0.1437734316	0.01	0.1430069101	0.01	0.08865409009
12.59	0	0	0.346676941	-0.001293457674	0.01	0.1444424946	0.01	0.07832140866	0.01	0.0733232523	0.01	0.1437736207	0.01	0.1430070838	0.01	0.0886542223
12.6	0	0	0.3466627284	-0.001545972987	0.01	0.1444421872	0.01	0.07832109469	0.01	0.07332293721	0.01	0.1437738695	0.01	0.1430073223	0.01	0.08865439635
12.61	0	0	0.3466463836	-0.001720279022	0.01	0.1444418264	0.01	0.07832072551	0.01	0.0733225677	0.01	0.1437741649	0.01	0.1430076135	0.01	0.08865460319
12.62	0	0	0.3466287218	-0.001809842839	0.01	0.1444414302	0.01	0.07832031967	0.01	0.07332216233	0.01	0.1437744921	0.01	0.1430079427	0.01	0.08865483236
12.63	0	0	0.3466106031	-0.001812263914	0.01	0.144441018	0.01	0.07831989709	0.01	0.07332174098	0.01	0.1437748349	0.01	0.1430082936	0.01	0.0886550726
12.64	0	0	0.3465928903	-0.001729296127	0.01	0.1444406097	0.01	0.07831947801	0.01	0.07332132381	0.01	0.1437751769	0.01	0.1430086492	0.01	0.08865531234
12.65	0	0	0.3465764089	-0.00156667614	0.01	0.1444402242	0.01	0.0783190821	0.01	0.07332093039	0.01	0.1437755021	0.01	0.1430089927	0.01	0.08865554032
12.66	0	0	0.3465619086	-0.001333768579	0.01	0.1444398794	0.01	0.0783187275	0.01	0.07332057873	0.01	0.1437757953	0.01	0.1430093082	0.01	0.08865574605
12.67	0	0	0.3465500296	-0.001043048041	0.01	0.1444395905	0.01	0.07831843003	0.01	0.07332028449	0.01	0.1437760436	0.01	0.1430095814	0.01	0.08865592033
12.68	0	0	0.3465412752	-0.0007094455356	0.01	0.14443937	0.01	0.07831820246	0.01	0.0733200603	0.01	0.1437762361	0.01	0.1430098004	0.01	0.08865605562
12.69	0	0	0.3465359905	-0.000349592889	0.01	0.1444392267	0.01	0.07831805401	0.01	0.07331991521	0.01	0.1437763652	0.01	0.143009956	0.01	0.08865614639
12.7	0	0	0.34653435	1.899715921e-05	0.01	0.1444391659	0.01	0.07831798997	0.01	0.07331985435	0.01	0.1437764259	0.01	0.1430100423	0.01	0.08865618933
12.71	0	0	0.3465363519	0.0003784488067	0.01	0.1444391803	0.01	0.07831800327	0.01	0.07331987031	0.01	0.1437764107	0.01	0.1430100542	0.01	0.08865617907
12.72	0	0	0.3465418149	0.0007109718701	0.01	0.1444392636	0.01	0.07831808633	0.01	0.07331995756	0.01	0.1437763203	0.01	0.1430099754	0.01	0.08865611583
12.73	0	0	0.3465503904	0.001000927939	0.01	0.1444394201	0.01	0.07831824414	0.01	0.07332011978	0.01	0.1437761686	0.01	0.1430098278	0.01	0.08865600968
12.74	0	0	0.3465615878	0.001235556922	0.01	0.1444396422	0.01	0.0783184695	0.01	0.07332034889	0.01	0.1437759648	0.01	0.143009624	0.01	0.08865586691
12.75	0	0	0.3465748052	0.001405270985	0.01	0.144439918	0.01	0.07831875034	0.01	0.07332063246	0.01	0.1437757198	0.01	0.1430093753	0.01	0.08865569529
12.76	0	0	0.3465893619	0.001503857008	0.01	0.144440233	0.01	0.07831907191	0.01	0.07332095561	0.01	0.1437754465	0.01	0.1430090948	0.01	0.08865550374
12.77	0	0	0.3466045326	0.001528641405	0.01	0.1444405712	0.01	0.07831941789	0.01	0.07332130195	0.01	0.1437751584	0.01	0.1430087966	0.01	0.08865530186
12.78	0	0	0.3466195835	0.001480511794	0.01	0.144440916	0.01	0.07831977126	0.01	0.07332165448	0.01	0.1437748697	0.01	0.1430084952	0.01	0.08865509947
12.79	0	0	0.3466338069	0.001363775451	0.01	0.1444412509	0.01	0.0783201151	0.01	0.07332199636	0.01	0.143774594	0.01	0.1430082051	0.01	0.08865490616
12.8	0	0	0.3466465537	0.00118586122	0.01	0.1444415603	0.01	0.07832043344	0.01	0.07332231175	0.01	0.1437743439	0.01	0.1430079396	0.01	0.0886547308
12.81	0	0	0.3466572631	0.0009568822834	0.01	0.1444418304	0.01	0.07832071195	0.01	0.07332258648	0.01	0.1437741306	0.01	0.1430077106	0.01	0.08865458118
12.82	0	0	0.3466654857	0.0006890840059	0.01	0.1444420495	0.01	0.0783209386	0.01	0.07332280872	0.01	0.1437739631	0.01	0.1430075278	0.01	0.08865446365
12.83	0	0	0.3466709026	0.0003962059987	0.01	0.1444422086	0.01	0.07832110413	0.01	0.07332296943	0.01	0.143773848	0.01	0.1430073986	0.01	0.08865438286
12.84	0	0	0.3466733362	9.27909206e-05	0.01	0.144442302	0.01	0.07832120244	0.01	0.07332306276	0.01	0.1437737894	0.01	0.1430073277	0.01	0.0886543416
12.85	0	0	0.3466727549	-0.0002064382988	0.01	0.1444423266	0.01	0.07832123054	0.01	0.07332308537	0.01	0.143773786	0.01	0.1430073154	0.01	0.08865433909
12.86	0	0	0.3466692714	-0.0004879021959	0.01	0.1444422685	0.01	0.07832117325	0.01	0.07332302423	0.01	0.1437738307	0.01	0.1430073492	0.01	0.0886543702
12.87	0	0	0.3466631182	-0.0007403841896	0.01	0.1444421447	0.01	0.07832104748	0.01	0.07332289669	0.01	0.143773927	0.01	0.1430074333	0.01	0.08865443742
12.88	0	0	0.3466546417	-0.0009526292653	0.01	0.1444419653	0.01	0.07832086455	0.01	0.07332271256	0.01	0.1437740704	0.01	0.1430075667	0.01	0.08865453769
12.89	0	0	0.3466442908	-0.001115470881	0.01	0.1444417402	0.01	0.07832063442	0.01	0.07332248179	0.01	0.1437742532	0.01	0.1430077435	0.01	0.08865466566
12.9	0	0	0.3466325929	-0.001222293103	0.01	0.1444414808	0.01	0.07832036894	0.01	0.07332221623	0.01	0.1437744661	0.01	0.1430079545	0.01	0.08865481472
12.91	0	0	0.3466201278	-0.001269266553	0.01	0.1444412001	0.01	0.07832008138	0.01	0.07332192914	0.01	0.1437746983	0.01	0.1430081892	0.01	0.08865497739
12.92	0	0	0.346607499	-0.001255463281	0.01	0.1444409119	0.01	0.07831978576	0.01	0.0733216345	0.01	0.1437749385	0.01	0.143008436	0.01	0.08865514572
12.93	0	0	0.3465953046	-0.001182837046	0.01	0.1444406297	0.01	0.07831949616	0.01	0.07332134634	0.01	0.1437751752	0.01	0.1430086831	0.01	0.08865531166
12.94	0	0	0.3465841096	-0.001056069513	0.01	0.1444403669	0.01	0.0783192261	0.01	0.07332107811	0.01	0.1437753974	0.01	0.1430089189	0.01	0.08865546745
12.95	0	0	0.3465744197	-0.0008822916058	0.01	0.1444401353	0.01	0.07831898787	0.01	0.07332084199	0.01	0.1437755948	0.01	0.1430091324	0.01	0.08865560598
12.96	0	0	0.3465666589	-0.0006706955018	0.01	0.1444399452	0.01	0.07831879201	0.01	0.07332064842	0.01	0.1437757587	0.01	0.1430093141	0.01	0.08865572109
12.97	0	0	0.3465611512	-0.0004320577592	0.01	0.1444398046	0.01	0.07831864682	0.01	0.07332050561	0.01	0.1437758822	0.01	0.1430094561	0.01	0.08865580786
12.98	0	0	0.3465581077	-0.0001781978808	0.01	0.1444397191	0.01	0.07831855806	0.01	0.07332041917	0.01	0.1437759603	0.01	0.1430095527	0.01	0.08865586282
12.99	0	0	0.3465576187	7.860082188e-05	0.01	0.1444396916	0.01	0.07831852869	0.01	0.07332039194	0.01	0.1437759902	0.01	0.1430096001	0.01	0.08865588406
13	0	0	0.346559651	0.0003257585127	0.01	0.1444397131	0.01	0.07831854962	0.01	0.07332041489	0.01	0.1437759648	0.01	0.1430095924	0.01	0.0886558665
13.01	0	0	0.3465640468	0.0005511690089	0.01	0.1444397845	0.01	0.07831862109	0.01	0.07332048942	0.01	0.1437758902	0.01	0.1430095239	0.01	0.08865581432
13.02	0	0	0.3465705357	0.000744386197	0.01	0.1444399061	0.01	0.07831874393	0.01	0.07332061526	0.01	0.1437757744	0.01	0.1430094101	0.01	0.08865573324
13.03	0	0	0.3465787531	0.0008970624925	0.01	0.1444400716	0.01	0.07831891199	0.01	0.07332078577	0.01	0.1437756241	0.01	0.1430092591	0.01	0.08865562791
13.04	0	0	0.3465882628	0.001003095407	0.01	0.144440272	0.01	0.07831911627	0.01	0.07332099175	0.01	0.1437754472	0.01	0.1430090789	0.01	0.08865550397
13.05	0	0	0.3465985794	0.001058774866	0.01	0.144440497	0.01	0.07831934613	0.01	0.0733212225	0.01	0.1437752529	0.01	0.143008879	0.01	0.0886553678
13.06	0	0	0.3466091928	0.001062875971	0.01	0.1444407353	0.01	0.07831959002	0.01	0.07332146642	0.01	0.1437750508	0.01	0.1430086694	0.01	0.08865522618
13.07	0	0	0.3466195935	0.001016644881	0.01	0.1444409752	0.01	0.078319836	0.01	0.07332171162	0.01	0.1437748508	0.01	0.1430084602	0.01	0.08865508596
13.08	0	0	0.3466292958	0.0009236708794	0.01	0.1444412054	0.01	0.07832007241	0.01	0.07332194647	0.01	0.1437746621	0.01	0.1430082613	0.01	0.08865495371
13.09	0	0	0.3466378609	0.0007896517593	0.01	0.1444414151	0.01	0.07832028834	0.01	0.07332216018	0.01	0.1437744935	0.01	0.1430080818	0.01	0.08865483546
13.1	0	0	0.3466449159	0.0006220661227	0.01	0.1444415952	0.01	0.07832047416	0.01	0.07332234323	0.01	0.1437743523	0.01	0.1430079297	0.01	0.08865473641
13.11	0	0	0.3466501696	0.0004297705258	0.01	0.1444417379	0.01	0.07832062194	0.01	0.07332248784	0.01	0.1437742444	0.01	0.1430078113	0.01	0.0886546607
13.12	0	0	0.3466534242	0.0002225425461	0.01	0.1444418375	0.01	0.07832072576	0.01	0.07332258826	0.01	0.143774174	0.01	0.1430077314	0.01	0.08865461126
13.13	0	0	0.3466545816	1.05928701e-05	0.01	0.1444418905	0.01	0.07832078195	0.01	0.07332264096	0.01	0.1437741434	0.01	0.1430076925	0.01	0.08865458968
13.14	0	0	0.3466536462	-0.0001958070205	0.01	0.1444418934	0.01	0.07832078707	0.01	0.07332264211	0.01	0.1437741496	0.01	0.1430076929	0.01	0.08865459393
13.15	0	0	0.3466507199	-0.0003878196274	0.01	0.14444184	0.01	0.07832073352	0.01	0.07332258654	0.01	0.1437741901	0.01	0.1430077251	0.01	0.08865462212
13.16	0	0	0.3466459851	-0.0005575050529	0.01	0.1444417431	0.01	0.07832063495	0.01	0.07332248685	0.01	0.1437742661	0.01	0.1430077928	0.01	0.08865467523
13.17	0	0	0.3466397032	-0.0006973176615	0.01	0.1444416091	0.01	0.07832049815	0.01	0.07332234932	0.01	0.1437743738	0.01	0.1430078942	0.01	0.08865475053
13.18	0	0	0.346632203	-0.0008012968812	0.01	0.1444414451	0.01	0.07832033042	0.01	0.07332218124	0.01	0.1437745074	0.01	0.1430080243	0.01	0.08865484406
13.19	0	0	0.346623864	-0.0008653116523	0.01	0.1444412594	0.01	0.07832014033	0.01	0.07332199119	0.01	0.1437746601	0.01	0.1430081765	0.01	0.08865495101
13.2	0	0	0.3466150967	-0.0008872048127	0.01	0.1444410613	0.01	0.0783199373	0.01	0.07332178858	0.01	0.1437748243	0.01	0.1430083432	0.01	0.08865506606
13.21	0	0	0.3466063232	-0.0008668495561	0.01	0.1444408603	0.01	0.07831973117	0.01	0.07332158322	0.01	0.1437749921	0.01	0.1430085163	0.01	0.08865518362
13.22	0	0	0.3465979568	-0.0008061112591	0.01	0.144440666	0.01	0.07831953172	0.01	0.07332138485	0.01	0.1437751553	0.01	0.1430086874	0.01	0.0886552981
13.23	0	0	0.3465903828	-0.000708716891	0.01	0.1444404875	0.01	0.07831934819	0.01	0.07332120266	0.01	0.1437753066	0.01	0.1430088486	0.01	0.08865540417
13.24	0	0	0.3465839407	-0.0005800397028	0.01	0.1444403326	0.01	0.07831918889	0.01	0.07332104488	0.01	0.1437754389	0.01	0.1430089925	0.01	0.08865549703
13.25	0	0	0.3465789097	-0.0004268110064	0.01	0.1444402084	0.01	0.0783190608	0.01	0.0733209184	0.01	0.1437755465	0.01	0.1430091127	0.01	0.08865557257
13.26	0	0	0.3465754964	-0.0002567741195	0.01	0.1444401198	0.01	0.07831896927	0.01	0.07332082853	0.01	0.1437756248	0.01	0.143009204	0.01	0.08865562762
13.27	0	0	0.3465738267	-7.829798936e-05	0.01	0.1444400704	0.01	0.07831891784	0.01	0.0733207787	0.01	0.1437756708	0.01	0.1430092628	0.01	0.08865566003
13.28	0	0	0.3465739418	0.0001000149065	0.01	0.144440061	0.01	0.07831890741	0.01	0.07332076963	0.01	0.1437756827	0.01	0.1430092869	0.01	0.08865566859
13.29	0	0	0.346575796	0.0002693425305	0.01	0.1444400843	0.01	0.07831893043	0.01	0.07332079431	0.01	0.143775655	0.01	0.1430092698	0.01	0.08865564928
13.3	0	0	0.3465792581	0.0004215062851	0.01	0.1444401434	0.01	0.0783189897	0.01	0.07332085576	0.01	0.1437755952	0.01	0.1430092133	0.01	0.08865560744
13.31	0	0	0.3465841211	0.0005495692536	0.01	0.1444402366	0.01	0.078319084	0.01	0.07332095208	0.01	0.1437755077	0.01	0.1430091268	0.01	0.08865554619
13.32	0	0	0.3465901164	0.0006480996016	0.01	0.1444403589	0.01	0.07831920839	0.01	0.07332107804	0.01	0.1437753975	0.01	0.1430090156	0.01	0.08865546897
13.33	0	0	0.3465969291	0.0007132576149	0.01	0.1444405039	0.01	0.07831935622	0.01	0.07332122693	0.01	0.1437752703	0.01	0.1430088857	0.01	0.08865537987
13.34	0	0	0.3466042145	0.0007428958525	0.01	0.1444406641	0.01	0.0783195199	0.01	0.07332139107	0.01	0.1437751327	0.01	0.1430087439	0.01	0.08865528343
13.35	0	0	0.3466116153	0.0007366062254	0.01	0.1444408314	0.01	0.07831969123	0.01	0.07332156227	0.01	0.1437749915	0.01	0.143008597	0.01	0.08865518442
13.36	0	0	0.3466187785	0.0006956895444	0.01	0.1444409977	0.01	0.07831986191	0.01	0.07332173226	0.01	0.1437748533	0.01	0.1430084522	0.01	0.08865508758
13.37	0	0	0.3466253723	0.0006230463125	0.01	0.1444411553	0.01	0.07832002389	0.01	0.07332189303	0.01	0.1437747247	0.01	0.1430083163	0.01	0.08865499743
13.38	0	0	0.3466311011	0.0005229951764	0.01	0.144441297	0.01	0.07832016977	0.01	0.07332203726	0.01	0.1437746115	0.01	0.1430081955	0.01	0.08865491804
13.39	0	0	0.3466357183	0.0004010294243	0.01	0.1444414164	0.01	0.0783202931	0.01	0.07332215857	0.01	0.1437745186	0.01	0.143008095	0.01	0.08865485286
13.4	0	0	0.346639037	0.0002635246987	0.01	0.1444415086	0.01	0.07832038869	0.01	0.0733222519	0.01	0.1437744498	0.01	0.143008019	0.01	0.08865480457
13.41	0	0	0.3466409365	0.0001174130766	0.01	0.1444415699	0.01	0.07832045279	0.01	0.0733223136	0.01	0.1437744077	0.01	0.1430079705	0.01	0.08865477499
13.42	0	0	0.3466413669	-3.01601388e-05	0.01	0.1444415984	0.01	0.07832048327	0.01	0.07332234166	0.01	0.1437743935	0.01	0.1430079509	0.01	0.08865476498
13.43	0	0	0.3466403493	-0.0001720956071	0.01	0.14444159	0.01	0.07832047611	0.01	0.07332233183	0.01	0.1437744036	0.01	0.1430079568	0.01	0.08865477197
13.44	0	0	0.34663797	-0.0003026215896	0.01	0.1444415444	0.01	0.07832043011	0.01	0.0733222847	0.01	0.1437744384	0.01	0.1430079856	0.01	0.08865479619
13.45	0	0	0.3466343705	-0.0004161330733	0.01	0.1444414698	0.01	0.07832035407	0.01	0.07332220795	0.01	0.1437744974	0.01	0.1430080391	0.01	0.08865483743
13.46	0	0	0.3466297464	-0.0005076223664	0.01	0.1444413704	0.01	0.07832025258	0.01	0.07332210601	0.01	0.1437745775	0.01	0.1430081153	0.01	0.08865489352
13.47	0	0	0.3466243373	-0.0005732451047	0.01	0.1444412515	0.01	0.07832013096	0.01	0.07332198422	0.01	0.1437746747	0.01	0.1430082105	0.01	0.08865496151
13.48	0	0	0.3466184147	-0.0006104646214	0.01	0.1444411191	0.01	0.07831999537	0.01	0.07332184873	0.01	0.1437747838	0.01	0.1430083198	0.01	0.08865503794
13.49	0	0	0.3466122687	-0.0006181378655	0.01	0.1444409797	0.01	0.07831985251	0.01	0.07332170623	0.01	0.1437748995	0.01	0.1430084378	0.01	0.08865511903
13.5	0	0	0.3466061934	-0.0005965379667	0.01	0.1444408401	0.01	0.07831970925	0.01	0.07332156356	0.01	0.1437750163	0.01	0.1430085588	0.01	0.08865520087
