time_s,reference_deg,angle_deg,error_deg,velocity_rad_s,tension_N,moment_arm_m,torque_raw_Nm,torque_applied_Nm,P_Nm,I_Nm,damping_Nm,saturated,fixed_excitation,TRIlong_activation,TRIlong_fiber_length_m,TRIlong_path_length_m,TRIlong_tendon_force_N,TRIlat_activation,TRIlat_fiber_length_m,TRIlat_path_length_m,TRIlat_tendon_force_N,TRImed_activation,TRImed_fiber_length_m,TRImed_path_length_m,TRImed_tendon_force_N,BIClong_activation,BIClong_fiber_length_m,BIClong_path_length_m,BIClong_tendon_force_N,BICshort_activation,BICshort_fiber_length_m,BICshort_path_length_m,BICshort_tendon_force_N,BRA_activation,BRA_fiber_length_m,BRA_path_length_m,BRA_tendon_force_N
0.0,20.0,20.0,0.0,0.0,0.0,0.05493894325960825,0.0,0.0,0.0,0.0,-0.0,0,0.01,0.01,0.14449698969461744,0.28557755705985177,17.765272954750962,0.01,0.07837730793289602,0.17457886819577106,5.008801194362888,0.01,0.07337894399239878,0.16220667167673056,4.705842639257135,0.01,0.1437280109365457,0.41925147468481194,52.46657298089497,0.01,0.1429595690143474,0.33636400573543934,10.228364055807457,0.01,0.08862232607374275,0.1423410529757139,14.367740812850883
0.01,20.0,19.996694908744242,0.0033050912557583776,-0.011476427973297364,0.03150163798264206,0.0549349762608944,0.0017305417347557306,0.0017305417347557308,0.0017305417347557306,0.0,0.0,0,0.01,0.01,0.144496206330054,0.28557616552756554,17.745716500710028,0.01,0.07837652926844095,0.17457747666348483,4.994548735460727,0.01,0.07337812333605628,0.16220528014444432,4.691936645161755,0.01,0.14372854048992448,0.4192526862854817,52.49024574590727,0.01,0.1429599472239544,0.336365217336109,10.239864216199607,0.01,0.08862269226711311,0.14234184006434275,14.404706192819603
0.02,20.0,19.9870118238251,0.01298817617490086,-0.022234756015887393,0.12397724089637087,0.05492335368875103,0.006809245851106866,0.006809245851106866,0.006800593142433087,8.652708673778653e-06,0.0,0,0.01,0.01,0.1444930363304797,0.28557208872625706,17.717840199204172,0.01,0.07837332540641338,0.17457339986217638,4.9756218147089095,0.01,0.07337484586597652,0.16220120334313587,4.6741546377390435,0.01,0.14373092452354383,0.41925623535460094,52.53070274635114,0.01,0.14296190325015642,0.3363687664052283,10.261867718998348,0.01,0.08862434760063825,0.14234414610762586,14.461940730039515
0.03,20.0,19.97152685390866,0.02847314609134022,-0.03172670948503933,0.2723107866421656,0.05490476631353566,0.014951160105243172,0.014951160105243173,0.014908504430857228,4.2655674385944085e-05,0.0,0,0.01,0.01,0.1444874847981771,0.2855655693154612,17.689477650143356,0.01,0.07836767543184915,0.17456688045138047,4.958378394182338,0.01,0.07336913615506291,0.16219468393233996,4.6580341090415,0.01,0.1437353138441323,0.4192619090375357,52.57533346199481,0.01,0.1429658434468513,0.3363744400881631,10.285842013624379,0.01,0.08862740314318635,0.1423478341024453,14.517669126898763
0.04,20.0,19.95108976009843,0.048910239901571166,-0.03952530024000565,0.4687760686161311,0.054880233112515754,0.025726539923221953,0.025726539923221953,0.025609341726681722,0.00011719819654023023,0.0,0,0.01,0.01,0.1444798577377284,0.28555696520641033,17.662144355462097,0.01,0.07835988891071098,0.17455827634232962,4.943773998180157,0.01,0.07336130999624144,0.16218607982328911,4.644393405205078,0.01,0.14374148421494937,0.41926939358112336,52.621032628425425,0.01,0.14297168008781225,0.3363819246317507,10.308662627518116,0.01,0.08863170547444942,0.1423527019448319,14.567582419649044
0.05,20.0,19.926768109750583,0.0732318902494157,-0.04529495185543738,0.7035304498146879,0.054851034499901544,0.0385893729745167,0.0385893729745167,0.038344128069343064,0.00024524490517363883,0.0,0,0.01,0.01,0.14447055911484474,0.28554672601270736,17.63708355773957,0.01,0.07835037867953362,0.17454803714862666,4.932417952092105,0.01,0.07335178176611128,0.16217584062958615,4.633797282435189,0.01,0.1437491034210001,0.41927829541026873,52.6656664619815,0.01,0.1429791280217699,0.33639082646089613,10.328820841531149,0.01,0.08863702486427279,0.14235849565895345,14.60950817035896
0.06,20.0,19.89979287477272,0.10020712522727779,-0.04880007270935974,0.9650966638376771,0.054818647295258635,0.05290529362074841,0.05290529362074841,0.052468328075228055,0.0004369655455203542,0.0,0,0.01,0.01,0.1444600641760298,0.28553537010779073,17.61540733805724,0.01,0.07833963137869869,0.17453668124371005,4.924751136603214,0.01,0.07334103841118231,0.16216448472466954,4.626656989209747,0.01,0.14375777472150686,0.419288161686763,52.70727854282997,0.01,0.14298780173003475,0.33640069273739037,10.345372768477574,0.01,0.08864308602817704,0.14236492228068495,14.641849052606478
0.07,20.0,19.871498748853927,0.1285012511460723,-0.04991354588199887,1.2409018955096918,0.05478467330481927,0.06798240494882944,0.06798240494882944,0.06728309776293295,0.0006993071858964945,0.0,0,0.01,0.01,0.14444889585685305,0.2855234594648828,17.598061377521102,0.01,0.07832818309921259,0.17452477060080207,4.9210437228098485,0.01,0.07332961531263883,0.16215257408176156,4.623224300017655,0.01,0.14376705989148564,0.41929850269303176,52.744068132735485,0.01,0.1429972582159006,0.3364110337436591,10.357659136426285,0.01,0.08864958394394909,0.14237166401172444,14.66344363773501
0.08,20.0,19.843260744485157,0.15673925551484383,-0.048621053535992706,1.5178638592647657,0.05475076334627727,0.0831042049504723,0.0831042049504723,0.08206848227576113,0.0010357226747111593,0.0,0,0.01,0.01,0.14443759971243592,0.2855115729429256,17.58578840582926,0.01,0.07831659360047061,0.17451288407884494,4.921390389976286,0.01,0.07331807058256976,0.16214068755980443,4.623586783315459,0.01,0.1437765012840341,0.419308815368732,52.77444319851562,0.01,0.14300702575769547,0.3364213464193594,10.365235485775914,0.01,0.08865619898565422,0.1423783932842182,14.673566054357982
0.09,20.0,19.81642972610024,0.18357027389975955,-0.045020450790574235,1.7830014461227348,0.05471853988027139,0.09756323573624842,0.09756323573624842,0.09611717065015846,0.001446065086089965,0.0,0,0.01,0.01,0.14442671823134393,0.2855002791410963,17.579098098104417,0.01,0.07830541988759059,0.17450159027701564,4.925710417067558,0.01,0.07330695874297069,0.16212939375797514,4.62766780921628,0.01,0.14378564384725218,0.4193186069672057,52.79707959499846,0.01,0.14301662875721147,0.33643113801783303,10.367857408224738,0.01,0.08866261219571882,0.1423847881102623,14.671936759692592
0.1,20.0,19.792269761856296,0.20773023814370378,-0.03931605854911031,2.0240431043200524,0.054689521705276675,0.1106939492861271,0.1106939492861271,0.10876729834678633,0.0019266509393407575,0.0,0,0.01,0.01,0.14441676566326545,0.28549011003673763,17.578245186614115,0.01,0.07829519031520099,0.17449142117265692,4.9337530061230215,0.01,0.07329680495781787,0.16211922465361644,4.63523147828719,0.01,0.14379405626658767,0.4193274177668215,52.810977892357606,0.01,0.1430256106475685,0.3364399488174488,10.365478870659551,0.01,0.0886685201503256,0.14239054703084567,14.658731617891737
0.11,20.0,19.77190015528705,0.22809984471294956,-0.03180805865424747,2.2300039520576846,0.05466505416927792,0.12190328683693717,0.12190328683693717,0.11943279940586249,0.0024704874310746893,0.0,0,0.01,0.01,0.14440820449097116,0.28548153660925196,17.583217198962753,0.01,0.07828638038732301,0.17448284774517123,4.945107924829864,0.01,0.07328808098312245,0.16211065122613072,4.645892557953946,0.01,0.1438013503282238,0.41933484183184966,52.815513979497176,0.01,0.1430335546782492,0.33644737288247706,10.358252144392646,0.01,0.08867364876784159,0.1423954029778113,14.634585894620539
0.12,20.0,19.756244838692393,0.243755161307608,-0.022877429501050008,2.3917022640726695,0.05464624815464165,0.13069755543453337,0.13069755543453337,0.12762990400642937,0.003067651428104002,0.0,0,0.01,0.01,0.1444014246065539,0.2854749475739345,17.593733110312137,0.01,0.07827939134659562,0.1744762587098538,4.959221637207356,0.01,0.07328118392320608,0.1621040621908133,4.659131594981655,0.01,0.1438071977175833,0.4193405449264801,52.8104792577967,0.01,0.1430401019600356,0.3364530759771075,10.346525450160517,0.01,0.08867776545744112,0.14239913540005733,14.600589160137906
0.13,20.0,19.745991491492507,0.25400850850749207,-0.012967094858652798,2.5021876183770573,0.05463393072134088,0.13670434499420908,0.13670434499420908,0.13299854404607292,0.003705800948136149,0.0,0,0.01,0.01,0.14439672612974386,0.28547063221343505,17.60925393936426,0.01,0.0782745325155606,0.1744719433493543,4.975419104454441,0.01,0.07327641875110422,0.1620997468303138,4.674315379858251,0.01,0.14381134362360887,0.4193442788291576,52.79610585870104,0.01,0.14304496618528098,0.336456809879785,10.330836054176336,0.01,0.08868068909233863,0.14240158007791479,14.558266111718753
0.14,20.0,19.741562300518193,0.2584376994818052,-0.0025601699832565905,2.5570567748057704,0.054628609760176854,0.13968845668548086,0.13968845668548086,0.13531766301711434,0.004370793668366514,0.0,0,0.01,0.01,0.14439430663908023,0.2854687681059121,17.629005850966838,0.01,0.07827200817637693,0.17447007924183136,4.992931296948297,0.01,0.07327398537465998,0.16209788272279085,4.690722799636808,0.01,0.1438136166897049,0.41934589146353773,52.773072412674246,0.01,0.14304794459312248,0.33645842251416513,10.311896860572212,0.01,0.08868229740408932,0.1424026361552411,14.509538100370834
0.15,20.0,19.743097464322865,0.2569025356771348,0.007840486718114853,2.554641684941118,0.05463045402209307,0.13956123511209814,0.13956123511209814,0.13451385312864605,0.0050473819834520855,-0.0,0,0.01,0.01,0.14439414976843465,0.285469414206766,17.655482229940834,0.01,0.07827180851419946,0.17447072534268532,5.013425495703587,0.01,0.07327386075132258,0.16209852882364484,4.710466816651231,0.01,0.14381386447196826,0.4193453325439733,52.74494891845076,0.01,0.1430489238274303,0.33645786359460067,10.290591308333584,0.01,0.0886824833715854,0.14240227011481027,14.460905100509468
0.16,20.0,19.7504443205828,0.24955567941719675,0.017716172111008625,2.4961346387259176,0.05463927999699411,0.13638699943554114,0.13638699943554114,0.1306670481864458,0.005719951249095316,-0.0,0,0.01,0.01,0.144395921644218,0.28547250628220633,17.69778246351481,0.01,0.07827356776615348,0.17447381741812562,5.044428452846349,0.01,0.07327572886411723,0.1621016208990851,4.7402425436955395,0.01,0.14381184096805721,0.4193426573944916,52.722240129632794,0.01,0.14304738139433087,0.33645518844511896,10.274917891454207,0.01,0.08868106639825658,0.14240051838709947,14.431449059710163
0.17,20.0,19.763164407289743,0.23683559271025642,0.026593716222955303,2.3855303527538667,0.05465456044216911,0.1303801128512152,0.1303801128512152,0.12400682636118765,0.006373286490027545,-0.0,0,0.01,0.01,0.14439983520323696,0.2854778598739804,17.74273707026942,0.01,0.07827751202272731,0.1744791710098997,5.075920722102057,0.01,0.07327980131882884,0.1621069744908592,4.769796351571787,0.01,0.14380797704077583,0.4193380244845058,52.695452771937425,0.01,0.14304367731970977,0.33645055553513314,10.262075866243919,0.01,0.0886783540295474,0.14239748565415947,14.403285020291785
0.18,20.0,19.78056911888985,0.21943088111014825,0.034072423705252854,2.2292824770251767,0.05467546735585203,0.12188706129956299,0.12188706129956299,0.1148937406777295,0.006993320621833484,-0.0,0,0.01,0.01,0.14440576144654743,0.2854851852841988,17.785135585963307,0.01,0.07828352665193218,0.1744864964201181,5.1037374375871485,0.01,0.07328592880064887,0.1621142999010776,4.795644878378525,0.01,0.14380250067630113,0.4193316827710674,52.665322024278595,0.01,0.14303823667054044,0.33644421382169476,10.249626653364404,0.01,0.08867450875574502,0.14239333630992398,14.376576702232772
0.19,20.0,19.801764497477826,0.1982355025221719,0.0398337423140988,2.0358641782219182,0.054700925983779305,0.11136365572594482,0.11136365572594482,0.10379586640072269,0.007567789325222131,-0.0,0,0.01,0.01,0.14441339875332948,0.2854941063958295,17.82269731202584,0.01,0.07829130799644422,0.1744954175317488,5.12629952411634,0.01,0.07329379487009653,0.1621232210127083,4.816488588065469,0.01,0.14379569450659713,0.4193239558523335,52.63327799295506,0.01,0.1430313577502605,0.3364364869029609,10.237918560217572,0.01,0.08866973059885051,0.14238828372633797,14.352491629084414
0.2,20.0,19.825699474262056,0.1743005257379453,0.04364675606889467,1.8152915063754438,0.054729672986860635,0.09935031051975368,0.09935031051975368,0.09126354186252794,0.008086768657225744,-0.0,0,0.01,0.01,0.14442235815246623,0.2855041809432607,17.85388892010763,0.01,0.07830045843337186,0.17450549207917998,5.142760502980946,0.01,0.07330299755550561,0.16213329556013947,4.831591330986806,0.01,0.1437878968276593,0.4193152249019917,52.60081466846308,0.01,0.14302338555276503,0.33642775595261903,10.227449193109363,0.01,0.08866425857943099,0.14238257869249754,14.332055587810432
0.21,20.0,19.851218046752006,0.14878195324799265,0.04537545097305922,1.5786090367332006,0.05476031931072792,0.08644513491831068,0.08644513491831068,0.0779020485517723,0.008543086366538383,-0.0,0,0.01,0.01,0.144432195783368,0.2855149224439902,17.8775623392951,0.01,0.07831052282090427,0.17451623357990945,5.1526376938395675,0.01,0.0733130806383273,0.16214403706086894,4.840520864644024,0.01,0.1437794850106778,0.4193059101083554,52.56942094495712,0.01,0.14301470771193037,0.33641844115898273,10.2186652011181,0.01,0.088658358736139,0.14237649692272006,14.31610934646596
0.22,20.0,19.877114917565436,0.12288508243456477,0.0449831638435785,1.337345867676696,0.05479141715121795,0.07327507531133137,0.07327507531133137,0.06434247870203413,0.008932596609297246,-0.0,0,0.01,0.01,0.14444243738273407,0.2855258235974116,17.892907485381535,0.01,0.07832101460289446,0.17452713473333087,5.1557329318705465,0.01,0.07332355826212546,0.16215493821429036,4.843101053961329,0.01,0.143770857457345,0.4192964507057779,52.54051386081878,0.01,0.1430057367593233,0.33640898175640527,10.211932103013552,0.01,0.08865231119483873,0.14237032575652264,14.305277983797163
0.23,20.0,19.902192493360424,0.09780750663957447,0.042532809981809916,1.1029644997949248,0.05482152846701197,0.06046619972361109,0.06046619972361109,0.05121189072080368,0.009254309002807416,-0.0,0,0.01,0.01,0.14445260180262467,0.28553638026956263,17.899455990454978,0.01,0.07833144021319613,0.17453769140548192,5.152107995639261,0.01,0.07333393884530759,0.1621654948864414,4.839396041768402,0.01,0.14376241481263735,0.41928728430756834,52.51537387434622,0.01,0.14299689067120022,0.33639981535819574,10.207518136298079,0.01,0.08864639685366846,0.14236435055810473,14.299947365152846
0.24,20.0,19.925316722496554,0.07468327750344508,0.038182591561110306,0.8863275958520992,0.05484929200263275,0.04861444111488326,0.04861444111488326,0.03910407265847182,0.009510368456411433,-0.0,0,0.01,0.01,0.1444622238570703,0.2855461150032971,17.897090731892593,0.01,0.07834132253358762,0.17454742613921637,5.14207052722755,0.01,0.07334374829036874,0.16217522962017586,4.829699503307949,0.01,0.14375454123351417,0.4192788264411061,52.49508560381437,0.01,0.14298857330104606,0.33639135749173343,10.205582402529421,0.01,0.08864088426499038,0.1423588414185107,14.300249453714029
0.25,20.0,19.945469203836595,0.05453079616340574,0.03217727783820122,0.6972064267904898,0.05487348574708421,0.03825814692326345,0.03825814692326345,0.028552258103559658,0.009705888819703792,-0.0,0,0.01,0.01,0.14447087568882622,0.28555459897125834,17.88605239697142,0.01,0.07835022270474376,0.1745559101071776,5.126161798718429,0.01,0.0733525516156686,0.1621837135881371,4.814524444920365,0.01,0.14374758657412434,0.41927145124369025,52.48048724172118,0.01,0.1429811556402757,0.33638398229431765,10.206167432989618,0.01,0.0886360173089319,0.142354040769873,14.306057564995518
0.26,20.0,19.961793126929116,0.03820687307088239,0.0248354065093086,0.5438521763403821,0.054893081922486604,0.029853722069575227,0.029853722069575223,0.020005071959353637,0.00984865011022159,-0.0,0,0.01,0.01,0.1444781857534638,0.2855614713407198,17.866939328797663,0.01,0.07835775941871634,0.1745627824766391,5.105143262850919,0.01,0.07335997209997622,0.16219058595759858,4.7945913561355935,0.01,0.14374185034327738,0.4192654742669877,52.4721316173303,0.01,0.14297495880121736,0.3363780053176151,10.20919685169484,0.01,0.08863200422272706,0.1423501524864691,14.316992419063043
0.27,20.0,19.973630870300727,0.02636912969927139,0.016532987377974102,0.43264780797042945,0.05490729192778722,0.023755519494149595,0.023755519494149595,0.013806844024131237,0.009948675470018358,-0.0,0,0.01,0.01,0.14448385462688487,0.2855664551302608,17.840697069863438,0.01,0.0783636249200046,0.1745677662661801,5.079979162337208,0.01,0.07336570715250487,0.16219556974713958,4.770812226224288,0.01,0.14373756823047837,0.419261138265129,52.47026142789845,0.01,0.14297023955698418,0.3363736693157564,10.214478672646456,0.01,0.08862900848881863,0.14234733298098917,14.332439525376138
0.28,20.0,19.980551477653975,0.019448522346023758,0.007684499096973859,0.3678541706652984,0.05491559913858785,0.02020093217771321,0.02020093217771321,0.010183222487574195,0.010017709690139015,-0.0,0,0.01,0.01,0.1444876670122942,0.2855693688034369,17.808593958714614,0.01,0.07836759711557582,0.1745706799393562,5.051812283330444,0.01,0.07336954029619784,0.1621984834203157,4.744267657529874,0.01,0.14373490188403645,0.4192586027066807,52.47480044720913,0.01,0.14296717916195836,0.33637113375730804,10.221714486986501,0.01,0.08862714199695926,0.14234568470973305,14.351577944593132
0.29,20.0,19.982366735056797,0.017633264943204233,-0.0012778566793994206,0.35145962594787095,0.054917778065073794,0.019301381736639027,0.019301381736639027,0.009232755934062142,0.010068625802576886,0.0,0,0.01,0.01,0.14448949952193513,0.28557013305715945,17.772179656980178,0.01,0.07836954739852017,0.17457144419307877,5.021930122104417,0.01,0.07337134885550468,0.16219924767403826,4.716174490070195,0.01,0.1437339324623372,0.4192579375586238,52.4853615753,0.01,0.14296587601520042,0.3363704686092511,10.230514417691028,0.01,0.08862646078518038,0.14234525238150855,14.373419808873992
0.3,20.0,19.97913651755701,0.02086348244299178,-0.009920450690624616,0.383124913322083,0.05491390069543054,0.0210388834441143,0.0210388834441143,0.010924093861867101,0.010114789582247197,0.0,0,0.01,0.01,0.14448913227361992,0.28556877308295325,17.73968217973292,0.01,0.07836926057422501,0.17457008421887255,4.996265930801055,0.01,0.07337090147284035,0.16219788769983204,4.693257541454186,0.01,0.14373446203636256,0.4192591211551048,52.50806821072484,0.01,0.14296615457692455,0.3363716522057322,10.243005066126395,0.01,0.08862682611278101,0.1423460217043247,14.408906504337327
0.31,20.0,19.971150764013228,0.028849235986771304,-0.01788599250174136,0.46034332192028193,0.054904314861665866,0.02527483469117637,0.02527483469117637,0.015105424639619836,0.010169410051556534,0.0,0,0.01,0.01,0.14448648450519952,0.2855654109776255,17.71781963236349,0.01,0.0783665907515693,0.17456672211354482,4.981336058224322,0.01,0.07336816065315152,0.1621945255945043,4.679585440449011,0.01,0.14373648467833247,0.419262046807425,52.539432707597506,0.01,0.14296781610056275,0.33637457785805236,10.260466379008882,0.01,0.08862823162450348,0.14234792367771584,14.45257025019376
0.32,20.0,19.958892374952566,0.04110762504743541,-0.02483533094576399,0.578777026021435,0.05488959977511136,0.03176883931734578,0.03176883931734578,0.021523902142591145,0.010244937174754633,0.0,0,0.01,0.01,0.14448205573318215,0.2855602501126917,17.69650892723786,0.01,0.07836208128653911,0.174561561248611,4.968589195203053,0.01,0.07336360764032941,0.1621893647295705,4.667687269464419,0.01,0.14373999824599593,0.4192665365630426,52.573356381915175,0.01,0.14297099270129493,0.33637906761367,10.278623052181544,0.01,0.0886306790856798,0.14235084340999135,14.494162646833058
0.33,20.0,19.943032795046086,0.056967204953914004,-0.030460423754487174,0.7322781985331096,0.05487056084570509,0.0401805154485943,0.0401805154485943,0.029827958763126716,0.010352556685467588,0.0,0,0.01,0.01,0.14447611132713303,0.2855535732573869,17.67615444542636,0.01,0.07835601088982327,0.17455488439330616,4.957938244362108,0.01,0.07335750981145175,0.16218268787426565,4.6577413358322906,0.01,0.14374481349751803,0.4192723431068255,52.6078235431249,0.01,0.1429755701757063,0.3363848741574529,10.295633882583074,0.01,0.08863403806895127,0.14235462113737113,14.53108687904679
0.34,20.0,19.924400493697874,0.0755995063021254,-0.034520890197923086,0.9131660240833934,0.05484819199792959,0.05008550541491196,0.05008550541491196,0.03958380893562874,0.010501696479283222,0.0,0,0.01,0.01,0.14446896636654563,0.28554572928718164,17.657667226448734,0.01,0.07834870211591535,0.17454704042310093,4.949803184297382,0.01,0.07335019001795842,0.16217484390406042,4.6501528916782195,0.01,0.14375067174998055,0.41927916165855206,52.641230957330905,0.01,0.14298131568154968,0.3363916927091794,10.31049856744338,0.01,0.08863812916729971,0.14235905969014268,14.561757680366204
0.35000000000000003,20.0,19.903939519401096,0.09606048059890439,-0.03685317092174695,1.1125999851194481,0.054823626069330986,0.060996765548931846,0.060996765548931846,0.05029715002497048,0.010699615523961365,0.0,0,0.01,0.01,0.14446098614451602,0.28553711571322365,17.641872987389192,0.01,0.07834052903843951,0.17453842684914295,4.944501757102792,0.01,0.07334202243139835,0.16216623033010244,4.6452188932065965,0.01,0.14375726905863115,0.41928664550211675,52.67208784339285,0.01,0.14298793096164414,0.3363991765527441,10.322539675719781,0.01,0.08864274103820206,0.14236393432350147,14.584972244776003
0.36,20.0,19.882663754009663,0.11733624599033556,-0.037376564703773325,1.3209991296706423,0.05479808001537056,0.07238821600792672,0.07238821600792672,0.0614371147338405,0.010951101274086217,0.0,0,0.01,0.01,0.1444525686981966,0.28552815940557214,17.629464541302774,0.01,0.07833189968641385,0.17452947054149143,4.942220399829335,0.01,0.07333341444311377,0.16215727402245092,4.643112912530642,0.01,0.14376427273733183,0.4192944230163625,52.699034364462726,0.01,0.14299507900089037,0.33640695406698984,10.331271320489844,0.01,0.08864764178075495,0.1423690035811246,14.599869197370303
0.37,20.0,19.861608698288933,0.13839130171106512,-0.03609576251174185,1.5284923797185819,0.05477279709601035,0.08371980297712389,0.08371980297712389,0.07246151612936846,0.01125828684775542,0.0,0,0.01,0.01,0.14444412575286808,0.285519296284666,17.62097360250857,0.01,0.07832323648086145,0.17452060742058528,4.943009478735479,0.01,0.07332478713155528,0.16214841090154478,4.643881148271837,0.01,0.14377133785553065,0.4193021154831853,52.72088831125675,0.01,0.14300240402498618,0.3364146465338127,10.336370207359087,0.01,0.08865259031856501,0.14237402076154448,14.6059393030913
0.38,20.0,19.84178290463712,0.15821709536287723,-0.03309954752757227,1.7253811312970286,0.054748988571651454,0.09446287183912408,0.09446287183912408,0.08284227741072181,0.011620594428402263,0.0,0,0.01,0.01,0.14443606333687978,0.28551095087388095,17.616749003975997,0.01,0.07831495630779353,0.17451226200980025,4.94678382381993,0.01,0.07331655541316853,0.1621400654907597,4.647442919575903,0.01,0.14377812372605897,0.41930935486891463,52.736691383573856,0.01,0.1430095496420041,0.33642188591954203,10.337671639295134,0.01,0.08865734787753403,0.14237874548676463,14.60303565053007
0.39,20.0,19.824121259218508,0.1758787407814931,-0.028555656179969073,1.9025932314299185,0.054727777552409346,0.10412469914241626,0.10412469914241626,0.09208989332696038,0.012034805815455872,0.0,0,0.01,0.01,0.14442876295127802,0.2855035166406064,17.616942034491363,0.01,0.07830745115609482,0.1745048277765257,4.953327921801132,0.01,0.07330910878102434,0.1621326312574852,4.653595512872323,0.01,0.14378430969635683,0.41931580077281205,52.74575073449354,0.01,0.1430161758137504,0.3364283318234394,10.335169755127147,0.01,0.08866168909246462,0.14238295484855243,14.591377898296644
0.4,20.0,19.80944225463898,0.19055774536102,-0.022702008883197893,2.052106645519001,0.05471014758372781,0.11227105743389315,0.11227105743389316,0.09977580215180248,0.012495255282090672,0.0,0,0.01,0.01,0.1444225641462059,0.28549733802567917,17.62149979910613,0.01,0.07830107020071403,0.17449864916159846,4.962305707435231,0.01,0.07330279350664522,0.16212645264255796,4.662023349460478,0.01,0.14378960955600212,0.41932115578781154,52.74767320581951,0.01,0.14302197430793398,0.3364336868384389,10.329016329494268,0.01,0.08866541224872364,0.14238645361902696,14.571548766340204
0.41000000000000003,20.0,19.798411221549564,0.20158877845043435,-0.015834702378770833,2.1673216476945942,0.05469689835375953,0.11854577186385384,0.11854577186385384,0.10555163757100416,0.012994134292849685,0.0,0,0.01,0.01,0.14441774929027518,0.2854926949866806,17.630167332766558,0.01,0.07829610414090608,0.17449400612259994,4.973274900663235,0.01,0.07329789711040088,0.16212180960355943,4.672311430903012,0.01,0.14379378396559606,0.4193251786049249,52.7423895032058,0.01,0.14302668210399772,0.3364377096555523,10.319516176324752,0.01,0.08866834821068195,0.14238908305059272,14.544480525423284
0.42,20.0,19.791511215074205,0.20848878492579542,-0.0082933220113379,2.243362259134543,0.05468861058630758,0.12268636499382826,0.12268636499382825,0.10916447251312356,0.013521892480704706,0.0,0,0.01,0.01,0.14441453121619333,0.28548979076487707,17.642498917348753,0.01,0.07829277249477591,0.17449110190079636,4.985705770111099,0.01,0.07329463579731962,0.16211890538175586,4.683962952124795,0.01,0.14379665042882112,0.41932769430556555,52.73016548101518,0.01,0.14303009228483887,0.3364402253561929,10.307118002842879,0.01,0.088670367658837,0.14239072785364457,14.511428842037867
0.43,20.0,19.789022890366265,0.21097710963373412,-0.00044427697675309243,2.277290943087436,0.05468562174928919,0.12453507112676157,0.12453507112676158,0.11046735628349125,0.014067714843270324,0.0,0,0.01,0.01,0.14441304429075486,0.28548874343314734,17.65787864723238,0.01,0.07829121441003235,0.17449005456906663,4.999004045385111,0.01,0.07329314541368295,0.16211785805002613,4.696420819411111,0.01,0.14379809045731307,0.4193286014192425,52.71159798229834,0.01,0.1430320620697019,0.33644113246986984,10.292399766520953,0.01,0.08867138634409398,0.14239132102648633,14.47393148525768
0.44,20.0,19.791013670139108,0.20898632986088977,0.007332026861147861,2.268230848609016,0.05468801296512744,0.12404503805663188,0.12404503805663188,0.1094249864319441,0.01462005162468778,-0.0,0,0.01,0.01,0.14441320182134698,0.2854895813487271,17.68014922865712,0.01,0.07829134612024559,0.1744908924846464,5.015927781730315,0.01,0.07329333331744675,0.16211869596560588,4.712846154938418,0.01,0.14379794970689277,0.4193278756894062,52.69122272815787,0.01,0.14303249141048638,0.33644040674003356,10.276415550545327,0.01,0.08867129595424542,0.14239084645903777,14.440114914569868
0.45,20.0,19.797329998636886,0.2026700013631138,0.0146483260920847,2.2174533568116477,0.0546955996835344,0.12128494112107945,0.12128494112107945,0.10611776456423194,0.0151671765568475,-0.0,0,0.01,0.01,0.14441483191688473,0.2854922398965391,17.712965376780264,0.01,0.07829296993867393,0.17449355103245837,5.039828217171643,0.01,0.07329504493862112,0.16212135451341786,4.735671446129768,0.01,0.14379615171224125,0.4193255728430878,52.67364363663262,0.01,0.1430309754552106,0.3364381038937152,10.265534524662312,0.01,0.08867003733014048,0.14238934078569435,14.41838798585603
0.46,20.0,19.80760730731517,0.19239269268482997,0.021157162446424984,2.1282895289914703,0.05470794368784965,0.11643434370350542,0.1164343437035054,0.10073657832383676,0.01569776537966866,-0.0,0,0.01,0.01,0.14441806952953032,0.2854965656781757,17.74676965607734,0.01,0.07829623642002742,0.17449787681409504,5.0632908117151745,0.01,0.07329840736245724,0.16212568029505453,4.757647109190553,0.01,0.14379299989883812,0.4193218250423998,52.6528974395201,0.01,0.14302792424234526,0.3364343560930272,10.255907747940604,0.01,0.0886678275737467,0.1423868909997983,14.397292761742232
0.47000000000000003,20.0,19.82129817916904,0.1787018208309576,0.02656732502667556,2.005860802692023,0.0547243870104269,0.1097695028555638,0.10976950285556382,0.09356805458427597,0.01620144827128784,-0.0,0,0.01,0.01,0.1444227846432834,0.2855023283529868,17.778337322478286,0.01,0.07830102355317582,0.17450363948890607,5.08377126476719,0.01,0.07330327682019323,0.1621314429698656,4.776665765897347,0.01,0.14378866885832445,0.4193168308183435,52.629820125555845,0.01,0.1430236049165071,0.3364293618689708,10.246585686243408,0.01,0.08866479029041262,0.142383627716227,14.3774434307344
0.48,20.0,19.837706718894907,0.1622932811050926,0.030650145523983742,1.8567455525035492,0.0547440933312654,0.10164585181866624,0.10164585181866624,0.08497656327445702,0.01666928854420922,-0.0,0,0.01,0.01,0.14442873742522797,0.28550923508682136,17.806063163120218,0.01,0.07830708920679266,0.17451054622274068,5.100187655683846,0.01,0.07330940314716686,0.16213834970370017,4.7918208349531275,0.01,0.14378337981321532,0.41931084281028785,52.605506853017594,0.01,0.14301824674794994,0.3364233738609152,10.23789040742299,0.01,0.08866108151874302,0.142379716946669,14.359712794266027
0.49,20.0,19.856025523241566,0.14397447675843153,0.03324437114134668,1.688618392867576,0.054766092504568806,0.09247903110870198,0.09247903110870198,0.07538485974812048,0.017094171360581507,-0.0,0,0.01,0.01,0.14443562803762378,0.28551694609468353,17.828806763459607,0.01,0.07831412705866769,0.17451825723060282,5.11191608861942,0.01,0.07331647709231771,0.16214606071156232,4.802562859162894,0.01,0.14377739381773638,0.4193041545682843,52.58108874803612,0.01,0.14301211611235062,0.3364166856189117,10.230195895360547,0.01,0.0886568851627032,0.142375351253821,14.3448567311656
0.5,20.0,19.875375741089016,0.12462425891098368,0.03426136421800929,1.5098598008195434,0.05478932877745094,0.08272420503495856,0.08272420503495856,0.06525310937563644,0.017471095659322113,-0.0,0,0.01,0.01,0.14444311862302153,0.2855250914870261,17.845712204996097,0.01,0.07832179095821007,0.1745264026229454,5.11859639752606,0.01,0.07332415171429417,0.16215420610390485,4.8085687864785465,0.01,0.14377099886298836,0.41929708618409545,52.55768148737802,0.01,0.14300550924491368,0.33640961723472285,10.223829862089493,0.01,0.08865240376174911,0.14237074017432455,14.333484669633549
0.51,20.00002211125926,19.894849440343602,0.10517267091565957,0.03368775816508864,1.329356651220606,0.05481271174077907,0.07286564292404246,0.07286564292404246,0.05506828171784217,0.017797361206200294,-0.0,0,0.01,0.01,0.1444508513410088,0.2855332890930682,17.856191999187025,0.01,0.07832971397916409,0.1745346002289875,5.12009185555995,0.01,0.07333206059664535,0.162162403709947,4.809719086020525,0.01,0.14376449603422328,0.41928996899061455,52.536334757224196,0.01,0.14299873834345828,0.33640250004124195,10.219054704918419,0.01,0.08864784864630929,0.14236610010241785,14.326036708599446
0.52,20.00017600474074,19.91355302667968,0.08662297806106184,0.031586433129674144,1.1567100021762,0.05483516849245489,0.06342838786623979,0.06342838786623979,0.045355685251450284,0.018072702614789507,-0.0,0,0.01,0.01,0.1444584660189209,0.2855411627345993,17.859938324923743,0.01,0.0783375266784395,0.17454247387051855,5.116478480933896,0.01,0.07333983582447373,0.16217027735147804,4.8060918362621035,0.01,0.14375818516498162,0.4192831297587147,52.51798200955982,0.01,0.14299211669965944,0.336395660809342,10.216054953886726,0.01,0.08864342982143286,0.14236164393678433,14.322763679049414
0.53,20.000591036,19.930651600274818,0.06993943572518319,0.028098785719961425,1.0011664618956957,0.05485569687262484,0.054919683952788595,0.054919683952788595,0.03662020291174184,0.01829948104104676,-0.0,0,0.01,0.01,0.14446561777313055,0.28554836090267466,17.8569478603386,0.01,0.0783448751676965,0.17454967203859395,5.108047786069692,0.01,0.07334712592521084,0.16217747551955344,4.797967245332299,0.01,0.14375235011785376,0.41927687442461015,52.50338708314645,0.01,0.14298594341805054,0.3363894054752375,10.214923879096158,0.01,0.08863934568058741,0.1423575705187024,14.323703526564891
0.54,20.001393929481484,19.94541210937777,0.05598182010371389,0.023438281084796515,0.8709972323859088,0.054873417205645224,0.047794594517674295,0.047794594517674295,0.029312012462068826,0.01848258205560547,-0.0,0,0.01,0.01,0.14447199437321276,0.2855545749347832,17.847537877815352,0.01,0.07835143883695218,0.1745558860707025,5.095305138192249,0.01,0.0733536135064891,0.16218368955166196,4.785826540055502,0.01,0.1437472441171431,0.41927147214414995,52.493100465663744,0.01,0.1429804880808127,0.33638400319477735,10.215655246344115,0.01,0.0886357728385284,0.1423540543700451,14.328673156595174
0.55,20.002708796296297,19.957241351449824,0.045467444846472964,0.017878952844102874,0.7731405051386137,0.05488761782246045,0.042435840569112246,0.042435840569112246,0.02380669845119643,0.018629142117915814,-0.0,0,0.01,0.01,0.1444773320196483,0.28555955502756314,17.832343273891137,0.01,0.07835694642060627,0.17456086616348243,5.078956123494049,0.01,0.0733590312117197,0.16218866964444192,4.77033912480796,0.01,0.14374307650502424,0.4192671411542085,52.487428821542885,0.01,0.14297597669285045,0.3363796722048359,10.218142189067603,0.01,0.0886328570199681,0.1423512366678236,14.337275697241088
0.56,20.004657152,19.9657165711897,0.03894058081030269,0.011741091692908061,0.7129142146449411,0.054897791683147804,0.039137416043532894,0.039137416043532894,0.0203892404333611,0.018748175610171797,-0.0,0,0.01,0.01,0.14448142847219722,0.2855631231343544,17.812299033568657,0.01,0.07836118934158592,0.17456443427027366,5.059884670741292,0.01,0.07336317493222105,0.16219223775123315,4.752341959497102,0.01,0.14374000180398883,0.41926403731558526,52.48641736662138,0.01,0.14297257989762313,0.3363765683662126,10.222181591744858,0.01,0.08863070558847158,0.14234921798549857,14.34891849050855
0.5700000000000001,20.007357934370372,19.970607252374496,0.036750681995875945,0.005374848492606856,0.6938104347850497,0.05490366243854959,0.038092733907781694,0.038092733907781694,0.01924261209544309,0.018850121812338604,-0.0,0,0.01,0.01,0.14448415292535205,0.285565182153611,17.788609121224283,0.01,0.0783640317384258,0.17456649328953028,5.039123763001546,0.01,0.07336591369074984,0.16219429677048977,4.732811761400911,0.01,0.14373811163126818,0.41926224590508476,52.489845771263866,0.01,0.1429704040762978,0.3363747769557121,10.227483396346127,0.01,0.08862938205908427,0.14234805312897217,14.362840588941268
0.58,20.010927521185184,19.97188714820385,0.039040372981331305,-0.0008574083745482121,0.7173788133486547,0.05490519880407848,0.03938782636474179,0.03938782636474179,0.020441491491925978,0.01894633487281582,0.0,0,0.01,0.01,0.14448545227856022,0.28556572100326194,17.76270070659967,0.01,0.07836541684221542,0.1745670321391812,5.017817680408845,0.01,0.07336719586089518,0.1621948356201407,4.712828935964765,0.01,0.14373742984983828,0.41926177705261847,52.49723796087525,0.01,0.14296948575364918,0.33637430810324587,10.233684509368274,0.01,0.08862890282917293,0.14234774828944596,14.378148872950161
0.59,20.015479748,19.969737036794143,0.045742711205856934,-0.006595348628203136,0.7831934359422758,0.05490261784239205,0.04299936991020872,0.04299936991020872,0.023950827579933276,0.019048542330275448,0.0,0,0.01,0.01,0.14448522865821528,0.2855648157842343,17.74037329239444,0.01,0.0783652508706293,0.1745661269201536,5.000118424176343,0.01,0.07336691712944293,0.1621939304011131,4.697074099696493,0.01,0.143737780440474,0.41926256467399325,52.51241292818032,0.01,0.14296966520648527,0.3363750957246206,10.242078550730477,0.01,0.08862914469195145,0.14234826039386672,14.401885872298775
0.6,20.021125925925926,19.964530152014426,0.05659577391149829,-0.011535961879793536,0.8889800294505685,0.054896367494819374,0.04880177439227376,0.04880177439227376,0.02963347792409865,0.019168296468175115,0.0,0,0.01,0.01,0.14448349424594734,0.2855626236437606,17.72638615891721,0.01,0.07836350227511434,0.1745639347796799,4.990573583973786,0.01,0.07336512163110366,0.1621917382606394,4.688377987066363,0.01,0.143739106954863,0.4192644718544656,52.53258095750361,0.01,0.1429707556677606,0.3363770029050929,10.253357282250173,0.01,0.08863006672148371,0.1423495005695027,14.429853580519381
0.61,20.027974859407408,19.95680301068419,0.07117184872321929,-0.015396195385501655,1.0308791199727334,0.05488709161927458,0.05658195670634057,0.05658195670634057,0.03726549284854497,0.019316463857795608,0.0,0,0.01,0.01,0.14448067789286215,0.2855593704852548,17.713775443585366,0.01,0.0783606333945665,0.17456068162117408,4.98318303176901,0.01,0.07336222751065338,0.16218848510213357,4.681505805580484,0.01,0.14374134582338935,0.41926730166649107,52.553112544595095,0.01,0.14297278842994252,0.33637983271711847,10.26437128475483,0.01,0.08863162667489691,0.14235134107687858,14.454537245774192
0.62,20.036132864,19.94724764234603,0.08888522165396924,-0.0179240722494864,1.2035031887862642,0.054875620741349704,0.06604298454884003,0.06604298454884003,0.046540193226801696,0.019502791322038332,0.0,0,0.01,0.01,0.1444770517914078,0.28555534768576785,17.702999649818057,0.01,0.0783569280017145,0.17455665882168714,4.977943532178951,0.01,0.07335851023459063,0.16218446230264663,4.676644250616969,0.01,0.14374429427126958,0.41927080019811225,52.57223049300888,0.01,0.14297561318978189,0.33638333124873965,10.273687094076562,0.01,0.08863368385404097,0.14235361713921163,14.473808431497766
0.63,20.04570378414815,19.936683436309895,0.10902034783825384,-0.018926765133271895,1.400187726954738,0.05486293834231409,0.0768184129315827,0.0768184129315827,0.05708292064341036,0.01973549228817234,0.0,0,0.01,0.01,0.14447293001758305,0.2855509002314524,17.69487637706718,0.01,0.07835270768802458,0.1745522113673717,4.975207824352621,0.01,0.073354291474496,0.1621800148483312,4.6741326555163365,0.01,0.14374769469513332,0.41927466705734856,52.58844579489299,0.01,0.1429789896117023,0.3363871981079759,10.280471122279,0.01,0.08863605880580838,0.14235613362540944,14.486275852833138
0.64,20.056789010962962,19.926020993284332,0.13076801767862728,-0.018278306561314225,1.613321038303947,0.0548501375326786,0.08849088083533534,0.08849088083533534,0.06846997394394594,0.020020906891389394,0.0,0,0.01,0.01,0.14446866664143354,0.2855464114891892,17.69014464652641,0.01,0.07834833508611334,0.1745477226251085,4.975238975206423,0.01,0.07334993371297083,0.162175526106068,4.674217160465049,0.01,0.14375125376857562,0.4192785687664121,52.60035992791183,0.01,0.14298262689566676,0.3363910998170395,10.284129884068577,0.01,0.08863854683302076,0.14235867364192883,14.4908567009092
0.65,20.0694875,19.916222423050847,0.15326507694915378,-0.015924436340072706,1.83471275879225,0.05483837342467501,0.1006126633936651,0.1006126633936651,0.08024940663255598,0.020363256761109127,0.0,0,0.01,0.01,0.14446464052585445,0.28554228648691793,17.6894252968562,0.01,0.07834419853717475,0.1745435976228372,4.978187411587394,0.01,0.07334582452138652,0.1621714011037967,4.67703808090299,0.01,0.14375465636980536,0.419282153376625,52.606689658853256,0.01,0.14298620481188418,0.3363946844272524,10.284222516401902,0.01,0.08864092768991216,0.14236100798057091,14.486757883813098
0.66,20.08389578903704,19.908259750536125,0.17563603850091417,-0.011884328415820338,2.055986842516374,0.05482881318749902,0.11272731850428623,0.11272731850428623,0.09196281471001433,0.020764503794271905,0.0,0,0.01,0.01,0.14446123889960796,0.28553893440432127,17.6931965181082,0.01,0.07834069523209022,0.17454024554024056,4.984086428442225,0.01,0.07334235972964219,0.16216804902120008,4.682626055342319,0.01,0.14375757955006607,0.41928506566792834,52.606310955537396,0.01,0.14298939015553996,0.33639759671855574,10.280444375203219,0.01,0.08864297533794128,0.14236290502945925,14.473491939561642
0.67,20.100108015851852,19.90307329347198,0.19703472237987468,-0.006248968874224181,2.2689819340659585,0.0548225860191706,0.1243914572562751,0.1243914572562751,0.10316713938845312,0.021224317867821977,0.0,0,0.01,0.01,0.14445884074867169,0.28553675105879694,17.70177517699912,0.01,0.07833821414888904,0.1745380621947162,4.992852330131513,0.01,0.07333992643038145,0.1621658656756757,4.690902178168258,0.01,0.14375970643991942,0.4192869622440318,52.598301482474746,0.01,0.142991851869436,0.3363994932946591,10.272627282942274,0.01,0.08864446773568001,0.14236414070419356,14.450890634352616
0.68,20.118215936,19.90153192452912,0.21668401147088137,0.0008237841184973362,2.466140518335108,0.054820735338275084,0.13519563666264547,0.13519563666264547,0.11345548309788123,0.02174015356476424,-0.0,0,0.01,0.01,0.14445780079132,0.285536102191107,17.715304601062126,0.01,0.07833711958756641,0.17453741332702627,5.004288764344991,0.01,0.07333888660030982,0.16216521680798573,4.701682051851748,0.01,0.14376073950412596,0.4192875258388069,52.5819781794381,0.01,0.14299327520023514,0.3364000568894343,10.260741831512847,0.01,0.08864519624985384,0.14236450794167455,14.419112089002505
0.6900000000000001,20.138308940592594,19.9043958074492,0.23391313314339748,0.009109135074163846,2.640879939296716,0.05482417391873384,0.14478406109049843,0.14478406109049843,0.12247663011024479,0.02230743098025365,-0.0,0,0.01,0.01,0.1444582255035244,0.28553730779661907,17.740759331907718,0.01,0.07833752393952301,0.17453861893253836,5.023333075557066,0.01,0.07333934739179718,0.16216642241349785,4.7203178767125475,0.01,0.14376024819459574,0.41928647865406327,52.56265600945195,0.01,0.142993276501128,0.3363990097046906,10.24625774248842,0.01,0.0886448595195083,0.14236382561197372,14.388742533567095
0.7000000000000001,20.160474074074074,19.91227703426928,0.2481970398047934,0.0183204029737383,2.787987265484143,0.05483363649911422,0.15287548027971695,0.15287548027971695,0.12995566614891207,0.02291981413080487,-0.0,0,0.01,0.01,0.14446031284537986,0.2855406255737204,17.78001425534289,0.01,0.07833960691195901,0.1745419367096397,5.051779778741904,0.01,0.07334153284445633,0.16216974019059918,4.747521985989637,0.01,0.143757984445537,0.4192835964523607,52.541165576816496,0.01,0.14299125725288114,0.3363961275029881,10.234345496173379,0.01,0.08864327974115582,0.1423619479317239,14.362587899903193
0.71,20.184796052,19.925616412298407,0.2591796397015925,0.028147810440523835,2.9038604482171553,0.054849651803033424,0.15927573446931154,0.15927573446931154,0.1357061420077621,0.02356959246154943,-0.0,0,0.01,0.01,0.14446445508614938,0.28554624116751354,17.82604487018922,0.01,0.07834378493092652,0.1745475523034328,5.083822632497848,0.01,0.07334583394540099,0.1621753557843923,4.777769608816829,0.01,0.14375392255423375,0.41927871679285555,52.51276037678572,0.01,0.1429873356230048,0.3363912478434829,10.221130163840758,0.01,0.08864044265691759,0.14235877002412622,14.332691596647408
0.72,20.211357278814816,19.94467567035818,0.26668160845663863,0.03827621107114252,2.986599625166647,0.05487253311528988,0.1638822868340692,0.1638822868340692,0.13963416366248094,0.02424812317158824,-0.0,0,0.01,0.01,0.1444708309854333,0.2855542648979011,17.87650261930633,0.01,0.07835025128787758,0.1745555760338204,5.1173453621614025,0.01,0.07335242626971059,0.1621833795147799,4.809264904683132,0.01,0.14374796257397582,0.4192717417281162,52.47751911088675,0.01,0.14298144594125156,0.33638427277874355,10.20616996047831,0.01,0.0886362798496166,0.14235422979366305,14.29961801414335
0.73,20.24023786562963,19.96953720515922,0.27070066047041,0.048393989971119614,3.0360220183469027,0.05490237796648693,0.16668482836585816,0.16668482836585816,0.14173853437595751,0.024946293989900642,-0.0,0,0.01,0.01,0.14447951986901245,0.2855647316532019,17.929885389193643,0.01,0.07835909197194828,0.1745660427891212,5.1510597067640775,0.01,0.0733613868169641,0.16219384627008068,4.840872022207511,0.01,0.14374006175739984,0.4192626378733274,52.43577795011316,0.01,0.14297353697369558,0.3363751689239548,10.18971500177593,0.01,0.08863076351507448,0.14234830798918663,14.264125504623165
0.74,20.271515648,20.000109017660034,0.27140663033996815,0.05820382373604919,3.0536220115968202,0.05493907410934598,0.16776316599704785,0.16776316599704785,0.14210817933526743,0.02565498666178043,-0.0,0,0.01,0.01,0.14449052384583447,0.28557760295932966,17.984859183246197,0.01,0.0783703115958959,0.17457891409524895,5.183915285673378,0.01,0.07337271435956325,0.16220671757620847,4.871633870126208,0.01,0.14373023532634183,0.4192514347186259,52.38804430700576,0.01,0.14296361498724242,0.33636396576925326,10.172088813392909,0.01,0.08862390710834886,0.14234102701399265,14.22700425700072
0.75,20.305266203703702,20.036136368010425,0.26912983569327714,0.06743483461184684,3.04246163895902,0.05498231361814755,0.16728158000442805,0.16728158000442805,0.14091605244597127,0.026365527558456767,-0.0,0,0.01,0.01,0.14450377471847475,0.2855927718688944,18.040186951207897,0.01,0.07838384158842815,0.17459408300481372,5.215016332010299,0.01,0.07338633596472603,0.16222188648577318,4.900726754606716,0.01,0.14371855325118776,0.4192382206161095,52.33496834730191,0.01,0.14295174381364084,0.3363507516667369,10.153631747650241,0.01,0.08861576293595594,0.14233244811981344,14.18904084190569
0.76,20.34156287051852,20.077220164451578,0.2643427060669401,0.07585382805380116,3.006991975495466,0.055031615117100925,0.16547962505567745,0.16547962505567745,0.13840951723499084,0.027070107820686622,-0.0,0,0.01,0.01,0.1445191408389802,0.28561007067897953,18.094753408749604,0.01,0.07839954760420609,0.1746113818148988,5.243626617187682,0.01,0.07340211407223829,0.1622391852958583,4.927473170073389,0.01,0.1437051348252596,0.4192231364058192,52.27730906856134,0.01,0.14293803975835845,0.33633566745644655,10.1346831010125,0.01,0.08860641812147792,0.14232266698461565,14.150984098701688
0.77,20.380476764,20.12284129554866,0.25763546845134155,0.08327479500404632,2.9528142975820733,0.05508635316886434,0.16265977123867817,0.16265977123867817,0.1348976158318166,0.027762155406861576,-0.0,0,0.01,0.01,0.14453643621689652,0.2856292811480737,18.14759735549952,0.01,0.07841723907740485,0.17463059228399297,5.269181832755493,0.01,0.07341985599858195,0.1622583957649525,4.951354753659109,0.01,0.1436901412431422,0.41920636692373886,52.21589625924546,0.01,0.14292266418348903,0.3363188979743662,10.115566252711242,0.01,0.08859598912420229,0.1423118078679814,14.1135135997232
0.78,20.422076795259258,20.172389781924082,0.2496870133351784,0.0895662442421103,2.8863934670579154,0.0551457934504542,0.15917245795111618,0.15917245795111618,0.13073581446509552,0.02843664348602066,-0.0,0,0.01,0.01,0.14455543182328917,0.2856501467428236,18.19793762866692,0.01,0.07843668098892743,0.17465145787874287,5.291295972426352,0.01,0.07343932566645543,0.1622792613597024,4.97201836407001,0.01,0.14367376649921687,0.41918813074775174,52.15158983034186,0.01,0.14290581426471702,0.33630066179837914,10.096574838042393,0.01,0.0885846150713812,0.14230001661827768,14.07721182652993
0.79,20.466429688740742,20.22519741703733,0.24123227170341566,0.09465606081324093,2.8147380471225425,0.05520913209522736,0.15539924465705074,0.15539924465705074,0.1263089220987046,0.029090322558346135,-0.0,0,0.01,0.01,0.14457586856410787,0.285672386358131,18.24519176371573,0.01,0.07845760731409894,0.17467369749405035,5.309761209437166,0.01,0.07346025698070892,0.16230150097500984,4.989276075730127,0.01,0.1436562269948598,0.41916866861227975,52.085238073403154,0.01,0.14288771233289516,0.3362811996629071,10.077960217609537,0.01,0.0885724502172832,0.14228745285512118,14.042540863756864
0.8,20.5136,20.280572420929172,0.23302757907082922,0.0985336839674975,2.745062813803767,0.05527553740772378,0.1517348222509616,0.1517348222509616,0.12201295508212195,0.029721867168839657,-0.0,0,0.01,0.01,0.14459747128048844,0.2856957088920933,18.28898831378018,0.01,0.07847973548037546,0.17469702002801257,5.3245427965483065,0.01,0.07348236818528149,0.16232482350897207,5.003100678629499,0.01,0.14363775029847362,0.41914823098287113,52.0176365277093,0.01,0.14286859425945098,0.33626076203349853,10.059920652425511,0.01,0.08855965587715178,0.14227428168447004,14.009824293920131
0.81,20.56365013348148,20.337834542587956,0.22581559089352723,0.10124950397026147,2.6844496833804734,0.05534419205802283,0.1485686988471075,0.1485686988471075,0.11823676690285723,0.030331931944250268,-0.0,0,0.01,0.01,0.14461996310314196,0.2857198280190054,18.329173588332928,0.01,0.07850278113941461,0.17472113915492468,5.335770324213667,0.01,0.07350537651761846,0.16234894263588417,5.013617863480165,0.01,0.14361856354476188,0.41912706532826216,51.949489234012084,0.01,0.1428486973894804,0.33623959637888956,10.042592606719065,0.01,0.08854639220445948,0.1422606653230483,13.97923489175711
0.8200000000000001,20.616640360296298,20.39634902255181,0.2202913377444898,0.10291149594956385,2.6395226714438906,0.05541433384115564,0.14626739049669074,0.14626739049669074,0.11534427471792619,0.030923115778764554,-0.0,0,0.01,0.01,0.1446430794954181,0.28574447649221035,18.365812996625216,0.01,0.07852647257458047,0.17474578762812965,5.343726063442712,0.01,0.073529012491155,0.16237359110908914,5.021095676094285,0.01,0.14359888198498527,0.4191054036545494,51.881374170546394,0.01,0.14282824855428128,0.3362179347051768,10.026044585306272,0.01,0.08853281018469267,0.14224675501238293,13.950788617576768
0.8300000000000001,20.672628836,20.455557873859785,0.21707096214021462,0.10367923624157634,2.616151396206364,0.055485293151384986,0.14515792714691525,0.14515792714691525,0.11365808999456106,0.03149983715235419,-0.0,0,0.01,0.01,0.14466658135561133,0.2857694193268791,18.39918662824754,0.01,0.07855056410889329,0.17477073046279842,5.348830530261985,0.01,0.07355303317628933,0.16239853394375792,5.0259312914764465,0.01,0.14357889820403627,0.4190834508688267,51.81371458239199,0.01,0.1428074527013874,0.3361959819194541,10.010273865086205,0.01,0.08851904420742893,0.14223268358935143,13.924345269327379
0.84,20.73167161837037,20.515007059364674,0.21666455900569837,0.10375557515384672,2.6191959301720056,0.05555652547295307,0.14551342541325604,0.14551342541325604,0.11344529781092905,0.032068127602326996,-0.0,0,0.01,0.01,0.14469026661033402,0.28579446526223423,18.429778327086503,0.01,0.0785748479454625,0.1747957763981535,5.351624979828987,0.01,0.0735772339137427,0.162423579879113,5.028634782499888,0.01,0.1435587724995558,0.4190613745138856,51.74675771288315,0.01,0.14278648266132085,0.336173905564513,9.995206393207328,0.01,0.08850520555046498,0.14221855904946096,13.899615956616042
0.85,20.793822685185184,20.574368334983355,0.21945435020182705,0.10337636111563614,2.6523036027860627,0.05562763742499029,0.14754138315677856,0.14754138315677856,0.11490602906539693,0.03263535409138164,-0.0,0,0.01,0.01,0.1447139798142816,0.28581947598269786,18.45825739695596,0.01,0.07859916395973562,0.17482078711861718,5.352750329607389,0.01,0.07360145797902273,0.16244859059957667,5.029809388534961,0.01,0.14353862487119615,0.41903929635939524,51.68056212267822,0.01,0.1427654705243842,0.3361518274100226,9.980699995341935,0.01,0.08849137706594072,0.14220445939183804,13.876177300654467
0.86,20.859133952,20.63345478493023,0.22567916706977206,0.10279871597831106,2.7177657820250283,0.055698405209772844,0.1513752197924852,0.1513752197924852,0.11816533555577657,0.03320988423670862,-0.0,0,0.01,0.01,0.1447376193734997,0.2858443726851554,18.485452254238005,0.01,0.07862340706677831,0.17484568382107468,5.352922046500525,0.01,0.07362560381931502,0.16247348730203418,5.030127847978666,0.01,0.1435185289949404,0.41901728624910894,51.61499434965396,0.01,0.14274450102812902,0.33612981729973634,9.96655087049831,0.01,0.08847760930045165,0.1421904289728973,13.853491946149353
0.87,20.927655289925926,20.692229384658077,0.2354259052678499,0.10228844146682711,2.8164398335200427,0.055768784686071673,0.1570694266568548,0.1570694266568548,0.12326871574236731,0.033800710914487504,-0.0,0,0.01,0.01,0.14476114212429886,0.28586913971003186,18.512315815038704,0.01,0.07864753190236098,0.17487045084595118,5.352900811935547,0.01,0.07364962959961,0.16249825432691067,5.030304645648123,0.01,0.14349850846096415,0.4189953584917393,51.54973514629695,0.01,0.14272360725934466,0.3361078895423667,9.95250315442004,0.01,0.0884639182116242,0.1421764765217387,13.830934612736277
0.88,20.999434543407407,20.750806274020544,0.2486282693868636,0.10210718550420032,2.9477384847438066,0.05583891270381494,0.16459851192328515,0.16459851192328515,0.1301814574300858,0.034417054493199345,-0.0,0,0.01,0.01,0.1447845651225142,0.2858938251003251,18.539883131149082,0.01,0.07867155467811425,0.17489513623624445,5.353459274455258,0.01,0.07367355491741408,0.16252293971720394,5.031064515180855,0.01,0.1434785354390623,0.41897347095165827,51.484294969184006,0.01,0.1427027688585237,0.3360860020022856,9.93826112909176,0.01,0.08845028456592283,0.1421625748882585,13.80782254374854
0.89,21.074517548,20.809444787553,0.265072760446997,0.10250000946297304,3.1096858169846486,0.05590909976990672,0.1738597345948586,0.1738597345948586,0.13879177281450883,0.03506796178034977,-0.0,0,0.01,0.01,0.14480796462200085,0.28591853810677054,18.569222686818375,0.01,0.07869555219261593,0.1749198492426898,5.355345852599683,0.01,0.07369745966904523,0.1625476527236493,5.033108170260895,0.01,0.1434585318102682,0.41895152685318715,51.41803783597548,0.01,0.14268191278676276,0.33606405790381455,9.923503462462063,0.01,0.08843665502054833,0.1421486625092197,13.783448870102708
0.9,21.15294814814815,20.868536649201026,0.2844114989471213,0.10368397122568755,3.299036175222652,0.05597981454287869,0.1846794332592119,0.1846794332592119,0.14891751261478958,0.03576192064442232,-0.0,0,0.01,0.01,0.14483147234177357,0.28594344380973585,18.6013837128871,0.01,0.07871965809698395,0.17494475494565515,5.359247267946802,0.01,0.0737214801700233,0.16257255842661464,5.037076923726402,0.01,0.14343837267536488,0.4189293791690195,51.350212160712346,0.01,0.14266091658327762,0.3360419102196469,9.90789870375613,0.01,0.08842294481057977,0.14213464649298554,13.7571171397436
0.91,21.234768214962966,20.928587073462975,0.3061811414999906,0.10583827537749033,3.511449532770174,0.05605166105090167,0.19682257900818081,0.19682257900818081,0.16031607080068455,0.03650650820749626,-0.0,0,0.01,0.01,0.14485526923374295,0.2859687551699364,18.6373427094695,0.01,0.07874405662183762,0.17497006630585574,5.36575214406276,0.01,0.07374580274349522,0.16259786978681523,5.0435184673621585,0.01,0.14341789202933267,0.4189068373296101,51.27998677690789,0.01,0.14263961391500468,0.3360193683802375,9.891121156922756,0.01,0.08840904188549897,0.14212040714521007,13.728175112718004
0.92,21.320017664,20.990190803526733,0.32982686047326915,0.10909644543045856,3.7417143830816424,0.05612534987017799,0.21000502886473438,0.21000502886473438,0.17269694030323468,0.03730808856149968,-0.0,0,0.01,0.01,0.14487957706448695,0.2859947229420136,18.677952927409414,0.01,0.07876897407047023,0.17499603407793293,5.375318459310477,0.01,0.07377065509152032,0.16262383755889243,5.05285648942379,0.01,0.1433968902837055,0.41888367587563624,51.206490098157765,0.01,0.1426178021066052,0.33599620692626364,9.872866223573043,0.01,0.08839481227124787,0.1421058036900806,13.696045917927947
0.93,21.408734473037036,21.054004342852576,0.35473013018445854,0.11354085135618909,3.984007164450918,0.056201664769416355,0.2239078350954235,0.2239078350954235,0.18573626183240766,0.03817157326301586,-0.0,0,0.01,0.01,0.14490464821281143,0.28602162398036063,18.723900696658795,0.01,0.07879466847006476,0.1750229351162799,5.388247756437916,0.01,0.07379629585298166,0.16265073859723939,5.065366875739021,0.01,0.14337514323323727,0.4188596445873554,51.12885026727299,0.01,0.1425952512468258,0.33597217563798276,9.85286435321149,0.01,0.08838010637876187,0.14209068088854923,13.660254824272924
0.9400000000000001,21.500954699851853,21.120715788183034,0.380238911668817,0.11919978893608715,4.232175656140044,0.05628142650724568,0.23819288315680018,0.23819288315680015,0.1990926285846223,0.03910025457217789,-0.0,0,0.01,0.01,0.14493075415825468,0.28604974853042325,18.775672119473505,0.01,0.07882141784829307,0.17505105966634257,5.404668698203472,0.01,0.0738230028276614,0.16267886314730207,5.081162893587597,0.01,0.1433524120039945,0.41883447956754666,51.0462342075984,0.01,0.14257171440083347,0.335947010618174,9.830892858026326,0.01,0.08836476594039952,0.1420748762190838,13.62045018574001
0.9500000000000001,21.596712500000002,21.19101374369696,0.4056987563030412,0.1260471667513627,4.480032801737501,0.056365455556305524,0.252519089777126,0.252519089777126,0.212423372062025,0.040095717715101,-0.0,0,0.01,0.01,0.14495817319212992,0.28607938712881875,18.83353276970083,0.01,0.07884950766515181,0.17508069826473802,5.424531800806876,0.01,0.07385106040654793,0.1627085017456975,5.100190992947246,0.01,0.14332845348923692,0.4188079147302108,50.9578836924516,0.01,0.14254693842061347,0.33592044578083813,9.806785026258849,0.01,0.08834863123362238,0.14205822726918055,13.576417544762705
0.96,21.696040144592594,21.265556788908796,0.4304833556837997,0.13400472289207754,4.7216470752475255,0.056454535520938244,0.2665583925268956,0.2665583925268956,0.2254005579514845,0.041157834575411126,-0.0,0,0.01,0.01,0.14498717791934246,0.2861108177324669,18.89752176181819,0.01,0.07887921797595612,0.1751121288683862,5.447616056968213,0.01,0.07388074679013365,0.1627399323493457,5.122237769279886,0.01,0.14330303077679057,0.41877969315367924,50.86314685357723,0.01,0.1425206748369303,0.33589222420430664,9.780436178749532,0.01,0.08833154824714731,0.14204057898712907,13.528086370853341
0.97,21.798968038074072,21.3449448936198,0.45402314445427194,0.14294657563809346,4.95161583083322,0.05654937892215212,0.2800107998947149,0.2800107998947149,0.23772596252954636,0.04228483736516855,-0.0,0,0.01,0.01,0.14501802313251724,0.28614429366344124,18.967460074066494,0.01,0.07891081092561651,0.17514560479936053,5.473546854448429,0.01,0.07391232159435272,0.16277340828032003,5.146947395086648,0.01,0.14327592309430096,0.4187495777900605,50.761503912329374,0.01,0.14249269033444104,0.3358621088406879,9.751806530747128,0.01,0.08831337545783463,0.14202179046192714,13.47552941394313
0.98,21.905524736,21.429694032716462,0.47583070328353727,0.15270581634766245,5.165309053176959,0.05665059685618951,0.2926178408091539,0.2926178408091539,0.24914437363133757,0.043473467177816284,-0.0,0,0.01,0.01,0.14505093462638255,0.28618003289710053,19.042971580423906,0.01,0.07894451917038528,0.1751813440330198,5.501823340619741,0.01,0.07394601443270238,0.1628091475139793,5.173847672730732,0.01,0.14324693484229262,0.41871736107720814,50.652586293529176,0.01,0.14246277635219076,0.3358298921278355,9.720920920569688,0.01,0.08829398991492984,0.14200174093239828,13.418955108927765
0.99,22.015736962814813,21.5202150651859,0.4955218976289122,0.1630827808961707,5.359072499849177,0.05675867380692787,0.30417384792661695,0.30417384792661695,0.259454658880644,0.04471918904597297,-0.0,0,0.01,0.01,0.14508609947753387,0.28621820914193047,19.123514112691318,0.01,0.0789805357860749,0.17521952027784976,5.531852418932864,0.01,0.0739820150193866,0.16284732375880925,5.202382008262289,0.01,0.14321590334403786,0.41868287306827323,50.536188636799345,0.01,0.14243075740974417,0.33579540411890063,9.687865629548691,0.01,0.08827329236934829,0.14198033477147592,13.358693837456865
1.0,22.12962962962963,21.616797719035098,0.5128319105945307,0.17385458730922074,5.5303813156671255,0.05687394862346244,0.3145346228154087,0.3145346228154087,0.2685181604750325,0.04601646234037619,-0.0,0,0.01,0.01,0.1451236582427204,0.28625894506615085,19.20841721327785,0.01,0.07901900614959143,0.17526025620207014,5.56298606468392,0.01,0.07402046526178256,0.16288805968302963,5.231944204586296,0.01,0.14318270501056932,0.41864598777156836,50.41227353253408,0.01,0.14239649782928754,0.33575851882219576,9.65278263463292,0.01,0.08825121123650494,0.14195750524512996,13.295179112903456
1.01,22.247225852,21.719600279292877,0.5276255727071228,0.18478549862577054,5.677937692555861,0.056996602377451716,0.3236231569865521,0.3236231569865521,0.27626410384380073,0.04735905314275136,-0.0,0,0.01,0.01,0.14516369943087018,0.28630230792372574,19.296923117039793,0.01,0.07906002217655955,0.17530361905964503,5.5945586773194105,0.01,0.07406145370520706,0.16293142254060455,5.261913060551472,0.01,0.1431472596942772,0.41860662747533994,50.2809690734929,0.01,0.14235990660143613,0.33571915852596734,9.615861705993705,0.01,0.0882277052387703,0.1419332169045453,13.22892490000307
1.02,22.368546967703704,21.828645320312148,0.539901647391557,0.19563765766947447,5.8017089196859155,0.0571266535029194,0.3314322151796941,0.3314322151796941,0.28269184151772375,0.048740373661970364,-0.0,0,0.01,0.01,0.1452062564864159,0.28634830772522324,19.388227860556803,0.01,0.07910361916960366,0.17534961886114253,5.6259216806592125,0.01,0.07410501256676624,0.16297742234210202,5.291684263707733,0.01,0.14310953308214078,0.41856476491514183,50.14255953393416,0.01,0.14232094022357575,0.3356772959657692,9.577330794451782,0.01,0.08820276463522761,0.1419074665323704,13.160500327890416
1.03,22.493612554518517,21.94382156446698,0.549790990051538,0.20618174107097298,5.9029050784536645,0.05726396030479116,0.3380237220955208,0.3380237220955208,0.2878698892259618,0.05015383286955898,-0.0,0,0.01,0.01,0.1452513073923634,0.28639689799037255,19.48152010922746,0.01,0.07914977539039304,0.17539820912629184,5.656473379062647,0.01,0.07415111745819092,0.16302601260725136,5.320697819712181,0.01,0.1430695370577426,0.4185204232243228,49.99746967932972,0.01,0.14227960342193785,0.3356329542749502,9.537445159262072,0.01,0.08817641100960134,0.1418802826269646,13.09050302641316
1.04,22.622440448,22.064891693889546,0.5575487541104525,0.21620709179181072,5.983898539473749,0.057408230610556076,0.3435250273042787,0.3435250273042787,0.29193184498858993,0.05159318231568879,-0.0,0,0.01,0.01,0.1452987768698602,0.2864479790119185,19.5760161225502,0.01,0.07919841432549692,0.1754492901478378,5.6856829744079835,0.01,0.07419968976035704,0.1630770936287973,5.348460084219763,0.01,0.14302732803875437,0.41847367369017024,49.846243384863776,0.01,0.14223594775083126,0.3355862047407976,9.496475678133592,0.01,0.08814869564988338,0.14185172347073005,13.019532238261178
1.05,22.75504675925926,22.191505696399723,0.5635410628595354,0.22553091238392367,6.048090168010786,0.057559038040556475,0.3481222520532484,0.3481222520532484,0.2950694105126167,0.05305284154063174,-0.0,0,0.01,0.01,0.14534854102495293,0.28650140345700603,19.670990062825897,0.01,0.07924940948159868,0.17550271459292532,5.71310846215677,0.01,0.07425060148347162,0.16313051807388482,5.374560192134511,0.01,0.1429830033729784,0.4184246314193276,49.68951741071757,0.01,0.14219006814364107,0.335537162469955,9.454696768753827,0.01,0.08811969661333448,0.14182187388806952,12.948162757181313
1.06,22.89144589274074,22.323219097800195,0.5682267949405487,0.23400613627605307,6.099729601202737,0.05771584409525215,0.35205104268621173,0.35205104268621173,0.29752285409301693,0.054528188593194825,-0.0,0,0.01,0.01,0.14540043417938753,0.28655698403556,19.765799460737703,0.01,0.07930259142711929,0.1755582951714793,5.738408732616273,0.01,0.0743036823330478,0.1631860986524388,5.398681211744297,0.01,0.14293669595057404,0.41837344909571705,49.52799135043437,0.01,0.1421420975694465,0.33548598014634445,9.412374340960994,0.01,0.08808951462625934,0.1417908408534973,12.876920634268199
1.07,23.031650564,22.459515227519123,0.5721353364808763,0.24152764289316744,6.143699002330644,0.05787802501175179,0.3555851645215675,0.3555851645215675,0.2995693616579076,0.056015802863659904,-0.0,0,0.01,0.01,0.14545425752550473,0.2866145028780136,19.859906019178887,0.01,0.07935775669932701,0.17561581401393286,5.7613505568,0.01,0.07435872860680112,0.16324361749489236,5.420606651169049,0.01,0.14288856726155402,0.418320309091035,49.36239493185456,0.01,0.14209220002503253,0.3354328401416624,9.369754193408932,0.01,0.08805826801730664,0.14175874815904851,12.806261488164886
1.08,23.175671817481486,22.599830491161317,0.5758413263201689,0.24803654532500613,6.185271227189579,0.058044902136849534,0.3590234630720904,0.3590234630720904,0.30150981340014094,0.05751364967194945,-0.0,0,0.01,0.01,0.14550978916869414,0.28667372219073084,19.95289206529522,0.01,0.0794146781208285,0.17567503332665013,5.781811250494255,0.01,0.07441551347371063,0.16330283680760962,5.440223030687588,0.01,0.14283879919393694,0.41826541425957153,49.193453998312314,0.01,0.1420405621625384,0.3353779453101989,9.32705126628493,0.01,0.0880260869240994,0.1417257303904374,12.736552154756232
1.09,23.323519044296297,22.74358149011053,0.5799375541857678,0.2535223564106366,6.229854291427705,0.058215774409544875,0.3626757920340903,0.3626757920340903,0.3036545932951401,0.059021198738950155,-0.0,0,0.01,0.01,0.14556679506648865,0.28673439570014997,20.044472896674634,0.01,0.079473116017832,0.17573570683606926,5.7997777401984845,0.01,0.07447379813490786,0.16336351031702875,5.457519158670806,0.01,0.14278758492622548,0.41820897781223365,49.02185661501863,0.01,0.14198738391509805,0.335321508862861,9.284440157714895,0.01,0.08799310704393357,0.14169192649149978,12.66805631348001
1.1,23.4752,22.890192742654946,0.5850072573450571,0.2580229288885016,6.28273437892815,0.058389951451361846,0.3668485553674167,0.3668485553674167,0.30630908366199083,0.060539471705425854,-0.0,0,0.01,0.01,0.14562504034233398,0.28679628035946386,20.134505083191375,0.01,0.07953282980495742,0.17579759149538315,5.815342572517446,0.01,0.07453334333745827,0.16342539497634265,5.472582576459503,0.01,0.14273511931466357,0.41815121271510236,48.84822081512654,0.01,0.141932868533069,0.33526374376572976,9.242047299204762,0.01,0.08795946321852473,0.14165747321462663,12.600924622415956
1.11,23.63072082237037,23.03912372957604,0.5915970927943329,0.2616221645411445,6.348829390153286,0.05856678573455638,0.37183053055836174,0.37183053055836174,0.30975951343462593,0.06207101712373581,-0.0,0,0.01,0.01,0.1456843004448177,0.2868591477774051,20.222990559841612,0.01,0.07959358939747817,0.17586045891332444,5.8286971851913005,0.01,0.07459392070677989,0.16348826239428393,5.485593432108899,0.01,0.14268158920733334,0.41809232109125755,48.673065503717126,0.01,0.14187721247810955,0.3352048521418849,9.199945157775112,0.01,0.08792528314917568,0.14162249875988092,12.535189773763591
1.12,23.790086049185188,23.189894013951804,0.6001920352333832,0.2644455915415278,6.432464238368585,0.05874570234047628,0.3778796294629594,0.3778796294629594,0.31425981477205045,0.06361981469090894,-0.0,0,0.01,0.01,0.14574437163943813,0.2869227948393085,20.31007615074916,0.01,0.07965518593116093,0.17592410597522778,5.840122553579809,0.01,0.07465532338122431,0.16355190945618728,5.496815858687638,0.01,0.14262716413016763,0.4180324841169406,48.49678596214422,0.01,0.14182059563797902,0.335145015167568,9.158148782801703,0.01,0.08789068153166504,0.14158711689656622,12.470766735123485
1.1300000000000001,23.953298636000003,23.342105271399078,0.6111933646009273,0.2666540129512601,6.537177828027099,0.05892622493334787,0.38521121112361933,0.38521121112361933,0.3200200973588502,0.06519111376476919,-0.0,0,0.01,0.01,0.14580508035878964,0.28698705302671956,20.396048059382085,0.01,0.07971744131114,0.17598836416263883,5.849977187209123,0.01,0.0747173754723181,0.16361616764359832,5.506586811466454,0.01,0.1425719877817709,0.41797185289134664,48.31963523098466,0.01,0.14176317231883315,0.33508438394197404,9.116614939548153,0.01,0.08785575487964975,0.14155142183817856,12.407458264802976
1.1400000000000001,24.12035997392593,23.49545921108455,0.6249007628413794,0.26843552639888313,6.665569976565296,0.05910799675510588,0.39398848854575264,0.39398848854575264,0.3271972742941892,0.06679121425156344,-0.0,0,0.01,0.01,0.14586629099634824,0.28705179600257225,20.481320886719136,0.01,0.07978021617250378,0.17605310713849154,5.858682408316233,0.01,0.07477993993448068,0.16368091061945103,5.515302288593667,0.01,0.1425161707431956,0.41791054072190326,48.14171239614553,0.01,0.14170506344251732,0.3350230717725306,9.075243967415053,0.01,0.08782057727215041,0.14151548410563902,12.344965577599904
1.1500000000000001,24.29126990740741,23.64977056398079,0.6414993434266193,0.26999629915041284,6.819194559684121,0.059290795687028115,0.40431547138832485,0.40431547138832485,0.3358882707652905,0.06842720062303438,-0.0,0,0.01,0.01,0.14592791180593628,0.28711694511197006,20.56642091776148,0.01,0.0798434159135174,0.17611825624788932,5.866704914308871,0.01,0.0748429245058404,0.16374605972884881,5.523400936346267,0.01,0.14245978475574728,0.41784861720420013,47.96295846754137,0.01,0.1416463503240622,0.3349611482548275,9.03388437136908,0.01,0.08778519721615742,0.1414793475660165,12.282903798342275
1.16,24.466026752,23.804974553982426,0.6610521980175748,0.2715505482833471,6.998502964150386,0.05947454271257247,0.4162327634654272,0.4162327634654272,0.34612612148856636,0.07010664197686083,-0.0,0,0.01,0.01,0.1459898986596585,0.2871824725499912,20.651963745724817,0.01,0.07990699455384771,0.17618378368591045,5.874536808973836,0.01,0.07490628547328543,0.16381158716686994,5.531345222502924,0.01,0.1424028588464843,0.417786104390276,47.7831601407516,0.01,0.141587070331149,0.33489863544090337,8.992340006544165,0.01,0.08774963576160556,0.14144302777681464,12.220821583479355
1.17,24.64462731214815,23.961128537520032,0.6834987746281171,0.2733102176709984,7.202839613212368,0.059659303438366555,0.42971639410252344,0.42971639410252344,0.35787912151821977,0.07183727258430365,-0.0,0,0.01,0.01,0.14605225651726875,0.2872484020624899,20.73862675484614,0.01,0.07997095627040944,0.1762497131984092,5.882673565358303,0.01,0.07497002911570196,0.16387751667936867,5.539600632227974,0.01,0.1423453774910347,0.41772297523528074,47.601961294633135,0.01,0.1415272146363426,0.3348355062859081,8.950379559008063,0.01,0.08771388594552351,0.14140651170220364,12.158224036749244
1.18,24.82706689896296,24.11840778375067,0.708659115212292,0.27547485863062743,7.430488977507819,0.059845282669777934,0.44467971323362465,0.44467971323362465,0.37105304504172987,0.07362666819189476,-0.0,0,0.01,0.01,0.14611503856490748,0.28731480716738467,20.827117505410865,0.01,0.08003535456793279,0.17631611830330396,5.891590720373919,0.01,0.07503421078478704,0.16394392178426345,5.548613664701347,0.01,0.1422872809018396,0.41765915439688917,47.41888163574654,0.01,0.14146672816947975,0.33477168544751656,8.907747874359423,0.01,0.08767791357808616,0.14136975880063504,12.094597816859272
1.19,25.013339348,24.277095654408846,0.7362436935911543,0.2782222079232156,7.678771186658269,0.06003281237554552,0.4609782299234009,0.4609782299234009,0.38549629650629746,0.07548193341710341,-0.0,0,0.01,0.01,0.14617834308636748,0.287381807005647,20.918139585200834,0.01,0.08010028914569109,0.17638311814156632,5.9017204433713255,0.01,0.07509893168833326,0.1640109216225258,5.558789733138092,0.01,0.14222846742313922,0.4175945213416261,47.233341488110895,0.01,0.14140551176790833,0.3347070523922535,8.864178555148639,0.01,0.0876416593188715,0.14133270341668489,12.029437159093865
1.2,25.203437037037034,24.43756871388258,0.7658683231544543,0.28169991599092203,7.9441812003276135,0.06022233369413827,0.47841713117282947,0.47841713117282947,0.40100771627319454,0.0774094148996349,-0.0,0,0.01,0.01,0.14624230823121928,0.28744956004629163,21.012357924616946,0.01,0.08016590062212478,0.17645087118221095,5.913429402340247,0.01,0.07516433354231665,0.16407867466317044,5.570472332563994,0.01,0.1421687979085837,0.41752891559532435,47.04469137988904,0.01,0.14134342641297998,0.33464144664595175,8.819407153272943,0.01,0.08760504193018297,0.1412952583473357,11.962269434018062
1.21,25.39735090385185,24.600277540964143,0.79707336288771,0.2860188127351744,8.222564567908385,0.06041437391562957,0.49676109035102434,0.4967610903510243,0.4173466368700235,0.07941445348100087,-0.0,0,0.01,0.01,0.1463071049374447,0.28751825597173786,21.110365833243527,0.01,0.08023236337203866,0.17651956710765712,5.926999503911727,0.01,0.07523059135186037,0.16414737058861661,5.583924974093896,0.01,0.14210810185976133,0.41746214386872427,46.85224482526711,0.01,0.14128029933889522,0.33457467491935167,8.77318423603859,0.01,0.08756796253903769,0.14125731939759595,11.892678861943605
1.22,25.595070464,24.76572421115145,0.8293462528485495,0.29124801258391525,8.509321185653976,0.06060951960226796,0.5157458692038887,0.5157458692038887,0.43424468253853765,0.081501186665351,-0.0,0,0.01,0.01,0.14637292834826832,0.28758810615354763,21.21265603743151,0.01,0.08029987681374798,0.17658941728946692,5.9426130511237165,0.01,0.07529790466400156,0.16421722077042641,5.599317340076599,0.01,0.1420461850198906,0.4173939887000807,46.655312558742544,0.01,0.14121593171059918,0.33450651975070805,8.725287611276785,0.01,0.08753030969317244,0.14121877069525862,11.820327099991225
1.23,25.796583828592592,24.934437562680806,0.862146265911785,0.2974120613386146,8.799627224678213,0.06080838717752241,0.5350911392960997,0.5350911392960997,0.45141872921805604,0.08367241007804369,-0.0,0,0.01,0.01,0.14643998813055997,0.2876593331896859,21.31959774985364,0.01,0.08036865555327888,0.1766606443256052,5.9603436171999284,0.01,0.07536648770419153,0.16428844780656468,5.61671686702362,0.01,0.14198283805086742,0.41732421818921717,46.45323645678635,0.01,0.14115010749565618,0.33443674923984457,8.6755330577414,0.01,0.08749196496144312,0.1411794905018864,11.74496961406877
1.24,26.001877722074074,25.106947444824296,0.8949302772497768,0.30449022134092874,9.08866461651499,0.0610115924104359,0.5545139011379633,0.5545139011379633,0.4685843974138293,0.08592950372413397,-0.0,0,0.01,0.01,0.14650849815260425,0.28773216001065827,21.43142129898216,0.01,0.0804389188466301,0.17673347114657756,5.9801534852700575,0.01,0.07543655886065832,0.16436127462753705,5.636086527020551,0.01,0.14191784587664638,0.41725259635436585,46.24542147072562,0.01,0.14108260310410528,0.33436512740499325,8.623783015102049,0.01,0.08745280880685777,0.14113935723813337,11.666467024188448
1.25,26.2109375,25.283759171579767,0.9271783284202328,0.31241788578015783,9.371847190978865,0.06121972024742207,0.5737418632333144,0.5737418632333144,0.48546943752211136,0.08827242571120311,-0.0,0,0.01,0.01,0.14657866600951638,0.28780679907242157,21.548211154239343,0.01,0.08051087987608194,0.1768081102083409,6.001897907107515,0.01,0.07550833001318208,0.16443591368930038,5.657289008460095,0.01,0.1418509972527299,0.41717889362491334,46.03136407714572,0.01,0.1410131973417654,0.3342914246755407,8.56995283071325,0.01,0.0874127264519478,0.1410982554366933,11.584790939201866
1.26,26.423747166814813,25.46532936965416,0.9584177971606548,0.32109001353774974,9.645032787314967,0.061433296399265196,0.5925261580037513,0.5925261580037513,0.5018263851049376,0.09069977289881366,-0.0,0,0.01,0.01,0.14665068289283487,0.2878834421396422,21.669907405643215,0.01,0.08058473534950387,0.17688475327556147,6.02533577866054,0.01,0.0755819962127339,0.164512556756521,5.680096881107668,0.01,0.1417820941199325,0.4171028969885852,45.81067600207124,0.01,0.14094168121628411,0.33421542803921256,8.514014321750974,0.01,0.08737161346121639,0.14105608134513073,11.500024145259307
1.27,26.64028939362963,25.652044321601796,0.9882450720278364,0.3303663874653011,9.904711401262816,0.06165276198267725,0.6106528145291661,0.6106528145291661,0.5174439097048278,0.09320890482433836,-0.0,0,0.01,0.01,0.14672471428534228,0.28796225112580354,21.79631501705313,0.01,0.0806606559200261,0.17696356226172283,6.0501457241856516,0.01,0.07565772620379159,0.16459136574268232,5.704207770421561,0.01,0.1417109603189142,0.41702441933807727,45.58310226490564,0.01,0.14086786715006583,0.3341369503887046,8.45599657443683,0.01,0.08732938078325113,0.14101274792245969,11.412355345271777
1.28,26.860545536,25.844201770305997,1.016343765694004,0.3400784243824811,10.148160657106528,0.06187845235160583,0.6279524756772072,0.6279524756772072,0.5321563513043448,0.0957961243728625,-0.0,0,0.01,0.01,0.14680089192267887,0.28804335039982554,21.927119581724362,0.01,0.0807387778860832,0.17704466153574483,6.075946123524676,0.01,0.07573565424132603,0.16467246501670432,5.729263152688732,0.01,0.14163744927773372,0.4169433076063836,45.34853289206871,0.01,0.14079159718778542,0.33405583865701094,8.395984052293452,0.01,0.08728595902439433,0.1409681890059769,11.322068938928858
1.29,27.084495651703705,26.04199697809905,1.0424986736046542,0.35003720578758973,10.37356154728019,0.062110581043456646,0.6443079351916318,0.6443079351916318,0.5458510290622476,0.09845690612938422,-0.0,0,0.01,0.01,0.14687930740114638,0.28812682089575803,22.06190794391675,0.01,0.08081919656945519,0.17712813203167735,6.102317375946796,0.01,0.07581587359066864,0.16475593551263684,5.754869174577347,0.01,0.14156145033498632,0.4168594493386357,45.10700794887345,0.01,0.14071274983573206,0.3339719803892631,8.334112212111027,0.01,0.08724130176485549,0.14092236246653228,11.229530562409389
1.3,27.312118518518517,26.245513631578685,1.066604886939832,0.360042354596373,10.580069380173335,0.06234922952015142,0.6596591741235535,0.6596591741235535,0.558473012848858,0.10118616127469546,-0.0,0,0.01,0.01,0.14696000772928308,0.28821269627645524,22.20019193686305,0.01,0.08090196168452575,0.17721400741237453,6.1288246886661435,0.01,0.07589843201396941,0.16484181089333402,5.780617911686211,0.01,0.14148289342308878,0.4167727774179849,44.85871581962087,0.01,0.14063124523283901,0.3338853084686123,8.270560924445975,0.01,0.08719538777476743,0.14087525221903208,11.135169267879112
1.31,27.543391652,26.454719960450625,1.0886716915493768,0.3698913548872787,10.767837116387657,0.06259434311436117,0.6740056910627223,0.6740056910627223,0.5700271647237826,0.10397852633893975,-0.0,0,0.01,0.01,0.14704299302386648,0.28830096130762145,22.34143359846205,0.01,0.08098707491061319,0.17730227244354074,6.155039879355795,0.01,0.07598332944674124,0.16493007592450024,5.8061076790474875,0.01,0.14140175190733686,0.41668327274127226,44.603984925243104,0.01,0.14054704842619967,0.3337958037918996,8.205546064758838,0.01,0.08714822203973777,0.14082686900831481,11.039457313707638
1.32,27.77829132325926,26.66947020415128,1.108821119107977,0.3793888982746668,10.93799063675777,0.06284573330817839,0.687406042485031,0.687406042485031,0.5805773803224723,0.10682866216255867,-0.0,0,0.01,0.01,0.14712821644455498,0.2883915524988908,22.485070496026836,0.01,0.08107448976735185,0.1773928636348101,6.180561023973462,0.01,0.07607051795819557,0.1650206671157696,5.830961329189671,0.01,0.14131804345416968,0.4165909647247702,44.34326930587958,0.01,0.14046017060463237,0.3337034957753976,8.139309685360782,0.01,0.08709983556066041,0.14077724994646273,10.942888567485507
1.33,28.016792576740745,26.889511322074416,1.1272812546663284,0.38835584202270995,11.092557845779343,0.06310308618572688,0.6999746337623748,0.6999746337623748,0.5902430846982037,0.10973154906417103,-0.0,0,0.01,0.01,0.14721558635143417,0.2884843609672734,22.630540135222383,0.01,0.08116411377768804,0.17748567210319272,6.205029182079706,0.01,0.07615990397621004,0.1651134755841522,5.854841844321855,0.01,0.141231828884532,0.4164959296092562,44.07712871470242,0.01,0.1403706682300862,0.3336084606598836,8.072109203016238,0.01,0.08705028394865327,0.14072645683395396,10.845956507348284
1.34,28.258869248000007,27.114494610436715,1.1443746375632902,0.3966373804947534,11.23435574535839,0.06336597662359658,0.7118759235415477,0.7118759235415477,0.5991931590538857,0.11268276448766205,-0.0,0,0.01,0.01,0.14730497056219566,0.2885792373790322,22.77730276473934,0.01,0.08125581279078238,0.1775805485149515,6.228141814968549,0.01,0.07625135264803434,0.165208351995911,5.877464878882334,0.01,0.14114320905322877,0.4163982866251964,43.80620407192204,0.01,0.14027864009603125,0.3335108176758238,8.004206048416805,0.01,0.08699964489069874,0.1406745733516615,10.749132756277545
1.35,28.504493981481485,27.343991669789226,1.1605023116922608,0.4041100632508822,11.366841598142408,0.0636338875244114,0.7233163197639947,0.7233163197639947,0.6076375894810632,0.11567873028293149,-0.0,0,0.01,0.01,0.14739620248591212,0.28867599873259303,22.924862155607194,0.01,0.0813494172338114,0.17767730986851232,6.2496628211692276,0.01,0.07634469410667848,0.16530511334947182,5.898608187627161,0.01,0.14105231988039652,0.4162981921706157,43.53118931326189,0.01,0.1401842224318726,0.33341072322124304,7.9358542268102354,0.01,0.08694801461264978,0.14062170126144224,10.652847011922995
1.36,28.7536382482963,27.57751397062976,1.1761242776665404,0.41068734009058394,11.493935936003972,0.06390623317005734,0.7345341499679711,0.7345341499679711,0.6158172317376343,0.1187169182303368,-0.0,0,0.01,0.01,0.14748908882298561,0.2887744366612499,23.07278409897358,0.01,0.08144472997207396,0.1777757477971692,6.269429320412431,0.01,0.07643973132486502,0.1654035512781287,5.918118057785165,0.01,0.140959325743931,0.4161958322434589,43.2528008311076,0.01,0.1400875822599151,0.33330836329408625,7.867289236749397,0.01,0.08689550351157663,0.14056795579782072,10.557469148818615
1.37,29.006272364000004,27.814535099087163,1.191737264912843,0.41632337505764605,11.619826380166568,0.06418238558238805,0.7457881771322551,0.7457881771322551,0.6239921727432302,0.12179600438902495,-0.0,0,0.01,0.01,0.1475834184495857,0.28887432686397735,23.220712424983695,0.01,0.08154153538456914,0.17787563799989667,6.287355418388113,0.01,0.07653624916703859,0.16550344148085616,5.93591295086135,0.01,0.1408644115186852,0.41609141345339123,42.97174584083806,0.01,0.13998890929306895,0.3332039445040186,7.79871778669372,0.01,0.08684223116696796,0.14051346047007746,10.463294175661215
1.3800000000000001,29.26236550637038,28.054514638293274,1.2078508680771047,0.42101494650377247,11.748761976002095,0.0644617026398357,0.7573452008832555,0.7573452008832555,0.6324292356305145,0.12491596525274111,-0.0,0,0.01,0.01,0.147678972052654,0.2889754392191203,23.368382316161007,0.01,0.0816396092099697,0.17797675035503957,6.30343319740235,0.01,0.07663402419793554,0.16560455383599906,5.951984566647293,0.01,0.1407677736158196,0.4159851530108959,42.688691098260854,0.01,0.13988840673350636,0.3330976840615233,7.730308735210713,0.01,0.08678832096833841,0.14045834152113634,10.370530628212329
1.3900000000000001,29.521885733185186,28.296922560826363,1.2249631723588223,0.4248013363584088,11.884847988755455,0.06474355661586861,0.769467328630981,0.769467328630981,0.6413892172000873,0.12807811143089368,-0.0,0,0.01,0.01,0.1477755320503527,0.28907754810213165,23.515630606669017,0.01,0.08173872868740957,0.17807885923805097,6.317731131413876,0.01,0.07673283477551192,0.16570666271901047,5.966396496106222,0.01,0.14066961042997775,0.41587726814974746,42.40423343381295,0.01,0.13978628139086055,0.3329897992003748,7.662185656107252,0.01,0.0867338946139364,0.1404027223055489,10.279292864778077
1.4000000000000001,29.784800000000004,28.54126297883802,1.2435370211619825,0.4277622053533251,12.031850866042467,0.06502736178492977,0.782399519208464,0.782399519208464,0.6511144616915698,0.1312850575168941,-0.0,0,0.01,0.01,0.1478728923238087,0.28918044241713153,23.662402664620107,0.01,0.0818386825086141,0.17818175355305083,6.330390050887199,0.01,0.07683247094766137,0.16580955703401032,5.979280561532967,0.01,0.1405701126391852,0.41576796547805495,42.118873543380346,0.01,0.13968273357941205,0.3328804965286823,7.594421390573546,0.01,0.0866790667405688,0.14034671785263073,10.189597603941069
1.41,30.051074177925926,28.78709612427893,1.263978053646997,0.4300135477654108,12.19302238327688,0.06531259978578166,0.7963579910980405,0.7963579910980405,0.6618173612726885,0.13454062982535195,-0.0,0,0.01,0.01,0.14797086729932935,0.2892839348641323,23.808755389835362,0.01,0.08193928011259069,0.17828524600005158,6.341616715987851,0.01,0.07693274368626186,0.16591304948101107,5.9908308818983995,0.01,0.1404694538192758,0.41565743076924977,41.83299437451435,0.01,0.13957794727368522,0.33276996181987717,7.527034889844787,0.01,0.08662393993766535,0.14029042987194235,10.10136489633197
1.42,30.32067307140741,29.034057512449195,1.2866155589582131,0.43170191425192744,12.370950902692266,0.06559884154025275,0.8115200479679567,0.8115200479679567,0.6736703313362413,0.13784971663171539,-0.0,0,0.01,0.01,0.1480692999551241,0.2893878699993745,23.95485585920349,0.01,0.08204035989037305,0.17838918113529378,6.351675023048567,0.01,0.077033493027823,0.16601698461625328,6.001295673603996,0.01,0.14036778182887583,0.41554581969486426,41.546845265718375,0.01,0.13947208099855055,0.33265835074549166,7.459990570950299,0.01,0.08656860037977053,0.14023394243701698,10.014423553676401
1.43,30.593560436,29.281873375363848,1.3116870606361544,0.4329971791920362,12.567446261938029,0.06588576469297192,0.8280158072056185,0.8280158072056185,0.686797738917222,0.1412180682883966,-0.0,0,0.01,0.01,0.1481680683811347,0.2894921307041029,24.10097524106713,0.01,0.0821417959231934,0.1784934418400222,6.360874889068028,0.01,0.07713459474549576,0.1661212453209817,6.010966820719594,0.01,0.14026521139147496,0.41543324996448466,41.26053273694262,0.01,0.13936525990216023,0.332545781015112,7.393200303741015,0.01,0.08651311428147372,0.14017731855034765,9.928520868594315
1.44,30.869698996148145,29.530371631518864,1.3393273646292818,0.434084204291515,12.783463138704258,0.06617316575717168,0.845922225228171,0.845922225228171,0.7012701682451883,0.1446520569829827,-0.0,0,0.01,0.01,0.14826709059209456,0.28959664275472785,24.247477790244645,0.01,0.08224350295004014,0.17859795389064714,6.369558942828831,0.01,0.07723596524962309,0.16622575737160664,6.0201673335503525,0.01,0.14016181824836663,0.41531979527549284,40.974018500226634,0.01,0.13925756940824724,0.3324323263261202,7.326528021833322,0.01,0.08645752533872487,0.14012059774962007,9.843336253003457
1.45,31.149050462962965,29.779487877010606,1.369562585952357,0.4351538082022542,13.019065891486887,0.06646096641233627,0.8652597009341028,0.8652597009341028,0.7171012931098941,0.14815840782420864,-0.0,0,0.01,0.01,0.14836632737884625,0.2897013772808719,24.394805020779675,0.01,0.08234543934617386,0.1787026884167912,6.378087298001589,0.01,0.07733756449971566,0.16633049189775068,6.0292369587913495,0.01,0.1400576351823946,0.4152054813887583,40.68712487698414,0.01,0.13914905077055745,0.33231801243938563,7.2597968088641,0.01,0.08640185327244007,0.14006379486410128,9.758498212639635
1.46,31.43157555200001,30.02926612851273,1.4023094234872782,0.4363934886031532,13.273435932555003,0.06674921368811766,0.8859914114376533,0.8859914114376533,0.7342474971478952,0.15174391428975811,-0.0,0,0.01,0.01,0.1484657830771022,0.2898063510024797,24.543455511872335,0.01,0.08244760798863206,0.17880766213839902,6.386820880252891,0.01,0.07743939680552082,0.1664354656193585,6.038516395366344,0.01,0.139952650121216,0.4150902845408411,40.399547396650576,0.01,0.13903969876010852,0.33220281559146847,7.1927981637523715,0.01,0.08634609353662108,0.14000689997352495,9.673603874157118
1.47,31.717234001037035,30.279854308352082,1.4373796926849556,0.437978355925041,13.544920726398542,0.06703807407048842,0.9080253989351994,0.9080253989351994,0.7526102471597018,0.15541515177549756,-0.0,0,0.01,0.01,0.14856550423177128,0.28991162424739786,24.693961193844576,0.01,0.08255005498363209,0.17891293538331712,6.396104000658505,0.01,0.07754150949423043,0.16654073886427662,6.048330781946791,0.01,0.1398468064252438,0.4149741322846604,40.11087393910585,0.01,0.1389294616105914,0.3320866633352878,7.125303006384398,0.01,0.0862902181965728,0.1399498795626804,9.588240107798555
1.48,32.00598458785185,30.531494721775616,1.474489866076235,0.4400627256119872,13.83112160369401,0.06732782186458419,0.9312192915209123,0.9312192915209123,0.7720410885096163,0.15917820301129607,-0.0,0,0.01,0.01,0.1486655762341465,0.2900172968606556,24.84686133338584,0.01,0.08265286632971067,0.17901860799657487,6.406247075582296,0.01,0.07764398952035322,0.16664641147753437,6.058973320055852,0.01,0.13974000535556022,0.41485690672617864,39.82060940194346,0.01,0.1388182432345205,0.331969437776806,7.057073861821347,0.01,0.08623417792606208,0.13989267880633904,9.502005162688858
1.49,32.297785148,30.784510022282454,1.5132751257175492,0.4427727791889713,14.129015814144221,0.06761882242827551,0.9553874114229146,0.9553874114229146,0.7923490029690705,0.16303840845384415,-0.0,0,0.01,0.01,0.14876611810424942,0.2901235022201388,25.002675732698886,0.01,0.08275616268530438,0.17912481335605807,6.417510546194886,0.01,0.07774695819009239,0.16675261683701756,6.070690040097465,0.01,0.13963211060733086,0.41473845000213194,39.52820455425898,0.01,0.13870590760917592,0.3318509810527593,6.987877570236536,0.01,0.08617790501832648,0.13983522486423006,9.414529668579595
1.5,32.59259259259259,31.039285379329204,1.5533072132633823,0.44620064589396924,14.435106685973189,0.06791151113652552,0.9803099084614022,0.9803099084614022,0.8133097549927126,0.16700015346868952,-0.0,0,0.01,0.01,0.14886727567733465,0.29023039966492287,25.16187882195719,0.01,0.08286009249652344,0.17923171080084213,6.430091108759596,0.01,0.0778505642592923,0.16685951428180162,6.083666768520191,0.01,0.13952295469094697,0.4146185717305775,39.23308750654452,0.01,0.13859228512340227,0.3317311027812048,6.917497822118224,0.01,0.08612131725744254,0.13977743101740495,9.325495871599074
1.51,32.890362926074076,31.296247742377485,1.5941151836965888,0.45040018021652967,14.745594485129219,0.06820636913649879,1.0057434605898443,1.0057434605898443,0.8346767583461911,0.17106670224365308,-0.0,0,0.01,0.01,0.14896921352822318,0.2903381657174931,25.324876321263304,0.01,0.08296482381669507,0.1793394768534124,6.4441113001283075,0.01,0.07795497573959423,0.16696728033437191,6.098019285389582,0.01,0.1394123468520055,0.4144970580685393,38.934696099732484,0.01,0.13847718057984978,0.3316095891191667,6.845746821056714,0.01,0.08606432245616337,0.1397192014379814,9.23465406445685
1.52,33.191051263999995,31.555843227344035,1.6352080366559583,0.4553846214937628,15.05655963495815,0.06850389709759276,1.031433011876942,1.031433011876942,0.8561929258415579,0.17524008603538405,-0.0,0,0.01,0.01,0.149072106026437,0.2904469845358038,25.491985964248286,0.01,0.08307053521074258,0.17944829567172313,6.459613281065855,0.01,0.07806037080816927,0.16707609915268262,6.113787464305124,0.01,0.13930008214702985,0.41437368193434504,38.63250950143751,0.01,0.1383603824672333,0.3314862129849724,6.772475430521196,0.01,0.0860068234358902,0.13966043635583045,9.141835340302888
1.53,33.49461185081481,31.81851373037372,1.6760981204410927,0.461126225487258,15.36414941657459,0.06880458824292286,1.0571239743101581,1.0571239743101581,0.8776029236455662,0.17952105066459184,-0.0,0,0.01,0.01,0.1491761279562163,0.29055703806330424,25.663423429296333,0.01,0.08317740618175151,0.17955834919922353,6.476557337979162,0.01,0.07816692825941103,0.16718615268018303,6.130933876744019,0.01,0.13918595123792343,0.4142482138996749,38.326077390659364,0.01,0.13824167305736534,0.33136074495030227,6.69758126190683,0.01,0.08594872320537016,0.1396010373694961,9.046960029488535
1.54,33.80099807762963,32.084673897135886,1.7163241804937444,0.4675578603611319,15.664759154163347,0.0691089019668313,1.0825743047190979,1.0825743047190979,0.8986652394362782,0.18390906528281967,-0.0,0,0.01,0.01,0.14928144515618982,0.2906684963537359,25.839294163864412,0.01,0.08328560758160312,0.17966980748965516,6.494825220475565,0.01,0.0782748179598491,0.16729761097061466,6.14934695913931,0.01,0.13906975043652675,0.41412043322937675,38.015045297584905,0.01,0.13812083884443926,0.33123296428000415,6.62101429817809,0.01,0.08588993008775408,0.13954091264499333,8.950041448646749
1.55,34.1101625,32.35468954436291,1.755472955637088,0.4745764659464301,15.955199210625578,0.06941723929776501,1.1075658816475071,1.1075658816475071,0.9191634901675061,0.18840239148000107,-0.0,0,0.01,0.01,0.1493882056323015,0.2907815085330425,26.019591280708745,0.01,0.08339529247030598,0.1797828196689618,6.514228005970302,0.01,0.07838419176848858,0.1674106231499213,6.168848439119081,0.01,0.13895129152189303,0.41399013854556255,37.69917492163967,0.01,0.1379976808302618,0.33110266959618995,6.542779806699959,0.01,0.08583036255090148,0.13947998175493406,8.851184877911683
1.56,34.42205685570371,32.628859201408865,1.79319765429484,0.48205692020379026,16.232834784961696,0.06972992210664142,1.1319143051253584,1.1319143051253584,0.9389160961945198,0.19299820893083858,-0.0,0,0.01,0.01,0.14949653165386623,0.290896195098015,26.20420726063737,0.01,0.08350658794018807,0.1798975062339343,6.534523079796569,0.01,0.07849517544070729,0.16752530971489377,6.189209765123605,0.01,0.13883041077216685,0.4138571572970049,37.3783526417623,0.01,0.13787202410344918,0.3309696883476323,6.462935712998304,0.01,0.08576959937895982,0.1394181797835429,8.77611384195312
1.57,34.73663208251852,32.90742841057414,1.8292036719443738,0.48994583360699373,16.495469212729436,0.07004720977989133,1.1554615923617977,1.1554615923617977,0.9577688029499865,0.19769278941181118,-0.0,0,0.01,0.01,0.14960652087463452,0.2910126539382593,26.39313635494205,0.01,0.08361959560966198,0.18001396507417858,6.555559382042129,0.01,0.07860786954178194,0.16764176855513807,6.21029365104659,0.01,0.1387069679658216,0.41372133950998036,37.052448120183314,0.01,0.13774371901092614,0.33083387056060776,6.381510916718221,0.01,0.08570711266888024,0.1393554540314028,8.758869756627076
1.58,35.053838336000005,33.190597187059936,1.8632411489400666,0.4981058059067069,16.741281831280638,0.07036930800930373,1.1780724176559476,1.1780724176559476,0.9755907842293865,0.20248163342656114,-0.0,0,0.01,0.01,0.14971825430428334,0.2911309634870492,26.586267420393096,0.01,0.08373439998487327,0.18013227462296852,6.577134519973074,0.01,0.07872235767383154,0.167760078103928,6.231905995725181,0.01,0.13858083821370656,0.4135825547078245,36.72144790333292,0.01,0.13761263231628026,0.33069508575845186,6.298567993022076,0.01,0.08564363984669686,0.1392917622772936,8.743086475929625
1.59,35.373625007259264,33.47846469227898,1.8951603149802785,0.506341220522116,16.96924876709618,0.07069630625959393,1.1996632078338683,1.1996632078338683,0.9923036204861602,0.20735958734770807,-0.0,0,0.01,0.01,0.14983177660005326,0.2912511596594618,26.783253864433682,0.01,0.08385104928470784,0.1802524707953811,6.598903068672042,0.01,0.07883868668185559,0.16788027427634059,6.253718362571319,0.01,0.13845193499691347,0.41344071975595875,36.38557617630556,0.01,0.13747866711925086,0.33055325080658615,6.214286783409483,0.01,0.08557918391057612,0.1392270851483839,8.727149999157948
1.6,35.695940740740745,33.77101585502842,1.9249248857123242,0.5144495999143154,17.17923372149785,0.07102816333425013,1.2202094187278072,1.2202094187278072,1.0078883132776684,0.21232110545013888,-0.0,0,0.01,0.01,0.14994708703297638,0.29137323038795926,26.983666419615133,0.01,0.08396954544826778,0.18037454152387855,6.620501679738106,0.01,0.07895685715021482,0.16800234500483804,6.275387142696811,0.01,0.13832022114484768,0.4132958067767854,36.045207733402336,0.01,0.1373417765336675,0.33040833782741275,6.128899536533997,0.01,0.08551374575507333,0.13916142899634576,8.711453432304479
1.61,36.02073345200001,34.0681205841117,1.9526128678883024,0.5222320418717261,17.371979785199763,0.07136470737299268,1.2397462538603252,1.2397462538603252,1.022385706843798,0.2173605470165272,-0.0,0,0.01,0.01,0.15006413854514475,0.2914971154465301,27.18702418357177,0.01,0.08408984288028996,0.1804984265824494,6.641578004214578,0.01,0.07907682232881774,0.1681262300634089,6.296578972639267,0.01,0.13818571132067023,0.413147845049241,35.700847271329756,0.01,0.1372019673539254,0.33026037609986836,6.042670370465831,0.01,0.08544735183093698,0.13909482592862216,8.696403287670886
1.62,36.34795034548148,34.369538519713856,1.9784118257676278,0.5295026003318604,17.549058163517504,0.07170564217331457,1.258366485151871,1.258366485151871,1.0358940096011249,0.2224724755507462,-0.0,0,0.01,0.01,0.15018283933631052,0.29162270860294137,27.392816021415456,0.01,0.08421184994914997,0.18062401973886066,6.661806884273381,0.01,0.07919848969324479,0.16825182321982018,6.316985820269556,0.01,0.13804847182535718,0.4129969202025312,35.35310855775608,0.01,0.13705930031686978,0.33010945125315855,5.955882751303672,0.01,0.08538005351490141,0.13902733259555913,8.68237761747292
1.6300000000000001,36.6775379322963,34.67492897117912,2.0026089611171796,0.5360970146498085,17.71277776001738,0.07205055937204034,1.2762155456418882,1.276215545641888,1.0485636000431364,0.22765194559875182,-0.0,0,0.01,0.01,0.15030305660103593,0.29174986194077734,27.600521869896053,0.01,0.0843354327133663,0.18075117307669666,6.680903785512253,0.01,0.0793217247084225,0.16837897655765616,6.3363376601589465,0.01,0.13790861797660608,0.41284317076992577,35.002688801054674,0.01,0.1369138877636836,0.3299557018205531,5.868827012535529,0.01,0.08531192498688898,0.13895902782291636,8.669708630216846
1.6400000000000001,37.009442048,34.98386555686627,2.02557649113373,0.5418803947985195,17.86606061729991,0.0723989558719392,1.2934841342372871,1.2934841342372871,1.0605893706383196,0.2328947635989675,-0.0,0,0.01,0.01,0.1504246222127878,0.29187839213666333,27.80963365119021,0.01,0.08446042066047672,0.18087970327258265,6.69863561884772,0.01,0.07944635658640946,0.16850750675354215,6.3544127371667845,0.01,0.1377663091687307,0.4126867822350826,34.650339242367835,0.01,0.1367658888553126,0.32979931328570994,5.781787740325618,0.01,0.08524306003415037,0.13889000920851102,8.65866805929608
1.6500000000000001,37.34360787037037,35.29585484479012,2.0477530255802487,0.5467535035301877,18.012289792917183,0.07275025565538958,1.3103986873736893,1.3103986873736893,1.0722009769215302,0.23819771045215907,-0.0,0,0.01,0.01,0.15054734006492462,0.29200808838710046,28.019675343484007,0.01,0.08458661416113708,0.18100939952301975,6.71482888028125,0.01,0.07957218574258516,0.16863720300397925,6.371045341195456,0.01,0.13762174182221928,0.4125279788192947,34.296833278831194,0.01,0.13661550254831517,0.32964050986992205,5.695031490741128,0.01,0.08517356794423836,0.13882038884937348,8.649455558506412
1.6600000000000001,37.679979937185195,35.6103581045082,2.0696218326769964,0.5506573373771219,18.15513747396391,0.07310383492172876,1.3272101728779493,1.3272101728779493,1.0836514575411826,0.2435587153367667,-0.0,0,0.01,0.01,0.15067099470044704,0.29213872160137966,28.230221785708096,0.01,0.0847137932609207,0.18114003273729892,6.729375148535702,0.01,0.0796989925747499,0.16876783621825842,6.3861311225209985,0.01,0.1374751405334329,0.4123670133680155,33.942933550449474,0.01,0.13646295864144994,0.32947954441864286,5.60879533502748,0.01,0.08510356868759067,0.13875028840620054,8.642190508041237
1.67,38.018502164,35.92681513162864,2.091687032371356,0.5535757843144101,18.29838194191402,0.07345904932883655,1.3441817417089539,1.3441817417089539,1.0952047690844813,0.2489769726244726,-0.0,0,0.01,0.01,0.15079536080281988,0.2922700544165285,28.440915765729066,0.01,0.08484172737120486,0.18127136555244774,6.742234036014561,0.01,0.07982654712899108,0.16889916903340724,6.399630025346255,0.01,0.1373267478257245,0.4122041557929921,33.58935949932559,0.01,0.1363085072996603,0.3293166868436195,5.523276706686364,0.01,0.08503318762343934,0.13867983374286297,8.63690747900299
1.68,38.359117861925924,36.24466900425591,2.1144488576700113,0.5555362242154578,18.445722363319756,0.07381526202078681,1.3615758294111346,1.3615758294111346,1.1071228329412397,0.25445299646989505,-0.0,0,0.01,0.01,0.15092021308189668,0.29240185155040394,28.651482872442372,0.01,0.08497018538172493,0.1814031626863232,6.753433689973777,0.01,0.07995461917744456,0.1690309661672827,6.411566915786918,0.01,0.13717681297803447,0.41203968060672835,33.23675693162836,0.01,0.13615240754232155,0.32915221165735575,5.438624989887869,0.01,0.08496254998470659,0.13860914939868066,8.633555474413035
1.69,38.70176975540741,36.56339058175198,2.1383791736554323,0.5566080353862818,18.60060030162546,0.0741718710876726,1.3796413277254878,1.3796413277254878,1.1196527170908865,0.2599886106346012,-0.0,0,0.01,0.01,0.15104533607359827,0.2925338899922353,28.861743513042946,0.01,0.08509894570229647,0.18153520112815458,6.763068910100784,0.01,0.08008298821780603,0.1691630046091141,6.422029950652166,0.01,0.1370255804610951,0.41187385414336597,32.88567106962169,0.01,0.13599491524155838,0.32898638519399337,5.35493524224867,0.01,0.08489177540732826,0.1385383531590007,8.632000940513299
1.7,39.046400000000006,36.882501564208276,2.1638984357917326,0.5568990720596154,18.766036343247528,0.07452833513364325,1.398601445719681,1.398601445719681,1.1330145714996254,0.2655868742200556,-0.0,0,0.01,0.01,0.15117053338006287,0.29266596853746246,29.071621441996804,0.01,0.08522780575015929,0.18166727967338175,6.7712969116852175,0.01,0.08021145291305626,0.16929508315434125,6.431166699011467,0.01,0.13687327854073492,0.4117069220896291,32.53652446547814,0.01,0.13583627120994599,0.3288194531402565,5.272244382191193,0.01,0.0848209727664981,0.13846755098472466,8.63203442046151
1.71,39.39295020014814,37.20159499710422,2.191355203043919,0.5565502786653554,18.944489348827084,0.07488419572418532,1.4186428482923115,1.4186428482923115,1.1473909012147576,0.2712519470775538,-0.0,0,0.01,0.01,0.15129563590791162,0.2927979162056778,29.28114814888479,0.01,0.0853565904315506,0.18179922734159712,6.7783307438945615,0.01,0.0803398395216374,0.1694270308225566,6.439178012253936,0.01,0.1367201086095129,0.4115390979476845,32.18960095503406,0.01,0.13567668996198512,0.32865162899831185,5.190530087914886,0.01,0.0847502355667098,0.13839683254386623,8.633380598384049
1.72,39.74136142696297,37.52035222783855,2.2210091991244174,0.5557287014654486,19.13774463388585,0.07523909563973334,1.4399065988377309,1.4399065988377309,1.1629176972541033,0.27698890158362754,-0.0,0,0.01,0.01,0.15142050871436694,0.2929295991356501,29.490462533646692,0.01,0.08548515921952869,0.18193091027156938,6.784430390388713,0.01,0.08046800892141766,0.16955871375252887,6.446309658498915,0.01,0.13656623578060292,0.41137055301682257,31.845036559433453,0.01,0.1355163497088815,0.32848308406744997,5.109712549079107,0.01,0.08467963810485077,0.13832626755863428,8.635711352098186
1.73,40.091574236,37.8385554940514,2.2530187419486065,0.5546192412121421,19.346835917269658,0.07559279207246217,1.4624813447542082,1.4624813447542082,1.17967785468431,0.2828034900698981,-0.0,0,0.01,0.01,0.1515450561414945,0.2930609256272488,29.69980547242704,0.01,0.08561341150177806,0.18206223676316807,6.789891647218521,0.01,0.08059586190231634,0.1696900402441276,6.452841805904901,0.01,0.1364117812218489,0.41120140841310177,31.502817902406164,0.01,0.13535538409165562,0.3283139394637291,5.029659083713183,0.01,0.08460923258726721,0.13825590314127903,8.638661299742417
1.74,40.44352868503704,38.1560955397265,2.287433145310536,0.553415556703217,19.57200422180283,0.07594516415621158,1.4863990734908819,1.4863990734908819,1.1976971941475623,0.28870187934331965,-0.0,0,0.01,0.01,0.1516692250041877,0.29319184909285606,29.909509145481724,0.01,0.08574128995831591,0.18219316022877538,6.795032994360793,0.01,0.08072334248866153,0.16982096370973487,6.459076559516571,0.01,0.13625681662546466,0.4110317295481995,31.162788315835925,0.01,0.13519387607563704,0.32814426059882684,4.950191485676623,0.01,0.08453904733452373,0.13818576224291657,8.641845192311301
1.75,40.797164351851855,38.47297390305652,2.324190448795335,0.5523105741220914,19.812695143624257,0.07629621450300265,1.5116336385605553,1.5116336385605553,1.216943273246498,0.29469036531405746,-0.0,0,0.01,0.01,0.15179300569337253,0.29332236878577234,30.119981343310688,0.01,0.08586878182527771,0.18232367992169163,6.800180845140688,0.01,0.0808504391488107,0.16995148340265112,6.465323920565262,0.01,0.1361013611040473,0.4108615233656414,30.824661378373413,0.01,0.1350318543239769,0.3279740544162688,4.871095809665938,0.01,0.08446908615384821,0.13811584328422769,8.644876381440847
1.76,41.15242035199999,38.789299786901005,2.363120565098993,0.5514870777344696,20.067594100245184,0.07664606471876417,1.5381021161572825,1.5381021161572825,1.2373270344769927,0.30077508168028994,-0.0,0,0.01,0.01,0.1519164311575515,0.2934525282846523,30.331685356411988,0.01,0.08599591800256064,0.1824538394205716,6.805653753600273,0.01,0.08097718385151809,0.1700816429015311,6.471886727287337,0.01,0.1359453806820767,0.41069073849129933,30.48804119934803,0.01,0.13486929224455696,0.3278032695419267,4.792134143146769,0.01,0.0843993289016884,0.13804612097816474,8.647385492194449
1.77,41.50923535659259,39.1052816939352,2.4039536626573956,0.5511088522814623,20.334697398115036,0.07699494516993727,1.5656689112151332,1.5656689112151332,1.2587071943624584,0.30696171685267487,-0.0,0,0.01,0.01,0.15203957382832847,0.2935824118251757,30.54511644222964,0.01,0.08612277006531882,0.18258372296109496,6.8117463544390535,0.01,0.0811036490311728,0.17021152644205445,6.479045324045795,0.01,0.13578879042072947,0.41051926830398,30.152448355852673,0.01,0.13470610977039535,0.32763179935460734,4.713057771637089,0.01,0.0843297332003329,0.13797654829568845,8.649038368948538
1.78,41.86754761007408,39.42121426944008,2.446333340633995,0.5513128164333794,20.61141530309648,0.07734317955576062,1.594152394685743,1.594152394685743,1.2808971418612558,0.31325525282448713,-0.0,0,0.01,0.01,0.15216254065414672,0.2937121386769353,30.760776197589266,0.01,0.08624944533762444,0.1827134498128546,6.818713968064732,0.01,0.08122994262273218,0.1703412532938141,6.487042856408882,0.01,0.13563145908013718,0.4103469567802638,29.817350047595227,0.01,0.13454217779585434,0.3274594878308911,4.633621031127384,0.01,0.08426023721616152,0.13790705946923876,8.649552352711478
1.79,42.227294948,39.737461030897734,2.4898339171022674,0.5522025319241813,20.894701823819144,0.07769116509339798,1.623333728971657,1.623333728971657,1.3036739904378636,0.3196597385337934,-0.0,0,0.01,0.01,0.15228546649658906,0.29384185585922534,30.97914639500986,0.01,0.086376080276915,0.1828431669951446,6.826758887529465,0.01,0.08135620141768493,0.1704709704761041,6.496072168618247,0.01,0.13547321609473117,0.4101736068246331,29.482192782010934,0.01,0.13437732505728794,0.32728613787526045,4.553595073058985,0.01,0.08419076335568218,0.13783757387812767,8.648710001467167
1.8,42.58841481481482,40.054433862526174,2.5339809522886445,0.5538433981096037,21.1812046954459,0.07803934933168023,1.6529674324937282,1.6529674324937282,1.3267893240077455,0.3261781084859827,-0.0,0,0.01,0.01,0.15240850622113428,0.29397172956904344,31.200663926005973,0.01,0.08650283249645979,0.18297304070496273,6.836019344900341,0.01,0.08148258307088682,0.17060084418592222,6.506265258301911,0.01,0.1353138605211148,0.40999899066970424,29.146435763608267,0.01,0.13421134712447239,0.32711152172033164,4.472780753889645,0.01,0.08412122269169403,0.1377680006179422,8.646369484011263
1.81,42.950844281629635,40.37257030448821,2.5782739771414294,0.5562597516443951,21.467428138767843,0.07838820476381558,1.6827931526942301,1.6827931526942301,1.3499810975882087,0.33281205510602146,-0.0,0,0.01,0.01,0.15253182587567327,0.2941019357542458,31.425698415628805,0.01,0.0866298718167501,0.1831032468901651,6.846562016631336,0.01,0.08160925715128636,0.1707310503711246,6.517686107670793,0.01,0.13515317152010808,0.40982286182889094,28.80958314808068,0.01,0.134044017064597,0.3269353928795183,4.391019907560915,0.01,0.08405151989787508,0.1376982435244979,8.642471059780542
1.82,43.31452006399999,40.69230976371498,2.62221030028501,0.5594339915554364,21.74990041358389,0.07873820250298112,1.7125480631844412,1.7125480631844412,1.3729861025904788,0.3395619605939625,-0.0,0,0.01,0.01,0.15265559339246895,0.2942326503016866,31.654533835107582,0.01,0.08675737078260862,0.1832339614376059,6.858378675634642,0.01,0.0817363956745391,0.17086176491856536,6.530327466493073,0.01,0.13499091985999698,0.4096449680100108,28.471213431914318,0.01,0.13387509725889182,0.3267574990606382,4.308204362886199,0.01,0.08398155844744638,0.1376282064033292,8.637039288820505
1.83,43.679378539703706,41.01406981249029,2.6653087272134175,0.5633077472625316,22.025338017158354,0.07908978631384772,1.7419792772673206,1.7419792772673206,1.3955523861604058,0.3464268911069149,-0.0,0,0.01,0.01,0.15277996927046036,0.29436403932301963,31.887355078724564,0.01,0.08688549510853671,0.18336535045893892,6.871387259427743,0.01,0.08186416357997994,0.17099315393989842,6.544111837314204,0.01,0.1348268798798454,0.4094650643559852,28.131004468018876,0.01,0.1337043517967829,0.3265775954066125,4.224282219533386,0.01,0.08391124582128305,0.13755779820886715,8.630180877831753
1.84,44.045355766518526,41.338223721945276,2.7071320445732523,0.5677850068386318,22.2907986104536,0.07944334825799926,1.7708556769591912,1.7708556769591912,1.4174510239214744,0.3534046530377169,-0.0,0,0.01,0.01,0.15290509769364682,0.2944962500096488,32.1242400400221,0.01,0.08701439451857672,0.1834975611455681,6.8854372444834135,0.01,0.08199270961674598,0.17112536462652758,6.558896551803787,0.01,0.13466084133164985,0.40928292636856234,27.788752902249048,0.01,0.13353155884591164,0.32639545741918974,4.139261080504917,0.01,0.08384049847321286,0.1374869379233465,8.622078337134242
1.85,44.41238750000001,41.66508030331302,2.747307196686991,0.5727370300297215,22.54381537818349,0.07979920711540106,1.7989785925350277,1.7989785925350277,1.4384866843777033,0.3604919081573243,-0.0,0,0.01,0.01,0.1530310985175857,0.2946294024943548,32.365157284984505,0.01,0.0871441944278184,0.18363071363027414,6.900318851576595,0.01,0.08212215808329203,0.17125851711123363,6.574482481403943,0.01,0.13449262052827565,0.40909836189182713,27.44438718422476,0.01,0.13335652239901785,0.3262108929424545,4.053208137045654,0.01,0.0837692463148883,0.13741555890341,8.612979873048788
1.86,44.78040921125926,41.99486700567031,2.7855422055889534,0.5780087892745942,22.7825065133836,0.08015759059391366,1.8261908298029736,1.8261908298029736,1.4585064882237608,0.3676843415792128,-0.0,0,0.01,0.01,0.1531580605108047,0.2947635831027339,32.60996903565503,0.01,0.08727498887081724,0.18376489423865316,6.915775308754842,0.01,0.08225260182154387,0.17139269771961266,6.5906256455460595,0.01,0.1343220702593164,0.40891122158160464,27.09797368559565,0.01,0.13317908282977978,0.32602375263223204,3.966247194413074,0.01,0.08369743650854816,0.13734361249110977,8.603186150962978
1.87,45.14935610474075,42.32771705239901,2.821639052341741,0.5834266150828821,23.00565481260192,0.08051862214294035,1.8523836270068115,1.8523836270068113,1.4774067529864798,0.3749768740203316,-0.0,0,0.01,0.01,0.15328603617339437,0.2948988393058975,32.85843888855438,0.01,0.08740683501920427,0.18390015044181682,6.931517205888154,0.01,0.08238409680326755,0.1715279539227763,6.607050802163902,0.01,0.13414908799696712,0.4087214073612957,26.749715831504886,0.01,0.1329991257472318,0.32583393841192304,3.8785528974044152,0.01,0.08362503639170085,0.13727107072383143,8.59303471847777
1.8800000000000001,45.519163135999996,42.663661198546514,2.855501937453477,0.5888066715584591,23.21275390551881,0.08088231295590054,1.8775012259544748,1.8775012259544748,1.4951373181692107,0.382363907785264,-0.0,0,0.01,0.01,0.15341503837454637,0.2950351766006648,33.11024351818797,0.01,0.0875397495496937,0.18403648773658413,6.94723790518171,0.01,0.08251665856503813,0.17166429121754362,6.623466043235772,0.01,0.13397362199552287,0.408528878460158,26.399946493988907,0.01,0.13281658871936156,0.32564140951078535,3.790342551118779,0.01,0.08355203540136937,0.1371979280226012,8.582882969051376
1.8900000000000001,45.889765029481495,43.00262446731601,2.887140562165489,0.5939638547133668,23.404019340479167,0.08124855949068845,1.9015428577061444,1.9015428577061446,1.5117032633300342,0.38983959437611004,-0.0,0,0.01,0.01,0.15354503895862792,0.29517255744886856,33.36498754989084,0.01,0.08767370702890995,0.18417386858478788,6.962629019037742,0.01,0.08265026065383911,0.17180167206574737,6.639577465386891,0.01,0.13379567498740189,0.40833365474229716,26.049114195606943,0.01,0.1326314655371325,0.3254461857929245,3.701866029407526,0.01,0.08347844591483711,0.13712420178806514,8.573090554025672
1.9000000000000001,46.26109629629631,43.34442798620038,2.9166683100959285,0.5987206910514692,23.580364513777553,0.08161714656959027,1.9245620666853478,1.9245620666853476,1.5271639559925876,0.39739811069276026,-0.0,0,0.01,0.01,0.15367596937043632,0.29531090230778223,33.622220803288215,0.01,0.08780864037832589,0.18431221344370152,6.977395103979511,0.01,0.08278483514306845,0.17194001692466102,6.655103116472773,0.01,0.13361530529132365,0.408135817159198,25.69776392146964,0.01,0.13244380780605267,0.32524834820982534,3.613394320998196,0.01,0.08340430297646523,0.13704993188584547,8.56400212099151
1.9100000000000001,46.63309125200001,43.68879580209902,2.9442954499009857,0.6029158168477812,23.743343171177408,0.08198775585249601,1.9466634230405218,1.9466634230405218,1.5416294925677987,0.4050339304727232,-0.0,0,0.01,0.01,0.1538077232497803,0.2954500926835306,33.88145717114642,0.01,0.08794444337700102,0.18445140381944988,6.991266909911798,0.01,0.08292027517426612,0.17207920730040938,6.6697855983440055,0.01,0.1334326252697528,0.4079355052909237,25.346513538071758,0.01,0.1322537237785631,0.3250480363415511,3.52520728599321,0.01,0.08332966293365168,0.13697517905566076,8.555931182156657
1.92,47.00568403437038,44.03536634942194,2.9703176849484425,0.6064126216552819,23.895061639956033,0.08235997925285793,1.9679967809125403,1.9679967809125403,1.555254702976978,0.41274207793556217,-0.0,0,0.01,0.01,0.15394016085090195,0.29558997605483517,34.142194943636795,0.01,0.08808097505922927,0.18459128719075446,7.004013001543563,0.01,0.08305643938068286,0.17221909067171395,6.68340318106594,0.01,0.13324779719591262,0.4077329120592851,24.99602667618901,0.01,0.13206102307501696,0.3248454431099124,3.440575347821741,0.01,0.08325460105588547,0.1369000223229354,8.549145434028443
1.93,47.378808621185186,44.383733813003516,2.9950748081816716,0.6092377888706452,24.03789416836332,0.08273336424190973,1.9887358538396802,1.9887358538396804,1.568217502389233,0.4205183514504471,-0.0,0,0.01,0.01,0.1540731212606236,0.29573038281134373,34.404143627068194,0.01,0.08821807115769723,0.184731693947263,7.015582361719164,0.01,0.0831931636133475,0.17235949742822249,6.6959116388914115,0.01,0.13306101962035616,0.40752826064343484,24.646825751979453,0.01,0.13185972845062266,0.32464079169406224,3.4120049926066214,0.01,0.08317920503894494,0.13682454995450657,8.543684695226753
1.94,47.752398848000006,44.73355791314051,3.0188409348594925,0.6115137420449771,24.17375193848279,0.08310753172670056,2.0090208561808476,2.0090208561808476,1.580661417218454,0.42835943896239326,-0.0,0,0.01,0.01,0.15420646356689263,0.2958711705721388,34.66735432165643,0.01,0.0883555845386198,0.1848724817080581,7.026187339419113,0.01,0.08333030188645742,0.17250028518901758,6.70751396201589,0.01,0.1328724739298884,0.40732174017976847,24.299088835705682,0.01,0.1316543249113223,0.3244342712303958,3.4025151206948965,0.01,0.08310355229588792,0.13674883566798565,8.539283889150282
1.95,48.12638842592593,45.08452797287426,3.0418604530516653,0.6132620579276783,24.304326958274395,0.083482137081622,2.028977154807224,2.028977154807224,1.5927144087587386,0.4362627460484856,-0.0,0,0.01,0.01,0.1543400633140386,0.29601220959787483,34.931670098288386,0.01,0.08849338642536521,0.18501352073379415,7.035874146771777,0.01,0.08346772610960691,0.17264132421475364,6.7182489781874075,0.01,0.13268232093324184,0.40711352619889385,23.9531204893077,0.01,0.13144691088486066,0.32422605724952125,3.3957234206643174,0.01,0.08302756964106424,0.136672711936258,8.52919871561818
1.96,48.500710959407414,45.43636098965654,3.0643499697508703,0.6145304506797848,24.431108189889404,0.08385686782339093,2.0487162102585192,2.0487162102585192,1.6044898921662398,0.44422631809227925,-0.0,0,0.01,0.01,0.15447380616530462,0.29615338195776675,35.19700760646475,0.01,0.08863135822098696,0.18515469309368604,7.044726832011807,0.01,0.08360531834781136,0.17278249657464553,6.728195334011957,0.01,0.13249071176981086,0.40690378135429023,23.609153132639527,0.01,0.13123786884686017,0.3240163124049176,3.389759997640551,0.01,0.0829508100616235,0.13659575975701435,8.515436733210109
1.97,48.87529996399999,45.78877714272978,3.086522821270215,0.6153009879677951,24.55554474624699,0.08423141734383732,2.0683483376264022,2.0683483376264022,1.6160995700732916,0.45224876755311044,-0.0,0,0.01,0.01,0.15460758226152954,0.2962945716653302,35.46314671140871,0.01,0.08876938690496025,0.18529588280124948,7.052726924442707,0.01,0.08374296593572435,0.17292368628220897,6.737331419746836,0.01,0.13229779357217197,0.40669266972579426,23.267511659603624,0.01,0.13102738541478556,0.3238052007764216,3.384432408311372,0.01,0.08287325490194113,0.13651802403186028,8.502541368548156
1.98,49.25008888414814,46.141491135731265,3.1085977484168787,0.615573864829148,24.67910288228139,0.08460547574447183,2.087987240302183,2.087987240302183,1.6276579748987063,0.4603292654034769,-0.0,0,0.01,0.01,0.15474127995390363,0.2964356612306362,35.72987813893534,0.01,0.08890735771737902,0.18543697236655549,7.059862625387987,0.01,0.08388055440021555,0.17306477584751498,6.745644658908076,0.01,0.13210371972613283,0.4064803619865438,22.928514303975792,0.01,0.13081563195631818,0.32359289303717115,3.3797338388225975,0.01,0.08279496511935584,0.1364395670531738,8.490606593719217
1.99,49.62501111096296,46.49422331547169,3.130787795491264,0.6153684853760442,24.803193948727706,0.08497874168997543,2.1077442116552936,2.1077442116552936,1.6392766563773231,0.46846755527797046,-0.0,0,0.01,0.01,0.1548747897346766,0.296576536135518,35.99702879339007,0.01,0.08904515771652907,0.18557784727143728,7.066151807812463,0.01,0.08401797117430669,0.17320565075239677,6.753151014472362,0.01,0.13190864521280407,0.4062670287232263,22.59243552999669,0.01,0.13060278000220124,0.32337955977385363,3.3756554810491353,0.01,0.08271600389977016,0.1363604519886971,8.479629774174214
2.0,50.0,46.84671037750859,3.153289622491404,0.6147224030711429,24.92910660242173,0.08535093366709265,2.1277225240031785,2.1277225240031785,1.6510585854433213,0.47666393855985706,-0.0,0,0.01,0.01,0.15500800833599673,0.29671708910041183,36.26446809029694,0.01,0.08918267998529916,0.1857184002363311,7.071641387476985,0.01,0.08415510979542568,0.1733462037172906,6.759894259205704,0.01,0.1317127206345722,0.40605283380929413,22.259495998107763,0.01,0.13038899697776463,0.32316536485992153,3.3721665593958474,0.01,0.08263643334929141,0.13628074038619017,8.46956986651832
2.0100000000000002,50.37498888903704,47.19871520848728,3.1762736805497624,0.6136893736513858,25.057946019334636,0.0857218001798963,2.1480122415880314,2.1480122415880314,1.6630930101009578,0.4849192314870737,-0.0,0,0.01,0.01,0.1551408424882409,0.29685722396417946,36.53211235686691,0.01,0.0893198275191319,0.18585853510009875,7.076405028898868,0.01,0.084291873774634,0.17348633858105825,6.7659438275828085,0.01,0.1315160864351852,0.405837928117907,21.929855831593898,0.01,0.13017444000131803,0.3229504591685344,3.36921363203585,0.01,0.08255631203948943,0.13620048975379853,8.460349989425385
2.02,50.749911115851845,47.55003538933848,3.1998757265133624,0.6123366345415204,25.19058292584309,0.0860911283947237,2.168685709006692,2.168685709006692,1.6754510124691135,0.49323469653757857,-0.0,0,0.01,0.01,0.1552732121572386,0.29699685899071715,36.799927075337195,0.01,0.08945651659552391,0.18599817012663641,7.080539668451973,0.01,0.08442817994496725,0.1736259736075959,6.771391533580175,0.01,0.13131886763224948,0.40562244388855884,21.603610889892906,0.01,0.12995924997432245,0.32273497493918624,3.366722940709099,0.01,0.08247569273476697,0.13611975133942705,8.451861174465048
2.0300000000000002,51.12470003600001,47.90050995679703,3.2241900792029803,0.6107415515082368,25.327614709010298,0.08645875083482567,2.189793929366787,2.189793929366787,1.6881819777668627,0.5016119515999241,-0.0,0,0.01,0.01,0.15540505310995867,0.29713592944815137,37.067926807407275,0.01,0.0895926794689957,0.1861372405840707,7.084160988539813,0.01,0.08456396113386264,0.17376504406503018,6.776347273937015,0.01,0.131121169321795,0.4054064900272857,21.280792200867204,0.01,0.1297435464646546,0.322519021077913,3.3646039341680254,0.01,0.08239462040974264,0.1360385682226697,8.443967702049582
2.04,51.49928904059259,48.250024109017154,3.2492649315754383,0.6089878008862216,25.46934024656319,0.0868245498253355,2.211364001256148,2.211364001256148,1.7013111397673897,0.5100528614887584,-0.0,0,0.01,0.01,0.15553631869320864,0.29727438934388384,37.336172736234474,0.01,0.08972826627113904,0.18627570047980316,7.087398004768695,0.01,0.0846991680401109,0.17390350396076265,6.7809338696419665,0.01,0.13092307317524013,0.40519014857442326,20.961368571190317,0.01,0.1295274236579371,0.3223026796250506,3.36275362357621,0.01,0.08231313065857634,0.1359569738179481,8.436513792666624
2.05,51.87361157407406,48.59851164384575,3.2750999302283126,0.6071612776647004,25.61574941634938,0.08718845950264241,2.233397730617214,2.233397730617214,1.7148383134296186,0.5185594171875954,-0.0,0,0.01,0.01,0.15566698074959526,0.2974122122413485,37.60476788445538,0.01,0.08986324603538827,0.18641352337726783,7.090386974728596,0.01,0.08483377023581538,0.17404132685822732,6.785281244672179,0.01,0.13072463510023835,0.40497347251599847,20.64525223147588,0.01,0.12931094757861503,0.3220860035666258,3.361061559457939,0.01,0.08223124857907209,0.13587499086731147,8.429331345913006
2.06,52.24760115200001,48.94595503101731,3.3016461209826953,0.6053459322624241,25.766527531554352,0.08755046532356979,2.2558714751601556,2.2558714751601556,1.728737866405412,0.5271336087547434,-0.0,0,0.01,0.01,0.15579702963779918,0.29754939113018014,37.873850198908364,0.01,0.0899976068093118,0.1865507022660994,7.093264884883586,0.01,0.08496775625701704,0.1741785057470589,6.789520188021673,0.01,0.13052588417942543,0.4047564850475775,20.33230721232265,0.01,0.1290941547171519,0.32186901609820484,3.3594152024778032,0.01,0.08214898819066349,0.13579263097675415,8.422248358040315
2.07,52.62119137881483,49.29238313643482,3.328808242380006,0.6036197409353209,25.92107423490184,0.08791060113281204,2.278737217998467,2.278737217998467,1.7429599199116963,0.5357772980867704,-0.0,0,0.01,0.01,0.15592647336805873,0.29768593736823323,38.14358382250823,0.01,0.09013135486145102,0.18668724850415253,7.096162814559038,0.01,0.08510113279089399,0.17431505198511202,6.793775986817202,0.01,0.13032682293784678,0.4045391803263151,20.022360000282475,0.01,0.1288770521295117,0.32165171137694243,3.3577054340799846,0.01,0.08206635241834692,0.135709894722243,8.415097602910807
2.08,52.99431596562964,49.63786673177415,3.3564492338554857,0.6020510063193116,26.078535705452822,0.0882689439656535,2.3019248068909093,2.3019248068909093,1.7574327092045805,0.544492097686329,-0.0,0,0.01,0.01,0.1560553359064932,0.29782187875915933,38.41414898992333,0.01,0.09026451303295933,0.18682318989507865,7.099199506461096,0.01,0.08523392301066858,0.17445099337603814,6.798162248182648,0.01,0.13012742892410617,0.4043215256720077,19.71521189891296,0.01,0.12865961900187425,0.32143405672263503,3.3558319358493605,0.01,0.08198333364577583,0.13562677232247328,8.407725136411951
2.09,53.36690874799999,49.982512029986296,3.384396718013702,0.6006951661261285,26.23784841669865,0.08862560687115256,2.3253452389232274,2.3253452389232274,1.7720659776908754,0.5532792612323519,-0.0,0,0.01,0.01,0.15618365474147058,0.2979572568707638,38.685731074498875,0.01,0.09039711832452117,0.1869585680066831,7.102475485457428,0.01,0.08536616414953879,0.1745863714876426,6.80277523963008,0.01,0.12992765752544708,0.40410346510523654,19.41065242823993,0.01,0.12844180960089888,0.3212159961558639,3.353708163143454,0.01,0.08189991481166685,0.13554324484632269,8.39999818331341
2.1,53.7389037037037,50.32645258143031,3.4124511222733918,0.599592260590908,26.397792162534703,0.08898073013340427,2.3488948205321947,2.3488948205321947,1.7867552294113886,0.5621395911208062,-0.0,0,0.01,0.01,0.156311477839761,0.2980921237350618,38.958509369784665,0.01,0.09052921884444214,0.18709343487098107,7.1060680559189455,0.01,0.08549790444026227,0.1747212383519406,6.807689066862937,0.01,0.12972744587639148,0.4038849240440965,19.10847304326691,0.01,0.12822355746150998,0.3209974550947238,3.351265651285665,0.01,0.08181607099599292,0.13545928589567569,8.39181199081605
2.11,54.11023497051852,50.669839941688885,3.440395028829641,0.5987651745367915,26.55704966213005,0.08933447134079164,2.3724599919375375,2.3724599919375375,1.8013866246696741,0.5710733672678633,-0.0,0,0.01,0.01,0.15643886014809816,0.29822653809911487,39.232646203924524,0.01,0.09066087027281855,0.18722784923503416,7.110027470295849,0.01,0.08562919957586909,0.17485565271599365,6.812951971510647,0.01,0.12952671766727974,0.40366581492404885,18.808480442352803,0.01,0.12800478060357384,0.32077834597467625,3.3484574224934414,0.01,0.08173177141764643,0.13537486368021917,8.38309528390887
2.12,54.48083686400001,51.01283357698614,3.468003287013876,0.5982187298837399,26.71426978383511,0.089686994802019,2.395922575242553,2.395922575242553,1.8158422748513414,0.5800803003912116,-0.0,0,0.01,0.01,0.15656585981572613,0.2983605614150706,39.50827695781314,0.01,0.09079213201803553,0.1873618725509899,7.114374498350332,0.01,0.08576010886808112,0.1749896760319494,6.818583970277372,0.01,0.12932538861571455,0.4034460434609751,18.510508770465215,0.01,0.127785387518955,0.3205585745116025,3.345260307900383,0.01,0.08164698174462942,0.13528994338122177,8.373814032142656
2.13,54.85064389525925,51.35559050415089,3.495053391108361,0.5979396613384454,26.86813130375554,0.09003846083119095,2.4191651880004885,2.4191651880004885,1.8300056762350203,0.5891595117654684,-0.0,0,0.01,0.01,0.15669253432464814,0.2984942537675398,39.78550149187341,0.01,0.09092306325455923,0.18749556490345906,7.119099541621405,0.01,0.0858906912924347,0.17512336838441855,6.824575975236102,0.01,0.1291233723325829,0.40322551524762923,18.214430097298365,0.01,0.12756528363367461,0.3203380462982566,3.3416760589365153,0.01,0.08156166660238832,0.13520448968714657,8.363973330241594
2.14,55.21959078874076,51.6982551681772,3.5213356205635606,0.5978974641928414,27.017404140903405,0.09038901542162525,2.4420765595444,2.4420765595444,1.8437670193977562,0.5983095401466435,-0.0,0,0.01,0.01,0.1568189367161816,0.29862766993624634,40.06437738877889,0.01,0.0910537190345197,0.18762898107216566,7.124163338818588,0.01,0.08602100161230031,0.17525678455312516,6.830890439887074,0.01,0.1289205862964288,0.4030041423596159,17.920162660127072,0.01,0.12734437792792497,0.3201166734102433,3.337731191749153,0.01,0.08147579215635589,0.13511846937583474,8.353617300419105
2.15,55.58761249999999,52.04095004187079,3.546662458129198,0.5980460608908825,27.161005184855732,0.09073878080015631,2.464556495780533,2.464556495780533,1.857028120536901,0.6075283752436322,-0.0,0,0.01,0.01,0.15694511209506565,0.2987608557820083,40.34491530179596,0.01,0.09118414665977652,0.1877621669179276,7.129499204663386,0.01,0.08615108676785223,0.1753899703988871,6.837463476574616,0.01,0.12871695764619653,0.4027818496491058,17.627676497214548,0.01,0.12712258939044443,0.3198943806997332,3.3334755818473467,0.01,0.08138932864145952,0.13503185381619157,8.342827033926852
2.16,55.95464423348149,52.3837673903202,3.570876843161284,0.5983261943537195,27.298046143125646,0.09108784730236286,2.486520258737884,2.486520258737884,1.869706742891567,0.6168135158463168,-0.0,0,0.01,0.01,0.15707109457623705,0.29889384512525224,40.627076571912895,0.01,0.09131438248631348,0.18789515626117154,7.135016647528321,0.01,0.08628098270089181,0.175522959742131,6.844208297839226,0.01,0.1285124285127665,0.4025585804222491,17.33699624929128,0.01,0.12689985299336745,0.3196711114728765,3.328979897829663,0.01,0.08130225271433897,0.13494462126675388,8.331716696189039
2.17,56.320621460296294,52.726762580565385,3.59385887973091,0.5986684227348952,27.427871266615135,0.09143626693747613,2.507902158660953,2.507902158660953,1.8817401091001784,0.6261620495607746,-0.0,0,0.01,0.01,0.1571969048154012,0.2990266572595702,40.91077315303939,0.01,0.09144444930966769,0.18802796839548952,7.140606129598547,0.01,0.08641071176305334,0.175655771876449,6.851019756275707,0.01,0.12830696063358735,0.4023343012284516,17.048201063318405,0.01,0.12667612489850447,0.31944683227907894,3.324332027167249,0.01,0.08121454951302771,0.134856758858856,8.320428015974757
2.18,56.68547993599999,53.06994923733034,3.615530698669655,0.5989965636988943,27.550083339328697,0.09178404892365685,2.528658197067769,2.528658197067769,1.8930874469614933,0.6355707501062755,-0.0,0,0.01,0.01,0.15732254823396538,0.2991592952097631,41.195869771983936,0.01,0.09157435444984251,0.18816060634568238,7.146144674296524,0.01,0.0865402808245266,0.1757884098266419,6.857779701217253,0.01,0.1281005390307629,0.4021090055344849,16.761421684503823,0.01,0.12645138664474503,0.3192215365851123,3.3196326989854286,0.01,0.08112621432335378,0.13476826416773588,8.309123459133371
2.19,57.04915571837037,53.41329645318714,3.6358592651832335,0.5992314174765726,27.66455691508561,0.09213115737447074,2.548767646838755,2.548767646838755,1.9037314594976718,0.6450361873410829,-0.0,0,0.01,0.01,0.157448014013391,0.29929174480611215,41.48218815405636,0.01,0.09170408861834692,0.18829305594203144,7.15150199272677,0.01,0.08666968016459363,0.1759208594229909,6.864362839223296,0.01,0.12789317457933216,0.40188271611149406,16.476834960857445,0.01,0.12622564811693376,0.3189952471621214,3.314990545306932,0.01,0.08103725377056273,0.13467914629502695,8.297978446913266
2.2,57.4115851851852,53.75672816064201,3.654857024543185,0.5992945874573407,27.771438418385287,0.09247751121079847,2.568233507676225,2.568233507676225,1.9136786630376534,0.6545548446385713,-0.0,0,0.01,0.01,0.15757327489540496,0.29942397460618847,41.76951306860492,0.01,0.09183362561052147,0.18842528574210776,7.1565467942905245,0.01,0.08679888318587246,0.17605308922306723,6.870642778944937,0.01,0.1276849053468773,0.4016554860256437,16.19465610307017,0.01,0.12599894915663795,0.3187680170762711,3.310516862035691,0.01,0.08094768647771433,0.13458942640970004,8.287173016398613
2.21,57.772705051999985,54.10012466922295,3.6725803827770322,0.5991122151668424,27.871133366643104,0.09282298626429136,2.5870818296621456,2.5870818296621456,1.9229585917083858,0.6641232379537596,-0.0,0,0.01,0.01,0.1576982877847491,0.2995559366543095,42.05759989027671,0.01,0.09196292282521769,0.1885572477902288,7.161152962682559,0.01,0.08692784695323678,0.17618505127118833,6.87649795607711,0.01,0.12747579664536382,0.4014273981904897,15.915129137400742,0.01,0.12577135974177497,0.31853992924111707,3.3063203343164047,0.01,0.08085754315819062,0.1344991377205701,8.27688333526859
2.22,58.13245238992595,54.44332626758942,3.689126122336529,0.598618453038289,27.96428158494934,0.09316741943399823,2.605359951595408,2.605359951595408,1.9316219206831065,0.6737380309123014,-0.0,0,0.01,0.01,0.15782299511224274,0.29968756802875796,42.34618332921917,0.01,0.09209192257333608,0.18868887916467722,7.1652053121211745,0.01,0.08705651351805449,0.1763166826456367,6.881817165825168,0.01,0.1272659397983956,0.4011985635080859,15.638516058177299,0.01,0.12554297873188267,0.31831109455871326,3.302501979723407,0.01,0.08076686613698865,0.13440832488080362,8.267273477439945
2.23,58.4907646434074,54.78613869369906,3.7046259497083462,0.5977585129813618,28.051721842695546,0.09351061466181393,2.6231337518326923,2.6231337518326923,1.939737611316975,0.683396140515717,-0.0,0,0.01,0.01,0.15794732687978166,0.29981879308994464,42.63498695324316,0.01,0.0922205540987778,0.18882010422586393,7.1686046831445855,0.01,0.08718481195070879,0.17644790770682342,6.8865044720752255,0.01,0.12705544968888074,0.4009691176932437,15.365085229554849,0.01,0.12531393124553233,0.31808164874387107,3.29915053967445,0.01,0.08067570832312336,0.13431704285223137,8.258487841652277
2.24,58.847579648000014,55.12834018954667,3.7192394584533424,0.5964911506504239,28.13444781786677,0.09385235040932681,2.640484055175352,2.640484055175352,1.9473892266030501,0.6930948285723019,-0.0,0,0.01,0.01,0.1580712032772334,0.2999495263105273,42.92373310479244,0.01,0.09234873620191994,0.1889508374464466,7.171272186813136,0.01,0.08731266097119504,0.1765786409274061,6.890483308987668,0.01,0.12684446121052587,0.4007392169381876,15.095099603733438,0.01,0.12508436480264057,0.317851747988815,3.296338517850668,0.01,0.08058413168215282,0.13422535528345286,8.250644555726211
2.25,59.20283564814816,55.469689784824226,3.7331458633239385,0.5947904734991397,28.213557668336577,0.09419238825219263,2.6575023778715856,2.6575023778715856,1.9546706031662686,0.7028317747053171,-0.0,0,0.01,0.01,0.15819453773546976,0.3000796755425205,43.21215280358205,0.01,0.09247638032839725,0.1890809866784398,7.173152455255178,0.01,0.08743997204051288,0.1767087901593993,6.893699636898738,0.01,0.12663312479881256,0.4005090326302007,14.828805316552243,0.01,0.12485444442402598,0.31762156368082806,3.294119027166624,0.01,0.08049220528231125,0.13413333247949571,8.243830157778806
2.2600000000000002,59.55647131496298,55.80993639927579,3.7465349156871883,0.5926469939099459,28.290199744777205,0.09453048216122792,2.674286222311236,2.674286222311236,1.9616810945900875,0.7126051277211484,-0.0,0,0.01,0.01,0.15831724026115107,0.3002091455578139,43.499995222472016,0.01,0.09260339396599927,0.18921045669373324,7.174215802626731,0.01,0.08756665275581513,0.17683826017469273,6.896124057744731,0.01,0.12642160126067217,0.4002787453801096,14.56642119271378,0.01,0.12462434693057568,0.31739127643073695,3.2925235666491712,0.01,0.08040000300879481,0.13404104906100167,8.238095785037425
2.27,59.90842576400001,56.148828318979824,3.7595974450201814,0.59006788540667,28.36551710763835,0.09486638801393597,2.6909341521491585,2.6909341521491585,1.9685206189550597,0.7224135331940988,-0.0,0,0.01,0.01,0.15843922088809528,0.30033784168802424,43.78703633132263,0.01,0.09272968418069177,0.1893391528239435,7.17445924194803,0.01,0.0876926103806428,0.176966956304903,6.89775283436324,0.01,0.12621005615485664,0.40004853865238,14.308129643637384,0.01,0.12439425472237797,0.3171610697030074,3.2915608082438568,0.01,0.0803076010573269,0.13394858142652252,8.23345503355786
2.2800000000000002,60.25863857303704,56.4861225888201,3.7725159842169367,0.5870764385139955,28.44059350841924,0.09519987287706787,2.7075408865498733,2.7075408865498733,1.9752847502609994,0.7322561362888741,-0.0,0,0.01,0.01,0.15856039307750802,0.3004656733876549,44.073086323435845,0.01,0.09285516111951833,0.1894669845235742,7.173906340730367,0.01,0.08781775533844308,0.17709478800453365,6.898607793663048,0.01,0.1259986539954135,0.3998185923064632,14.05406937277544,0.01,0.12416434934225767,0.3169311233570906,3.2912164322004402,0.01,0.08021507532933203,0.13385600514165374,8.229883580087497
2.29,60.60704979985185,56.821593872538,3.7854559273138517,0.5837107514122364,28.51640336675426,0.09553072361990167,2.724192648663035,2.724192648663035,1.9820600886228557,0.7421325600401791,-0.0,0,0.01,0.01,0.1586806769049596,0.3005925575511081,44.357995475585284,0.01,0.092979741313354,0.18959386868702738,7.172605933186913,0.01,0.08794200450286722,0.17722167216798687,6.898735127128238,0.01,0.12578755255772206,0.39958907636276375,13.804330218009971,0.01,0.12393480513712436,0.31670160741339115,3.2914540087541164,0.01,0.08012249885622778,0.13376339238279733,8.227320582105934
2.3000000000000003,60.95360000000001,57.15504236248196,3.798557637518051,0.5800217272917388,28.593768029076045,0.09585875445796854,2.7409629885273117,2.7409629885273117,1.9889201280440183,0.7520428604832935,-0.0,0,0.01,0.01,0.15880000188534454,0.30071842142876565,44.641658147123394,0.01,0.09310335062568038,0.18971973256468497,7.170629741116984,0.01,0.08806528413159266,0.17734753604564446,6.898203135503331,0.01,0.12557689755989207,0.39936014529482644,13.55895036096211,0.01,0.1237057833239606,0.31647267634545384,3.292216883517057,0.01,0.08002993937913316,0.13367080956099217,8.22567179540713
2.31,61.29823024459261,57.48630037191295,3.8119298726796633,0.576070483420473,28.673320246384264,0.09618381308571824,2.7579092751251646,2.7579092751251646,1.995921814001651,0.7619874611235136,-0.0,0,0.01,0.01,0.15891830930733583,0.30084320500931916,44.924014698009266,0.01,0.09322592671385217,0.18984451614523845,7.168068991154466,0.01,0.08818753231075188,0.17747231962619797,6.89709899936527,0.01,0.12536681797232455,0.3991319331225008,13.317916021497153,0.01,0.12347742674549914,0.3162444641731281,3.2934309843833867,0.01,0.07993745720266687,0.13357831524249267,8.224814272196344
2.32,61.64088213807407,57.81523731091971,3.8256448271543557,0.5719253047208803,28.755478376758283,0.09650578513096371,2.775070017565508,2.775070017565508,2.0031029473719864,0.7719670701935218,-0.0,0,0.01,0.01,0.1590355539749332,0.3009668627636135,45.20505119841635,0.01,0.0933474208955478,0.18996817389953283,7.165030153837144,0.01,0.08830870080330017,0.17759597738049232,6.895524694527416,0.01,0.12515742217592196,0.3989045495401776,13.081163636496044,0.01,0.12324985556479606,0.316017080590805,3.295008429309988,0.01,0.07984510342778804,0.13348595846797912,8.224602429419956
2.33,61.98149783600001,58.14176282917508,3.839735006824934,0.5676582956686217,28.840431324862323,0.09682459674999931,2.792463133125843,2.792463133125843,2.0104805481954613,0.7819825849303818,-0.0,0,0.01,0.01,0.15915170528421665,0.3010893646780122,45.48479691066878,0.01,0.09346779934380983,0.19009067581393144,7.161629969438592,0.01,0.08842875622539513,0.17771847929489093,6.89359221025324,0.01,0.12494879514647718,0.3986780772617321,12.848584399894916,0.01,0.12302316409988219,0.3157906083123595,3.2968517779118143,0.01,0.07975291864949144,0.13339377755216175,8.224875209070861
2.34,62.320020062814805,58.4658280007301,3.8541920620847074,0.563341897473826,28.92813470019746,0.09714021527562969,2.8100852322995946,2.8100852322995946,2.0180502446282356,0.792034987671359,-0.0,0,0.01,0.01,0.1592667475967925,0.301210696541008,45.76331964155051,0.01,0.09358704356769429,0.1902120076769273,7.157989965066361,0.01,0.08854768050850337,0.1778398111578868,6.89141826734495,0.01,0.12474099679139083,0.3984525707022561,12.62003092190568,0.01,0.12279741894197425,0.31556510175288344,3.298858737070564,0.01,0.07966093218159437,0.13330179942114584,8.225463994179462
2.35,62.65639212962963,58.787424523086415,3.8689676065432153,0.5590454420995787,29.01831813385138,0.09745264792624567,2.827911940510009,2.827911940510009,2.0257867016155084,0.8021252388945003,-0.0,0,0.01,0.01,0.15938067990598717,0.30133085948367977,46.040719182130616,0.01,0.09370515017039811,0.1903321706195991,7.154230703693406,0.01,0.08866547063982404,0.17795997410055858,6.889118769005342,0.01,0.12453406150769454,0.3982280560492781,12.395325655987067,0.01,0.12257265843635705,0.3153405870999054,3.30092710377016,0.01,0.07956916184410313,0.13321003951756333,8.226200899377574
2.36,62.99055795200002,59.10658199993966,3.883975952060361,0.5548319105029068,29.110503165610634,0.09776193867774127,2.84589922535462,2.84589922535462,2.0336450529520422,0.8122541724025778,-0.0,0,0.01,0.01,0.15949351482590848,0.3014498688107636,46.317119163551475,0.01,0.09382212991115411,0.19045117994668287,7.150466034560417,0.01,0.08878213770805421,0.17807898342764236,6.886803245740405,0.01,0.1243279989703291,0.39800453270653796,12.174270649073653,0.01,0.12234889353734112,0.3151170637571653,3.3029597097510948,0.01,0.0794776143201652,0.13311850227464467,8.226927027602882
2.37,63.322462067703725,59.42336346930761,3.8990985983961175,0.550755049839421,29.20403062415055,0.09806816348686431,2.8639856497245884,2.8639856497245884,2.04156325205725,0.8224223976673379,-0.0,0,0.01,0.01,0.1596052769654256,0.3015677521927829,46.59265775130494,0.01,0.09393800612959327,0.19056906332870222,7.146797630707466,0.01,0.08889770531392084,0.17819686680966168,6.884569571821227,0.01,0.12412279609976005,0.39778197602523413,11.956658100618844,0.01,0.12212610998112847,0.31489450707586153,3.304869124849437,0.01,0.07938628606093817,0.13302718213167994,8.227500278012233
2.38,63.65204965451853,59.737859421603765,3.914190232914769,0.546856984032032,29.298095995049284,0.09837142413034712,2.8820954273406176,2.8820954273406176,2.049465213412993,0.8326302139276243,-0.0,0,0.01,0.01,0.15971600077741233,0.30168454731922145,46.86747766977987,0.01,0.09405281262022545,0.19068585845514074,7.143310099577782,0.01,0.08901220743381087,0.17831366193610024,6.882499231084368,0.01,0.12391842010130964,0.39756034117459327,11.742281174324209,0.01,0.1219042716563974,0.31467287222522067,3.306581881201437,0.01,0.07929516468938247,0.13293606503627303,8.227802306995878
2.39,63.97926654799999,60.050180621528455,3.9290859264715388,0.543166425281704,29.391790923885107,0.09867184098533129,2.9001421203156945,2.9001421203156945,2.0572645803210055,0.8428775399946892,-0.0,0,0.01,0.01,0.15982572799696498,0.3018002991367273,47.14171608554079,0.01,0.09416659106893788,0.19080161027264658,7.140066933121818,0.01,0.08912568584898675,0.1784294137536061,6.880653390937711,0.01,0.12371482241781609,0.3973395679488985,11.530944496896828,0.01,0.12168332499512485,0.31445209899952586,3.308042000147463,0.01,0.07920423082944787,0.13284513035485393,8.227744284383103
2.4,64.30405925925925,60.360450100158275,3.9436091591009808,0.5396975623626479,29.484148749880436,0.09896954512046538,2.918032790039805,2.918032790039805,2.0648689271435106,0.8531638628962942,-0.0,0,0.01,0.01,0.15993450479970586,0.3019150568137396,47.415494880356306,0.01,0.09427938818193143,0.19091636794965888,7.137107524251933,0.01,0.08923818727125361,0.1785441714306184,6.879070004893241,0.01,0.12351194339483089,0.3971195862644754,11.322473802071071,0.01,0.12146320415837437,0.3142321173151028,3.309213637594526,0.01,0.07911346026663205,0.13275435309332462,8.227271149738131
2.41,64.62637499274076,60.66879471702738,3.9575802757133736,0.5364496667047661,29.574191819818385,0.09926467009185512,2.9356723942275122,2.9356723942275122,2.0721841866955004,0.8634882075320118,-0.0,0,0.01,0.01,0.16004237882200162,0.30202887058300754,47.688911812314764,0.01,0.09439125264956402,0.1910301817189268,7.134445418025423,0.01,0.08934976030779954,0.1786579851998863,6.877762107108147,0.01,0.12330971742550322,0.39690032206962167,11.116724234109027,0.01,0.12124383675572506,0.31401285312024907,3.310082710378962,0.01,0.07902282633043878,0.13266370631540944,8.226364155011884
2.42,64.94616166400004,60.97533670508515,3.9708249589148923,0.533407421244932,29.66097829733286,0.09955734384303924,2.952968215068492,2.952968215068492,2.079119086603003,0.8738491284654892,-0.0,0,0.01,0.01,0.1601493961885618,0.302141788615919,47.96203300038788,0.01,0.09450223209268077,0.1911430997518383,7.132067892908492,0.01,0.08946045241281002,0.1787709032327978,6.876717391496239,0.01,0.12310807832199029,0.39668170337433495,10.913586909201104,0.01,0.1210251498142978,0.31379423442496235,3.310657422906097,0.01,0.07893230237954862,0.13257316363788457,8.22504157455464
2.43,65.26336791748149,61.280185604064286,3.983182313417195,0.5305419417312567,29.74364625857531,0.09984768109364946,2.9698341061885474,2.9698341061885474,2.085589382290043,0.8842447238985043,-0.0,0,0.01,0.01,0.16025559868941824,0.3022538540774569,48.23488708032675,0.01,0.09461237013703826,0.1912551652133762,7.129936885954988,0.01,0.0895703069712301,0.1788829686943357,6.875899089024231,0.01,0.12290696465248821,0.39646366610538264,10.712993439092678,0.01,0.12080707570484658,0.31357619715601004,3.3109676757669018,0.01,0.0788418642668972,0.13248270167964898,8.223357565129245
2.44,65.5779431442963,61.58343096092578,3.9945121833705137,0.527812427360706,29.821453045687335,0.10013577656864359,2.9861943591352427,2.9861943591352427,2.0915216883252885,0.8946726708099544,-0.0,0,0.01,0.01,0.16036102123802048,0.30236510249841514,48.50746127689274,0.01,0.09472170375253976,0.19136641363433443,7.127991193235742,0.01,0.08967936065090729,0.1789942171152939,6.875248077037373,0.01,0.1227063247879733,0.3962461595054256,10.51491824113212,0.01,0.12058955773829363,0.3133586905560529,3.311063401530835,0.01,0.07875149266436957,0.13239230234550392,8.221399259453536
2.45,65.88983749999996,61.88513613154578,4.004701368454175,0.5251683488583024,29.893808123249674,0.10042169937112318,3.0019870124110186,3.0019870124110186,2.096856733159438,0.905130279251581,-0.0,0,0.01,0.01,0.16046568972577516,0.30247555958304473,48.77969952790482,0.01,0.09483026097869383,0.19147687071896402,7.126149801000947,0.01,0.08978764114381711,0.17910467419992349,6.874686081320757,0.01,0.12250612142003874,0.3960291508214844,10.319378583803685,0.01,0.12037255516586348,0.3131416818721117,3.311011932272535,0.01,0.07866117513518717,0.13230195483516377,8.219282270009785
2.46,66.19900192237034,62.18533345834133,4.013668464029015,0.5225520586038579,29.96029803442026,0.10070548873960353,3.017166456340475,3.017166456340475,2.101551893423097,0.9156145629173781,-0.0,0,0.01,0.01,0.16056961936673766,0.30258523954663746,49.051502687448874,0.01,0.09493805913679237,0.19158655068255676,7.124316140445662,0.01,0.089895165395986,0.17921435416351625,6.874119771328599,0.01,0.12230633533977038,0.39581262906635084,10.126432438263423,0.01,0.12015604734840747,0.31292516011697824,3.3108945543719703,0.01,0.07857090785572692,0.13221165728279652,8.217144859751173
2.47,66.50538814918517,62.48402102738535,4.021367121799815,0.5199016900828926,30.020702463671007,0.1009871513585964,3.031705223590132,3.031705223590132,2.105582901205638,0.9261223223844937,-0.0,0,0.01,0.01,0.16067281360051114,0.3026941440499923,49.32273073604837,0.01,0.09504510360387423,0.19169545518591155,7.122383014391231,0.01,0.09000193840018783,0.17932325866687104,6.873445506318777,0.01,0.1221069683058706,0.3955966076844399,9.936174316906982,0.01,0.11994003690382278,0.3127091387350672,3.3108024451947147,0.01,0.07848069690669458,0.13212141795143906,8.215141097583446
2.48,66.808948736,62.781161129431695,4.027787606568309,0.5171542033391211,30.075000860493322,0.10126666031323048,3.0455948960596917,3.0455948960596917,2.1089446591691696,0.9366502368905218,-0.0,0,0.01,0.01,0.16077526359307265,0.30280226176767805,49.59320683839718,0.01,0.09515138719491453,0.19180357290359734,7.120237919891677,0.01,0.09010795259683833,0.17943137638455686,6.872554466831384,0.01,0.12190804487621287,0.39538112600854297,9.748729373648667,0.01,0.11972455169338207,0.3124936570591703,3.3108322114256694,0.01,0.07839055907530772,0.13203125592896064,8.213433357416722
2.49,67.10963707392594,63.0766804660847,4.032956607841237,0.5142484294632648,30.1233695404014,0.10154395569826909,3.058846102093108,3.058846102093108,2.1116511419067407,0.9471949601863676,-0.0,0,0.01,0.01,0.1608769483456752,0.30290956859600326,49.86272301705936,0.01,0.09525689016934782,0.19191087973192256,7.117768486471096,0.01,0.09021318789822508,0.17953868321288208,6.871337901869325,0.01,0.12170961312835829,0.3951662494532759,9.564246113810036,0.01,0.11950964556566541,0.31227878050390323,3.311081259603426,0.01,0.07830052213434101,0.131941201296749,8.21218453889313
2.5,67.40740740740739,63.37047205906142,4.036935348345972,0.5111279703852712,30.16616963339657,0.10181894681315261,3.0714876214593447,3.0714876214593447,2.1137344055634433,0.9577532158959013,-0.0,0,0.01,0.01,0.16097783539263857,0.30301602847611736,50.13104715341432,0.01,0.09536158084755116,0.19201733961203662,7.114867763004069,0.01,0.09031761232084143,0.17964514309299612,6.869692234878479,0.01,0.1215117442487342,0.3949520684518772,9.382888112261256,0.01,0.11929539783774504,0.31206459950250454,3.311643226582394,0.01,0.07821062458938154,0.13185129476781385,8.21155038694446
2.5100000000000002,67.70221485200001,63.6623987409462,4.0398161110538,0.5077438199897506,30.203926674151308,0.1020915158012452,3.0835646573137696,3.0835646573137696,2.115242769390051,0.9683218879237185,-0.0,0,0.01,0.01,0.16107788204116077,0.30312159477911427,50.39793098444054,0.01,0.09546541679382975,0.19212290591503356,7.111439113010055,0.01,0.09042118318167013,0.17975070939599305,6.867523797109292,0.01,0.12131453102451938,0.39473869620263025,9.204825167022996,0.01,0.11908191155434482,0.31185122725325765,3.312603683175426,0.01,0.07812091491123681,0.13176158681636818,8.21167226822764
2.52,67.99401541214816,63.95229803358607,4.0417173785620975,0.5040565882496453,30.23730300314557,0.10236152252660112,3.095136372500149,3.095136372500149,2.1162382707294802,0.9788981017706687,-0.0,0,0.01,0.01,0.16117703708154602,0.30322621217467055,50.66311873410487,0.01,0.09556834649619725,0.19222752331058987,7.10740051413416,0.01,0.09052384878819884,0.17985532679154936,6.86475299117817,0.01,0.12111808532419083,0.3945262653468473,9.030224323002365,0.01,0.11886931062394722,0.31163879639747466,3.314036300558079,0.01,0.07803145029495269,0.1316721363450131,8.212670728431306
2.5300000000000002,68.282765998963,64.23998815847997,4.042777840483016,0.5000382308609773,30.26706445743731,0.10262881042809144,3.106272820417158,3.106272820417158,2.1167935272928418,0.9894792931243162,-0.0,0,0.01,0.01,0.16127524287556955,0.30332981888372446,50.92635600039999,0.01,0.09567031145107714,0.19233113001964375,7.1026880980341565,0.01,0.09062555052998071,0.17995893350060324,6.861317726117276,0.01,0.12092253469970167,0.3943149237495904,8.859241189088907,0.01,0.11865773598348724,0.3114274548002177,3.3159996389365145,0.01,0.07794229500920792,0.13158300895733313,8.214640108574603
2.54,68.56842444799996,64.52527487481589,4.043149573184068,0.4956732117693537,30.294043060937263,0.10289321305085335,3.117051426840743,3.117051426840743,2.1169881660799628,1.0000632607607804,-0.0,0,0.01,0.01,0.16137243771496534,0.3034323491998677,51.1873985125746,0.01,0.0957712485439636,0.19243366033578702,7.097258808558264,0.01,0.09072622526265,0.1800614638167465,6.857176004794534,0.01,0.12072801828320338,0.39410482959491455,8.692011943957592,0.01,0.11844734098790184,0.3112173606455419,3.318534683855933,0.01,0.0778535184189303,0.13149427492201862,8.217644443924687
2.5500000000000003,68.85094953703708,64.80795880723825,4.042990729798825,0.4909590538587105,30.319097568385715,0.10315456093027897,3.1275531974691173,3.1275531974691173,2.1169049958779373,1.0106482015911802,-0.0,0,0.01,0.01,0.1614685583318487,0.3035337361540984,51.446020378499995,0.01,0.09587109260576886,0.19253504729001766,7.091092096512074,0.01,0.09082580786415612,0.18016285077097716,6.852307583060992,0.01,0.1205346821822747,0.3938961460375877,8.528646383908397,0.01,0.1182382862553381,0.3110086770882151,3.321663219522348,0.01,0.07776519277894661,0.13140600692872767,8.221714808736808
2.56,69.13030100385184,65.08784290832047,4.042458095531372,0.48590626265612097,30.3430737704059,0.10341268849494849,3.1378588357982276,3.1378588357982276,2.1166261092276573,1.02123272657057,-0.0,0,0.01,0.01,0.1615635424386058,0.303633914193704,51.70202145978734,0.01,0.0959697790194223,0.1926352253296233,7.084190607204178,0.01,0.09092423383795217,0.1802630288105828,6.846714656225686,0.01,0.1203426745984235,0.39368903567159974,8.369222312150724,0.01,0.11803073422172379,0.31080156672222714,3.325387091881347,0.01,0.0776773909066261,0.13131827774510973,8.226848205997387
2.57,69.40643956400001,65.36473970066334,4.0416998633366745,0.48053763784223413,30.36676642917067,0.10366744066209019,3.148044956895603,3.148044956895603,2.1162290997788946,1.0318158571167082,-0.0,0,0.01,0.01,0.16165733117644618,0.3037328217483775,51.955233544127424,0.01,0.0960672462523212,0.19273413288429683,7.076579852643422,0.01,0.09102144183901685,0.18036193636525633,6.840421562778512,0.01,0.12015214090332735,0.39348365508149086,8.213781505105462,0.01,0.11782484366869615,0.31059618613211826,3.3296883779768844,0.01,0.07759018384632789,0.13123115788827994,8.23300803496882
2.58,69.67932692859259,65.63847796034455,4.040848968248054,0.4748870162615565,30.390884589563218,0.10391867882162631,3.1581805747679326,3.1581805747679326,2.11578357215233,1.0423970026156026,-0.0,0,0.01,0.01,0.16174987135917865,0.3038304035649587,52.20552503045515,0.01,0.09616343819720288,0.192831714700878,7.068306894007238,0.01,0.09111737600563856,0.1804595181818375,6.833473527955132,0.01,0.11996321890558218,0.39328014973535075,8.062327419210927,0.01,0.11762076448622041,0.3103926807859781,3.3345304426116336,0.01,0.07750363863777418,0.13114471342235656,8.240126102881097
2.59,69.94892582207407,65.90890853612655,4.040017285947534,0.468997516639736,30.416021807493255,0.104166285941244,3.1683240247944555,3.1683240247944555,2.115348104318091,1.0529759204763642,-0.0,0,0.01,0.01,0.16184111741134166,0.30392661270594495,52.45280390410114,0.01,0.09625830621636502,0.19292792384186425,7.059438093029015,0.01,0.09121198799230983,0.18055572732282374,6.825934502021939,0.01,0.11977603452788776,0.3930786494586401,7.9148247234383575,0.01,0.11741863291590213,0.3101911805092674,3.3398598289009183,0.01,0.07741781629428403,0.13105900398651232,8.248106081425854
2.6,70.21519999999998,66.17590904565644,4.039290954343543,0.46291937906577724,30.442632566615856,0.10441017057319682,3.178520458977518,3.178520458977518,2.1149677979795634,1.0635526609979546,-0.0,0,0.01,0.01,0.16193103291686103,0.30402141212535994,52.69701885468766,0.01,0.0963518108011253,0.19302272326127923,7.050056023879769,0.01,0.09130523861609288,0.1806505267422387,6.817884180537305,0.01,0.11959069809141186,0.39287926469675716,7.771200660278834,0.01,0.11721856749391571,0.30999179574738456,3.3456088962021764,0.01,0.07733277008542629,0.13097408114568707,8.256828245588025
2.61,70.4781142668148,66.439387248441,4.038727018373805,0.4567075103711367,30.471015831474023,0.10465026960113288,3.188800021784145,3.188800021784145,2.1146725217962925,1.0741274999878525,-0.0,0,0.01,0.01,0.16201959171499514,0.3041147757577288,52.93815847696902,0.01,0.09644392277901019,0.19311608689364806,7.040255670055416,0.01,0.0913970990494574,0.18074389037460756,6.8094143263613685,0.01,0.11940730137183227,0.3926820837331104,7.631348153972815,0.01,0.11702066587513206,0.30979461478373777,3.3516990876508737,0.01,0.07724854420267245,0.13088998713929068,8.26615527417251
2.62,70.73763449362961,66.69928296266164,4.0383515309679785,0.45041885894559364,30.501306325328898,0.10488654962920466,3.1991767796471833,3.1991767796471833,2.114475917050349,1.0847008625968342,-0.0,0,0.01,0.01,0.16210677850339666,0.30420668908065074,53.176248590120345,0.01,0.096534624024301,0.19320800021657003,7.030140062983178,0.01,0.09148755151576582,0.18083580369752952,6.8006245451153005,0.01,0.11922591555196778,0.39248717098048713,7.4951305026172585,0.01,0.11682500267441384,0.3095997020311145,3.3580446811886477,0.01,0.07716517286687873,0.13080675408275388,8.27593884039195
2.63,70.99372763599997,66.95556846548321,4.038159170516764,0.4441097486661446,30.533473742386114,0.10511900698282223,3.2096484395357052,3.2096484395357052,2.1143751973536196,1.0952732421820857,-0.0,0,0.01,0.01,0.1621925889325036,0.3042971491375296,53.41134780913127,0.01,0.09662390765206832,0.19329846027344885,7.019815548974186,0.01,0.09157658946811793,0.18092626375440835,6.791617695440326,0.01,0.11904659015102098,0.39229456640927707,7.3623874141395085,0.01,0.11663162840954741,0.30940709745990447,3.364556853771642,0.01,0.077082679913939,0.13072440365374335,8.286026680284193
2.64,71.24636175170367,67.20824739073238,4.038114360971291,0.4378333012047919,30.567329724953346,0.10534766635734466,3.220196853299329,3.220196853299329,2.1143517351304753,1.1058451181688538,-0.0,0,0.01,0.01,0.16227702919998743,0.3043861640331279,53.64354159596193,0.01,0.09671177770051868,0.19338747516904722,7.009386896232871,0.01,0.09166421725698326,0.18101527865000672,6.7824951402936655,0.01,0.11886935296253179,0.3921042861194407,7.232942079158154,0.01,0.11644056957553205,0.30921681717006805,3.3711478702660758,0.01,0.07700107887090923,0.1306429472704605,8.296269798980607
2.65,71.49550601851853,67.45735220994355,4.038153808574965,0.4316370691061001,30.602542074204045,0.10557257821451736,3.230789266691965,3.230789266691965,2.1143723898474587,1.1164168768445062,-0.0,0,0.01,0.01,0.16236011517745297,0.304473751939473,53.87293510193132,0.01,0.0967982483302146,0.19347506307539233,6.99895247090531,0.01,0.09175044931579797,0.18110286655635183,6.773352062661987,0.01,0.11869421098455313,0.3919163240069717,7.106608920887615,0.01,0.11625182982472933,0.30902885505759903,3.3777351981322203,0.01,0.07692037351057096,0.13056238674499773,8.306529463645722
2.66,71.741130752,67.70294044921442,4.03819030278557,0.4255609891273568,30.638655335434745,0.10579381508353648,3.241380236965192,3.241380236965192,2.1143914981714484,1.1269887387937434,-0.0,0,0.01,0.01,0.1624418711229171,0.3045599396720714,54.09964517899639,0.01,0.09688334259046277,0.1935612508079907,6.988599717731769,0.01,0.09183530891542664,0.18118905428895019,6.764273075588446,0.01,0.11852115227866451,0.3917306544228824,6.9832016273110975,0.01,0.11606539217442373,0.30884318547350975,3.3842453481493164,0.01,0.0768405588490443,0.1304827153715103,8.316683638443838
2.67,71.98320742325929,67.94508985184413,4.038117571415147,0.4196357471911935,30.67511661988592,0.10601146697161738,3.2519141123995476,3.2519141123995476,2.114353416114947,1.1375606962846008,-0.0,0,0.01,0.01,0.16252232805082303,0.3046447609153439,54.32379198198187,0.01,0.09696709082196908,0.19364607205126322,6.97840117416821,0.01,0.09191882655715226,0.18127387553222268,6.755328349887926,0.01,0.11835014865146208,0.3915472356761136,6.862541056917215,0.01,0.11588122211524411,0.308659766726741,3.390617251366148,0.01,0.07676162252987911,0.13040391938818716,8.32663254272196
2.68,72.22170867674077,68.18389274264905,4.037815934091725,0.4138816239771567,30.7113053075505,0.10622563612575747,3.2623279425469036,3.2623279425469036,2.1141954791817286,1.1481324633651753,-0.0,0,0.01,0.01,0.16260152184568108,0.3047282541908241,54.54549060147933,0.01,0.09704952877996685,0.1937295653267434,6.968411225441143,0.01,0.09200103808889201,0.18135736880770287,6.746570461858603,0.01,0.11818115901509434,0.39136601419352757,6.744462618339087,0.01,0.11569927145291918,0.3084785452441549,3.3968050035977404,0.01,0.07668354652009801,0.13032597973470722,8.336303057857284
2.69,72.456608348,68.41944988213058,4.037158465869418,0.4083078649544113,30.746565128008918,0.10643643141150258,3.272554670386618,3.272554670386618,2.113851229625534,1.1587034407610841,-0.0,0,0.01,0.01,0.16267949121527714,0.30481046067136985,54.76484315815494,0.01,0.0971306955728516,0.19381177180728915,6.958663772023764,0.01,0.0920819826400498,0.18143957528824864,6.738032127984572,0.01,0.11801413325391727,0.39118692912205816,6.628822756207625,0.01,0.1155194826838611,0.3082994601726855,3.402779840703642,0.01,0.0766063090297986,0.13024887401388027,8.345651769412143
2.7,72.6878814814815,68.65186411605418,4.036017365427315,0.4029125919400488,30.78023704454566,0.10664396258514514,3.282526447740426,3.282526447740426,2.1132537508312144,1.1692726969092118,-0.0,0,0.01,0.01,0.16275627558439956,0.3048914219490822,54.9819317534675,0.01,0.0972106315175117,0.1938927330850015,6.949170931895157,0.01,0.09216170047642554,0.18152053656596095,6.729724945533136,0.01,0.11784901640368352,0.3910099171413388,6.515504228951149,0.01,0.11534179368346704,0.30812244819196616,3.408531248772475,0.01,0.07652988655775504,0.1301725785580451,8.354666504953139
2.71,72.91550434829632,68.88123412804626,4.034270220250058,0.3976832464959924,30.811691372188545,0.10684833473278864,3.2921779134189775,3.2921779134189775,2.11233894775561,1.1798389656633679,-0.0,0,0.01,0.01,0.16283191303008668,0.30497117786375055,55.19681261426965,0.01,0.09728937601384945,0.19397248899966982,6.939922841405764,0.01,0.09224023087773087,0.1816002924806293,6.7216392006840335,0.01,0.11768575293867727,0.39083491725022595,6.404419935401812,0.01,0.11516614247562248,0.3079474483008533,3.4140671607786097,0.01,0.07645425596133537,0.13009707049781705,8.363366309994499
2.72,73.13945446400004,69.10764858989937,4.031805874100664,0.3925975300317635,30.840357640503786,0.10704964313368943,3.3014492795312824,3.3014492795312824,2.1110486191291367,1.190400660402146,-0.0,0,0.01,0.01,0.16290643835462645,0.3050497644926573,55.40951169303338,0.01,0.09736696553747905,0.19405107562857657,6.930888554701609,0.01,0.09231761013656278,0.18167887910953606,6.713744743568157,0.01,0.11752429096119553,0.390661875297477,6.29551513115908,0.01,0.11499247185293211,0.3077744063481044,3.4194132417858385,0.01,0.0763793964500355,0.13002232973292766,8.371799888931726
2.73,73.3597106063703,69.33118097751218,4.028529628858128,0.38762478259906835,30.86575086096858,0.10724796877743925,3.310289084629377,3.310289084629377,2.109333181131585,1.2009559034977917,-0.0,0,0.01,0.01,0.1629798813833009,0.3051272123919419,55.620021899678925,0.01,0.09744343184151232,0.19412852352786117,6.922017978204932,0.01,0.092393869769421,0.18175632700882066,6.705992867910186,0.01,0.11736458609660701,0.39049074804468265,6.1887679664998485,0.01,0.11482073362937441,0.30760327909531004,3.424611314595627,0.01,0.07630529140782608,0.1299483407119098,8.38004261898923
2.74,73.57625283318515,69.5518852815544,4.024367551630755,0.3827277230787595,30.887493067284602,0.10744337472664266,3.3186564919948367,3.3186564919948367,2.107153922591387,1.2115025694034496,-0.0,0,0.01,0.01,0.1630522655607438,0.3052035451651181,55.82830205016488,0.01,0.09751880044616301,0.1942048563010374,6.913244718578192,0.01,0.09246903501800235,0.1818326597819969,6.698319076640163,0.01,0.1172066049152746,0.3903215065771662,6.084188369030078,0.01,0.11465089232950723,0.30743403762779353,3.4297170233937306,0.01,0.07623192995986969,0.12987509393873475,8.38819231744881
2.75,73.7890625,69.76979279332538,4.019269706674622,0.37786445855663137,30.90532925315856,0.10763590347093935,3.3265230362305727,3.3265230362305727,2.104484697214166,1.2220383390164065,-0.0,0,0.01,0.01,0.16312360690350525,0.30527877841659845,56.034277528430586,0.01,0.09759308947926408,0.19428008955251774,6.904489674596757,0.01,0.09254312370323092,0.18190789303347726,6.690646568495234,0.01,0.11705032772884728,0.3901541389142528,5.9818153800578395,0.01,0.11448292814970856,0.30726666996488017,3.4347968710371455,0.01,0.07615930821334975,0.12980258713951034,8.396364001930667
2.7600000000000002,73.99812227792593,69.98491009053147,4.013212187394461,0.372990660678637,30.91913712207035,0.10782557536699947,3.3338737500383875,3.3338737500383875,2.1013129875359104,1.2325607625024773,-0.0,0,0.01,0.01,0.1631939133478827,0.3053529191281701,56.23784257624903,0.01,0.09766630891251615,0.19435423026408938,6.895665168761325,0.01,0.09261614547611324,0.1819820337450489,6.682890247326448,0.01,0.11689575064138572,0.38998865171210806,5.881713128789434,0.01,0.11431683906547745,0.30710118276273546,3.439924794068296,0.01,0.07608743011935627,0.12973082604015143,8.404683926641882
2.77,74.20341617140738,70.1972182877239,4.006197883683487,0.3680618019200651,30.928930372298897,0.10801238820510226,3.340707634141326,3.340707634141326,2.0976403067011695,1.243067327440157,-0.0,0,0.01,0.01,0.16326318451223626,0.30542596547530415,56.43886405382169,0.01,0.09773846021831188,0.19442727661122344,6.886679394769668,0.01,0.09268810148949386,0.1820550800921829,6.674961037036678,0.01,0.1167428867737489,0.38982507099805835,5.783965689077885,0.01,0.11415264200250584,0.3069376020486857,3.4451784569408854,0.01,0.07601630792208253,0.12965982472560558,8.413283203284754
2.7800000000000002,74.40492953599994,70.40667355486339,3.9982559811365554,0.3630353449962239,30.934855552727765,0.10819631788874488,3.347037465225338,3.347037465225338,2.0934819362516754,1.2535555289736626,-0.0,0,0.01,0.01,0.16333141187285974,0.3054979070790031,56.63718645463136,0.01,0.09780953645132766,0.19449921821492241,6.877440952267196,0.01,0.09275898449414598,0.1821270216958819,6.6667702807432425,0.01,0.11659176662069486,0.3896634419226794,5.688671107291834,0.01,0.11399037303583018,0.3067759729733067,3.450635453179002,0.01,0.07594596218202752,0.12958960557178315,8.422291323558893
2.79,74.6026490961481,70.61320884779836,3.9894402483497378,0.35787278386042776,30.937182825732375,0.10837732016195771,3.352888968013417,3.352888968013417,2.088866029358496,1.264022938654921,-0.0,0,0.01,0.01,0.16339857933299423,0.30556872566858945,56.83263791214476,0.01,0.09787952273877686,0.19457003680450877,6.867863249099698,0.01,0.09282877934239647,0.18219784028546826,6.658234011376113,0.01,0.11644243754219216,0.3895038275627221,5.595934916190076,0.01,0.1138300866285748,0.30661635861334946,3.456369596932909,0.01,0.0758764213804808,0.1295201987618208,8.431829892088295
2.8000000000000003,74.79656296296295,70.81673673905733,3.97982622390561,0.3525414444588292,30.936291248992227,0.10855533327195747,3.3582994067326926,3.3582994067326926,2.0838321379309788,1.2744672688017136,-0.0,0,0.01,0.01,0.16346466414666289,0.3056383961123292,57.025036902960224,0.01,0.09794839714428023,0.19463970724824847,6.85786857089274,0.01,0.09289746386364434,0.18226751072920797,6.64927689998956,0.01,0.11629496243144215,0.38934630685201743,5.505863459065612,0.01,0.1136718539673266,0.30645883790264483,3.4624474752816456,0.01,0.07580772113232798,0.12945164141776863,8.442006856276507
2.81,74.98666065199998,71.01715318867628,3.9695074633237075,0.34701596705899646,30.932649426293207,0.10873028141446893,3.3633156770159713,3.3633156770159713,2.0784292475246025,1.2848864294913687,-0.0,0,0.01,0.01,0.16352963814346813,0.30570688775686516,57.21419933121007,0.01,0.0980161318536258,0.19470819889278448,6.847391645517513,0.01,0.09296501005957376,0.18233600237374398,6.639835714734984,0.01,0.11614941764012396,0.38919097175690087,5.418557342294215,0.01,0.11351576049289905,0.30630350280752827,3.468925411328579,0.01,0.07573990305225849,0.12938397639636628,8.452911485805355
2.82,75.17293310103705,71.21433634454327,3.958596756493777,0.3412235257051479,30.926821434896624,0.10890207380691945,3.3679949905165305,3.3679949905165305,2.0727164147875388,1.2952785757289915,-0.0,0,0.01,0.01,0.16359347855909132,0.3057741828959558,57.40049475109115,0.01,0.09808270008790437,0.19477549403187513,6.836687004518104,0.01,0.09303139140109135,0.18240329751283463,6.630175578707357,0.01,0.11600589094773153,0.3890379282808645,5.3341385988725065,0.01,0.1133619037794575,0.3061504593314918,3.475876176428113,0.01,0.07567301411346451,0.1293172527469287,8.464692722513524
2.83,75.35537268785191,71.40804565167436,3.947327036177549,0.33486684632800245,30.919975889227953,0.10907051716060583,3.372457760831556,3.372457760831556,2.0668156030286267,1.3056421578029294,-0.0,0,0.01,0.01,0.1636562082193665,0.3058403008817088,57.58361065287972,0.01,0.09814811788228764,0.19484161201762815,6.825834587441575,0.01,0.0930966252313646,0.18246941549858764,6.620342186794944,0.01,0.11586451089342527,0.3888873750044653,5.253183486949525,0.01,0.11321043465688893,0.30599990605509264,3.4837092002366834,0.01,0.0756071320371216,0.1292515600156873,8.478195250066726
2.84,75.53397324800002,71.59794520143062,3.936028046569418,0.32793354561314964,30.913766541628522,0.10923533685793602,3.3768757017223834,3.3768757017223834,2.060899465904311,1.3159762358180724,-0.0,0,0.01,0.01,0.16371774519435667,0.30590514016678133,57.76214116151796,0.01,0.09821232675411552,0.19490645130270065,6.813703076708785,0.01,0.09316064991784137,0.18253425478366014,6.609223386828586,0.01,0.11572548680384968,0.3887395854865931,5.176206893747731,0.01,0.11306159847526272,0.30585211653722044,3.492667902814492,0.01,0.07554237582520498,0.1291870207135927,8.493672240605942
2.85,75.70873009259259,71.78372876713674,3.925001325455857,0.320538070461634,30.909702232614396,0.10939628586295752,3.3814066213779808,3.3814066213779808,2.055125888230387,1.3262807331475939,-0.0,0,0.01,0.01,0.16377798685710887,0.3059685946821974,57.93590224909762,0.01,0.09827522384139724,0.19496990581811674,6.800253246537025,0.01,0.09322336165042115,0.18259770929907623,6.5968098421889865,0.01,0.1155858141073142,0.3885948111878193,5.131575538523118,0.01,0.11291565423732391,0.30570734223844664,3.5026903803651246,0.01,0.0754788617045546,0.1291237479868656,8.51090724858897
2.86,75.87964002607404,71.96523337500446,3.914406651069584,0.31304982118187386,30.908577554247355,0.10955324250492098,3.3861348922826178,3.3861348922826178,2.0495785296938718,1.336556362588746,-0.0,0,0.01,0.01,0.16383686924055005,0.30603060722656983,58.10543295794379,0.01,0.09833673196511691,0.1950319183624891,6.786055784628925,0.01,0.093284684517442,0.18265972184344859,6.5836768222698465,0.01,0.11544389873482166,0.38845319257438776,5.134168314486856,0.01,0.11277279655314076,0.3055657236250151,3.513315020984643,0.01,0.07541666813315634,0.1290618066621716,8.528929537013024
2.87,76.04670136400003,72.14248285337122,3.9042185106288034,0.30569961814569996,30.910257024364707,0.10970624684219579,3.391048287070671,3.391048287070671,2.0442440318334554,1.3468042552372153,-0.0,0,0.01,0.01,0.16389439082199198,0.3060911844341836,58.27131376406808,0.01,0.09839683415566833,0.19509249557010291,6.771749631266736,0.01,0.0933446037479394,0.1827202990510624,6.5704422086807455,0.01,0.1153035865374992,0.3883147243233508,5.150288286385519,0.01,0.11263308188727925,0.30542725537397813,3.524012956544642,0.01,0.07535580798981745,0.12900119781093708,8.546896247009514
2.88,76.20991395081484,72.31558617803117,3.8943277727836683,0.298580485448477,30.914186899633403,0.10985541169270198,3.396090729004362,3.396090729004362,2.039065253607979,1.3570254753963826,-0.0,0,0.01,0.01,0.16395058227036272,0.3061503621147786,58.43386803192939,0.01,0.09845555379980425,0.19515167325069788,6.757654493524835,0.01,0.09340314406837134,0.18277947673165737,6.557406380930426,0.01,0.11516596669939086,0.3881793339823881,5.169800572564614,0.01,0.11249646953195497,0.3052918650330154,3.5345115237443916,0.01,0.07529625787257359,0.12894189297734587,8.564445529996837
2.89,76.36927917762965,72.48468937887907,3.884589798750575,0.2917365845030909,30.919636669239043,0.1100008806822623,3.401187263991866,3.401187263991866,2.0339664623274434,1.3672208016644225,-0.0,0,0.01,0.01,0.1640054880018321,0.30620818884414874,58.593333412751505,0.01,0.09851293274872881,0.19520949998006798,6.7439285807901905,0.01,0.09346034793103412,0.18283730346102747,6.54471806667492,0.01,0.11503126991003455,0.38804691928325485,5.189797876678526,0.01,0.11236287260048575,0.3051594503338822,3.54467780407398,0.01,0.0752379785270413,0.12888385044013112,8.581399835363717
2.9,76.52480000000006,72.64995624636188,3.8748437536381726,0.28518803291858813,30.925795645998203,0.1101428114576736,3.4062540790157234,3.4062540790157234,2.0288634450396636,1.3773906339760595,-0.0,0,0.01,0.01,0.1640591590482808,0.3062647193765643,58.74990996630355,0.01,0.09856902157714946,0.19526603051248353,6.730657894737929,0.01,0.09351626615876667,0.18289383399344303,6.5324588353962305,0.01,0.11489947859088018,0.3879173631477764,5.209408434053462,0.01,0.11223218196470157,0.30502989419840376,3.5544424079040717,0.01,0.07518092281585502,0.12882702176105354,8.597664740804714
2.91,76.67648095570371,72.81155699954735,3.8649239561563524,0.2789378897560989,30.931829458653052,0.11028136589803249,3.4112044024252572,3.4112044024252572,2.0236694512239994,1.387534951201258,-0.0,0,0.01,0.01,0.16411164914726012,0.3063200107697774,58.90376668199808,0.01,0.09862387474341774,0.1953213219056967,6.717884456733392,0.01,0.09357095327257269,0.1829491253866562,6.52066856750722,0.01,0.11477050072760539,0.3877905425518229,5.228358201974868,0.01,0.11210427817146366,0.3049030736024502,3.563773481872562,0.01,0.07512503998715882,0.1287713556657863,8.61320145590932
2.92,76.8243281825185,72.9696593502197,3.854668832298808,0.2729746505087929,30.93692442201906,0.1104167024746224,3.415953179385958,3.415953179385958,2.01829988092858,1.397653298457378,-0.0,0,0.01,0.01,0.16416301177036902,0.30637411932374575,59.05503755661354,0.01,0.09867754728572568,0.19537543045966504,6.705614426554817,0.01,0.09362446424473557,0.18300323394062454,6.509352615046917,0.01,0.1146442226969476,0.3876663355658172,5.24657168695121,0.01,0.11197903942566223,0.3047788666164446,3.5726687573097635,0.01,0.07507027888711873,0.1287168011397805,8.628018639725113
2.93,76.96834943599995,73.12442067706921,3.843928758930753,0.2672739333227547,30.94032627285746,0.11054896963144928,3.4204211895252516,3.4204211895252516,2.0126763916632306,1.407744797862021,-0.0,0,0.01,0.01,0.1642132975392152,0.30642709789490796,59.203816286005186,0.01,0.09873009206609935,0.19542840903082717,6.6938213268296956,0.01,0.09367685176503049,0.18305621251178666,6.498484724042871,0.01,0.11452052838563814,0.3875446275645513,5.264059436419691,0.01,0.11185634818738811,0.3046571586151787,3.5811523319593435,0.01,0.07501659076438931,0.1286633101705929,8.642168080886313
2.94,77.10855410725927,73.27598118756072,3.8325729196985505,0.261800321269234,30.941373926982575,0.11067830006667254,3.4245386679656953,3.4245386679656953,2.0067304881453585,1.417808179820337,-0.0,0,0.01,0.01,0.16426255195364917,0.30647899354519365,59.35015227528113,0.01,0.09878155735352791,0.19548030468111288,6.68244896539967,0.01,0.09372816383872538,0.18310810816207237,6.488009832570092,0.01,0.11439930857174127,0.3874253166927538,5.280883992974296,0.01,0.11173609695957538,0.30453784774338116,3.5892719841906833,0.01,0.07496393176064294,0.12861084017211366,8.655740045747962
2.95,77.24495324074074,73.4244582296521,3.820495011088637,0.2565095522483982,30.93952748769621,0.11080480604009879,3.4282483422464836,3.4282483422464836,2.0004065099854196,1.4278418322610638,-0.0,0,0.01,0.01,0.16431081347766371,0.30652984558221974,59.4940487857608,0.01,0.09883198475742022,0.19553115671813903,6.671415261725938,0.01,0.09377844173563267,0.18315896019909852,6.477847796605177,0.01,0.11428046705275777,0.3873083184503247,5.29714653074933,0.01,0.11161819326199669,0.30442084950095205,3.5970958861191034,0.01,0.07491226503854265,0.12855935602864219,8.668857333320693
2.96,77.377559552,73.56994194695942,3.8076176050405777,0.2513510203115216,30.934389576473695,0.11092857585806393,3.4315077807567644,3.4315077807567644,1.9936639159457736,1.4378438648109908,-0.0,0,0.01,0.01,0.16435811204716116,0.306579684057892,59.63546341064028,0.01,0.09888140757175787,0.1955809951938113,6.660617135082948,0.01,0.09382771835232767,0.18320879867477077,6.467898158429312,0.01,0.11416392518389355,0.3871935692362413,5.312978231795467,0.01,0.11150256365096423,0.30430610028686866,3.6047085420956844,0.01,0.07486156247404535,0.1285088316857236,8.681668041151777
2.97,77.50638744548145,73.71249242627296,3.7938950192084895,0.24627048156210563,30.92571927702665,0.11104967164815313,3.434290971196769,3.434290971196769,1.9864787868060496,1.4478121843907197,-0.0,0,0.01,0.01,0.16440446805208253,0.30662852877734015,59.77431081062865,0.01,0.09892984958792098,0.19562983991325944,6.649936270602928,0.01,0.09387601704524007,0.18325764339421893,6.458045766325214,0.01,0.11404962518141618,0.387081028725087,5.328532198458292,0.01,0.11138915664373801,0.3041935597757144,3.6122060843605803,0.01,0.07481180585092038,0.1284592512299387,8.694337354912387
2.98,77.63145303229633,73.85213841784766,3.7793146144486784,0.2412128361746277,30.91343832187257,0.11116812847761753,3.436589083050835,3.436589083050835,1.978844504726085,1.45774457832475,-0.0,0,0.01,0.01,0.16444989182404343,0.3066763888466487,59.91046749935212,0.01,0.09897732441549159,0.19567769998256804,6.639245460952181,0.01,0.09392335097299655,0.18330550346352753,6.448166947809159,0.01,0.11393753221963354,0.38697068100417314,5.3439750280443326,0.01,0.11127794444903714,0.3040832120548005,3.619691158680795,0.01,0.07476298751769729,0.12841060942359386,8.707038777428162
2.99,77.75277414800003,73.9888776340831,3.763896513916932,0.23612485493585833,30.897629519054554,0.11128395480609687,3.4384104070139916,3.4384104070139916,1.970771606165611,1.4676388008483805,-0.0,0,0.01,0.01,0.16449438363643695,0.30672326276215944,60.043778374766106,0.01,0.09902383532641341,0.19572457389807876,6.628415185319393,0.01,0.0939697229622764,0.18335237737903826,6.438135906877146,0.01,0.11382763530100022,0.38686253445863905,5.359478127004125,0.01,0.11116892346105071,0.3039750655092664,3.6272676621368234,0.01,0.07471511049314516,0.1283629116865062,8.71994523822222
3.0,77.87037037037038,74.12267855855193,3.747691811818454,0.23095772505655585,30.878527778262114,0.11139713420173675,3.439779502867121,3.439779502867121,1.9622868439879126,1.4774926588792086,-0.0,0,0.01,0.01,0.16453793419971358,0.3067691390187995,60.174064631031946,0.01,0.0990693756127977,0.19577045015471875,6.617320091691624,0.01,0.09401512588636077,0.18339825363567824,6.427831021286375,0.01,0.11371994690812161,0.38675662045084247,5.375209101354569,0.01,0.11106211353344723,0.30386915150146987,3.635035592768692,0.01,0.07466818803270163,0.1283161735432295,8.733220511484543
3.0100000000000002,77.98426303718522,74.2534836292197,3.7307794079655237,0.2256693027130361,30.856504428202744,0.11150762819369849,3.4407356231372423,3.4407356231372423,1.9534315300380944,1.4873040930991481,-0.0,0,0.01,0.01,0.1645805256118384,0.3068139971914147,60.30113264416029,0.01,0.09911392942450778,0.19581530832733401,6.605845075948998,0.01,0.09405954352151098,0.1834431118082935,6.41714074342513,0.01,0.11361450149587851,0.38665299089529953,5.391323606561559,0.01,0.1109575561070344,0.3037655219459269,3.6430862504662285,0.01,0.07462224269327067,0.1282704195785701,8.747011333043442
3.02,78.09447526399995,74.381213600284,3.713261663715955,0.22022597732609303,30.83204580493993,0.11161538008599295,3.4413305113471147,3.4413305113471147,1.944259260597776,1.4970712507493384,-0.0,0,0.01,0.01,0.16462213270386772,0.30685780942256935,60.42478340375126,0.01,0.09915747303084482,0.19585912055848867,6.593890694105966,0.01,0.09410295182467945,0.18348692403944816,6.405968849998647,0.01,0.113511352933116,0.38655171487884044,5.40795801334395,0.01,0.11085531131665989,0.30366424592946784,3.65149799678591,0.01,0.07457730495626082,0.12822568196596873,8.761440553506977
3.0300000000000002,78.2010319619259,74.50577283877213,3.6952591231537673,0.2146040738184998,30.805727322095155,0.11172031951946823,3.4416256994540833,3.4416256994540833,1.934833152401756,1.5067925470523273,-0.0,0,0.01,0.01,0.16466272470406357,0.3069005422335383,60.54482205732754,0.01,0.09919997643228862,0.19590185336945756,6.581377694698702,0.01,0.09414532055789443,0.18352965685041706,6.3942388348413415,0.01,0.11341057104936568,0.38645287451552734,5.425223190433141,0.01,0.11075545424720584,0.3035654055661547,3.6603327428227113,0.01,0.07453341148765875,0.12818199865136207,8.776601600653263
3.04,78.30395985540736,74.62705527666455,3.676904578742798,0.2087907429277683,30.778184399857253,0.11182236754198557,3.441689448235844,3.441689448235844,1.925222735421508,1.516466712814336,-0.0,0,0.01,0.01,0.1647022671316124,0.306942158562899,60.66106714236319,0.01,0.09924140523413282,0.1959434696988183,6.568250512024639,0.01,0.09418661517076364,0.1835712731797778,6.381897290858782,0.01,0.11331223747953684,0.38635656025570747,5.443199637886247,0.01,0.11065807054322967,0.3034690913063348,3.6696332923156225,0.01,0.07449060312858079,0.12813941128879988,8.79255445379988
3.0500000000000003,78.40328749999998,74.74495071803129,3.6583367819686923,0.20278431499423888,30.750081725570215,0.11192144193212392,3.4415934862564717,3.4415934862564717,1.9155006597650281,1.5260928264914435,-0.0,0,0.01,0.01,0.16474072382326432,0.3069826199296385,60.773359103405014,0.01,0.09928172268454978,0.19598393106555784,6.554479613850139,0.01,0.094226798843443,0.18361173454651733,6.3689161779800125,0.01,0.11321644102649381,0.38626286588730463,5.461934133167172,0.01,0.11056325160061575,0.30337539693793203,3.679421624153643,0.01,0.07444892271956928,0.12809796303287815,8.809323259775795
3.06,78.49904530014817,74.85935119402113,3.639694106127045,0.19659411838498336,30.722082342430888,0.11201746251938574,3.4414097073107346,3.4414097073107346,1.9057393775204656,1.5356703297902687,-0.0,0,0.01,0.01,0.16477805899326725,0.3070218886152231,60.8815677261429,0.01,0.09932089177539483,0.19602319975114235,6.5400626471549534,0.01,0.094265834588374,0.18365100323210182,6.35529392202531,0.01,0.11312327277686383,0.3861718834745244,5.48143798121589,0.01,0.11047108958075462,0.30328441452515176,3.6896981562719606,0.01,0.07440841286658523,0.1280576962966745,8.826895646363747
3.0700000000000003,78.59126552696289,74.97015706643792,3.621108460524963,0.19023978873737443,30.694818016057567,0.11211035625352667,3.4412069829173824,3.4412069829173824,1.8960079562395116,1.545199026677871,-0.0,0,0.01,0.01,0.1648142392288163,0.3070599297616277,60.98559816917112,0.01,0.09935887730491247,0.19606124089754706,6.525024372065076,0.01,0.0943036873101008,0.18368904437850658,6.341055334330396,0.01,0.11303282120891615,0.38608369847450674,5.5016868915291495,0.01,0.11038167248806786,0.30319622952513414,3.700441992281894,0.01,0.07436911375610165,0.12801865058228343,8.84522371690077
3.08,78.67998233600002,75.0772826023484,3.6026997336516176,0.18375011842136807,30.668862215866238,0.1122000617964621,3.441048235847373,3.441048235847373,1.8863691693883045,1.5546790664590686,-0.0,0,0.01,0.01,0.1648492353296456,0.3070967132896313,61.08539533530096,0.01,0.09939564780718364,0.19609802442555055,6.509415417022694,0.01,0.094340325728281,0.18372582790651004,6.326250383538221,0.01,0.1129451675231833,0.38599838525656827,5.522622440878556,0.01,0.1102950795405068,0.30311091630719567,3.711612113650066,0.01,0.07433106112106695,0.12798086048440738,8.864226639934685
3.09,78.76523178503703,75.18066077636395,3.5845710086730818,0.17716151599574068,30.644706876652627,0.11228653344091832,3.440987903492395,3.440987903492395,1.8768769911863847,1.5641109123060102,-0.0,0,0.01,0.01,0.16488302391091642,0.30713221555332787,61.18094639913876,0.01,0.09943117726316514,0.1961335266892471,6.493309929212803,0.01,0.09437572407911776,0.18376133017020663,6.31095189102475,0.01,0.11286038140749337,0.38591600322249087,5.544155020068989,0.01,0.11021137704086323,0.3030285342731182,3.72314944397695,0.01,0.07429428444915732,0.1279443539561703,8.883794682139659
3.1,78.84705185185186,75.28024710202874,3.5668047498231226,0.17051616204424289,30.62274388537981,0.11236974419886629,3.4410698970675258,3.4410698970675258,1.8675745998055837,1.5734952972619423,-0.0,0,0.01,0.01,0.16491558870259773,0.3071664206621228,61.272281393279194,0.01,0.09946544652184736,0.19616773179804212,6.476802232955275,0.01,0.0944098635242007,0.1837955352790016,6.295252259348554,0.01,0.11277851741959487,0.38583659369128825,5.566168107203408,0.01,0.11013061492571107,0.3029491247419156,3.7349796781645543,0.01,0.07425880551026429,0.1279091509110019,8.903794472556111
3.11,78.92548245200003,75.37602234675312,3.5494601052469057,0.16385995985455334,30.603251980587892,0.11244968794774308,3.441326135403259,3.441326135403259,1.8584929651422888,1.5828331702609701,-0.0,0,0.01,0.01,0.1649469214953117,0.3071993214196655,61.359471849272616,0.01,0.09949844437657283,0.1962006325555848,6.460002646250856,0.01,0.09444273321233036,0.18382843603654428,6.279259380265531,0.01,0.11269961213433491,0.3857601776698746,5.588523658709327,0.01,0.11005282413031824,0.302872708720502,3.747016738613031,0.01,0.0742246372623541,0.1278752622159094,8.924075233508143
3.12,79.00056545659262,75.46799404319259,3.5325714134000346,0.1572403863838252,30.586389470494325,0.11252638057122298,3.441775701856492,3.441775701856492,1.8496500667698101,1.5921256350866815,-0.0,0,0.01,0.01,0.1649770227012524,0.30723091984927425,61.442627587704656,0.01,0.0995301682599964,0.19623223098519357,6.443032640865454,0.01,0.09447433095840302,0.18386003446615307,6.263091903640625,0.01,0.1126236821604615,0.3856867545842898,5.611068363948832,0.01,0.10997801486401987,0.30279928563491715,3.7591666939696817,0.01,0.07419178317463873,0.12784268911069252,8.944475670805707
3.13,79.07234471007408,75.5561967708792,3.516147939194876,0.1507043505344015,30.572192884760682,0.11259986008139425,3.4424246412054496,3.4424246412054496,1.8410507557849187,1.6013738854205306,-0.0,0,0.01,0.01,0.16500590151831476,0.30726122729638383,61.52189184771169,0.01,0.0995606245405641,0.19626253843230312,6.4260195626107475,0.01,0.09450466352288481,0.18389034191326262,6.2468740797255755,0.01,0.11255072308681066,0.385616301997048,5.6336404713696595,0.01,0.1099061758436224,0.30272883304767534,3.7713319547805395,0.01,0.07416023698547324,0.12781142306576493,8.964831185797738
3.14,79.14086604799994,75.64069124216218,3.500174805837763,0.14429616192312777,30.560581388467003,0.11267018575816579,3.4432663819161213,3.4432663819161213,1.8326872427166663,1.610579139199455,-0.0,0,0.01,0.01,0.1650335757050157,0.3072902641193278,61.59743503421362,0.01,0.09958982842278016,0.19629157525524715,6.409091153887915,0.01,0.0945337464948416,0.18391937873620667,6.23073041235885,0.01,0.11248070937123118,0.3855487762873142,5.656076866270197,0.01,0.109837274484803,0.30266130733794155,3.7834155462515944,0.01,0.07412998289066439,0.12778144606936337,8.984981056702269
3.15,79.20617731481471,75.72156228307892,3.4846150317357822,0.13805570435418044,30.55136651885401,0.11273743638719952,3.4442827394613214,3.4442827394613214,1.8245401640482828,1.6197425754130386,-0.0,0,0.01,0.01,0.16506007099218192,0.30731805899930165,61.66944743469234,0.01,0.09961780347200447,0.19631937013522097,6.392370136633784,0.01,0.0945616037999947,0.18394717361618043,6.214780376537153,0.01,0.11241359514037168,0.3854841142244951,5.67822006515395,0.01,0.1097712580055415,0.3025966452751224,3.795325253016565,0.01,0.07410099613705201,0.1277527313142051,9.00477523937337
3.16,79.26832838162963,75.79891584988192,3.4694125317477047,0.1320168946799739,30.544266568465204,0.11280170771751158,3.4454454299017723,3.4454454299017723,1.8165801536684922,1.6288652762332798,-0.0,0,0.01,0.01,0.16508542017385186,0.3073446479176753,61.738131309941885,0.01,0.09964458080125779,0.19634595905359462,6.375969118172047,0.01,0.0945882668720146,0.1839737625345541,6.19913345787594,0.01,0.11234931582652669,0.38542223532476005,5.699924791958799,0.01,0.10970805535358091,0.3025347663753874,3.8069774356177897,0.01,0.07407324397735786,0.1277252442351321,9.024080458307397
3.17,79.32737116400006,75.87287526322083,3.4544959007792313,0.12620649050439586,30.538924743179603,0.11286310929230545,3.4467180009589704,3.4467180009589704,1.808769823957348,1.6379481770016222,-0.0,0,0.01,0.01,0.1651096619336169,0.3073700728631154,61.803692791370864,0.01,0.09967019797180275,0.19637138399903473,6.359986072404384,0.01,0.09461377353953114,0.18399918747999422,6.183884761167156,0.01,0.1122877905309868,0.3853630448459786,5.721063819075914,0.01,0.1096475798337086,0.30247557589660595,3.8183003342453774,0.01,0.07404668692630294,0.12769894383388375,9.04278529844521
3.18,79.38335963970368,75.94357687260366,3.4397827671000254,0.12064329030122542,30.534930078558112,0.11292176083024229,3.4480580712991107,3.4480580712991107,1.8010660451777016,1.646992026121409,-0.0,0,0.01,0.01,0.16513283947312626,0.307394380341598,61.86633401783326,0.01,0.09969469767056043,0.19639569147751726,6.3445006232602985,0.01,0.0946381666925689,0.18402349495847675,6.169111409672376,0.01,0.11222892497331222,0.3853064372511057,5.741532791911574,0.01,0.10958973228187341,0.3024189683017331,3.829236702038036,0.01,0.07402128024560756,0.12767378421555692,9.060804064395139
3.19,79.43634986651851,76.01116538255685,3.4251844839616536,0.11533774817643408,30.531840008337095,0.11297778834836039,3.4494197583479105,3.4494197583479105,1.7934224020006129,1.6559973563472974,-0.0,0,0.01,0.01,0.1651549990162895,0.30741761976893833,61.9262459182103,0.01,0.09971812623532036,0.19641893090485765,6.329571316420586,0.01,0.09466149279991064,0.18404673438581715,6.154869915909177,0.01,0.112172614863816,0.3852522999541701,5.761253808803474,0.01,0.10953440461296547,0.3023648310047975,3.839745646868673,0.01,0.07399697557722082,0.12764971625402016,9.078079243660508
3.2,79.4864000000001,76.07578907839219,3.4106109216079172,0.11029200393224906,30.529203447137416,0.11303132022191537,3.4507561709533916,3.4507561709533916,1.7857917025960912,1.6649644683573004,-0.0,0,0.01,0.01,0.16517618826562522,0.30743984182776274,61.98360199488889,0.01,0.09974053210297301,0.19644115296368206,6.3152340110878145,0.01,0.0946838003530173,0.18406895644464155,6.141194650847012,0.01,0.11211874952304675,0.3852005171571502,5.780177595995376,0.01,0.1094814835581616,0.3023130482077776,3.8498036048804694,0.01,0.07397372264024248,0.12762668930074406,9.094582489529326
3.21,79.53357031125918,76.13759518388423,3.3959751273749483,0.10550030848668267,30.526583274689727,0.1130824833707554,3.452021845526081,3.452021845526081,1.7781284186558,1.673893426870281,-0.0,0,0.01,0.01,0.16519645488625495,0.30746109686896594,62.038553391191705,0.01,0.09976196425658229,0.19646240800488526,6.301501459319326,0.01,0.09470513831254145,0.18409021148584476,6.128097474968262,0.01,0.11206721556751124,0.3851509735900055,5.798284195768055,0.01,0.10943085440625983,0.30226350464063284,3.8594044181179368,0.01,0.0739514709075102,0.12760465285312933,9.1103141217856
3.22,79.57792320474071,76.19672556633333,3.3811976384073796,0.10094980613797097,30.52357718728678,0.11313139974720224,3.4531750124895235,3.4531750124895235,1.7703909435259635,1.68278406896356,-0.0,0,0.01,0.01,0.1652158450884242,0.307481433431948,62.09122544133408,0.01,0.09978247074412279,0.19648274456786724,6.288364071299753,0.01,0.0947255546302723,0.18411054804882673,6.115568526561766,0.01,0.11201790048513893,0.3851035579792735,5.815582169348796,0.01,0.10938240457107092,0.3022160890299008,3.8685585388649537,0.01,0.07393017118249806,0.12758355810415933,9.125301224049949
3.23,79.619523236,76.25331297786353,3.366210258136485,0.09662161952056798,30.51983600730589,0.1131781832779514,3.4541795932478867,3.4541795932478867,1.7625435695666969,1.6916360236811898,-0.0,0,0.01,0.01,0.1652344023715651,0.30750089694878163,62.14171580884088,0.01,0.09980209733539722,0.19650220808470098,6.275791796104735,0.01,0.09474509491282707,0.18413001156566045,6.10357809532632,0.01,0.11197069593652294,0.3850581660917981,5.832106398682524,0.01,0.10933602682293449,0.3021706971424255,3.877291431045189,0.01,0.07390977700556299,0.1275633593045514,9.139594489275845
3.24,79.65843712948148,76.30747798724775,3.3509591422337395,0.09249217102772242,30.515078705054087,0.11322293738374978,3.455006845482535,3.455006845482535,1.7545581039535119,1.7004487415290233,-0.0,0,0.01,0.01,0.16525216648233007,0.3075195286855852,62.19009422846394,0.01,0.09982088637442957,0.19652083982150445,6.263736984799853,0.01,0.09476380128397757,0.18414864330246394,6.092079448348367,0.01,0.11192550063784369,0.3850147032278015,5.847914646506044,0.01,0.10929162204560937,0.30212723427842886,3.8856412808036485,0.01,0.07389024583006192,0.12754401488086226,9.153264025653298
3.25,79.69473379629628,76.3593267162292,3.3354070800670823,0.08853466637111582,30.509103578636743,0.11326575316731159,3.455636595293812,3.455636595293812,1.7464150632450215,1.7092215320487907,-0.0,0,0.01,0.01,0.1652691726263985,0.30753736496049494,62.23640378043178,0.01,0.09983887587303573,0.19653867609641423,6.252138050793461,0.01,0.09478171149072627,0.18416647957737373,6.081012425432129,0.01,0.11188222270734811,0.3849730860699027,5.863083097092316,0.01,0.10924910140867279,0.30208561712053006,3.8936561614978733,0.01,0.07387153992270064,0.1275254882674216,9.166394379998716
3.2600000000000002,79.72848435199998,76.40894945053536,3.3195349014646127,0.08472066195313818,30.50179524627951,0.11330670832397194,3.4560580173277065,3.4560580173277065,1.7381044099626908,1.7179536073650157,-0.0,0,0.01,0.01,0.1652854509599043,0.30755443666256793,62.28066355267988,0.01,0.09985609887794132,0.19655574779848725,6.240923704897276,0.01,0.09479885828477753,0.18418355127944674,6.070307585019762,0.01,0.11184078138781404,0.3849332438299373,5.877701146500462,0.01,0.10920838787845039,0.30204577488056467,3.901390820821323,0.01,0.07385362695784463,0.12750774842569323,9.179079063363561
3.27,79.75976213437038,76.45642015088993,3.3033419834804603,0.08102163775598889,30.49312732033224,0.11334586679284546,3.4562699473476544,3.4562699473476544,1.729625817932825,1.7266441294148291,-0.0,0,0.01,0.01,0.16530102637181612,0.3075707690804771,62.322872485979325,0.01,0.09987258312945983,0.19657208021639636,6.230017521449062,0.01,0.0948152690966063,0.18419988369735585,6.05989066232689,0.01,0.11180110809090002,0.3848951186716538,5.891865738929259,0.01,0.10916941702556981,0.3020076497222812,3.9089032690557954,0.01,0.07383648029157651,0.12749077004083886,9.19141487348152
3.2800000000000002,79.78864272118523,76.5017968455446,3.286845875640626,0.077410501222391,30.483160842352365,0.11338327913056159,3.4562807345702433,3.4562807345702433,1.7209884760657501,1.7352922585044934,-0.0,0,0.01,0.01,0.16531591855425817,0.3075863820347768,62.3630141531856,0.01,0.09988835101510339,0.19658769317069605,6.219342587262525,0.01,0.09483096600465808,0.18421549665165554,6.0496870977802,0.01,0.1117631467439099,0.3848586654227609,5.9056755543439605,0.01,0.10913213712266115,0.3019711964733883,3.916251347634183,0.01,0.07382007891721108,0.12747453340108789,9.20349630188439
3.29,79.81520394799998,76.54512284519286,3.2700811028071195,0.07386295467889419,30.472038754395374,0.11341898355663012,3.456107662421765,3.456107662421765,1.7122104615369427,1.7438972008848221,-0.0,0,0.01,0.01,0.16533014234426657,0.3076012902934988,62.40106219552519,0.01,0.0999034198073172,0.1966026014294181,6.20882599574029,0.01,0.09484596598806179,0.1842304049103776,6.039626404992007,0.01,0.1117268534535402,0.3848238506227319,5.919225343081753,0.01,0.10909650855976528,0.30193638167335923,3.923489447491342,0.01,0.07380440711901258,0.12745902398026135,9.215410292301222
3.3000000000000003,79.839525925926,76.58642868532598,3.2530972406000136,0.0703586686874043,30.459976854422102,0.11345300759055493,3.4557759852728784,3.4557759852728784,1.7033177320803716,1.7524582531925068,-0.0,0,0.01,0.01,0.16534370830845074,0.3076155042384894,62.43698612546324,0.01,0.09991780216149371,0.19661681537440867,6.198402971832655,0.01,0.094860281438279,0.18424461885536814,6.029646170839517,0.01,0.11169219553298128,0.3847906509818424,5.93260067814313,0.01,0.10906250263608108,0.3019031820324698,3.9306655287575145,0.01,0.07378945385433971,0.12744423175683356,9.227231584059892
3.31,79.86169105940743,76.62573467154884,3.2359563878585966,0.06688221568344438,30.447251826674865,0.11348537017708629,3.455317644425164,3.455317644425164,1.6943428025722551,1.7609748418529088,-0.0,0,0.01,0.01,0.16535662353194566,0.3076290307396981,62.470757206316655,0.01,0.09993150683914066,0.19663034187561734,6.188020446113119,0.01,0.09487392089394824,0.18425814535657684,6.019695512353752,0.01,0.11165914996685158,0.3847590513509812,5.945873358606281,0.01,0.10903009981343598,0.30187158240160855,3.9378185692573124,0.01,0.07377521190582272,0.12743015031372723,9.239018832499179
3.3200000000000003,79.88178406400007,76.66305388111932,3.218730182880756,0.0634237317092725,30.43418704592334,0.11351608417830858,3.4547697386034226,3.4547697386034226,1.6853231827376525,1.76944655586577,-0.0,0,0.01,0.01,0.16536889256529283,0.3076418741869446,62.502354131296215,0.01,0.09994453961203294,0.19664318532286393,6.177639935245578,0.01,0.0948868899542791,0.18427098880382342,6.00973785323544,0.01,0.1116277014116492,0.384729042319987,5.95909765168919,0.01,0.10899928753824197,0.3018415733706144,3.944976541063155,0.01,0.07376167685403116,0.127416775771247,9.250811650944453
3.33,79.89989198414816,76.69839545966205,3.201496524486104,0.05997928830307022,30.42113692436313,0.11354515910009517,3.4541728320825915,3.4541728320825915,1.6762996603031333,1.7778731717794583,-0.0,0,0.01,0.01,0.16538051847770174,0.3076540376237242,62.531768247339734,0.01,0.09995690429671301,0.19665534875964344,6.167239627767889,0.01,0.09489919232004095,0.1842831522406029,5.999752923319135,0.01,0.11159783984680463,0.3847006175740931,5.9723075100036835,0.01,0.10897005775395444,0.3018131486247205,3.9521549839309262,0.01,0.07374884592714387,0.12740410561092047,9.26262866852507
3.34,79.91610421096311,76.73176804590076,3.184336165062341,0.056550970994305665,30.408470600488613,0.11357260391601232,3.4535691872009986,3.4535691872009986,1.6673145171200243,1.786254670080974,-0.0,0,0.01,0.01,0.1653915039626474,0.3076655239254901,62.55900810084828,0.01,0.09996860386501316,0.19666683506140942,6.156815616714001,0.01,0.09491083090765176,0.1842946385423689,5.989737925610022,0.01,0.1115695580024501,0.3846737711432613,5.985514847473018,0.01,0.10894240423477257,0.30178630219388863,3.9593562134329763,0.01,0.07373671678723669,0.1273921374504168,9.274466646802495
3.35,79.9305125000001,76.76318315924607,3.1673293407540357,0.053146674742277286,30.39655576087778,0.11359842985389078,3.453001007401954,3.453001007401954,1.6584097647353802,1.7945912426665742,-0.0,0,0.01,0.01,0.1654018524419184,0.3076763369655062,62.58410312175607,0.01,0.09997964157538407,0.19667764810142555,6.146382261260266,0.01,0.09492180898113065,0.18430545158238504,5.979707854879653,0.01,0.11154284869446204,0.38464849467783824,5.998708904958162,0.01,0.1089163198734211,0.30176102572846564,3.9665691712657556,0.01,0.07372528631295999,0.12738086782918623,9.286300648611155
3.36,79.94321098903704,76.79265839470808,3.1505525943289583,0.04977963944272902,30.3857433409335,0.11362265301859391,3.4525087723389376,3.4525087723389376,1.6496254808486865,1.802883291490251,-0.0,0,0.01,0.01,0.16541156911692506,0.3076864827146649,62.60710630782924,0.01,0.09999002207162191,0.1966877938505842,6.1359716982605885,0.01,0.0949321312486155,0.1843155973315437,5.969694989293953,0.01,0.11151770219531144,0.38462477487641067,6.0118566866127034,0.01,0.10889179405156504,0.30173730592703807,3.973769896561501,0.01,0.0737145494357116,0.12737029106115133,9.29808520543804
3.37,79.95429621585191,76.82022028609187,3.134075929760039,0.04646775978523838,30.37635377289455,0.1136452967383254,3.452129738348951,3.452129738348951,1.6409983194544564,1.8111314188944945,-0.0,0,0.01,0.01,0.16542066192104354,0.30769597022732226,62.628095820942455,0.01,0.09999975239984635,0.19669728136324152,6.125632559120162,0.01,0.09494180487452088,0.18432508484420101,5.959747610059852,0.01,0.11149410376119911,0.3846025911785953,6.0249044019111215,0.01,0.10886881021124892,0.30171512222922264,3.9809225707924836,0.01,0.07370449808117027,0.12736039820496026,9.309756387360217
3.38,79.96386713600002,76.84590672071387,3.1179604152861535,0.043232712818117656,30.368665344145228,0.11366639354024331,3.45189666629956,3.45189666629956,1.6325602558077934,1.8193364104917666,-0.0,0,0.01,0.01,0.16542914233368516,0.3077048124728744,62.647175460735625,0.01,0.10000884290094775,0.1967061236087937,6.115427978860596,0.01,0.09495084036487246,0.18433392708975319,5.9499280345693135,0.01,0.11147203142256897,0.38458191381762297,6.0377798072407804,0.01,0.10884734373048482,0.3016944448682503,3.987981065670681,0.01,0.07369512026060304,0.12735117619435582,9.321234642426345
3.39,79.97202514059256,76.86976881565383,3.1022563249387356,0.040098953217177255,30.36290510212413,0.11368598668311622,3.4518368251008056,3.4518368251008056,1.6243376133300003,1.8274992117708055,-0.0,0,0.01,0.01,0.1654370260252099,0.30771302698201075,62.664474034662895,0.01,0.10001730794376487,0.19671433811793002,6.105433010794609,0.01,0.0949592522914736,0.1843421415988895,5.940310074453712,0.01,0.11145145412730516,0.38456270230600376,6.050395305752993,0.01,0.10882736018671099,0.30167523335663116,3.994890903850336,0.01,0.0736863993471354,0.12734260716159074,9.332428242536704
3.4,79.97887407407406,76.89187219536686,3.0870018787071953,0.03709263022433622,30.359242600906825,0.11370413119907945,3.4519713037981914,3.4519713037981914,1.6163504039607357,1.8356208998374557,-0.0,0,0.01,0.01,0.16544433331129185,0.3077206362868567,62.68014369679419,0.01,0.10002516647349306,0.19672194742277604,6.095731582565371,0.01,0.09496705982985797,0.18434975090373554,5.930976051651313,0.01,0.11143233030481456,0.3845449044034743,6.062651635669895,0.01,0.1088088140694223,0.3016574354541016,4.001591526782012,0.01,0.07367831356169986,0.1273346679760515,9.343237150341606
3.41,79.98452025200004,76.9122976417622,3.072222610237844,0.03424048141849321,30.357786636228724,0.11372089442196821,3.4523146489432044,3.4523146489432044,1.6086119970859447,1.8437026518572595,-0.0,0,0.01,0.01,0.16545108940538417,0.3077276681449974,62.69435737604107,0.01,0.10003244235974922,0.19672897928091668,6.08641314593034,0.01,0.0949742870959518,0.18435678276187617,5.922013521876305,0.01,0.11141460689595935,0.38452845559110455,6.074441956247592,0.01,0.10879164797904876,0.30164098664173195,4.008018753303135,0.01,0.07367083568220927,0.12732733000891802,9.353557108243402
3.42,79.98907247881486,76.93114111903222,3.057931359782641,0.03156875694104349,30.358584967659798,0.11373635600495799,3.452874827688521,3.452874827688521,1.6011291158458318,1.8517457118426892,-0.0,0,0.01,0.01,0.16545732446802006,0.3077341555481247,62.707305456718,0.01,0.10003916453883127,0.19673546668404399,6.077569183598829,0.01,0.09498096327650646,0.18436327016500348,5.913511865400833,0.01,0.1113982188696562,0.38451327905016086,6.085656127889898,0.01,0.10877579232437262,0.3016258101007882,4.0141073069303985,0.01,0.07366393297821061,0.1273205591233605,9.363283746521105
3.43,79.99264206562968,76.94851320506568,3.0441288605640047,0.02910222369760928,30.36162688598872,0.11375060745412384,3.4536535015766754,3.4536535015766754,1.5939021441547574,1.8597513574219182,-0.0,0,0.01,0.01,0.16546307346133513,0.3077401365262456,62.71919190749004,0.01,0.10004536695452453,0.19674144766216495,6.069289740274426,0.01,0.09498712255818521,0.18436925114312444,5.905558908695883,0.01,0.11138308922309129,0.3844992861203342,6.0961849791851765,0.01,0.10876116550664094,0.3016118171709616,4.019793289872708,0.01,0.07365756736242082,0.12731431587901593,9.372316513150086
3.44,79.99534284799995,76.964537987827,3.0308048601729487,0.026863292705150078,30.366848357042187,0.11376375122594753,3.454646582006621,3.454646582006621,1.5869257138639292,1.867720868142692,-0.0,0,0.01,0.01,0.16546837582595983,0.3077456537675436,62.73023007612558,0.01,0.10005108831088856,0.19674696490346294,6.061660141581133,0.01,0.09499280386925868,0.18437476838442243,5.898237736766657,0.01,0.11136912944003172,0.38448637719037343,6.105924359393743,0.01,0.10874767455618149,0.3015989082410008,4.025016487462037,0.01,0.07365169574064526,0.12730855592981344,9.380562243278803
3.45,79.99729120370377,76.97935150745654,3.017939696247219,0.02487130456934094,30.37413936567888,0.11377589945483275,3.4558450264965574,3.4558450264965574,1.5801895297845459,1.8756554967120116,-0.0,0,0.01,0.01,0.1654732750049293,0.3077507540817053,62.74063837653015,0.01,0.10005637165843498,0.19675206521762464,6.054758053028209,0.01,0.09499805045580857,0.18437986869858414,5.8916238444381746,0.01,0.11135624036162872,0.38447444295597943,6.114778790201636,0.01,0.10873521616774921,0.3015869740066068,4.0297223982413755,0.01,0.07364627053307514,0.1273032305860534,9.387938210411903
3.46,79.99860607051845,76.99309984214341,3.0055062283750416,0.023141998570410563,30.38335299978194,0.11378717239061731,3.4572358255911673,3.4572358255911673,1.573679381230233,1.8835564443609343,-0.0,0,0.01,0.01,0.16547781784518673,0.3077554877404955,62.750636090898766,0.01,0.1000612638416735,0.19675679887641473,6.048651012028804,0.01,0.09500290932085302,0.18438460235737422,5.885782755620732,0.01,0.11134431340722566,0.38446336596574915,6.122664555041126,0.01,0.1087236780648295,0.30157589701637655,4.033863901540054,0.01,0.07364124033320857,0.1272982875053331,9.39437453316114
3.47,79.99940896399997,77.00593694744497,2.9934720165549966,0.02168718056672345,30.394315756705662,0.11379769663542971,3.4588031239230523,3.4588031239230523,1.5673782826559668,1.8914248412670855,-0.0,0,0.01,0.01,0.16548205391140866,0.30775990773336814,62.76043949280362,0.01,0.10006581484094192,0.19676121886928744,6.043394539386137,0.01,0.09500743055966959,0.18438902235024696,5.880768213200841,0.01,0.11133323206962747,0.38445302236651197,6.129512096788277,0.01,0.1087129406112909,0.3015655534171393,4.037402495547711,0.01,0.07363655066588586,0.1272936714726696,9.399815849107995
3.48,79.99982399525919,77.01802236440888,2.9818016308503137,0.02051459447304281,30.406838525058788,0.11380760327380697,3.4605294156706004,3.4605294156706004,1.561267682990235,1.8992617326803654,-0.0,0,0.01,0.01,0.16548603474915063,0.30776406897786796,62.77025846961502,0.01,0.10007007704460544,0.19676538011378725,6.0390309044298425,0.01,0.09501166662766676,0.18439318359474674,5.876621010206217,0.01,0.11132287360046883,0.3844432837547734,6.135267633617308,0.01,0.10870287858146896,0.3015558148054007,4.040309063134111,0.01,0.07363214480330321,0.12728932522809433,9.404222208390616
3.49,79.99997788874083,77.02951891164834,2.970458977092489,0.019627991990042552,30.42072769302374,0.1138170259898134,3.462396754465919,3.462396754465919,1.5553286833706026,1.9070680710953165,-0.0,0,0.01,0.01,0.16548981313468444,0.30776802752450083,62.780293785958705,0.01,0.10007410448906214,0.19676933866042012,6.035588581488944,0.01,0.09501567157839372,0.18439714214137962,5.873368496967442,0.01,0.11131311079691752,0.38443401904114904,6.139893946026738,0.01,0.10869336299708378,0.3015465500917764,4.0425641487727635,0.01,0.07362796459738005,0.1272851903000642,9.407569181728853
3.5,80.0,77.04059047079055,2.959409529209451,0.019027386056360913,30.435795858900704,0.11382609926025784,3.464387920500176,3.464387920500176,1.5495432059880065,1.9148447145121696,-0.0,0,0.01,0.01,0.1654934423474709,0.30777183979378,62.79073508768578,0.01,0.10007795210355132,0.1967731509296993,6.03308239722765,0.01,0.09501950030871704,0.1844009544106588,5.871024761459699,0.01,0.11130381380094143,0.3844250962393121,6.143370332740852,0.01,0.10868426294122101,0.3015376272899395,4.044157756077297,0.01,0.07362395128840131,0.12728120780511798,9.40984721840938
3.5100000000000002,79.99997788874074,77.05139996408548,2.9485779246552757,0.018709465581139686,30.451667238268733,0.11383495670448762,3.4664642216477852,3.4664642216477852,1.5438717911056754,1.9225924305421098,-0.0,0,0.01,0.01,0.16549697549815393,0.30777556187948657,62.80175970020465,0.01,0.10008167499464254,0.19677687301540583,6.03151433098631,0.01,0.0950232078459465,0.1844046764963653,5.8695914436169065,0.01,0.11129485182650921,0.3844163840996013,6.145691776825795,0.01,0.10867544726559471,0.30152891515022867,4.045088700153638,0.01,0.0736200462532387,0.12727731917806462,9.41106032606613
3.52,79.99982399525925,77.06210667118552,2.9377173240737275,0.01866489624035315,30.46717651649842,0.11384372889159293,3.4684969834365527,3.4684969834365527,1.5381851939389146,1.9303117894976383,-0.0,0,0.01,0.01,0.16550046473457328,0.30777924862443967,62.81352312650909,0.01,0.10008532768708646,0.19678055976035896,6.030869606957848,0.01,0.09502684858586752,0.18440836324131846,5.8690536728069835,0.01,0.11128609494531089,0.38440775427466567,6.146872495418841,0.01,0.108666786417692,0.301520285325293,4.04536765800667,0.01,0.07361619187212846,0.12727346713948137,9.411233521634765
3.5300000000000002,79.999408964,77.0728592857564,2.926549678243606,0.018866233549387084,30.48101179948813,0.11385253765695395,3.47034054372328,3.47034054372328,1.5323378282559474,1.9380027154673327,-0.0,0,0.01,0.01,0.16550395937042575,0.30778295122933425,62.82611960217832,0.01,0.10008896266241087,0.1967842623652536,6.031093456760416,0.01,0.0950304747913454,0.18441206584621309,5.8693564170933685,0.01,0.11127741719014933,0.3843990869187693,6.14696913818446,0.01,0.10865815607332367,0.30151161796939663,4.045034851915301,0.01,0.07361233352443786,0.12726959819583802,9.410450115114916
3.54,79.99860607051852,77.08378520326873,2.914820867249781,0.019266816992906402,30.491969875775254,0.1138614873336614,3.4718610417889693,3.4718610417889693,1.526196637180357,1.9456644046086125,-0.0,0,0.01,0.01,0.1655075025214173,0.30778671356368764,62.83955991903117,0.01,0.10009262744676999,0.19678802469960696,6.032072383097713,0.01,0.09503413360989744,0.18441582818056645,5.870386562721154,0.01,0.11126870270181433,0.3843902793262307,6.146103919007837,0.01,0.10864944432753894,0.3015028103768581,4.044173046438599,0.01,0.07360842325253028,0.12726566649658153,9.408865965499526
3.5500000000000003,79.9972912037037,77.09498042889993,2.9023107748037655,0.019803968882871708,30.49900529900801,0.11387065649647513,3.4729417558875157,3.4729417558875157,1.5196463680930017,1.953295387794514,-0.0,0,0.01,0.01,0.16551112772537632,0.30779056869009,62.853767597657054,0.01,0.10009636118034707,0.1967918798260093,6.033634369742716,0.01,0.09503786361800741,0.18441968330696878,5.871974013780298,0.01,0.11125985341581787,0.38438125407231943,6.144468766426579,0.01,0.10864055994442373,0.3014937851229468,4.0429065240149455,0.01,0.07360442350518186,0.1272616374697944,9.406701454688253
3.56,79.995342848,77.10650151402216,2.888841333977855,0.02040284341353012,30.50126991594511,0.1138800913724484,3.4734874050035405,3.4734874050035405,1.5125937853685612,1.9608936196349793,-0.0,0,0.01,0.01,0.16551485616829775,0.30779453608674656,62.8685817365143,0.01,0.10010019150575585,0.19679584722266588,6.035558662372191,0.01,0.09504169173011776,0.18442365070362537,5.873901735192699,0.01,0.11125079645609162,0.38437196552141584,6.14231698447603,0.01,0.1086314396746463,0.30148449657204324,4.041393746087844,0.01,0.0736003102337615,0.12725749072973894,9.404227470200816
3.5700000000000003,79.99264206562964,77.11835980712002,2.8742822585096297,0.020980643644227484,30.498141402497524,0.11388980115217562,3.4734272598413773,3.4734272598413773,1.5049706712795552,1.9684565885618222,-0.0,0,0.01,0.01,0.1655186946481814,0.307798619666752,62.88376371897757,0.01,0.10010413211099614,0.19679993080267127,6.037588926616841,0.01,0.09504563078428975,0.18442773428363077,5.875918756998827,0.01,0.11124149027720735,0.38436240447191405,6.139949222316402,0.01,0.10862205393496013,0.3014749355225414,4.039817993427482,0.01,0.07359607518059973,0.12725322215335388,9.401749682316252
3.58,79.98907247881482,77.13051816187995,2.858554316934865,0.021450976355461938,30.489240056348446,0.11389975531789157,3.4727169822465465,3.4727169822465465,1.4967355403283267,1.97598144191822,-0.0,0,0.01,0.01,0.16552263433421283,0.3078028066432846,62.899007053678815,0.01,0.10010818105858657,0.1968041177792038,6.039447641342016,0.01,0.09504967792243754,0.1844319212601633,5.87775422339007,0.01,0.1112319291056793,0.38435260082243955,6.137696896020216,0.01,0.10861241059380876,0.3014651318730669,4.038377267810689,0.01,0.0735917272941051,0.1272488450740753,9.39959215727088
3.59,79.98452025200001,77.14289012069455,2.8416301313054686,0.02172813716624567,30.474433697876766,0.11390988300191107,3.4713391770746385,3.4713391770746385,1.4878740574547766,1.9834651196198618,-0.0,0,0.01,0.01,0.16552665033655317,0.3078070672470777,62.91394962982719,0.01,0.10011231995213422,0.19680837838299697,6.040850573063977,0.01,0.09505381380954182,0.18443618186395647,5.879131438957837,0.01,0.11122214547834616,0.3843426242439292,6.135904827430472,0.01,0.1086025567722294,0.3014551552945566,4.037274145967903,0.01,0.07358729325208302,0.12724439058586737,9.398081163957855
3.6,79.97887407407407,77.15534147905204,2.8235325950220367,0.021731138676830707,30.45383108264096,0.11392007429568048,3.4693026995225615,3.4693026995225615,1.4783982096154258,1.9909044899071355,-0.0,0,0.01,0.01,0.16553070206369486,0.30781135526373243,62.928187673990735,0.01,0.10011651394045959,0.19681266639965178,6.041520503392321,0.01,0.09505800268784695,0.18444046988061127,5.8797811404317715,0.01,0.11121221082672593,0.3843325829326003,6.134914287700906,0.01,0.10859257867763643,0.3014451139832277,4.036706106958056,0.01,0.07358281711644934,0.1272399069906166,9.397529912367926
3.61,79.97202514059259,77.16769403598788,2.8043311046047203,0.021387318023015998,30.427764722757228,0.1139301833468475,3.4666408136984694,3.4666408136984694,1.4683443327432566,1.9982964809552128,-0.0,0,0.01,0.01,0.16553473430994411,0.30781560932393554,62.94129072363801,0.01,0.10012071251728753,0.19681692045985485,6.041199581170617,0.01,0.09506219322120897,0.18444472394081435,5.879453403884693,0.01,0.11120223416820138,0.3843226205993265,6.13504732172849,0.01,0.10858259957920138,0.3014351516499538,4.036856748930114,0.01,0.0735783591799494,0.1272354584578689,9.398224833753918
3.62,79.963867136,77.17973125006536,2.784135885934646,0.020635387625430237,30.396764438838712,0.11394003301115531,3.4634083435935947,3.4634083435935947,1.4577701409746657,2.005638202618929,-0.0,0,0.01,0.01,0.16553867898592123,0.30781975485015084,62.95281697693239,0.01,0.10012485103819811,0.19682106598607016,6.039659850199858,0.01,0.09506632004934025,0.18444886946702965,5.877927767167171,0.01,0.1111923590562759,0.38431291191983197,6.136593003182322,0.01,0.10857277611246087,0.3014254429704593,4.03788821295172,0.01,0.07357399409789862,0.12723112299658576,9.40041387763249
3.63,79.95429621585185,77.19120545121831,2.763090764633549,0.019427823437525728,30.36152330738057,0.11394942076940798,3.4596779945528957,3.4596779945528957,1.4467509412290935,2.012927053323802,-0.0,0,0.01,0.01,0.16554245738082213,0.3078237065395443,62.96232842829974,0.01,0.10012885284642654,0.1968250176754636,6.036711670390057,0.01,0.09507030594238629,0.18445282115642309,5.875021306147709,0.01,0.11118275901746211,0.38430365672589306,6.139796075300251,0.01,0.1085632931664952,0.3014161877765204,4.03993503682999,0.01,0.07356980842459397,0.12722698986350542,9.404297168237992
3.64,79.94321098903703,77.2018462077564,2.741364781280619,0.017732517733432443,30.322857922011323,0.1139581255785395,3.455536050976778,3.455536050976778,1.4353752429468303,2.0201608080299476,-0.0,0,0.01,0.01,0.1655459828271614,0.3078273712452948,62.969405248023136,0.01,0.10013263187611082,0.19682868238121407,6.0322098955700785,0.01,0.09507406442398719,0.18445648586217356,5.870594540608735,0.01,0.11117363176169032,0.3842950732591726,6.144848260382132,0.01,0.10855435765790207,0.3014076043098,4.043099575026689,0.01,0.07356589769430102,0.1272231565512804,9.410020238638799
3.65,79.93051249999999,77.21136941589742,2.7191430841025723,0.015533657483045037,30.281665045648015,0.1139659153007291,3.4510776737573705,3.4510776737573705,1.423739989512689,2.0273376842446815,-0.0,0,0.01,0.01,0.1655491636271831,0.30783065110739716,62.97365891170393,0.01,0.10013609558634125,0.19683196224331645,6.026057787432197,0.01,0.09507750271631218,0.18445976572427594,5.8645551543008265,0.01,0.11116519249550666,0.38428739083561003,6.1518823727504754,0.01,0.10854619153063633,0.3013999218862374,4.047449045615582,0.01,0.0735623632001761,0.12721972551145783,9.417669948683386
3.66,79.91610421096297,77.21948666679674,2.6966175441662323,0.012831823658577391,30.23887679237755,0.11397255434577934,3.446402028574576,3.446402028574576,1.4119456443823308,2.034456384192245,-0.0,0,0.01,0.01,0.16555190609522066,0.3078334467797188,62.97474363225579,0.01,0.1001391480720597,0.19683475791563806,6.018208730150653,0.01,0.09508052485367513,0.18446256139659756,5.856859592493448,0.01,0.11115766669205539,0.38428084227900194,6.160969247819581,0.01,0.10853902433900132,0.3013933733296293,4.053014202681681,0.01,0.07355930863091717,0.12721680077236375,9.42727309309591
3.67,79.89989198414816,77.22591445306287,2.67397753108528,0.009643340360699965,30.195416444304907,0.11397781116931362,3.441607473667772,3.441607473667772,1.4000913612536148,2.041516112414157,-0.0,0,0.01,0.01,0.16555411757192048,0.30783566060241463,62.97236569980204,0.01,0.10014169319827083,0.19683697173833392,6.008665868064743,0.01,0.09508303481202539,0.18446477521929341,5.847512653570229,0.01,0.11115128267884639,0.3842756564775571,6.172117402741321,0.01,0.10853308577269276,0.3013881875281845,4.0597895814127565,0.01,0.07355683672432543,0.12721448461001664,9.438797617018887
3.68,79.881784064,77.2303828024312,2.65140126156881,0.005998934316601283,30.152156884418428,0.11398146529191247,3.4367870233976388,3.4367870233976388,1.388270454177214,2.048516569220425,-0.0,0,0.01,0.01,0.16555570927410823,0.3078371995775708,62.966290397850244,0.01,0.10014363761158998,0.19683851071349004,5.997479826169323,0.01,0.09508493950930763,0.18446631419444953,5.836565225857253,0.01,0.11114626439427219,0.3842720513972722,6.1852752677980165,0.01,0.10852859846846123,0.3013845824478996,4.0677352208870765,0.01,0.07355504608950382,0.12721287442152304,9.45215627585756
3.69,79.8616910594074,77.23264296920172,2.6290480902056865,0.0019417938888922307,30.109883419787426,0.1139833135407166,3.4320242825120544,3.4320242825120544,1.3765663610207435,2.055457921491311,-0.0,0,0.01,0.01,0.16555659885763876,0.30783797802067014,62.95634624320517,0.01,0.10014489349701733,0.19683928915658946,5.984744698865377,0.01,0.09508615154559096,0.18446709263754899,5.824110345350765,0.01,0.11114282463814376,0.3842702278519825,6.200335766464311,0.01,0.1085257714239021,0.30138275890260985,4.076779732958381,0.01,0.07355402833555448,0.12721205993541337,9.467212501554494
3.7,79.83952592592593,77.23247384769867,2.6070520782272566,-0.0024751642937068147,30.06926260879042,0.1139831752433878,3.427390029377207,3.427390029377207,1.365049276080792,2.062340753296415,0.0,0,0.01,0.01,0.1655566905358856,0.3078379197720278,62.94421928759023,0.01,0.100145380965884,0.19683923090794708,5.970592326819141,0.01,0.09508659156981576,0.18446703438890658,5.810277574129448,0.01,0.1111411591039738,0.38427036430321465,6.217143136881892,0.01,0.10852479421990334,0.301382895353842,4.086825334493964,0.01,0.07355384699103816,0.12721212088156011,9.485170348001198
3.71,79.815203948,77.22968778544411,2.5855161625558947,-0.007183461506157564,30.03081383613374,0.11398089693334057,3.4229390966806976,3.4229390966806976,1.3537730970038786,2.069165999676819,0.0,0,0.01,0.01,0.16555587453012136,0.3078369602013686,62.93365684317238,0.01,0.10014485508784982,0.1968382713372879,5.959731122788496,0.01,0.09508600955680413,0.1844660748182474,5.8002535396559125,0.01,0.11114125537288604,0.38427261214544195,6.237232935945779,0.01,0.10852543773028396,0.30138514319606935,4.1013123141369405,0.01,0.07355442991030944,0.12721312487821682,9.516408237808092
3.72,79.78864272118518,77.22414910817605,2.5644936130091414,-0.01206852648000008,29.9948196035356,0.11397636745780286,3.4187005809630824,3.4187005809630824,1.342765715801244,2.0759348651618383,0.0,0,0.01,0.01,0.16555416566826026,0.3078350525902202,62.919708334845225,0.01,0.10014330340188556,0.19683636372613944,5.951285464872471,0.01,0.0950844295787635,0.18446416720709893,5.792087860840206,0.01,0.11114275154229027,0.3842770807390708,6.265026267607912,0.01,0.10852775401357719,0.3013896117896982,4.120775870361293,0.01,0.07355594082310994,0.12721512074101599,9.552430089780996
3.73,79.75976213437038,77.21579063064894,2.5439715037214388,-0.01701728880848589,29.961245032980724,0.11396953145597104,3.4146690582463526,3.4146690582463526,1.3320203645055084,2.082648693740844,0.0,0,0.01,0.01,0.1655515400097183,0.3078321738197197,62.90246927089238,0.01,0.10014079724190357,0.19683348495563902,5.942812547219215,0.01,0.09508189891343054,0.18446128843659854,5.783834656885485,0.01,0.11114596809307009,0.3842838240772133,6.298061949463881,0.01,0.10853209896651429,0.3013963551278407,4.142503073255189,0.01,0.07355845434391968,0.12721813252422,9.589491614098458
3.74,79.728484352,77.20459989710277,2.5238844548972406,-0.0219504837751973,29.92980246850996,0.11396037810432474,3.410811605899147,3.410811605899147,1.321502810335775,2.089308795563372,0.0,0,0.01,0.01,0.16554799194218262,0.307828319631739,62.882056955943995,0.01,0.10013733199031923,0.19682963076765833,5.93432354735401,0.01,0.09507841111215798,0.18445743424861782,5.775557013939196,0.01,0.11115115777425638,0.3842928518855636,6.334086672625606,0.01,0.10853864130434755,0.301405382936191,4.16506193936288,0.01,0.0735619896789057,0.12722216447804582,9.626482226609276
3.75,79.69473379629629,77.19060157561714,2.5041322206791605,-0.026816126456710297,29.900034796751797,0.1139489267306484,3.407076874298908,3.407076874298908,1.3111605646838576,2.0959163096150504,0.0,0,0.01,0.01,0.1655435284997402,0.30782349856465435,62.85858637963607,0.01,0.1001329123556033,0.19682480970057364,5.925914240739843,0.01,0.09507397112063132,0.1844526131815331,5.76735053546417,0.01,0.11115847222317411,0.38430414383236255,6.371499645857495,0.01,0.10854744706317412,0.30141667488298995,4.187670930540029,0.01,0.07356654481750091,0.1272272073971396,9.662864478282824
3.7600000000000002,79.65843712948148,77.17384353786026,2.4845935916212145,-0.03158411212695571,29.87138139400668,0.11393521544850845,3.4034022748707176,3.4034022748707176,1.3009301624322478,2.1024721124384698,0.0,0,0.01,0.01,0.16553816471624197,0.30781772715810535,62.8321636561699,0.01,0.10012755220301596,0.1968190382940247,5.917647022962833,0.01,0.09506859302809621,0.1844468417749842,5.759275073593036,0.01,0.11116799002728885,0.38431766076827734,6.409198498327889,0.01,0.10855852385484378,0.30143019181890474,4.209903704254301,0.01,0.07357210603531023,0.12723324364344615,9.698343245687974
3.77,79.619523236,77.15438551722336,2.4651377187766506,-0.036242370656283086,29.843231973662622,0.11391929190121246,3.399719854483269,3.399719854483269,1.2907430912326379,2.1089767632506313,0.0,0,0.01,0.01,0.165531919851826,0.3078110260457538,62.80287965848136,0.01,0.10012127067995602,0.19681233718167307,5.909551761576805,0.01,0.09506229608129815,0.18444014066263256,5.75135891610363,0.01,0.11117973850706031,0.38433335388646506,6.446464761176821,0.01,0.10857184626900918,0.30144588493709246,4.2315441862475955,0.01,0.07357865307457305,0.12724025124027297,9.732786168058613
3.7800000000000002,79.57792320474074,77.13228974270389,2.4456334620368603,-0.04079369500745556,29.814971198646173,0.11390120561799254,3.3959611649915233,3.3959611649915233,1.2805306862847288,2.1154304787067946,0.0,0,0.01,0.01,0.16552481427817275,0.30780341672870176,62.77080466701373,0.01,0.10011408882739521,0.19680472786462108,5.901631394871238,0.01,0.09505510131607593,0.18443253134558057,5.743604371268218,0.01,0.1111937110522983,0.3843511722867874,6.482875503108102,0.01,0.10858737195388089,0.3014637033374148,4.252510705066409,0.01,0.07358616304791454,0.1272482072530598,9.766185592254875
3.79,79.53357031125925,77.10761328562229,2.4259570256369574,-0.04525287411914415,29.78601529549138,0.11388100176424962,3.39206126041582,3.39206126041582,1.2702281282776018,2.1218331321382182,0.0,0,0.01,0.01,0.16551686692900747,0.30779491893917654,62.73598439017597,0.01,0.10010602678814479,0.19679623007509586,5.893867098663341,0.01,0.09504702878979052,0.18442403355605538,5.7359927526866406,0.01,0.11120988105515868,0.3843710691546968,6.518233064901842,0.01,0.10860505269541108,0.3014836002053242,4.272812348650187,0.01,0.07359461358806471,0.12725709055041634,9.798630220776165
3.8000000000000003,79.4864,77.08040199273191,2.4059980072680944,-0.049643989050760194,29.755841248945337,0.11385871618054857,3.3879618834771272,3.3879618834771272,1.2597776106975211,2.128184272779606,0.0,0,0.01,0.01,0.16550809327157584,0.30778554855102874,62.69843747248208,0.01,0.10009710156755199,0.19678685968694803,5.886223066001827,0.01,0.09503809536382438,0.18441466316790753,5.728488990722666,0.01,0.11122821305895408,0.38439300665583026,6.552508045668105,0.01,0.10862484246679635,0.3015055377064576,4.292520793623804,0.01,0.07360398536593164,0.12726688399027494,9.83028074875312
3.81,79.43634986651853,77.05068592697761,2.3856639395409087,-0.05399783305788594,29.72400892335143,0.1138343716451899,3.3836138785657277,3.3836138785657277,1.2491307177326338,2.134483160833094,0.0,0,0.01,0.01,0.1654985037724287,0.30777531600996494,62.65815448527539,0.01,0.10008732531580021,0.19677662714588426,5.878651010574643,0.01,0.09502831300557382,0.18440443062684375,5.72104598329629,0.01,0.11124867152346476,0.3844169596094301,6.585792500550535,0.01,0.10864670336385582,0.30152949066005746,4.3117499959412005,0.01,0.07361426402463506,0.12727757605923362,9.861348085571173
3.8200000000000003,79.38335963970371,77.01847624418762,2.3648833955160846,-0.0583494642458651,29.690176420267253,0.11380797530189653,3.3789788647467263,3.3789788647467263,1.2382500503249694,2.140728814421757,0.0,0,0.01,0.01,0.16548810283410736,0.3077642252588082,62.61509831933547,0.01,0.10007670410687382,0.1967655363947275,5.871094412660331,0.01,0.09501768758518594,0.18439333987568698,5.713608701727329,0.01,0.11127122749932934,0.38444291799852504,6.618261308764033,0.01,0.10867060987432718,0.3015554490491524,4.330640279463108,0.01,0.07362544156201475,0.12728916199098875,9.89207371339976
3.83,79.327371164,76.98376342175133,2.3436077422486616,-0.06273592196810696,29.65410903892495,0.11377951718490725,3.3740302089974747,3.3740302089974747,1.2271101443240928,2.146920064673382,0.0,0,0.01,0.01,0.16547688817578926,0.30775227312883124,62.569205844760184,0.01,0.10006523718701152,0.1967535842647505,5.863492475836729,0.01,0.09500621813985143,0.18438138774571,5.706118019020431,0.01,0.11129586345201961,0.38447088838505017,6.650140247779826,0.01,0.10869655172923377,0.30158341943567757,4.349345241656118,0.01,0.07363751719432188,0.12730164439444622,9.92271206290076
3.84,79.26832838162963,76.94651673447451,2.3218116471551133,-0.06719414717967985,29.615682306433868,0.11374896975726415,3.3687533510152887,3.3687533510152887,1.215697735620287,2.153055615395002,0.0,0,0.01,0.01,0.16546485062436397,0.30773944916099333,62.5203906606998,0.01,0.10005291665926876,0.19674076029691256,5.855783739019604,0.01,0.0949938965721649,0.18436856377787203,5.698514205686033,0.01,0.1113225764504442,0.3845008943151976,6.681679682560331,0.01,0.10872453550482492,0.301613425365825,4.368020758548832,0.01,0.07365049773931863,0.1273150334298206,9.953514942654678
3.85,79.20617731481481,76.90668484927937,2.2994924655354336,-0.07175914786564881,29.574879659294528,0.11371628835919982,3.3631455435249697,3.3631455435249697,1.2040114394518664,2.1591341040731034,0.0,0,0.01,0.01,0.16545197427478744,0.3077257358127937,62.468546726708645,0.01,0.10003972756309909,0.19672704694871307,5.847909280776497,0.01,0.09498070774132918,0.1843548504296726,5.690740031162081,0.01,0.11135137992162834,0.3845329758194472,6.713133055048169,0.01,0.10875458511694149,0.3016455068700745,4.386815775952299,0.01,0.0736643975644324,0.12732934657964495,9.984718140228152
3.86,79.14086604799999,76.86419738804793,2.2766686599520725,-0.07646244604473243,29.531785468233327,0.11368141244543334,3.3572150840642876,3.3572150840642876,1.192060922793925,2.1651541612703626,0.0,0,0.01,0.01,0.16543823697121654,0.307711108998739,62.41355264649544,0.01,0.10002564830014826,0.19671242013465828,5.839815455526737,0.01,0.0949666298982792,0.18434022361561775,5.682743411754927,0.01,0.11138230416447198,0.3845671881298765,6.744739580326933,0.01,0.10878674134553686,0.30167971918050385,4.405864768035809,0.01,0.07367923815324696,0.12734460806974607,10.016530343550665
3.87,79.07234471007408,76.8189672893697,2.253377420704379,-0.08133083428933531,29.486574191354794,0.11364426747507603,3.350980124325998,3.350980124325998,1.1798656584416656,2.171114465884332,0.0,0,0.01,0.01,0.16542361105425302,0.3076955389060322,62.35527636510562,0.01,0.100010651350743,0.19669685004195156,5.831456112006886,0.01,0.09495163540913411,0.18432465352291105,5.674479556720831,0.01,0.11141539580955506,0.38460359975233555,6.776710731091067,0.01,0.10882106053163514,0.3017161308029629,4.425281833648819,0.01,0.07369504735040895,0.12736084800194383,10.049124520279152
3.88,79.0005654565926,76.77089378712455,2.2296716694680447,-0.08638545848651293,29.43949650677325,0.11360476730730604,3.3444671502962238,3.3444671502962238,1.1674533561196831,2.1770137941765406,0.0,0,0.01,0.01,0.16540806431524716,0.3076789910226821,62.29358004361379,0.01,0.09999470422056812,0.19668030215860138,5.8227942608285685,0.01,0.09493569170646007,0.18430810563956088,5.665912580140729,0.01,0.11145071640724381,0.3846422900413996,6.809220218405051,0.01,0.10885761259574044,0.301754821092027,4.445156430352545,0.01,0.07371185835024732,0.1273781012648379,10.082631844823046
3.89,78.92548245200001,76.71986581787127,2.205616634128747,-0.09164123091338909,29.39086330931354,0.11356281695095767,3.3377092300261917,3.3377092300261917,1.154858169069053,2.1828510609571388,0.0,0,0.01,0.01,0.16539156109644113,0.30766142731317186,62.22832488751379,0.01,0.09997777055422671,0.1966627384490911,5.8138031781777055,0.01,0.09491876240510037,0.1842905419300506,5.657016566120438,0.01,0.11148834032234378,0.38468334643076163,6.842397250607927,0.01,0.10889647853236686,0.30179587748138903,4.465550736750136,0.01,0.07372970849753033,0.12739640629114637,10.117138186012866
3.9,78.84705185185186,76.6657656704024,2.1812861814494746,-0.09710656479667437,29.341028454012307,0.11351831551710477,3.3307441256389176,3.3307441256389176,1.1421187738364336,2.188625351802484,0.0,0,0.01,0.01,0.16537406347594724,0.3076428074773267,62.15937572828682,0.01,0.09995981135201085,0.19664411861324602,5.80446695488064,0.01,0.09490080851903879,0.1842719220942055,5.647776096335891,0.01,0.11152835210961828,0.3847268614705053,6.876322874415569,0.01,0.10893774753813361,0.3018393925211327,4.486498597692408,0.01,0.0737486379695082,0.127415803729488,10.152683072530326
3.91,78.76523178503703,76.60847269939298,2.1567590856440573,-0.10278340944503504,29.290371092666405,0.11347115923046645,3.3236123621754015,3.3236123621754015,1.129276416503735,2.1943359456716665,0.0,0,0.01,0.01,0.16535553247910895,0.3076230902309748,62.086605187677954,0.01,0.09994078622829357,0.19662440136689402,5.7947805217763,0.01,0.09488178971791651,0.1842522048478535,5.638186270137878,0.01,0.11157084353987,0.3847729298156667,6.911029179481884,0.01,0.10898151392970211,0.3018854608662941,4.508005954443971,0.01,0.07376868840660002,0.12743633509531882,10.189260950831946
3.92,78.679982336,76.54786694008044,2.1321153959195676,-0.10866755467123324,29.2392783819987,0.1134212443674288,3.316355338491953,3.316355338491953,1.1163730107377678,2.199982327754185,0.0,0,0.01,0.01,0.1653359292624959,0.30760223455217933,62.009897288097925,0.01,0.09992065465430858,0.1966035456880986,5.784749201838879,0.01,0.09486166556624089,0.1842313491690581,5.628252266290508,0.01,0.11161591044008605,0.38482164529823526,6.9465010916960415,0.01,0.10902787400212749,0.30193417634886266,4.530052602984291,0.01,0.07378990155486383,0.12745804146021802,10.226824454352178
3.93,78.59126552696296,76.48383248119745,2.1074330457655086,-0.11474916518247354,29.18812924870928,0.11336847000471653,3.3090135552260875,3.3090135552260875,1.103449362418214,2.2055641928078735,0.0,0,0.01,0.01,0.16531521622322778,0.30758020084383,61.929150411479576,0.01,0.09989937713436672,0.1965815119797492,5.774387855536968,0.01,0.09484039669465322,0.1842093154607087,5.617988510977591,0.01,0.1116636495024852,0.38487309819820925,6.982680406706161,0.01,0.10907692296776336,0.30198562924883665,4.552595067915731,0.01,0.07381231797700612,0.12748096223127975,10.26528932392368
3.94,78.49904530014817,76.41626047749877,2.082784822649388,-0.12101350024431748,29.137279784667793,0.113312740482083,3.3016250225939046,3.3016250225939046,1.0905435829739396,2.211081439619965,0.0,0,0.01,0.01,0.16529335799409334,0.30755695197169425,61.844279544138686,0.01,0.09987691627232373,0.19655826310761357,5.763719696924094,0.01,0.09481794586041566,0.18418606658857306,5.607417527331406,0.01,0.11171415520543011,0.3849273728096762,7.019471640268358,0.01,0.10912875210089194,0.3020399038603036,4.575570335458636,0.01,0.0738359758805395,0.12750513406353908,10.304540566829969
3.95,78.4032875,76.34505170962763,2.058235790372385,-0.1274417712537001,29.087050722198306,0.11325396750356564,3.2942238972664124,3.2942238972664124,1.0776897397315777,2.2165341575348347,0.0,0,0.01,0.01,0.1652703222934874,0.30753245414615665,61.75521778197257,0.01,0.09985323769384245,0.1965337652820759,5.752774864261261,0.01,0.09479427886301696,0.18416156876303538,5.596568547758147,0.01,0.11176751697360734,0.3849845453763786,7.056749211543501,0.01,0.10918344619431469,0.30209707642700595,4.598900162856448,0.01,0.07386091010229391,0.127530589938691,10.34443941902906
3.96,78.30395985540741,76.2701186262691,2.033841229138327,-0.13401208967927516,29.037717311968763,0.11319207182366538,3.28683938357166,3.28683938357166,1.0649167773381674,2.2219226062334925,0.0,0,0.01,0.01,0.1652460806080684,0.30750667762525186,61.66191710080893,0.01,0.09982831079917942,0.19650798876117115,5.741588830121441,0.01,0.09476936528997328,0.18413579224213067,5.585475971410308,0.01,0.11182381668555194,0.385044682449068,7.094365441812046,0.01,0.10924108141213097,0.3021572134996954,4.622495676419058,0.01,0.0738871512783673,0.1275573584334036,10.384830682999134
3.97,78.20103196192592,76.19138683021576,2.0096451317101516,-0.1407004597482746,28.989501800703195,0.11312698448619597,3.2794949204707007,3.2794949204707007,1.0522477303505173,2.2272471901201834,0.0,0,0.01,0.01,0.16522060869478766,0.3074795972258152,61.56434842494416,0.01,0.09980210933039813,0.19648090836173449,5.730200732752579,0.01,0.09474317907704985,0.18410871184269398,5.574177746005132,0.01,0.11188312661389077,0.3851078396952105,7.132158851421433,0.01,0.10930172359899695,0.3022203707458379,4.646261986132697,0.01,0.07391472521830905,0.12758546319075287,10.425550047604576
3.98,78.094475264,76.10879599506833,1.9856792689316654,-0.14748177378529498,28.94256858782097,0.11305864760366933,3.2722076627154806,3.2722076627154806,1.0396992339435451,2.2325084287719354,0.0,0,0.01,0.01,0.16519388689721223,0.30745119263823373,61.46250104895262,0.01,0.09977461174567447,0.19645250377415296,5.7186517041000196,0.01,0.09471569887585579,0.18408030725511249,5.562713747009351,0.01,0.11194550785844384,0.3851740611711515,7.169962273634717,0.01,0.1093654270815661,0.3022865922217789,4.670102578259023,0.01,0.07394365249234178,0.12761492259911092,10.466431050747204
3.99,77.98426303718517,76.02230022204049,1.9619628151446926,-0.1543307727299083,28.89702203276881,0.11298701468332467,3.264988252720806,3.264988252720806,1.0272813277791526,2.2377069249416532,0.0,0,0.01,0.01,0.16516590027858774,0.30742144854813486,61.35638148607121,0.01,0.09974580140141937,0.19642275968405418,5.706983260714655,0.01,0.09468690822978047,0.18405056316501367,5.551124218221704,0.01,0.11201100930577922,0.3852433790483099,7.2076103712946,0.01,0.1094322339738323,0.30235591009893725,4.693923293370387,0.01,0.07397394823114477,0.1276457496744869,10.507311412369084
4.0,77.87037037037037,75.93186786624362,1.9385025041267454,-0.16122293961818698,28.852906790524155,0.11291205052190742,3.257840869235549,3.257840869235549,1.0149975376550002,2.242843331580549,0.0,0,0.01,0.01,0.16513663858069433,0.3073903545752225,61.24601183005202,0.01,0.09971566655008829,0.19639166571114183,5.695235813582799,0.01,0.09465679556633633,0.1840194691921013,5.539448328000229,0.01,0.11207966712240713,0.38531581376876045,7.24494623211909,0.01,0.10950217397584801,0.3024283448193878,4.717635749785272,0.01,0.07400562212943841,0.1276779521350362,10.548038536872616
4.01,77.75277414800001,75.83748087863756,1.9152932693624445,-0.16813529934573382,28.810210472626483,0.1128337307048596,3.2507635300186624,3.2507635300186624,1.0028452107498387,2.2479183192688237,0.0,0,0.01,0.01,0.16510609602314974,0.3073579050452697,61.131427726810216,0.01,0.09968420016766485,0.19635921618118898,5.683447341914038,0.01,0.09462535402004091,0.18398701966214848,5.527722884666866,0.01,0.11215150476399313,0.3853913745918879,7.281826820046522,0.01,0.10957526463567341,0.3025039056425153,4.7411601252698885,0.01,0.07403867863751361,0.12771153265031632,10.58847405368753
4.0200000000000005,77.63145303229629,75.73913372346969,1.8923193088265988,-0.17504710358765474,28.768868365458065,0.11275204075666295,3.243748618465199,3.243748618465199,0.9908160731426263,2.252932545322573,0.0,0,0.01,0.01,0.16507427096237232,0.3073240986159802,61.012676057933234,0.01,0.09965139962983974,0.19632540975189952,5.671652265054815,0.01,0.09459258110495852,0.18395321323285901,5.515981244127062,0.01,0.11222653346106798,0.38547006048274546,7.3181271619468395,0.01,0.10965151202802956,0.30258259153337286,4.76442725844048,0.01,0.0740731173190464,0.1277464892429196,10.628497327973333
4.03,77.50638744548148,75.6368319415173,1.869555503964176,-0.18194038519097394,28.72876988614382,0.11266697499770512,3.2367835984769893,3.2367835984769893,0.9788969727887031,2.257886625688286,0.0,0,0.01,0.01,0.16504116543293754,0.3072889377810465,60.88981244101143,0.01,0.09961726625985382,0.19629024891696584,5.6598805364207925,0.01,0.09455847825992453,0.18391805239792533,5.504252432822875,0.01,0.11230475312369505,0.38555186128428826,7.353743241334845,0.01,0.10973091179030296,0.3026643923349156,4.78738007211469,0.01,0.07410893334905445,0.12778281581633819,10.668007927017966
4.04,77.377559552,75.53059043688404,1.8469691151159522,-0.18880037161466381,28.68976641894968,0.11257853516930302,3.2298518777948155,3.2298518777948155,0.967070767242586,2.2627811105522295,0.0,0,0.01,0.01,0.16500678459657764,0.30725242827928434,60.76289865066694,0.01,0.09958180477385518,0.1962537394152037,5.648156973688846,0.01,0.09452305029231585,0.18388154289616318,5.4925604997678645,0.01,0.11238615359400586,0.38563675910972994,7.388593646939047,0.01,0.10981345044735596,0.30274929016035734,4.809974352467374,0.01,0.07414611812267338,0.12782050278029694,10.706927071096327
4.05,77.24495324074076,75.420431569592,1.824521671148769,-0.19561575205605272,28.65168015095124,0.11248672889249388,3.2229337774545,3.2229337774545,0.9553173130660575,2.2676164643884427,0.0,0,0.01,0.01,0.1649711361256129,0.3072145784372598,60.63200006127884,0.01,0.09954502265146965,0.19621588957317912,5.63650083067115,0.01,0.09448630474804585,0.1838436930541386,5.4809241029085065,0.01,0.11247071616660669,0.38572472988778117,7.422620080436942,0.01,0.1098991069509139,0.3028372609384085,4.832178940073889,0.01,0.07418465994350427,0.12785953774327272,10.745198130397473
4.0600000000000005,77.10855410725925,75.30638313786599,1.8021709693932544,-0.20237879776670398,28.614313514572608,0.11239156802797459,3.21600756394688,3.21600756394688,0.9436145129931073,2.272393050953773,0.0,0,0.01,0.01,0.16493422954821207,0.3071753984743755,60.49718320545378,0.01,0.09950692946014007,0.19617670961029482,5.624925608270322,0.01,0.09444825123628571,0.1838045130912543,5.469356327259186,0.01,0.11255841529242512,0.38581574499239074,7.455786864579754,0.01,0.10998785435689398,0.3029282760430181,4.853975402950648,0.01,0.07422454475954958,0.12789990624147052,10.782786253646927
4.07,76.968349436,75.18847633294722,1.779873103052781,-0.20908533970945703,28.57745884594351,0.11229306700420759,3.2090505009975194,3.2090505009975194,0.931939377478781,2.2771111235187385,0.0,0,0.01,0.01,0.16489607558258632,0.3071348997989952,60.35851353401981,0.01,0.0994675361616931,0.1961362109349145,5.613439094676805,0.01,0.09440890073729058,0.183764014415874,5.457864725263216,0.01,0.11264922038118819,0.38590977288971196,7.488079612374083,0.01,0.11007966156459491,0.30302230394033935,4.875357268970653,0.01,0.07426575691513287,0.12794159247409237,10.819677230779208
4.08,76.82432818251851,75.06674374562913,1.7575844368893943,-0.21573461209665185,28.54090788142146,0.11219124117829461,3.2020398795720446,3.2020398795720446,0.9202690591659124,2.281770820406132,0.0,0,0.01,0.01,0.1648566854860867,0.30709309432290205,60.21605345123889,0.01,0.09942685442859213,0.19609440545882134,5.60204361837588,0.01,0.09436826492068573,0.18372220893978083,5.44645156341743,0.01,0.11274309762083765,0.38600678073823314,7.519503223824966,0.01,0.11017449504484955,0.30311931178886053,4.896328897533691,0.01,0.07430827988860807,0.12798458001625146,10.855875702751165
4.09,76.67648095570371,74.94121749765503,1.7352634580486799,-0.22232897439855717,28.50446073948688,0.11208610528985695,3.1949539876767203,3.1949539876767203,0.9085818219747588,2.2863721657019616,0.0,0,0.01,0.01,0.16481607044323335,0.3070499938192722,60.06986068633346,0.01,0.09938489599548576,0.19605130495519152,5.5907364917887366,0.01,0.09432635549970039,0.183679108436151,5.435114253625752,0.01,0.11284001173818427,0.3861067358832014,7.550079372992025,0.01,0.11027232048970528,0.3032192669338287,4.9169040696720545,0.01,0.07435209698800797,0.1280288524832918,10.891402838829217
4.1,76.5248,74.81192756287066,1.7128724371293318,-0.22887352801658875,28.467934070677426,0.11197767206199559,3.187772985648828,3.187772985648828,0.8968579108369923,2.290915074811836,0.0,0,0.01,0.01,0.164774241014064,0.3070056093464765,59.919987046031764,0.01,0.09934167206904067,0.19600692048239576,5.579510618363815,0.01,0.09428318364420071,0.18363472396335528,5.423845942894221,0.01,0.11293992763336932,0.38620960719341835,7.579843638665693,0.01,0.1103731043235911,0.3033221382440457,4.937104373194947,0.01,0.07439719197995437,0.1280743941234612,10.926293605064055
4.11,76.36927917762962,74.67890033287846,1.690378844751166,-0.23537564685603457,28.431168103144085,0.11186595099563573,3.180479657774998,3.180479657774998,0.8850802934089774,2.2953993643660207,0.0,0,0.01,0.01,0.1647312066608949,0.30695995075649635,59.766477577626226,0.01,0.09929719281574702,0.1959612618924156,5.568355231851282,0.01,0.09423875947206352,0.1835890653733751,5.412636230985365,0.01,0.11304281183068648,0.3863153661969635,7.608842419716901,0.01,0.11047681502491054,0.30342789724759084,4.95695745601854,0.01,0.0744435496310218,0.12812119031975092,10.960593749135388
4.12,76.20991395081481,74.542157470249,1.667756480565813,-0.2418444433886692,28.394032364248268,0.11175094739445121,3.1730600170534533,3.1730600170534533,0.8732352512203878,2.2998247658330655,0.0,0,0.01,0.01,0.16468697536780927,0.30691302630269096,59.609370153864205,0.01,0.09925146694352595,0.19591433743861023,5.557256733400855,0.01,0.0941930916345675,0.18354214091956975,5.401471982703916,0.01,0.11314863369951383,0.3864239879820794,7.637129763085764,0.01,0.11058342421720521,0.30353651903270673,4.976495216835365,0.01,0.07449115614517202,0.1281692279861103,10.99435662600868
4.13,76.046701364,74.40171507953029,1.644986284469709,-0.2482901933610805,28.356429917537845,0.11163266164742783,3.165503746513502,3.165503746513502,0.8613128044243346,2.3041909420891673,0.0,0,0.01,0.01,0.16464155336301428,0.30686484235721506,59.44869547481213,0.01,0.09920450138868674,0.19586615349313433,5.546199590188172,0.01,0.09414618700719651,0.18349395697409385,5.39033819952761,0.01,0.11325736641106658,0.3865354518399996,7.664764219609079,0.01,0.1106929075000977,0.303647982890627,4.995751998075537,0.01,0.07453999948569272,0.12821849584800524,11.027639985638
4.14,75.87964002607407,74.25758321283352,1.6220568132405566,-0.2547237430046893,28.318300017264548,0.11151108878533438,3.157804467474923,3.157804467474923,0.8493069613636339,2.308497506111289,0.0,0,0.01,0.01,0.16459494494983226,0.30681540324373807,59.28447746516956,0.01,0.09915630111523885,0.1958167143796573,5.535167258601795,0.01,0.09409805049271143,0.1834445178606168,5.379218914750021,0.01,0.11336898760899854,0.3866497416374991,7.691805830498947,0.01,0.11080524500176722,0.3037622726881265,5.014762841408346,0.01,0.07459006957510435,0.12826898460223984,11.060502838675145
4.15,75.70873009259259,74.10976571316998,1.5989643794226065,-0.26115592240120467,28.2796191469901,0.11138621831632194,3.149959832209077,3.149959832209077,0.8372157912909706,2.3127440409181066,0.0,0,0.01,0.01,0.16454715244764737,0.3067647111864162,59.11673403062842,0.01,0.09910686902892771,0.1957660223223355,5.524143095465927,0.01,0.09404868493871989,0.18339382580329497,5.368098076674342,0.01,0.11348347978417611,0.3867668459179986,7.7183133352588085,0.01,0.11092042164634779,0.303879376968626,5.033561860791943,0.01,0.07464135837156172,0.12832068695591115,11.093002508028755
4.16,75.533973248,73.95826038548326,1.5757128625167314,-0.2675969875604089,28.240400472316413,0.11125803433498879,3.141971445382813,3.141971445382813,0.8250413255082512,2.316930119874562,0.0,0,0.01,0.01,0.16449817623981058,0.3067127663715152,58.94547812389701,0.01,0.09905620600381042,0.19571407750743441,5.513111222733855,0.01,0.09399809116743445,0.1833418809883939,5.356960386326072,0.01,0.11360083035586883,0.3868867577407261,7.744341679398583,0.01,0.1110384271409806,0.3039992887913535,5.05218078181876,0.01,0.07469385982518414,0.1283735975491291,11.125191963316649
4.17,75.35537268785185,73.80305947296125,1.5523132148906058,-0.27405611182793593,28.200691797949073,0.11112651588893985,3.133844625163883,3.133844625163883,0.8127892986617802,2.321055326502103,0.0,0,0.01,0.01,0.16444801492145006,0.3066595671138272,58.77071906082141,0.01,0.09900431101488624,0.1956608782497465,5.502057314185532,0.01,0.0939462681110269,0.183288681730706,5.345792059208617,0.01,0.11372103147281028,0.38700947427734006,7.769939887130113,0.01,0.11115925569792692,0.3041220053279674,5.070647688801276,0.01,0.07474756972232571,0.12842771277052767,11.157117521155744
4.18,75.17293310103705,73.64415040518091,1.5287826958561417,-0.2805409445547654,28.160572173904665,0.11099163757751762,3.1255880207015543,3.1255880207015543,0.8004687477061423,2.325119272995412,0.0,0,0.01,0.01,0.1643966655365146,0.3066051101162405,58.59246401904712,0.01,0.09895118136640957,0.1956064212521597,5.490969276791837,0.01,0.09389321304211999,0.1832342247331192,5.33458148462997,0.01,0.1138440795577641,0.38713499619417613,7.795149349744867,0.01,0.11128290551680008,0.30424752724480353,5.088986012451688,0.01,0.07480248542987813,0.12848303047846293,11.188816977997266
4.19,74.98666065199998,73.48151677532238,1.5051438766776104,-0.2870572516570168,28.120147342732427,0.11085337034932896,3.1172131076616165,3.1172131076616165,0.7880914909276737,2.329121616733943,0.0,0,0.01,0.01,0.16434412389030326,0.30654939080762617,58.410719647182404,0.01,0.09889681300217482,0.19555070194354549,5.479837804687583,0.01,0.09383892188564538,0.18317850542450498,5.323319761232473,0.01,0.11396997462810034,0.3872633268555955,7.820002564471496,0.01,0.11140937806029522,0.30437585790622285,5.107213781292331,0.01,0.07485860555514814,0.12853954964399508,11.220318222849587
4.2,74.79656296296295,73.31513949640002,1.4814234665629327,-0.29360864893164146,28.079544257517796,0.11071168245870701,3.10873358742352,3.10873358742352,0.775671513234939,2.333062074188581,0.0,0,0.01,0.01,0.16429038492132053,0.3064924037417284,58.225493711175105,0.01,0.09884120088138819,0.19549371487764775,5.468656789527026,0.01,0.09378338959564658,0.18312151835860724,5.312001093113264,0.01,0.11409871943218736,0.38739447138953736,7.844522341437763,0.01,0.11153867716351532,0.3045070024401647,5.125343149308939,0.01,0.0749159295395517,0.128597269934194,11.25163835712354
4.21,74.60264909614816,73.1449980814068,1.4576510147413595,-0.30019643494315196,28.038904928010176,0.1105665405365372,3.1001647183229495,3.1001647183229495,0.7632242865681937,2.3369404317547557,0.0,0,0.01,0.01,0.16423544311460395,0.3064341430380214,58.03679670581055,0.01,0.09878433940181108,0.19543545417394076,5.457423577358076,0.01,0.09372661057870296,0.18306325765490025,5.300623036999191,0.01,0.11423031844692955,0.38752843566016393,7.868721478467332,0.01,0.1116708080219101,0.3046409667107913,5.143380201224044,0.01,0.07497445720624342,0.12865619125590882,11.282783327160148
4.22,74.404929536,72.97107198956996,1.4338575464300414,-0.3068195261366569,27.998379868776524,0.1104179107280553,3.091522608880747,3.091522608880747,0.7507660556931506,2.3407565531875965,0.0,0,0.01,0.01,0.1641792929377494,0.30637460284461016,57.84464336410837,0.01,0.09872622285072277,0.19537591398052942,5.446139068688798,0.01,0.09366857914453952,0.1830037174614889,5.289186597390775,0.01,0.11436477678537567,0.38766522519434243,7.8926028854213275,0.01,0.11180577610582622,0.3047777562449698,5.161325025698772,0.01,0.07503418828280418,0.12871631328088362,11.313748054157045
4.23,74.20341617140741,72.79334198058173,1.410074190825687,-0.31347449273594596,27.958121428605047,0.11026575984933654,3.082823503285154,3.082823503285154,0.7383131198190918,2.344510383466062,0.0,0,0.01,0.01,0.16412192928070765,0.30631377780316105,57.64905400392533,0.01,0.09866684586391875,0.1953150889390803,5.43480766481967,0.01,0.09360928996408056,0.1829428924200398,5.277696172700385,0.01,0.11450209906489926,0.3878048441086514,7.916160122749645,0.01,0.11194358605065526,0.30491737515927875,5.179172036326365,0.01,0.07509512192023823,0.12877763497298164,11.344517026522913
4.24,73.99812227792592,72.61179142061702,1.386330857308891,-0.3201556901119393,27.9182772747188,0.1101100565151972,3.074083088526233,3.074083088526233,0.7258811394610754,2.3482019490651576,0.0,0,0.01,0.01,0.16406334788101568,0.3062516634965583,57.45005566072688,0.01,0.09860620387341805,0.1952529746324776,5.423437069534324,0.01,0.09354873851568368,0.1828807781134371,5.266159361324936,0.01,0.11464228828599402,0.38794729408169987,7.939378303697284,0.01,0.11208424057057922,0.3050598251323272,5.1969105110355445,0.01,0.07515725622880753,0.12884015413734404,11.37506530234031
4.25,73.7890625,72.42640748801017,1.3626550119898326,-0.3268554767962674,27.87898428939124,0.10995077219400944,3.0653158506032243,3.0653158506032243,0.7134844958407616,2.3518313547624627,0.0,0,0.01,0.01,0.1640035457174178,0.3061882568614083,57.247682965703206,0.01,0.09854429352574828,0.1951895679973276,5.412037960623593,0.01,0.09348692150150507,0.18281737147828708,5.254586641743061,0.01,0.1147853447692975,0.388092573412961,7.962235297120985,0.01,0.11222773944105549,0.30520510446358834,5.2145253130232465,0.01,0.07522058784972019,0.12890386700962264,11.4053598553769
4.26,73.57625283318518,72.23718223239653,1.3390706007886426,-0.33356450728276443,27.840363111268438,0.10978788214932227,3.0565345042542784,3.0565345042542784,0.7011357270126117,2.3553987772416667,0.0,0,0.01,0.01,0.16394252135673265,0.30612355654959045,57.04197874067607,0.01,0.09848111305453507,0.1951248676855097,5.40062355029709,0.01,0.09342383721781941,0.1827526711664692,5.24299094519005,0.01,0.11493126519419504,0.3882406762042602,7.984703158915189,0.01,0.11237407859061785,0.30535320725488757,5.23199775093711,0.01,0.07528511157947664,0.128968767901093,11.435361187785391
4.2700000000000005,73.35971060637036,72.0441134486289,1.3155971577414556,-0.34027208529569997,27.80251352046051,0.10962136623395036,3.0477495168507582,3.0477495168507582,0.6888450609740282,2.35890445587673,0.0,0,0.01,0.01,0.16388027524124135,0.3060575632256604,56.83299429378602,0.01,0.09841666259354609,0.19505887436157965,5.389209057103864,0.01,0.09335948586555101,0.18268667784253917,5.231387142874053,0.01,0.11508004177648115,0.38839159169376825,8.006749714949436,0.01,0.1125232493365444,0.30550412274439565,5.249306532930977,0.01,0.07535082006088015,0.1290348489125856,11.465025126308268
4.28,73.139454464,71.84720533551032,1.2922491284896722,-0.34696656137139437,27.76551082676163,0.10945120950908882,3.038968742626761,3.038968742626761,0.6766200614451612,2.3623486811816,0.0,0,0.01,0.01,0.16381680990670203,0.3059902797899411,56.620789412384156,0.01,0.09835094441921678,0.19499159092586038,5.3778111144717125,0.01,0.09329386979015536,0.18261939440681987,5.219791472132815,0.01,0.11523166161534854,0.38854530376512375,8.028340217313621,0.01,0.11267523779173697,0.30565783481575115,5.2664287684292725,0.01,0.07541770355146571,0.12910209972690354,11.494304716507408
4.29,72.9155043482963,71.64646891897343,1.269035429322872,-0.3536357574366523,27.729403375910923,0.10927740266873304,3.030197178473143,3.030197178473143,0.6644653969843173,2.365731781488826,0.0,0,0.01,0.01,0.16375213012420517,0.30592171152045317,56.40543206234112,0.01,0.09828396311488485,0.19492302265637243,5.366447142457926,0.01,0.09322699364319109,0.18255082613733192,5.208220927315857,0.01,0.11538610623177342,0.38870179064646637,8.049438998479093,0.01,0.11283002446210648,0.30581432169709377,5.283340972905363,0.01,0.07548574977654002,0.12917050748586623,11.523152131365451
4.3,72.68788148148148,71.4419222293918,1.2459592520896823,-0.3602674005877425,27.694211241377463,0.1090999422579329,3.0214368473132773,3.0214368473132773,0.6523827388395298,2.3690541084737475,0.0,0,0.01,0.01,0.16368624296235695,0.30585186613030363,56.18699781386176,0.01,0.09821572565235959,0.19485317726622287,5.355134709459707,0.01,0.09315886446131774,0.18248098074718236,5.1966926413004435,0.01,0.11554335131154217,0.38886102480600265,8.070011054009049,0.01,0.11298758404521413,0.30597355585663,5.300020034257084,0.01,0.07555494387030644,0.1292400567544749,11.551520515654236
4.3100000000000005,72.45660834799999,71.2335902328437,1.2230181151562953,-0.3668495484693944,27.659926120561483,0.10891883068186461,3.0126868097983204,3.0126868097983204,0.6403707876303755,2.372316022167945,0.0,0,0.01,0.01,0.16361915776957378,0.30578075374064706,55.96556902509134,0.01,0.09814624138990546,0.19478206487656638,5.343890910056809,0.01,0.09308949166190003,0.18240986835752587,5.185223283022395,0.01,0.11570335622048473,0.3890229730425926,8.090131607804746,0.01,0.11314788543224223,0.30613550409321993,5.316444104236445,0.01,0.07562526840482207,0.1293107295710785,11.579365695516856
4.32,72.22170867674073,71.02152113754171,1.2001875391990313,-0.3732812075745838,27.626428734459104,0.1087340904969076,3.003934602119045,3.003934602119045,0.6284167260129481,2.375517876106097,0.0,0,0.01,0.01,0.1635508823518088,0.3057083792302563,55.74096071049959,0.01,0.09807552022660367,0.19470969036617555,5.3325904392965215,0.01,0.09301888503419181,0.18233749384713505,5.1736818466293855,0.01,0.11586113429134652,0.3891875838775307,8.161046253080286,0.01,0.11331088734472997,0.3063001149281581,5.33251022849439,0.01,0.07569670065494047,0.12938249996387377,11.60642614655218
4.33,71.98320742325926,70.8058332618948,1.1773741613644504,-0.37948118397671754,27.593250727159678,0.10854580559077052,2.9951316290476617,2.9951316290476617,0.6164716693115002,2.3786599597361615,0.0,0,0.01,0.01,0.1634813491182646,0.3056346666471176,55.512678713883844,0.01,0.098003507669479,0.19463597778303685,5.320731344945001,0.01,0.09294698804301176,0.18226378126399634,5.161589803140975,0.01,0.11601756446751604,0.3893547513963933,8.273023447500451,0.01,0.11347650497263105,0.3064672824470207,5.348005883981575,0.01,0.07576919604527492,0.12945531824510761,11.632289903570674
4.34,71.741130752,70.58667705644642,1.154453695553574,-0.38537918630864404,27.559761688190036,0.10835408859283278,2.986212859559502,2.986212859559502,0.6044705414767826,2.3817423180827193,0.0,0,0.01,0.01,0.16341056469713078,0.30555963490654414,55.28164720410391,0.01,0.09793018931721416,0.19456094604246346,5.309141119619567,0.01,0.09287378871477851,0.18218874952342295,5.149767696318425,0.01,0.11617549350734165,0.3895243450467481,8.395420669209647,0.01,0.1136446192465609,0.30663687609737544,5.362813953551692,0.01,0.07584269696100704,0.12952912408709727,11.656736097598744
4.3500000000000005,71.49550601851851,70.36423402310723,1.131271995411284,-0.39095305328467905,27.52517213737118,0.10815908026290101,2.977097302456096,2.977097302456096,0.5923326316659927,2.384764670790103,0.0,0,0.01,0.01,0.16333858165079834,0.30548334026998913,55.04811216805498,0.01,0.097855615205282,0.19448465140590843,5.297953683826911,0.01,0.09279933808338714,0.18211245488686792,5.138329918289008,0.01,0.11633545795389408,0.38969621069667215,8.521110255049402,0.01,0.11381508345256502,0.3068087417472995,5.376857648374376,0.01,0.07591713440787572,0.12960384704090916,11.679644302787015
4.36,71.24636175170369,70.13868639559487,1.1076753561088073,-0.39621648650212465,27.488684861788265,0.10796092316125273,2.9677037941674143,2.9677037941674143,0.5799774602189811,2.387726333948433,0.0,0,0.01,0.01,0.1632654539211411,0.3054058396419159,54.8122625751488,0.01,0.09777984152233211,0.19440715077783524,5.28716490630046,0.01,0.09272369231434706,0.18203495425879473,5.127270341726964,0.01,0.11649746215958293,0.38987019423267666,8.648456319582172,0.01,0.11398774170002239,0.30698272528330406,5.390152271234705,0.01,0.07599243736548672,0.1296794168404657,11.701071400923144
4.37,70.993727636,69.91020346958761,1.0835241664123836,-0.4011994930169418,27.44956403185897,0.1077597496514373,2.95795814811422,2.95795814811422,0.5673319268646915,2.3906262212495286,0.0,0,0.01,0.01,0.16319123195505628,0.3053271858765907,54.57424935875381,0.01,0.09770292175145381,0.19432849701250998,5.276738787055902,0.01,0.0926469046855162,0.1819563004934695,5.116553764774293,0.01,0.11666139454440587,0.39004615212365346,8.777137703999054,0.01,0.11416244421918374,0.30715868317428086,5.40275815302968,0.01,0.07606853868673473,0.1297557679946408,11.721147169416863
4.38,70.73763449362963,69.67893427235532,1.0587002212743033,-0.4059424237791573,27.407173179219285,0.10755567534063708,2.9477970204687254,2.9477970204687254,0.5543341395848733,2.393462880883852,0.0,0,0.01,0.01,0.1631159601657114,0.30524742521954734,54.33418728845203,0.01,0.09762490355599249,0.19424873635546663,5.266622461944007,0.01,0.09256902259101304,0.18187653983642613,5.106128945266628,0.01,0.11682712870336735,0.39022395700747253,8.907159442483907,0.01,0.1143390551889559,0.3073364880580999,5.414758313098283,0.01,0.07614537793172435,0.12983284219449698,11.740040166515632
4.39,70.47811426681483,69.44500257632941,1.0331116904854174,-0.41049295075725617,27.361001876158973,0.10734879450213171,2.9371705677762296,2.9371705677762296,0.5409360161944532,2.3962345515817765,0.0,0,0.01,0.01,0.1630396751961713,0.30516659552902753,54.092154412344584,0.01,0.09754582682211906,0.19416790666494682,5.256751455691054,0.01,0.09249008561483497,0.18179571014590634,5.095933487569396,0.01,0.11699454944916428,0.39040350141659874,9.038620898162298,0.01,0.11451745738567572,0.30751603246722614,5.426249235311599,0.01,0.07622290313190216,0.12991058989851734,11.757943391541698
4.4,70.2152,69.20850345021717,1.006696549782835,-0.41490353678375236,27.31068503662268,0.10713917679488263,2.926044312528073,2.926044312528073,0.5271050808653244,2.3989392316627485,0.0,0,0.01,0.01,0.16296240467636217,0.3050847250081261,53.84819225940623,0.01,0.09746572226649805,0.1940860361440454,5.247053356642768,0.01,0.09241012415651277,0.1817138396250049,5.085897365553155,0.01,0.11716356070304942,0.3905847002790176,9.171659888766165,0.01,0.11469755524238077,0.307697231329645,5.43733526272917,0.01,0.0763010719603481,0.12998897137610949,11.775064079704533
4.41,69.94892582207407,68.96950124528739,0.9794245767866857,-0.4192289147048018,27.25601522633047,0.1069268652098503,2.9144002662634656,2.9144002662634656,0.5128255091963907,2.401574757067075,0.0,0,0.01,0.01,0.16288416643490455,0.3050018314189706,53.602307510095514,0.01,0.09738461052400768,0.19400314255488987,5.237451333533735,0.01,0.09232915853427917,0.18163094603584937,5.07594632169123,0.01,0.11733408847164341,0.39076749228548757,9.306436220692335,0.01,0.11487927669453071,0.30788002333611497,5.448123770070439,0.01,0.07637985239391828,0.13006795725218787,11.791614207728363
4.42,69.67932692859259,68.7280290269892,0.9512979016033931,-0.4235235543041517,27.196947797267754,0.10671187527202547,2.9022373011218243,2.9022373011218243,0.4980984165087676,2.4041388846130567,0.0,0,0.01,0.01,0.16280496817434192,0.3049179217890804,53.35447519909572,0.01,0.09730250171766147,0.19391923292499966,5.227867689030261,0.01,0.0922471985695322,0.18154703640595915,5.06600530595234,0.01,0.11750608189390944,0.39095184012805717,9.443123447719707,0.01,0.11506257387716119,0.30806437117868457,5.458720518210842,0.01,0.0764592228790375,0.13014752855839595,11.807801219069232
4.43,69.40643956400001,68.48408943708067,0.9223501269193459,-0.42783919981140117,27.133598785434668,0.10649419550548632,2.8895707738235057,2.8895707738235057,0.48294139712790507,2.4066293766956006,0.0,0,0.01,0.01,0.16272480761270638,0.3048329926115417,53.10464331178268,0.01,0.09721939551542119,0.19383430374746097,5.2182273720885695,0.01,0.09216424365716296,0.1814621072284205,5.056001873579893,0.01,0.11767951302560117,0.39113772963466564,9.581902071957906,0.01,0.11524742269878184,0.30825026068529304,5.469225189738553,0.01,0.07653917201320283,0.13022767630527307,11.82381915523108
4.44,69.13030100385184,68.23765691704213,0.8926440868097082,-0.43222257923865115,27.06623578957429,0.10627378912023833,2.876431434579865,2.876431434579865,0.4673873508986248,2.4090440836812403,0.0,0,0.01,0.01,0.16264367307700014,0.3047470305216704,52.85273854465549,0.01,0.09713528166230365,0.19374834165758967,5.208461312058191,0.01,0.09208028330968063,0.18137614513854916,5.045869407844979,0.01,0.11785437554674105,0.3913251678665275,9.722952920264179,0.01,0.11543382134457905,0.3084376989171549,5.479727250264966,0.01,0.07661969777048155,0.13030840060779159,11.839840530045837
4.45,68.85094953703702,67.98868116647401,0.862268370563025,-0.43671338227174644,26.995262347779935,0.106050596827599,2.8628636834996737,2.8628636834996737,0.45148266306394014,2.4113810204357335,0.0,0,0.01,0.01,0.16256154451510563,0.30466001341259624,52.598672943283546,0.01,0.09705014095650347,0.19366132454851556,5.198509431854758,0.01,0.09199529814336709,0.18128912802947506,5.035550029572449,0.01,0.11803068250605511,0.39151418028819385,9.866450657638094,0.01,0.11562178780159038,0.30862671133882125,5.4903023104570385,0.01,0.07670080631756845,0.1303897094151816,11.856009298956387
4.46,68.568424448,67.73709165838349,0.831332789616514,-0.4413425905680582,26.921196607229998,0.1058245406425904,2.848923264508978,2.848923264508978,0.4352848307579249,2.413638433751053,0.0,0,0.01,0.01,0.16247839487478744,0.3045719119334623,52.34235109522802,0.01,0.09696394661936057,0.19357322306938157,5.18832320933699,0.01,0.09190926125586796,0.18120102655034107,5.024997067046016,0.01,0.11820846323074473,0.3917048071586218,10.012557668319822,0.01,0.1158113565375176,0.30881733820924917,5.501009157873483,0.01,0.07678251048361788,0.13047161691222145,11.872435243250921
4.47,68.28276599896297,67.48280299020992,0.7999630087530466,-0.4461312269526381,26.844645321025773,0.10559552849043014,2.834674509811869,2.834674509811869,0.41885965190702645,2.4158148579048424,0.0,0,0.01,0.01,0.1623941917830942,0.30448269129795474,52.08367753659866,0.01,0.09687666599246378,0.19348400243387404,5.17786767707501,0.01,0.0918221399281969,0.18111180591483353,5.014176980532588,0.01,0.1183877595581564,0.39189709932270655,10.161418580488498,0.01,0.11600257449847894,0.3090096303733339,5.511887602676385,0.01,0.07686482796078017,0.1305541416721097,11.889190026861645
4.48,67.99401541214814,67.22572081716683,0.7682945949813138,-0.45108956981478915,26.76627439348924,0.10536345940178289,2.8201872653953846,2.8201872653953846,0.4022781092310068,2.4179091561643777,0.0,0,0.01,0.01,0.16230889944736218,0.3043923133184341,51.82256402961751,0.01,0.09678826248187938,0.1933936244543534,5.167122778004782,0.01,0.0917338975709516,0.1810214279353129,5.00307066225485,0.01,0.11856862157136873,0.3920911136050945,10.313155689716075,0.01,0.11619549661735099,0.3092036446557219,5.522957241958697,0.01,0.07694777932246444,0.13063730465006534,11.906305099048689
4.49,67.70221485200001,66.96574809424284,0.7364667577571663,-0.456216857237008,26.686777323711624,0.10512822905927549,2.8055336393410344,2.8055336393410344,0.38561309263050125,2.419920546710533,0.0,0,0.01,0.01,0.16222248069066542,0.3043007385725277,51.55893638379265,0.01,0.09669869765999517,0.193302049708447,5.156084026207676,0.01,0.09164449582517667,0.18092985318940652,4.991674063449331,0.01,0.11875110303918616,0.39228690802087424,10.467865485180699,0.01,0.116390181042236,0.3093994390715016,5.534217197083824,0.01,0.07703138595241246,0.13072112711159953,11.923771516189493
4.5,67.40740740740742,66.70279134556844,0.7046160618389803,-0.46150148319961576,26.60684296263165,0.10488973544659272,2.790784719419471,2.790784719419471,0.3689361072457853,2.4218486121736857,0.0,0,0.01,0.01,0.16213489903023634,0.30420792860494456,51.2927405231146,0.01,0.09660793343011313,0.19320923974086385,5.144762456211723,0.01,0.09155389672309094,0.1808370432218233,4.979998133281378,0.01,0.11893525677098754,0.3924845370206349,10.625616413128931,0.01,0.11658668430323367,0.3095970680712623,5.545646821677671,0.01,0.07711566797950131,0.13080562858988065,11.941541648794779
4.51,67.10963707392594,66.43676668474828,0.6728703891776542,-0.4669216666726673,26.52712400088046,0.1046478843514113,2.776007404619685,2.776007404619685,0.3523141119097706,2.4236932927099146,0.0,0,0.01,0.01,0.1620461207071513,0.3041138480675108,51.02394754443739,0.01,0.09651593415783512,0.19311515920343011,5.133183878373505,0.01,0.09146206481293948,0.1807429626843896,4.968068087422514,0.01,0.11912113009761098,0.3926840469805871,10.786447933353404,0.01,0.11678505663470855,0.3097965780312145,5.557207320245221,0.01,0.07720064231078212,0.13089082496288007,11.959532634865774
4.5200000000000005,66.80894873599999,66.16760532652218,0.6413434094778061,-0.4724465544746604,26.448207545559942,0.10440259448408763,2.7612614872100814,2.7612614872100814,0.33580662394061767,2.4254548632694637,0.0,0,0.01,0.01,0.16195611657932235,0.3040184667048548,50.75255756432171,0.01,0.09642266867637274,0.19301977784077406,5.12138749052001,0.01,0.0913689691554391,0.18064758132173356,4.955922055532403,0.01,0.11930876068073926,0.39288547213258107,10.950370845441867,0.01,0.11698533765966322,0.30999800318320847,5.568844164557256,0.01,0.07728632084880191,0.13097672673336339,11.97763134793381
4.53,66.50538814918517,65.8952583576168,0.6101297915683719,-0.47803770121696054,26.37058902903276,0.10415380199458339,2.7465971082104113,2.7465971082104113,0.3194632118212448,2.4271338963891664,0.0,0,0.01,0.01,0.1618648637972564,0.30392176110143826,50.47860221069467,0.01,0.09632811207992409,0.19292307223735755,5.109423924544934,0.01,0.09127458510639913,0.18055087571831704,4.943609184422243,0.01,0.11949817283533185,0.39308883110494364,11.117368790840304,0.01,0.11718755262311831,0.31020136215557104,5.580490152112586,0.01,0.07737270896910621,0.1310633375837289,11.995700574030726
4.54,66.19900192237037,65.61970057134451,0.5793013510258602,-0.483650855050501,26.29465052874727,0.10390146419938043,2.732052690547854,2.732052690547854,0.30332147809958077,2.428731212448273,0.0,0,0.01,0.01,0.16177234719270867,0.30382371611728076,50.202145678759656,0.01,0.09623224722977262,0.19282502725320003,5.097352830336385,0.01,0.0911788958106895,0.18045283073415952,4.931187296352224,0.01,0.11968937452329394,0.39329412421438026,11.287400780942587,0.01,0.11739170933350254,0.31040665526500766,5.59206892181727,0.01,0.07745980432051205,0.13115065326379888,12.013586042885532
4.55,65.8898375,65.34093321459127,0.5489042854087369,-0.48923796669529546,26.22064437245414,0.10364556236666904,2.717653431599445,2.717653431599445,0.2874056117606738,2.430247819838771,0.0,0,0.01,0.01,0.16167856032373776,0.30372432595416154,49.9232843341824,0.01,0.09613506591125512,0.19272563709008086,5.0852401167562595,0.01,0.09108189334627192,0.18035344057104036,4.918720218521029,0.01,0.11988235514303888,0.39350133161326084,11.460404564321543,0.01,0.11759779593631019,0.31061386266388824,5.603498728257143,0.01,0.07754759599493313,0.13123866085361624,12.031123936057995
4.5600000000000005,65.57794314429628,65.0589855453032,0.5189575989930781,-0.49474933161468354,26.14868266718938,0.10338610345024933,2.703410411317783,2.703410411317783,0.2717255634202087,2.431684847897574,0.0,0,0.01,0.01,0.16158350613515213,0.3036235948106784,49.642144909378615,0.01,0.09603656959559015,0.19262490594659767,5.073154980357696,0.01,0.09098357947287662,0.18025270942755717,4.906274910259377,0.01,0.12007708420059575,0.39371041235708304,11.636300628517754,0.01,0.117805779604397,0.31082294340771044,5.614696277320029,0.01,0.0776360640959926,0.13132733842582714,12.048148497243787
4.57,65.26336791748147,64.77391515133236,0.489452766149114,-0.50013577131715,26.07873313281881,0.1031231207086196,2.689320344783552,2.689320344783552,0.2562768690688766,2.4330434757146753,0.0,0,0.01,0.01,0.161487197210279,0.30352153710258667,49.358881397034686,0.01,0.09593676977808659,0.19252284823850596,5.061166856835728,0.01,0.090883965957431,0.18015065171946545,4.893918518359869,0.01,0.12027351090546634,0.39392130441549533,11.81499663114961,0.01,0.11801560618621816,0.31103383546612273,5.625580440270452,0.01,0.07772517971719131,0.13141665511411957,12.064499395004624
4.58,64.94616166399999,64.48580703538741,0.4603546286125849,-0.5053507596451653,26.010621351725643,0.10285667319381761,2.675365979942579,2.675365979942579,0.24104111988255905,2.43432486006002,0.0,0,0.01,0.01,0.16138965560769564,0.30341817724363845,49.0736707987986,0.01,0.09583568788273966,0.19241948837955775,5.049342428579437,0.01,0.09078307446680363,0.1800472918605172,4.881715489318447,0.01,0.12047156469075966,0.3941339256087062,11.996392067213915,0.01,0.11822720080915759,0.31124645665933354,5.636075687458061,0.01,0.07781490532185596,0.13150657157619108,12.080028528814044
4.59,64.62637499274076,64.19477152373058,0.4316034690101797,-0.510352403470766,25.94403927534605,0.10258684414289766,2.661517113577141,2.661517113577141,0.2259870479177084,2.4355300656594325,0.0,0,0.01,0.01,0.16129091229436612,0.30331354900094337,48.786707931975464,0.01,0.09573335474194287,0.1923148601368627,5.037742814463789,0.01,0.09068093603709461,0.17994266361782218,4.8697248600770395,0.01,0.12067115661444858,0.39434817541109024,12.180382998714155,0.01,0.11844046939196554,0.31146070646171764,5.646115112619036,0.01,0.07790519549929462,0.1315970408226004,12.094606021239908
4.6000000000000005,64.30405925925925,63.90094110610272,0.4031181531565332,-0.5151051943041819,25.878559565618684,0.10231373835160866,2.6477321723132294,2.6477321723132294,0.2110721714142083,2.436660000899021,0.0,0,0.01,0.01,0.16119100620381538,0.3032076944569854,48.49819953524992,0.01,0.09562980967826087,0.1922090055929047,5.026421056393285,0.01,0.0905775901468464,0.17983680907386418,4.857997837553098,0.01,0.12087218155899747,0.39456393752694907,12.366866694323258,0.01,0.11865530098020603,0.3116764685775764,5.6556429506233314,0.01,0.07799599805531354,0.1316880093673003,12.108125195245725
4.61,63.97926654799999,63.604466359199684,0.3748001888003086,-0.5195814576881947,25.81365510471523,0.10203747865310304,2.633960281705945,2.633960281705945,0.19624491994985283,2.437715361756092,0.0,0,0.01,0.01,0.16108998296389954,0.30310066262712276,48.208357940746176,0.01,0.09552509923219882,0.19210197376304206,5.015420001496838,0.01,0.09047308343845216,0.17972977724400155,4.846575762066691,0.01,0.12107452111192606,0.3947810831111541,12.555746046177656,0.01,0.11887157078330447,0.3118936141617815,5.664616522355739,0.01,0.07808725538118688,0.13177941864229567,12.120506392255574
4.62,63.65204965451852,63.305511144084605,0.3465385104339174,-0.5237624405510739,25.748722788990968,0.10175820166260666,2.6201437261166984,2.6201437261166984,0.18144713976085747,2.438696586355841,0.0,0,0.01,0.01,0.16098789335274624,0.3029925077960333,47.917394596517575,0.01,0.09541927559498911,0.19199381893195264,5.0047706605932705,0.01,0.09036746814702398,0.17962162241291213,4.835488532033161,0.01,0.12127804698158862,0.3949994744811031,12.74693364624488,0.01,0.11908914376277306,0.31211200553173046,5.673007568158421,0.01,0.07817890603389821,0.13187120660825197,12.131699540083355
4.63,63.32246206770371,63.00424729765524,0.31821477004847487,-0.5276389924678401,25.683110541695257,0.10147605298035263,2.606220686029321,2.606220686029321,0.16661686397467568,2.439603822054645,0.0,0,0.01,0.01,0.16088479155296673,0.30288328764851213,47.625513727785965,0.01,0.0953123948179657,0.1918845987844314,4.994491102879751,0.01,0.09026080030842744,0.1795124022653909,4.824753547302959,0.01,0.12148262478164536,0.3952189691471067,12.940355415058072,0.01,0.11930787859962609,0.31233150019773404,5.680802955006466,0.01,0.07827088645243664,0.13196330948542367,12.14168542848076
4.64,62.99055795200002,62.700849058434976,0.2897088935650421,-0.531211814461653,25.61614634143887,0.10119118206831387,2.592128128325113,2.592128128325113,0.15169122195059392,2.440436906374519,0.0,0,0.01,0.01,0.16078073328278333,0.30277306127877074,47.33290641763273,0.01,0.09520451487956695,0.19177437241469,4.984585924801877,0.01,0.09015313782754902,0.1794021758956495,4.814375207251322,0.01,0.12168811800506284,0.39543942397679244,13.135953682503956,0.01,0.1195276318556514,0.31255195502741984,5.688004762218485,0.01,0.0783631327304197,0.13205566352527626,12.150475693969234
4.65,62.6563921296296,62.39548747662645,0.26090465300315085,-0.5344912678814547,25.547167976259956,0.10090373703026809,2.5778047193446207,2.5778047193446207,0.1366093568603488,2.441195362484272,0.0,0,0.01,0.01,0.16067577388786788,0.30266188716750825,47.03974536829414,0.01,0.09509569369696831,0.19166319830342754,4.975046308028382,0.01,0.09004453849371642,0.17929100178438703,4.804344977454988,0.01,0.1218943920042638,0.3956606993058178,13.333689625925672,0.01,0.11974826213844751,0.3127732303564452,5.694629766920031,0.01,0.07845558236446848,0.13214820674277533,12.158111554663778
4.66,62.32002006281482,62.08832505707827,0.23169500573654606,-0.5374967552408512,25.475552201163616,0.1006138595287208,2.56319363058447,2.56319363058447,0.12131522131589634,2.4418784092685737,0.0,0,0.01,0.01,0.16056996647918412,0.30254982121724033,46.74618057260264,0.01,0.09498598717149448,0.19155113235315963,4.96585065815511,0.01,0.08993505803223543,0.1791789358341191,4.794642016273884,0.01,0.1221013177981554,0.39588266281225154,13.53354497789545,0.01,0.11996963408396269,0.3129951938628789,5.700708364643213,0.01,0.07854817590053881,0.13224088053250835,12.164661372138259
4.67,61.98149783600001,61.77951087155285,0.2019869644471564,-0.5402557038538515,25.400742002864597,0.10032168006584691,2.5482451126465016,2.5482451126465016,0.1057601272713482,2.4424849853751534,0.0,0,0.01,0.01,0.16046336019985413,0.3024369149335807,46.4523360833687,0.01,0.0948754473551629,0.1914382260695,4.956965792648927,0.01,0.08982474827911206,0.17906602955045947,4.785234330420799,0.01,0.12230877553872013,0.39610519298515245,13.735522927809182,0.01,0.12019162198228366,0.31321772403577985,5.706282973740834,0.01,0.07864085840662668,0.13233363109840746,12.170217151536775
4.68,61.64088213807407,61.46917635392773,0.17170578414634355,-0.542802200784968,25.322270759267003,0.10002731383901373,2.532918724353681,2.532918724353681,0.08990493834217128,2.4430137860115098,0.0,0,0.01,0.01,0.16035599869807193,0.3023232138334241,46.15830801756106,0.01,0.0947641208199963,0.19132452496934338,4.948348624301323,0.01,0.08971365556023081,0.17895232845030287,4.776080407057593,0.01,0.12251665748890045,0.39632818203852577,13.93964815963462,0.01,0.12041411289189433,0.3134407130891531,5.71140598554752,0.01,0.07873358070956954,0.13242641063652655,12.17489012418869
4.69,61.29823024459258,61.1574319596782,0.14079828491438517,-0.5451753431963968,25.239782220312225,0.09973085735521829,2.5171851202907334,2.5171851202907334,0.07372180958751251,2.443463310703221,0.0,0,0.01,0.01,0.16024791887360088,0.3022087561505461,45.86416387440311,0.01,0.09465204730233984,0.19121006728646536,4.939948265782852,0.01,0.08960181934678466,0.17883787076742486,4.767131250160054,0.01,0.12272487038860824,0.3965515381490018,14.145965994529716,0.01,0.12063700911352312,0.31366406919962914,5.71613733612577,0.01,0.07882630034558326,0.13251917822262246,12.178805589145156
4.7,60.95359999999999,60.84436483061772,0.1092351693822678,-0.5474173808475363,25.153045425748786,0.09943238595401745,2.5010273206919864,2.5010273206919864,0.0571954009408282,2.443831919751158,0.0,0,0.01,0.01,0.1601391499528092,0.30209357189545166,45.56994318480656,0.01,0.0945392586817195,0.19109488303137095,4.931708462627653,0.01,0.08948927124600027,0.17872268651233048,4.758332731285994,0.01,0.12293333711560601,0.39677518692797503,14.354540640936838,0.01,0.1208602299257482,0.3138877179786024,5.7205417896651545,0.01,0.07891898218812275,0.13261190037059978,12.182097220077427
4.71,60.60704979985185,60.53003755925369,0.07701224059815989,-0.5495717366315132,25.06196390592418,0.09913195234679373,2.4844414116391405,2.4844414116391405,0.04032351488327812,2.4441178967558623,0.0,0,0.01,0.01,0.16002971293209123,0.30197768230998673,45.27565944656612,0.01,0.09442577833835884,0.19097899344590605,4.923570246965709,0.01,0.08937603437074623,0.17860679692686554,4.749628150529738,0.01,0.12314199758135318,0.3969990720750438,14.56545259511193,0.01,0.12108371251927397,0.3141116031256712,5.724686037734814,0.01,0.07901159873196967,0.1327045512435232,12.18490107062386
4.72,60.258638573037054,60.214488096424816,0.04415047661223337,-0.5516809961389714,24.96657877326944,0.09882958623342881,2.4674366498265257,2.4674366498265257,0.02311713549624672,2.444319514330279,0.0,0,0.01,0.01,0.15991962041257735,0.3018610997390342,44.98130323895187,0.01,0.09431162091603505,0.19086241087495348,4.915474693508263,0.01,0.08926212311416433,0.178490214355913,4.740960893173531,0.01,0.12335080883719454,0.39722315519768436,14.778795278864488,0.01,0.12130741210365431,0.3143356862483117,5.728635731047101,0.01,0.07910413002842297,0.13279711251513043,12.187349531381775
4.73,59.90842576399999,59.8977307935027,0.010694970497288686,-0.5537849580489609,24.867065592341042,0.09852529500785978,2.4500349734652005,2.4500349734652005,0.005599873457440285,2.44443510000776,0.0,0,0.01,0.01,0.15980887683106212,0.30174382792241156,44.686846354802405,0.01,0.09419679249832376,0.19074513905833085,4.907365653445372,0.01,0.08914754333684057,0.17837294253929034,4.732277062056103,0.01,0.12355974440197443,0.39744741482039336,14.994671044861967,0.01,0.1215313011975991,0.31455994587102076,5.732452569665065,0.01,0.07919656328236954,0.13288957289583317,12.189565503074661
4.74,59.55647131496295,59.579758518845395,-0.02328720388244137,-0.5559188336166261,24.763725201491436,0.09821906551396418,2.4322699479350933,2.4322699479350933,-0.012193151439954253,2.4444630993750476,0.0,0,0.01,0.01,0.15969747907392456,0.3016258626907926,44.39224674101564,0.01,0.09408129118733334,0.1906271738267119,4.899192341775002,0.01,0.08903229295512093,0.1782549773076714,4.723527965738464,0.01,0.12376879285677596,0.3976718446432394,15.213186719245128,0.01,0.12175536815025124,0.31478437569386675,5.736191581751752,0.01,0.07928889213713565,0.13298192735232467,12.191657049685304
4.75,59.202835648148145,59.26054573981311,-0.05771009166495974,-0.5581116758506401,24.656968935560148,0.09791086676516367,2.414185200282409,2.414185200282409,-0.03021693333543851,2.4444021336178476,0.0,0,0.01,0.01,0.1595854174433504,0.30150719303101836,44.09745400178856,0.01,0.09396510805566616,0.19050850416693768,4.8909116594368385,0.01,0.08891636290086852,0.17813630764789717,4.714672348410081,0.01,0.12397795578457613,0.3978964511431733,15.434448881909024,0.01,0.12197961497443892,0.3150089821938007,5.739898718426896,0.01,0.07938111568669916,0.13307417606342695,12.193712780688642
4.76,58.847579648000014,58.94005241875791,-0.09247277075789749,-0.5603851075664171,24.547298952983816,0.09760065349735479,2.3958324194061533,2.3958324194061533,-0.0484186295450173,2.4442510489511706,0.0,0,0.01,0.01,0.15947267692921882,0.30138780246942387,43.80241519521216,0.01,0.0938482284254307,0.19038911360534314,4.882490143534274,0.01,0.08879973840612738,0.17801691708630263,4.705678259104584,0.01,0.12418724516083775,0.3981212506400463,15.65855910379727,0.01,0.12220405460248421,0.3152337816906736,5.743608881850387,0.01,0.07947323726649262,0.13316632316610713,12.19579818184485
4.7700000000000005,58.49076464340739,58.61822853593716,-0.12746389252977214,-0.5627524029757242,24.43528459030869,0.09728837038733389,2.377269017741864,2.377269017741864,-0.06673993806158185,2.444008955803446,0.0,0,0.01,0.01,0.15935923872633603,0.30126767070757254,43.507080643579535,0.01,0.09373063341345404,0.19026898184349186,4.8739054565104585,0.01,0.08868240055158062,0.17789678532445136,4.696524474985532,0.01,0.12439668032426471,0.3983462659718021,15.885609365093908,0.01,0.12242870769947081,0.3154587970224295,5.747344485079798,0.01,0.07956526308315433,0.13325837535417914,12.197953069507314
4.78,58.132452389925916,58.29501902584747,-0.16256663592156248,-0.5652179605937008,24.321535842117292,0.09697395673949147,2.3585555645914735,2.3585555645914735,-0.08511969152166454,2.443675256113138,0.0,0,0.01,0.01,0.1592450819259038,0.3011467754337089,43.211409481904916,0.01,0.09361230167008078,0.19014808656962817,4.865147347507507,0.01,0.08856432800604072,0.17777589005058766,4.6872014150564585,0.01,0.12460628467414092,0.3985715229387934,16.115677868042194,0.01,0.12265359918692151,0.3156840539894208,5.751114615920944,0.01,0.07965720074981356,0.13335034039774235,12.200190286954244
4.79,57.772705052,57.97036889712564,-0.19766384512563784,-0.5677771868747069,24.20667518724262,0.09665735142349448,2.339753110367694,2.339753110367694,-0.10349654728783575,2.44324965765553,0.0,0,0.01,0.01,0.15913018530268194,0.3010250942257884,42.915374686271925,0.01,0.09349321123060997,0.19002640536170767,4.856218045088195,0.01,0.08844549887599608,0.17765420884266714,4.677711505832197,0.01,0.12481608225111834,0.3987970466850391,16.348825434062896,0.01,0.12287875464086677,0.3159095777356665,5.754914844831562,0.01,0.07974905779658843,0.1334422256536874,12.202495695377676
4.8,57.4115851851852,57.6442283005122,-0.232643115326993,-0.57041679103671,24.09130904801328,0.09633849783575378,2.320920524582503,2.320920524582503,-0.12181165033658736,2.4427321749190902,0.0,0,0.01,0.01,0.15901452911553557,0.30090260645842526,42.61896735331552,0.01,0.09337334139386216,0.18990391759434455,4.84713206855203,0.01,0.08832589257980226,0.17753172107530404,4.668068987506327,0.01,0.1250260943615516,0.39902285818425665,16.58509263950624,0.01,0.1231041967318264,0.316135389234884,5.758727681009783,0.01,0.0798408402258266,0.13353403663658897,12.204829442598557
4.8100000000000005,57.04915571837036,57.3165573144893,-0.2674015961189397,-0.5731154728983567,23.976000176244742,0.09601734865798911,2.3021119683465,2.3021119683465,-0.14001114832090766,2.4421231166674073,0.0,0,0.01,0.01,0.1588980968390737,0.3007792951266019,42.3222000417142,0.01,0.09325267454174647,0.1897806062625212,4.837915473556372,0.01,0.08820549166060321,0.1774084097434807,4.658299176566431,0.01,0.1252363364013381,0.39924897099083057,16.82449780148487,0.01,0.1233299418701339,0.3163615020414579,5.7625236444138945,0.01,0.07993255117828026,0.1336257757151188,12.207128424170557
4.82,56.68547993599999,56.98733023366799,-0.3018502976679918,-0.5758449680732913,23.861242208648612,0.09569387019696908,2.28337461465286,2.28337461465286,-0.15804844627294257,2.4414230609258025,0.0,0,0.01,0.01,0.15878087674782823,0.3006551485034321,42.02510903430712,0.01,0.0931311978169928,0.18965645963935138,4.82860457488009,0.01,0.08808428345547117,0.17728426312031087,4.648437226863571,0.01,0.12544681502390345,0.3994753884010243,17.0670358788186,0.01,0.12355599720849567,0.31658791945165166,5.76626288745843,0.01,0.0800241897700678,0.1337174409920096,12.209309789767177
4.83,56.3206214602963,56.65653916992725,-0.33591770963095086,-0.5785713992888305,23.74743752871339,0.09536804610988227,2.264746717229887,2.264746717229887,-0.17588610146455075,2.440632818694438,0.0,0,0.01,0.01,0.15866286328167187,0.30053016155739726,41.72775543216282,0.01,0.09300890458322418,0.18953147269331658,4.8192442135996565,0.01,0.08796226154535519,0.17715927617427607,4.63852645453133,0.01,0.12565752577900005,0.39970210114851523,17.31267830742974,0.01,0.12378235813523668,0.31681463219914263,5.769897271507407,0.01,0.08011575015127051,0.13380902541596768,12.211275296626692
4.84,55.95464423348149,56.324196809430966,-0.36955257594947805,-0.5812568695470981,23.63487941754756,0.09503988034874648,2.246256111900771,2.246256111900771,-0.19349727628634406,2.4397533881871154,0.0,0,0.01,0.01,0.15854405813155564,0.3004043370658684,41.43022504767638,0.01,0.09288579560191577,0.1894056482017877,4.80988565622801,0.01,0.08783942692086981,0.1770334516827472,4.6286163114653185,0.01,0.12586845132523816,0.3999290857318354,17.56137374775401,0.01,0.12400900636721035,0.3170416167824628,5.773372782068121,0.01,0.08020722082578884,0.13390051616226806,12.21291627555418
4.8500000000000005,55.58761249999998,55.99033820837428,-0.4027257083743086,-0.5838612228185449,23.523739280079614,0.0947093991934176,2.227919213998938,2.227919213998938,-0.21086668780674556,2.4387859018056837,0.0,0,0.01,0.01,0.1584244709976715,0.300277686375844,41.132627119026715,0.01,0.09276187987402278,0.1892789975117633,4.800584228656946,0.01,0.08771578881223552,0.1769068009927228,4.618760106676956,0.01,0.1260795602909152,0.4001563034408093,17.813049685954503,0.01,0.12423590872203043,0.31726883449143667,5.77663215399891,0.01,0.08029858425920587,0.13399189430563638,12.214118953628088
4.86,55.219590788740724,55.655021554808805,-0.43543076606808273,-0.5863438913038562,23.41405950419559,0.09437665228447921,2.209740552395573,2.209740552395573,-0.2279910159710774,2.43773156836665,0.0,0,0.01,0.01,0.15830411998721022,0.30015022977903727,40.83509192182041,0.01,0.09263717510954883,0.18915154091495656,4.791396797558537,0.01,0.0875913651471915,0.17677934439591608,4.609012584005143,0.01,0.12629080682616886,0.4003837001160557,18.067614802083092,0.01,0.12446301661654358,0.317496231166683,5.7796175742858535,0.01,0.08038981678749423,0.13408313479506528,12.214769872996982
4.87,54.85064389525925,55.31832787116913,-0.46768397590987965,-0.5886657452341485,23.305752258669248,0.09404171261273776,2.1917128561334374,2.1917128561334374,-0.24487875715335727,2.4365916132867946,0.0,0,0.01,0.01,0.158183031635324,0.3000219964860091,40.53776740225876,0.01,0.0925117078053775,0.18902330762192837,4.782379215976309,0.01,0.08746618261774312,0.17665111110288784,4.599427468428399,0.01,0.12650213085633594,0.40061120664156746,18.324961996285623,0.01,0.12469026630391486,0.31772373769219486,5.782273334201591,0.01,0.08048088882513961,0.13417420672607464,12.21476115411781
4.88,54.480836864000004,54.98035968009822,-0.4995228160982203,-0.590790861778521,23.19860427158451,0.09370467546925873,2.173817684608586,2.173817684608586,-0.26154953489244237,2.4353672195010283,0.0,0,0.01,0.01,0.15806124054999635,0.29989302420221675,40.240814998550775,0.01,0.092385512929546,0.18889433533813602,4.773583848531735,0.01,0.08734027635442973,0.1765221388190955,4.590055091813886,0.01,0.1267134590132946,0.4008387401368602,18.58497194778945,0.01,0.12491757982703743,0.31795127118748756,5.784548313544383,0.01,0.08057176535731529,0.13426507389225845,12.213995372919653
4.89,54.11023497051853,54.641238702759104,-0.5310037322405697,-0.5926881338354036,23.092287365205063,0.09336565640681956,2.1560265677872765,2.1560265677872765,-0.27803290403928926,2.434059471826566,0.0,0,0.01,0.01,0.15793878869852448,0.29976335832683404,39.94440485171738,0.01,0.0922586332280185,0.1887646694627533,4.765057285296175,0.01,0.08721368922462083,0.1763924729437128,4.5809402025557615,0.01,0.12692470619013738,0.4010662057836687,18.84751706926673,0.01,0.1251448666328925,0.31817873683429604,5.786398195271853,0.01,0.08066240668778983,0.13435569558538568,12.212389851294773
4.9,53.738903703703684,54.301102702017,-0.5621989983133099,-0.5943326471126329,22.98637426682387,0.09302478830831241,2.1383026001469303,2.1383026001469303,-0.29436670715943913,2.4326693073063694,0.0,0,0.01,0.01,0.15781572436949587,0.2996330508122295,39.64871063223984,0.01,0.09213111818713308,0.1886343619481488,4.756838342647446,0.01,0.0870864707883892,0.1762621654291083,4.572120053236652,0.01,0.12713577763625544,0.4012934991940673,19.11246570990858,0.01,0.12537202576255616,0.31840603024469466,5.787787327253356,0.01,0.08075276940287894,0.1344460276023937,12.209880196135302
4.91,53.36690874799999,53.960101620807684,-0.5931928728076906,-0.5957067646350315,22.88035897871489,0.09268221769805181,2.120602411874828,2.120602411874828,-0.31059506189574426,2.431197473770572,0.0,0,0.01,0.01,0.15769210085878435,0.2995021587373201,39.35390422424685,0.01,0.0920030227004953,0.1885034698732394,4.748956435113118,0.01,0.08695867596101814,0.1761312733541989,4.563622846462675,0.01,0.1273465714861256,0.4015205092034173,19.37968645327198,0.01,0.12559894850616887,0.31863304025404465,5.788690167541783,0.01,0.08084280750247806,0.1345360234088139,12.2064229611495
4.92,52.99431596562962,53.61839319702319,-0.6240772313935663,-0.596800871218538,22.773680784036234,0.09233810046633788,2.102878424224646,2.102878424224646,-0.32676607423644755,2.429644498461094,0.0,0,0.01,0.01,0.15756797494055008,0.299370742660963,39.06015051351872,0.01,0.09187440550247533,0.18837205379688227,4.7414303849443,0.01,0.0868303634444827,0.17599985727784173,4.555466602422814,0.01,0.12755698159681775,0.401747120953708,19.64905235063416,0.01,0.12582552139248818,0.3188596520043354,5.789092268975525,0.01,0.0809324736424297,0.13462563540186656,12.201997345534908
4.93,52.62119137881483,53.27613825897652,-0.6549468801616909,-0.5976137459621821,22.66575079864334,0.09199259720441852,2.0850812835553243,2.0850812835553243,-0.3429293845345871,2.4280106680899114,0.0,0,0.01,0.01,0.15744340519394043,0.2992388648315238,38.76760251936905,0.01,0.09174532744102701,0.18824017596744308,4.734267716818684,0.01,0.0867015940006989,0.17586797944840254,4.547658493061946,0.01,0.12776690055721873,0.4019732191214189,19.92044492766784,0.01,0.126051629369449,0.3190857501720463,5.788990777598677,0.01,0.08102172042845819,0.13471481621291387,12.196605883511324
4.94,52.24760115199998,52.933495918930156,-0.6858947669301783,-0.5981525477765405,22.55597985915072,0.09164586836491126,2.0671623610133167,2.0671623610133167,-0.3591336601539219,2.4262960211672384,0.0,0,0.01,0.01,0.1573184502626968,0.29910658733528905,38.47639709352094,0.01,0.09161584966979533,0.18810789847120835,4.727464464233256,0.01,0.08657242864647377,0.1757357019521678,4.540194667712108,0.01,0.1279762227266146,0.4021986911394305,20.193757802978315,0.01,0.12627715902594688,0.31931122219005786,5.788394436783955,0.01,0.08111050170077677,0.13480351998828516,12.190274117042701
4.95,51.87361157407408,52.5906188856679,-0.7170073115938185,-0.5984324166518745,22.44380647144454,0.09129806947087944,2.0490762024209173,2.0490762024209173,-0.37542415044555133,2.4245003528664686,0.0,0,0.01,0.01,0.15719316712786532,0.29897397026914774,38.18665138197286,0.01,0.09148603184306148,0.18797528140506703,4.721005492608493,0.01,0.08644292685356582,0.1756030848860265,4.533060574330884,0.01,0.1281848471616587,0.4024234302649081,20.468899762902378,0.01,0.12650200170595105,0.31953596131553547,5.787323105304483,0.01,0.08119877375021761,0.13489170358966987,12.183049281281594
4.96,51.499289040592586,52.24764911047095,-0.7483600698783656,-0.5984757109773491,22.3287235352089,0.09094934659462484,2.030782815819271,2.030782815819271,-0.3918404162949696,2.422623232114241,0.0,0,0.01,0.01,0.15706760947311155,0.2988410700217916,37.898460209803446,0.01,0.09135593039680723,0.1878423811577109,4.714865322397373,0.01,0.08631314483689836,0.1754701846386704,4.526231759656862,0.01,0.12839268029864773,0.4026473383542898,20.745797149602087,0.01,0.12672605637383888,0.31975986940491713,5.785806813176963,0.01,0.08128649641120889,0.13497932766016535,12.174998067812432
4.97,51.12470003600002,51.90471396440649,-0.7800139284064652,-0.5983109179425589,22.210302610456907,0.09059983231485227,2.0122496921695214,2.0122496921695214,-0.4084143378632443,2.420664030032766,0.0,0,0.01,0.01,0.1569418262177677,0.29870793774259113,37.61189450493102,0.01,0.09122559699505298,0.1877092488785104,4.709009414305458,0.01,0.08618313400975063,0.1753370523594699,4.519675111283765,0.01,0.1285996382718909,0.40287032822202784,21.024395439864062,0.01,0.12694923210397221,0.31998285927265524,5.7838843941973215,0.01,0.08137363398384186,0.13506635750938703,12.166203564688395
4.98,50.74991111585184,51.561923119283044,-0.812012003431206,-0.5979712890897007,22.08821460029147,0.09024964233865437,1.9934534675757487,1.9934534675757487,-0.42516849076770113,2.41862195834345,0.0,0,0.01,0.01,0.15681586028486033,0.2985746180685016,37.3270008273875,0.01,0.09109507721280255,0.1875759292044209,4.703395858782353,0.01,0.08605293967685516,0.17520373268538042,4.5133504855914035,0.01,0.12880564876801073,0.4030923254807864,21.304659920972473,0.01,0.12717145008720432,0.32020485653141373,5.781601748924187,0.01,0.08146015594625496,0.1351527637804158,12.156761504196918
4.99,50.37498888903703,51.21936627115143,-0.8443773821143997,-0.5974932657082469,21.96224588607975,0.08989887294372884,1.9743811524716146,1.9743811524716146,-0.4421149634179966,2.416496115889611,0.0,0,0.01,0.01,0.15668974766033572,0.29844114816723183,37.043802017702106,0.01,0.09096440951576922,0.18744245930315115,4.697977393993559,0.01,0.08592260002511252,0.17507026278411064,4.507212648313608,0.01,0.12901065233925893,0.40331326978633353,21.586575406968485,0.01,0.12739264507116937,0.32042580083696093,5.77900980638039,0.01,0.08154603742913771,0.13523852287228624,12.14677597821566
5.0,50.0,50.87711180539171,-0.877111805391714,-0.59691476834626,21.83230915990561,0.08954759935778862,1.9550308737066062,1.9550308737066062,-0.4592546673659148,2.414285541072521,0.0,0,0.01,0.01,0.1565635167860214,0.29830755714002233,36.762298923986904,0.01,0.0908336245830743,0.18730886827594162,4.6927036612431845,0.01,0.08579214545761014,0.17493667175690109,4.501213440072269,0.01,0.12921460312522365,0.4035331154391447,21.870144982414843,0.01,0.12761276617865575,0.3206456464897721,5.776162266402558,0.01,0.08163125943579835,0.1353236171036761,12.136354806275627
5.01,49.62501111096296,50.535206458113144,-0.9101953471501857,-0.5962734307693619,21.698448445061196,0.0891958751480734,1.9354120984125858,1.9354120984125858,-0.4765771693231058,2.4119892677356916,0.0,0,0.01,0.01,0.15643718831317707,0.29817386581043787,36.4824731154336,0.01,0.09070274500295838,0.18717517694635716,4.6875235952296,0.01,0.085661598300464,0.17480298042731665,4.495304068189863,0.01,0.1294174689603967,0.40375183132536197,22.155387808974965,0.01,0.12783177707779309,0.32086436237598936,5.773113216744199,0.01,0.08171580880338217,0.1354080346158447,12.125604760427864
5.0200000000000005,49.25008888414814,50.1936759819104,-0.9435870977622579,-0.5956048609206157,21.56083806672041,0.08884373264632456,1.9155453328304055,1.9155453328304055,-0.49406104905867054,2.409606381889076,0.0,0,0.01,0.01,0.1563107752265488,0.2980400869073907,36.20429044223282,0.01,0.09057178535399842,0.18704139804331002,4.682387839188981,0.01,0.08553097289445856,0.1746692015242695,4.489437419287297,0.01,0.12961923087366883,0.40396940021076855,22.442336079683656,0.01,0.12804965550783265,0.32108193126139595,5.769914728427964,0.01,0.08179967791290566,0.13549176902510857,12.114626862855065
5.03,48.87529996399999,49.852526777201554,-0.9772268132015628,-0.5949410097094942,21.4197756186051,0.08849118438585461,1.895461313769617,1.895461313769617,-0.5116747628741658,2.407136076643783,0.0,0,0.01,0.01,0.15618428333145493,0.2979062256320587,35.92770526159336,0.01,0.09044075266621761,0.18690753676797803,4.677251072685412,0.01,0.08540027606538357,0.17453534024893752,4.483570285131934,0.01,0.1298198820136541,0.40418581743137194,22.731031253126726,0.01,0.1282663921936304,0.3212983484819993,5.7666145384300025,0.01,0.08188286416723446,0.13557481884664993,12.103511974248491
5.04,48.50071095940741,49.51174840565287,-1.0110374462454645,-0.5943087228793,21.27566925341816,0.08813822547979239,1.875199733891256,1.875199733891256,-0.5293779689381561,2.404577702829412,0.0,0,0.01,0.01,0.15605771207944252,0.29777228058034827,35.652665118352964,0.01,0.09030964723868422,0.18677359171626756,4.672074142820959,0.01,0.08526950794922573,0.17440139519722705,4.477665397315069,0.01,0.13001942605957933,0.4044010890516432,23.021519741094778,0.01,0.12848198920928322,0.3215136201022706,5.763253929241946,0.01,0.08196536926647383,0.135657186721709,12.092336882484117
5.05,48.12638842592594,49.171316861701335,-1.0449284357753923,-0.5937285420651421,21.129019891113877,0.08778483682553335,1.8548075634248804,1.8548075634248802,-0.547123249559841,2.4019308129847214,0.0,0,0.01,0.01,0.15593105569227814,0.29763824497594754,35.37911564834846,0.01,0.09017846377356593,0.18663955611186686,4.666825898239303,0.01,0.08513866313181886,0.17426735959282635,4.471693174752711,0.01,0.1302178752002059,0.40461522958517204,23.313848255181718,0.01,0.12869645787555536,0.3217277606357994,5.7598659092494096,0.01,0.08204719831901248,0.1357388784887478,12.081161080565446
5.0600000000000005,47.752398848000006,48.83119844381522,-1.0787995958152163,-0.5932138089380352,20.980399176659432,0.08743098898198391,1.8343370492521351,1.8343370492521351,-0.5648581474847869,2.399195196736922,0.0,0,0.01,0.01,0.15580430453022281,0.297504108154618,35.10700546456954,0.01,0.09004719277193626,0.18650541929053727,4.661484639134241,0.01,0.08500773204797712,0.17413322277149676,4.465633101463215,0.01,0.13041524778189945,0.40482825939140765,23.608059037856076,0.01,0.12890981629575554,0.321940790442035,5.7564737859020125,0.01,0.08212835883329565,0.13581990214563244,12.070024391290582
5.07,47.37880862118518,48.49135404047288,-1.1125454192877025,-0.5927701116678052,20.83042421632413,0.08707664653519205,1.8138434866629611,1.8138434866629611,-0.5825274193365371,2.396370905999498,0.0,0,0.01,0.01,0.15567744663935085,0.297369857228862,34.83629078991191,0.01,0.08991582212460582,0.18637116836478126,4.656039115079428,0.01,0.08487670257322066,0.17399897184574076,4.459474670018522,0.01,0.1306115657407393,0.4050402018754419,23.90418520999598,0.01,0.12912208664975786,0.3221527329260693,5.753090205273033,0.01,0.08220885964002338,0.13590026675399122,12.058945554009112
5.08,47.00568403437036,48.15174362807346,-1.1460595937031,-0.5923950965750286,20.679730269507083,0.08672177274582678,1.7933828688771885,1.7933828688771885,-0.600075400025627,2.3934582689028154,0.0,0,0.01,0.01,0.15555046940460965,0.29723547885400825,34.56693961626082,0.01,0.0897843388224305,0.18623678998992751,4.650489024711153,0.01,0.08474556173249835,0.173864593470887,4.453217847477408,0.01,0.1308068519418851,0.4052510806249172,24.20224645950555,0.01,0.12933329237528252,0.3223636116755446,5.74971670786725,0.01,0.08228870979670215,0.13597998133852726,12.047921839142672
5.09,46.63309125200001,47.812330769862186,-1.179239517862178,-0.5920786505959558,20.528942665110513,0.08636633425968887,1.7730095242129227,1.7730095242129227,-0.6174483676897646,2.3904578919026873,0.0,0,0.01,0.01,0.1554233612307501,0.29710096101243283,34.298935196225436,0.01,0.08965273070532673,0.18610227214835215,4.644844996236903,0.01,0.08461429744521237,0.17373007562931164,4.4468730444996565,0.01,0.13100112755195045,0.4054609166188795,24.502245275615206,0.01,0.1295434553689822,0.3225734476695069,5.746343822853606,0.01,0.08236791752625211,0.13605905383316785,12.036929701856916
5.1000000000000005,46.26109629629627,47.47308690671804,-1.2119906104217624,-0.591803442891148,20.37864924384367,0.08601030566048318,1.7527738504107686,1.7527738504107686,-0.6345967996534696,2.387370650064238,0.0,0,0.01,0.01,0.15529611317236078,0.29696629473223857,34.032278709313154,0.01,0.08952098816781652,0.18596760586815786,4.639128053440859,0.01,0.08448290022455959,0.17359540934911732,4.4404605929632375,0.01,0.13119440956678752,0.4056697256378139,24.804163902690668,0.01,0.1297525933371888,0.32278225668844124,5.7429516933635005,0.01,0.08244648923873614,0.1361374901226091,12.025926430944699
5.11,45.88976502948149,47.13399524210843,-1.2442302126269453,-0.5915457974022761,20.229374599890445,0.08565367365244574,1.732720250172091,1.7327202501720913,-0.6514774158938796,2.3841976660659707,0.0,0,0.01,0.01,0.15516872043702754,0.29683147566023577,33.766990987004355,0.01,0.08938910574137052,0.18583278679615509,4.633368597296701,0.01,0.08435136475175792,0.17346059027711458,4.434009761692653,0.01,0.131386708608055,0.4058775159925728,25.107962148720006,0.01,0.12996071741750329,0.3229900470432002,5.739511196363286,0.01,0.08252442868038415,0.136215293222274,12.014852697069681
5.12,45.51916313599999,46.79505404400347,-1.2758909080034824,-0.5912768531531795,20.081557309209675,0.08529644067859835,1.7128853617588762,1.712885361758876,-0.6680549172276251,2.3809402789865013,0.0,0,0.01,0.01,0.15504118369194164,0.29669650541628784,33.503113228335195,0.01,0.08925708347996247,0.18569781655220713,4.627604956661813,0.01,0.0842196912519664,0.17332562003316662,4.427557362115336,0.01,0.13157802708767238,0.4060842866730734,25.413576140349953,0.01,0.1301678301781711,0.3231968177237008,5.735985494166474,0.01,0.08260173624719602,0.1362924626322466,12.003635859139171
5.13,45.14935610474075,46.456279215005324,-1.3069231102645738,-0.5909639562569918,19.93553119204002,0.08493862780746077,1.693296664064712,1.693296664064712,-0.6843033403356513,2.3776000044003633,0.0,0,0.01,0.01,0.1549135101137737,0.29656139266663445,33.24070668668315,0.01,0.0891249280847847,0.18556270380255377,4.62188158165608,0.01,0.08408788660831569,0.17319050728351326,4.421146014806865,0.01,0.13176835782047916,0.4062900259963822,25.72091807109939,0.01,0.1303739240830588,0.3234025570470096,5.732331932905765,0.01,0.08267840849187581,0.13636899389176493,11.992193851665409
5.14,44.78040921125928,46.117706016980996,-1.3372968057217123,-0.5905722174694847,19.79151147077684,0.08458027675566787,1.6739715176112804,1.6739715176112804,-0.7002069700874047,2.374178487698685,0.0,0,0.01,0.01,0.15478571413384695,0.2964261538671731,32.97985135761815,0.01,0.08899265371652855,0.18542746500309235,4.616246969257752,0.01,0.08395596516296848,0.17305526848405184,4.414822162909784,0.01,0.13195768314304604,0.40649471080919514,26.029876945235152,0.01,0.1305789804869671,0.3236072418598225,5.728504187546741,0.01,0.08275443784310532,0.13644487835081104,11.980439451820905
5.15,44.41238749999998,45.77938987642171,-1.3670023764217323,-0.5900661621240421,19.649586459966592,0.08422145095447865,1.6549166823138641,1.6549166823138641,-0.7157607705343838,2.370677452848248,0.0,0,0.01,0.01,0.1546578178450071,0.2962908136432184,32.72064374363031,0.01,0.08886028245841378,0.1852921247791377,4.610751421577853,0.01,0.08382394916893336,0.1729199282600972,4.4086339286617635,0.01,0.13214597457175703,0.40669830627294934,26.34032027804595,0.01,0.13078296920010427,0.32381083732357674,5.724454544127453,0.01,0.08282981254570024,0.1365201031647208,11.968284712844667
5.16,44.04535576651851,45.441406239725296,-1.3960504732067869,-0.5894113956581896,19.509715172704343,0.0838622356127552,1.6361283305510765,1.6361283305510768,-0.7309703184444993,2.367098648995576,0.0,0,0.01,0.01,0.15452985105241734,0.2961554047892669,32.46319381376661,0.01,0.08872784440956472,0.18515671592518615,4.605444743045003,0.01,0.08369186887276288,0.17278451940614564,4.402628914605536,0.01,0.1323331930072246,0.40690076623216853,26.65209667548099,0.01,0.13098584863309978,0.32401329728279593,5.720136207757095,0.01,0.08290451681952225,0.13659465150706615,11.955645350344524
5.17,43.679378539703706,45.1038494916405,-1.424470951936795,-0.5885762078119184,19.37173095824259,0.08350273677560166,1.6175925510939047,1.6175925510939047,-0.7458512463094491,2.3634437974033538,0.0,0,0.01,0.01,0.1544018509670893,0.2960199678899706,32.20762131127165,0.01,0.08859537740561474,0.1850212790258899,4.600373983274736,0.01,0.08355976222552074,0.1726490825068494,4.396852051360092,0.01,0.13251928946612004,0.40710203413943186,26.96503918276383,0.01,0.13118756650631458,0.3242145651900592,5.715505528977221,0.01,0.08297853122467438,0.1366685029858508,11.942444878964922
5.18,43.314520064,44.76683100219895,-1.4523109381989494,-0.5875321842590012,19.235350952005845,0.0831430794339652,1.5992863121428202,1.5992863121428202,-0.7604282290289865,2.359714541171807,0.0,0,0.01,0.01,0.1542738615575259,0.29588455058469804,31.954051763100953,0.01,0.08846292638078285,0.1848858617206173,4.595581412602102,0.01,0.08342767423671044,0.1725136652015768,4.391343679566079,0.01,0.13270420629686272,0.4073020444795231,27.27896915193359,0.01,0.13138806108077927,0.32441457553015046,5.710523995577203,0.01,0.08305183369959772,0.1367416380026627,11.928883496868337
5.19,42.95084428162963,44.430502789135126,-1.4796585075054935,-0.5861330170978374,19.10001747255152,0.08278343302384189,1.5811650171931788,1.5811650171931786,-0.7747473828334828,2.3559124000266616,0.0,0,0.01,0.01,0.1541459395184691,0.2957492171377591,31.702782702741192,0.01,0.08833054811581752,0.18475052827367835,4.591215233396625,0.01,0.08329566200734873,0.17237833175463785,4.386249826528787,0.01,0.13288787116333833,0.4075007090664428,27.59353407359279,0.01,0.13158725617423114,0.32461324011707016,5.705068590403973,0.01,0.08312465622542319,0.1368144232453889,11.925865035381129
5.2,42.588414814814804,44.095106855718,-1.5066920409031992,-0.584279720292247,18.964565261324495,0.08242406476248997,1.5631365552918774,1.5631365552918777,-0.7889021078206171,2.3520386631124945,0.0,0,0.01,0.01,0.15401817582099708,0.2956140684397365,31.45418855020792,0.01,0.08819833325886964,0.18461537957565577,4.587471163277115,0.01,0.08316381688377772,0.17224318305661526,4.3817550679332475,0.01,0.13307016742265845,0.4076978886770526,27.908227302577362,0.01,0.1317850313852454,0.32481041972768,5.6989464777183425,0.01,0.0831973309276531,0.13688707454480398,11.923970490334463
5.21,42.227294948000015,43.76090115217777,-1.5336062041777592,-0.5819810249992575,18.8276964300024,0.08206526101375881,1.545099821815962,1.5450998218159622,-0.8029943307574294,2.3480941525733914,0.0,0,0.01,0.01,0.15389067214369845,0.29547921235000424,31.20845060378201,0.01,0.08806638685556434,0.18448052348592356,4.584362995326544,0.01,0.08303224381017998,0.17210832696688305,4.377869573790587,0.01,0.13325096109510592,0.40789343752591545,28.222756872884442,0.01,0.13198124347556686,0.32500596857654285,5.69213242212909,0.01,0.0832698303683718,0.13695953630225755,11.920920149762356
5.22,41.86754761007409,43.428133793883696,-1.5605861838096047,-0.5792560956683094,18.688148700212235,0.08170729965584726,1.5269581658612736,1.5269581658612736,-0.8171210150583308,2.3440791809196044,0.0,0,0.01,0.01,0.15376352749667094,0.29534475329629206,30.965711874400014,0.01,0.0879348120341314,0.18434606443221133,4.581869407886502,0.01,0.08290104554938786,0.17197386791317082,4.374572856785072,0.01,0.1334301240773495,0.40808721846410445,28.536881885417394,0.01,0.13217469753948186,0.32519974951473185,5.695490246750292,0.01,0.08334210094169396,0.1370317548258556,11.91670741773061
5.23,41.50923535659257,43.097077270038675,-1.5878419134461093,-0.575966314703745,18.54446792799988,0.08135048683939138,1.5086014941202697,1.5086014941202697,-0.8313920817240428,2.3399935758443124,0.0,0,0.01,0.01,0.1536368464466176,0.2952108060765465,30.726331110021306,0.01,0.08780371576515353,0.18421211721246578,4.580119596230439,0.01,0.08277032909307068,0.17183992069342527,4.371994405684343,0.01,0.13360752677423593,0.4082790830572659,28.850141904687675,0.01,0.1323609762478196,0.3253916141078933,5.753003362004342,0.01,0.08341408642423351,0.13710367090115988,11.911090778703954
5.24,41.15242035199999,42.76809076888508,-1.6156704168850897,-0.5720287691502982,18.394585254926294,0.08099522455855646,1.4898735633842666,1.4898735633842666,-0.8459630520514261,2.3358366154356927,0.0,0,0.01,0.01,0.1535107669070186,0.2950775211680437,30.490740554406734,0.01,0.08767323754865244,0.18407883230396302,4.579299726025215,0.01,0.08264023446105052,0.1717066357849225,4.370309196521557,0.01,0.13378299989890627,0.40846883604848727,29.161906977172876,0.01,0.13254431841267308,0.32558136709911467,5.8193184774836055,0.01,0.08348571282668832,0.13717520620291412,11.903720291876898
5.25,40.79716435185184,42.441524299622344,-1.6443599477705029,-0.5675238340565787,18.236447869070535,0.08064190764771294,1.4706219448799176,1.4706219448799174,-0.8609848552955179,2.3316068001754355,0.0,0,0.01,0.01,0.15338542992196344,0.29494504600792054,30.259076032600635,0.01,0.08754352427522903,0.18394635714383986,4.579347095116585,0.01,0.08251090803703506,0.17157416062479935,4.369452744780259,0.01,0.13395636807103098,0.40865629143528565,29.47186821957526,0.01,0.13272541771487406,0.325768822485913,5.885394148028505,0.01,0.08355690209221879,0.13724628407798634,11.894710812720426
5.26,40.44352868503704,42.11766903796393,-1.674140352926892,-0.562570195815385,18.068356236543476,0.08029086973571099,1.4507240369267336,1.4507240369267336,-0.8765778389722245,2.327301875898958,0.0,0,0.01,0.01,0.1532609562399934,0.2948135047538757,30.03134885697271,0.01,0.08741470347302369,0.18381481588979498,4.580116173975866,0.01,0.08238247637885344,0.17144261937075447,4.369285390053068,0.01,0.134127485792356,0.40884130060071533,29.77987646202025,0.01,0.1329041941088636,0.3259538316513427,5.950505462664948,0.01,0.08362758673894342,0.13731684037457995,11.884333075631668
5.2700000000000005,40.091574235999985,41.79674286256028,-1.7051686265602952,-0.5573042853623283,17.889072313879275,0.07994236685705335,1.4300947816484932,1.4300947816484932,-0.8928242050556034,2.3229189867040967,0.0,0,0.01,0.01,0.1531374396757154,0.2946829922170451,29.80748037180598,0.01,0.08728687525151625,0.18368430335296437,4.581429353565843,0.01,0.08225503852532264,0.17131210683392384,4.369637668965034,0.01,0.1342962473738069,0.4090237596638475,30.08589090958177,0.01,0.13308053827555466,0.3261362907144749,6.014692457283694,0.01,0.08369771424315232,0.13738682665806512,11.87291898415602
5.28,39.74136142696296,41.47888261135946,-1.7375211843965002,-0.5518723319300095,17.697884874615056,0.07959656823021037,1.4086909009527053,1.4086909009527053,-0.9097639647261135,2.318454865678819,0.0,0,0.01,0.01,0.1530149436678194,0.29455357049919173,29.58731067081758,0.01,0.08716010847574847,0.18355488163511102,4.583089861320393,0.01,0.08212866226044448,0.17118268511607052,4.370322098464609,0.01,0.13446259074133973,0.40920361280809825,30.389972530934415,0.01,0.13325437954194597,0.3263161438587256,6.078095996339148,0.01,0.08376724909391699,0.13745621197921157,11.860838234964962
5.29,39.39295020014815,41.16414055410209,-1.7711903539539395,-0.5464231591464944,17.494647465557815,0.07925355157359149,1.386512945173388,1.386512945173388,-0.9273931006818004,2.3139060458551883,0.0,0,0.01,0.01,0.15289349948296327,0.2944252673392104,29.370608629520156,0.01,0.08703443874712348,0.18342657847512966,4.584891533114454,0.01,0.08200338214670817,0.17105438195608913,4.3711424426726975,0.01,0.13462649872909102,0.4093808531307982,30.692277664499482,0.01,0.13342569311100136,0.3264933841814256,6.1408922755022814,0.01,0.08383617386678967,0.13752498373180125,11.848480689465376
5.3,39.04640000000002,40.85248497629496,-1.8060849762949365,-0.541101005665115,17.279788678267717,0.07891330290701033,1.363605198137268,1.363605198137268,-0.9456638822145114,2.3092690803517795,0.0,0,0.01,0.01,0.1527731059952018,0.29429807614196307,29.157085200973018,0.01,0.08690986802561936,0.1832993872778824,4.586628754886105,0.01,0.0818791991942978,0.17092719075884188,4.371903180329263,0.01,0.13478799822010568,0.409555521158191,30.99304694328954,0.01,0.13359449996481368,0.32666805220881834,6.203278670025213,0.01,0.08390448941318894,0.1375931476158353,11.83623801441338
5.3100000000000005,38.7017697554074,40.54380479588261,-1.8420350404752106,-0.5360386296787188,17.054294320811614,0.07857572080853774,1.340053469138724,1.340053469138724,-0.9644872918019831,2.304540760940707,0.0,0,0.01,0.01,0.1526537310308426,0.29417195767097903,28.94640949849531,0.01,0.08678636588022322,0.18317326880689835,4.588106444319644,0.01,0.08175608215417371,0.17080107228785785,4.372419001445384,0.01,0.13494715725054857,0.40972770114940965,31.292589526293764,0.01,0.13376086420724936,0.326840232200037,6.2654629327836915,0.01,0.0839722141745835,0.13766072671713933,11.82448474162657
5.32,38.359117861925924,40.237917955691636,-1.8788000937657143,-0.531351027036526,16.819662388279653,0.0782406248955988,1.3159808957919998,1.3159808957919998,-0.9837374286896972,2.299718324481697,0.0,0,0.01,0.01,0.1525353142035008,0.2940468433117796,28.738226830786946,0.01,0.08666387229526724,0.1830481544476989,4.589149599822405,0.01,0.0816339703608973,0.1706759579286584,4.372523878259643,0.01,0.13510408025329385,0.40989751540577557,31.591263403433807,0.01,0.1339248884276996,0.32701004645640297,6.327651945191391,0.01,0.08403938266054259,0.13772775975349605,11.813559638463216
5.33,38.018502164,39.93458315230329,-1.9160809883032888,-0.5271300668530732,16.577833116794128,0.07790776809105858,1.2915419779154678,1.2915419779154678,-1.0032576594227804,2.294799637338248,0.0,0,0.01,0.01,0.15241777109195967,0.2939226397355614,28.532177726626294,0.01,0.08654230188601143,0.1829239508714807,4.589611913601671,0.01,0.0815127779766708,0.1705517543524402,4.372079231618363,0.01,0.13525890169567253,0.4100651168931114,31.88945288596089,0.01,0.1340867073716281,0.32717764794373877,6.390040260229261,0.01,0.08410604316835357,0.13779429857804115,11.803748423809054
5.34,37.679979937185195,39.63351430174786,-1.9535343645626624,-0.5234402997832733,16.331097668941204,0.07757685204934922,1.2669151476669238,1.2669151476669238,-1.0228682013742108,2.2897833490411346,0.0,0,0.01,0.01,0.15230099854821183,0.29379923472464714,28.327916933671332,0.01,0.08642154930862955,0.18280054586056643,4.589382974856566,0.01,0.08139239942018973,0.17042834934152593,4.370980743398979,0.01,0.13541177843520963,0.41023068056068,32.187544619757105,0.01,0.13424648024053046,0.3273432116113074,6.452799099678543,0.01,0.08417225485759135,0.13786040506670905,11.795268880560265
5.3500000000000005,37.34360787037036,39.33439701405995,-1.9907891436895853,-0.5203161319102981,16.081990055124443,0.07724754496587692,1.2422942499240108,1.2422942499240108,-1.0423747581102527,2.2846690080342635,0.0,0,0.01,0.01,0.15218488086904128,0.2936765038656873,28.125131388741146,0.01,0.08630149559275237,0.18267781500160657,4.588393656424742,0.01,0.08127271570735521,0.1703056184825661,4.369163430919899,0.01,0.13556288117162288,0.41039439379651316,32.485903567642815,0.01,0.1344043819976785,0.3275069248471405,6.516066509222184,0.01,0.08423808432322911,0.13792614754579124,11.788259333043953
5.36,37.00944204799998,39.03690625870723,-2.027464210707249,-0.5177604858749445,15.833167687922803,0.0769195008827575,1.2178793559480254,1.2178793559480254,-1.061577778295687,2.2794571342437124,0.0,0,0.01,0.01,0.15206929652448745,0.2935543177768607,27.923556232891787,0.01,0.08618201508185094,0.18255562891278002,4.586619378749984,0.01,0.08115360138856935,0.1701834323937395,4.36660469601756,0.01,0.1357123854108986,0.4105564464927423,32.78485038716388,0.01,0.1345605940968254,0.32766897754336965,6.57993931832307,0.01,0.08430360183413671,0.13799159693667365,11.782771276048372
5.37,36.67753793229628,38.74072435514572,-2.063186422849441,-0.5157449948419616,15.587286459610679,0.07659237954025845,1.1938673605172325,1.1938673605172325,-1.0802818848350015,2.274149245352234,0.0,0,0.01,0.01,0.15195412511235934,0.2934325495130298,27.72298807606424,0.01,0.08606298264000248,0.18243386064894906,4.584081071450524,0.01,0.08103493174121036,0.17006166412990856,4.363325182421916,0.01,0.1358604623761652,0.41071702120477926,33.084641487007275,0.01,0.13471529507466676,0.3278295522554066,6.644467425524155,0.01,0.08436887741902935,0.13805682280661996,11.778766674157243
5.38,36.347950345481465,38.445558418688236,-2.0976080732067737,-0.5142116985657108,15.34687641330292,0.07626586580819317,1.1704428171118855,1.1704428171118855,-1.0983050188161736,2.268747835928059,0.0,0,0.01,0.01,0.1518392542005591,0.2933110817886343,27.523294891161285,0.01,0.08594428077404065,0.1823123929245536,4.580843794104105,0.01,0.08091658986697588,0.16994019640551308,4.359387409724309,0.01,0.1360072702991155,0.410876283874718,33.3854528000972,0.01,0.1348686514525305,0.3279888149253454,6.709650749658806,0.01,0.08443397698839218,0.1381218895166844,11.776120121147308
5.39,36.020733452000016,38.15115643046342,-2.130422978463409,-0.5130761383189867,15.114223953214594,0.07593968776411712,1.1477694478040563,1.1477694478040563,-1.115486863029922,2.2632563108339783,0.0,0,0.01,0.01,0.15172458572830055,0.2931898136717166,27.324422120961724,0.01,0.08582580632788507,0.18219112480763588,4.577013121260217,0.01,0.08079847335218276,0.16981892828859538,4.354892288343489,0.01,0.13615294650429485,0.41103437555326683,33.6873680015371,0.01,0.13502080937726102,0.32814690660389423,6.775438976258158,0.01,0.08449895867828011,0.13818685265064956,11.774625697623085
5.4,35.69594074074075,37.85732117825517,-2.1613804375144157,-0.5122316823433515,14.891266133882786,0.07561363256225503,1.125982725834165,1.125982725834165,-1.1316961506846634,2.2576788765188285,0.0,0,0.01,0.01,0.15161004166247177,0.29306866643257695,27.126394796196166,0.01,0.08570747643020307,0.18206997756849624,4.572729528851377,0.01,0.08068050017399916,0.16969778104945574,4.349973744807814,0.01,0.13629760065700272,0.41119140549809385,33.990371567877496,0.01,0.13517188739505534,0.32830393654872125,6.84173401377388,0.01,0.0845638695902895,0.1382517558929663,11.774008032327066
5.41,35.373625007259264,37.56392142738728,-2.1902964201280146,-0.511554858566819,14.67950191880072,0.0752875593533306,1.1051838719890397,1.1051838719890397,-1.1468365237763656,2.2520203957654052,0.0,0,0.01,0.01,0.15149556864472205,0.2929475882751674,26.929315675166087,0.01,0.0855892334159182,0.18194889941108672,4.568161129105617,0.01,0.08056261357535886,0.16957670289204624,4.344791790055547,0.01,0.13644130948532376,0.4113474459528872,34.294346762013724,0.01,0.1353219706956395,0.3284599770035146,6.908394883728173,0.01,0.08462874308196168,0.13831662850008883,11.77393679751772
5.42,35.05383833599995,37.27089982113329,-2.2170614851333417,-0.5109114285911603,14.479924449770198,0.07496140866410295,1.0854355341045598,1.0854355341045598,-1.1608506790419637,2.2462862131465235,0.0,0,0.01,0.01,0.15138114141609244,0.292826557735844,26.73335961050722,0.01,0.0854710484942172,0.1818278688717633,4.563495180344697,0.01,0.08044478568370622,0.1694556723527228,4.339524437536642,0.01,0.1365841132106519,0.4115025288246659,34.59907836612168,0.01,0.1354711070896276,0.32861505987529327,6.975244624379079,0.01,0.08469359673440541,0.13838148347972154,11.77404367915285
5.43,34.73663208251853,36.97827717106537,-2.2416450885468433,-0.5101629075753291,14.29297736604381,0.07463520781867138,1.066759336062246,1.066759336062246,-1.1737226236890674,2.2404819597513135,0.0,0,0.01,0.01,0.1512667648664474,0.2927055855995908,26.53876451901178,0.01,0.08535292399788585,0.18170689673551008,4.558928843353586,0.01,0.08032701971099755,0.16933470021646957,4.334358919645357,0.01,0.13672601383296254,0.41165664438142613,34.90425978895515,0.01,0.13561930489271318,0.3287691754320535,7.042078701007055,0.01,0.08475843109040292,0.1384463165578918,11.773940772726851
5.44,34.42205685570369,36.686152971492604,-2.2640961157889197,-0.5091732191685264,14.118537103026839,0.07430907217320723,1.0491353925689255,1.0491353925689255,-1.1854779540639426,2.234613346632868,0.0,0,0.01,0.01,0.15115247462261924,0.29258471525514335,26.345819470012774,0.01,0.08523489411793761,0.1815860263910626,4.554659667627184,0.01,0.0802093506414538,0.1692138298720221,4.3294826608281545,0.01,0.13686697532197936,0.4118097419928928,35.20950404351588,0.01,0.1357665327914739,0.3289222730435202,7.108674388417266,0.01,0.08482322921840578,0.1385111059760917,11.773239361639817
5.45,34.11016250000005,36.39470215071768,-2.284539650717628,-0.5078151730853142,13.955921927816114,0.07398320213321832,1.0325037929410334,1.0325037929410334,-1.1961821639215153,2.228685956862549,0.0,0,0.01,0.01,0.151038336158924,0.29246402148435025,26.15485051509997,0.01,0.08511702410030395,0.1814653326202695,4.550876272762599,0.01,0.08009184438615151,0.169093136101229,4.32507444773917,0.01,0.13700692566878583,0.4119617328388334,35.51435801336492,0.01,0.13591272166302032,0.32907426388946076,7.1748006133788715,0.01,0.08488795711756328,0.13857581312169986,11.771568121661941
5.46,33.80099807762965,36.10416824741225,-2.3031701697826015,-0.5059764648644313,13.803927274573361,0.0736578761192923,1.0167679651502448,1.0167679651502448,-1.2059370808926961,2.222705046042941,0.0,0,0.01,0.01,0.15092444248340298,0.292343607754417,25.966204957244297,0.01,0.0849994079544731,0.18134491889033627,4.547749649255636,0.01,0.07997459545632632,0.16897272237129576,4.321296197158669,0.01,0.13714576065996695,0.41211249441677833,35.818319381151,0.01,0.1360577682209095,0.32922502546740573,7.240227800355719,0.01,0.08495256493828902,0.13864038395616785,11.768589935645018
5.47,33.49461185081481,35.81485336545792,-2.320241514643111,-0.5035649220736638,13.66088576684097,0.07333343983526076,1.0017997444790023,1.0017997444790023,-1.2148756161594754,2.2166753606384777,0.0,0,0.01,0.01,0.1508109105197151,0.29222360215125176,25.780234802600773,0.01,0.08488216479409105,0.18122491328717105,4.545425446112879,0.01,0.0798577232769721,0.16885271676813055,4.318285668150691,0.01,0.1372833491532366,0.41226187659841773,36.12085556110537,0.01,0.1362015402688461,0.32937440764904513,7.304737334899271,0.01,0.08501698895386187,0.13870475116866732,11.764016670291515
5.48,33.19105126399998,35.52710540811119,-2.336054144111208,-0.5005127576562064,13.524749196276966,0.07301029236398256,0.9874458929697194,0.9874458929697194,-1.2231550895879606,2.21060098255768,0.0,0,0.01,0.01,0.1506978763651458,0.2921041521550276,25.597280155627313,0.01,0.08476543399353131,0.1811054632909469,4.544017547343759,0.01,0.07974136732584329,0.16873326677190642,4.316150402780458,0.01,0.1374195395641193,0.41240970891514067,36.421423943188834,0.01,0.13634388326704563,0.329522239965768,7.368130329078926,0.01,0.08508115418306153,0.13876883694956454,11.757621434159415
5.49,32.89036292607406,35.241303216024036,-2.350940289949977,-0.4967796378673324,13.393188709081548,0.0726888697631129,0.9735357497872228,0.9735357497872228,-1.2309494573225177,2.2044852071097405,0.0,0,0.01,0.01,0.15058548965705715,0.29198541851255644,25.417653308825493,0.01,0.08464936939942602,0.1809867296484757,4.543603171015088,0.01,0.07962568133746735,0.1686145331294352,4.314963114909312,0.01,0.13755416722093725,0.41255580870115677,36.71949271355294,0.01,0.13648462785778856,0.3296683397517841,7.430235431034444,0.01,0.08514497753351044,0.13883255624964083,11.749247985659213
5.5,32.59259259259261,34.95784032807654,-2.3652477354839285,-0.49235442756311604,13.26370857492756,0.07236962694970372,0.9598896415370939,0.9598896415370939,-1.238440818286034,2.198330459823128,0.0,0,0.01,0.01,0.1504739073209578,0.29186756850274614,25.24162424422232,0.01,0.0845341328796356,0.18086887963866544,4.544219657216615,0.01,0.0795108268547817,0.16849668311962493,4.31475868286974,0.01,0.13768706221220225,0.4126999896895043,37.0145614653449,0.01,0.13662359795919346,0.3298125207401317,7.490915461270088,0.01,0.08520837131161697,0.13889582036864526,11.738817079609674
5.51,32.297785148,34.677108144866466,-2.379322996866466,-0.48725553732877946,13.133768221410838,0.07205301874269608,0.9463276478195413,0.9463276478195413,-1.2458106079121567,2.192138255731698,0.0,0,0.01,0.01,0.15036328700135718,0.2917507689192915,25.0694082037629,0.01,0.0844198875221099,0.18075208005521082,4.545863046334147,0.01,0.07939696644053608,0.1683798835361703,4.315532840354371,0.01,0.13781805733738178,0.41284207064314765,37.3061807654754,0.01,0.13676061902057435,0.329954601693775,7.55007268290742,0.01,0.08527124692883317,0.1389585407016096,11.726329631778707
5.5200000000000005,32.005984587851835,34.399479299098225,-2.393494711246391,-0.4815298625463453,13.000906750990351,0.07173948097208492,0.9326783024825227,0.9326783024825227,-1.2532309002096143,2.185909202692137,0.0,0,0.01,0.01,0.15025378049032467,0.2916351791074057,24.901155901046256,0.01,0.08430679081113535,0.180636490243325,4.548488486781307,0.01,0.07928425687523649,0.1682642937242845,4.317242600973372,0.01,0.1379469957785799,0.4129818836104402,37.59396981063704,0.01,0.13689552603848,0.3300944146610676,7.607652527708423,0.01,0.08533351862603991,0.13902063246412735,11.711866646671258
5.53,31.717234001037,34.1252920236107,-2.4080580225736963,-0.4752503711467251,12.862863952963776,0.0714294125601896,0.9187868160018409,0.9187868160018409,-1.260856232189248,2.179643048191089,0.0,0,0.01,0.01,0.150145527467487,0.29152094438803056,24.736946836731978,0.01,0.08419498810782382,0.18052225552394985,4.5520124501137476,0.01,0.07917284266740918,0.16815005900490934,4.319808393941556,0.01,0.13807373813558566,0.4131192814206312,37.877631306153205,0.01,0.13702817095797337,0.33023181247125855,7.663645613132682,0.01,0.08539510703853914,0.1390820182189806,11.695585908845809
5.54,31.43157555200004,33.85483625666865,-2.4232607046686114,-0.4685124613854046,12.717691906768515,0.07112315943341802,0.904522429110187,0.904522429110187,-1.2688163379199557,2.1733387670301427,0.0,0,0.01,0.01,0.1500386498490084,0.29140819018351144,24.576786045829532,0.01,0.08408460674535632,0.1804095013194307,4.556316669793275,0.01,0.07906285018531316,0.1680373048003902,4.3231178298633095,0.01,0.13819816850778865,0.41325414407908334,38.15696274885429,0.01,0.13715842912627016,0.33036667512971074,7.718087907672569,0.01,0.0854559424332643,0.13914263103615546,11.677715493687375
5.55,31.14905046296299,33.58834213750286,-2.4392916745398763,-0.4614292703471193,12.563851657518919,0.07082100103369511,0.8897845512243394,0.8897845512243394,-1.2772101341162034,2.166994685340543,0.0,0,0.01,0.01,0.14993324701258917,0.29129701712393136,24.420604449869778,0.01,0.08397575101819635,0.18029832825985062,4.561253656355607,0.01,0.0789543826876759,0.16792613174081011,4.327030955397967,0.01,0.13832019936078915,0.4133863837809255,38.43186340217386,0.01,0.1372862045222234,0.33049891483155286,7.771058940568347,0.01,0.085515967466898,0.13920241713611958,11.658544225690557
5.5600000000000005,30.86969899614812,33.325971426801665,-2.4562724306535455,-0.45412616492761954,12.400290125514074,0.07052314007110005,0.8745073974439079,0.8745073974439079,-1.2861012372260539,2.160608634669962,0.0,0,0.01,0.01,0.14982939212207674,0.2911874973646975,24.26826281519151,0.01,0.08386849829971861,0.18018880850061683,4.566653576147491,0.01,0.07884751648605529,0.16781661198157632,4.331386793342021,0.01,0.13843977497986765,0.4135159483328424,38.70233642275109,0.01,0.13741143355163424,0.33062847938346973,7.8226780136707665,0.01,0.08557513933773049,0.13926133789147468,11.638409307662972
5.57,30.59356043599996,33.06781224251473,-2.4742518065147654,-0.44673468694138485,12.226493363731686,0.07022969599917618,0.8586629120708213,0.8586629120708213,-1.2955152164130102,2.1541781284838315,0.0,0,0.01,0.01,0.1497271297209812,0.29107967228589315,24.119559137888515,0.01,0.08376289646664775,0.18008098342181245,4.572332214849386,0.01,0.07874229841523296,0.16770878690277194,4.336010902268972,0.01,0.13855687338335146,0.4136428228520296,38.968485831801125,0.01,0.13753408727118988,0.330755353902657,7.873098459537922,0.01,0.08563343123407,0.1393193710936203,11.617681470629975
5.58,30.32067307140742,32.81387733798511,-2.4932042665776897,-0.43938625042584106,12.042513456134989,0.0699407025097529,0.8422618511052335,0.8422618511052334,-1.305438701296533,2.1477005524017665,0.0,0,0.01,0.01,0.14962647470168625,0.2909735516753234,23.97423909579496,0.01,0.08365896274414163,0.1799748628112427,4.578099684059479,0.01,0.07863874472340247,0.1676026662922022,4.3407236304069405,0.01,0.13867150664285186,0.41376702969514745,39.23050831013288,0.01,0.137654171979308,0.33087956074577485,7.9225000982463065,0.01,0.08569083301632821,0.1393765114272893,11.596748143477015
5.59,30.051074177925926,32.56410597528862,-2.513031797362689,-0.4322059004923181,11.848967691334218,0.06965610914444574,0.8253529867565876,0.8253529867565876,-1.3158203721386963,2.141173358895284,0.0,0,0.01,0.01,0.14952741268956257,0.29086911442361946,23.8320090397119,0.01,0.08355668401551868,0.17987042555953875,4.583769474633391,0.01,0.07853684142406879,0.16749822904049821,4.345348687148888,0.01,0.13878371963104308,0.413888626654449,39.4886801146282,0.01,0.13777172818694014,0.3310011577050763,7.971080168319652,0.01,0.08574735110686496,0.13943277013495878,11.575995306185549
5.6000000000000005,29.784799999999972,32.318369270647715,-2.533569270647747,-0.42530643838996574,11.647010072991069,0.06937578691579575,0.8080204890299552,0.8080204890299552,-1.3265737680046352,2.1345942570345904,0.0,0,0.01,0.01,0.14942990181195914,0.29076631068506265,23.692550852084814,0.01,0.0834560185690424,0.1797676218209819,4.58916742079055,0.01,0.07843654608006509,0.1673954253019414,4.349721618575167,0.01,0.1388935872881063,0.4140077035392395,39.74333973933879,0.01,0.13788682805253696,0.33112023458986684,8.019043132937878,0.01,0.0858030016193497,0.13948817389311077,11.556266803480591
5.61,29.52188573318517,32.07648670606524,-2.554600972880072,-0.4187366097112321,11.438214629860248,0.06909954675872311,0.7903754466523389,0.7903754466523389,-1.3375859415422287,2.1279613881945676,0.0,0,0.01,0.01,0.14933387757013672,0.29066506872932735,23.55559625993889,0.01,0.08335690079656938,0.1796663798652466,4.5941798361959645,0.01,0.07833779262955533,0.1672941833462061,4.353737341691405,0.01,0.139001208899014,0.41412437349161935,39.99480651955538,0.01,0.13799957016966452,0.3312369045422467,8.066558589644245,0.01,0.08585709650983543,0.13954276115790779,11.595646617622348
5.62,29.262365506370394,31.838275793942078,-2.5759102875716864,-0.4124883008528686,11.22419668552568,0.06882719605755719,0.7725299858632595,0.7725299858632595,-1.348743472623597,2.1212734584868564,0.0,0,0.01,0.01,0.149239271003568,0.29056531570716426,23.421014432954784,0.01,0.08325925910261182,0.17956662684308353,4.598810873343071,0.01,0.07824050961831117,0.16719443032404302,4.357401353014555,0.01,0.13910668859933964,0.4142387486685423,40.24324464618728,0.01,0.13811006183046082,0.33135127971916967,8.113680652971325,0.01,0.0859101905399464,0.13959657099492917,11.65299308665991
5.63,29.006272364000026,31.603539092130955,-2.5972667281309296,-0.40661163797540917,11.006713978037503,0.06855852381354688,0.7546040623721835,0.7546040623721835,-1.3599256787515546,2.114529741123738,0.0,0,0.01,0.01,0.1491460093452192,0.29046697222477347,23.28857338520956,0.01,0.08316301845875279,0.17946828336069273,4.602994040906018,0.01,0.07814462200130189,0.16709608684165222,4.360648513757818,0.01,0.13921013199710755,0.41435094646487963,40.48892912045828,0.01,0.13821841188996964,0.331463477515507,8.16050897299474,0.01,0.08596254108773435,0.1396496460161966,11.711150687953673
5.64,28.753638248296326,31.372052562130406,-2.6184143138340805,-0.4011449433605928,10.787759875178512,0.06829328725535844,0.7367315839973958,0.7367315839973958,-1.3709985287325843,2.10773011272998,0.0,0,0.01,0.01,0.14905400898476312,0.2903699474664219,23.15802997806585,0.01,0.08306809288039275,0.17937125860234118,4.606658440577805,0.01,0.07805004370491499,0.16699906208330068,4.36341186689664,0.01,0.13931165417274002,0.41446109493155336,40.732175180315295,0.01,0.13832473806434906,0.33157362598218076,8.207166403558574,0.01,0.08601420185841001,0.13970203502945178,11.769729532105957
5.65,28.504493981481488,31.1435766067395,-2.6390826252580126,-0.39610416465920095,10.569480340717256,0.06803122439505686,0.7190546887984777,0.7190546887984777,-1.3818204312878395,2.100875120086317,0.0,0,0.01,0.01,0.14896317894238192,0.2902741438174213,23.02917191004395,0.01,0.08297438850079017,0.17927545495334057,4.609763492214345,0.01,0.07795668092384227,0.1669032584343001,4.365653576323771,0.01,0.13941137643278895,0.4145693273302725,40.97327648501735,0.01,0.13842916513426265,0.33168185838089986,8.253754575101452,0.01,0.08606522370981837,0.13975379056187484,11.828866401521598
5.66,28.25886924799999,30.917869164992055,-2.6589999169920673,-0.3914820951898984,10.35407251272697,0.06777206903026034,0.7017169170768534,0.7017169170768534,-1.3922491008530247,2.093966017929878,0.0,0,0.01,0.01,0.14887342596642253,0.29017946236320863,22.90182903319005,0.01,0.08288180878357655,0.17918077349912792,4.612302828748985,0.01,0.07786443735108738,0.16680857698008744,4.367368179482416,0.01,0.13950942074391862,0.41467577586421833,41.212484235549304,0.01,0.13853181963850178,0.33178830691484573,8.300341708850384,0.01,0.08611565887077238,0.13980496590295888,11.888649996634186
5.67,28.016792576740713,30.694698795977594,-2.677906219236879,-0.3872490344592066,10.143680890388094,0.06751556582532747,0.6848563548661137,0.6848563548661137,-1.4021484175594994,2.087004772425613,0.0,0,0.01,0.01,0.14878465972891905,0.29008580839697,22.77588094714953,0.01,0.08279025989789138,0.17908711953288928,4.61430442763018,0.01,0.07777321953836781,0.16671492301384877,4.3685826465536275,0.01,0.13960590411702456,0.4147805655767449,41.449992022464755,0.01,0.1386328241112378,0.3318930966273723,8.346957929442924,0.01,0.08616555827964606,0.13985561213365172,11.949095378675622
5.68,27.778291323259232,30.4738570684904,-2.695565745231167,-0.3833545364246083,9.940296586823315,0.06726148468007923,0.6685991065900603,0.6685991065900603,-1.4113949237477552,2.0799940303378155,0.0,0,0.01,0.01,0.14869679781145867,0.2899930966472088,22.65126189063801,0.01,0.0826996558938716,0.17899440778312808,4.6158289073912995,0.01,0.07768294204782661,0.16662221126408758,4.369354733305582,0.01,0.1397009333386837,0.41488380873031294,41.6859241596955,0.01,0.13873229156276892,0.33199633978094034,8.393593434581556,0.01,0.08621496877371393,0.13990577529740889,12.010141721503425
5.69,27.54339165199997,30.255169666759087,-2.7117780147591173,-0.3797301338257776,9.745664488347705,0.06700963369687445,0.6530534074968171,0.6530534074968171,-1.4198836482222594,2.0729370557190765,0.0,0,0.01,0.01,0.14860977024086988,0.28990125597524163,22.527962798537807,0.01,0.08260992342597936,0.17890256711116093,4.616966194740546,0.01,0.07759353214516444,0.16653037059212042,4.369769800529296,0.01,0.13979460030144703,0.414985599924917,41.920327849856555,0.01,0.13883032051575467,0.33209813097554436,8.440198925018953,0.01,0.08626393049775338,0.13995549384857647,12.071654745270886
5.7,27.3121185185185,30.0385056948144,-2.7263871762959035,-0.37629289313260933,9.56120269349727,0.06675987013607065,0.6383046501625267,0.6383046501625267,-1.4275329873154385,2.0658376374779652,0.0,0,0.01,0.01,0.14852352336114086,0.2898102333225714,22.406030495155633,0.01,0.08252100580106286,0.17881154445849068,4.617830769821155,0.01,0.07750493381275525,0.16643934793945017,4.36993629735808,0.01,0.13988697814650577,0.4150860121738565,42.15316943296548,0.01,0.13892699083216092,0.33219854322448383,8.486688126194352,0.01,0.08631247466365649,0.14000479649789213,12.133432932097987
5.71,27.084495651703673,29.8237847558714,-2.739289104167725,-0.3729496183117152,9.387937961099485,0.06651210885465601,0.6244115515894064,0.6244115515894064,-1.4342884209519817,2.058699972541388,0.0,0,0.01,0.01,0.14843802286277624,0.28971999672725113,22.285564138628178,0.01,0.0824328661635615,0.1787213078631704,4.618555766900936,0.01,0.07741711089700887,0.16634911134412989,4.369980171887358,0.01,0.1399781183901322,0.4151850941045392,42.38433474051639,0.01,0.1390223605203585,0.33229762515516653,8.532942176150819,0.01,0.08636062176687456,0.1400537005542712,12.19521704818401
5.72,26.86054553600007,29.610981495179715,-2.7504359591796423,-0.3696014943615066,9.226460099571495,0.0662663278495108,0.6114036298486347,0.6114036298486347,-1.4401249005879935,2.051528530436628,0.0,0,0.01,0.01,0.14835325583352058,0.2896305372753384,22.16670916220735,0.01,0.08234548967408385,0.17863184841125768,4.619286259325151,0.01,0.07733004924819002,0.16625965189221714,4.370038520509827,0.01,0.14006804915510893,0.41528286839483525,42.613633369025216,0.01,0.13911646366165809,0.3323953994454626,8.578815562100731,0.01,0.08640838034230032,0.14010221083710833,12.256702350809336
5.73,26.64028939362958,29.40012741949483,-2.7598380258652493,-0.36614894467316056,9.076897319640224,0.06602257066897957,0.599280094741018,0.599280094741018,-1.4450478111926706,2.0443279059336885,0.0,0,0.01,0.01,0.1482692317428941,0.2895418699060024,22.04964906818168,0.01,0.08225888458762597,0.17854318104192166,4.620172085868412,0.01,0.07724375776095369,0.16617098452288115,4.37025281328415,0.01,0.14015677457243614,0.41537933149422057,42.8408065193353,0.01,0.139209309538787,0.33249186254484797,8.624143223155365,0.01,0.08645574631535019,0.1401503192053661,12.31755275504804
5.74,26.42374716681485,29.19130993760973,-2.76756277079488,-0.3624964700776322,8.93891359068644,0.06578094560738851,0.5880101886980906,0.5880101886980906,-1.4490924781796344,2.037102666877725,0.0,0,0.01,0.01,0.14818598232489283,0.2894540330442409,21.93459551590206,0.01,0.08217308219147657,0.17845534418016018,4.6213605810443985,0.01,0.07715826827752814,0.16608314766111967,4.370762037058641,0.01,0.1402442753599611,0.41547445461662236,43.06553792216329,0.01,0.13930088298790821,0.33258698566724976,8.668748407226149,0.01,0.08650270297463755,0.140198004720048,12.377416192347564
5.75,26.2109375,28.984668698166352,-2.7737311981663524,-0.3585572418153346,8.811728026688046,0.06554162174989339,0.5775349452881224,0.5775349452881224,-1.4523222591987044,2.029857204486827,0.0,0,0.01,0.01,0.14810356037602018,0.28936708709093295,21.82177720625198,0.01,0.08208813561778233,0.17836839822685224,4.62298955707435,0.01,0.07707363437019593,0.16599620170781174,4.371696083544607,0.01,0.14033051052646872,0.41556818593156375,43.28746728268847,0.01,0.13939114593419946,0.33268071698219115,8.712450872597252,0.01,0.08654922156222086,0.14024523442664852,12.435940404716266
5.76,26.001877722074088,28.78038942732812,-2.778511705254034,-0.354257235122823,8.694155320019036,0.06530482208282386,0.5677702663342796,0.5677702663342796,-1.4548253268565536,2.0225955931908333,0.0,0,0.01,0.01,0.14802203753709825,0.2892811118535928,21.711428101137418,0.01,0.08200411759923527,0.17828242298951205,4.625180854540574,0.01,0.07698992907292124,0.16591022647047154,4.373169680163023,0.01,0.14041542009540942,0.415660453824769,43.50620561877407,0.01,0.13948004001237724,0.3327729848753964,8.7550750510647,0.01,0.08659526244750056,0.14029196471515143,12.492788469102917
5.7700000000000005,25.79658382859261,28.57869558429687,-2.782111755704261,-0.34953871385759777,8.58466527729881,0.06507081402106042,0.558611157692166,0.558611157692166,-1.4567103088643845,2.0153214665565504,0.0,0,0.01,0.01,0.14794150117471666,0.28919620305033916,21.603775530174076,0.01,0.08192111728593326,0.17819751418625848,4.628034736366116,0.01,0.07690724168121499,0.16582531766721798,4.37527712136149,0.01,0.14049892869473907,0.41575117105138104,43.72135182956852,0.01,0.13956749012129738,0.3328637021020084,8.79645783035889,0.01,0.08664077682291732,0.14033814318837462,12.547653420402103
5.78,25.595070464000052,28.379838252108726,-2.784767788108674,-0.34436290848462453,8.48145862804581,0.06483989782305327,0.5499369108329439,0.5499369108329439,-1.4581010041792846,2.0080379150122285,0.0,0,0.01,0.01,0.14786205051961945,0.28911246806211666,21.499028729162855,0.01,0.08183923628490435,0.17811377919803595,4.631625350501227,0.01,0.07682567378239082,0.16574158267899544,4.37808801155847,0.01,0.14058094982071342,0.41584023956648847,43.93250980692589,0.01,0.13965340871880177,0.3329527706171158,8.836455659938707,0.01,0.08668570883502809,0.14038371094608207,12.600271423442717
5.79,25.397350903851894,28.184084760351016,-2.786733856499121,-0.3387117684652525,8.382555509878328,0.06461239346065822,0.541616974810067,0.5416169748100671,-1.459130435181265,2.000747409991332,0.0,0,0.01,0.01,0.14778379225296803,0.289030021142236,21.39736832792336,0.01,0.08175858411913219,0.17803133227815532,4.635997433790759,0.01,0.07674533471332697,0.1656591357591148,4.3816441810319455,0.01,0.14066139055567534,0.41592755579033075,44.1393053872406,0.01,0.1397377006314715,0.3330400868409581,8.874950729457016,0.01,0.08672999804445779,0.1404286051733179,12.650433024215692
5.8,25.203437037037023,27.99170659196586,-2.788269554928835,-0.3325887140115729,8.28589241840446,0.06438862658072124,0.533517232816674,0.533517232816674,-1.4599345249987516,1.9934517578154256,0.0,0,0.01,0.01,0.14770683575578875,0.2889489783163425,21.29893726002884,0.01,0.08167927332860699,0.17795028945226177,4.6411643754451175,0.01,0.07666633666816265,0.16557809293322126,4.3859578851750545,0.01,0.1407401565039213,0.4160130160503527,44.34140243706538,0.01,0.1398202681351839,0.3331255471009801,8.911856009958711,0.01,0.08677358209356124,0.14047276190770533,12.697992083194897
5.8100000000000005,25.013339347999985,27.802967155691103,-2.7896278076911196,-0.3260183594549182,8.189422977979815,0.06416891423503295,0.5255063807083948,0.5255063807083948,-1.4606457044820371,1.986152085190432,0.0,0,0.01,0.01,0.14763128825095256,0.28886945221887605,21.2038335045653,0.01,0.081601414450834,0.17787076335479535,4.6471077047076035,0.01,0.07658878969291838,0.16549856683575484,4.391011346903817,0.01,0.14081715670593642,0.4160965219395918,44.53851737569811,0.01,0.1399010160567483,0.33320905299021913,8.94711898381737,0.01,0.08681639945200251,0.1405161188526296,12.742872059726487
5.82,24.827066898962926,27.618110007593902,-2.7910431086309773,-0.3190452290901934,8.0912176688641,0.06395355106290411,0.5174621023467723,0.5174621023467723,-1.4613867543212495,1.9788488566680218,0.0,0,0.01,0.01,0.14755725007014603,0.2887915471133509,21.112104991411073,0.01,0.08152511112173261,0.1777928582492702,4.653778013855392,0.01,0.07651279680721951,0.1654206617302297,4.396757651651768,0.01,0.14089230829923957,0.41617798534047334,44.73043146881364,0.01,0.13997985665397572,0.33329051639110074,8.98072392297611,0.01,0.08685839210819842,0.14055861810167797,12.785069380554875
5.83,24.64462731214809,27.43734807943809,-2.7927207672900036,-0.31173153412208227,7.989557657258725,0.06374279658558274,0.5092767485554279,0.5092767485554279,-1.4622651743409876,1.9715419228964155,0.0,0,0.01,0.01,0.14748481027036406,0.2887153543332521,21.023746907856616,0.01,0.0814504555298491,0.17771666546917142,4.661097274624523,0.01,0.07643844948502604,0.16534446895013089,4.403122954395399,0.01,0.14096554071280915,0.4162573328841711,44.917000285673815,0.01,0.1400567140501765,0.33336986393479845,9.012692610188688,0.01,0.0868995080786886,0.14060020864457823,12.824653697110481
5.84,24.466026751999976,27.260854419422746,-2.7948276674227697,-0.30415412402059055,7.883018127229722,0.06353686421496448,0.5008622523538984,0.5008622523538984,-1.463368344670812,1.9642305970247103,0.0,0,0.01,0.01,0.14741404280589107,0.28864094835848897,20.938701537311527,0.01,0.08137752443772885,0.17764225949440826,4.668962452987994,0.01,0.07636582370697008,0.16527006297536775,4.4100099080603155,0.01,0.14103679921008805,0.41633450964697094,45.098159805089,0.01,0.14013152802759576,0.33344704069759834,9.043083439098762,0.01,0.08693970361770217,0.14064084853596492,12.861764921208831
5.8500000000000005,24.29126990740741,27.088754874528938,-2.7974849671215267,-0.296400765000925,7.7705370048319065,0.06333591249302901,0.49215405176187743,0.49215405176187743,-1.4647597035394788,1.9569137553013563,0.0,0,0.01,0.01,0.1473450034334286,0.28856838371016313,20.85686064384166,0.01,0.08130637595509807,0.1775696948460824,4.677250274367399,0.01,0.07629497676753556,0.1651974983270419,4.4173021727826685,0.01,0.14110604763110535,0.4164094819248484,45.27392878496517,0.01,0.14020425702064113,0.3335220129754758,9.071988879651185,0.01,0.08697894502490681,0.1406805066251571,12.896607036794176
5.86,24.120359973925893,26.921123046921853,-2.800763072995959,-0.288565930448352,7.6514656773204495,0.06314003896717904,0.48311384102204613,0.48311384102204613,-1.4664761157616129,1.949589956783659,0.0,0,0.01,0.01,0.14727772749135143,0.2884976928054452,20.77807029328992,0.01,0.08123704721064842,0.17749900394136447,4.685822939681892,0.01,0.07622594498233291,0.16512680742232397,4.424869816836635,0.01,0.1411732702252756,0.4164822389737137,45.44440717696996,0.01,0.14027488019169967,0.3335947700243411,9.09953135775989,0.01,0.08701720996971815,0.14071916376695415,12.92943881735949
5.87,23.953298635999978,26.757977744259296,-2.8046791082593168,-0.2807463111746474,7.525599211536082,0.0629492769755737,0.4737310291741439,0.4737310291741439,-1.4685265470307067,1.9422575762048506,0.0,0,0.01,0.01,0.147212228650806,0.28842888486660867,20.702137878878652,0.01,0.08116955302455957,0.17743019600252796,4.694534544140596,0.01,0.07615874239599588,0.16505799948348746,4.432575374347309,0.01,0.14123847251086113,0.41655279365325165,45.60977056610878,0.01,0.14034339851761915,0.333665324703879,9.125857671572815,0.01,0.08705448827456819,0.14075681345920865,12.960561734054888
5.88,23.79008604918516,26.599283020918648,-2.8091969717334875,-0.2730362660992357,7.3931846186395145,0.06276359547220171,0.4640228486555944,0.4640228486555944,-1.4708920948141029,1.9349149434696973,0.0,0,0.01,0.01,0.14714849868862914,0.28836194592613296,20.628841003241217,0.01,0.08110388563464366,0.17736325706205228,4.703237908620347,0.01,0.07609336054196446,0.16499106054301177,4.440280285484033,0.01,0.14130168114283628,0.41662118196462306,45.77026083459688,0.01,0.1404098348613828,0.3337337130152504,9.151132148267353,0.01,0.08709078212597808,0.14079346188132597,12.990305509737494
5.89,23.630720822370407,26.444950780237967,-2.81422995786756,-0.2655234355051047,7.254906839227375,0.06258290187120769,0.45403312280412034,0.45403312280412034,-1.4735273601915067,1.927560482995627,0.0,0,0.01,0.01,0.14708650828221823,0.28829683991589294,20.55793776728494,0.01,0.08104001547758556,0.17729815105181224,4.711791501394965,0.01,0.0760297692540622,0.16492595453277173,4.44785141484588,0.01,0.14136294281601827,0.41668746152411384,45.92617347560819,0.01,0.14047423304917153,0.3337999925747412,9.175528828951245,0.01,0.08712610570986168,0.14082912733742117,13.019011945605344
5.9,23.475199999999944,26.294845783319513,-2.8196457833195687,-0.2582847292510752,7.111853267997389,0.06240704774166611,0.44382976642763716,0.44382976642763716,-1.4763630797670324,1.9201928461946696,0.0,0,0.01,0.01,0.1470262087769948,0.2882335107755651,20.48917793716171,0.01,0.08097789297572063,0.1772348219114844,4.720066110424945,0.01,0.07596791847886433,0.1648626253924439,4.455167327673688,0.01,0.14142232227304602,0.4167517090637899,46.077842196856395,0.01,0.14053665601616858,0.33386424011441723,9.199223047144269,0.01,0.08716048429488321,0.14086383913710881,13.047017802438063
5.91,23.32351904429629,26.14879279412061,-2.8252737498243192,-0.2513828817130544,6.965458733079309,0.06223583704531728,0.43350115465780603,0.43350115465780603,-1.4793098761380281,1.9128110307958341,0.0,0,0.01,0.01,0.14696753483044298,0.28817188546619815,20.422314410036233,0.01,0.08091745123166315,0.17717319660211744,4.727950926556115,0.01,0.07590774098991912,0.16480100008307694,4.46212400414643,0.01,0.1414798995254993,0.41681401709415605,46.225621636589665,0.01,0.14059718312367103,0.3339265481447834,9.222382829014558,0.01,0.0871939528136332,0.14089763597426774,13.074637635966889
5.92,23.1756718174815,26.006585489348257,-2.8309136718667562,-0.2448637349145631,6.817433827629811,0.06206903648793335,0.42315154900122587,0.42315154900122587,-1.482262932413918,1.905414481415144,0.0,0,0.01,0.01,0.14691040779518966,0.28811187773193747,20.357114382374885,0.01,0.08085860949023246,0.17711318886785676,4.735358718924933,0.01,0.07584915586228043,0.16474099234881623,4.4686396924070655,0.01,0.14153576642978474,0.4168744899007937,46.36986914671472,0.01,0.14065590678412654,0.3339870209514211,9.24516058201628,0.01,0.08722655401468715,0.14093056388820618,13.102147548443053
5.93,23.031650563999957,25.867996680148714,-2.836346116148758,-0.23875437302092684,6.669680304910103,0.06190638745617651,0.41289581316459434,0.41289581316459434,-1.48510735358848,1.8980031667530743,0.0,0,0.01,0.01,0.1468547396692716,0.2880533924182956,20.293369643570777,0.01,0.08080127719160926,0.17705470355421485,4.742229825915078,0.01,0.07579207253062452,0.16468250703517434,4.474658641092048,0.01,0.14159002278618718,0.4169332390753166,46.51092666425648,0.01,0.14071292855861375,0.33404577012594394,9.267685545062806,0.01,0.08725833627823959,0.1409626739112032,13.129770809486521
5.94,22.8914458927407,25.732789334678706,-2.8413434419380095,-0.23306218731531284,6.524197849927361,0.061747618940866285,0.40285368273213384,0.40285368273213384,-1.487723947252998,1.8905776299851318,0.0,0,0.01,0.01,0.14680043741627105,0.2879963301307948,20.230905471461522,0.01,0.08074535841318184,0.17699764126671408,4.748534746979944,0.01,0.07573639522812763,0.16462544474767354,4.48015351109164,0.01,0.1416427721487158,0.4169903787995254,46.649103684772655,0.01,0.1407683549121863,0.3341029098501528,9.290057443489003,0.01,0.08728935120309453,0.14099401952047513,13.157666213539276
5.95,22.755046759259272,25.600727858945195,-2.845681099685921,-0.22777490346629398,6.382986903830334,0.061592460807678946,0.3931438707100978,0.3931438707100978,-1.489995139538769,1.8831390102488668,0.0,0,0.01,0.01,0.1467474074425679,0.287940592004357,20.16958769153866,0.01,0.08069075648132254,0.17694190314027627,4.754275198632598,0.01,0.07568202758747268,0.16456970662123577,4.485126340025201,0.01,0.14169411754428718,0.417046021109559,46.78466226895675,0.01,0.14082229282567174,0.33415855216018636,9.312341725277033,0.01,0.08731965108268763,0.1410246540205638,13.185919880270959
5.96,22.62244044800001,25.471589088906246,-2.8491486409062365,-0.22286155497669213,6.247952330969924,0.061440656768826166,0.3838782946751105,0.3838782946751105,-1.4918107398760627,1.8756890345511732,0.0,0,0.01,0.01,0.14669556001419215,0.2878860843519333,20.109327570908345,0.01,0.08063737852903206,0.1768873954878526,4.759483586194643,0.01,0.07562887718046529,0.1645151989688121,4.489608016188082,0.01,0.14174415730183956,0.4171002713638917,46.9178048655023,0.01,0.14087484546735898,0.3342128024145191,9.334566655992601,0.01,0.08734928639207387,0.14105462798369464,13.214540982001736
5.97,22.49361255451852,25.345172469343474,-2.8515599148249513,-0.2182743407436811,6.120812588080052,0.06129197643379182,0.3751567009042589,0.3751567009042589,-1.493073279947534,1.8682299808517928,0.0,0,0.01,0.01,0.14664481340172358,0.2878327229703851,20.050084343700203,0.01,0.08058513978109916,0.17683403410630438,4.7642209344290425,0.01,0.07557685977884399,0.16446183758726388,4.493656304832629,0.01,0.14179298118491285,0.4171532241254631,47.04866553470852,0.01,0.1409261081240626,0.3342657551760904,9.356722427350517,0.01,0.08737830340624729,0.14108398687088475,13.243461620139234
5.98,22.368546967703693,25.221308942645962,-2.852761974942267,-0.21395126298594594,6.003018699298117,0.06114622587162968,0.36706193729889924,0.36706193729889924,-1.4937026771531559,1.860764614452055,0.0,0,0.01,0.01,0.14659509755788028,0.287780436901769,19.991865296110937,0.01,0.08053396736466727,0.17678174803768829,4.7685734074742,0.01,0.07552590313545526,0.16440955151864778,4.497352551466997,0.01,0.14184066700517273,0.4172049596448507,47.177304930136025,0.01,0.1409761645781341,0.3343174906954781,9.378762300581672,0.01,0.08740674206283232,0.14111276894590633,13.27254079805327
5.99,22.247225851999968,25.099868140366016,-2.8526422883660487,-0.20981940634790383,5.895686789078925,0.06100325619809352,0.359656091657897,0.359656091657897,-1.4936400094083924,1.8532961010662894,0.0,0,0.01,0.01,0.1465463571578437,0.2877291714776729,19.934723468602627,0.01,0.08048380346888337,0.1767304826135922,4.772647624819223,0.01,0.07547595011101557,0.1643582860945517,4.500797258189459,0.01,0.14188727786985167,0.41725554109948615,47.30370916224518,0.01,0.14102508409526213,0.3343680721501135,9.400605674445174,0.01,0.08743463416943746,0.14114100357832543,13.301572178763186
6.0,22.129629629629623,24.98076355821609,-2.8511339285864685,-0.20579869124832229,5.799547213773256,0.06086296980328455,0.35297766694460475,0.35297766694460475,-1.4928502340746426,1.8458279010192473,0.0,0,0.01,0.01,0.14649855386554164,0.28767889051139234,19.87875315086338,0.01,0.080434607711171,0.17668020164731163,4.776565039868519,0.01,0.07542696100572088,0.16430800512827112,4.504104784730784,0.01,0.1419328601841617,0.4173050127051671,47.42779244967166,0.01,0.14107291915802028,0.33441754375579447,9.422142851868488,0.01,0.08746200203840834,0.14116871001167405,13.330295097438096
6.01,22.015736962814838,24.863955496375507,-2.848218533560668,-0.20180591547642268,5.714912501788066,0.06072532395404923,0.34703991304012627,0.34703991304012627,-1.4913237368087477,1.838363649848874,0.0,0,0.01,0.01,0.1464516677282518,0.2876295775455526,19.82408344677224,0.01,0.08038635860780845,0.17663088868147186,4.780455687909128,0.01,0.0753789149951706,0.16425869216243136,4.507397463130436,0.01,0.1419774424919196,0.4173533987725505,47.549403275875434,0.01,0.14111970404329224,0.3344659298231779,9.443241188754241,0.01,0.0874888576102256,0.14119589664945295,13.358408137609247
6.0200000000000005,21.90552473599997,24.74945165644541,-2.8439269204454423,-0.19775888814413423,5.641665402874269,0.060590331634060246,0.34183037772855607,0.34183037772855607,-1.4890766534362743,1.8309070311648303,0.0,0,0.01,0.01,0.14640569764498237,0.28758123610909536,19.77087026750541,0.01,0.0803390540908405,0.17658254724501463,4.784451629576098,0.01,0.07533181061437916,0.16421035072597412,4.51079943251475,0.01,0.1420210351958631,0.41740070373513516,47.66833362055353,0.01,0.14116545429969624,0.33451323478576256,9.463752249557668,0.01,0.08751520210245545,0.14122256088628626,13.385584484030831
6.03,21.7989680380741,24.637305398861567,-2.838337360787467,-0.19358045943409916,5.579267399419483,0.060458059617203734,0.33731168105442433,0.33731168105442433,-1.4861499668432248,1.823461647897649,0.0,0,0.01,0.01,0.14636066089899544,0.28753388898514565,19.719287169520033,0.01,0.08029271105970236,0.17653520012106494,4.78868041570969,0.01,0.07528566527986215,0.16416300360202443,4.514430499766887,0.01,0.14206363115567458,0.41744691312876825,47.784330728335895,0.01,0.1412101671362018,0.33455944417939565,9.483519567745862,0.01,0.08754102619522723,0.14124868948537428,13.411488232490068
6.04,21.696040144592637,24.52761177485227,-2.8315716302596337,-0.1892022578208904,5.526787085190591,0.06032862390050104,0.3334234594406096,0.3334234594406096,-1.4826074386228232,1.8160308980634328,0.0,0,0.01,0.01,0.14631659178940834,0.2874875765379424,19.669515490653797,0.01,0.0802473640020573,0.17648888767386167,4.7932588820317825,0.01,0.07524051388568373,0.16411669115482116,4.5184003151566,0.01,0.14210520711895944,0.41749199545817683,47.89711080800323,0.01,0.14125382268784673,0.3346045265088042,9.502386611817233,0.01,0.08756631073801398,0.14127425947760847,13.435790857471103
6.05,21.59671249999997,24.420501550193585,-2.823789050193616,-0.1845679629598847,5.482946906365058,0.06020218274553557,0.3300853716410581,0.3300853716410581,-1.4785324892292606,1.8086178608703187,0.0,0,0.01,0.01,0.1462735394389859,0.2874423541906847,19.621734253018356,0.01,0.08020306276208777,0.176443665326604,4.798287551324349,0.01,0.07519640655280675,0.1640714688075635,4.522803122889143,0.01,0.1421457259006881,0.4175359048455357,48.006374016926294,0.01,0.1412963860814785,0.3346484358961631,9.520204582914308,0.01,0.08759102793736966,0.14129923953346465,13.458187097793493
6.0600000000000005,21.500954699851835,24.316133529580604,-2.8151788297287683,-0.1796359663450072,5.446185920510989,0.060078927686926596,0.32720101008793745,0.32720101008793745,-1.4740241883362348,1.8012251984241723,0.0,0,0.01,0.01,0.14623156489311528,0.28739828918489996,19.576110297828695,0.01,0.08015986957383905,0.17639960032081925,4.803845880340821,0.01,0.07515340565012002,0.16402740380177872,4.527713308503921,0.01,0.14218513919201498,0.41757858432146083,48.11182006942204,0.01,0.14133781018626662,0.3346911153720882,9.536839710059123,0.01,0.087615142962484,0.141323591737124,13.478409602789958
6.07,21.408734473037114,24.21468556648959,-2.8059510934524745,-0.1743813020232101,5.414735494474626,0.05995907295810921,0.3246625205620677,0.3246625205620677,-1.4691925569204234,1.793855077482491,0.0,0,0.01,0.01,0.14619073765688215,0.28735545678412633,19.532789096630943,0.01,0.08011785551044368,0.17635676792004562,4.809988542387893,0.01,0.07511158223840424,0.1639845714010051,4.533181921565795,0.01,0.14222339085165636,0.4176199695915504,48.213163807886815,0.01,0.14137803890248304,0.33473250064217774,9.552179756372649,0.01,0.08763861588606216,0.14134727367410488,13.496241772829062
6.08,21.320017663999984,24.11634470073194,-2.796327036731956,-0.16879676481182856,5.3867042628473625,0.05984284385462504,0.32235570209261777,0.32235570209261777,-1.4641534126052713,1.786509114697889,0.0,0,0.01,0.01,0.1461511318417776,0.2873139361089519,19.491886647260138,0.01,0.08007709652571675,0.17631524724487116,4.8167428869511,0.01,0.07507101211381513,0.16394305072583065,4.539234305665027,0.01,0.14226042051338517,0.41765999309277263,48.31015008781214,0.01,0.1414170108192989,0.3347725241434,9.566139498196037,0.01,0.0876614038630217,0.1413702407298072,13.511528319415541
6.09,21.234768214962966,24.021296902076276,-2.786528687113313,-0.16289317210890206,5.360168233001592,0.05973046460027067,0.32016533889279697,0.32016533889279697,-1.459023008742066,1.7791883476348629,0.0,0,0.01,0.01,0.14611282210982773,0.2872738058057307,19.45348281266684,0.01,0.08003766928161704,0.17627511694164996,4.824107667012689,0.01,0.07503177164414349,0.16390292042260945,4.545868920168606,0.01,0.14229616733237602,0.41769858814425687,48.402567351586285,0.01,0.14145466305902904,0.33481111919488427,9.578664985489793,0.01,0.08768346343948398,0.14139244848736948,13.52418315676527
6.1000000000000005,21.15294814814808,23.929716911813138,-2.776768763665058,-0.15669876587755582,5.3332616745740635,0.059622146299791554,0.3179805078165261,0.3179805078165261,-1.4539127247746264,1.7718932325911525,0.0,0,0.01,0.01,0.14607587961020954,0.28723513975696924,19.417616397592,0.01,0.07999964696274238,0.17623645089288853,4.832053073829783,0.01,0.07499393359848606,0.16386425437384802,4.553057390474822,0.01,0.14233057369128185,0.4177356929966073,48.49025930356864,0.01,0.14149093512163807,0.33484822404723463,9.589736435380042,0.01,0.08770475287990584,0.14141385510951882,13.534194319686842
6.11,21.074517547999953,23.84175866440498,-2.767241116405025,-0.15025779196519518,5.304264388622228,0.05951807555247846,0.3156996086323387,0.3156996086323387,-1.4489240603349407,1.7646236689672794,0.0,0,0.01,0.01,0.146040368101443,0.28719800303720067,19.384282182926377,0.01,0.07996309527710867,0.17619931417311996,4.840522068262007,0.01,0.07495756316878278,0.16382711765407945,4.5607457759369305,0.01,0.14236358869369867,0.4177712545924813,48.573134154376255,0.01,0.141525772549054,0.3348837856431087,9.599369652481728,0.01,0.08772523440106675,0.1414344235908472,13.541625687626627
6.12,20.999434543407382,23.75754673887487,-2.7581121954674885,-0.14362833275891274,5.271681123618474,0.05941840426438533,0.3132348801560916,0.3132348801560916,-1.444144168509513,1.7573790486656047,0.0,0,0.01,0.01,0.1460063404411905,0.28716244830435794,19.353430051890978,0.01,0.07992806883113072,0.1761637594402772,4.849432947526973,0.01,0.0749227143701238,0.1637915629212367,4.568856997455974,0.01,0.1423951712873315,0.4178052318682503,48.651170980411784,0.01,0.14155913024306216,0.33491776291887765,9.607615912359963,0.01,0.08774487620784077,0.14145412377409144,13.546615386545856
6.13,20.92765528992592,23.67716923586111,-2.749513945935192,-0.13687950445606734,5.234309290966008,0.05932324113457898,0.3105161922409436,0.3105161922409436,-1.4396421355821136,1.7501583278230572,0.0,0,0.01,0.01,0.14597383560612653,0.28712851279386936,19.32496624800464,0.01,0.07989460804659071,0.17612982392978865,4.8586830366382525,0.01,0.07488942698642156,0.16375762741074815,4.577294320061775,0.01,0.14242529288061426,0.4178375984511058,48.724422848952344,0.01,0.14159097529201675,0.3349501295017332,9.61456029124748,0.01,0.08776365423682203,0.1414729340362384,13.549370848402218
6.140000000000001,20.859133952000004,23.600672403842275,-2.7415384518422705,-0.1300881602027315,5.191291718219645,0.05923264520575486,0.30749394050487777,0.30749394050487777,-1.4354661766402688,1.7429601171451465,0.0,0,0.01,0.01,0.14594287637721604,0.28709621605201696,19.29875670511493,0.01,0.07986273675945889,0.17609752718793625,4.868153345487464,0.01,0.07485772419999301,0.16372533066889575,4.5859457403798976,0.01,0.14245393934343867,0.4178683446367314,48.7930164914786,0.01,0.1416212891888059,0.3349808756873588,9.620318478256852,0.01,0.08778155352930402,0.14149084256703454,13.550160634185172
6.15,20.793822685185095,23.528057250403947,-2.7342345652188507,-0.12333526347114936,5.142151937587578,0.059146621765807685,0.3041409157148076,0.3041409157148076,-1.4316418705471374,1.735782786261945,0.0,0,0.01,0.01,0.14591346779238545,0.28706555850800847,19.274632288650118,0.01,0.07983246060610485,0.17606686964392776,4.877713987120029,0.01,0.07482761100918657,0.16369467312488725,4.5946890861676115,0.01,0.1424811123135408,0.4178974785681266,48.85714846626135,0.01,0.14165006935380786,0.33501000961875393,9.625032167010795,0.01,0.0877985691740011,0.14150784818295575,13.549303272579325
6.16,20.731671618370378,23.45927827586701,-2.727606657496631,-0.11670211104535753,5.0868104020639375,0.05906512076964736,0.3004530707302049,0.3004530707302049,-1.4281715061790046,1.7286245769092095,0.0,0,0.01,0.01,0.14588559643059712,0.2870365209425379,19.252395689981043,0.01,0.07980376626338732,0.1760378320784572,4.887230112266545,0.01,0.07479907349911093,0.16366563555941668,4.603397597068363,0.01,0.14250682976345813,0.4179250265746839,48.917077929999266,0.01,0.1416773299103356,0.3350375576253113,9.628863190726127,0.01,0.08781470678127139,0.14152396064288644,13.547153528175288
6.17,20.672628835999944,23.39424436203593,-2.721615526035986,-0.11026659098580756,5.025581002929848,0.058988037825621745,0.29644916229655194,0.29644916229655194,-1.4250345570817624,1.7214837193783143,0.0,0,0.01,0.01,0.14585923055060457,0.28700906486642513,19.231829627988912,0.01,0.07977662156725356,0.17601037600234445,4.896568082713718,0.01,0.07477207898868636,0.16363817948330395,4.611945725343878,0.01,0.14253112581730362,0.41795103267041933,48.97311632783155,0.01,0.14170310169471934,0.33506356372104673,9.631986635399743,0.01,0.08782998247339252,0.1415392004564705,13.544086678360681
6.18,20.61664036029624,23.332821743527823,-2.7161813832315826,-0.10409965754468235,4.95914827460277,0.05891521766474262,0.292169300029955,0.292169300029955,-1.4221892465629504,1.7143585465929054,0.0,0,0.01,0.01,0.14583432106616742,0.2869831337784655,19.21270594016847,0.01,0.07975097649186397,0.17598444491438484,4.905601585017247,0.01,0.0747465770347087,0.16361224839534433,4.620214875731116,0.01,0.14255404984047307,0.4179755572495312,49.025614497608004,0.01,0.14172743151729847,0.33508808830015857,9.634583234446103,0.01,0.08784442239856002,0.14155359820109198,13.540481534040719
6.19,20.563650133481435,23.274838888466405,-2.711188754984972,-0.09826219232694589,4.888526656856734,0.05884645989003425,0.28767248783408306,0.28767248783408306,-1.4195751125260077,1.7072476003600907,0.0,0,0.01,0.01,0.14581080329929197,0.2869586552291353,19.19479509504372,0.01,0.07972676492998043,0.1759599663650546,4.91421737933039,0.01,0.07472250123248049,0.16358776984601409,4.6280987975489944,0.01,0.1425756648574891,0.41799867505444677,49.07494785259664,0.01,0.14175038072293009,0.33511120610507417,9.636831408194311,0.01,0.0878580617986417,0.14156719338739687,13.536703066517573
6.2,20.5135999999999,23.22009302439707,-2.706493024397167,-0.09280239970916535,4.8150040833614085,0.05878152669398743,0.2830332910577671,0.2830332910577671,-1.4171164337396935,1.7001497247974606,0.0,0,0.01,0.01,0.14578859941612402,0.286935543578457,19.177875633628343,0.01,0.07970390717743524,0.1759368547143763,4.922320388611851,0.01,0.074699771714847,0.16356465819533583,4.635508352453646,0.01,0.14259604538229695,0.41802047252452745,49.12150044006132,0.01,0.14177202312910228,0.33513300357515485,9.638899355487027,0.01,0.08787094368132997,0.14158003293495655,13.533085583583995
6.21,20.466429688740817,23.168357968692785,-2.7019282799519684,-0.08775385583330524,4.740072928087212,0.05872015213989816,0.2783378034914936,0.2783378034914936,-1.4147263391372684,1.693064142628762,0.0,0,0.01,0.01,0.1457676214182845,0.2869137033040498,19.161743052220512,0.01,0.07968231299178807,0.1759150144399691,4.929837862177546,0.01,0.07467829821902583,0.1635428179209286,4.642375408600874,0.01,0.1426152747704067,0.41804104466114583,49.165648756831644,0.01,0.1417924424454524,0.3351535757117732,9.640937625087805,0.01,0.0878831171652823,0.14159216933796218,13.529917415070026
6.22,20.422076795259265,23.11939286425407,-2.6973160689948044,-0.08313429603316846,4.6653519266932655,0.05866205253239263,0.2736791198057795,0.2736791198057795,-1.4123113911272962,1.6859905109330757,0.0,0,0.01,0.01,0.1457477745372599,0.2868930326907663,19.146217672963232,0.01,0.07966188506935486,0.1758943438266856,4.9367223941690455,0.01,0.0746579835650038,0.16352214730764508,4.648655656214733,0.01,0.14263344222239785,0.41806049156565417,49.20774622625805,0.01,0.14181172929965222,0.3351730226162815,9.643072586144484,0.01,0.08789463558135863,0.14160365861483815,13.527428013594852
6.23,20.38047676400005,23.072951383692754,-2.692474619692703,-0.07894518731252212,4.592503070709376,0.05860693735698913,0.2691525397768446,0.2691525397768446,-1.4097764142005946,1.6789289539774392,0.0,0,0.01,0.01,0.14572896086214315,0.2868734277174955,19.131151109864195,0.01,0.07964252276687123,0.17587473885341484,4.942953639740703,0.01,0.07463872737169719,0.16350254233437433,4.654330198286858,0.01,0.14265063958268265,0.41807891481988946,49.24810919910014,0.01,0.14182997801055475,0.33519144587051686,9.645401176757156,0.01,0.08790555442354867,0.14161455814469082,13.525778245966183
6.24,20.34156287051851,23.02879094996825,-2.6872280794497416,-0.07517209265541647,4.523147634419593,0.058554520249960586,0.2648507397531834,0.2648507397531834,-1.407029332153253,1.6718800719064364,0.0,0,0.01,0.01,0.14571108302233476,0.28685478595032915,19.116431022078537,0.01,0.07962412588492693,0.17585609708624844,4.948538645320219,0.01,0.07462042982830139,0.16348390056720793,4.65940583947424,0.01,0.14266695808543028,0.41809641388372354,49.28700523613836,0.01,0.14184728325959783,0.3352089449343509,9.647987238719805,0.01,0.0879159292491787,0.1416249244972199,13.52505445447453
6.25,20.30526620370372,22.986681528894405,-2.6814153251906823,-0.07178579472146245,4.458785438937506,0.058504529468337785,0.26085914410531474,0.26085914410531474,-1.4039857811403555,1.6648449252456703,0.0,0,0.01,0.01,0.14569404774706482,0.2868370102544705,19.101983946597247,0.01,0.07960659833029375,0.1758383213903898,4.953510788886421,0.01,0.07460299533859253,0.1634661248713493,4.663914071008727,0.01,0.1426824852007387,0.4181130826805992,49.32464427255708,0.01,0.1418637368152188,0.3352256137312266,9.650859649316335,0.01,0.08792581362924695,0.1416348113610384,13.52526662027752
6.26,20.271515647999916,22.946413578101154,-2.6748979301012388,-0.06874410994227598,4.400721198296256,0.058456717364447255,0.25725171528853585,0.25725171528853585,-1.4005732810514326,1.6578249963399685,0.0,0,0.01,0.01,0.1456777691326042,0.2868200121495989,19.08777611153519,0.01,0.07958985148320837,0.1758213232855182,4.9579274053611755,0.01,0.07458633586519939,0.1634491267664777,4.667908823622841,0.01,0.14269730172830267,0.418129006530259,49.361173069220754,0.01,0.1418794244620743,0.3352415375808864,9.65401234607262,0.01,0.08793525724619584,0.14164426766852836,13.526350688964895
6.2700000000000005,20.24023786562962,22.90780478584735,-2.6675669202177295,-0.0659942920067335,4.350001352883096,0.058410868427380816,0.2540873566821831,0.2540873566821831,-1.3967347732525282,1.6508221299347112,0.0,0,0.01,0.01,0.14566217146516053,0.28680371465402343,19.07381224103215,0.01,0.07957380711294015,0.1758050257899427,4.961866245005063,0.01,0.07457037381839515,0.1634328292709022,4.6714631285568196,0.01,0.1427114792730462,0.4181442595686394,49.39667314282021,0.01,0.14189442327700108,0.3352567906192667,9.657406218279677,0.01,0.08794430422824834,0.14165333600388483,13.52817484667627
6.28,20.21135727881477,22.8707052985326,-2.659348019717828,-0.06347589764785963,4.307364207524399,0.058366805531619124,0.2514070890544333,0.2514070890544333,-1.3924313670140154,1.6438384560684487,0.0,0,0.01,0.01,0.14564719147165456,0.28678805449059347,19.0601324661226,0.01,0.07955839970953243,0.17578936562651276,4.965420973524476,0.01,0.07455504435870723,0.16341716910747228,4.674664883396957,0.01,0.14272507821791827,0.4181589027692463,49.431162156413045,0.01,0.1419087993770167,0.3352714338198736,9.66097272176428,0.01,0.08795299179699803,0.14166205136561025,13.530549291843489
6.29,20.18479605200003,22.83500121413475,-2.6502051621347165,-0.06112396854831749,4.273205491272619,0.05832439412622892,0.24923212125534988,0.24923212125534988,-1.3876441779780286,1.6368762992333785,0.0,0,0.01,0.01,0.14563277990046875,0.286772983560426,19.046807546959403,0.01,0.07954357813007401,0.1757742946963453,4.968695967919801,0.01,0.07454029701321399,0.1634020981773048,4.677611961589874,0.01,0.1427381462841106,0.4181729826496051,49.46459856095749,0.01,0.14192260624174238,0.33528551370023246,9.664618971586004,0.01,0.08796134928885087,0.1416704403362823,13.533238853253076
6.3,20.16047407407406,22.8006162059324,-2.6401421318583416,-0.05887237165066119,4.247560680943848,0.05828354420164932,0.24756289069697845,0.24756289069697845,-1.38237518764651,1.6299380783434885,0.0,0,0.01,0.01,0.14561890236823394,0.28675846962728707,19.033932686115556,0.01,0.07952930649259748,0.17575978076320634,4.971800689530952,0.01,0.07452609654015184,0.16338758424416583,4.680406929770339,0.01,0.1427507177395595,0.4181865307122152,49.496889120655204,0.01,0.1419358836843599,0.3352990617628425,9.6682339897024,0.01,0.0879693975919902,0.14167852069192727,13.535977673526235
6.3100000000000005,20.138308940592626,22.76751123236982,-2.6292022917771924,-0.056657136373000204,4.230104618392386,0.05824420997987293,0.24637910163047638,0.24637910163047638,-1.3766471007747794,1.6230262024052557,0.0,0,0.01,0.01,0.14560553944501506,0.28674449619408937,19.02162026825133,0.01,0.07951556428792414,0.1757458073300087,4.974843925298513,0.01,0.07451242301360245,0.16337361081096818,4.683151645636145,0.01,0.14276281328426776,0.4181995636335707,49.52789883632509,0.01,0.14194865751296257,0.3353120946841981,9.671695735810424,0.01,0.08797714901974812,0.1416863014618048,13.53848511181469
6.32,20.118215935999935,22.735682380398227,-2.617466444398291,-0.05441963100882732,4.220168137734582,0.05820638738262823,0.24564074144480386,0.24564074144480386,-1.370502225456578,1.6161429669013818,0.0,0,0.01,0.01,0.14559268598707065,0.2867310615915797,19.009991897572412,0.01,0.0795023457176296,0.17573237272749895,4.97792818123798,0.01,0.07449927113773232,0.16336017620845844,4.685942002258177,0.01,0.14277444060748853,0.4182120841790344,49.55746270315115,0.01,0.14196093988966169,0.3353246152296617,9.67487853049628,0.01,0.08798460761970618,0.14169378342788833,13.540482016930632
6.33,20.100108015851852,22.70515697688756,-2.6050489610357084,-0.05210943145388615,4.216770636677584,0.05817010943603203,0.24529000940218149,0.2452900094021815,-1.3640004463719175,1.609290455774099,0.0,0,0.01,0.01,0.1455803497619415,0.28671817733611443,18.99917012170759,0.01,0.07948965830297887,0.17571948847203375,4.981144491055153,0.01,0.07448664883651349,0.16334729195299325,4.68886306479128,0.01,0.1427855955790052,0.41822408278738366,49.58539869711034,0.01,0.14197273036004174,0.335336613838011,9.677660487490288,0.01,0.0879917698966483,0.1417009600327679,13.541706568995052
6.34,20.083895789036905,22.675988181895477,-2.5920923928585715,-0.04968675263444853,4.218666805914102,0.05813543986455812,0.24525405040382675,0.24525405040382678,-1.3572164031384126,1.6024704535422394,0.0,0,0.01,0.01,0.1455685494433394,0.28670586584684427,18.989270230897507,0.01,0.07947752084347563,0.17570717698276359,4.9845678709023,0.01,0.07447457519838932,0.16333498046372308,4.69198481553812,0.01,0.14279626400641526,0.4182355397382852,49.611521372165285,0.01,0.14198401749257594,0.33534807078891254,9.679930600670785,0.01,0.08799862590773384,0.1417078186460249,13.541928971541283
6.3500000000000005,20.069487500000047,22.648248345321413,-2.5787608453213635,-0.04712433570158349,4.224405100136808,0.05810246520805931,0.2454483503554472,0.2454483503554472,-1.3502360211711002,1.5956843715265474,0.0,0,0.01,0.01,0.1455573120817141,0.2866941576412001,18.98039250577079,0.01,0.07946596083308193,0.17569546877711942,4.988253611646051,0.01,0.07446307788447055,0.1633232722580789,4.695358686212777,0.01,0.14280642386409845,0.4182464277901516,49.63565545964607,0.01,0.14199478103833957,0.33535895884077893,9.681595174767192,0.01,0.08800516067094497,0.14171434212310569,13.540964379577309
6.36,20.056789010962905,22.62202146194471,-2.5652324509818,-0.04440871113834805,4.232395018008137,0.05807128585962383,0.24578062096159825,0.24578062096159825,-1.3431525704590936,1.588933191420692,0.0,0,0.01,0.01,0.14554667017926862,0.2866830881501272,18.972615258345453,0.01,0.079455011465919,0.17568439928604654,4.99223455567575,0.01,0.07445219013230493,0.16331220276700603,4.699015014760005,0.01,0.14281604787870977,0.4182567151558952,49.65764888669332,0.01,0.1420049944974342,0.33536924620652253,9.682583339773673,0.01,0.0880113558138127,0.1417205105780301,13.538683561419857
6.37,20.04570378414808,22.597395096875715,-2.551691312727633,-0.041540788207434814,4.240979878269675,0.058042006466633725,0.24615498151939197,0.246154981519392,-1.3360624470490046,1.5822174285683965,0.0,0,0.01,0.01,0.14553665851463374,0.2866726943101096,18.96598896980733,0.01,0.0794447083803786,0.1756740054460289,4.996519458334393,0.01,0.07444194750409093,0.16330180892698842,4.702961520136702,0.01,0.14282510634152154,0.4182663686707929,49.677384667360975,0.01,0.14201462796117353,0.3353788997214203,9.682851442527985,0.01,0.0880171913792656,0.14172630328242042,13.535020903799678
6.38,20.03613286399999,22.57445217258175,-2.5383193085817646,-0.038535753339032884,4.248511552038253,0.058014726160735136,0.2464762342822191,0.24647623428221907,-1.3290608820509324,1.5755371163331515,0.0,0,0.01,0.01,0.14552731087177226,0.28666301109707515,18.960531777283798,0.01,0.07943508630038763,0.17566432223299444,5.001092486388741,0.01,0.07443238453774859,0.1632921257139539,4.707182843872543,0.01,0.14283357001023575,0.4182753570004791,49.69479116771152,0.01,0.14202365108899026,0.3353878880511064,9.682386161618448,0.01,0.08802264769957399,0.14173170059869192,13.52997947824638
6.390000000000001,20.027974859407376,22.553263009200283,-2.5252881497929067,-0.03542229273594001,4.253423550011199,0.057989529083645554,0.24665402865843733,0.24665402865843733,-1.3222377832644594,1.5688918119228967,0.0,0,0.01,0.01,0.1455186568296433,0.2866540681674689,18.956226501014893,0.01,0.0794261757347466,0.1756553793033882,5.005913858322236,0.01,0.07442353146119425,0.1632831827843477,4.7116411626223815,0.01,0.14284141296210395,0.41828365373808846,49.709850305168985,0.01,0.14203203607641293,0.3353961847887158,9.681206242168518,0.01,0.08802770724794104,0.14173668585497287,13.523632991565798
6.4,20.02112592592601,22.533877991945158,-2.512752066019146,-0.032241186212630696,4.254298973170084,0.057966475654882096,0.24660671785685362,0.2466067178568536,-1.3156739051497208,1.5622806230065744,0.0,0,0.01,0.01,0.14551071876373586,0.2866458867641971,18.95301933460683,0.01,0.07941799989002028,0.17564719790011643,5.010921584646662,0.01,0.0744154111245146,0.16327500138107592,4.716277832149896,0.01,0.14284861526603598,0.4182912402475894,49.72260331591768,0.01,0.14203976047505554,0.33540377129821675,9.679362795871242,0.01,0.08803235638026091,0.14174124707342511,13.516124548947367
6.41,20.015479747999958,22.516321203998896,-2.5008414559989385,-0.02904334864365437,4.249930114881189,0.05794559498567174,0.24626472915431474,0.24626472915431474,-1.309437524326511,1.5557022534808258,0.0,0,0.01,0.01,0.1455035091981137,0.2866384770301751,18.950820246143135,0.01,0.07941057193975157,0.17563978816609438,5.016034221161634,0.01,0.0744080362918573,0.16326759164705387,4.721015980807107,0.01,0.14285516535326032,0.41829810812484347,49.733153813849164,0.01,0.14204680973669986,0.33541063917547087,9.676938160258926,0.01,0.08803658688664318,0.1417453784718924,13.507662268110169
6.42,20.01092752118515,22.50058531212875,-2.489657790943598,-0.02588742098373881,4.2393669402459775,0.05792687878254558,0.2455732948623599,0.24557329486235988,-1.3035817709968334,1.5491550658591933,0.0,0,0.01,0.01,0.1454970286277575,0.28663183585061164,18.949505059035623,0.01,0.0794038927734828,0.17563314698653096,5.021154505250803,0.01,0.07440140741543952,0.16326095046749045,4.725763930197681,0.01,0.14286106198315962,0.4183042611681366,49.74166797356395,0.01,0.14205317937026662,0.33541679221876397,9.674043361392965,0.01,0.08804039728302836,0.14174908167081904,13.498511901226355
6.43,20.00735793437038,22.48662792789054,-2.4792699935201634,-0.0228370333732764,4.221952244989731,0.05791027700741888,0.24449442401944932,0.24449442401944932,-1.29814273298476,1.5426371570042092,0.0,0,0.01,0.01,0.14549126390669584,0.2866259453179954,18.94891910176831,0.01,0.07939794932418849,0.17562725645391472,5.026173705775795,0.01,0.07439551098910785,0.1632550599348742,4.730419283636065,0.01,0.14286631572213138,0.41830971677480977,49.7483717961486,0.01,0.1420588766216123,0.33542224782543717,9.670814277130638,0.01,0.0880437937869772,0.14175236655256412,13.488986748506033
6.44,20.004657152000043,22.474369592882987,-2.469712440882945,-0.019957877300643714,4.197341982532668,0.05789569547212798,0.24300803321308928,0.24300803321308928,-1.293138410126196,1.5361464433392853,0.0,0,0.01,0.01,0.14548618726887502,0.2866207718823611,18.948882238856445,0.01,0.07939271354349008,0.1756220830182804,5.030976482769609,0.01,0.07439031854961009,0.16324988649923988,4.734873490711719,0.01,0.14287094987757856,0.41831450670898074,49.753545557799235,0.01,0.14206392161041273,0.33542703775960814,9.667406653780823,0.01,0.08804679093776688,0.14175525173782805,13.479435280513114
6.45,20.00270879629623,22.463693455802492,-2.4609846595062637,-0.01731473137824873,4.165510007473992,0.05788299544890331,0.2411121968049783,0.24111219680497828,-1.288568554483676,1.5296807512886543,0.0,0,0.01,0.01,0.1454817560173465,0.28661626621537406,18.94919502545337,0.01,0.0793881420618855,0.17561757735129338,5.035446025859525,0.01,0.07438578636160803,0.16324538083225287,4.739016670697366,0.01,0.14287500085525306,0.4183186772158386,49.75751569048525,0.01,0.14206834788464445,0.33543120826646594,9.663990185771121,0.01,0.08804941183846238,0.1417577646630196,13.470227017886108
6.46,20.001393929481548,22.454446626088764,-2.453052696607215,-0.014968585576193802,4.1267372749665725,0.05787199527901314,0.23882252009459304,0.23882252009459304,-1.284415388421643,1.523237908516236,0.0,0,0.01,0.01,0.1454779128846799,0.28661236378178884,18.94964567012948,0.01,0.07938417653776732,0.17561367491770813,5.03946922257108,0.01,0.07438185578905765,0.16324147839866762,4.742742460951521,0.01,0.14287851793499065,0.41832228848917885,49.76064449143715,0.01,0.14207220238015889,0.3354348195398062,9.660741922544338,0.01,0.08805168801580339,0.1417599412620642,13.461737337978168
6.47,20.00059103599998,22.44644310793802,-2.445852071938038,-0.012974001716516699,4.08158631385687,0.05786247386488333,0.23617068141280861,0.23617068141280861,-1.2806451501613192,1.5168158315741278,0.0,0,0.01,0.01,0.14547458703516578,0.2866089860776787,18.950017447897626,0.01,0.0793807446658657,0.175610297213598,5.0429416016377475,0.01,0.07437845432255445,0.1632381006945575,4.745952650950198,0.01,0.1428815624862751,0.4183254135292772,49.76331819258291,0.01,0.14207554479946782,0.3354379445799046,9.657839314689012,0.01,0.08805365891171604,0.14176182527535633,13.454331972624443
6.48,20.000176004740702,22.4394681434833,-2.4392921387425988,-0.011376834056453289,4.030862513549699,0.05785417584133276,0.23320222865114082,0.23320222865114082,-1.2772103771721803,1.5104126058233212,0.0,0,0.01,0.01,0.14547169564893614,0.2866060424632173,18.950096182949576,0.01,0.07937776178456146,0.1756073535991366,5.045771803737233,0.01,0.07437549720120631,0.16323515708009606,4.748561369707744,0.01,0.14288420667001336,0.41832813645644434,49.76593402925409,0.01,0.14207844644914705,0.3354406675070717,9.65545324673115,0.01,0.08805537103722627,0.14176346722632358,13.448352017125007
6.49,20.00002211125917,22.433283728745874,-2.433261617486701,-0.010212413686665702,3.9755643904195783,0.057846818143679014,0.22997375031108747,0.22997375031108747,-1.2740528036263727,1.5040265539374602,0.0,0,0.01,0.01,0.14546914600110813,0.28660343249029935,18.949677419267918,0.01,0.07937513299378215,0.17560474362621864,5.0478853539090185,0.01,0.07437288954006985,0.16323254710717813,4.7504986150558475,0.01,0.14288653169542917,0.4183305503703516,49.768887018092265,0.01,0.14208098859836002,0.335443081420979,9.653741421652704,0.01,0.08805687683478111,0.14176492312150582,13.444100276579896
6.5,20.0,22.427635013724615,-2.427635013724616,-0.00950427541380777,3.9168254969050844,0.05784009762818644,0.22654956913355995,0.22654956913355995,-1.2711067207857685,1.4976562899193284,0.0,0,0.01,0.01,0.14546683792674645,0.2866010486032503,18.948572918495227,0.01,0.07937275567225013,0.1756023597391696,5.049227545606653,0.01,0.07437052885148511,0.16323016322012912,4.75171294707303,0.01,0.1428886257202406,0.4183327548653047,49.77255717749924,0.01,0.14208326044116376,0.33544528591593203,9.652842457187944,0.01,0.08805823330784204,0.14176625294237322,13.441829721166304
6.51,20.00002211125926,22.4222572611325,-2.4222351498732397,-0.009263477247855787,3.856253362865997,0.05783369935653249,0.22302139763060946,0.22302139763060946,-1.26827935868479,1.4913007563153995,0.0,0,0.01,0.01,0.1454646665459016,0.28659877907531944,18.946616166609008,0.01,0.07937052226576055,0.17560009021123876,5.049765294639008,0.01,0.07436830783182474,0.16322789369219826,4.752173213506052,0.01,0.14289058149750744,0.41833485332614756,49.77729789587213,0.01,0.14208535676180983,0.3354473843767749,9.652871023981264,0.01,0.08805950048655739,0.14176751900578236,13.44173470960937
6.5200000000000005,20.00017600474074,22.416883957724675,-2.416707952983934,-0.009485270814585499,3.7970648919926835,0.057827306250140216,0.2195740343609165,0.2195740343609165,-1.2653853251610592,1.4849593595219757,0.0,0,0.01,0.01,0.1454625253403297,0.2865965114316586,18.943672267592934,0.01,0.07936832342906701,0.17559782256757792,5.049491966354174,0.01,0.07436611750822976,0.1632256260485374,4.751873223849334,0.01,0.14289249372658214,0.4183369497712633,49.78341909566597,0.01,0.14208737530222565,0.33544948082189063,9.653910908100256,0.01,0.08806073970339925,0.14176878405343638,13.44393528047136
6.53,20.000591036,22.411259425282676,-2.4106683892826744,-0.010136780718485708,3.742772699250476,0.057820614096489704,0.2164094158942389,0.2164094158942389,-1.2622230170019315,1.4786324328961704,0.0,0,0.01,0.01,0.14546031058165337,0.28659413777133047,18.939665687885213,0.01,0.07936605251297724,0.17559544890724976,5.0484447101601875,0.01,0.07436385177025653,0.16322325238820926,4.750848495566986,0.01,0.14289445536031975,0.4183391439363579,49.79114661815815,0.01,0.14208941325545565,0.33545167498698525,9.65599623810415,0.01,0.0880620111946196,0.1417701082823943,13.448428590922026
6.54,20.001393929481484,22.405155252660894,-2.4037613231794106,-0.011155955323861216,3.696634567872633,0.057813351100827005,0.21371483216387444,0.21371483216387444,-1.2586064856472863,1.4723213178111607,0.0,0,0.01,0.01,0.14545792766045185,0.2865915617019261,18.93459687866686,0.01,0.07936361201241135,0.17559287283784544,5.046712114381384,0.01,0.07436141384628331,0.16322067631880494,4.749182990069228,0.01,0.14289655221047284,0.4183415248655315,49.80058851933157,0.01,0.14209156214195245,0.33545405591615884,9.659094328816138,0.01,0.08806337060106816,0.14177154547619447,13.455057362440483
6.55,20.002708796296297,22.398385967186197,-2.3956771708898983,-0.01245522331618849,3.6615096655499575,0.057805296533168266,0.21165465197617706,0.21165465197617706,-1.2543736334067472,1.4660282853829243,0.0,0,0.01,0.01,0.14545529750021993,0.28658870495316,18.928544918559446,0.01,0.07936092015904192,0.17559001608907931,5.04443049392069,0.01,0.07435872286492186,0.1632178195700388,4.747005370972526,0.01,0.14289885721615025,0.41834416479978837,49.811722391485034,0.01,0.1420939020147828,0.3354566958504157,9.66310139193305,0.01,0.08806486525249356,0.14177313931498248,13.463511858024996
6.5600000000000005,20.004657152,22.39082227434052,-2.3861651223405183,-0.013926302869626109,3.6397363426607066,0.05779629648373136,0.21036328078303024,0.21036328078303024,-1.2493931364328603,1.4597564172158906,0.0,0,0.01,0.01,0.14545236213041063,0.28658551296414514,18.921664321297413,0.01,0.07935791667690725,0.17558682410006446,5.041776116172479,0.01,0.07435571955597305,0.16321462758102395,4.7444816624443655,0.01,0.1429014253163987,0.41834711401792607,49.82439420141363,0.01,0.1420964959788908,0.3354596450685534,9.667846712534333,0.01,0.08806653084301184,0.1417749202577331,13.473347153955554
6.57,20.007357934370372,22.38240128765815,-2.3750433532877797,-0.015445885585233956,3.6330366679502633,0.05778627604048198,0.2099396597593668,0.2099396597593668,-1.2435697917743593,1.4535094515337261,0.0,0,0.01,0.01,0.1454490891153283,0.2865819592003159,18.91417824122038,0.01,0.07935456737328267,0.17558327033623522,5.038955612067371,0.01,0.0743523707812187,0.16321107381719469,4.7418062412899245,0.01,0.14290428929021398,0.4183503968585455,49.83832418324882,0.01,0.14209938554066234,0.33546292790917287,9.673101478655697,0.01,0.08806838873034457,0.14177690313229824,13.484007536518032
6.58,20.010927521185184,22.373133331406216,-2.362205810221033,-0.01688190580594414,3.6424514325237984,0.05777524739324285,0.21044353263193427,0.21044353263193427,-1.23684806994292,1.4472916025748543,0.0,0,0.01,0.01,0.14544547465114088,0.28657804802377035,18.90636861001426,0.01,0.07935086736789143,0.17557935915968964,5.03619521543584,0.01,0.07434867270263275,0.16320716264064913,4.739191741061629,0.01,0.1429074567671182,0.4183540090884631,49.8531185498905,0.01,0.14210258707898435,0.33546654013909044,9.678590617600104,0.01,0.08807044398789389,0.14177908553128313,13.494855472340246
6.59,20.015479748,22.363105068540815,-2.3476253205408155,-0.0181000911491043,3.6683078883466353,0.057763313570145476,0.2118936188264049,0.2118936188264049,-1.229213743398735,1.4411073622251398,0.0,0,0.01,0.01,0.14544154521211167,0.2865738160125598,18.89856379743759,0.01,0.07934684283504509,0.17557512714847912,5.0337294305460105,0.01,0.07434465246582096,0.1632029306294386,4.736858428189436,0.01,0.14291090853863755,0.41835791671467487,49.868285951446424,0.01,0.1421060896210418,0.3354704477653022,9.68400652538457,0.01,0.08807268429255966,0.14178144707195492,13.505203133525939
6.6000000000000005,20.021125925925926,22.35247888158952,-2.331352955663594,-0.01897048702363508,3.710221005167987,0.05775066771945881,0.2142677404352129,0.2142677404352129,-1.220693553072933,1.434961293508146,0.0,0,0.01,0.01,0.1454373576978322,0.28656933169843035,18.89112445526322,0.01,0.07934255120594068,0.17557064283434967,5.031789706954593,0.01,0.07434036834880456,0.16319844631530916,4.735023591321637,0.01,0.14291459823172417,0.41836205626618306,49.883257561098496,0.01,0.14210985402336274,0.33547458731681046,9.689023727745523,0.01,0.0880750796880079,0.1417839495374356,13.514344622250656
6.61,20.027974859407408,22.34148860740496,-2.3135137479975483,-0.019373657395067155,3.7671275730287093,0.05773758805480628,0.21750485996143376,0.21750485996143376,-1.2113529657813475,1.4288578257427813,0.0,0,0.01,0.01,0.1454329981040402,0.2865646937657202,18.88442823525358,0.01,0.07933807985135664,0.17556600490163946,5.030593650518942,0.01,0.07433590839884872,0.16319380838259895,4.733891437611245,0.01,0.14291845333430328,0.4183663365017467,49.89740968647522,0.01,0.14211381357938863,0.3354788675523741,9.693313618397903,0.01,0.08807758321923133,0.1417865378759259,13.521587287111238
6.62,20.036132864,22.330431891197907,-2.294299027197908,-0.019206285270055568,3.8373510853514943,0.05772442877646991,0.22150889941668184,0.22150889941668184,-1.2012921614971928,1.4228010609138746,0.0,0,0.01,0.01,0.14542857880750426,0.28656002782358114,18.878854073444966,0.01,0.07933354333525905,0.17556133895950043,5.030335227131983,0.01,0.07433138764977684,0.16318914244045993,4.733643921988968,0.01,0.14292237749419934,0.418370641433284,49.91008788237142,0.01,0.14211787599728024,0.33548317248391135,9.696558554485728,0.01,0.08808013239151943,0.14178914199624096,13.526280844727465
6.63,20.04570378414815,22.319659574539337,-2.273955790391188,-0.018385928081805288,3.918694045305919,0.057711607458562214,0.2261541324929004,0.2261541324929004,-1.190640467613488,1.4167946001063885,0.0,0,0.01,0.01,0.14542423461762904,0.28655548192673,18.874766712246828,0.01,0.07932907939437092,0.17555679306264935,5.031176332046891,0.01,0.07432694407615835,0.16318459654360884,4.734432857404355,0.01,0.142926253949871,0.4183748344952335,49.92063164093848,0.01,0.14212192661933826,0.3354873655458609,9.698464745997102,0.01,0.08808265136760114,0.14179167926291875,13.52784335295126
6.640000000000001,20.056789010962962,22.309562660492826,-2.2527736495298663,-0.0168547240507529,4.008553180344959,0.05769958954479133,0.23129187317437205,0.23129187317437205,-1.1795495245939491,1.4108413977683212,0.0,0,0.01,0.01,0.14542011780140315,0.28655122107415504,18.872502094828445,0.01,0.07932484385492418,0.17555253221007433,5.033240011538658,0.01,0.07432273349632522,0.16318033569103382,4.73637357380696,0.01,0.1429299498982281,0.4183787636402402,49.928398827334725,0.01,0.14212583269178264,0.3354912946908675,9.698773532735872,0.01,0.08808505378269643,0.14179405756390348,13.525783376907041
6.65,20.0694875,22.300557501857234,-2.231070001857233,-0.014581894249944055,4.104052063239739,0.05768887071864118,0.23675812889880987,0.2367581288988099,-1.1681855212465413,1.4049436501453512,0.0,0,0.01,0.01,0.14541639233200845,0.2865474209585646,18.87235421728921,0.01,0.07932100474337701,0.17554873209448393,5.036605541452629,0.01,0.07431892368115786,0.16317653557544343,4.739540317293557,0.01,0.1429333215639549,0.41838226710306914,49.93278909257281,0.01,0.14212944844443162,0.33549479815369654,9.697270777841034,0.01,0.08808724603004939,0.14179617879940787,13.519717912351364
6.66,20.08389578903704,22.29306993167618,-2.20917414263914,-0.011564939932744461,4.202184862210603,0.057679958002213115,0.24238184636984328,0.2423818463698433,-1.1567208761692753,1.3991027225391186,0.0,0,0.01,0.01,0.14541322764317413,0.2865442612701765,18.874563964488683,0.01,0.07931773588106397,0.1755455724060958,5.041305492129642,0.01,0.07431568795824668,0.16317337588705527,4.743963510985594,0.01,0.14293621970779574,0.41838517954906695,49.9332655277726,0.01,0.14213262070644608,0.33549771059969435,9.693794208282622,0.01,0.08808913085027932,0.14179794262299472,13.50938577513735
6.67,20.100108015851852,22.28751909569673,-2.1874110798448756,-0.007829493845199442,4.299964418975798,0.057673350487958644,0.24799335502134268,0.24799335502134265,-1.1453257631369296,1.3933191181582723,0.0,0,0.01,0.01,0.14541079219002082,0.2865419188754454,18.879310384163634,0.01,0.079315210272295,0.17554323001136468,5.047324841368849,0.01,0.07431319862013078,0.16317103349232417,4.749628936037808,0.01,0.1429384952987352,0.4183873383115411,49.929373833103796,0.01,0.1421351947676871,0.33549986936216847,9.688238597991562,0.01,0.08809061104720037,0.14179925025594,13.494656241132073
6.68,20.118215936,22.28430175245773,-2.1660858164577297,-0.0034278456102518826,4.394567620728395,0.057669520616563566,0.25343260800447887,0.25343260800447887,-1.1341598813381086,1.3875924893425875,0.0,0,0.01,0.01,0.14540924712199624,0.28654056119374777,18.886704769689704,0.01,0.07931359360060238,0.17554187232966706,5.054602134898696,0.01,0.07431162045012145,0.16316967581062652,4.7564788330079715,0.01,0.14294000507657853,0.4183885894242517,49.92075827825347,0.01,0.14213702019496774,0.3355011204748791,9.680558724795961,0.01,0.08809159315081079,0.14180000819405178,13.475532752641683
6.69,20.138308940592594,22.283777777592835,-2.14546883700024,0.0015637775992114336,4.483471121881828,0.05766889688133915,0.2585568337982651,0.2585568337982651,-1.123364856137632,1.381921689935897,-0.0,0,0.01,0.01,0.14540873944677044,0.2865403400826486,18.896819760296633,0.01,0.07931303781325916,0.1755416512185679,5.063040701205177,0.01,0.07431110368661238,0.1631694546995274,4.764440781775312,0.01,0.14294061674604583,0.4183887931703295,49.90717374981761,0.01,0.14213795632711132,0.3355013242209569,9.670770050270347,0.01,0.08809199085474205,0.14180013163254096,13.45215152783493
6.7,20.160474074074074,22.286255792178974,-2.1257817181048995,0.007039894404220001,4.5645869870527624,0.057671846678117145,0.2632481608662356,0.2632481608662356,-1.1130567047889732,1.3763048656552088,-0.0,0,0.01,0.01,0.14540921065251228,0.2865413857756409,18.916146431617374,0.01,0.07931348132643881,0.17554269691156021,5.07732105513199,0.01,0.07431158883808903,0.16317050039251968,4.77842180415631,0.01,0.14294005537109894,0.4183878295782283,49.89378222446833,0.01,0.14213776183876572,0.3355003606288557,9.660496619681265,0.01,0.08809162519234844,0.14179954786220816,13.433570525905044
6.71,20.184796052,22.291977416002986,-2.107181364002986,0.012877374313829655,4.636411654940305,0.057678657521878375,0.2674219999757472,0.2674219999757472,-1.1033175821555168,1.370739582131264,-0.0,0,0.01,0.01,0.14541082673121208,0.28654380023938464,18.942403670496418,0.01,0.07931507082305585,0.17554511137530393,5.096282877755068,0.01,0.07431324809358789,0.16317291485626342,4.796504520175028,0.01,0.14293828545085613,0.4183856044603399,49.87863031614135,0.01,0.14213614823692508,0.3354981355109673,9.652332571762365,0.01,0.08809047347909466,0.14179819998866422,13.416868944661312
6.72,20.211357278814813,22.301113434025627,-2.0897561552108135,0.018951063651242876,4.698065983948478,0.0576895324542271,0.2710292300530961,0.2710292300530961,-1.0941937641673904,1.3652229942204865,-0.0,0,0.01,0.01,0.14541376035592476,0.2865476555575742,18.97205231073737,0.01,0.07931800132664936,0.1755489666934935,5.116837356048775,0.01,0.07431625719742405,0.163176770174453,4.815905729695743,0.01,0.14293531335302553,0.418382050840045,49.85927900776768,0.01,0.14213326170178267,0.3354945818906724,9.643431069643226,0.01,0.08808854004709012,0.14179604784265748,13.39825786538191
6.73,20.24023786562963,22.31376369070004,-2.0735258250704085,0.025138552052477926,4.749300578840821,0.05770458990157686,0.2740564422213312,0.2740564422213312,-1.0856955831783184,1.3597520253996496,-0.0,0,0.01,0.01,0.14541808119350852,0.28655299388708777,19.004113709935773,0.01,0.07932235255881004,0.17555430502300706,5.138027870535719,0.01,0.07432068690468775,0.16318210850396656,4.835840657795559,0.01,0.14293109821943015,0.4183771289580289,49.835768866915245,0.01,0.14212908274023497,0.3354896600086563,9.633523057650292,0.01,0.08808579890306857,0.14179306800890482,13.377959951825904
6.74,20.271515648,22.329959573043777,-2.0584439250437736,0.03132289235126372,4.79047653664519,0.05772386662950532,0.2765248286930815,0.2765248286930815,-1.0777987187906763,1.3543235474837578,-0.0,0,0.01,0.01,0.14542381892702702,0.28655982850564077,19.038012998491222,0.01,0.07932815845480522,0.17556113964156006,5.159333271166108,0.01,0.0743265672044511,0.16318894312251955,4.855858299375116,0.01,0.14292562251810156,0.41837082530395076,49.80823842832205,0.01,0.14212359102362943,0.33548335635457815,9.622701132454921,0.01,0.08808223949269536,0.14178925324142125,13.356259633991904
6.75,20.305266203703702,22.349668107886732,-2.044401904183028,0.037396272124067396,4.822530419265472,0.0577473226329918,0.2784882200287404,0.2784882200287404,-1.0704463338610641,1.3489345538898045,-0.0,0,0.01,0.01,0.1454309743248095,0.28656814553970833,19.073252655806506,0.01,0.07933542171983185,0.17556945667562762,5.180348967728951,0.01,0.07433389848466318,0.16319726015658712,4.875591525926487,0.01,0.1429188916477256,0.4183631510520607,49.77688507866491,0.01,0.14211678839093997,0.3354756821026881,9.611091331731,0.01,0.08807786642346961,0.14178461149498206,13.333444066752591
6.76,20.34156287051852,22.372798404576447,-2.0312355340579273,0.04326426688868795,4.846916769170115,0.05777484883115875,0.2800298836360118,0.2800298836360118,-1.0635524385844874,1.3435823222204992,-0.0,0,0.01,0.01,0.14543952289283485,0.2865779066814492,19.109378130890573,0.01,0.07934411852424882,0.17557921781736854,5.2007364926103605,0.01,0.07434265524894579,0.16320702129832804,4.894728949727291,0.01,0.14291093188557993,0.41835413961221346,49.74195161831586,0.01,0.14210869870329582,0.33546667066284086,9.598822317419216,0.01,0.08807269809573241,0.14177916440091978,13.309789834956863
6.7700000000000005,20.380476764,22.39921041503083,-2.0187336510308307,0.04884961779852716,4.865528522312711,0.057806277529550115,0.2812580920887504,0.2812580920887504,-1.0570064679388262,1.3382645600275767,-0.0,0,0.01,0.01,0.14544941821765864,0.2865890528830147,19.14598783773738,0.01,0.07935420216002172,0.175590364018934,5.220222606800247,0.01,0.07435278956541616,0.16321816749989349,4.913019012337938,0.01,0.1429017875056694,0.41834384329945906,49.7037111134199,0.01,0.14209936511729193,0.33545637435008646,9.586017285279077,0.01,0.08806676477889352,0.14177294519476544,13.285550308514244
6.78,20.42207679525926,22.42872562651885,-2.0066488312595894,0.054095194735158794,4.880599018570019,0.0578413951874531,0.28230065658460424,0.28230065658460424,-1.0506788711032784,1.3329795276878826,-0.0,0,0.01,0.01,0.14546059599673133,0.2866015088662489,19.182747253965573,0.01,0.07936560723373326,0.1756028200021682,5.238604882127269,0.01,0.07436423522944109,0.1632306234831277,4.930276182071541,0.01,0.142891517186292,0.41833232926151953,49.66245073441429,0.01,0.14208884646307504,0.33544486031214693,9.57278795396297,0.01,0.08806010621698206,0.141765996187509,13.26094429753389
6.79,20.466429688740742,22.461139175340932,-1.994709486600189,0.05896599772776667,4.894590524350395,0.05787995687581956,0.2832986884741959,0.2832986884741959,-1.0444274448581703,1.3277261333323662,-0.0,0,0.01,0.01,0.14547297873193174,0.286615188232124,19.21940054504766,0.01,0.07937825451184183,0.1756164993680433,5.255755593635131,0.01,0.07437691260174482,0.1632443028490028,4.946384685905455,0.01,0.1428801898726219,0.418319674851802,49.618455338733206,0.01,0.14207721301388312,0.3354322059024294,9.559229311394098,0.01,0.08805276887889045,0.1417583659023529,13.236146549005795
6.8,20.5136,22.49623280786526,-1.982632807865257,0.06345011997451795,4.910074754627089,0.0579217017380032,0.28439988544880945,0.28439988544880945,-1.0381041106592659,1.3225039961080753,-0.0,0,0.01,0.01,0.14548648087828076,0.2866299989281806,19.25577864466159,0.01,0.07939205623238461,0.1756313100640999,5.271622624686703,0.01,0.074390733903218,0.1632591135450594,4.961299300424008,0.01,0.1428678802852882,0.4183059626599095,49.57199151278232,0.01,0.14206454185216447,0.3354184937105369,9.545415205461234,0.01,0.0880448029852635,0.14175010601333077,13.211280442768839
6.8100000000000005,20.563650133481485,22.533788086094862,-1.970137952613377,0.06755864541487451,4.9296111186607705,0.057966368731395136,0.2857516558066755,0.2857516558066755,-1.0315618197481036,1.317313475554779,-0.0,0,0.01,0.01,0.1455010142010366,0.2866458488198196,19.291803649579197,0.01,0.07940692163233332,0.17564715995573887,5.286227421581946,0.01,0.07440560871145124,0.16327496343669837,4.975043384909219,0.01,0.14285466427938387,0.41829127542462297,49.52329276520956,0.01,0.14205091204480363,0.33540380647525037,9.531394938204583,0.01,0.08803625945187195,0.1417412682288776,13.186413141271085
6.82,20.616640360296298,22.57359923304641,-1.9569588727501106,0.07132450100597028,4.955628371957326,0.05801371192697035,0.2874943967878534,0.2874943967878534,-1.0246612696681852,1.3121556664560385,-0.0,0,0.01,0.01,0.14551649308874523,0.28666265111039574,19.327489559499778,0.01,0.07942276243012956,0.17566396224631503,5.29966027447202,0.01,0.07442144940035168,0.16329176572727452,4.987704431644448,0.01,0.14284061426274128,0.41827569105770657,49.47254652096309,0.01,0.14203639984529437,0.33538822210833397,9.517190995296739,0.01,0.08802718689054888,0.14173190126357577,13.161553353676442
6.83,20.672628836,22.615485038084902,-1.942856202084902,0.07480033027218182,4.990315056800023,0.0580635146748197,0.28975523153248184,0.28975523153248184,-1.0172771285752158,1.3070323601076976,-0.0,0,0.01,0.01,0.14553283957891985,0.2866803293654529,19.362939439858383,0.01,0.07943949801288533,0.17568164050137222,5.312073224184579,0.01,0.0744381762750603,0.16330944398233171,4.999427404029955,0.01,0.1428257948778069,0.418259278000461,49.41988349372026,0.01,0.14202107413723725,0.3353718090510883,9.50279800259371,0.01,0.0880176288037204,0.1417220480350822,13.136651777396352
6.84,20.73167161837037,22.659299293151133,-1.92762767478076,0.07805549878672707,5.035523577838809,0.05811560200574385,0.29264248414021954,0.29264248414021954,-1.0093034903246019,1.3019459744648214,-0.0,0,0.01,0.01,0.1455499878730884,0.2866988219177723,19.39833912637926,0.01,0.07945706009951857,0.1757001330536916,5.323670884388621,0.01,0.07445572217598999,0.16332793653465108,5.0104061219474945,0.01,0.1428102591379661,0.4182420911185938,49.365369912248546,0.01,0.14200499232075464,0.3353546221692212,9.488182954451956,0.01,0.0880076210974813,0.14171174321087912,13.111604175142226
6.8500000000000005,20.793822685185187,22.704939305596596,-1.91111662041141,0.08117238180766854,5.092692018726205,0.058169850729422594,0.29624113454022516,0.29624113454022516,-1.0006583224729733,1.2968994570131984,-0.0,0,0.01,0.01,0.14556788814724086,0.28671808546138033,19.43394765588799,0.01,0.07947539668199606,0.1757193965972996,5.334699472239898,0.01,0.07447403635636271,0.1633472000782591,5.020872961651173,0.01,0.14279404518699823,0.41822416831500964,49.30900294578636,0.01,0.1419881968215456,0.33533669936563704,9.473286705112262,0.01,0.08799719002154065,0.14170101121152998,13.086256936887645
6.86,20.859133952,22.752352128871117,-1.8932181768711152,0.08424211707779695,5.162786899164604,0.05822619680454291,0.3006094460506741,0.3006094460506741,-0.9912867193501596,1.2918961654008336,-0.0,0,0.01,0.01,0.14558650950057941,0.28673809768291797,19.470084708053008,0.01,0.07949447508495319,0.17573940881883726,5.345434372719621,0.01,0.07449308747546969,0.16336721229979675,5.03108717326278,0.01,0.1427771738202384,0.4182055280054871,49.25070952047858,0.01,0.14197071237209888,0.33531805905611445,9.458026657036337,0.01,0.08798635062292327,0.14168986475432782,13.060414865671016
6.87,20.927655289925926,22.801538264130315,-1.873882974204387,0.08736002979392009,5.246269043123692,0.058284639690171856,0.30577690089616705,0.30577690089616705,-0.9811628309079157,1.2869397318040827,-0.0,0,0.01,0.01,0.14560584192809012,0.2867588588259305,19.507115476185003,0.01,0.07951428402738005,0.17576016996184976,5.356166623733697,0.01,0.0745128655932061,0.16338797344280925,5.041322182535701,0.01,0.14275964686929285,0.4181861675604336,49.19034855113137,0.01,0.14195254417731915,0.335298698611061,9.442300521537467,0.01,0.08797510577506544,0.14167830399468792,13.033850820374576
6.88,20.999434543407407,22.85255270844863,-1.853118165041225,0.09062095038704454,5.3430836262286885,0.05834524353402824,0.31174351539499157,0.31174351539499157,-0.9702904022545517,1.2820339176495432,-0.0,0,0.01,0.01,0.14562589724885366,0.2867803921353764,19.545433540775274,0.01,0.07953483461688073,0.17578170327129575,5.367188793165522,0.01,0.07453338309832243,0.16340950675225524,5.051852326821086,0.01,0.1427414465105521,0.4181660627690835,49.12771644012271,0.01,0.14193367703426674,0.3352785938197109,9.425990971476649,0.01,0.08796344581609546,0.14166631629365606,13.006316754667063
6.890000000000001,21.074517548000003,22.905503352518362,-1.8309858045183607,0.09411464808200345,5.452674343017803,0.058408135204774836,0.3184805402545906,0.3184805402545906,-0.9587019253836798,1.2771824656382704,-0.0,0,0.01,0.01,0.1456467089701481,0.2868027431833441,19.58544247837996,0.01,0.07955616025531106,0.17580405431926338,5.378780810761374,0.01,0.07455467455132771,0.16343185780022287,5.062939563730077,0.01,0.14272253551343486,0.41814516833313886,49.062555529596416,0.01,0.1419140754300262,0.33525769938376626,9.408970957628792,0.01,0.08795134880100972,0.14165387660993015,12.977555615949802
6.9,21.152948148148152,22.960546855929245,-1.8075987077810927,0.09792159400898548,5.574020532557371,0.058473499324295894,0.32593248584410484,0.32593248584410484,-0.9464564701672473,1.2723889560113522,-0.0,0,0.01,0.01,0.14566833111526684,0.2868259781298305,19.62753707682188,0.01,0.07957831548252513,0.1758272892657498,5.391196398000422,0.01,0.07457679547115052,0.1634550927467093,5.074820766402797,0.01,0.14270285839963467,0.4181234193476737,48.994565045510406,0.01,0.14189368459531504,0.33523595039830106,9.391109423671677,0.01,0.08793878134357976,0.14164094848534942,12.947313519355145
6.91,21.234768214962966,23.017882244902218,-1.7831140299392496,0.10210924749334455,5.705695071720185,0.05854157059456633,0.3340203508321764,0.3340203508321764,-0.9336363228283395,1.267656673660516,-0.0,0,0.01,0.01,0.14569083608865105,0.28685018102175297,19.672085120625873,0.01,0.07960137383078288,0.1758514921576723,5.404650786746506,0.01,0.07459982014068288,0.16347929563863178,5.087696261587892,0.01,0.14268234344206923,0.418100733680882,48.92341395242815,0.01,0.14187243244680153,0.33521326473150936,9.372277133414192,0.01,0.08792569999659634,0.14162748556539523,12.915351595235958
6.92,21.320017663999998,23.077742579787245,-1.757724915787246,0.10672902938092885,5.845939933772673,0.05861262383522695,0.34264587830154924,0.34264587830154924,-0.9203426137448251,1.2629884920463743,-0.0,0,0.01,0.01,0.14571431169364185,0.2868754502766257,19.719410735920867,0.01,0.07962542480449593,0.175876761412545,5.419310413903964,0.01,0.07462383854850387,0.16350456489350448,5.101720258587861,0.01,0.1426609053940142,0.4180770151234484,48.84875505409274,0.01,0.14185023231059238,0.33518954617407576,9.35235231980038,0.01,0.08791205309480561,0.14161343357221928,12.881456926538172
6.93,21.408734473037033,23.140385122770972,-1.7316506497339403,0.1118141088355928,5.9927555550681975,0.05868696224652835,0.35169661901296034,0.35169661901296034,-0.9066901599646898,1.2583867789776502,-0.0,0,0.01,0.01,0.145738857454298,0.28690189453245457,19.769780227420657,0.01,0.07965057013695076,0.17590320566837386,5.435285211337212,0.01,0.07464895262084696,0.16353100914933336,5.11699374708751,0.01,0.14263844880700163,0.41805215714506505,48.77023963141983,0.01,0.14182698628503307,0.33516468819569245,9.331225879319957,0.01,0.0878977829647802,0.14159873262824438,12.845452046934161
6.94,21.500954699851857,23.20608049638665,-1.7051257965347941,0.11737808740585509,6.143999586900867,0.0587649044835393,0.36105154887113433,0.36105154887113433,-0.8928017793066922,1.2538533281778266,-0.0,0,0.01,0.01,0.14576458042188206,0.28692962807081973,19.82339119811936,0.01,0.07967691950609043,0.17593093920673905,5.4526239743756975,0.01,0.07467527192781682,0.16355874268769854,5.133560307598645,0.01,0.14261487177197107,0.4180260470714042,48.68753190677972,0.01,0.1418025890744673,0.3351385781220316,9.308805866305208,0.01,0.08788282839090107,0.14158331981430355,12.807202556041247
6.95,21.596712500000002,23.275101358353382,-1.6783888583533784,0.12341461895728272,6.297490256631954,0.05884677116877929,0.37058696806963776,0.37058696806963776,-0.8788023512116555,1.2493893192812933,-0.0,0,0.01,0.01,0.14579159066760897,0.28695876603489756,19.880365524147944,0.01,0.07970458591409851,0.17596007717081685,5.471313096005261,0.01,0.07470290906970635,0.16358788065177635,5.151405088619846,0.01,0.1425900699028044,0.4179985704805297,48.600322659556696,0.01,0.14177693210798623,0.3351111015311571,9.285021086465244,0.01,0.08786712721720968,0.14156713183814015,12.766622519504615
6.96,21.696040144592594,23.34771112729646,-1.651670982703864,0.1298979589424507,6.451109435823006,0.05893287148084949,0.38018240329025266,0.38018240329025266,-0.8648129042349822,1.244995307525235,-0.0,0,0.01,0.01,0.14581999667512735,0.28698941966802427,19.940746484723192,0.01,0.0797336809492742,0.17599073080394356,5.49127871612568,0.01,0.07473197496193067,0.16361853428490306,5.170456978396544,0.01,0.14256394037510972,0.41796961561346196,48.50834138673475,0.01,0.14174990774894955,0.3350821466640893,9.259823643793197,0.01,0.08785061896140244,0.14155010768705745,12.723677450022832
6.97,21.798968038074072,23.424153277759363,-1.625185239685291,0.13678439381200902,6.602900616327664,0.05902349043702065,0.3897262413844136,0.3897262413844136,-0.8509450016196463,1.2406712430040598,-0.0,0,0.01,0.01,0.14584990084834873,0.28702169179164616,20.004500050880168,0.01,0.07976431015260978,0.17602300292756545,5.512392083758019,0.01,0.07476257423978369,0.16365080640852495,5.190593763436634,0.01,0.1425363858357349,0.41793907759895754,48.41136649664236,0.01,0.1417214134020836,0.3350516086495849,9.23319035492806,0.01,0.08783324731963327,0.14153219114241306,12.67838479966644
6.98,21.905524736000004,23.50464168359995,-1.599116947599945,0.14401446311339122,6.75115732020834,0.059118877440383015,0.39912084219414146,0.39912084219414146,-0.8372956758018202,1.2364165179959616,-0.0,0,0.01,0.01,0.145881395342416,0.28705567272496474,20.07152005117503,0.01,0.07979656870501683,0.17605698386088403,5.534477696055816,0.01,0.07479480099653596,0.16368478734184352,5.211649850006378,0.01,0.14250731800931488,0.41790686230659946,48.30923313564029,0.01,0.14169135533467034,0.33501939335722686,9.205123005378036,0.01,0.08781496244872414,0.14151333304306413,12.630812025106536
6.99,22.015736962814817,23.589352429325423,-1.5736154665106072,0.1515158544103974,6.894497997541957,0.05921923659054165,0.4082869080894528,0.4082869080894528,-0.8239431315274998,1.2322300396169525,-0.0,0,0.01,0.01,0.14591455840806483,0.2870914368235282,20.141636690225774,0.01,0.0798305376342614,0.17609274795944752,5.557323591050565,0.01,0.07482873505046655,0.163720551440407,5.233425955884051,0.01,0.14247666084616142,0.4178728896637682,48.201838368802825,0.01,0.14165965204575812,0.3349854207143955,9.175647478722698,0.01,0.08779572292525717,0.14149349319908658,12.58107240626013
7.0,22.12962962962963,23.678417432786024,-1.548787803156393,0.15920682549608853,7.0319241698060795,0.05932471916524561,0.4171669265650485,0.4171669265650485,-0.8109433973942665,1.228110323959315,-0.0,0,0.01,0.01,0.14594945141314355,0.28712903978195464,20.214627720881186,0.01,0.07986628071395437,0.1761303509178739,5.580693052576689,0.01,0.07486443890901157,0.1637581543988334,5.255700076230607,0.01,0.1424443530797548,0.4178370962995332,48.0891435594716,0.01,0.14162623704122676,0.33494962735016054,9.144811839716773,0.01,0.08777549729805856,0.14147264187527378,12.529318899162314
7.01,22.247225852,23.771920133920514,-1.5246942819205114,0.166999989914213,7.1628594197590605,0.05943541857357249,0.42572754779703637,0.42572754779703637,-0.7983280591753072,1.2240556069723436,-0.0,0,0.01,0.01,0.1459861166709272,0.2871685168085844,20.290231474966987,0.01,0.0799038421916936,0.1761698279445037,5.60433694570927,0.01,0.07490195556270239,0.1637976314254632,5.278238997162042,0.01,0.1424103500906466,0.4177994374105093,47.97117391433921,0.01,0.14159106090155496,0.3349119684611367,9.112683493479157,0.01,0.08775426517085849,0.1414507607851002,12.475736381245545
7.0200000000000005,22.368546967703708,23.869893407086956,-1.5013464393832479,0.17480629066277578,7.287167769614748,0.05955136796438478,0.433960809266533,0.433960809266533,-0.7861031574099342,1.2200639666764672,-0.0,0,0.01,0.01,0.1460245761648494,0.2872098817388955,20.368160940437257,0.01,0.0799432454415842,0.1762111928748148,5.628005935949929,0.01,0.07494130719989722,0.16383899635577429,5.300809668969056,0.01,0.1423746250054011,0.41775988777882395,47.84801527615593,0.01,0.14155409256187682,0.3348724188294513,9.079345574901202,0.01,0.0877320177744437,0.14142784355903282,12.42053270120009
7.03,22.49361255451852,23.97231975307204,-1.4787071985535196,0.18253898302081675,7.40515098187929,0.05967254055180142,0.44188417225840404,0.44188417225840404,-0.7742492786310134,1.2161334508894175,-0.0,0,0.01,0.01,0.146064831215496,0.28725312711171247,20.448118121364526,0.01,0.07998449259025746,0.17625443824763176,5.65146194094128,0.01,0.07498249488780637,0.16388224172859125,5.323189843330658,0.01,0.1423371689929951,0.41771844190922147,47.719808353519284,0.01,0.1415153197590105,0.3348309729598488,9.04489274531238,0.01,0.08770875801138193,0.1414038956752501,12.363928975495405
7.04,22.622440448,24.079133725206344,-1.4566932772063426,0.19011745049213385,7.517525313663583,0.059798852597367606,0.4495393881287483,0.4495393881287483,-0.7627228163675143,1.2122622044962625,-0.0,0,0.01,0.01,0.14610686309044413,0.2872982251893073,20.52980801230136,0.01,0.08002756511779165,0.17629953632522657,5.674488297990668,0.01,0.07502549921847747,0.16392733980618607,5.345177504920865,0.01,0.1422979907556482,0.4176751132897419,47.58674067469771,0.01,0.14147474863628587,0.33478764434036923,9.00942658822663,0.01,0.08768449998038193,0.14137893386501535,12.306149583287656
7.05,22.75504675925926,24.190226446025854,-1.4351796867665985,0.19747068760679298,7.625379208283409,0.059930168871268424,0.4569902636598838,0.4569902636598838,-0.751458326754541,1.2084485904144249,-0.0,0,0.01,0.01,0.14615063451309926,0.2873451298610679,20.612951636968624,0.01,0.08007242538822819,0.1763464409969872,5.696898280592306,0.01,0.07507028187271196,0.16397424447794667,5.366598765885656,0.01,0.14225711524521417,0.4176299328171822,47.449036638527375,0.01,0.14143240253294723,0.3347424638678096,8.973050803754788,0.01,0.08765926801057425,0.14135298502817387,12.247412302188586
7.0600000000000005,22.891445892740748,24.305451980334603,-1.414006087593855,0.2045402994077699,7.730114272970773,0.06006631030688831,0.46431944262796876,0.46431944262796876,-0.7403718561526834,1.2046912987806522,-0.0,0,0.01,0.01,0.14619609198524264,0.28739377933207416,20.697297722941812,0.01,0.08011901902107403,0.17639509046799345,5.7185417415309905,0.01,0.07511678801258255,0.16402289394895295,5.387314022939385,0.01,0.14221458166890563,0.4175829464635248,47.30694610900432,0.01,0.14138832001944887,0.33469547751415213,8.935866402816805,0.01,0.08763309525751896,0.14132608471559882,12.187919003423508
7.07,23.031650564000003,24.42463525082957,-1.3929846868295672,0.21128288941657034,7.833372629031898,0.06020706346852725,0.47162436304874766,0.47162436304874766,-0.7293650764511411,1.2009894394998888,-0.0,0,0.01,0.01,0.14624316880146523,0.2874440994641515,20.782632693224834,0.01,0.08016727797732605,0.1764454106000708,5.739309783969895,0.01,0.07516494937623726,0.1640732140810303,5.407222288381983,0.01,0.14217044087815106,0.41753421229154003,47.16073205896321,0.01,0.1413425522719135,0.3346467433421674,8.897967098582958,0.01,0.08760602193171155,0.1412982752540606,12.127847288463402
7.08,23.175671817481486,24.547581116834564,-1.3719092993530797,0.21767173509389293,7.936954298283397,0.06035219137497633,0.47901258474444053,0.47901258474444053,-0.7183300293731926,1.197342614117633,-0.0,0,0.01,0.01,0.14629178860359848,0.28749600760912797,20.868788744793427,0.01,0.08021712420274166,0.17649731874504723,5.7591374575021,0.01,0.07521468791853803,0.16412512222600673,5.426263691703139,0.01,0.14212475226069426,0.4174837969556553,47.01065780981467,0.01,0.14129515990721853,0.33459632800628264,8.859435083439736,0.01,0.08757809324598856,0.14126960360416388,12.067343401663466
7.09,23.323519044296294,24.674084187921476,-1.3505651436251824,0.22369768144298416,8.042728683161878,0.06050144516519771,0.48659670840288116,0.4865967084028811,-0.7071542555678861,1.1937509639707673,-0.0,0,0.01,0.01,0.14634186930086324,0.2875494167532883,20.955649851360906,0.01,0.08026847364844984,0.17655072788920764,5.778004542854732,0.01,0.07526591981890449,0.16417853137016714,5.444420207724889,0.01,0.14207758027758036,0.41743177184676317,46.85697443607152,0.01,0.14124620942348093,0.3345443028973905,8.820337365563702,0.01,0.087549357179894,0.14124011905307596,12.00651669782878
7.1000000000000005,23.475200000000008,24.80393891448978,-1.3287389144897739,0.2293692183376513,8.152544393264256,0.060654576059079576,0.49448912397626954,0.49448912397626954,-0.6957260687166583,1.1902151926929279,-0.0,0,0.01,0.01,0.1463933271675378,0.28760423977935146,21.043155577983576,0.01,0.08032124047524467,0.17660555091527078,5.795934531251557,0.01,0.07531855966423258,0.16423335439623027,5.461714704920612,0.01,0.14202899080242615,0.4173782090558129,46.69990890268818,0.01,0.14119576940808062,0.33449074010644025,8.780722819205197,0.01,0.08751986216624799,0.14120987085023376,11.945435878926887
7.11,23.630720822370378,24.936949488232646,-1.3062286658622682,0.23471174402472095,8.268141664002238,0.060811347057771616,0.5027968322524614,0.5027968322524614,-0.683939730096883,1.1867365623493444,-0.0,0,0.01,0.01,0.14644608092490893,0.2876603936483421,21.13130263589698,0.01,0.08037534124330538,0.1766617047842614,5.8129919303513224,0.01,0.07537252461025044,0.1642895082652209,5.478208431144259,0.01,0.1419790474294966,0.41732317733982616,46.53965347787779,0.01,0.1411439066858826,0.3344357083904535,8.74062007690638,0.01,0.08748965480755123,0.14117890589578255,11.884127143071705
7.12,23.790086049185188,25.072939097499138,-1.282853048313951,0.23976605445615012,8.391071409139276,0.060971543845032034,0.5116165783291301,0.5116165783291301,-0.6717002853697301,1.1833168636988602,-0.0,0,0.01,0.01,0.14650005561812676,0.2877178033087851,21.220144147123197,0.01,0.08043069889353893,0.17671911444470442,5.829278047185893,0.01,0.07542773832911145,0.16434691792566392,5.493997071766904,0.01,0.1419278079189533,0.4172667382746926,46.37635691308921,0.01,0.14109068258331653,0.3343792693253199,8.700036359813202,0.01,0.08745877772734065,0.1411472665880461,11.822574311299325
7.13,23.953298635999996,25.211758115562553,-1.2584594795625548,0.24458613389806438,8.522624562816727,0.061134984392740274,0.5210305196329855,0.5210305196329855,-0.658927842639026,1.1799583622720116,-0.0,0,0.01,0.01,0.1465551861109728,0.28777640515458414,21.30978663782495,0.01,0.080487246339782,0.17677771629050346,5.844925417528202,0.01,0.07548413456399888,0.16440551977146295,5.509205534367994,0.01,0.14187532094187133,0.4172089427713672,46.21011780565366,0.01,0.14103614947905543,0.3343214738219946,8.658957304456917,0.01,0.08742726765429454,0.14111498892798416,11.760720914813957
7.140000000000001,24.120359973925936,25.353290852404957,-1.2329308784790196,0.2492363548405228,8.663774820640025,0.06130152683846326,0.5311026246898667,0.5311026246898667,-0.6455610983689497,1.1766637230588164,-0.0,0,0.01,0.01,0.1466114200417634,0.2878361498752133,21.400384843046908,0.01,0.08054492951193881,0.1768374610111326,5.8600910768127505,0.01,0.07554166013228367,0.1644652644920921,5.523981640058239,0.01,0.14182162327425274,0.41714982811595847,46.040980460319666,0.01,0.14098034779920748,0.33426235916658587,8.617347801509968,0.01,0.08739515382509215,0.14108210096573484,11.698474141231364
7.15,24.291269907407415,25.497460570487956,-1.2061906630805415,0.2537882228599747,8.815137212151487,0.061471075287737445,0.5418759632399001,0.5418759632399001,-0.6315599543270717,1.1734359175669717,-0.0,0,0.01,0.01,0.14666872011060564,0.28789700457144074,21.49213448517757,0.01,0.08060370971769358,0.17689831570736,5.874948902404796,0.01,0.07560027724628848,0.1645261191883195,5.538488936122286,0.01,0.14176673756873767,0.41708941567020325,45.86893344729277,0.01,0.14092330359459437,0.3342019467208306,8.575153815800464,0.01,0.08736245677631495,0.141048621657536,11.635710453745128
7.16,24.466026752,25.64423254882461,-1.1782057968246074,0.25831682323249455,8.976944161914282,0.06164358329451283,0.5533710051751538,0.5533710051751538,-0.6169071126201825,1.1702781177953363,-0.0,0,0.01,0.01,0.14672706560070312,0.2879589540453384,21.58526328190199,0.01,0.08066356522339861,0.17696026518125768,5.889681300298979,0.01,0.07565996505365942,0.16458806866221715,5.552898887267198,0.01,0.14171067080587396,0.41702770933799405,45.693910922921454,0.01,0.14086502681067412,0.33414024038862145,8.53230510942761,0.01,0.08732918757677552,0.1410145601813897,11.572282618016516
7.17,24.64462731214815,25.793615073430278,-1.1489877612821275,0.26289713954832294,9.14903985993946,0.061819054885091027,0.565584997247483,0.565584997247483,-0.6016085849847524,1.1671935822322355,-0.0,0,0.01,0.01,0.14678645307285543,0.28802200121306615,21.68002053955357,0.01,0.08072449199159504,0.1770233123489854,5.904470556507145,0.01,0.07572072033622049,0.1646511158299449,5.567382748650275,0.01,0.14165341349490393,0.4169646948674143,45.51579664116311,0.01,0.14080551032822014,0.3340772259180417,8.48871874384408,0.01,0.0872953475304845,0.14097991573773652,11.508027801529872
7.18,24.827066898962958,25.945658331271424,-1.118591432308468,0.26760041955040786,9.330892902397384,0.06199754310835765,0.5784924349558502,0.5784924349558502,-0.5856931043514613,1.1641855393073115,-0.0,0,0.01,0.01,0.14684689621104968,0.2880861666308912,21.7766657846405,0.01,0.08078650355174793,0.1770874777668105,5.919490217810995,0.01,0.07578255734534052,0.16471528124777,5.5821034664359335,0.01,0.14159493965863149,0.41690034001799614,45.334430448231146,0.01,0.14074472981656364,0.33401287106862354,8.444303195488017,0.01,0.08726092835803809,0.14094467783822798,11.442776354054825
7.19,25.013339348000006,26.100451284200027,-1.0871119362000208,0.27249075962338043,9.521626318753755,0.06217914621232667,0.5920465950529274,0.5920465950529274,-0.5692104787326269,1.1612570737855543,-0.0,0,0.01,0.01,0.1469084248363789,0.2881514871670025,21.8754569674588,0.01,0.08084963002049046,0.1771527983029218,5.934896898902638,0.01,0.07584550679156522,0.1647806017838813,5.597207982276333,0.01,0.1415352075998515,0.4168345955817182,45.14961692772778,0.01,0.14068264440288175,0.3339471266323456,8.398962885805856,0.01,0.08722591284162282,0.14090882706258123,11.37636084081583
7.2,25.20343703703704,26.25811669409401,-1.0546796570569699,0.2776220670359537,9.720063308813002,0.062364001658179936,0.606182044308428,0.606182044308428,-0.5522289770834632,1.1584110213918912,-0.0,0,0.01,0.01,0.14697108314470397,0.28821801389180474,21.976638824784697,0.01,0.08091391632629763,0.177219325027724,5.950822924648283,0.01,0.0759096140448479,0.1648471285086835,5.61282032836771,0.01,0.14147416140996466,0.4167673972057796,44.961135756328424,0.01,0.14061919812261378,0.333879928256407,8.352602903226026,0.01,0.08719027589718245,0.14087233624160522,11.308624885025628
7.21,25.39735090385185,26.41880455584583,-1.0214536519939788,0.28303553894520034,9.924786307327581,0.06255227828267282,0.6208179949920156,0.6208179949920156,-0.5348318815144582,1.1556498765064738,-0.0,0,0.01,0.01,0.1470349272588428,0.2882858092955445,22.080432003153067,0.01,0.08097941972943667,0.17728712043146377,5.967370199261312,0.01,0.07597493663749914,0.16491492391242327,5.62903588258762,0.01,0.1414117331456591,0.41669866792755017,44.76875324811015,0.01,0.1405543220795714,0.33381119897817757,8.305133683717125,0.01,0.08715398601762323,0.14083517200486675,11.239431385495305
7.22,25.595070463999996,26.58268426683912,-0.9876138028391246,0.28875777051545926,10.13420640576284,0.06274416700322696,0.6358623391683561,0.6358623391683561,-0.5171133779305453,1.1529757170989015,-0.0,0,0.01,0.01,0.1471000222170697,0.28835494397259404,22.18702351408214,0.01,0.08104620675974744,0.1773562551085133,5.984605644584162,0.01,0.07604154119342679,0.1649840585894728,5.645917104853033,0.01,0.14134784556865734,0.4166283212991976,44.572234512768695,0.01,0.14048793721149483,0.333740852349825,8.256475419068686,0.01,0.08711700701417023,0.1407972966150614,11.168669709385895
7.23,25.796583828592603,26.74993591681823,-0.9533520882256276,0.29479957285029335,10.346639716356748,0.06293987052344514,0.6512161641002289,0.6512161641002289,-0.49917398610902,1.1503901502092488,-0.0,0,0.01,0.01,0.14716643854497466,0.2884254929350911,22.296559016589853,0.01,0.0811143497209234,0.1774268040710104,6.0025584672625,0.01,0.07610949993296909,0.1650546075519699,5.6634909966983455,0.01,0.1412824153179828,0.4165562649529132,44.37135563198398,0.01,0.14041995752927042,0.3336687960035406,8.206561977918907,0.01,0.08707929996990857,0.14075866999870743,11.096261516920618
7.24,26.001877722074077,26.92074111823477,-0.9188633961606915,0.3011555465680895,10.560386982402619,0.06313959253746691,0.6667785311068711,0.6667785311068711,-0.48111574917183264,1.1478942802787038,-0.0,0,0.01,0.01,0.14723424857611675,0.28849753173392106,22.40913730657008,0.01,0.08118392292929999,0.17749884286984036,6.021219404704206,0.01,0.07617888692146135,0.16512664635079985,5.681748421436188,0.01,0.14121535636514349,0.41648240443855006,44.16591526907417,0.01,0.1403502936770111,0.3335949354891774,8.155344152557646,0.01,0.08704082531071297,0.14071925187481876,11.022164950716393
7.25,26.2109375,27.0952738129531,-0.884336312953099,0.30780442063878066,10.773812633022343,0.06334352694808672,0.6824512908534879,0.6824512908534879,-0.46303741067935666,1.1454887015328445,-0.0,0,0.01,0.01,0.14730352269755304,0.28857113257167194,22.524807247333317,0.01,0.08125499886675908,0.17757244370759123,6.0405419722634255,0.01,0.07624977424070441,0.16520024718855075,5.70064530185144,0.01,0.14114658359081056,0.4164066471545381,43.955745167024915,0.01,0.14027885664657003,0.33351917820516547,8.102792082468875,0.01,0.0870015448945368,0.14067900388002738,10.94637701241431
7.26,26.42374716681481,27.27369148636912,-0.8499443195543102,0.31471013035735224,10.985419554851466,0.06355184760565308,0.6981437094340817,0.6981437094340817,-0.44502980504536604,1.1431735144794477,-0.0,0,0.01,0.01,0.1473743256986902,0.28864636059009485,22.643567216671958,0.01,0.08132764443058141,0.17764767172601412,6.060445601948524,0.01,0.07632222826513066,0.1652754752069736,5.72010558842959,0.01,0.1410760163173427,0.41632890619040397,43.74071905597028,0.01,0.14020556147425847,0.33344143724103137,8.048896750529176,0.01,0.08696142402050804,0.14063789159024437,10.868934046371963
7.2700000000000005,26.64028939362964,27.456127195302134,-0.8158378016724953,0.32182357471573747,11.19391610279107,0.06376469904341367,0.7137766914116946,0.7137766914116946,-0.4271716740425263,1.140948365454221,-0.0,0,0.01,0.01,0.1474467133958447,0.2887232705040789,22.765366989402988,0.01,0.08140191745763589,0.17772458163999824,6.0808204409041595,0.01,0.07639630621847679,0.16535238512095773,5.740025777592279,0.01,0.14100358163484739,0.4162491039048992,43.52075957689095,0.01,0.1401303307496338,0.3333616349555266,7.9936704964704495,0.01,0.08692043326434921,0.14059588634519518,10.789910348602712
7.28,26.860545536000004,27.642682773090804,-0.7821372370907987,0.32908496336847265,11.398272284591352,0.06398218863215865,0.7292864073934299,0.7292864073934299,-0.4095260996905786,1.1388125070840085,-0.0,0,0.01,0.01,0.14752072969065252,0.2888019037358852,22.890111836055826,0.01,0.08147786368633637,0.17780321487180448,6.101533478455348,0.01,0.07647205317238695,0.16543101835276397,5.760280667589945,0.01,0.14092921736901454,0.4161671750771251,43.29584292911782,0.01,0.14005309777591374,0.3332797061277525,7.93714654148278,0.01,0.08687855005597162,0.14055296679262713,10.709415011973197
7.29,27.084495651703705,27.833423516532495,-0.748927864828788,0.33642663801689554,11.597762608807079,0.06420438050562449,0.7446271635497539,0.7446271635497539,-0.3921377130358017,1.1367648765855556,-0.0,0,0.01,0.01,0.14759640419871267,0.28888228617838246,23.017668509890065,0.01,0.08155551429792209,0.17788359731430176,6.122435603503939,0.01,0.076549499626238,0.16551140079526125,5.780729978811443,0.01,0.14085287455606701,0.4160830694883173,43.066001058761884,0.01,0.1399738092382626,0.3331956005389447,7.879377564718579,0.01,0.08683575992817671,0.14050912008310523,10.627587201467676
7.3,27.312118518518513,28.028374587592957,-0.716256069074442,0.34377623323163736,11.791993754804615,0.06443129152172257,0.7597733872381481,0.759773387238148,-0.3750308007822284,1.1348041880203765,-0.0,0,0.01,0.01,0.14767375055664325,0.2889644266855369,23.14787272247463,0.01,0.08163488414988741,0.17796573782145622,6.143369163745305,0.01,0.07662865977869114,0.16559354130241571,5.801225438489968,0.01,0.14077451931298432,0.415996753818126,42.831321318637606,0.01,0.13989242725903586,0.33310928486875335,7.820433414822895,0.01,0.08679205738156948,0.1404643426633671,10.544590121313341
7.3100000000000005,27.54339165200001,28.227519281546066,-0.6841276295460561,0.35106002810566944,11.980915973506898,0.06466288942734466,0.7747206448331839,0.7747206448331839,-0.3582083891832816,1.1329290340164655,-0.0,0,0.01,0.01,0.1477527654824789,0.28904831635384626,23.280537672621804,0.01,0.08171597078025304,0.17804962748976555,6.164175603686745,0.01,0.07670953056748027,0.16567743097072504,5.8216179362218385,0.01,0.14069413401864728,0.4159082127701505,42.5919436430557,0.01,0.13980893074702652,0.33302074382077784,7.760398075798702,0.01,0.08674744632926099,0.14041864063540002,10.460603987830218
7.32,27.77829132325927,28.43079922602582,-0.652507902766551,0.35820633305923444,12.164817920913563,0.06489909329070169,0.7894856531137692,0.7894856531137692,-0.34165233895677993,1.131137992070549,-0.0,0,0.01,0.01,0.14783342862771515,0.28913392862134457,23.415463190988632,0.01,0.08179875422360361,0.1781352397572639,6.184702794211109,0.01,0.07679209151649162,0.16576304323822338,5.841764390778814,0.01,0.1406117177525737,0.41581744937591447,42.34805538891816,0.01,0.1397233159796495,0.33292998042654187,7.699366035639328,0.01,0.08670194010485752,0.14037202966884318,10.375818355620963
7.33,28.016792576740745,28.638116486185982,-0.6213239094452409,0.3651487557733215,12.344305423640112,0.06513977615948947,0.8041052921402888,0.8041052921402888,-0.3253244382354764,1.1294297303757652,-0.0,0,0.01,0.01,0.14791570322113484,0.28922122017284807,23.552445084535957,0.01,0.08188319764036857,0.17822253130876736,6.204811723676246,0.01,0.07687630539017057,0.16585033478972683,5.861534022112734,0.01,0.14052728597122455,0.41572448446307575,42.09988409496913,0.01,0.13963559639152714,0.3328370155137031,7.637438227965219,0.01,0.08665556103768386,0.14032453447511067,10.290424162120217
7.34,28.258869248,28.849337463605366,-0.5904682156053659,0.3718291965810556,12.520265437415668,0.06538476980028643,0.818634673463906,0.818634673463906,-0.3091684347206819,1.1278031081845878,-0.0,0,0.01,0.01,0.14799953746672342,0.28931013260291494,23.691284302151658,0.01,0.0819692487217102,0.17831144373883423,6.224382289375792,0.01,0.07696211961667017,0.1659392472197937,5.880813786133807,0.01,0.14044086943614945,0.41562935531105527,41.847688500373984,0.01,0.13954580157872742,0.33274188636168267,7.5747177312443945,0.01,0.08660833961926719,0.1402761878718502,10.204605855789445
7.3500000000000005,28.504493981481495,29.06429839451569,-0.5598044130341919,0.3782004364638834,12.693817148622314,0.06563387127899349,0.8331443607717571,0.8331443607717571,-0.2931129052392273,1.1262572660109844,-0.0,0,0.01,0.01,0.14808486662232637,0.2894005947531732,23.831795586608486,0.01,0.0820568417955502,0.1784019058890925,6.243317999445479,0.01,0.07704946840481804,0.16602970937005201,5.899512795280149,0.01,0.14035251244213612,0.4155321135540042,41.591748239821875,0.01,0.13945397556350436,0.3326446446046316,7.511305417514085,0.01,0.08656031330390422,0.14022702948512056,10.11853395952463
7.36,28.753638248296305,29.2828121799341,-0.5291739316377962,0.3842281996339464,12.866252752826652,0.06588685105804881,0.8477168788007001,0.8477168788007001,-0.277074822684088,1.1247917014847881,-0.0,0,0.01,0.01,0.14817161565391712,0.2894925256097566,23.97381532157422,0.01,0.08214590052649158,0.1784938367456759,6.261549461774354,0.01,0.07713827544765113,0.1661216402266354,5.917565608798966,0.01,0.14026227042564263,0.415432822425598,41.3323526918127,0.01,0.13936017439832682,0.3325453534762253,7.447295742901528,0.01,0.08651152500282853,0.14017710415316353,10.0323583939853
7.37,29.006272364000004,29.50467621960526,-0.4984038556052541,0.38989259685290245,13.038970896149284,0.06614346221738136,0.8624426788229853,0.8624426788229853,-0.2609636485483824,1.1234063273713677,-0.0,0,0.01,0.01,0.14825970233390195,0.28958583762097856,24.11720832223102,0.01,0.0822363410751915,0.17858714875689782,6.279036593964372,0.01,0.07722845707844077,0.16621495223785732,5.9349343291422505,0.01,0.14017020706272712,0.41533155347107087,41.069789497619354,0.01,0.139264463218783,0.3324440845216982,7.382772865968083,0.01,0.08646202134532951,0.14012646010911825,9.94620284732496
7.38,29.262365506370365,29.729680876087663,-0.4673153697172969,0.39518888421444687,13.213406065883566,0.0664034503557589,0.8774157537263829,0.8774157537263828,-0.24468575540224302,1.122101509128626,-0.0,0,0.01,0.01,0.14834904063197435,0.28968044027626133,24.261873353705568,0.01,0.08232807556231843,0.17868175141218062,6.2957695355534335,0.01,0.07731992572498761,0.1663095548931401,5.9516094840218425,0.01,0.14007639099011282,0.41522838287771446,40.80433328767858,0.01,0.1391669128811933,0.3323409139283418,7.317807267058545,0.01,0.08641185079053172,0.1400751470298704,9.860160429772174
7.390000000000001,29.5218857331852,29.95761816705122,-0.43573243386602084,0.4001275039363634,13.390957354749876,0.06666656369973738,0.8927291114908993,0.8927291114908993,-0.22814896886071523,1.1208780803516145,-0.0,0,0.01,0.01,0.1484395442345157,0.28977624377564404,24.407747194780683,0.01,0.08242101566943016,0.17877755491156333,6.3117682815555245,0.01,0.07741259349536311,0.16640535839252282,5.967609708515364,0.01,0.13998089230170777,0.4151233875944219,40.5362351484055,0.01,0.13906759634116064,0.3322359186450493,7.252453022402026,0.01,0.08636106167995083,0.1400232140439874,9.774290795430378
7.4,29.784800000000008,30.188290274349832,-0.40349027434982154,0.40473340738623986,13.572919995644499,0.0669325629402846,0.9084703218919228,0.9084703218919228,-0.21126701361538824,1.119737335507311,-0.0,0,0.01,0.01,0.14853113002391907,0.28987316261553536,24.55480709923637,0.01,0.08251507620441091,0.17887447375145463,6.327081087884471,0.01,0.07750637572368907,0.16650227723241412,5.982980271028462,0.01,0.13988377898480678,0.41501664142263467,40.26571333378888,0.01,0.1389665849427313,0.332129172473262,7.186745860835959,0.01,0.08630970032310173,0.13997070779306964,9.688618850165447
7.41,30.051074177925933,30.42151746832137,-0.3704432903954356,0.4090446945538411,13.760422875896031,0.06720123033278252,0.9247173471595789,0.9247173471595789,-0.19396365327965515,1.118681000439234,-0.0,0,0.01,0.01,0.14862372135262744,0.28997111892099275,24.7030715478784,0.01,0.08261017846259519,0.17897243005691205,6.34178172776431,0.01,0.07760119430809616,0.16660023353787154,5.997790513970914,0.01,0.1397851134645628,0.41490821126438926,39.99294567303884,0.01,0.1388639447934966,0.3320207423150166,7.120702098967779,0.01,0.08625780920624344,0.13991767063777433,9.60313509591653
7.42,30.32067307140741,30.65714507475518,-0.33647200334777366,0.4131106368379362,13.954374904441286,0.06747237763385378,0.9415348531968346,0.9415348531968346,-0.176176328976001,1.1177111821728356,-0.0,0,0.01,0.01,0.14871725095787758,0.2900700453675437,24.8525992346164,0.01,0.08270625322609668,0.179071356503463,6.3559657071015145,0.01,0.07769698068441395,0.1666991599844225,6.012130307879816,0.01,0.13968494942169446,0.4147981537076141,39.71806404839467,0.01,0.1387597333983599,0.3319106847582415,7.054318512870321,0.01,0.08620542540791079,0.13986413909237094,9.51779758965351
7.43,30.59356043599999,30.895049158820587,-0.30148872282059835,0.41698917968304433,14.15542264095617,0.06774585250657121,0.9589711744023954,0.9589711744023954,-0.1578591261255602,1.1168303005279556,-0.0,0,0.01,0.01,0.14881166338153418,0.29016988755585565,25.003486291730265,0.01,0.08280324326251227,0.17917119869177497,6.369745578358088,0.01,0.07779367829780204,0.16679900217273447,6.026105648375245,0.01,0.13958332903675547,0.41468651211438734,39.4411512194175,0.01,0.13865399671373754,0.3317990431650147,6.987573162266812,0.01,0.08615257929449906,0.13981014256029548,9.432535422032899
7.44,30.86969899614816,31.135140662808134,-0.26544166665997654,0.42074404672411087,14.36392102699228,0.06802154310131166,0.9770560732413922,0.9770560732413922,-0.1389849316559355,1.1160410048973277,-0.0,0,0.01,0.01,0.1489069167840514,0.290270605729455,25.155861832846007,0.01,0.082901105209125,0.17927191686537428,6.38324552724371,0.01,0.07789124445948625,0.16689972034633377,6.039833559199282,0.01,0.13948028079501762,0.41457331435501477,39.162240154912794,0.01,0.13854676676501496,0.3316858454056421,6.9204271379139275,0.01,0.08609929355534413,0.13975570242833948,9.347253549462948
7.45,31.149050462962965,31.37736780980374,-0.22831734684077687,0.4244415863128012,14.57991841367473,0.06829938060911162,0.9957993969853651,0.9957993969853652,-0.1195466832536829,1.115346080239048,-0.0,0,0.01,0.01,0.14900298407130635,0.2903721757578854,25.309881973712162,0.01,0.0829998107587599,0.17937348689380467,6.3965954434362455,0.01,0.07798965150579465,0.1670012903747642,6.053436500532108,0.01,0.13937581795993567,0.41445857130052943,38.88131590784407,0.01,0.13843805994394418,0.33157110235115683,6.852827156952296,0.01,0.08604558262013302,0.13970083155955018,9.261838747562118
7.46,31.43157555200001,31.621716669700657,-0.1901411177006484,0.42814751354227604,14.803156389225274,0.06857933968344423,1.015190690403828,1.015190690403828,-0.09955765641895153,1.1147483468227795,-0.0,0,0.01,0.01,0.14909985328637965,0.29047458934358633,25.46572257571911,0.01,0.08309934709711884,0.17947590047950562,6.409924722389944,0.01,0.07808888721035932,0.16710370396046512,6.067036516472324,0.01,0.1392699377914888,0.41434227614997576,38.59831993796134,0.01,0.1383278760705554,0.33145480720060316,6.784708886634824,0.01,0.08599145248290821,0.13964553420549616,9.17616639693864
7.47,31.717234001037028,31.868209873055246,-0.15097587201821489,0.4319237054669111,15.033084204547093,0.0688614367299255,1.035199776807062,1.035199776807062,-0.07905078173362279,1.1142505585406848,-0.0,0,0.01,0.01,0.14919752725372717,0.2905778534485678,25.623571037086244,0.01,0.0831997165771607,0.17957916458448708,6.423356075594215,0.01,0.0781889544360764,0.16720696806544658,6.0807493849519645,0.01,0.13916262154999018,0.4142244046284721,38.313156659812456,0.01,0.13821619826763382,0.3313369356790995,6.716000837076156,0.01,0.08593690093729024,0.13958980633823398,9.090107768460678
7.48,32.00598458785187,32.11690354774086,-0.11091895988899547,0.4358252038707707,15.268886908536885,0.06914572616640528,1.055778273043502,1.055778273043502,-0.05807703158851485,1.1138553046320168,-0.0,0,0.01,0.01,0.1492960224989283,0.29068198897475456,25.783617524003702,0.01,0.08330093565225996,0.17968330011067385,6.436999645994239,0.01,0.07828987004954174,0.16731110359163334,6.094679051922917,0.01,0.13905383528803325,0.4141049160496315,38.025701877697976,0.01,0.13810299365671164,0.3312174471002589,6.646628631188438,0.01,0.08588191820780883,0.13953363638210248,9.003537447326941
7.49,32.297785148,32.36788263865837,-0.07009749065837326,0.4398975688694074,15.509525667723636,0.06943229485308237,1.0768619591928368,1.0768619591928368,-0.03670296028123743,1.1135649194740742,-0.0,0,0.01,0.01,0.14939536750163548,0.2907870287677739,25.9460460796814,0.01,0.08340303312482344,0.1797883399036932,6.450947728497587,0.01,0.07839166315553905,0.1674161433846527,6.108912634717146,0.01,0.1389435313950394,0.413983755193692,37.73581267104105,0.01,0.1379882148448269,0.3310962862443194,6.5765194373931894,0.01,0.08582648794336067,0.13947700630637688,8.916340526220475
7.5,32.59259259259259,32.621255626944766,-0.028663034352182856,0.44418420531104513,15.753782133163268,0.06972125586710688,1.098373474980933,1.098373474980933,-0.015007929691734923,1.113381404672668,-0.0,0,0.01,0.01,0.14949560046970345,0.2908930153720671,26.111035461591065,0.01,0.0835060478877637,0.17989432650798637,6.465276566658443,0.01,0.07849437283711215,0.16752212998894586,6.1235225908089435,0.01,0.1388316507036387,0.41386085453398214,37.44333133528484,0.01,0.13787180205001412,0.3309733855846095,6.505603113826433,0.01,0.08577023440990537,0.13941989284720857,8.85402442213757
7.51,32.89036292607407,32.87717635581498,0.013186570259086476,0.44880332651679516,16.00009235939815,0.07001277317053844,1.1202108370662078,1.1202108370662078,0.006904472041998622,1.1133063650242092,-0.0,0,0.01,0.01,0.14959677408641153,0.29100001011939586,26.27893736256374,0.01,0.08361003324792105,0.18000132125531512,6.480169175411448,0.01,0.0785980528058853,0.16762912473627462,6.138686946139944,0.01,0.13871811652568908,0.413736123286335,37.147954927210606,0.01,0.13775367871397812,0.3308486543369624,6.433741033478812,0.01,0.08571274815038485,0.13936226262167242,8.843606271919679
7.5200000000000005,33.19105126400001,33.13585106337765,0.055200200622358885,0.45379244061114454,16.246497780855577,0.0703070692681259,1.1422436448430668,1.1422436448430666,0.028902757458647566,1.1133408873844193,-0.0,0,0.01,0.01,0.1496989637707409,0.2911080960039024,26.450047597140074,0.01,0.08371506573775585,0.18010940713982174,6.495754068721534,0.01,0.07870277999683756,0.16773721062078123,6.154524103579592,0.01,0.13860282519399791,0.41360944340478956,36.849382595128766,0.01,0.1376337408039924,0.33072197445541696,6.360800192927859,0.01,0.08565468683353203,0.1393040705978769,8.834151245204714
7.53,33.49461185081483,33.397485935488504,0.09712591532632274,0.45913072350678813,16.49105416469942,0.07060436524475278,1.1643404115154392,1.1643404115154392,0.05085501034372664,1.1134854011717126,-0.0,0,0.01,0.01,0.1498022491512585,0.29121735570916935,26.624473469470914,0.01,0.08382122724391468,0.18021866684508864,6.512008073020872,0.01,0.07880863605608507,0.16784647032604813,6.1710099825665266,0.01,0.13848566676273685,0.4134806948017772,36.54743338966126,0.01,0.13751187442328983,0.3305932258524046,6.286734930670084,0.01,0.08559602861369711,0.13924527193581238,8.82399583593309
7.54,33.80099807762963,33.662269178653254,0.1387288989763762,0.46477679171572994,16.731969450188018,0.07090486038714532,1.186377957867562,1.186377957867562,0.07263828164413066,1.1137396762234313,-0.0,0,0.01,0.01,0.14990670380159268,0.29132786411052713,26.802254854813608,0.01,0.08392859390383606,0.1803291752464464,6.528857715403749,0.01,0.07891569663533433,0.1679569787274059,6.188074932383742,0.01,0.13836653604787164,0.41334976419255187,36.241986273710616,0.01,0.1373879690598701,0.33046229524317927,6.2115377369742575,0.01,0.08553673200921011,0.13918582601120394,8.813202830985054
7.55,34.11016249999999,33.93036016409753,0.17980233590245842,0.47067150945699215,16.967685293012828,0.07120871996944926,1.208247150559893,1.208247150559893,0.09414428292824129,1.1141028676316518,-0.0,0,0.01,0.01,0.15001239053977308,0.29143968375314677,26.983373859307708,0.01,0.08403723110020311,0.18044099488906606,6.546194777839176,0.01,0.07902402652651049,0.16806879837002556,6.205616628810915,0.01,0.1382453379878213,0.4132165506754304,35.932984168170734,0.01,0.13726192384077274,0.3303290817260578,6.13523112855296,0.01,0.08547676136682544,0.13912569882969766,8.801892859712892
7.5600000000000005,34.422056855703715,34.20188009235569,0.22017676334802921,0.47674089569468986,17.196945541750203,0.07151606485958262,1.2298578727505176,1.2298578727505176,0.1152842837042245,1.1145735890462931,-0.0,0,0.01,0.01,0.15011935754246628,0.2915528609829783,27.16775711244379,0.01,0.08414718942577674,0.18055417211889754,6.5638828827356965,0.01,0.07913367567186252,0.16818197559985704,6.223506096168067,0.01,0.13812199231572428,0.41308097071507666,35.62044004153185,0.01,0.1371336525498097,0.33019350176570406,6.057866472545873,0.01,0.08541608928673179,0.13906486508526075,8.790217777830117
7.57,34.73663208251853,34.476904516020234,0.2597275664982935,0.4828997034006056,17.418849252035873,0.07182696331826949,1.2511430462724464,1.2511430462724464,0.13599303580763222,1.1151500104648142,-0.0,0,0.01,0.01,0.15022763518874396,0.29166742287045805,27.355280225195138,0.01,0.08425850139502505,0.1806687340063773,6.58176483397682,0.01,0.07924467591526922,0.1682965374873368,6.24159461089896,0.01,0.13799643755959798,0.41294296233971384,35.3044397266976,0.01,0.13700308792071098,0.3300554933903412,5.979522143381399,0.01,0.08535469836103683,0.13900330978937167,8.778352686194676
7.58,35.053838336000005,34.755458060452334,0.29838027554767343,0.48905550787511193,17.632885907549657,0.07214142536013655,1.2720615225832972,1.2720615225832972,0.15623154693944485,1.1158299756438523,-0.0,0,0.01,0.01,0.150337233773936,0.2917833750667564,27.54577435635134,0.01,0.0843711790395265,0.18078468620267568,6.599670726368979,0.01,0.0793570386368865,0.16841248968363517,6.259721340829272,0.01,0.1378686341859135,0.4128024883542336,34.98514125257901,0.01,0.13687018506281484,0.329915019404861,5.900300467822962,0.01,0.08529258242046413,0.13894102939779934,8.76648720945117
7.59,35.373625007259264,35.03751157797388,0.33611342928538473,0.4951131090096021,17.83895139603165,0.07245939992314047,1.2925997134145224,1.2925997134145224,0.17598858003597284,1.1166111333785496,-0.0,0,0.01,0.01,0.15044814219827132,0.29190070068772356,27.73903447918227,0.01,0.08448521249783955,0.18090201182364285,6.617426365983568,0.01,0.07947075337992451,0.16852981530460234,6.277721281980779,0.01,0.1377385667361547,0.4126595384154851,34.66277076337412,0.01,0.13673492385986744,0.3297720694661125,5.820323575132558,0.01,0.08522974723733885,0.13887803238581606,8.754816242723864
7.6000000000000005,35.69594074074076,35.322981855443004,0.3729588852977588,0.5009790391907177,18.03734424006568,0.07278077495760886,1.3127718919691425,1.3127718919691425,0.1952808156904129,1.1174910762787296,-0.0,0,0.01,0.01,0.15056032768714023,0.2920193602714597,27.93482890483434,0.01,0.08460056966187969,0.181020671407379,6.634861552372409,0.01,0.07958578752959387,0.1686484748883385,6.295433072159457,0.01,0.13760624485204734,0.4125141298678506,34.33761525481901,0.01,0.13659731022533267,0.3296266609184779,5.73972836190645,0.01,0.08516621065586458,0.13881433924907755,8.743530620446169
7.61,36.020733452000016,35.611733874702374,0.40899957729763803,0.5065659648324219,18.228742547127084,0.07310538040707981,1.3326191582504465,1.3326191582504465,0.21415167789326506,1.1184674803571815,-0.0,0,0.01,0.01,0.15067373654927058,0.2921392928043882,28.13290961892734,0.01,0.08471719688967372,0.18114060394030748,6.651817828624065,0.01,0.07970208705250525,0.16876840742126697,6.312706312441178,0.01,0.137471703136286,0.4123663072938224,34.01001249668751,0.01,0.136457376150033,0.3294788383444498,5.658660817784006,0.01,0.0851020021480042,0.1387499819346234,8.732808149473199
7.62,36.34795034548148,35.90358550555034,0.4443648399311428,0.5117967751842691,18.4141630721867,0.07343299391629382,1.3522071248535281,1.3522071248535283,0.2326688861068804,1.1195382387466477,-0.0,0,0.01,0.01,0.15078829592861445,0.29226041776017475,28.33302300571087,0.01,0.0848350207420394,0.18126172889609404,6.66815537790094,0.01,0.07981957825299983,0.16888953237705354,6.3294080952756815,0.01,0.13733499984952227,0.4122161407934197,33.68033863268201,0.01,0.1363151785339972,0.32932867184404707,5.577269979440075,0.01,0.08503716182051284,0.1386850027332687,8.722805413420758
7.63,36.67753793229629,36.19831439692066,0.4792235353756281,0.5166081668960765,18.594904632562397,0.07376334897334388,1.371622439537749,1.371622439537749,0.25092085636056694,1.120701583177182,-0.0,0,0.01,0.01,0.15090391645779014,0.29238263804807973,28.5349205600652,0.01,0.08495395065097638,0.18138394918399905,6.683758823091283,0.01,0.07993817045365355,0.16901175266495855,6.345428510007836,0.01,0.1371962144988403,0.4120637230655476,33.3489940494826,0.01,0.1361707968513953,0.32917625411617496,5.495701789966653,0.01,0.08497173892452371,0.13861945268986348,8.713650704299164
7.640000000000001,37.00944204800002,36.495666728971514,0.5137753190285049,0.5209535563050375,18.77247883748488,0.07409614507901058,1.3909683154349355,1.3909683154349355,0.26901212797595053,1.121956187458985,-0.0,0,0.01,0.01,0.15102049567786255,0.29250584372455074,28.738369213167083,0.01,0.0850738823828486,0.18150715486047003,6.69854176043772,0.01,0.08005775946297959,0.16913495834142953,6.360684964963464,0.01,0.13705544442557058,0.41190916542130934,33.01638818353467,0.01,0.1360243297528799,0.3290216964719367,5.414093140112513,0.01,0.08490578994237666,0.1385533896103543,8.70543837500172
7.65,37.343607870370384,36.79536740148497,0.5482404688854156,0.5248051826975205,18.948531660229417,0.0744310594419763,1.4103592863407055,1.4103592863407055,0.28705803824184084,1.1233012480988647,-0.0,0,0.01,0.01,0.15113792205313475,0.2926299162860375,28.943160919235154,0.01,0.08519470212196076,0.1816312274219568,6.712449922073294,0.01,0.08017823165627944,0.1692590309029163,6.375125224127849,0.01,0.1369128005486981,0.4117525929112665,32.682923983667344,0.01,0.13587589076099038,0.3288651239618938,5.332566357775454,0.01,0.08483937634602798,0.1384868757632736,8.698224836550864
7.66,37.679979937185195,37.09713116649155,0.5828487706936435,0.5281553036755245,19.12475976398396,0.07476775962838907,1.4299154409842394,1.4299154409842396,0.30517890269416537,1.124736538290074,-0.0,0,0.01,0.01,0.15125607938215282,0.2927547333338595,29.149121167927607,0.01,0.08531629097163251,0.18175604446977878,6.725462914319816,0.01,0.08029946846739772,0.16938384795073827,6.388729104070849,0.01,0.1367684024619737,0.4115941387931926,32.34898276821808,0.01,0.1357256032590479,0.32870666984382,5.251224393257948,0.01,0.08477256213647091,0.13841997538731937,8.69202634927844
7.67,38.018502164,37.40067416868765,0.6178279953123449,0.531016426665062,19.30282567931726,0.07510591655152522,1.4497564146794402,1.4497564146794402,0.3234939818758953,1.1262624328035449,-0.0,0,0.01,0.01,0.15137485138855,0.29288017338481354,29.356116103558318,0.01,0.08543852965161784,0.1818814845207328,6.7375945192014,0.01,0.0804213510710798,0.1695092880016923,6.401508814300237,0.01,0.13662237311598502,0.4114339386016029,32.014910203674944,0.01,0.13557359500989108,0.3285464696522302,5.170146920373547,0.01,0.08470541128342635,0.13835275212542378,8.686818681195593
7.68,38.359117861925924,37.70572533835796,0.6533925235679635,0.5334205666549244,19.484275916966237,0.07544521717423285,1.4699954280381926,1.4699954280381926,0.34211552532526834,1.1278799027129243,-0.0,0,0.01,0.01,0.15149412626842695,0.2930061205949781,29.564057954089794,0.01,0.08556130316343136,0.18200743173089737,6.748891579603006,0.01,0.08054376502845911,0.16963523521185686,6.4135079549914344,0.01,0.13647483333902263,0.4112721241031918,31.68100408726297,0.01,0.1354199924659015,0.3283846551538192,5.089387537589583,0.01,0.08463798518865936,0.13828526650867948,8.682538629600336
7.69,38.70176975540741,38.012037089336616,0.6897326660707924,0.535417567301758,19.670465890473906,0.07578537631415769,1.490733659784368,1.490733659784368,0.3611431794448172,1.1295904803395507,-0.0,0,0.01,0.01,0.15161380097492672,0.2931324691692219,29.772908506564214,0.01,0.08568450519901505,0.1821337803051412,6.759431518429206,0.01,0.08066660467212006,0.1697615837861007,6.424799214593207,0.01,0.13632589646115742,0.4111088174316847,31.34750453774159,0.01,0.13526491514451636,0.3282213484823121,5.008972209200417,0.01,0.08457034029444419,0.13821757361055145,8.679087326487224
7.7,39.04640000000001,38.31939480895598,0.7270051910440384,0.5370725682677088,19.862495133834205,0.07612614698872212,1.5120552241210405,1.5120552241210405,0.38065902788426587,1.1313961962367747,-0.0,0,0.01,0.01,0.1517337850352121,0.2932591272450915,29.982680417687664,0.01,0.08580804208284531,0.18226043838101078,6.769318573979785,0.01,0.0807897770218577,0.16988824186197027,6.435480840698452,0.01,0.136175663303655,0.41094412569051053,31.014587088139873,0.01,0.13510847034287005,0.32805665674113793,4.9288990344437185,0.01,0.0845025259510204,0.13814972098304373,8.67633517452282
7.71,39.39295020014814,38.627624686512,0.7653255136361438,0.5384627437117046,20.06115575238427,0.07646732881119779,1.5340229932502198,1.53402299325022,0.40072350187402406,1.1332994913761958,-0.0,0,0.01,0.01,0.15185400371940494,0.29338602006628667,30.19343622207251,0.01,0.0859318360621743,0.182387331202206,6.778678871044092,0.01,0.0809132050468437,0.17001513468316548,6.445671994065296,0.01,0.136024217780461,0.41077813629192517,30.68235903510815,0.01,0.134950748451055,0.3278906673425525,4.849139373396745,0.01,0.08443458264372722,0.1380817469723224,8.674128190472574
7.72,39.74136142696295,38.93659950876716,0.8047619181957977,0.5396734729762361,20.26689636970024,0.07680877404733323,1.556675463901024,1.5566754639010238,0.421372355015458,1.135303108885566,-0.0,0,0.01,0.01,0.15197440041392188,0.29351309229655864,30.405284997745206,0.01,0.08605582779329023,0.18251440343247793,6.787654492038357,0.01,0.08103683012309855,0.17014220691343743,6.45550713957963,0.01,0.13587162333050112,0.4106109132673582,30.350859237033756,0.01,0.1347918190961954,0.3277234443179856,4.769640294306701,0.01,0.08436654066251138,0.13801367949239485,8.67229546890355
7.73,40.091574236000014,39.2462421514395,0.8453320845605111,0.540794132688919,20.479803062863493,0.07715039105896387,1.5800248151104845,1.5800248151104845,0.4426148444498412,1.1374099706606433,-0.0,0,0.01,0.01,0.1520949380913839,0.2936403093677902,30.61837676462045,0.01,0.08617997791176556,0.18264162050370944,6.796396763599756,0.01,0.08116061357526573,0.17026942398466893,6.465129678003436,0.01,0.1357179203601603,0.4104424947373116,30.020061375415356,0.01,0.1346317283102603,0.32755502578793894,4.690328240348625,0.01,0.08429841927456232,0.13794553531274012,8.670657423999439
7.74,40.443528685037045,39.556526609468015,0.88700207556903,0.5419137181181678,20.69959795011303,0.07749214499092372,1.6040562456039864,1.6040562456039864,0.46443320072109384,1.1396230448828926,-0.0,0,0.01,0.01,0.15221559981390786,0.2937676578040856,30.83289482055324,0.01,0.08630426761964377,0.18276896894000488,6.805059028252888,0.01,0.08128453723669056,0.17039677242096438,6.474685075234737,0.01,0.13556312482643953,0.41027289167236647,29.68988051050514,0.01,0.1344704968651934,0.3273854227229938,4.611113748193693,0.01,0.08423022643602515,0.13787731989040108,8.66903442399708
7.75,40.797164351851855,39.86747653030568,0.9296878215461692,0.5431165095931101,20.925655247159394,0.07783405569380285,1.628728615936722,1.628728615936722,0.486783405050224,1.141945210886498,-0.0,0,0.01,0.01,0.15233638825391405,0.29389514451443066,31.04904634977434,0.01,0.0864286982702198,0.18289645565034995,6.813789221805603,0.01,0.08140860300953599,0.17052425913130945,6.484313795539395,0.01,0.135407228035407,0.41010208801274,29.360182584240995,0.01,0.13430811986197275,0.32721461906336735,4.531896990476484,0.01,0.08416195905230986,0.13780902775027584,8.667255405636363
7.76,41.152420351999986,40.17916133732057,0.9732590146794193,0.5444779966397851,21.157033780239285,0.07817619301070065,1.6539763563379,1.6539763563379,0.5095972284261507,1.1443791279117492,-0.0,0,0.01,0.01,0.15245732426431463,0.29402279509728607,31.26705175764013,0.01,0.08655328997924458,0.1830241062332054,6.822722617474623,0.01,0.08153283145484938,0.17065190971416488,6.494144384321081,0.01,0.1352501976705694,0.40993004214581497,29.03079636245169,0.01,0.13414456759856672,0.32704257319644237,4.4525738639180465,0.01,0.08409360376977587,0.13774064339054262,8.665166048411246
7.7700000000000005,41.50923535659261,40.491690148251095,1.0175452083415157,0.5460612583809462,21.392524173069866,0.078518669684241,1.6797125392574135,1.6797125392574135,0.5327854252035336,1.14692711405388,-0.0,0,0.01,0.01,0.15257844457578654,0.29415065124874307,31.487133280046823,0.01,0.0866780793378011,0.18315196238466236,6.831975119045069,0.01,0.08165725948887109,0.17077976586562185,6.5042870666596615,0.01,0.13509198000483624,0.4097566896728563,28.701527174997235,0.01,0.13397978767862348,0.3268692207234837,4.373042308616993,0.01,0.08402513825585917,0.13767214266466898,8.66263610205563
7.78,41.86754761007409,40.80520380052059,1.0623438095534978,0.5479139745299135,21.630708246387186,0.07886163225429542,1.7058329591265415,1.7058329591265415,0.5562419179466438,1.1495910411798977,-0.0,0,0.01,0.01,0.15269979874059714,0.29427876740915127,31.709503474236744,0.01,0.08680311634463778,0.18328007854507056,6.841637480792356,0.01,0.08178193730430702,0.17090788202603005,6.514828223359626,0.01,0.13493250319103706,0.4095819473314505,28.37217171650553,0.01,0.13381370826138786,0.3266944783820779,4.293208525837819,0.01,0.08395653290129808,0.1376034945685951,8.659565498280497
7.79,42.227294948,41.11986538567878,1.1074295623212218,0.5500662084086522,21.870027613869695,0.0792052504114732,1.7322210136623828,1.7322210136623828,0.5798487628927518,1.152372250769631,-0.0,0,0.01,0.01,0.15282144547815796,0.29440720681926746,31.934354211838542,0.01,0.08692846071247069,0.18340851795518676,6.851770796648428,0.01,0.08190692467181697,0.17103632143614625,6.5258260723083445,0.01,0.13477168147251894,0.4094057178824988,28.04253311805101,0.01,0.13364624229694505,0.3265182489331262,4.212992763483119,0.01,0.08388775285815905,0.1375346633425639,8.655888937334648
7.8,42.588414814814804,41.435849764873936,1.1525650499408668,0.5525290637458475,22.108858052590527,0.07954970534194775,1.758753143530525,1.758753143530525,0.6034816489464301,1.155271494584095,-0.0,0,0.01,0.01,0.15294344860543768,0.2945360371842266,32.16184676220971,0.01,0.08705417773199582,0.1835373483201459,6.862403534814712,0.01,0.08203228680591267,0.1711651518011054,6.537307819246095,0.01,0.1346094201099231,0.40922789572285867,27.712435494980383,0.01,0.133477292542289,0.326340426773486,4.1323343612894226,0.01,0.08381876031182262,0.13746561078263145,8.651578719868539
7.8100000000000005,42.95084428162964,41.75333258283381,1.1975116987958279,0.5552942728071334,22.345585988600558,0.07989517764240874,1.7853045620829613,1.785304562082961,0.6270156592541343,1.158288902828827,-0.0,0,0.01,0.01,0.15306587275424582,0.29466532616075714,32.3921034777002,0.01,0.08718033389771288,0.1836666372966764,6.873530300411848,0.01,0.08215808999944875,0.1712944407776359,6.54926845239943,0.01,0.13444562078504962,0.4090483729492844,27.381737217320975,0.01,0.13330675711530493,0.32616090399991177,4.051195790112423,0.01,0.08374951687469372,0.13739629864777536,8.646645688608595
7.82,43.31452006400001,42.072479317447964,1.2420407465520396,0.558334727087534,22.578683379732567,0.08024183539812771,1.8117549952629426,1.8117549952629424,0.6503310141378449,1.1614239811250977,-0.0,0,0.01,0.01,0.15318877908630527,0.2947951368893575,32.62520148069825,0.01,0.08730699251015175,0.18379644802527678,6.885112396156032,0.01,0.08228439724095549,0.17142425150623627,6.561671247853197,0.01,0.1342801872194294,0.408867045577768,27.050342233158204,0.01,0.13313453531737318,0.3259795766283954,3.969565478570106,0.01,0.08367998598459557,0.1373266910451198,8.64113824825407
7.83,43.679378539703706,42.39343489518638,1.2859436445173242,0.5616059157683252,22.806777400486727,0.08058982300209791,1.837994153953472,1.837994153953472,0.673318517757685,1.164675636195787,-0.0,0,0.01,0.01,0.1533122212155482,0.29492552378849757,32.861168618369376,0.01,0.08743420946914042,0.18392683492441683,6.897080130817467,0.01,0.08241126402867156,0.17155463840537633,6.574449938109022,0.01,0.13411303073485098,0.40868381961550626,26.718208894246594,0.01,0.13296053344213174,0.3257963506661336,3.8874592911018864,0.01,0.08361013519176028,0.13725675667815784,8.635139536259151
7.84,44.04535576651851,42.716314370086884,1.329041396431631,0.5650481936725604,23.028711631069672,0.08093925125020346,1.8639266766756308,1.8639266766756308,0.6958844478910553,1.1680422287845755,-0.0,0,0.01,0.01,0.15343624153529328,0.29505652881272476,33.09998180880448,0.01,0.08756202946227479,0.18405783994864405,6.9093367101351735,0.01,0.08253873458425674,0.17168564342960355,6.587512387001746,0.01,0.13394407548599074,0.40849861669056786,26.38535587823624,0.01,0.13278467028850852,0.32561114774119526,3.8049205986667842,0.01,0.08353993822491153,0.13718647085077262,8.6287629160117
7.8500000000000005,44.41238750000002,43.041195107952205,1.3711923920478193,0.5685897615532459,23.243595908600657,0.08129018917898252,1.8894763086099715,1.8894763086099715,0.7179546575859408,1.1715216510240307,-0.0,0,0.01,0.01,0.15356086812650563,0.29518817835177835,33.341567766351055,0.01,0.08769048273218842,0.18418948948769762,6.921763446957488,0.01,0.08266683864828712,0.1718172929686571,6.600745521538434,0.01,0.1337732631111919,0.4083113789662305,26.051864962345398,0.01,0.13260688211030897,0.3254239100168579,3.72201896108047,0.01,0.08346937673874456,0.1371158171328402,8.622146049789867
7.86,44.78040921125927,43.368110840818574,1.4122983704406962,0.5721502088886428,23.450842589252527,0.08164265802251532,1.9145891218541817,1.9145891218541817,0.7394776975422213,1.1751114243119605,-0.0,0,0.01,0.01,0.1536861123933114,0.2953204809147946,33.58580597490739,0.01,0.08781958257655079,0.18432179205071392,6.934225955893988,0.01,0.08279558900977506,0.17194959553167338,6.614021203828189,0.01,0.1336005565754571,0.40812207310164683,25.71788056924299,0.01,0.13242712676165708,0.32523460415227423,3.6388475130609725,0.01,0.08339844166149545,0.1370447886105269,8.615443876860816
7.87,45.14935610474075,43.69704786364915,1.4523082410915946,0.5756444442447916,23.6501876648016,0.08199662755795802,1.9392356296265496,1.9392356296265496,0.760426816826878,1.1788088127996716,-0.0,0,0.01,0.01,0.1538119675348956,0.29545342570414096,33.83253368267554,0.01,0.08794932369743698,0.18445473684006022,6.94658095764119,0.01,0.08292497988462538,0.17208254032101972,6.627202688579683,0.01,0.13342594301846222,0.40793069306622,25.383606167808356,0.01,0.1322453868361067,0.3250432241168474,3.5555192099103174,0.01,0.08332713408140845,0.1369733886651752,8.608820868688301
7.88,45.51916313600001,44.02794357371497,1.4912195622850342,0.5789878876272626,23.84169571575988,0.0823520150266251,1.963411683844481,1.963411683844481,0.7808007369606751,1.182610946883806,-0.0,0,0.01,0.01,0.15393840792339444,0.29558698215284557,34.08155316550104,0.01,0.088079681475625,0.1845882932887649,6.958683623924751,0.01,0.08305498621714733,0.17221609676972438,6.64015163095124,0.01,0.13324943546557538,0.40773726165001745,25.049297423295194,0.01,0.13206131303114657,0.32484979270064485,3.4752274203109863,0.01,0.08325546563248121,0.1369016312405936,8.602442525821054
7.890000000000001,45.8897650294815,44.36071245819235,1.5290525712891503,0.58222744697033,24.025582324561842,0.08270871348202706,1.9871250047210391,1.9871250047210391,0.8006100541524297,1.1865149505686094,-0.0,0,0.01,0.01,0.1540653953908681,0.29572111052948996,34.33284250083228,0.01,0.08821061736402905,0.18472242166540925,6.9705254625659725,0.01,0.08318556936086369,0.17235022514636875,6.652865343272335,0.01,0.1330710664487778,0.4075418158449672,24.715098982366413,0.01,0.13186909697904856,0.3246543468955945,3.4476501368552093,0.01,0.08318345523659772,0.13682953516557167,8.5963019955963
7.9,46.261096296296316,44.69533553281064,1.5657607634856763,0.5854727679809114,24.201620129676016,0.08306668763118222,2.010348419480329,2.010348419480329,0.8198304186409577,1.1905180008393716,-0.0,0,0.01,0.01,0.1541929126035559,0.29585579798286854,34.58666687417597,0.01,0.0883421113510154,0.18485710911878783,6.982313276883912,0.01,0.08331671006291765,0.17248491259974733,6.665542651321724,0.01,0.13289084468608622,0.4073443542680263,24.38087071743037,0.01,0.13167282637157696,0.3244568853186537,3.43749847686697,0.01,0.08311111067667959,0.13675710478101313,8.590152509870354
7.91,46.63309125200001,45.03180853709755,1.6012827149024627,0.5887022700787475,24.369487007000927,0.08342591788075666,2.033046821842226,2.033046821842226,0.8384296689096493,1.1946171529325764,-0.0,0,0.01,0.01,0.15432095342952062,0.29599103755079853,34.84301728335844,0.01,0.08847415694207614,0.18499234868671782,6.994039801416785,0.01,0.08344840199555228,0.17262015216767732,6.678171784963656,0.01,0.13270876047027327,0.40714486703084846,24.046668942369234,0.01,0.13147430263015614,0.3242573980814758,3.429292640710701,0.01,0.08303834693853525,0.13668418613673267,8.579056943346313
7.92,47.00568403437038,45.370126522811546,1.6355575115588326,0.5919166930597454,24.528868762869717,0.0837863837757142,2.05518521174993,2.05518521174993,0.8563759104728053,1.1988093012771246,-0.0,0,0.01,0.01,0.15444951069332882,0.2961268219375379,35.1019214311977,0.01,0.08860674679543178,0.18512813307345719,7.005712114821141,0.01,0.08358063786241679,0.17275593655441668,6.690759793568075,0.01,0.13252480517533807,0.4069433447400948,23.71253843412596,0.01,0.13127372321576752,0.32405587579072215,3.4212683577477,0.01,0.08296468939128858,0.13661029647458253,8.562440072202136
7.930000000000001,47.378808621185215,45.71025636830536,1.668552252879857,0.595026909702749,24.679638711649567,0.08414803481214969,2.0767430974591647,2.0767430974591647,0.8736519166296763,1.2030911808294886,-0.0,0,0.01,0.01,0.154578569699613,0.2962631325090031,35.363217655123584,0.01,0.08873986702255708,0.1852644436449224,7.017210859288428,0.01,0.08371340351357914,0.1728922471258819,6.703189197046773,0.01,0.1323389789580154,0.4067397949970163,23.3786778797816,0.01,0.13107111001745528,0.3238523260476437,3.413303775095183,0.01,0.08289002679321628,0.13653540084515117,8.545768421958394
7.94,47.75239884800002,46.05211167063596,1.7002871773640629,0.5979403535255929,24.82201818974965,0.08451076413730986,2.0977277246459476,2.0977277246459476,0.890268284233311,1.2074594404126369,-0.0,0,0.01,0.01,0.15470809601316982,0.2963999293386436,35.626677270708456,0.01,0.08887348410375022,0.1854012404745629,7.028382169687513,0.01,0.08384666499835865,0.1730290439555224,6.7153123867994235,0.01,0.1321513093481319,0.40653425792523823,23.045375497728426,0.01,0.13086649172329967,0.32364678897586563,3.405495916259856,0.01,0.08281436624732942,0.13645951037608425,8.529329766036994
7.95,48.12638842592593,46.39555458865891,1.7308338372670182,0.6005700612793227,24.956559135668872,0.08487441110275275,2.1181732597909195,2.1181732597909195,0.906262477957116,1.2119107818338035,-0.0,0,0.01,0.01,0.154838035566409,0.29653715210981446,35.89204381372606,0.01,0.08900754425816895,0.18553846324573375,7.039079419731428,0.01,0.08398036817650013,0.17316626672669325,6.726988799434085,0.01,0.13196185320674453,0.40632680580501734,22.712961629830772,0.01,0.13065992670235263,0.32343933685564474,3.3979625485104474,0.01,0.08273772846033527,0.13638264839355194,8.51331077365611
7.96,48.500710959407414,46.74040023569057,1.7603107237168372,0.6028387780554288,25.084110453985115,0.08523876649947515,2.1381386338342807,2.1381386338342807,0.9216965396106913,1.2164420942235892,-0.0,0,0.01,0.01,0.15496831634034583,0.29667472203484285,36.159043155043015,0.01,0.08914197505557464,0.18567603317076217,7.049170559530523,0.01,0.08411444036101975,0.17330383665172167,6.738091618633728,0.01,0.13177069540451913,0.40611754112780757,22.381794862334228,0.01,0.13045150426059302,0.3232300721784349,3.3908149726525165,0.01,0.08266014599393169,0.1363048498968778,8.497884680710158
7.97,48.87529996399998,47.08642328183677,1.7888766821632043,0.6046825596757358,25.205770781188953,0.08560358007416845,2.157704217398644,2.157704217398644,0.936653640477001,1.2210505769216426,-0.0,0,0.01,0.01,0.15509885089739045,0.2968125446434934,36.42739416616544,0.01,0.08927668794001829,0.18581385577941267,7.058543836424021,0.01,0.08424879285433771,0.17344165926037214,6.74851324728397,0.01,0.1315779461304694,0.4059065932264041,22.05224789339816,0.01,0.13024134216560265,0.32301912427703144,3.3841504933868998,0.01,0.08258166228813159,0.13622616048179662,8.483204225150132
7.98,49.25008888414816,47.43336642826802,1.8167224558801338,0.6060537074478928,25.322830196323775,0.085968569932631,2.1769674986248004,2.1769674986248004,0.9512336535007726,1.2257338451240278,-0.0,0,0.01,0.01,0.15522953963032252,0.2969505132954068,36.69681956262824,0.01,0.08941158150401955,0.1859518244313261,7.0671124219688,0.01,0.08438332422848563,0.1735796279122856,6.7581697596668935,0.01,0.13138373701209102,0.405694113641913,21.72469286588631,0.01,0.13002958257170755,0.32280664469254033,3.378047772724339,0.01,0.08250233018138682,0.13614663476019387,8.469394589194634
7.99,49.62501111096297,47.78095033321385,1.8440607777491191,0.6069229033858073,25.4367038748359,0.08633343335503152,2.196037978749817,2.196037978749817,0.9655479653582855,1.2304900133915317,-0.0,0,0.01,0.01,0.15536027456100363,0.29708851323957974,36.96705652218555,0.01,0.08954654534359621,0.18608982437549906,7.074817837381267,0.01,0.08451792418031016,0.17371762785645856,6.767004218393155,0.01,0.1311882162343935,0.4054802704475399,21.39948682684169,0.01,0.12981638676735094,0.32259280149816727,3.3725633360360066,0.01,0.0824222099813402,0.1360663343483083,8.456547633497083
8.0,50.0,48.128884503624334,1.871115496375663,0.6072804490384786,25.54886100762605,0.08669785848623393,2.2150315361236235,2.2150315361236235,0.9797137829053004,1.235317753218323,-0.0,0,0.01,0.01,0.15549094349834125,0.29722642601976107,37.2378666648099,0.01,0.08968146429979047,0.18622773715568036,7.081632095852406,0.01,0.0846524777677275,0.17385554063663985,6.774988774124148,0.01,0.13099154289173429,0.4052652418002408,21.07695799931068,0.01,0.12960192902344791,0.3223777728508682,3.3677291521675725,0.01,0.08234136717613783,0.13598532551733097,8.444717694350345
8.01,50.37498888903704,48.47687862318018,1.8981102658568638,0.6071365538091963,25.660752468879984,0.08706153632850094,2.234064533286065,2.234064533286065,0.9938482111532154,1.2402163221328497,-0.0,0,0.01,0.01,0.15562143435013345,0.2973641340100218,37.509044986361175,0.01,0.08981622287650338,0.18636544514594108,7.087558521171805,0.01,0.0847868698174134,0.17399324862690058,6.782125504845303,0.01,0.13079388084403812,0.4050492090303779,20.757393514723397,0.01,0.12938638984374234,0.3221617400810053,3.3635513537642208,0.01,0.08225986989531414,0.13590367661834257,8.433919139170069
8.02,50.74991111585184,48.82465376948648,1.925257346365356,0.606520664492804,25.77374070761435,0.08742417245593953,2.253247952457146,2.253247952457146,1.0080623892685303,1.245185563188616,-0.0,0,0.01,0.01,0.15575163937870576,0.2975015248606474,37.780427353789854,0.01,0.08995070961912026,0.18650283599656672,7.092631238172675,0.01,0.08492098928910495,0.17413063947752622,6.788445985475761,0.01,0.13059539237384227,0.4048323496040204,20.441029186453708,0.01,0.1291699489458694,0.32194488065464777,3.3600101398552598,0.01,0.08217778624318121,0.13582145540636997,8.424125800859978
8.03,51.12470003599998,49.17195298189445,1.9527470541055254,0.6054798742221176,25.88903516337762,0.08778549789034665,2.2726818417177963,2.2726818417177963,1.022455966582838,1.2502258751349584,-0.0,0,0.01,0.01,0.15588145919582955,0.2976384956411204,38.05189620249176,0.01,0.0900848212437073,0.18663980677703967,7.096913363999511,0.01,0.08505473338705016,0.17426761025799914,6.794009610697963,0.01,0.13039623195109512,0.40461483030079354,20.12804181120675,0.01,0.12895277831558052,0.3217273613514209,3.3570608600516865,0.01,0.0820951816356153,0.13573872639512766,8.415272331457217
8.040000000000001,51.49928904059263,49.518550676152536,1.9807383644400884,0.604076493784071,26.007636178783383,0.08814527862549171,2.2924503373692797,2.2924503373692797,1.0371121824014073,1.2553381549678726,-0.0,0,0.01,0.01,0.15601080630786437,0.2977749564839277,38.323384129807,0.01,0.09021846632199286,0.186776267619847,7.100493962994568,0.01,0.08518801122460426,0.1744040711008065,6.79890072671126,0.01,0.13019654040802522,0.40439680094138813,19.818544366489952,0.01,0.12873503567356495,0.3215093319920155,3.3546362349456005,0.01,0.08201211627252653,0.13565554837416105,8.407257431264819
8.05,51.87361157407412,49.86426046137092,2.009351112703203,0.6023849090636398,26.130289919872048,0.08850332335882785,2.312617498238356,2.312617498238356,1.0520937823584764,1.2605237158798794,-0.0,0,0.01,0.01,0.15613960804649685,0.2979108335593755,38.59487515586362,0.01,0.09035156835193028,0.18691214469529477,7.103483865604005,0.01,0.08532074687256809,0.17453994817625426,6.803224664465423,0.01,0.12999643980675354,0.4041783889730867,19.5125843337589,0.01,0.12851685867428286,0.32129092002371407,3.3526496223976214,0.01,0.08192864287285562,0.135571972213408,8.399948824095542
8.06,52.24760115200001,50.208940995703486,2.0386601562965225,0.6004878830565188,26.257456244494193,0.08885948908241295,2.3332241464895676,2.3332241464895676,1.0674399616978958,1.2657841847916718,-0.0,0,0.01,0.01,0.1562678087525239,0.29804607124613797,38.8664035236434,0.01,0.09048406807597421,0.18704738238205726,7.106010494249098,0.01,0.0854528816542093,0.17467518586301675,6.807102808877746,0.01,0.12979602924850775,0.4039596951799579,19.21014522266374,0.01,0.12829836012010157,0.32107222623058523,3.3509991948484124,0.01,0.08184480478678974,0.13548803906681114,8.393189764849986
8.07,52.62119137881482,50.55249961566141,2.0686917631534163,0.5984724875858487,26.38929080799042,0.08921368429365753,2.354285858877576,2.354285858877576,1.083164474277415,1.2711213846001612,-0.0,0,0.01,0.01,0.15639537111817495,0.2981806334031506,39.13805003132311,0.01,0.09061592494754919,0.18718194453906992,7.108211886591523,0.01,0.0855843755882733,0.1748097480200294,6.810666885309577,0.01,0.12959538182695918,0.40374079072870495,18.911151209404704,0.01,0.12807962442358742,0.3208533217793323,3.349572849834489,0.01,0.08176063458156468,0.1354037790671499,8.386806786469355
8.08,52.99431596562964,50.89489358507483,2.0994223805548065,0.5964258670896602,26.525641996188114,0.08956586970581619,2.3757921948937106,2.3757921948937106,1.0992549879221625,1.2765372069715482,-0.0,0,0.01,0.01,0.15652227663554188,0.29831450369355667,39.40993602428109,0.01,0.09074711768858684,0.18731581482947596,7.11023015607416,0.01,0.08571520792371509,0.17494361831043548,6.8140526933054195,0.01,0.12939454287166827,0.40352171569434814,18.61547463972782,0.01,0.12786070548863004,0.32063424674497554,3.348253636446744,0.01,0.0816761531736384,0.1353192105796931,8.380618323574097
8.09,53.36690874799999,51.23612892770226,2.130779820297732,0.5944310436517302,26.666062561441148,0.08991605646180681,2.397707186888615,2.397707186888615,1.1156737049774557,1.2820334819111592,-0.0,0,0.01,0.01,0.1566485251426829,0.2984476849584283,39.682215312027566,0.01,0.0908776439253554,0.18744899609434762,7.112204676548797,0.01,0.08584537675426007,0.1750767995753071,6.817393563757642,0.01,0.1291935295638087,0.4033024791355164,18.32294599420125,0.01,0.12764162611039218,0.3204150101861438,3.3469254473765115,0.01,0.08159136955244359,0.13523434005394058,8.374443795281847
8.1,53.738903703703684,51.57625692626796,2.162646777435726,0.5925629684602367,26.809835141444115,0.09026430197670536,2.419971055152999,2.419971055152999,1.1323592047169528,1.2876118504360463,-0.0,0,0.01,0.01,0.15677413350272562,0.2985801976845016,39.955064404875145,0.01,0.09100751893398758,0.1875815088204209,7.11426531584241,0.01,0.08597489774509953,0.1752093123013804,6.820813853029571,0.01,0.1289923319385424,0.4030830607111441,18.03336577982988,0.01,0.1274223789185645,0.3201955917617714,3.345478702696467,0.01,0.0815062811108656,0.13514916248218653,8.368112693848369
8.11,54.11023497051849,51.91536848416592,2.194866486352574,0.5908850103594321,26.956010195039983,0.0906107036480128,2.4425030513155797,2.4425030513155797,1.1492294048559482,1.2932736464596313,-0.0,0,0.01,0.01,0.1568991334926977,0.2987120776538329,40.22867157373794,0.01,0.09113677356907897,0.18771338878975216,7.116526065489384,0.01,0.08610380204597783,0.17534119227071165,6.824422809548526,0.01,0.12879091522014735,0.4028634137530528,17.74651770744065,0.01,0.12720292881198106,0.3199759448036802,3.3438157410079503,0.01,0.08142087456671337,0.13506366244263313,8.36147321431213
8.120000000000001,54.48083686400005,52.25358664841819,2.22725021558185,0.5894460479964125,27.103454323764712,0.0909553907729055,2.4652052793136146,2.4652052793136146,1.1661854858297038,1.2990197934839107,-0.0,0,0.01,0.01,0.1570235690158947,0.2988433729019339,40.50322531343065,0.01,0.09126545148658226,0.1878446840378532,7.119079414536693,0.01,0.08623213350271587,0.1754724875188127,6.828309149194934,0.01,0.1285892233707637,0.40264346963643527,17.462182446213628,0.01,0.12698321675923893,0.31975600068706267,3.3418556389094163,0.01,0.08133512742945875,0.13497781567503017,8.354399975031509
8.13,54.85064389525928,52.59105767860058,2.259586216658708,0.5882782997077364,27.250906488135396,0.09129851509334458,2.487967297314351,2.487967297314351,1.1831165764012919,1.3048507209130595,-0.0,0,0.01,0.01,0.157147492782613,0.2989741401426843,40.77890282670353,0.01,0.09139360580428917,0.1879754512786036,7.1219917897951595,0.01,0.08635994531114986,0.1756032547595631,6.83253665108582,0.01,0.1283871836747198,0.4024231432264768,17.180151220995665,0.01,0.12676316477328387,0.31953567427710416,3.339538202533995,0.01,0.08124900993904109,0.13489159110995355,8.346800421426376
8.14,55.21959078874076,52.92794111219895,2.291649676541814,0.587395986644209,27.39703929432492,0.09164024044936356,2.5106712685325974,2.5106712685325974,1.1999049647375315,1.3107663037950659,-0.0,0,0.01,0.01,0.15727096262762108,0.29910444084168697,41.05585913939674,0.01,0.09152129536806758,0.18810575197760626,7.12530033240187,0.01,0.08648729628213551,0.17573355545856575,6.837141034563649,0.01,0.12818471213074756,0.4022023391275327,16.900238536642505,0.01,0.12654268181126951,0.31931487017816007,3.3368269153485564,0.01,0.08116248738001326,0.13480495325027986,8.338619573792768
8.15,55.58761250000002,53.26439931926791,2.323213180732116,0.5867948819153015,27.540522334332096,0.09198073205554375,2.533197405503919,2.533197405503919,1.2164315768851652,1.3167658286187536,-0.0,0,0.01,0.01,0.15739403764775842,0.29923433713370473,41.334217407831666,0.01,0.09164858080862721,0.188235648269624,7.129011203151414,0.01,0.08661424690260029,0.1758634517505835,6.84212830334507,0.01,0.1279817193863855,0.40198095842390674,16.622293375347514,0.01,0.1263216703071,0.3190934894745341,3.3337106826205463,0.01,0.08107552265592159,0.13471786478628234,8.329842870375119
8.16,55.95464423348149,53.600587056685725,2.3540571767957617,0.5864527541151292,27.68008451864252,0.09232014592443705,2.555429441961828,2.555429441961828,1.232581455458649,1.3228479865031793,-0.0,0,0.01,0.01,0.1575167743489311,0.29936388778390877,41.61406089361932,0.01,0.09177552058120436,0.18836519891982806,7.133099513208156,0.01,0.08674085538491945,0.17599300240078758,6.847474650377527,0.01,0.1277781169242374,0.4017589055799711,16.346208312603217,0.01,0.126100033014949,0.31887143663059847,3.33020428131736,0.01,0.08098807899642307,0.1346302893148485,8.320496963579913
8.17,56.320621460296294,53.93664152444024,2.383979935856053,0.5863306698234505,27.81457244482022,0.09265861894366685,2.577259869245613,2.577259869245613,1.2482489754651405,1.3290108937804728,-0.0,0,0.01,0.01,0.1576392229883421,0.2994931443869043,41.89542696843633,0.01,0.09190216717886347,0.1884944555228236,7.137510871386692,0.01,0.08686717389485175,0.1761222590037831,6.853127915494429,0.01,0.1275738231995516,0.40153609516282385,16.071926127142728,0.01,0.12587767982896417,0.3186486262134512,3.3263474994475972,0.01,0.08090012266375046,0.13454219402899,8.310648441530732
8.18,56.685479936,54.27267339425201,2.412806541747992,0.5863750787488771,27.943002091244498,0.09299626007210018,2.5985946896726126,2.5985946896726126,1.2633425510148144,1.3352521386577985,-0.0,0,0.01,0.01,0.15776142428534748,0.2996221479824019,42.17830338393308,0.01,0.09202856369921687,0.18862345911832118,7.142164434933829,0.01,0.08699324513704296,0.1762512625992807,6.859010487870517,0.01,0.12736876943310504,0.40131245806268734,15.799443629751691,0.01,0.1256545342477544,0.31842498911331474,3.3222030249198102,0.01,0.08081162552588977,0.13445355224614017,8.300400562035724
8.19,57.04915571837035,54.60875922663159,2.440396491738761,0.5865205690087445,28.06460149797858,0.09333314305746823,2.619357466461672,2.619357466461672,1.2777886150487994,1.3415688514128725,-0.0,0,0.01,0.01,0.15788340665361567,0.29975092624295063,42.46262691153142,0.01,0.09215474092481989,0.18875223737886992,7.146957258023112,0.01,0.08711909945727947,0.1763800408598294,6.86502345648578,0.01,0.12716290478220438,0.40108794691380845,15.52881259401182,0.01,0.12543053917174424,0.31820047796443585,3.31785321473335,0.01,0.08072256737105353,0.13436434565240982,8.289888192003808
8.2,57.411585185185174,54.94493561935358,2.466649565831593,0.586693150175199,28.178842575967355,0.09366930099672495,2.6394924869876144,2.6394924869876144,1.2915346924994975,1.3479577944881167,-0.0,0,0.01,0.01,0.1580051840794224,0.29987949135868885,42.748284334403095,0.01,0.09228071505029604,0.18888080249460815,7.151769659797115,0.01,0.08724475259327721,0.1765086059755676,6.871051742733033,0.01,0.12695620064465443,0.40086254045999986,15.26013782808393,0.01,0.1252056617559512,0.3179750715106272,3.3133959351135513,0.01,0.08063293785123285,0.1342745661544416,8.279271236586037
8.21,57.772705052000035,55.281195342263764,2.4915097097362713,0.586813899315599,28.28546074575109,0.09400472296563937,2.6589669013597987,2.6589669013597987,1.3045514334091846,1.3544154679506142,-0.0,0,0.01,0.01,0.1581267547374421,0.3000078387082405,43.03511566609175,0.01,0.09240648615579539,0.18900914984415979,7.156471287023595,0.01,0.087370204172248,0.17663695332511928,6.8769699046448425,0.01,0.1267486538940892,0.40063624666192804,14.993572571253374,0.01,0.12497989708836356,0.3177487777125554,3.308939708173281,0.01,0.08054273796106731,0.13418421724996196,8.268726912952765
8.22,58.132452389925966,55.61748561481215,2.5149667751138107,0.5868027910702881,28.384461718380766,0.09433935284048822,2.6777717492376536,2.6777717492376536,1.3168335241199935,1.36093822511766,-0.0,0,0.01,0.01,0.15824810039804513,0.3001359463655342,43.3229193815345,0.01,0.09253203748842662,0.18913725750145352,7.160927527306466,0.01,0.08749543701554574,0.176765060982413,6.882648284152487,0.01,0.12654028889790625,0.4004091044051079,14.729311524529393,0.01,0.12475327052247225,0.3175216354557353,3.3045984283640415,0.01,0.08045198098104545,0.13409331485160964,8.258441271340365
8.23,58.49076464340743,55.953708578537395,2.537056064870035,0.5865825272064831,28.476115362934625,0.09467309032739564,2.6959218419284485,2.6959218419284485,1.3283994491901885,1.36752239273826,-0.0,0,0.01,0.01,0.15836918664080338,0.3002637754513924,43.61145937693628,0.01,0.09265733557282717,0.18926508658731164,7.165005935184221,0.01,0.08762041727034336,0.17689289006827114,6.887959174759585,0.01,0.12633115822857627,0.40018118373536626,14.467581926649727,0.01,0.12452583855874862,0.31729371478599366,3.30048592220988,0.01,0.08036069284005604,0.13400188752501083,8.2486003893844
8.24,58.847579648000014,56.28972391182777,2.5578557361722405,0.5860821840683641,28.56093722544589,0.09500579410901035,2.7134545216010815,2.7134545216010815,1.3392901316168704,1.374164389984211,-0.0,0,0.01,0.01,0.15848996384961866,0.3003912712981945,43.90047332327739,0.01,0.09278233113115673,0.18939258243411375,7.168582360784708,0.01,0.08774509534761964,0.17702038591507324,6.892782712874161,0.01,0.12612134204243877,0.3999525846191547,14.208633162545661,0.01,0.1242976882407496,0.3170651156697821,3.2967106187802706,0.01,0.08026891188034617,0.13390997613018588,8.239381666717893
8.25,59.20283564814816,56.625353433480036,2.577482214668126,0.5852405075858945,28.639658842973844,0.09533728691879208,2.730427372368918,2.730427372368918,1.3495665317266226,1.3808608406422955,-0.0,0,0.01,0.01,0.15861036892755961,0.30051836535766374,44.18968204119983,0.01,0.0929069607536327,0.18951967649358306,7.171546512523034,0.01,0.08786940760682777,0.17714747997454255,6.8970122355160655,0.01,0.12591094616420165,0.39972343429634255,13.95272544040297,0.01,0.12406893510363963,0.3168359653469699,3.2933705788600935,0.01,0.08017668803673221,0.1338176328839555,8.23094562733498
8.26,59.55647131496295,56.96038744941056,2.5960838655523903,0.5840087043809271,28.713188506788484,0.09566736226473846,2.7469150066546586,2.7469150066546586,1.3593063333537303,1.3876086733009285,-0.0,0,0.01,0.01,0.15873032763590644,0.30064497774760024,44.47879949918246,0.01,0.09303114922524544,0.18964628888351953,7.17380673494804,0.01,0.08799327869241495,0.17727409236447902,6.900558893856433,0.01,0.1257000989771981,0.39949388335984903,13.700118096649932,0.01,0.12383971978279798,0.31660641441047643,3.2905491009470547,0.01,0.0800840814701447,0.13372491988879306,8.223428600725638
8.27,59.90842576399998,57.29459251745941,2.613833246540569,0.5823526031118494,28.782564547170743,0.09599579245088716,2.7630050924744656,2.7630050924744656,1.3685998875067684,1.3944052049676972,-0.0,0,0.01,0.01,0.15884975743363097,0.30077102030473457,44.76754302055748,0.01,0.0931548123842311,0.18977233144065386,7.175293834465294,0.01,0.08811662439757247,0.17740013492161336,6.903355360595924,0.01,0.12548894727608606,0.3992641007566725,13.451058087305308,0.01,0.12361020345446506,0.3163766318072999,3.2883110855756756,0.01,0.07999116072196312,0.1336319071992863,8.216936603376725
8.28,60.25863857303701,57.62772024208055,2.630918330956465,0.5802540913631302,28.848903521409902,0.09632233748956541,2.7787938211931564,2.7787938211931564,1.3775456167879252,1.401248204405231,-0.0,0,0.01,0.01,0.15896857067183298,0.3008963999890502,45.055643277166894,0.01,0.09327786036462629,0.18989771112496953,7.175963834990089,0.01,0.08823935490758103,0.17752551460592902,6.905358515654796,0.01,0.12527765128742643,0.39903426795575647,13.2057692010443,0.01,0.12338056233598718,0.31614679900638387,3.286700298978359,0.01,0.07989800047886753,0.1335386705198108,8.211540682128566
8.290000000000001,60.60704979985189,57.95951666661751,2.647533133234381,0.5777117687161848,28.91334587435576,0.09664675446244543,2.7943810394066206,2.7943810394066206,1.3862451069174497,1.4081359324891707,-0.0,0,0.01,0.01,0.15908667798343362,0.3010210224708469,45.34285364917608,0.01,0.09340020105977974,0.1900223336067662,7.1757995904615415,0.01,0.0883613782598596,0.1776501370877257,6.906551036999901,0.01,0.12506637910213297,0.3988045725672865,12.964442486217033,0.01,0.12315098151745865,0.31591710361791386,3.285737635007853,0.01,0.07980467905695536,0.1334452886450855,8.207273914262535
8.3,60.95360000000005,58.28973180775191,2.6638681922481333,0.5747407945391039,28.97700170172346,0.09696880687531631,2.809865281840134,2.809865281840134,1.3947981238163765,1.4150671580237577,-0.0,0,0.01,0.01,0.15920399170221314,0.301144795726049,45.62895854437993,0.01,0.09352174363659874,0.1901461068619683,7.174811221083743,0.01,0.08848260385087599,0.17777391034292783,6.906941861271314,0.01,0.12485530079032851,0.39857520172348443,12.727228322588388,0.01,0.12292164842729321,0.3156877327741118,3.2854204321252767,0.01,0.07971127572767081,0.13335184076802603,8.20413018702073
8.31,61.29823024459261,58.61812887555828,2.680101369034331,0.571371947762212,29.04089918087404,0.09728827356038865,2.82533894394854,2.82533894394854,1.4032977953057002,1.4220411486428397,-0.0,0,0.01,0.01,0.15932042914719896,0.30126763346796054,45.91378029914719,0.01,0.09364240193167775,0.19026894460387983,7.1730353764570625,0.01,0.08860294582154636,0.17789674808483932,6.906565513689268,0.01,0.1246445824824113,0.39834633554140253,12.494230490795152,0.01,0.12269274624999274,0.31545886659202993,3.2857228607209024,0.01,0.07961786801591524,0.1332584037860132,8.20206480388067
8.32,61.64088213807407,58.94449274335142,2.6963893947226563,0.5676499536378737,29.10593804850958,0.09760495671012609,2.840883823232389,2.840883823232389,1.411826185613021,1.4290576376193682,-0.0,0,0.01,0.01,0.1594359156181937,0.3013894582545801,46.197184329361214,0.01,0.09376209756996863,0.19039076939049937,7.170533363136187,0.01,0.08872232616233065,0.17801857287145886,6.905480339898459,0.01,0.12443438069953622,0.3981181409829578,12.265502500203484,0.01,0.12246444761437972,0.3152306720335851,3.2865973553183823,0.01,0.07952452910207429,0.13316504973691543,8.200996888206156
8.33,61.98149783600001,59.26863727308419,2.7128605629158216,0.5636311673883275,29.172850211494495,0.09791868867627969,2.8565672376590694,2.8565672376590694,1.420450469111636,1.4361167685474332,-0.0,0,0.01,0.01,0.15955038696523657,0.30151020412909063,46.479082265946055,0.01,0.09388076266360182,0.19051151526500992,7.16738820885045,0.01,0.08884067739622267,0.17813931874596944,6.903765706370632,0.01,0.12422483720232681,0.3978907664066056,12.041046331692819,0.01,0.12223690885486038,0.31500329745723293,3.2879770263328534,0.01,0.079431325454461,0.13307184348980472,8.200813477027046
8.34,62.320020062814805,59.59041116231893,2.7296089004958777,0.5593807349861092,29.24216919233167,0.09822933723426054,2.8724388990548517,2.8724388990548517,1.4292198781618604,1.4432190208929914,-0.0,0,0.01,0.01,0.1596637916180417,0.3016298186762107,46.7594328947807,0.01,0.09399834197180448,0.19063112981213,7.163700771921282,0.01,0.08895794472120126,0.1782589332930895,6.901518271758342,0.01,0.12401607459923818,0.39766433706955606,11.820813638797416,0.01,0.1220102651177418,0.3147768681201834,3.2897789470903622,0.01,0.07933831480702437,0.13297884080254616,8.201375122737197
8.35,62.656392129629644,59.90970205470186,2.746690074927785,0.5549693755417231,29.314209654845026,0.09853680909273893,2.8885286804639887,2.8885286804639887,1.4381635601801879,1.4503651202838008,-0.0,0,0.01,0.01,0.15977609198969908,0.3017482644074354,47.03824082374457,0.01,0.09411479443127059,0.19074957554335467,7.1595850430266825,0.01,0.08907408752214654,0.17837737902431416,6.898847469711336,0.01,0.12380819291702094,0.39743895179101635,11.604709332906008,0.01,0.12178462654084701,0.3145514828416437,3.2919081743807848,0.01,0.07924554457967276,0.13288608683989486,8.202522748838067
8.36,62.990557951999975,60.226438743547774,2.7641192084522013,0.5504699466343826,29.389057751275693,0.09884105151727508,2.9048453712380136,2.9048453712380136,1.4472894331533115,1.4575559380847019,-0.0,0,0.01,0.01,0.15988726520068772,0.3018655194222272,47.31555291490845,0.01,0.09423009399831626,0.19086683055814652,7.155162825943817,0.01,0.0891890801942322,0.17849463403910604,6.895870382821635,0.01,0.1236012672872139,0.397214680928071,11.392597360857655,0.01,0.12156007567995677,0.3143272119786984,3.294262326106778,0.01,0.07915305081608777,0.13279361522235938,8.204085442694366
8.370000000000001,63.322462067703725,60.54059139311616,2.781870674587564,0.5459539625353749,29.46657250389384,0.09914205203035703,2.921376464337331,2.921376464337331,1.4565840790868623,1.4647923852504683,-0.0,0,0.01,0.01,0.15999730310293825,0.301981577328211,47.59145264094919,0.01,0.09434422977808375,0.1909828884641303,7.150558022128782,0.01,0.08930291225376417,0.17861069194508977,6.892706225193926,0.01,0.12339534684701625,0.39699156574955985,11.18430837224498,0.01,0.12133666629280583,0.31410409680018725,3.2967365094571566,0.01,0.07906085768765311,0.13270144764911432,8.205888816118835
8.38,63.65204965451854,60.852169799573794,2.799879854944748,0.5414882352081876,29.546397907531762,0.09943983624373914,2.9380889695173154,2.9380889695173154,1.4660136638714127,1.4720753056459026,-0.0,0,0.01,0.01,0.16010621161762703,0.3020964464395601,47.866052642432095,0.01,0.09445720545029901,0.19109775757547934,7.145890776867368,0.01,0.08941558774670147,0.17872556105643883,6.889470683703969,0.01,0.12319045489309428,0.39676961922319387,10.979648875617604,0.01,0.12111442352373272,0.31388215027382127,3.2992283699082185,0.01,0.07896897758348541,0.13260959410913073,8.207763528458653
8.39,63.979266548000034,61.16121980853201,2.8180467394680213,0.5371317992817732,29.62798493891451,0.09973446396782713,2.954931196329494,2.954931196329494,1.4755258223642342,1.4794053739652597,-0.0,0,0.01,0.01,0.16021400943294828,0.30221014830724324,48.1394858681987,0.01,0.09456903803404854,0.19121145944316256,7.141271767892914,0.01,0.08952712399806145,0.17883926292412206,6.886270390891053,0.01,0.12298659026588334,0.39654882816090187,10.778411404068164,0.01,0.12089334546309329,0.31366135921152927,3.301643017861659,0.01,0.07887741177708225,0.1325180536650268,8.209553550010654
8.4,64.30405925925925,61.467818093627656,2.836241165631594,0.532933265435318,29.71062220738008,0.1000260238227214,2.9718354047032753,2.9718354047032753,1.4850524016261946,1.4867830030770808,-0.0,0,0.01,0.01,0.16032072613776088,0.30232271566593655,48.41189576447006,0.01,0.09467975606423908,0.19132402680185584,7.1367969261088255,0.01,0.08963754977558835,0.17895183028281536,6.883197811206918,0.01,0.12278372988279163,0.3963291566007441,10.58038515739053,0.01,0.12067340598869722,0.3134416876513714,3.30389758834599,0.01,0.07878615163137329,0.1324268157655409,8.211123749344742
8.41,64.62637499274076,61.77206557655402,2.854309416186741,0.528928722819712,29.793473600077565,0.10031462664264512,2.988721180579285,2.988721180579285,1.4945129154940728,1.4942082650852118,-0.0,0,0.01,0.01,0.16042639989237129,0.30243418990871374,48.683426032691436,0.01,0.09478939727853136,0.19143550104463303,7.132542868820073,0.01,0.0897469029671273,0.17906330452559252,6.880326813345693,0.01,0.12258183228429619,0.39611055024413877,10.385366564595415,0.01,0.12045455873513763,0.31322308129476617,3.305925201747726,0.01,0.0786951802774923,0.13233586201652375,8.212366417965832
8.42,64.94616166400004,62.07407982959451,2.872081834405528,0.5251402816827313,29.875620979884854,0.10060039801680187,3.0054993615755325,3.0054993615755325,1.5038185319128505,1.5016808296626822,-0.0,0,0.01,0.01,0.16053107475766426,0.30254461822090845,48.95421049681516,0.01,0.09489800593449729,0.1915459293568277,7.12856329640168,0.01,0.08985522789199231,0.1791737328377872,6.877709172649983,0.01,0.12238084200985026,0.39589294171764683,10.193169219759078,0.01,0.1202367419839489,0.3130054727682742,3.3076781206954378,0.01,0.07860447467975153,0.13224516831828936,8.213206399029609
8.43,65.26336791748147,62.3739868443283,2.889381073153171,0.5215753139663096,29.956109798612708,0.10088347034307173,3.0220763144621454,3.0220763144621454,1.512876392139899,1.5091999223222463,-0.0,0,0.01,0.01,0.16063479781748138,0.30265405051792116,49.2243636052646,0.01,0.09500562989168879,0.19165536165384048,7.124886554098855,0.01,0.08996257238138998,0.17928316513479997,6.8753721995864225,0.01,0.12218069458299623,0.3956762563915106,10.00363268579502,0.01,0.12001988422554051,0.312788787442138,3.30912993928837,0.01,0.07851400798122075,0.13215470726014708,8.213604561388584
8.44,65.57794314429626,62.67191257304145,2.906030571254807,0.5182264141828089,30.033995399005683,0.10116397478517884,3.038358353243188,3.038358353243188,1.521594048960242,1.516764304282946,-0.0,0,0.01,0.01,0.1607376162360374,0.3027625363377407,49.49397204464298,0.01,0.09511231760164501,0.19176384747366,7.121514494169259,0.01,0.09006898477108936,0.17939165095461945,6.8733176255607,0.01,0.12198132185877003,0.39546041846418784,9.816629732416384,0.01,0.11980391011470663,0.3125729495148152,3.3102766936054446,0.01,0.07842375201183414,0.13206445065173017,8.213559451093573
8.45,65.88983749999997,62.96797465186906,2.9218628481309024,0.5150720672722017,30.108387798701965,0.10144203351887614,3.054256084275246,3.054256084275246,1.5298838097474987,1.5243722745277473,-0.0,0,0.01,0.01,0.16083957439207647,0.3028701218374718,49.76308786563148,0.01,0.09521811515031983,0.1918714329733911,7.118422695368336,0.01,0.09017451095073861,0.1794992364543506,6.871521801400098,0.01,0.12178265747250225,0.39524535701403696,9.632071670694748,0.01,0.11958874652641081,0.31235788806466436,3.311136843263222,0.01,0.07833367983457182,0.13197437206576523,8.213107053733554
8.46,66.1990019223704,63.26227469725913,2.9367272251112686,0.5120779762290005,30.17849287433733,0.1017177526291011,3.0696884729109346,3.0696884729109346,1.53766677933445,1.5320216935764845,-0.0,0,0.01,0.01,0.1609407112245544,0.3029768470344923,50.03172342474034,0.01,0.09532306349200022,0.19197815817041158,7.115562013429845,0.01,0.09027919160856333,0.17960596165137105,6.869937182988981,0.01,0.12158464212793271,0.39503101172610056,9.449911560407978,0.01,0.11937432841796965,0.3121435427767279,3.311750138017371,0.01,0.0782437682051631,0.13188444926826068,8.21231870492034
8.47,66.50538814918518,63.554891531440184,2.950496617744998,0.5091989717104016,30.24364808579398,0.10199121597967044,3.08458644393136,3.08458644393136,1.544876416458203,1.539710027473157,-0.0,0,0.01,0.01,0.1610410579113792,0.3030827434176453,50.29984833741422,0.01,0.09542719600184627,0.1920840545535646,7.1128613556012406,0.01,0.09038305979799774,0.17971185803452405,6.868495000718174,0.01,0.12138722847401212,0.3948173380227967,9.270145188852066,0.01,0.1191606042174706,0.3119298690734241,3.312175446085916,0.01,0.07815399982676857,0.13179466641947649,8.211297285834721
8.48,66.80894873600002,63.84587564050314,2.9630730954968745,0.5063813999641812,30.303351186051266,0.10226248032238444,3.098895854365873,3.098895854365873,1.5514614448104247,1.547434409555448,-0.0,0,0.01,0.01,0.1611406359839472,0.30318783203305544,50.567388527212174,0.01,0.09553053645635984,0.19218914316897473,7.110231501758373,0.01,0.09048613893477067,0.1798169466499342,6.8671089413180955,0.01,0.12119038534309748,0.3946043113608316,9.09280984263964,0.01,0.11894754048531628,0.311716842411459,3.3124876770270633,0.01,0.07806436529276504,0.13170501594192474,8.210171928921875
8.49,67.10963707392594,64.13524510347096,2.9743919704549686,0.503565865292101,30.357280734166032,0.10253157184648742,3.112579710659133,3.112579710659133,1.5573879938796331,1.5551917167795,-0.0,0,0.01,0.01,0.16123945595691486,0.30329212212390716,50.834227350129325,0.01,0.09563309752831325,0.19229343325982645,7.107569739849032,0.01,0.0905884413100473,0.17992123674078592,6.8656796180223205,0.01,0.12099410115714107,0.3943919305007829,8.917981008668608,0.01,0.11873512563463554,0.3115044615514103,3.312773977694804,0.01,0.0779748646273631,0.13161549996925737,8.20909153042883
8.5,67.40740740740739,64.42298315583486,2.984424251572542,0.5006901895916934,30.40530764777013,0.10279848429579623,3.1256195407381506,3.1256195407381506,1.5626408839892525,1.5629786567488981,-0.0,0,0.01,0.01,0.16133751652610773,0.3033956103752013,51.10020867808774,0.01,0.09573487985613263,0.1923969215111206,7.10476504821608,0.01,0.09068996717861559,0.18002472499208008,6.864099571283527,0.01,0.12079838635110801,0.39418021960819005,8.745767240626348,0.01,0.11852337254484167,0.31129275065881745,3.313129412224446,0.01,0.07788550835441976,0.13152613131125793,8.208217417494778
8.51,67.70221485200001,64.70903747027522,2.9931773817247884,0.4976924446575169,30.447497475556112,0.10306317870319985,3.1380158733884658,3.1380158733884658,1.5672240122196213,1.5707918611688445,-0.0,0,0.01,0.01,0.16143480435904448,0.30349828078454133,51.36514174466828,0.01,0.09583587171880367,0.19249959192046065,7.10170354269576,0.01,0.09079070445218347,0.18012739540142014,6.862258528261428,0.01,0.12060327471204649,0.3939692291029454,8.576303508094885,0.01,0.11831231995834411,0.31108176015357275,3.3136523548383536,0.01,0.07779631804840052,0.1314369338941887,8.207715547212947
8.52,67.99401541214814,64.99332115458114,3.0006942575670053,0.4945139129151287,30.484103517456667,0.10332558471444478,3.149787820436873,3.149787820436873,1.5711598392069304,1.5786279812299424,-0.0,0,0.01,0.01,0.16153129447369355,0.30360010514986047,51.628807490490274,0.01,0.09593604931754814,0.1926014162857798,7.09827391084146,0.01,0.09089062899810821,0.18022921976673928,6.860048653719394,0.01,0.12040882358549607,0.39375903523451866,8.409743404093904,0.01,0.11810203261052503,0.310871566285146,3.314439827851855,0.01,0.07770732634683876,0.1313479426612811,8.207748622696878
8.53,68.2827659989629,65.27571538598454,3.0070506129783605,0.4911018388661992,30.51555134909943,0.10358560339880102,3.1609717995435607,3.1609717995435607,1.5744880191175836,1.586483780425977,-0.0,0,0.01,0.01,0.16162695117317416,0.3037010441361001,51.890966095177,0.01,0.09603537763632448,0.19270235527201937,7.094372576136033,0.01,0.09098970551481733,0.18033015875297886,6.857369544499628,0.01,0.1202151129556307,0.39354973842123187,8.24625062310343,0.01,0.11789260010462667,0.31066226947185926,3.3155830079494466,0.01,0.07761857642962863,0.13125920294402374,8.208468499782304
8.540000000000001,68.56842444800003,65.55607352588166,3.0123509221183804,0.48741184624858175,30.542415697742452,0.10384311137673326,3.171619475015156,3.171619475015156,1.5772632544935905,1.5943562205215651,-0.0,0,0.01,0.01,0.1617217294784925,0.30380104885649917,52.151365346221425,0.01,0.09613381182609478,0.19280235999241843,7.089908367028633,0.01,0.091087888928242,0.18043016347337792,6.8541327503769125,0.01,0.12002224345904174,0.393341460449684,8.085990136035798,0.01,0.11768413460318698,0.31045399150031133,3.317163103953626,0.01,0.07753012099586945,0.1311707693399175,8.210009229427575
8.55,68.85094953703707,65.83422649252253,3.0167230445145314,0.4834099140508095,30.565390951919394,0.10409796603701577,3.181795029221014,3.181795029221014,1.579552492426981,1.6022425367940332,-0.0,0,0.01,0.01,0.16181557697922572,0.3039000628815058,52.40974947120878,0.01,0.09623129903408531,0.19290137401742505,7.084806504570452,0.01,0.09118512623006045,0.18052917749838454,6.850265641111455,0.01,0.11983033344182606,0.39313434068294817,7.929119483644607,0.01,0.11747676746326798,0.31024687173357557,3.319247781771578,0.01,0.07744202079259402,0.13108270415541992,8.212481039277028
8.56,69.13030100385188,66.10998911455084,3.0203118893010386,0.47907382716880964,30.585256852323326,0.10435001157025554,3.1915719064191768,3.1915719064191768,1.5814316071630086,1.610140299256168,-0.0,0,0.01,0.01,0.16190843600429936,0.3039980245703316,52.6658680478168,0.01,0.09632778058003984,0.19299933570625089,7.079011764371724,0.01,0.09128135865951198,0.18062713918721038,6.845714479486603,0.01,0.11963951521333607,0.39292853147098994,7.775780587552529,0.01,0.117270644991351,0.3100410625216173,3.3218882793685562,0.01,0.07735434277049241,0.130995075492859,8.215965506141165
8.57,69.40643956400004,66.38316714754484,3.0232724164552036,0.47439404359604437,30.60284109663924,0.10459908551430444,3.201029192848038,3.201029192848038,1.582981735556055,1.618047457291983,-0.0,0,0.01,0.01,0.16200024600236376,0.30409486960755094,52.91948460566243,0.01,0.09642319436754666,0.19309618074347024,7.072490710187003,0.01,0.09137652411680033,0.18072398422442973,6.840446599751104,0.01,0.1194499306855779,0.3927241929919405,7.626092441501022,0.01,0.11706592353319745,0.3098367240425679,3.3251173192191614,0.01,0.07726715795874117,0.13090795507625938,8.2205121126101
8.58,69.67932692859259,66.65356461059305,3.0257623179995417,0.4693739484095923,30.618980689850364,0.10484502549067326,3.210247810925794,3.210247810925794,1.5842854449560306,1.6259623659697635,-0.0,0,0.01,0.01,0.16209094601422241,0.30419053362035914,53.17038454582328,0.01,0.09651747741042628,0.19319184475627843,7.065232936162915,0.01,0.09147055968816185,0.18081964823723792,6.834451628781024,0.01,0.11926172661324232,0.3925214877768306,7.480144996744092,0.01,0.11686276414243235,0.309634018827458,3.328947889026698,0.01,0.07718053916349006,0.13082141592254762,8.226136317922062
8.59,69.94892582207407,66.92099109135626,3.0279347307178215,0.4640294941710274,30.63448388186551,0.10508767581018955,3.21930671078996,3.21930671078996,1.585422917595416,1.6338837931945436,-0.0,0,0.01,0.01,0.16218047711847466,0.30428495475133227,53.41838202871227,0.01,0.0966105683520966,0.19328626588725156,7.057251291812801,0.01,0.09156340416072749,0.18091406936821108,6.82774172284057,0.01,0.1190750496646391,0.3923205751821065,7.337994496898568,0.01,0.11666132708788764,0.30943310623273385,3.3333729251430357,0.01,0.07709455860187153,0.13073552997094945,8.232819207726651
8.6,70.21519999999998,67.18526867620804,3.0299313237919514,0.4583882563655185,30.650094458181986,0.1053268936404578,3.2282792390669193,3.2282792390669193,1.5864683312843986,1.6418109077825207,-0.0,0,0.01,0.01,0.16226878473590578,0.30437807606667566,53.66332552035548,0.01,0.09670240985967339,0.19337938720259495,7.048581098560348,0.01,0.0916550004092434,0.18100719068355448,6.82035082638168,0.01,0.11889004155782987,0.39212160607319285,7.199660450862372,0.01,0.11646176646322252,0.3092341371238202,3.3383658973040977,0.01,0.07700928558524277,0.13065036578424846,8.240508720889572
8.61,70.47811426681477,67.44623818632117,3.0318760804936082,0.45248795981419515,30.666459992646594,0.10556255445615209,3.2372298529511654,3.2372298529511654,1.5874866035122226,1.6497432494389428,-0.0,0,0.01,0.01,0.162355820687833,0.30446984769064245,53.90510174059242,0.01,0.0967929507839175,0.19347115882656174,7.039278399917945,0.01,0.09174529754614053,0.18109896230752123,6.812332991683112,0.01,0.11870683448902256,0.3919247179686461,7.065124359286536,0.01,0.11626422515303102,0.30903724901927343,3.3438822586733346,0.01,0.07692478436167208,0.13056598643089537,8.249122385483712
8.620000000000001,70.73763449362963,67.70376443963899,3.0338700539906402,0.4463745563280024,30.684105443577117,0.1057945565341503,3.2462113280503484,3.2462113280503484,1.5885306455938442,1.657680682456504,-0.0,0,0.01,0.01,0.16244154491798726,0.30456022857243326,54.14363782573263,0.01,0.09688214799035433,0.19356153970835252,7.029417320119406,0.01,0.0918342527407154,0.181189343189312,6.803759830200356,0.01,0.1185255470623478,0.3917300308687446,6.9343302323296365,0.01,0.11606883038818627,0.308842561919372,3.349861691630245,0.01,0.07684111221863081,0.13048244764695743,8.258551431926481
8.63,70.99372763600002,67.95774031049676,3.0359873255032577,0.440099954058303,30.703413188000706,0.10602282430678202,3.255262582049933,3.255262582049933,1.5896392463654596,1.6656233356844734,-0.0,0,0.01,0.01,0.1625259268057821,0.3046491878116008,54.37890159918206,0.01,0.09696996778511473,0.19365049894752007,7.019086638513668,0.01,0.09192183263145139,0.18127830242847956,6.794717198611228,0.01,0.11834628090254248,0.39153764395602175,6.807186856182066,0.01,0.11587569009078237,0.30865017500664915,3.3562310478892967,0.01,0.0767583179329199,0.13039979636208546,8.268666090840073
8.64,71.24636175170367,68.20808942058196,3.038272331121722,0.4337195140588616,30.72461025829998,0.10624731044534481,3.2644072044258237,3.2644072044258237,1.590835672509523,1.6735715319163007,-0.0,0,0.01,0.01,0.16260894602001655,0.3047367054907608,54.61089993503085,0.01,0.09705638688026848,0.19373801662668014,7.008385719304241,0.01,0.09200801427677327,0.18136582010763963,6.785301254433292,0.01,0.11816911809632005,0.39134763331011424,6.683571685863029,0.01,0.11568489016747124,0.30846016436074164,3.3629078518897706,0.01,0.07667644063676493,0.130318069654802,8.279321828749737
8.65,71.49550601851851,68.45476736378973,3.0407386547287776,0.42728943877024916,30.74776318760252,0.10646799660956116,3.2736527468092547,3.2736527468092547,1.5921270365304063,1.6815257102788483,-0.0,0,0.01,0.01,0.16269059288510962,0.30482277298909727,54.839675296205385,0.01,0.09714139286654606,0.19382408412501656,6.997419967053565,0.01,0.09209278561268733,0.18145188760597603,6.775614046726794,0.01,0.11799411956618712,0.3911600507277121,6.563336165162215,0.01,0.11549649286144462,0.30827258177833944,3.3698042101713335,0.01,0.07659550914770191,0.13023729418046354,8.290366228669768
8.66,71.741130752,68.69776143985874,3.0433693121412677,0.4208641800363949,30.772780502185448,0.10668489286364456,3.282990790992105,3.282990790992105,1.5935044455306047,1.6894863454615003,-0.0,0,0.01,0.01,0.16277086825572068,0.3049073927755051,55.06530062475314,0.01,0.0972249841852307,0.1939087039114244,6.9862960057434105,0.01,0.09217614540967581,0.1815365073923839,6.765758834555438,0.01,0.11782132443430617,0.3909749236830355,6.446312205258582,0.01,0.11531053622028213,0.30808745473366284,3.3768309481397867,0.01,0.07651554178645882,0.13015748609138206,8.301646188635077
8.67,71.98320742325929,68.93708894381773,3.0461184794415526,0.4144939907647982,30.799422538552598,0.10689803582294133,3.292397773852102,3.292397773852102,1.594943906162949,1.6974538676891533,-0.0,0,0.01,0.01,0.16284978291893723,0.30499057770500587,55.28787285111322,0.01,0.09730716961452761,0.19399188884092516,6.975116800567874,0.01,0.09225810274476022,0.18161969232188466,6.755835347071398,0.01,0.11765075038600338,0.39079225640800674,6.332319495463457,0.01,0.11512703468207539,0.3079047874586341,3.3839017810519216,0.01,0.07643654668274548,0.1300786514440573,8.313015091046973
8.68,72.22170867674077,69.17279412664234,3.048914550098427,0.4082227346997685,30.82731792650904,0.10710748565369115,3.301836512555343,3.301836512555343,1.5964079253353747,1.7054285872199682,-0.0,0,0.01,0.01,0.16292735656500779,0.30507234986509196,55.50750536439771,0.01,0.09738796730782444,0.19407366100101126,6.963976953994819,0.01,0.09233867602675783,0.18170146448197078,6.745935211425896,0.01,0.11748239499501469,0.39061203201703465,6.221173276737155,0.01,0.11494598072837386,0.30772456306766205,3.390937319966113,0.01,0.07635852254495613,0.1300007870645771,8.324339593147148
8.69,72.456608348,69.404944003759,3.0516643442410034,0.40208605358689115,30.85598578297723,0.10731332209956455,3.31125834102822,3.31125834102822,1.597847714181575,1.713410626846645,-0.0,0,0.01,0.01,0.1630036163868679,0.30515273903883083,55.724319841748596,0.01,0.09746740344099067,0.19415405017475013,6.952958408189366,0.01,0.09241789163246901,0.18178185365570965,6.7361377751875295,0.01,0.11731623792781132,0.39043421555186064,6.112692184709018,0.01,0.11476734750222156,0.307546746602488,3.3978687174500712,0.01,0.07628145984749646,0.12992388182122103,8.335505704662578
8.700000000000001,72.68788148148154,69.63362323921783,3.054258242263721,0.39610997116953545,30.88486241768418,0.10751563974999363,3.3206057414278494,3.3206057414278494,1.5992058760102967,1.7213998654175529,-0.0,0,0.01,0.01,0.16307859538459898,0.3052317808679694,55.938437866567526,0.01,0.09754551054240693,0.19423309200388875,6.942126772768795,0.01,0.09249578222802361,0.18186089548484824,6.726506537103543,0.01,0.11715224390443375,0.3902587577796738,6.006705766233912,0.01,0.11459109224526362,0.3073712888303011,3.4046407727772174,0.01,0.07620534236989092,0.12984791823427738,8.34642385331128
8.71,72.91550434829627,69.8589283721549,3.0565759761413602,0.3903099901247801,30.913331171639577,0.10771454279515583,3.329815333428396,3.329815333428396,1.6004194386307913,1.7293958947976045,-0.0,0,0.01,0.01,0.1631523304628028,0.3053095148112181,56.149972770638534,0.01,0.09762232559212092,0.1943108259471374,6.931528469015963,0.01,0.09257238486223165,0.18193862942809688,6.71708637259468,0.01,0.11699036625998785,0.39008559954471456,5.903061293360845,0.01,0.11441716037164672,0.30719813059534196,3.41121434235044,0.01,0.07613014900595383,0.12977287433797907,8.357032691500367
8.72,73.13945446400001,70.08096167695398,3.0584927870460334,0.384690712538335,30.940753899647724,0.10791013952967396,3.3388210704642898,3.3388210704642898,1.6014230784735317,1.7373979919907583,-0.0,0,0.01,0.01,0.1632248604162078,0.3053859819999016,56.35902211369455,0.01,0.09769788798491527,0.19438729313582084,6.9211888401100214,0.01,0.09264773892704736,0.18201509661678034,6.7079016995219085,0.01,0.11683055092577489,0.3899146764512913,5.801629540127021,0.01,0.11424548996981551,0.3070272075019187,3.4175679370604994,0.01,0.07605585574985045,0.129698725698967,8.367301464841672
8.73,73.35971060637041,70.299824958455,3.0598856479154035,0.37924598823677125,30.966502572377,0.1081025368711982,3.3475574861024384,3.3475574861024384,1.6021523787193126,1.745405107383126,-0.0,0,0.01,0.01,0.1632962239014145,0.3054612230950511,56.565661168423155,0.01,0.09777223745587409,0.19446253423097037,6.911111323833644,0.01,0.0927218840838999,0.18209033771192987,6.69895567777179,0.01,0.11667274063296823,0.3897459236453771,5.7023092485555,0.01,0.11407601650740157,0.3068584546960044,3.4236984321593567,0.01,0.07598243775929547,0.12962544749020724,8.377230841404543
8.74,73.57625283318515,70.51561357860588,3.0606392545792764,0.3739595696288475,30.989989511536383,0.10829183515125831,3.355962835522522,3.355962835522522,1.6025469662457992,1.7534158692767228,-0.0,0,0.01,0.01,0.16336645749054776,0.30553527624684024,56.76993771277492,0.01,0.09784541206617245,0.19453658738275956,6.9012777234658,0.01,0.09279485825360077,0.18216439086371905,6.690230476781515,0.01,0.11651687913539376,0.38957928046291546,5.605030086425677,0.01,0.11390867750972815,0.3066918115135428,3.4296208640829806,0.01,0.07590987139463728,0.1295530165189471,8.3868521841362
8.75,73.7890625,70.72841099183611,3.06065150816388,0.3688062279458346,31.010694879437434,0.10847812341497173,3.363981986315646,3.363981986315646,1.6025533822076943,1.7614286041079519,-0.0,0,0.01,0.01,0.16343559389593892,0.3056081752493662,56.97186835137689,0.01,0.09791744634141669,0.19460948638528547,6.891649549128077,0.01,0.09286669576195315,0.18223728986624496,6.681688583247985,0.01,0.11636291525142636,0.38941469472521395,5.5097539854810815,0.01,0.11374341698897025,0.3065272257758413,3.4353673388847397,0.01,0.07583813613607629,0.12948141311194214,8.396225332226615
8.76,73.99812227792592,70.93828403456803,3.0598382433578983,0.36375326502991556,31.02819021442033,0.10866147543478386,3.3715689287700354,3.3715689287700354,1.6021275577510452,1.7694413710189902,-0.0,0,0.01,0.01,0.16350366044426884,0.30567994797168957,57.17143650000773,0.01,0.09798836964526936,0.19468125910760886,6.882170340843496,0.01,0.09293742572341124,0.18230906258856835,6.6732750620154855,0.01,0.1162108065379135,0.3892521264843477,5.416474838526634,0.01,0.11358018941811532,0.3063646575349751,3.440985124898283,0.01,0.07576721628943708,0.12941062277041607,8.40543503442053
8.77,74.20341617140741,71.14527894029202,3.0581372311154005,0.35875592436307885,31.042158196613713,0.10884194640177793,3.378688918631341,3.378688918631341,1.6012369098235957,1.7774520088077455,-0.0,0,0.01,0.01,0.1635706784341146,0.3057506172539159,57.368706967924254,0.01,0.09805820512861749,0.19475192838983518,6.872818595636527,0.01,0.09300707102600324,0.1823797318707947,6.664973007322558,0.01,0.1160605224399402,0.38909155123248895,5.325218126719782,0.01,0.11341896308521043,0.30620408228311635,3.4465354502721737,0.01,0.07569710241582922,0.12934063759873643,8.414590918124592
8.78,74.40492953600001,71.34935636444595,3.055573171554058,0.3535092345271069,31.05272036728905,0.1090195166378953,3.385352564733579,3.385352564733579,1.5998943713767155,1.7854581933568636,-0.0,0,0.01,0.01,0.16363671703350227,0.30582026634796744,57.56462805734529,0.01,0.09812700977237526,0.1948215774838867,6.864273042342561,0.01,0.0930756902030367,0.1824493809648462,6.657457448525325,0.01,0.11591206087911142,0.3889330105467491,5.236339544782448,0.01,0.1132597427576752,0.3060455415973765,3.452332245022041,0.01,0.07562780554011077,0.1292714784403293,8.424391802625733
8.790000000000001,74.60264909614821,71.55030687283671,3.052342223311502,0.3478469468326113,31.0608616333181,0.10919401902259214,3.391660316046639,3.391660316046639,1.5982026508328917,1.7934576652137473,-0.0,0,0.01,0.01,0.16370177942532446,0.3058888725340507,57.757243029458664,0.01,0.09819481137961851,0.19489018366997005,6.855158604702309,0.01,0.09314330867347104,0.18251798715092954,6.649329579538368,0.01,0.11576551226813653,0.3887766783604337,5.150535871397323,0.01,0.11310264841347405,0.30588920941106107,3.458836476408266,0.01,0.07555939414687037,0.12920322395029737,8.435562677320476
8.8,74.79656296296301,71.7478941741632,3.0486687887998007,0.34178955365224,31.067706378121986,0.10936526443680217,3.3977279234882363,3.3977279234882363,1.5962792450203245,1.8014486784679118,-0.0,0,0.01,0.01,0.1637657890793176,0.3059563537727095,57.94619145778031,0.01,0.09826154441863302,0.1949576649086288,6.845059957392202,0.01,0.09320985839300347,0.18258546838958833,6.640222918996341,0.01,0.11561930021673647,0.3886227502028957,5.083188323618465,0.01,0.11294786446641102,0.3057352812535231,3.466144347929633,0.01,0.07549195608478274,0.1291359624164585,8.448136627013172
8.81,74.98666065200001,71.94195869346507,3.0447019585349495,0.3356162382352829,31.07399786311015,0.10953313143798327,3.4036322922436555,3.4036322922436555,1.594202217550642,1.8094300746930134,-0.0,0,0.01,0.01,0.16382868646828289,0.30602265416747254,58.13177765064267,0.01,0.09832714239487654,0.19502396530339186,6.834291472398881,0.01,0.0932752731726545,0.18265176878435135,6.630466913681088,0.01,0.11546908250570996,0.3884713624439927,5.073000804776979,0.01,0.11279555811026346,0.3055838934946201,3.4739939630578087,0.01,0.0754255628857355,0.12906975645525523,8.461480185932846
8.82,75.17293310103707,72.1325169890869,3.040416111950187,0.329571420174909,31.079601051823264,0.10969765131870048,3.409359239307225,3.409359239307225,1.5919581535264582,1.8174010857807665,-0.0,0,0.01,0.01,0.1638904676613277,0.306087777994869,58.3145926533588,0.01,0.098391587345739,0.19508908913078826,6.82345746890477,0.01,0.09333953690124672,0.18271689261174776,6.620652614929348,0.01,0.1153191414470533,0.38832251414571184,5.08251518545487,0.01,0.11264578650602686,0.30543504519633924,3.4818894612247018,0.01,0.07536022915730052,0.12900460867770294,8.47473893473644
8.83,75.35537268785191,72.31966426204417,3.03570842580774,0.323714638284369,31.08399397233383,0.10985892271160992,3.414854091374771,3.414854091374771,1.5894932148263718,1.8253608765483988,-0.0,0,0.01,0.01,0.1639511598859672,0.30615175646928117,58.49488072908345,0.01,0.09845490016945727,0.19515306760520046,6.812823353604959,0.01,0.09340267168082123,0.18278087108615992,6.611026495748678,0.01,0.11517110226816636,0.38817614245288984,5.097044549218843,0.01,0.1124985139360648,0.3052886735035172,3.489598622876161,0.01,0.07529593418584749,0.128940494482649,8.487635330867015
8.84,75.53397324800002,72.50350859856002,3.03046464944001,0.31804286525808834,31.08659779458712,0.11001705446064468,3.420055922563248,3.420055922563248,1.5867475799407171,1.833308342622531,-0.0,0,0.01,0.01,0.164010796802823,0.3062146252923256,58.6727347390746,0.01,0.09851711383111418,0.19521593642824495,6.802445280239182,0.01,0.09346471080264507,0.18284373990920444,6.601636844331284,0.01,0.1150253499255114,0.38803217374690335,5.112600689932129,0.01,0.11235367293121817,0.3051447047975307,3.4970683712545547,0.01,0.0752326489237222,0.12887738438792554,8.500137797920353
8.85,75.70873009259253,72.68414875486617,3.0245813377263717,0.31252980867825414,31.086887882782758,0.11017214648720396,3.4249091656532276,3.4249091656532276,1.583667085130993,1.8412420805222345,-0.0,0,0.01,0.01,0.1640694099261754,0.3062764170556132,58.84817834511404,0.01,0.09857826128116083,0.1952777281915325,6.7922964312345115,0.01,0.09352568713883358,0.182905531672492,6.592455261405016,0.01,0.11488193678033591,0.387890541038695,5.1281441110215,0.01,0.11221119404455747,0.30500307208932237,3.504319280772952,0.01,0.07517034580637644,0.12881525165221122,8.5123045511032
8.86,75.87964002607407,72.861665000104,3.0179750259700797,0.30713818125938,31.08443926152255,0.11032428204606748,3.4293684443320673,3.4293684443320673,1.580208028384178,1.8491604159478896,-0.0,0,0.01,0.01,0.16412702522606684,0.30633715809867484,59.02118838821764,0.01,0.09863837069348268,0.19533846923459416,6.782312781483785,0.01,0.09358562862152166,0.18296627271555366,6.583418676247777,0.01,0.11474083412980873,0.38775119123181656,5.143461475961632,0.01,0.11207101795022573,0.3048637222824439,3.511404344770489,0.01,0.07510900263297864,0.1287540754821985,8.524235685709042
8.870000000000001,76.04670136399994,73.03611443386426,3.010586930135678,0.30182470201741957,31.07894965056968,0.11047352388494114,3.4334010865410924,3.4334010865410924,1.5763396304512822,1.8570614560898104,-0.0,0,0.01,0.01,0.16418366143729596,0.30639686689383316,59.19170197782046,0.01,0.09869746326984546,0.19539817802975246,6.77240970376857,0.01,0.09364455613868392,0.18302598151071192,6.574444501062745,0.01,0.11460200323834799,0.38761408891263016,5.158581173931497,0.01,0.11193310101818388,0.30472661996325756,3.518393756910955,0.01,0.07504860451149405,0.1286938427261162,8.536055281576678
8.88,76.20991395081478,73.20752849306827,3.002385457746506,0.2965431888712713,31.070251567913864,0.11061991230678159,3.436988503792275,3.436988503792275,1.5720453495502085,1.8649431542420667,-0.0,0,0.01,0.01,0.16423932914468983,0.3064555531788933,59.35962065685812,0.01,0.09875555208501122,0.19545686431481255,6.762490210551985,0.01,0.09370248241850494,0.18308466779577204,6.565438332358532,0.01,0.11446541640036338,0.3874792184354301,5.173608250642992,0.01,0.11179741825438515,0.3045917494860575,3.525367614727893,0.01,0.07498914494904224,0.12863454882269074,8.547901337263422
8.89,76.36927917762966,73.37591204648002,2.9933671311496357,0.2912471309178941,31.058316551088918,0.11076346459786943,3.4401267457759594,3.4401267457759594,1.5673233647861418,1.8728033809898177,-0.0,0,0.01,0.01,0.16429403040040047,0.3065132176331586,59.524814915120444,0.01,0.09881264154506238,0.19551452876907788,6.75245102714605,0.01,0.09375941151136008,0.18314233225003737,6.556299763618025,0.01,0.11433106358331872,0.3873465847618401,5.188673879442409,0.01,0.11166396474126501,0.30445911581246743,3.5324107810972816,0.01,0.07493062636818654,0.12857619820371397,8.55991766191917
8.9,76.52480000000006,73.5412438906298,2.983556109370263,0.28589204163908216,31.043252461412152,0.11090417564616967,3.442826323608842,3.442826323608842,1.562186325795094,1.8806399978137482,-0.0,0,0.01,0.01,0.1643477588023137,0.3065698520340449,59.68712976439655,0.01,0.09886872733921442,0.19557116316996423,6.742188085856743,0.01,0.09381533876041123,0.1831989666509237,6.546927698371895,0.01,0.11419895434849538,0.3872162131912841,5.203916259190361,0.01,0.11153275589711495,0.3043287442419115,3.5396083526923574,0.01,0.0748730601257944,0.1285188042077136,8.572246362918085
8.91,76.67648095570371,73.70347853096882,2.9730024247348914,0.28043760179991395,31.02529447994615,0.11104201963696127,3.4451113588846867,3.4451113588846867,1.5566604294419628,1.8884509294427239,-0.0,0,0.01,0.01,0.1644004999957239,0.3066254398553428,59.84639134855658,0.01,0.09892379683713093,0.1956267509912621,6.731601708129562,0.01,0.0938702512153817,0.1832545544722216,6.537225376748158,0.01,0.11406911772880696,0.3870881480660122,5.21947035225502,0.01,0.11140382667263865,0.3042006791166396,3.547041439010932,0.01,0.07481646607084132,0.128462388539235,8.585020797518144
8.92,76.8243281825185,73.86254911152173,2.9617790709967795,0.2748495294949317,31.00479049951964,0.11117695269735557,3.4470181267565145,3.4470181267565145,1.5507838951665809,1.8962342315899336,-0.0,0,0.01,0.01,0.16445223255621555,0.30667995726097536,60.002414333412034,0.01,0.09897782988963547,0.19568126839689468,6.720601386676294,0.01,0.09392412844763767,0.18330907187785417,6.527105017062252,0.01,0.11394160085470383,0.3869624505518116,5.235460454994609,0.01,0.11127722978021166,0.30407498160243895,3.5547833003310556,0.01,0.07476087168123245,0.12840698031638131,8.598359172157826
8.93,76.96834943600004,74.01837131685787,2.9499781191421754,0.2691011070612598,30.98218180527442,0.11130891633020153,3.4485930822903823,3.4485930822903823,1.5446049312246157,1.9039881510657668,-0.0,0,0.01,0.01,0.1645029291990821,0.3067333744344132,60.1550097459008,0.01,0.09903079997995971,0.19573468557033244,6.709110004841112,0.01,0.0939769437133921,0.18336248905129193,6.516491911164386,0.01,0.11381646663058055,0.38683919562822056,5.251994131792253,0.01,0.11115303307491621,0.30395172667884796,3.5628959704716587,0.01,0.07470631083375061,0.1283526147640566,8.612359026748292
8.94,77.10855410725925,74.17084803298349,2.937706074275769,0.26317430645382406,30.957980111776568,0.11143784144909417,3.4498904792803677,3.4498904792803677,1.5381793035584779,1.9117111757218899,-0.0,0,0.01,0.01,0.16455255824806228,0.30678565717096606,60.30399290843832,0.01,0.09908267565964123,0.19578696830688538,6.697067338072372,0.01,0.0940286653987791,0.1834147717878449,6.5053278221212,0.01,0.11369379065524551,0.386718468453201,5.2691572636348525,0.01,0.1110313162376916,0.30383099950382836,3.571427488883888,0.01,0.07465282227576325,0.12829933162454182,8.627092817139642
8.950000000000001,77.24495324074081,74.31987452558266,2.9250787151581514,0.25706047336375204,30.93274215431755,0.11156365280546117,3.450969706025136,3.450969706025136,1.5315676337854534,1.9194020722396823,-0.0,0,0.01,0.01,0.16460108528636802,0.3068367686503131,60.44919111374332,0.01,0.09913342219231747,0.19583807978623247,6.6844327141444095,0.01,0.09407925866978599,0.18346588326719196,6.493573564203075,0.01,0.11357365756996235,0.38660036029137557,5.287010261191137,0.01,0.11091216693806011,0.30371289134200297,3.5804098415365933,0.01,0.07460044787917665,0.1282471733681874,8.64260475953976
8.96,77.37755955199997,74.46534387738302,2.9122156746169474,0.25076055160690586,30.907043104087226,0.11168627358790366,3.451892471916217,3.451892471916217,1.5248325615076075,1.9270599104086097,-0.0,0,0.01,0.01,0.1646484749068737,0.30688667130072605,60.590450700880545,0.01,0.09918300332146157,0.19588798243664532,6.671186747281119,0.01,0.09412868724296473,0.1835157859176048,6.48121068246864,0.01,0.11345615702804705,0.3864849642100214,5.305585534123266,0.01,0.11079567667285048,0.3035974952606487,3.5898576777198956,0.01,0.0745492307651383,0.12819618329418264,8.658909042314923
8.97,77.50638744548145,74.60715242215622,2.8992350233252346,0.24428485121755641,30.881450088115738,0.11180562997362851,3.452719981600946,3.452719981600946,1.5180359083847983,1.9346840732161477,-0.0,0,0.01,0.01,0.16469469247627563,0.30693532866478623,60.72764322151435,0.01,0.09923138307507982,0.19593663980070555,6.657332100269484,0.01,0.09417691518995552,0.18356444328166505,6.468242186751447,0.01,0.11334137948887281,0.38637237075222847,5.324886278815024,0.01,0.11068193648668524,0.3034849018028558,3.5997678359133856,0.01,0.07449921339168153,0.12814640361417778,8.675989449830736
8.98,77.6314530322963,74.7452049209889,2.8862481113074137,0.23765238501321287,30.856497046074463,0.11192165542170278,3.4535102299115357,3.4535102299115357,1.5112359771534645,1.9422742527580714,-0.0,0,0.01,0.01,0.16473970583004022,0.30698270717901927,60.86067042648957,0.01,0.09927852752162296,0.19598401831493853,6.64289326663486,0.01,0.09422390869020435,0.18361182179589802,6.4546923317736145,0.01,0.11322941204018863,0.3862626637918456,5.344886598401566,0.01,0.11057103277933081,0.303375194842473,3.6101196781076808,0.01,0.07445043569574133,0.128097873609885,8.693800381863454
8.99,77.75277414800003,74.87941924634978,2.8733549016502353,0.23088981812148487,30.832662051309953,0.1120342945172492,3.454315541007272,3.454315541007272,1.5044851083634336,1.9498304326438387,-0.0,0,0.01,0.01,0.16478348682084631,0.3070287777865491,60.98946785531455,0.01,0.09932440639665539,0.19603008892246837,6.627915401138913,0.01,0.09426963765165083,0.18365789240342786,6.4406054701889675,0.01,0.11312033444446747,0.3861559167604373,5.365532917448435,0.01,0.11046304339457849,0.30326844781106466,3.6208761994853327,0.01,0.0744029333758597,0.1280506279498224,8.7122691930462
9.0,77.87037037037038,75.00973036994647,2.860640000423916,0.224030092166158,30.810348069268937,0.11214350620340524,3.4551804598351357,3.4551804598351357,1.4978276016494796,1.957352858185656,-0.0,0,0.01,0.01,0.1648260126526126,0.3070735173122381,61.114006875972095,0.01,0.09936899452877403,0.19607482844815735,6.612462261743737,0.01,0.09431407712819545,0.18370263192911684,6.426044039525279,0.01,0.11301421558782672,0.38605218941331737,5.386746603319874,0.01,0.11035803416588974,0.3031647204639447,3.6319858495550785,0.01,0.07435673639276166,0.12800469524042885,8.73129972096733
9.01,77.98426303718516,75.13609348974067,2.848169547444489,0.21711079970227928,30.789867931487535,0.11224926627235532,3.4561400839321985,3.4561400839321985,1.4912980877382953,1.9648419961939032,-0.0,0,0.01,0.01,0.16486726694454745,0.3071169095432232,61.23429509493763,0.01,0.09941227300530152,0.19611822067914242,6.596613359420992,0.01,0.09435720847485961,0.1837460241601019,6.411085776650741,0.01,0.11291111048492142,0.3859515252710749,5.408427659112109,0.01,0.11025605606677796,0.30306405632170225,3.6433849722647884,0.01,0.07431186775234112,0.1279600968734207,8.75077682069297
9.02,78.09447526399995,75.25848617769104,2.8359890863089126,0.2101723944265439,30.771434077862402,0.11235156902619868,3.45721889983408,3.45721889983408,1.4849204132014848,1.972298486632595,-0.0,0,0.01,0.01,0.1649072404842998,0.30715894597360915,61.35037513774175,0.01,0.0994542300326976,0.19616025710952847,6.5804604439331715,0.01,0.09439902019603323,0.18378806059048797,6.395820284721293,0.01,0.11281105796156472,0.3858539498365018,5.43045930992493,0.01,0.11015714308034327,0.3029664808871292,3.65500074700656,0.01,0.07426834262012814,0.12791684621519012,8.7705716795743
9.03,78.20103196192598,75.37690948041653,2.8241224815094568,0.2032563282165268,30.755153375549522,0.11245042806081565,3.458430162156583,3.458430162156583,1.478707073457981,1.9797230886986024,-0.0,0,0.01,0.01,0.16494593164545157,0.30719962618947494,61.46232188205161,0.01,0.09949486146265361,0.1962009373253942,6.56410348256805,0.01,0.0944395084582786,0.18382874080635367,6.380345106101341,0.01,0.11271407910043536,0.38575946964638863,5.45271326671182,0.01,0.11006131086433436,0.302872000697016,3.6667544906463267,0.01,0.07422616779884326,0.12787494816611703,8.790547651267898
9.040000000000001,78.30395985540744,75.49138795743008,2.812571897977368,0.19640320694173052,30.741027071751244,0.1125458761691247,3.4597758261290257,3.4597758261290257,1.4726592020631335,1.9871166240658922,-0.0,0,0.01,0.01,0.16498334646145552,0.3072389578884214,61.570238305432085,0.01,0.0995341709716319,0.1962402690243407,6.547646313896046,0.01,0.09447867725599986,0.18386807250530018,6.364761479603192,0.01,0.11262017649601687,0.3856680721753807,5.475055421425429,0.01,0.10996855624756137,0.3027806032260081,3.6785651639823174,0.01,0.07418534158209224,0.12783439909881772,8.810566323943343
9.05,78.40328750000008,75.60196869322606,2.8013188067740162,0.18965105325873136,30.728955692135912,0.11263796440206932,3.4612470173635703,3.4612470173635703,1.4667670972873625,1.9944799200762078,-0.0,0,0.01,0.01,0.16501949836483293,0.3072769565457048,61.67425018258998,0.01,0.09957216989835414,0.19627826768162412,6.531192177467054,0.01,0.09451653823506075,0.18390607116258362,6.349169979028439,0.01,0.11252933432486989,0.3855797265671692,5.497351705926179,0.01,0.10987885755248188,0.3026922576177966,3.690352915635385,0.01,0.07414585397857784,0.12779518716557783,8.830493527188313
9.06,78.49904530014817,75.70871936774354,2.790325932404634,0.18303375652499573,30.718748468404936,0.11272676036432609,3.4628249972898923,3.4628249972898923,1.461011241727248,2.0018137555626443,-0.0,0,0.01,0.01,0.16505440761618903,0.30731364475566747,61.7744999266542,0.01,0.09960887675964229,0.19631495589158673,6.514839331278494,0.01,0.0945531101953503,0.18394275937254626,6.333666240738796,0.01,0.11244151919842849,0.38549438512885514,5.519473836957236,0.01,0.10979217569936126,0.30260691617948254,3.70204249352049,0.01,0.07410768728335929,0.1277572929474724,8.85020498591715
9.07,78.59126552696289,75.81172551222663,2.7795400147362535,0.1765797780568834,30.7101366782814,0.11281234585529497,3.4644825602136606,3.4644825602136606,1.4553637484423798,2.009118811771281,-0.0,0,0.01,0.01,0.16508810046162836,0.30734905129188955,61.8711399119656,0.01,0.0996443164793604,0.1963503624278088,6.498676969419985,0.01,0.09458841830763312,0.18397816590876828,6.318336988371612,0.01,0.11235668172955876,0.38541198548934485,5.5413046725643476,0.01,0.10970845601145525,0.30252451653997225,3.7135663597237896,0.01,0.07407081695656428,0.1277206904018668,8.86959134903381
9.08,78.67998233600002,75.91108711227776,2.768895223722265,0.17031116494917925,30.70279011781515,0.11289481399292145,3.4661857794144484,3.4661857794144484,1.4497901489009557,2.0163956305134927,-0.0,0,0.01,0.01,0.1651206080688085,0.3073832099415461,61.96432563870056,0.01,0.09967851937737618,0.1963845210774654,6.482781641462216,0.01,0.09462249309216063,0.1840123245584249,6.303256551995337,0.01,0.11227475871274391,0.38533245329376975,5.562742922562477,0.01,0.10962763060985012,0.30244498434439715,3.724867359153119,0.01,0.07403521275633398,0.12768534805188084,8.888562354912327
9.09,78.76523178503703,76.00691474542677,2.7583170396102648,0.16424290846142678,30.69633580632949,0.11297426597720457,3.4678960059098562,3.4678960059098562,1.444251424651859,2.0236445812579973,-0.0,0,0.01,0.01,0.1651519653006628,0.30741615817832896,62.05420909975328,0.01,0.09971151997498272,0.19641746931424825,6.4672143518504726,0.01,0.09465536921597681,0.18404527279520774,6.288484055675069,0.01,0.11219567579229872,0.3852557052844859,5.583706987526837,0.01,0.10954962126227709,0.3023682363351132,3.735900815647612,0.01,0.07400084006227896,0.12765123035158413,8.907049943613286
9.1,78.84705185185175,76.09932545584856,2.7477263960031766,0.15838266456447314,30.690377952948207,0.11305080766117934,3.4695720150076466,3.4695720150076466,1.4387061766263898,2.030865838381257,-0.0,0,0.01,0.01,0.16518220939140205,0.3074479357436491,62.140932689027146,0.01,0.09974335567973523,0.19644924687956833,6.452018482769254,0.01,0.09468708417227291,0.18407705036052785,6.274061412958749,0.01,0.11211935047447588,0.3851816526060242,5.604137746125222,0.01,0.10947434253337979,0.30229418365665156,3.7466359600790837,0.01,0.07396766131878059,0.12761829915456824,8.925010184364467
9.11,78.92548245200007,76.18843857356396,2.7370438784361197,0.1527308356660787,30.684518192178626,0.11312454609950988,3.4711721927723604,3.4711721927723604,1.4331128235079715,2.038059369264389,-0.0,0,0.01,0.01,0.16521137859161722,0.30747858320753146,62.22462394887842,0.01,0.09977406541598033,0.19647989434345076,6.437218639070737,0.01,0.09471767690834235,0.18410769782441025,6.260012225354726,0.01,0.1120456953283443,0.38511020416680336,5.624000167200173,0.01,0.10940170507512699,0.3022227352174307,3.757056631741182,0.01,0.07393563752431116,0.1275865152112848,8.942423952511186
9.120000000000001,79.00056545659254,76.27437167975266,2.726193776839889,0.14728099480045193,30.678375123675636,0.1131955862388233,3.4726566569789967,3.4726566569789967,1.427431723597068,2.045224933381929,-0.0,0,0.01,0.01,0.1652395108481621,0.3075081405787124,62.30539139698255,0.01,0.09980368826743205,0.1965094517146317,6.422820462106574,0.01,0.09474718646861559,0.18413725519559118,6.246341627916425,0.01,0.11197462121715326,0.38504126989435195,5.643283687426056,0.01,0.109331618895471,0.30215380094497934,3.7671612345052496,0.01,0.0739047296935784,0.127555839622098,8.959296358447723
9.13,79.07234471007408,76.35723690443643,2.715107805637643,0.14202061757691667,30.67160226466427,0.11326402790021292,3.4739892146491678,3.4739892146491678,1.4216271226492538,2.052362091999914,-0.0,0,0.01,0.01,0.16526664258019347,0.30753664602820935,62.383321603608316,0.01,0.09983226219509095,0.19653795716412867,6.408811404283705,0.01,0.09477565071603372,0.18416576064508816,6.233037071987816,0.01,0.11190604040641897,0.38497476373263184,5.66200136312336,0.01,0.10926399645067067,0.3020872947832592,3.7769619700018113,0.01,0.07387490022353642,0.12752623517812897,8.975654997479355
9.14,79.14086604799999,76.43713771897752,2.7037283290224714,0.13693207368912347,30.66390363683977,0.11332996318396694,3.475139070239761,3.475139070239761,1.4156688426266006,2.0594702276131605,-0.0,0,0.01,0.01,0.1652928076056295,0.30756413478247424,62.458477615678895,0.01,0.09985982288785418,0.1965654459183935,6.395162402137058,0.01,0.09480310518890449,0.184193249399353,6.220069982415016,0.01,0.11183986940669012,0.384910606248842,5.680187871278194,0.01,0.10919875542125702,0.30202313729946934,3.7864834086762746,0.01,0.07384611410176321,0.1274976675302319,8.991547149900459
9.15,79.20617731481491,76.51416635517414,2.6920109596407693,0.13199381934969814,30.655046355694452,0.11339347440085301,3.4760822141914014,3.4760822141914014,1.4095336423651084,2.066548571826293,-0.0,0,0.01,0.01,0.16531803626283334,0.30759063823170213,62.53089874774833,0.01,0.09988640279470054,0.19659194936762145,6.381830336714571,0.01,0.09482958214176522,0.18421975284858094,6.207398178807045,0.01,0.11177603142704585,0.38484872674152387,5.697896495249924,0.01,0.10913582105239938,0.30196125779215127,3.7957604932521742,0.01,0.07381833990586753,0.12747010613726556,9.007036110634317
9.16,79.26832838162963,76.58840194708164,2.679926434547989,0.12718172499321428,30.644869760179088,0.11345463260473136,3.4768024398609603,3.4768024398609603,1.4032061998228418,2.0735962400381185,-0.0,0,0.01,0.01,0.1653423547611092,0.3076161832866112,62.600601689172336,0.01,0.09991203037684339,0.19661749442253054,6.368761129899698,0.01,0.09485510980815366,0.18424529790349004,6.194968911659717,0.01,0.11171445833874309,0.38478906477038466,5.715195280994993,0.01,0.1090751279651493,0.30190159582101206,3.80483609589489,0.01,0.07379155055480693,0.1274435249575421,9.022196865709606
9.17,79.32737116400006,76.65990945304456,2.6674617109555054,0.12247046912864694,30.633290805143446,0.11351349676950241,3.4772919568488785,3.4772919568488785,1.396679685811646,2.0806122710372326,-0.0,0,0.01,0.01,0.16536578478124758,0.3076407920036945,62.667582812470606,0.01,0.09993672960629975,0.1966421031396138,6.355893296076054,0.01,0.09487971191114453,0.18426990662057327,6.182722336125999,0.01,0.11165509207573632,0.38473157105938127,5.732162586905779,0.01,0.10901662137421354,0.30184410211000867,3.813758268662835,0.01,0.07376572378657797,0.12741790286121735,9.03711135626824
9.18,79.38335963970376,76.72873937581944,2.654620263884311,0.1178349292764168,30.620305628270128,0.11357011362107071,3.477551589314549,3.477551589314549,1.389955919848258,2.087595669466291,-0.0,0,0.01,0.01,0.16538834333452807,0.3076644814853019,62.73182151581611,0.01,0.09996051972455595,0.19666579262122116,6.343161752113302,0.01,0.094903407434683,0.18429359610218066,6.1705952308421415,0.01,0.11159788542855986,0.38467620775662803,5.748882272823364,0.01,0.10896025767895527,0.30178873880725543,3.8225773362446267,0.01,0.07374084235093721,0.12739322375569914,9.051863580001347
9.19,79.43634986651851,76.79492826005328,2.6414216064652245,0.11325150427691268,30.60598738800239,0.11362451810369752,3.4775905680496155,3.4775905680496155,1.383045118984083,2.0945454490655324,-0.0,0,0.01,0.01,0.16541004287593788,0.30768726404759295,62.793284391530555,0.01,0.09998341526207949,0.19668857518351218,6.330501684823488,0.01,0.09492621065580212,0.18431637866447168,6.158524766009581,0.01,0.11154280221874384,0.38462294806600306,5.765438780939297,0.01,0.10890600442563908,0.3017354791166304,3.831342980432277,0.01,0.07371689391991318,0.12736947643018137,9.066534775273704
9.200000000000001,79.48639999999999,76.8584999105447,2.6279000894552946,0.10869930855413404,30.59048064049361,0.11367673443125714,3.477425943893905,3.477425943893905,1.3759652692334523,2.1014606746604527,-0.0,0,0.01,0.01,0.16543089165547972,0.30770914763702856,62.85192998509176,0.01,0.1000054263069752,0.19671045877294785,6.3178522828272845,0.01,0.09494813142538608,0.18433826225390734,6.1464521330821595,0.01,0.1114898168709881,0.38457177529449943,5.781912354197261,0.01,0.1088538396689829,0.30168430634512683,3.840101458326799,0.01,0.07369387073219821,0.1273466541385065,9.081198916444192
9.21,79.5335703112593,76.91946724320725,2.614103068052044,0.10416118769576432,30.5739926744917,0.11372677764874994,3.477081666726427,3.477081666726427,1.3687411657198068,2.1083405010066203,-0.0,0,0.01,0.01,0.1654508942808763,0.30773013646519043,62.90771389381551,0.01,0.10002655899971467,0.19673144760110975,6.305160157637524,0.01,0.09496917567383567,0.18435925108206924,6.1343258661369875,0.01,0.1114389134282949,0.38452268138510537,5.798374618015931,0.01,0.10880375078845807,0.3016352124357327,3.848893081946675,0.01,0.07367176899946883,0.12732475395114687,9.095918721871776
9.22,79.57792320474078,76.97783465474203,2.600088549998762,0.09962451543367075,30.55678234712533,0.11377465560894673,3.4765873880617275,3.4765873880617275,1.3614031812265082,2.1151842068352193,-0.0,0,0.01,0.01,0.16547005245615332,0.3077502318227514,62.96059395134728,0.01,0.10004681622110105,0.19675154295867067,6.292382304017397,0.01,0.0949893461083177,0.18437934643963017,6.122104709864726,0.01,0.11139008407987404,0.38447566502627717,5.8148847213053045,0.01,0.10875573283828609,0.30158819607690457,3.857750067398665,0.01,0.07365058811277136,0.12730377591670583,9.110742341430209
9.23,79.61952323599995,77.03360077765224,2.5859224583477114,0.09508174418996676,30.539147056268483,0.11382037125397959,3.4759770557243566,3.4759770557243566,1.3539858329830046,2.121991222741352,-0.0,0,0.01,0.01,0.16548836585385224,0.30776943302671017,63.01053525160252,0.01,0.10006619843288606,0.19677074416262944,6.279488480211831,0.01,0.0950086430606447,0.18439854764358893,6.109759918925038,0.01,0.11134332729181477,0.38443072944510487,5.831486195516151,0.01,0.10870978652876555,0.30154326049573227,3.866694838570816,0.01,0.07363032969494074,0.12728372208061617,9.125700850256925
9.24,79.65843712948148,77.0867614750017,2.571675654479785,0.090530694186063,30.521408543663817,0.11386392508249095,3.475287375827836,3.475287375827836,1.3465262239215692,2.128761151906267,-0.0,0,0.01,0.01,0.16550583307419545,0.3077877384507497,63.057514783472286,0.01,0.10008470462502359,0.19678904958666893,6.266462922033869,0.01,0.0950270654395184,0.18441685306762845,6.097276905916686,0.01,0.1112986456454759,0.3843878800015377,5.848204648475894,0.01,0.10866591594974637,0.3015004110521651,3.8757388449160373,0.01,0.07361099655032405,0.12726459541341895,9.140806632087397
9.25,79.69473379629628,77.13731292447919,2.5574208718170937,0.08597457908482399,30.503898246150275,0.1139053176797606,3.4745562201988394,3.4745562201988394,1.3390624371729642,2.135493783025875,-0.0,0,0.01,0.01,0.16552245264251605,0.3078051465868749,63.10152547340496,0.01,0.1001023333205882,0.1968064577227942,6.253305339205799,0.01,0.09504461173803565,0.1844342612037537,6.084656188636955,0.01,0.1112560434977753,0.38434712170533,5.865046365615882,0.01,0.10862412615437417,0.3014596527559573,3.8848819266846313,0.01,0.07359259156572404,0.12724639870303214,9.156052691138472
9.26,79.72848435200008,77.18525464379807,2.5432297082020012,0.08142177865924378,30.486942900707614,0.1139445521909282,3.4738210564915266,3.4738210564915266,1.3316319612797867,2.14218909521174,-0.0,0,0.01,0.01,0.16553822399664447,0.3078216570873036,63.14257946735347,0.01,0.10011908358892914,0.1968229682232229,6.240031176294309,0.01,0.09506128104701227,0.1844507717041824,6.071913620268795,0.01,0.11121552458087908,0.3843084567757065,5.881997846766167,0.01,0.10858442072257153,0.30142098782633386,3.894112234902782,0.01,0.07357511661644318,0.12722913346477863,9.171412887726872
9.27,79.75976213437038,77.23059231881234,2.5291698155580398,0.07688538050158547,30.470851064650574,0.11398163662562379,3.4731174737245034,3.4731174737245034,1.3242702187063649,2.1488472550181386,-0.0,0,0.01,0.01,0.16555314841860655,0.3078372717387784,63.18071052310039,0.01,0.1001349560195721,0.1968385828746977,6.226671152988468,0.01,0.09507707402672726,0.18446638635565718,6.059079917594048,0.01,0.11117708965630776,0.3842718823564725,5.899026263863573,0.01,0.10854679941930752,0.30138441340709987,3.9034066885244214,0.01,0.07355857152871459,0.1272127989197699,9.186843051009026
9.28,79.78864272118513,77.27334031125217,2.5153024099329597,0.07238252280914283,30.4559011387848,0.11401658589539838,3.4724778682120188,3.4724778682120188,1.3170092621003482,2.1554686061116706,-0.0,0,0.01,0.01,0.16556722986969263,0.3078519953267971,63.215975429294225,0.01,0.10014995361349927,0.19685330646271637,6.213270128557649,0.01,0.0950919937939013,0.18448110994367586,6.046199531639958,0.01,0.11114073433059192,0.384237388486947,5.916080784803242,0.01,0.10851125605300418,0.3013499195375744,3.9127319280809716,0.01,0.07354295314487058,0.12719739108678546,9.202282884316508
9.290000000000001,79.81520394799992,77.31352374369338,2.501680204306542,0.06793357838840847,30.442331383288902,0.11404942350248085,3.4719303443355796,3.4719303443355796,1.3098766919134075,2.162053652422172,-0.0,0,0.01,0.01,0.16558047569440043,0.30786583635438547,63.248454415869496,0.01,0.10016408255442413,0.19686714749030476,6.199885362681628,0.01,0.0951060466867885,0.18449495097126425,6.033328931787612,0.01,0.11110644712696129,0.3842049564124788,5.933094672553822,0.01,0.10847777662513454,0.30131748746310616,3.922045704579359,0.01,0.07352825453065817,0.12718290202538995,9.21765854503249
9.3,79.83952592592594,77.35118008408462,2.4883458418413307,0.06356122588342242,30.430332299299977,0.11408018281860291,3.4714978719349783,3.4714978719349783,1.3028948360532389,2.1686030358817394,-0.0,0,0.01,0.01,0.16559289716655382,0.3078788075885443,63.27825056969046,0.01,0.1001773528301396,0.19688011872446357,6.186584268606856,0.01,0.09511924287878774,0.18450792220542306,6.020534397580927,0.01,0.11107420789098536,0.3841745572983615,5.949988037299107,0.01,0.1084463378440695,0.3012870883489889,3.931298624865448,0.01,0.073514464355568,0.12716931925912422,9.232885753883647
9.31,79.86169105940738,77.3863601795158,2.4753308798915783,0.05928945764395078,30.420041619926888,0.1141089079148419,3.4711977279738955,3.4711977279738955,1.2960802179118902,2.1751175100620053,-0.0,0,0.01,0.01,0.16560450985962397,0.30789092641694094,63.305488317932436,0.01,0.10018977868252245,0.19689223755286023,6.173441774650162,0.01,0.09513159681953684,0.18452004103381972,6.007889432114729,0.01,0.11104398658858718,0.3841461513887938,5.96667109382827,0.01,0.10841690605556126,0.30125868243942117,3.940436160726385,0.01,0.07350156646738176,0.12715662539767814,9.24787326800071
9.32,79.88178406400007,77.41912871749146,2.46265534650861,0.05514257451566039,30.411542019462413,0.11413565392648364,3.4710412353040776,3.4710412353040776,1.2894433241525127,2.181597911151565,-0.0,0,0.01,0.01,0.16561533383246213,0.30790221500726983,63.33031108652666,0.01,0.10020137887386062,0.1969035261431891,6.160537425199279,0.01,0.09514312749157328,0.1845313296241486,5.99547192558985,0.01,0.11101574253351264,0.38411968762931,5.983047757341036,0.01,0.10838943662001839,0.3012322186799373,3.9494008193126464,0.01,0.07348953967187404,0.1271447979665342,9.262526539911537
9.33,79.89989198414816,77.44956412132314,2.450327862825017,0.05114421619675619,30.404861515598128,0.11416048695966641,3.471033796561903,3.471033796561903,1.2829886687895753,2.1880451277723276,-0.0,0,0.01,0.01,0.16562539363084458,0.307912700271497,63.352878279692185,0.01,0.10021217676637209,0.19691401140741627,6.14795236242272,0.01,0.09515385847987196,0.18454181488837576,5.9833612074699865,0.01,0.11098942405926616,0.38409510374800926,5.999019399260584,0.01,0.10836387374407885,0.3012076347986366,3.9581343673092575,0.01,0.07347835771825915,0.1271338094421915,9.276751380663754
9.34,79.91610421096311,77.4777579129916,2.4383462979714996,0.04731647183374083,30.399976412993613,0.11418348356793927,3.4711752072187974,3.4711752072187974,1.276715136102522,2.1944600711162754,-0.0,0,0.01,0.01,0.16563471811396754,0.3079224136464339,63.37336175733831,0.01,0.10022220022066737,0.19692372478235323,6.135766333566774,0.01,0.09516381786045978,0.18455152826331273,5.971635129096379,0.01,0.11096496862881908,0.3840723267690963,6.0144885810179085,0.01,0.10834015075203632,0.3011848578197237,3.9665800012381585,0.01,0.07346798948106731,0.12712362748126516,9.290457450521684
9.35,79.93051249999995,77.50381360069582,2.4266988993041374,0.043679109512588604,30.396816523300018,0.11420472984587716,3.471460219218174,3.471460219218174,1.2706165724213858,2.200843646796788,-0.0,0,0.01,0.01,0.1656433401229187,0.3079313907103324,63.39194200734114,0.01,0.10023148132706759,0.1969327018462517,6.124054865981428,0.01,0.09517303792245918,0.1845605053272112,5.9603673157136186,0.01,0.11094230335507563,0.3840512739127353,6.029362588754182,0.01,0.10831819076245605,0.3011638049633627,3.974684361359335,0.01,0.0734583993201393,0.12711421532296496,9.303561414257713
9.36,79.94321098903698,77.52784516824237,2.415365820794623,0.04024895563136662,30.395272301793007,0.11422432020272226,3.4718793160489394,3.4718793160489394,1.2646825863900446,2.207196729658895,-0.0,0,0.01,0.01,0.16565129601483877,0.30793967066207945,63.40880421861813,0.01,0.10024005599079285,0.19694098179799877,6.112886742016957,0.01,0.0951815547449862,0.18456878527895826,5.949624716834022,0.01,0.11092134588704822,0.3840318538188949,6.043556605280163,0.01,0.10829790771773565,0.3011443848695222,3.9823992967947133,0.01,0.07344954759275733,0.12710553233709887,9.315989620009661
9.370000000000001,79.95429621585191,77.54997525862488,2.4043209572270254,0.0370394462879398,30.395203467725853,0.1142423558910313,3.4724196519402453,3.4724196519402453,1.2588995093494004,2.213520142590845,-0.0,0,0.01,0.01,0.165658625091704,0.30794729569482876,63.42413445814371,0.01,0.10024796339779755,0.19694860683074802,6.1023218893157605,0.01,0.09518940765604514,0.18457641031170752,5.939465567239876,0.01,0.1109020056016917,0.3840139680204008,6.056996377318988,0.01,0.10827920770015366,0.3011264990710281,3.9896833043522064,0.01,0.07344139128590077,0.1270975346841206,9.327680189564225
9.38,79.96386713600002,77.57033315406817,2.3935339819318497,0.034060363297296684,30.39644862712315,0.11425894337310731,3.4730661024300296,3.4730661024300296,1.2532514622924373,2.219814640137592,-0.0,0,0.01,0.01,0.1656653689562175,0.30795431029933373,63.43811614051392,0.01,0.10025524539225948,0.19695562143525305,6.0924097789341,0.01,0.09519663860472652,0.18458342491621255,5.92993784796305,0.01,0.1108841850299422,0.38399751258224624,6.069620264808158,0.01,0.1082619904576402,0.30111004363287364,3.9965025822563858,0.01,0.07343388473245861,0.12709017605004433,9.338584441543958
9.39,79.97202514059262,77.5890526592398,2.3829724813528177,0.03131775780011097,30.398835393945077,0.11427419261139692,3.4738023709698296,3.4738023709698296,1.2477214735207753,2.2260808974490542,-0.0,0,0.01,0.01,0.16567157082910747,0.30796076053378696,63.450926954352305,0.01,0.1002619457993046,0.19696207166970625,6.083188395615046,0.01,0.09520329148050795,0.18458987515066577,5.9210783088178855,0.01,0.11086778143805968,0.38398237982053296,6.081380593546771,0.01,0.10824615105640914,0.3010949108711603,4.002831661591066,0.01,0.07342698037305247,0.1270834084173791,9.348667606584586
9.4,79.97887407407399,77.60626999333383,2.372604080740158,0.028814055148387165,30.402190508271705,0.11428821536811218,3.4746120964717324,3.4746120964717324,1.2422925916550742,2.232319504816658,-0.0,0,0.01,0.01,0.16567727486219183,0.30796669329662907,63.46273637691142,0.01,0.100268109727434,0.19696800443254828,6.074683812990549,0.01,0.0952094114142476,0.18459580791350777,5.912912082853738,0.01,0.11085268848204072,0.3839684600151708,6.092244270682406,0.01,0.10823158157579468,0.30108099106579816,4.008653601410182,0.01,0.07342062952493796,0.12707718283355585,9.357908831400906
9.41,79.98452025200004,77.62212179065766,2.3623984613423796,0.026548326316919658,30.406349476870247,0.11430112359436194,3.4754799096091085,3.4754799096091085,1.236948941834175,2.2385309677749334,-0.0,0,0.01,0.01,0.16568252547996756,0.30797215563669794,63.47370387008351,0.01,0.10027378288435404,0.19697346677261723,6.066910373185327,0.01,0.0952150440945902,0.18460127025357673,5.905452890498933,0.01,0.1108387978536016,0.38395564303536406,6.102192662148246,0.01,0.10821817276300601,0.3010681740859914,4.013959756716932,0.01,0.07341478312115088,0.12707145014050675,9.366300505534221
9.42,79.98907247881486,77.6367432987987,2.3523291800161554,0.024516703876869973,30.411165309495786,0.11431302798052338,3.4763923909447136,3.4763923909447136,1.2316766784606092,2.2447157124841044,-0.0,0,0.01,0.01,0.16568736677939822,0.30797719413145425,63.483977809651584,0.01,0.10027901093760871,0.19697850526737354,6.059871438027167,0.01,0.09522023513109883,0.18460630874833303,5.898703799524543,0.01,0.11082600084078384,0.3839438198054657,6.111220769712571,0.01,0.10820581557170726,0.30105635085609306,4.018749150479316,0.01,0.07340939238646124,0.12706616163289144,9.373846977803506
9.43,79.99264206562962,77.6502668491975,2.3423752164321368,0.022712914871598523,30.416515990098965,0.11432403672807238,3.477338891192075,3.477338891192075,1.226464795315667,2.2508740958764077,-0.0,0,0.01,0.01,0.16569184201322718,0.3079818543590972,63.49369515804964,0.01,0.10028383894775651,0.19698316549501652,6.053560649233399,0.01,0.09522502949166765,0.184610968975976,5.892658478018822,0.01,0.11081418973419686,0.38393288355035127,6.119335780486491,0.01,0.10819440251784283,0.30104541460097867,4.0230275001228115,0.01,0.07340440942152031,0.12706126961764916,9.380562757323828
9.44,79.99534284799985,77.66282065793654,2.332522190063312,0.021128898944117167,30.422310401364136,0.1143342545893566,3.4783121826259986,3.4783121826259986,1.2213057627730128,2.257006419852986,-0.0,0,0.01,0.01,0.16569599317683104,0.3079861804845218,63.50298185230262,0.01,0.10028831089705634,0.19698749162044113,6.047963610052683,0.01,0.0952294710369035,0.18461529510140062,5.887302853533113,0.01,0.11080325902072229,0.3839227307732834,6.126555091354099,0.01,0.10818382879830435,0.3010352618239108,4.026805964511881,0.01,0.07339978767251165,0.12705672785375882,9.386470315253709
9.450000000000001,79.99729120370372,77.67452799576769,2.3227632079360316,0.01975547786180112,30.428492509188708,0.11434378220663617,3.479308920346934,3.479308920346934,1.216195971680083,2.263112948666851,-0.0,0,0.01,0.01,0.16569986071266074,0.3079902149725836,63.511953843748564,0.01,0.10029246933100995,0.19699152610850287,6.0430598820337655,0.01,0.09523360216847696,0.1846193295894624,5.882617073559264,0.01,0.11079310631949688,0.38391326193449765,6.132903933382448,0.01,0.10817399313213569,0.30102579298512505,4.030099688541162,0.01,0.07339548227028382,0.12705249185793066,9.391597617099928
9.46,79.99860607051856,77.68550674686854,2.313099323650024,0.018583042152672317,30.435043705906352,0.11435271576594613,3.480329902225657,3.480329902225657,1.2111359737004057,2.2691939285252514,-0.0,0,0.01,0.01,0.16570348334001966,0.30799399843540165,63.52071869817248,0.01,0.10029635512395645,0.19699530957132097,6.03882517885657,0.01,0.09523746360224118,0.18462311305228046,5.87857765158888,0.01,0.11078363302942745,0.38390438181459857,6.138412735691352,0.01,0.10816479829919841,0.3010169128652259,4.032926228645411,0.01,0.07339145022998425,0.1270485190690692,9.395975521414478
9.47,79.99940896399997,77.6958693565241,2.3035396074758636,0.017602221801474274,30.441983302711748,0.1143611469657492,3.4813801264103015,3.4813801264103015,1.2061305180165482,2.2752496083937532,-0.0,0,0.01,0.01,0.16570689801163213,0.3079975696137773,63.52937764336861,0.01,0.10030000737355038,0.19699888074969654,6.03523363494395,0.01,0.09524109427053058,0.18462668423065604,5.875159679325738,0.01,0.11077474467260005,0.3838959995625181,6.143114374215107,0.01,0.10815615136677112,0.3010085306131454,4.035303943864273,0.01,0.073387650509259,0.12704476887136776,9.39963517914743
9.48,79.9998239952593,77.70572314977662,2.2941008454826917,0.016804510676152393,30.449367248400193,0.11436916328566939,3.482468654777595,3.482468654777595,1.2011883937937595,2.2812802609838356,-0.0,0,0.01,0.01,0.16571013999245343,0.3080009654865414,63.538027936925616,0.01,0.10030346342269511,0.19700227662246067,6.0322600293347035,0.01,0.0952445313517921,0.18463008010342016,5.872338988820948,0.01,0.11076635093296706,0.3838880284425169,6.147041448518481,0.01,0.10814796360966433,0.30100055949314425,4.0372504338380555,0.01,0.07338404392980047,0.12704120248250064,9.402605559770688
9.49,79.99997788874083,77.71517098685858,2.2848069018822397,0.016182818329738464,30.457285229540023,0.11437684852746471,3.4836082992568875,3.4836082992568875,1.1963220963040833,2.2872862029528043,-0.0,0,0.01,0.01,0.16571324305073887,0.30800422149605383,63.5467654208935,0.01,0.10030675900164186,0.19700553263197315,6.029881854649985,0.01,0.09524781041986745,0.18463333611293264,5.870094157859794,0.01,0.11075836540391634,0.38388038530787133,6.1502237200673555,0.01,0.1081401501434031,0.3009929163584987,4.038781097817602,0.01,0.07338059297311265,0.12703778271927568,9.404911216098053
9.5,80.0,77.72431220755954,2.275687792440458,0.01573192777606452,30.46585637334199,0.11438428358932992,3.4848151552001445,3.4848151552001445,1.1915473417658196,2.293267813434325,-0.0,0,0.01,0.01,0.1657162397467418,0.30800737187336064,63.55568712969984,0.01,0.10030992847776654,0.19700868300927993,6.0280811354329655,0.01,0.09525096570009373,0.18463648649023942,5.868408266256251,0.01,0.11075070507110914,0.38387298983996354,6.152685829312855,0.01,0.10813262930226354,0.3009855208905909,4.039907878243633,0.01,0.07337726146657357,0.12703447365807313,9.406570381278257
9.51,79.99997788874074,77.73324380605047,2.266734082690285,0.015448843473745059,30.475020391710594,0.11439154742600134,3.4860847404467203,3.4860847404467203,1.1868591903035663,2.299225550143154,-0.0,0,0.01,0.01,0.16571916180072038,0.308010450042855,63.564893824580395,0.01,0.1003130051962135,0.19701176117877436,6.026845918613462,0.01,0.09525403041512874,0.18463956465973386,5.867270329029823,0.01,0.11074328956779293,0.3838657636001047,6.154445388069551,0.01,0.10812532180397895,0.3009782946507321,4.040638239505361,0.01,0.07337401418002265,0.12703124021125395,9.407593469710163
9.52,79.99982399525925,77.74206083339952,2.257763161859722,0.015329773742998152,30.483924585212403,0.11439871737929204,3.487321873235366,3.487321873235366,1.182162027140694,2.305159846094672,-0.0,0,0.01,0.01,0.1657220403126347,0.30801348876084367,63.5744831841205,0.01,0.10031602177711366,0.19701479989676293,6.026166075416723,0.01,0.09525703707851789,0.18464260337772243,5.866670896600109,0.01,0.11073604045603919,0.38385862970547097,6.155516636721278,0.01,0.1081181500522462,0.3009711607560983,4.04097851975836,0.01,0.07337081656807361,0.12702804798261805,9.407991436469999
9.53,79.999408964,77.75085229335785,2.2485566706421447,0.01535750579252255,30.49154997543642,0.11440586584323222,3.4884121758419897,3.4884121758419897,1.1773415196116144,2.3110706562303753,-0.0,0,0.01,0.01,0.16572490483085262,0.30801651870093066,63.58451182182393,0.01,0.10031900966380168,0.19701782983684993,6.026008799105018,0.01,0.09526001699893194,0.18464563331780942,5.866577110319973,0.01,0.11072888191329733,0.38385151615117796,6.1559349420292175,0.01,0.10811103938409095,0.3009640472018053,4.040952577225769,0.01,0.07336763572520727,0.12702486475433375,9.407815091344572
9.540000000000001,79.99860607051852,77.75969290880055,2.2389131617179774,0.015499582322383956,30.496953319597793,0.11441305357321183,3.4892495539748825,3.4892495539748825,1.172292190146449,2.3169573638284335,-0.0,0,0.01,0.01,0.16572778081906206,0.3080195656161627,63.594973579328624,0.01,0.10032199713037866,0.19702087675208205,6.026297747901623,0.01,0.095262998210381,0.18464868023304154,5.866912661709063,0.01,0.11072174466067183,0.3838443624743966,6.155782228042546,0.01,0.10810392312213363,0.30095689352502397,4.040616273077152,0.01,0.07336444313921986,0.1270216634696256,9.407172037051186
9.55,79.9972912037037,77.76863505703426,2.2286561466694392,0.015710644918895605,30.499306056548214,0.11442032313570158,3.489740454404907,3.489740454404907,1.1669216296257412,2.3228188247791657,-0.0,0,0.01,0.01,0.16573068696914153,0.30802264755921555,63.60579512678274,0.01,0.10032500664220728,0.19702395869513484,6.026910519490902,0.01,0.0952660027978682,0.18465176217609436,5.867556196261238,0.01,0.11071457171525353,0.38383712628344996,6.1551941755518405,0.01,0.10809674900576642,0.30094965733407736,4.040058335615038,0.01,0.07336121767927369,0.127018425155518,9.406221819743827
9.56,79.995342848,77.77770221665251,2.2176406313475043,0.015935335486238798,30.497926181353638,0.11442769359024635,3.489807352217886,3.489807352217886,1.1611539192905918,2.328653432927294,-0.0,0,0.01,0.01,0.16573363295725782,0.3080257726233738,63.61683730971998,0.01,0.10032805237856314,0.19702708375929306,6.027685242199134,0.01,0.09526904442898289,0.18465488724025256,5.868348235486168,0.01,0.11070732419964639,0.3838297885654386,6.1543555152156415,0.01,0.10808948506802031,0.300942319616066,4.039395220336789,0.01,0.07335794811343019,0.1270151412994511,9.405165484551528
9.57,79.99264206562964,77.78688417290093,2.2057578927287174,0.016111521356398626,30.492301823779265,0.11443515660407123,3.489391334422787,3.489391334422787,1.1549321318990402,2.334459202523747,-0.0,0,0.01,0.01,0.16573661775924312,0.3080289372894445,63.62789961434757,0.01,0.10033113823244888,0.19703024842536382,6.028430272295462,0.01,0.09527212638360211,0.1846580519063233,5.869100812100416,0.01,0.11069998630081387,0.3838223575723323,6.1534900111240525,0.01,0.10808212429610294,0.3009348886229597,4.038764128283253,0.01,0.07335463501095943,0.1270118155901754,9.404233622864568
9.58,79.98907247881482,77.79613411252765,2.19293836628716,0.01617366062835257,30.482105857923912,0.11444267410504053,3.488453706733733,3.488453706733733,1.148219843550491,2.3402338631832422,-0.0,0,0.01,0.01,0.16573962857629723,0.30803212542377856,63.63872722402557,0.01,0.1003342564062566,0.19703343655969782,6.028935077865063,0.01,0.09527524018746697,0.18466124004065732,5.8696081191992135,0.01,0.11069256896188534,0.3838148711791718,6.15284803756489,0.01,0.10807468784403575,0.3009274022297992,4.038315318504173,0.01,0.07335129197065944,0.1270084649752217,9.403673740263379
9.59,79.98452025200001,77.80536764024538,2.1791526117546276,0.016056143099162163,30.46720134462746,0.1144501774979224,3.4869766017575525,3.4869766017575525,1.141001639356558,2.3459749624009945,-0.0,0,0.01,0.01,0.1657426403885249,0.30803530793852885,63.64902013820599,0.01,0.10033738665057627,0.1970366190744481,6.028981372709787,0.01,0.09527836489094514,0.1846644225554076,5.869657335484952,0.01,0.11068511211815202,0.38380739768780603,6.152693273861692,0.01,0.10806722670973187,0.30091992873843343,4.038204270954807,0.01,0.07334794615414217,0.12700512002288394,9.403737615730211
9.6,79.97887407407407,77.81446365928201,2.164410414792065,0.015696457426274475,30.447638041991695,0.11445756839557937,3.484962613675109,3.484962613675109,1.1332826430773313,2.3516799705977776,-0.0,0,0.01,0.01,0.16574561612356908,0.3080384430943994,63.65844380922994,0.01,0.1003404961517526,0.19703975423031872,6.028353851837065,0.01,0.09528146699526736,0.18466755771127824,5.869039024785826,0.01,0.11067768541877232,0.3838000351219113,6.153289494671566,0.01,0.10805982187683688,0.3009125661725387,4.03858411054509,0.01,0.07334463813637879,0.12700182460895446,9.404669240347735
9.61,79.97202514059259,77.82326697813703,2.148758162455564,0.015038052791131608,30.423640610690352,0.11446472075100965,3.482433526731748,3.482433526731748,1.1250871429185838,2.357346383813164,-0.0,0,0.01,0.01,0.16574850740027136,0.30804147739845816,63.66664075420806,0.01,0.1003435400406706,0.19704278853437748,6.026850026089985,0.01,0.09528450099648937,0.18467059201533695,5.867556636355295,0.01,0.11067038746783947,0.38379290912389097,6.154888168804954,0.01,0.1080525829943161,0.30090544017451837,4.039598627449126,0.01,0.07334142111587982,0.12699863497741623,9.406693834997458
9.620000000000001,79.963867136,77.83159243630318,2.132274699696819,0.01403278422476935,30.395589480197255,0.11447148421961323,3.479428241528242,3.479428241528242,1.1164564220004847,2.362971819527757,-0.0,0,0.01,0.01,0.16575125578348524,0.30804434702568767,63.67324261665922,0.01,0.10034646246678874,0.197045658161607,6.024288775758188,0.01,0.09528741048962085,0.18467346164256648,5.865034747232756,0.01,0.11066334369201902,0.3837861696202998,6.157717406625121,0.01,0.10804564572989485,0.3008987006709272,4.041376160339891,0.01,0.07333835955317818,0.12699561824935884,9.410008350439153
9.63,79.95429621585185,77.83923028512575,2.115065930726109,0.012642854482784509,30.363995620052776,0.11447768853516864,3.4760000332756267,3.4760000332756267,1.107445931637867,2.3685541016377596,-0.0,0,0.01,0.01,0.1657537944665459,0.3080469796734462,63.67788218215274,0.01,0.10034919815759602,0.1970482908093655,6.02051735974284,0.01,0.09529012975206799,0.184676094290325,5.861325799192591,0.01,0.110656703002377,0.3837799864682863,6.161972652896732,0.01,0.10803916798653818,0.3008925175189137,4.044024540925501,0.01,0.07333552732812322,0.1269928504749162,9.414773753315329
9.64,79.94321098903703,77.84595251755904,2.0972584714779776,0.010842191139764708,30.329470669278923,0.11448314864894835,3.4722132990749777,3.4722132990749777,1.0981219677790288,2.374091331295949,-0.0,0,0.01,0.01,0.16575605028300605,0.30804929674336423,63.68020488581574,0.01,0.10035167436509186,0.19705060787928355,6.015416723695829,0.01,0.09529258570745493,0.18467841136024304,5.856315184506443,0.01,0.11065063346598558,0.3837745443300803,6.1678093932710825,0.01,0.10803332521286015,0.3008870753807077,4.047627232459249,0.01,0.07333300552332221,0.1269904143385434,9.421109304247047
9.65,79.93051249999999,77.85151981326685,2.0789926867331476,0.008617224545114245,30.292694012233117,0.11448767035990913,3.468139966386138,3.468139966386138,1.0885580252512939,2.3795819411348442,-0.0,0,0.01,0.01,0.1657579459394173,0.308051215735761,63.67987938963806,0.01,0.10035381308810412,0.1970525268716803,6.008905042649031,0.01,0.09529470015853492,0.18468033035263978,5.8499246217204695,0.01,0.11064531723784297,0.3837700370450076,6.175338027004525,0.01,0.10802830506761542,0.30088256809563496,4.052240734688059,0.01,0.07333087995249284,0.12698839663809858,9.429088941546441
9.66,79.91610421096297,77.85568875372387,2.060415457239097,0.005967059547113494,30.254378448556967,0.1144910561552295,3.463855741895301,3.463855741895301,1.0788310106342003,2.3850247312611006,-0.0,0,0.01,0.01,0.1657594023563266,0.30805265273755533,63.67660685073793,0.01,0.10035553345250817,0.1970539638734746,6.000939507818243,0.01,0.09529639217149337,0.18468176735443412,5.842113832398042,0.01,0.11064094502499199,0.3837666617785054,6.184620957745258,0.01,0.10802430171465921,0.3008791928291327,4.057893274549341,0.01,0.07332923855830277,0.12698688566280414,9.438739799224873
9.67,79.89989198414816,77.85821896561404,2.0416730185341097,0.0029030605311038188,30.21523608928018,0.11449311098443345,3.4594363789908145,3.4594363789908145,1.0690174926765428,2.3904188863142717,-0.0,0,0.01,0.01,0.16576034100522033,0.3080535248858494,63.6701285517707,0.01,0.1003567541306176,0.19705483602176876,5.99151642407117,0.01,0.09529758049339916,0.18468263950272826,5.832880583047818,0.01,0.11063771036233047,0.3837646132251647,6.19567186874968,0.01,0.10802151002791376,0.30087714427579204,4.064584755971908,0.01,0.07332816880445374,0.1269859685942098,9.450042809659832
9.68,79.881784064,77.85887986926225,2.0229041947377384,-0.0005521056130943444,30.175946024166343,0.11449364770629242,3.4549541332949967,3.4549541332949967,1.0591901595173425,2.395763973777654,0.0,0,0.01,0.01,0.1657606861346477,0.3080537526956805,63.660231624173704,0.01,0.10035739568582062,0.1970550638315998,5.980669727586151,0.01,0.09529818588952474,0.18468286731255928,5.822259197073351,0.01,0.1106358039738931,0.3837640781283724,6.208457077495383,0.01,0.10802011997640099,0.3008766091789997,4.0722879025121,0.01,0.07332775518148264,0.1269857290479509,9.462935270254556
9.69,79.8616910594074,77.85745671089836,2.0042343485090393,-0.004365038946993787,30.137125296988202,0.11449249195016806,3.450474575466628,3.450474575466628,1.049414650891387,2.401059924575241,0.0,0,0.01,0.01,0.16576030464524288,0.30805326214110074,63.651852210607544,0.01,0.10035732289565588,0.19705457327702008,5.9700214880125495,0.01,0.09529806509176526,0.18468237675797958,5.812213962287302,0.01,0.11063538299555231,0.3837652303778419,6.223136884686532,0.01,0.1080201783617298,0.3008777614284692,4.082151086716354,0.01,0.07332798117444375,0.12698624487363708,9.484414752980385
9.700000000000001,79.83952592592593,77.85376210555816,1.9857638203677643,-0.008467361025552669,30.09927338396535,0.11448949145189194,3.4460505028016595,3.4460505028016595,1.0397435049719617,2.406306997829698,0.0,0,0.01,0.01,0.16575917913325727,0.30805198863577826,63.641193070320945,0.01,0.1003563508892377,0.19705329977169755,5.962719339114626,0.01,0.09529706535400627,0.18468110325265705,5.805225810687919,0.01,0.11063614956248857,0.38376822164514707,6.243917225773716,0.01,0.10802150845885142,0.3008807526957744,4.097145607697888,0.01,0.07332892252650723,0.1269875839571444,9.513918908173604
9.71,79.815203948,77.84765798934295,1.9675459586570596,-0.012764476741749933,30.062666585102768,0.11448453384858007,3.441710370240775,3.441710370240775,1.0302046548862176,2.4115057153545574,0.0,0,0.01,0.01,0.16575727229317483,0.30804988460138816,63.62746781864982,0.01,0.10035456183774345,0.19705119573730742,5.955412287126713,0.01,0.09529525445852055,0.18467899921826691,5.798108613732722,0.01,0.11063824903326337,0.3837731635940479,6.270504993525596,0.01,0.10802445984297802,0.3008856946446753,4.1151389042043025,0.01,0.07333070495221676,0.12698979625199155,9.545843935291309
9.72,79.78864272118518,77.83905542289583,1.9495872982893654,-0.017181526686749833,30.027357906240077,0.11447754649838664,3.437458260935296,3.437458260935296,1.0208015223063072,2.4166567386289888,0.0,0,0.01,0.01,0.16575455367706501,0.30804691940087126,63.61069839136583,0.01,0.10035193440791322,0.19704823053679055,5.94787173102255,0.01,0.0952926063294355,0.18467603401775004,5.7907508902386455,0.01,0.11064196457632716,0.38378012802934613,6.300945063457182,0.01,0.10802926421166703,0.30089265907997353,4.134695878404897,0.01,0.07333337878584502,0.1269929138429786,9.578840614178015
9.73,79.75976213437036,77.8279021466389,1.931859987731451,-0.02166390555774574,29.993235513793017,0.11446848636470669,3.4332802704440524,3.4332802704440524,1.0115195242035324,2.42176074624052,0.0,0,0.01,0.01,0.16575100520374939,0.3080430750492583,63.590915738284856,0.01,0.10034844762369131,0.19704438618517756,5.9401829607764745,0.01,0.09528910004007235,0.18467218966613708,5.78324348469549,0.01,0.11064749237472708,0.3837891569679739,6.333809326120728,0.01,0.10803605218790245,0.30090168801860123,4.155019982731037,0.01,0.07333697085702716,0.1269969554533311,9.61230892396152
9.74,79.728484352,77.81417235641848,1.9143119955815202,-0.02617295007724446,29.960070793101693,0.11445733171133625,3.4291497608611574,3.4291497608611574,1.00233141699962,2.4268183438615374,0.0,0,0.01,0.01,0.16574661773844426,0.3080383426894929,63.568155400949685,0.01,0.1003440899236549,0.19703965382541225,5.93241995793331,0.01,0.09528472432118297,0.18466745730637174,5.775657957416939,0.01,0.1106549644839626,0.38380027091611835,6.3680613287957,0.01,0.10804489601894963,0.30091280196674575,4.175644604583781,0.01,0.07334149527009175,0.12700193014986016,9.645874783533538
9.75,79.69473379629629,77.79785841611991,1.896875380176389,-0.03068328269155706,29.92755733524059,0.11444407537518518,3.4250316274694503,3.4250316274694503,0.9932016265229149,2.4318300009465355,0.0,0,0.01,0.01,0.16574138833673535,0.30803271973570856,63.542452571000744,0.01,0.10033885681517574,0.19703403087162782,5.924633360299291,0.01,0.09527947489121573,0.18466183435258732,5.768042830962434,0.01,0.11066446578014234,0.38381347558027784,6.402962262099325,0.01,0.10805583237997762,0.30092600663090524,4.196289102505647,0.01,0.07334695770394578,0.12700784034769289,9.679294701892864
9.76,79.65843712948148,77.77896384670238,1.8794732827791094,-0.03518088106284312,29.89534398618841,0.11442871907720645,3.420885918712007,3.420885918712007,0.984089909632857,2.43679600907915,0.0,0,0.01,0.01,0.16573531792017562,0.308026207456407,63.51383732233,0.01,0.10033274838725212,0.1970275185923263,5.916853326275278,0.01,0.09527335196636476,0.1846553220732858,5.760426846798141,0.01,0.11067604703201649,0.3838287675456298,6.438003604318663,0.01,0.10806887590681183,0.3009412985962572,4.216788735682288,0.01,0.07335335837084295,0.12701468435293203,9.712425490308584
9.77,79.619523236,77.75749732656067,1.8620259094393488,-0.039661417846102234,29.86306321161658,0.11441126855375636,3.4166709449420662,3.4166709449420662,0.9749544863147519,2.4417164586273143,0.0,0,0.01,0.01,0.16572840928766022,0.308018808906286,63.48233050340841,0.01,0.10032576715983751,0.19702012004220532,5.909092564297103,0.01,0.09526635812437273,0.1846479235231648,5.752821903278172,0.01,0.11068973530437297,0.3838461391351079,6.472856845462092,0.01,0.10808402819496533,0.30095867018573524,4.237057856922204,0.01,0.07336069444764075,0.12702245853841304,9.745205775809644
9.78,79.57792320474074,77.73346761020674,1.844455594533995,-0.044128685367514985,29.830355209943804,0.11439172943085946,3.4123459220023205,3.4123459220023205,0.9657546909434322,2.446591231058888,0.0,0,0.01,0.01,0.16572066542842936,0.3080105271747496,63.44794050775183,0.01,0.10031791625278169,0.19701183831066887,5.9013491489265215,0.01,0.09525849648725453,0.18463964179162837,5.745225770020243,0.01,0.11070554239937165,0.3838655825235059,6.507334273404394,0.01,0.10810128436987418,0.3009781135741333,4.257068132584959,0.01,0.07336896213064058,0.12703115918553862,9.7776405506452
9.790000000000001,79.53357031125925,77.70687933920257,1.826690972056685,-0.048593040216847086,29.796887884954902,0.11437010381878375,3.407873160878952,3.407873160878952,0.9564531563653467,2.451420004513605,0.0,0,0.01,0.01,0.16571208812682878,0.30800136394218625,63.41066101154581,0.01,0.10030919786070451,0.19700267507810562,5.893609250749366,0.01,0.09524976920894578,0.18463047855906511,5.737624724096889,0.01,0.11072347174614809,0.3838870931270045,6.5413571571801254,0.01,0.10812063815195161,0.3009996241776319,4.27683367757349,0.01,0.07337815834692468,0.12704078400111563,9.809786981575401
9.8,79.4864,77.67772973812565,1.808670261874351,-0.05306985958043198,29.762372696693426,0.11434638762023136,3.403219804873897,3.403219804873897,0.9470175345784648,2.456202270295432,0.0,0,0.01,0.01,0.16570267685623283,0.30799131834156773,63.37046969253897,0.01,0.10029961202983678,0.19699262947748705,5.885849820719734,0.01,0.09524017626412253,0.18462043295844652,5.729996145785597,0.01,0.11074352398014468,0.38391067227354364,6.574929144767219,0.01,0.10814208581720584,0.301023203324171,4.296399559947491,0.01,0.07338828213008997,0.12705133331149926,9.84174107391531
9.81,79.43634986651853,77.64600618428291,1.7903436822356056,-0.05757802822224532,29.726576426336738,0.11432056854270665,3.3983591178870367,3.3983591178870367,0.9374217599187129,2.460937357968324,0.0,0,0.01,0.01,0.16569242795874023,0.3079803861214936,63.3273278931908,0.01,0.10028915573369317,0.19698169725741285,5.8780412119508885,0.01,0.09522971453505662,0.18460950073837235,5.722311055801742,0.01,0.1107657013627092,0.3839363291630284,6.608113596324257,0.01,0.10816562923104527,0.30104886021365573,4.315832171105163,0.01,0.07339933566489086,0.12706281093802657,9.873625164779813
9.82,79.38335963970371,77.61168462515737,1.7716750145463422,-0.062138486966016614,29.689328959359152,0.1142926247941619,3.393271335142481,3.393271335142481,0.9276468683745631,2.4656244667679177,0.0,0,0.01,0.01,0.1656813341026754,0.3079685591017073,63.2811811535542,0.01,0.10027782224047045,0.19696987023762658,5.8701496948591165,0.01,0.09521837718928447,0.18459767371858607,5.7145365502960574,0.01,0.1107900111470376,0.3839640821385221,6.641014110064964,0.01,0.10819127804521954,0.3010766131891495,4.33521085758946,0.01,0.07341132500901328,0.12707522476324057,9.905576355712192
9.83,79.327371164,77.57472879861422,1.7526423653857803,-0.0667728772012994,29.65052728097745,0.1142625244260346,3.387944097687491,3.387944097687491,0.9176813965777009,2.47026270110979,0.0,0,0.01,0.01,0.16566938400382059,0.3079558249055528,63.23196050970104,0.01,0.10026560075900662,0.19695713604147208,5.8621398114870935,0.01,0.09520615333476877,0.18458493952243157,5.706638080571441,0.01,0.11081646797860495,0.3839939593051367,6.673757809960171,0.01,0.10821905112015542,0.30110649035576403,4.354620599964484,0.01,0.07342426050656388,0.12708858700442852,9.937736043685709
9.84,79.26832838162963,77.5350901913523,1.7332381902773313,-0.07150231472169234,29.61013597128892,0.11423022527224375,3.382372502342101,3.382372502342101,0.907521394249422,2.474851108092679,0.0,0,0.01,0.01,0.16565656238990775,0.30794216694709253,63.17958443224522,0.01,0.10025247634351105,0.19694347808301177,5.853976514343042,0.01,0.09519302793261024,0.18457128156397126,5.698581524160707,0.01,0.11084509541448787,0.38402599854930086,6.706481143467692,0.01,0.10824897723269826,0.30113852959992826,4.37414568720698,0.01,0.07343815691493581,0.12710291421819436,9.970240717278903
9.85,79.20617731481482,77.49270865319141,1.7134686616234056,-0.07634632189800826,29.568184573931486,0.11419567541839916,3.376558808315997,3.376558808315997,0.897170093252071,2.479388715063926,0.0,0,0.01,0.01,0.16564285018199357,0.30792756464442594,63.12396126413626,0.01,0.10023843003098255,0.1969288757803452,5.845627040479793,0.01,0.09517898194109913,0.1845566792613047,5.690334999258335,0.01,0.11087592664904108,0.38406024702569325,6.739318038565442,0.01,0.10828109513674573,0.30117277807632065,4.3938643975919565,0.01,0.07345303327347762,0.12711822706635567,10.003214168904423
9.86,79.14086604799999,77.44751356996363,1.6933524780363576,-0.08132194086991518,29.52476228456508,0.11415881412357383,3.370511849686368,3.370511849686368,0.886637284156182,2.483874565530186,0.0,0,0.01,0.01,0.165628224861392,0.30791199382563567,63.06499200949114,0.01,0.1002234391798364,0.19691330496155499,5.837062480906812,0.01,0.09516399265953976,0.18454110844251448,5.681870383722242,0.01,0.11090900453901263,0.3840967601911875,6.772390322830294,0.01,0.10831545305433904,0.30120929124181484,4.4138447133163,0.01,0.07346891254823865,0.12713454987887496,10.03676124098036
9.870000000000001,79.07234471007408,77.39942548695355,1.6729192231205297,-0.08644304288117569,29.48001045938602,0.11411957310824512,3.3642462088517338,3.3642462088517338,0.8759384569007667,2.488307751950967,0.0,0,0.01,0.01,0.16561266098717134,0.3078954272900508,63.00257332408909,0.01,0.10020747797412326,0.19689673842597008,5.828259017347569,0.01,0.09514803423619235,0.18452454190692957,5.673164511431744,0.01,0.11094438102702073,0.3841356004739511,6.805800329313589,0.01,0.10835210768421119,0.3012481315245785,4.434141088916605,0.01,0.07348582109160942,0.12715191005347737,10.070963178181946
9.88,79.0005654565926,77.34835806851966,1.6522073880729349,-0.09171984073625075,29.434113476630493,0.11407787811686149,3.3577812096649233,3.3577812096649233,0.8650937654294522,2.492687444235471,0.0,0,0.01,0.01,0.16559613082701938,0.3078778354853439,62.9366005636428,0.01,0.10019051805506501,0.19687914662126318,5.819198811808075,0.01,0.09513107830206732,0.18450695010222268,5.664200031959089,0.01,0.11098211606712222,0.3841768356709395,6.8396256125422825,0.01,0.10839112282206888,0.3012893667215669,4.454792272952212,0.01,0.07350378795869021,0.12717033733388866,10.105874602888825
9.89,78.925482452,77.29422027789661,1.6312621741033884,-0.09715860320277762,29.387288494637332,0.11403365066207098,3.3511397901029714,3.3511397901029714,0.8541268770403532,2.497012913062618,0.0,0,0.01,0.01,0.16557860506359465,0.30785918726042066,62.8669707574696,0.01,0.10017252924054305,0.19686049839633993,5.80987054844211,0.01,0.09511309469127088,0.1844883018772994,5.654965933083561,0.01,0.1110222761592951,0.3842205371683093,6.87391567821311,0.01,0.1084325676912807,0.30133306821893663,4.475820153686384,0.01,0.07352284412358469,0.12718986300918703,10.141522070872034
9.9,78.84705185185186,77.23691866407546,1.610133187776405,-0.10276156254226,29.33977463909586,0.11398680985985894,3.3443473131177313,3.3443473131177313,0.8430637656699114,2.50128354744782,0.0,0,0.01,0.01,0.16556005353928738,0.30783945065506174,62.793585390585974,0.01,0.1001534802936463,0.19684076179098103,5.800269640614059,0.01,0.09509405220911678,0.18446856527194053,5.645457738783839,0.01,0.11106493260063151,0.38426677807686194,6.908690596487228,0.01,0.10847651508381842,0.30137930912748934,4.497229566512419,0.01,0.07354302163851768,0.1272105190756636,10.177904104407663
9.91,78.76523178503703,77.17635964966811,1.5888721353689192,-0.10852699964835187,29.291822121520067,0.11393727427033815,3.33743037093759,3.33743037093759,0.8319315046614206,2.5054988662761692,0.0,0,0.01,0.01,0.16554044600447612,0.30781859368970504,62.71635289694485,0.01,0.10013333970330134,0.19681990482562434,5.7903981283944805,0.01,0.09507391941117611,0.18444770830658383,5.635677407216128,0.01,0.1111101595596222,0.38431563136886776,6.943941326418983,0.01,0.10852303940915324,0.30142816241949516,4.519008967533854,0.01,0.07356435277680165,0.12723233739997777,10.214992544892164
9.92,78.679982336,77.11245172414995,1.5675306118500552,-0.11444948582328632,29.243681743699725,0.11388496366722102,3.330415632877018,3.330415632877018,0.8207571090775412,2.5096585237994766,0.0,0,0.01,0.01,0.16551975283768636,0.3077965851223799,62.63519078762246,0.01,0.10011207644318458,0.19679789625829916,5.780264301850032,0.01,0.09505266535964503,0.18442569973925865,5.625632963118747,0.01,0.11115803207592463,0.3843671680940155,6.979631533885377,0.01,0.10857221474342937,0.30147969914464284,4.541131847606003,0.01,0.07358686919738679,0.12725534891851073,10.252735022014507
9.93,78.59126552696296,77.04510746006598,1.5461580668969799,-0.12052025621323322,29.195595182531058,0.1138298006694531,3.3233287800535556,3.3233287800535556,0.8095664707086914,2.513762309344864,0.0,0,0.01,0.01,0.16549794571029142,0.30777339514436186,62.55002735983209,0.01,0.10008966067930267,0.1967747062802812,5.769882093230801,0.01,0.09503026032761773,0.1844025097612407,5.615337906456362,0.01,0.1112086240813466,0.38442145574143405,7.015700643897182,0.01,0.10862411296288094,0.3015339867920614,4.563558737575286,0.01,0.07361060116426896,0.12727958290294733,10.291058304324908
9.94,78.49904530014817,76.97424528483796,1.5248000153102028,-0.12672768740843215,29.1477863802213,0.11377171218042663,3.316193562747097,3.316193562747097,0.7983834210486895,2.5178101416984076,0.0,0,0.01,0.01,0.16547499817326383,0.30774899599132366,62.46080295479372,0.01,0.10006606440155218,0.19675030712724292,5.759270286259806,0.01,0.09500667642678869,0.18437811060820242,5.604810444093786,0.01,0.11126200652848017,0.38447855680240867,7.052067836225758,0.01,0.10867880203454308,0.301591087853036,4.586239640919979,0.01,0.07363557684867177,0.1273050663165593,10.329872279304988
9.950000000000001,78.40328749999999,76.89979095688102,1.5034965431189753,-0.13305785063021552,29.10045429034965,0.11371063059295157,3.3090310078970218,3.3090310078970218,0.7872289490933704,2.5218020588036514,0.0,0,0.01,0.01,0.16545088614871767,0.30772336245230203,62.36747075237495,0.01,0.1000412619599403,0.19672467358822138,5.748451592912163,0.01,0.09498188813947765,0.18435247706918087,5.59407259339974,0.01,0.1113182457016733,0.3845385275752617,7.0886366757458426,0.01,0.10873634452439122,0.30165105862588903,4.609116725687127,0.01,0.07366182173597763,0.1273318232797334,10.369074309514597
9.96,78.3039598554074,76.82167871105395,1.4822811443534523,-0.13949511212077445,29.05376715434081,0.11364649473112175,3.301858795825031,3.301858795825031,0.7761205922759129,2.525738203549118,0.0,0,0.01,0.01,0.16542558831431806,0.3076964722644468,62.26999710971062,0.01,0.1000152304916991,0.1966977834003661,5.737451647949034,0.01,0.0949558727414144,0.18432558688132558,5.58314920646387,0.01,0.11137740177120492,0.3846014172405178,7.125300068431112,0.01,0.10879679636877844,0.3017139482911451,4.632127113623315,0.01,0.07368935815316079,0.1273598746572692,10.408553723931389
9.97,78.20103196192592,76.73985205435552,1.4611799075703915,-0.14602275360900474,29.00785840870378,0.11357925051284108,3.29469081704319,3.29469081704319,0.7650720105326925,2.5296188065104976,0.0,0,0.01,0.01,0.1653990863738534,0.3076683063870008,62.16836146670785,0.01,0.09998795023100873,0.19666961752292014,5.726297969196802,0.01,0.09492861060718594,0.18429742100387964,5.572066961468755,0.01,0.11143952763617808,0.38466726722147637,7.161945251221199,0.01,0.10886020594013933,0.3017797982721037,4.6552056194831755,0.01,0.0737182049262583,0.12738923777411296,10.448196227806113
9.98,78.094475264,76.65426420770183,1.4402110562981656,-0.15262358780885338,28.96282425346058,0.11350885132865475,3.287536912244013,3.287536912244013,0.7540927456808522,2.533444166563161,0.0,0,0.01,0.01,0.16537136521218343,0.3076388491531206,62.06255585551571,0.01,0.09995940469826547,0.19664016028903988,5.71501892747777,0.01,0.09490008539544811,0.18426796376999938,5.560853363712757,0.01,0.11150466808545752,0.3847361108331084,7.198458557088331,0.01,0.10892661342308681,0.3018486418837357,4.6782873155395075,0.01,0.07374837717145266,0.12741992626069637,10.487888046613742
9.99,77.98426303718517,76.56487820317223,1.419384834012944,-0.15928054658321122,28.918722848397298,0.11343525814333603,3.2804027914835374,3.2804027914835374,0.7431881611919722,2.5372146302915652,0.0,0,0.01,0.01,0.16534241293726037,0.30760808830282416,61.95258406152436,0.01,0.09992958077062804,0.19660939943874342,5.703642765021629,0.01,0.09487028411577443,0.1842372029197029,5.549535793908061,0.01,0.1115728592897234,0.3848079732111216,7.23472974200413,0.01,0.10899605050289125,0.301920504261749,4.701309822740581,0.01,0.07377988621783127,0.12745195002406057,10.527519656721255
10.0,77.87037037037037,76.47166665801565,1.398703712354723,-0.16597722247229463,28.8755750474208,0.11335843933621081,3.2732901223112534,3.2732901223112534,0.7323595512137282,2.540930571097525,0.0,0,0.01,0.01,0.16531222081586708,0.3075760149044678,61.8384604924967,0.01,0.0998984686398428,0.19657732604038713,5.692196695196312,0.01,0.09483919708325501,0.18420512952134663,5.5381406355340825,0.01,0.1116441286221665,0.3848828715033257,7.270655713400207,0.01,0.10906854035543626,0.3019954025539531,4.724215258054484,0.01,0.07381273965498578,0.12748531533657867,10.566988993979827
10.01,77.75277414800001,76.3746112567915,1.3781628912085206,-0.1726983475769375,28.83336653317697,0.11327837030431924,3.2661967712653865,3.2661967712653865,0.7216044024117929,2.5445923688535936,0.0,0,0.01,0.01,0.16528078311307307,0.30754262317563075,61.720208817976676,0.01,0.09986606166700804,0.19654393431155,5.680706110144953,0.01,0.09480681777058912,0.1841717377925095,5.526692506989879,0.01,0.11171849479122058,0.38496081529721915,7.306143554797934,0.01,0.10914409791650535,0.30207334634784655,4.746951794859207,0.01,0.07384694149442236,0.12752002503040313,10.606204068513653
10.02,77.63145303229629,76.27370198118767,1.3577510511086306,-0.17943019718372696,28.79205117461946,0.11319503285915197,3.259117178793435,3.259117178793435,0.7109167879277822,2.5482003908656528,0.0,0,0.01,0.01,0.16524809684813743,0.30750791021710394,61.59786044480724,0.01,0.09983235614695146,0.1965092213530232,5.669193916541103,0.01,0.09477314257040095,0.1841370248339827,5.515213618098894,0.01,0.1117959682565801,0.38504180725110304,7.341112794116474,0.01,0.10922273039894484,0.30215433830173044,4.769474818038016,0.01,0.07388249243033217,0.12755607878280145,10.645084948290565
10.03,77.5063874454815,76.16893613327852,1.3374513122029705,-0.18616090893568643,28.751555399560278,0.11310841445283484,3.2520428442971054,3.2520428442971054,0.7002878694918135,2.551754974805292,0.0,0,0.01,0.01,0.16521416148167561,0.30747187567582207,61.47145289611654,0.01,0.09979735099723783,0.19647318681174136,5.657680013415009,0.01,0.09473817048282492,0.18410099029270083,5.503723264474224,0.01,0.1118765518899872,0.3851258438910155,7.375496909747746,0.01,0.10930443801901737,0.3022383749416429,4.791747676393263,0.01,0.0739193901826513,0.12759347347531208,10.68356510353406
10.040000000000001,77.377559552,76.06031720226378,1.3172423497362276,-0.1928807117323065,28.71178335239195,0.11301850727327013,3.244962895640866,3.244962895640866,0.6897064814881149,2.555256414152751,0.0,0,0.01,0.01,0.1651789785503606,0.3074345213540459,61.34102815985657,0.01,0.09976104738849989,0.1964358324899652,5.646180920100726,0.01,0.09470190274505737,0.1840636359709247,5.492237467532347,0.01,0.11196024183509197,0.3852129165323902,7.409244106784467,0.01,0.10938921488814775,0.30232544758301755,4.8137420517608245,0.01,0.07395762990352138,0.12763220360815558,10.72159212910862
10.05,77.24495324074074,75.94785362709845,1.297099613642277,-0.19958206184096774,28.672622594040092,0.11292530724989694,3.2378647160923144,3.2378647160923144,0.6791597695321228,2.5587049465601917,0.0,0,0.01,0.01,0.16514255126624489,0.3073958507829082,61.20663107057469,0.01,0.09972344833379448,0.19639716191882753,5.634709556699322,0.01,0.09466434242055966,0.18402496539978702,5.480768762417182,0.01,0.11204702851613382,0.3853030122835235,7.44231742460578,0.01,0.10947705002321848,0.3024155433341509,4.835437976599552,0.01,0.07399720462723174,0.12767226175055443,10.759127881817497
10.06,77.10855410725925,75.83155750794411,1.2769965993151389,-0.2062596868779622,28.633950096560568,0.11282881301244277,3.23073460125245,3.23073460125245,0.6686338558445981,2.562100745407852,0.0,0,0.01,0.01,0.16510488409800642,0.30735586877860355,61.068307783050294,0.01,0.09968455825505346,0.19635717991452278,5.623275174246438,0.01,0.09462549396594358,0.1839849833954823,5.469326131146575,0.01,0.11213689774314474,0.38539611508765215,7.474694256750741,0.01,0.10956792842748861,0.3025086461382795,4.856823540470379,0.01,0.07403810574344814,0.12771363900752988,10.796148085411104
10.07,76.968349436,75.71144331812427,1.256906117875736,-0.2129105413243155,28.59563828835987,0.11272902484435894,3.2235584190488216,3.2235584190488216,0.6581145043617465,2.565443914687075,0.0,0,0.01,0.01,0.1650659823510518,0.3073145809990597,60.92610439008432,0.01,0.0996443825444471,0.19631589213497905,5.611883427156448,0.01,0.09458536279330242,0.18394369561593854,5.457915073697505,0.01,0.11222983186162316,0.3854922067616093,7.506365375576483,0.01,0.10966183219493172,0.3026047378122366,4.877894331147847,0.01,0.07408032347396863,0.12775632548431284,10.832641467546626
10.08,76.82432818251851,75.58752666536368,1.2368015171548288,-0.219533680024833,28.557560917361076,0.1126259436706292,3.2163222472492703,3.2163222472492703,0.6475877600403868,2.5687344872088835,0.0,0,0.01,0.01,0.16502585176249207,0.30727199351790613,60.78006572866378,0.01,0.09960292713764347,0.19627330465382545,5.600536576086837,0.01,0.09454395484490156,0.18390110813478494,5.446537805541841,0.01,0.11232581089689146,0.3855912679915553,7.537333559307007,0.01,0.10975874159313563,0.3027037990421827,4.8986526589344015,0.01,0.07412384733433858,0.127800310730689,10.86860850141346
10.09,76.67648095570371,75.45982314667945,1.2166578090242475,-0.2261300586150973,28.51959851798314,0.11251957011641785,3.2090129651362904,3.2090129651362904,0.6370405391272049,2.5719724260090855,0.0,0,0.01,0.01,0.16498449812559615,0.3072281124310192,60.630234409643776,0.01,0.09956019811458089,0.19622942356693848,5.589233805908735,0.01,0.09450127619576466,0.18385722704789798,5.435193566729392,0.01,0.11242481364731555,0.3856932792500305,7.567611919142481,0.01,0.10985863608367535,0.30280581030065784,4.91910661362618,0.01,0.0741686665633354,0.12784558414933156,10.904059830224199
10.1,76.5248,75.32834733555181,1.1964526644481828,-0.2327022719631227,28.48164329280882,0.11240990366870694,3.2016187788711123,3.2016187788711123,0.6264611501663908,2.5751576287047215,0.0,0,0.01,0.01,0.1649419269564762,0.3071829435089296,60.4766500958165,0.01,0.09951620134152951,0.19618425464484895,5.57797164026934,0.01,0.09445733269784191,0.18381205812580845,5.423879024546768,0.01,0.11252681868591145,0.385798221603403,7.59722202088612,0.01,0.10996149524384413,0.30291075265403034,4.939269003099542,0.01,0.07421477050551922,0.127892135354384,10.939014455855508
10.11,76.36927917762964,75.19311193315905,1.176167244470587,-0.23925424343333065,28.44360325034052,0.11229694196781972,3.1941296635591776,3.1941296635591776,0.6158397291036244,2.578289934455553,0.0,0,0.01,0.01,0.16489814321354096,0.3071364919059979,60.31934904273852,0.01,0.09947094216597782,0.19613780304191722,5.5667444319018475,0.01,0.09441212967720132,0.1837656065228767,5.412588749493554,0.01,0.11263180523627618,0.3859060773844896,7.626191890037339,0.01,0.11006729955957287,0.30301860843511697,4.959156220946292,0.01,0.07426214893464753,0.12793995446915632,10.973497773866056
10.120000000000001,76.20991395081481,75.05412710776868,1.1557868430461269,-0.24579087902246255,28.405405475157856,0.11218068024973116,3.1865377089726463,3.1865377089726463,0.6051685758715752,2.581369133101071,0.0,0,0.01,0.01,0.1648531510777558,0.3070887619346007,60.158363905660906,0.01,0.09942442517332517,0.19609007307052004,5.555544906220014,0.01,0.09436567169312648,0.18371787655147953,5.401315742773923,0.01,0.11273975389595295,0.38601683071149395,7.654553982462802,0.01,0.1101760310660451,0.3031293617621213,4.97878708828319,0.01,0.074310792308667,0.12798903235468537,11.007539535987188
10.13,76.04670136399999,74.91140003812473,1.1353013258752689,-0.25231770113525376,28.366998444817483,0.11206111095354904,3.178837360143845,3.178837360143845,0.5944423841634161,2.584394975980429,0.0,0,0.01,0.01,0.16480695379906266,0.30703975690971486,59.99372380547333,0.01,0.09937665401158643,0.19604106804563415,5.544364734893181,0.01,0.09431796236523156,0.18366887152659364,5.3900519926602914,0.01,0.11285064718799002,0.38613046784119764,7.682343195074136,0.01,0.1102876738196697,0.30324299889182504,4.998181711864537,0.01,0.07436069195011263,0.12803936076398073,11.041171818248547
10.14,75.87964002607407,74.76493466816522,1.114705357908847,-0.25884047693752565,28.32835334755728,0.11193822350174179,3.171025548455182,3.171025548455182,0.5836583605539358,2.587367187901246,0.0,0,0.01,0.01,0.1647595536115347,0.3069894790663452,59.82545463678039,0.01,0.09932763128743104,0.19599079020226454,5.533195116024742,0.01,0.09426900427182294,0.18361859368322406,5.378789037062016,0.01,0.11296446992929864,0.3862469773512977,7.709594982622715,0.01,0.11040221419245112,0.30335950840192505,5.017360396963438,0.01,0.07441184014894862,0.12809093241990527,11.07442706766863
10.15,75.70873009259259,74.6147316719603,1.0939984206322908,-0.26536485584267283,28.2894643948275,0.11181200425384877,3.163101713253556,3.163101713253556,0.5728162335495401,2.590285479704016,0.0,0,0.01,0.01,0.16471095171708405,0.30693792954932764,59.65357959193327,0.01,0.09927735853397876,0.19593924068524693,5.522027338381843,0.01,0.09421879891984626,0.18356704416620642,5.367518510383131,0.01,0.11308120941220384,0.3863663501536471,7.736343637837333,0.01,0.11051964098714005,0.30347888120427446,5.036342649189131,0.01,0.0744642301880562,0.12814374101772272,11.107336294020415
10.16,75.533973248,74.46078861968803,1.0731846283119661,-0.2718960297764779,28.250348161386498,0.11168243662778198,3.1550677182468245,3.1550677182468245,0.5619181573750609,2.5931495608717636,0.0,0,0.01,0.01,0.1646611483348932,0.30688510847225786,59.4781198678806,0.01,0.09922583624798309,0.19588641960817718,5.510853308698589,0.01,0.09416734678397423,0.18351422308913667,5.356232654382254,0.01,0.11320085540306603,0.3864885793466809,7.7626207826805,0.01,0.11063994537860522,0.3036011103973083,5.055146294425891,0.01,0.07451785629460303,0.12819778115625263,11.139927464094269
10.17,75.35537268785185,74.3031003280547,1.0522723597971568,-0.27843842846922645,28.211042021770364,0.1115495013766556,3.1469276708443625,3.1469276708443625,0.5509685191857239,2.5959591516586387,0.0,0,0.01,0.01,0.1646101428113105,0.30683101503974586,59.29909551633953,0.01,0.09917306399143327,0.19583232617566515,5.499666023355961,0.01,0.09411464740980498,0.18346012965662464,5.344924774852432,0.01,0.11332339996880159,0.3866136599212482,7.7884541083721475,0.01,0.11076312069340519,0.3037261909718756,5.0737867404336265,0.01,0.07457271352330043,0.1282530482042146,11.172224145980302
10.18,75.17293310103705,74.14165937207561,1.0312737289614367,-0.28499546020909355,28.171601784092957,0.11141317700357818,3.1386876560454673,3.1386876560454673,0.5399736617909001,2.598713994254567,0.0,0,0.01,0.01,0.1645579337828092,0.3067756477249652,59.11652639382957,0.01,0.09911904055030471,0.19577695886088445,5.488459968622637,0.01,0.09406069957385231,0.18340476234184394,5.33358962886022,0.01,0.11344883714834365,0.3867415883392305,7.813866391171628,0.01,0.11088916204534086,0.30385411938985785,5.092276397503626,0.01,0.07462879757998354,0.12830953811062007,11.2042444390951
10.19,74.98666065200001,73.9764567297793,1.0102039222207115,-0.2915693063398446,28.132098649261415,0.11127344029220054,3.1303553993428856,3.1303553993428856,0.5289415367793637,2.601413862563522,0.0,0,0.01,0.01,0.16450451938284386,0.3067190044926383,58.930433166071516,0.01,0.09906376414124964,0.1957203156285576,5.477231437163962,0.01,0.09400550149108804,0.1833481191095171,5.322223730617637,0.01,0.1135771624913728,0.38687236200852343,7.838874799732226,0.01,0.1110180658496522,0.3039848930591508,5.110624268884322,0.01,0.07468610459594803,0.12836724716990944,11.236000213302429
10.200000000000001,74.79656296296294,73.80748252734615,0.989080435616787,-0.29816077539422137,28.09261564493818,0.11113026692717813,3.1219398753046006,3.1219398753046006,0.5178813050571818,2.604058570247419,0.0,0,0.01,0.01,0.16444989748208916,0.306661083056213,58.74083832057636,0.01,0.09900723265551659,0.19566239419213224,5.4659787521779055,0.01,0.0939490510593085,0.18329019767309174,5.310825567690085,0.01,0.11370837249086461,0.38700597868107744,7.863490498547606,0.01,0.11114982924233437,0.3041185097317048,5.128835714950241,0.01,0.07474463086498795,0.12842617175387702,11.267496667423675
10.21,74.60264909614813,73.63472684955103,0.9679222465970991,-0.30476922022376624,28.053243698339372,0.11098363217618229,3.1134508799653005,3.1134508799653005,0.5068029031925958,2.6066479767727047,0.0,0,0.01,0.01,0.16439406595065675,0.3066018811570954,58.547767143244684,0.01,0.09894944392835381,0.19560319229301468,5.4547023945965005,0.01,0.0938913461285814,0.18323099577397417,5.299395723134312,0.01,0.11384246393902896,0.38714243580264207,7.887718540783375,0.01,0.11128444943368743,0.30425496685326947,5.146912388253654,0.01,0.0748043725560625,0.12848630802324548,11.298732204442356
10.22,74.404929536,73.45818057919672,0.9467489568032834,-0.31139251892063247,28.014077519899075,0.110833511603741,3.104898585869834,3.104898585869834,0.4957165945811659,2.609181991288668,0.0,0,0.01,0.01,0.1643370229304758,0.30654139685341625,58.35124861770977,0.01,0.09889039602161398,0.19554270798933554,5.443405032709395,0.01,0.09383238478350649,0.18317051147029506,5.287936903007079,0.01,0.11397943323798222,0.3872817298436173,7.9115580332356545,0.01,0.11142192302661319,0.3043942608942447,5.164852330206791,0.01,0.07486532541495386,0.12854765163203308,11.329698608537296
10.23,74.20341617140741,73.27783622949433,0.925579941913094,-0.3180271178270256,27.97521147089587,0.11067988178701904,3.096293098565614,3.096293098565614,0.4846325243040406,2.6116605742615735,0.0,0,0.01,0.01,0.16427876710608394,0.3064796288059205,58.151316211167334,0.01,0.09883008750723839,0.19548093994183982,5.432091457497402,0.01,0.09377216562599873,0.1831087434227993,5.2764538725009675,0.01,0.11411927569696875,0.38742385563998827,7.935002546585672,0.01,0.11156224533032229,0.3045363866906156,5.18265021432083,0.01,0.0749274844681691,0.1286101974376083,11.36038149777879
10.24,73.99812227792592,73.09368873499955,0.9044335429263755,-0.3246681325862448,27.936735582544664,0.11052272100461827,3.0876440325693757,3.0876440325693757,0.47356029568628166,2.614083736883094,0.0,0,0.01,0.01,0.16421929796258955,0.3064165765491594,57.94800851630201,0.01,0.09876851773973795,0.19541788768507867,5.420768430467779,0.01,0.09371068804675539,0.18304569116603817,5.26495330732843,0.01,0.11426198484715398,0.3875688057717823,7.958040736083406,0.01,0.11170540969905236,0.30468133682240967,5.200297716010278,0.01,0.07499084374171065,0.12867393922858175,11.390761016870753
10.25,73.7890625,72.90573616964053,0.8833263303594617,-0.3313095010881097,27.898731882245684,0.1103620098715268,3.078960123391478,3.078960123391478,0.4625085850299526,2.616451538361525,0.0,0,0.01,0.01,0.16415861602050316,0.30635224073719514,57.741369726090156,0.01,0.09870568710667556,0.19535355187311443,5.409444454036977,0.01,0.09364795247446533,0.18298135535407392,5.2534435701389075,0.01,0.11440755180301382,0.38771657000392823,7.980657131571588,0.01,0.11185140692319993,0.3048291010545556,5.217783985157035,0.01,0.07505539600623433,0.1287388694814891,11.4208127266914
10.26,73.57625283318518,72.71398036441164,0.8622724687735441,-0.33794418036890855,27.861271165331175,0.11019773189634834,3.0702488901686253,3.0702488901686253,0.4514848088819501,2.6187640812866753,0.0,0,0.01,0.01,0.1640967230384315,0.3062866233544344,57.531449925716046,0.01,0.09864159724743567,0.1952879344903537,5.398129477008577,0.01,0.0935839605931092,0.18291573797131316,5.241934424205388,0.01,0.11455596469625885,0.3878671348109609,8.002833051638786,0.01,0.11200022469706322,0.3049796658615883,5.235096195039847,0.01,0.07512113255859386,0.12880497915563804,11.450508642178407
10.27,73.35971060637038,72.51842740226914,0.8412832041012528,-0.344564378096474,27.824410328580868,0.1100298739407665,3.0615163609299145,3.0615163609299145,0.4404948555988297,2.621021505331085,0.0,0,0.01,0.01,0.1640336221762339,0.306219727883935,57.31830519404073,0.01,0.09857625123218275,0.19522103901985421,5.386834549866422,0.01,0.0935187155193192,0.1828488425008137,5.230436698647644,0.01,0.11470720820421403,0.3880204830028636,8.024547594795852,0.01,0.11215184718333794,0.30513301405349097,5.252220139927417,0.01,0.07518804304790912,0.12887225753359885,11.479818367041581
10.28,73.13945446400001,72.31908797342776,0.8203664905722494,-0.35116180824266136,27.78819035597372,0.10985842656566944,3.052766869614582,3.052766869614582,0.42954289000550316,2.623223979609079,0.0,0,0.01,0.01,0.16396931811307675,0.3061515594274896,57.10199751472194,0.01,0.09850965369478534,0.19515287056340894,5.375571445793699,0.01,0.09345222193364605,0.18278067404436843,5.2189619206529585,0.01,0.11486126318981217,0.3881765934646565,8.045778660828992,0.01,0.11230625468979373,0.3052891245152839,5.269140853630885,0.01,0.07525611535217853,0.12894069211270004,11.508710273185057
10.290000000000001,72.91550434829628,72.11597758038717,0.7995267679091246,-0.35772795994157486,27.75263501867017,0.10968338425329997,3.044002930794389,3.044002930794389,0.4186312367352829,2.625371694059106,0.0,0,0.01,0.01,0.16390381711681307,0.30608212477391744,56.882594505226805,0.01,0.09844181091553796,0.19508343590983673,5.364352264181254,0.01,0.09338448616163456,0.18271123939079623,5.207521930977214,0.01,0.11501810646507456,0.38833544101732437,8.066503957775296,0.01,0.1124634234683929,0.3054479720679517,5.285843222426416,0.01,0.0753253355091745,0.12901026855063408,11.537152674242483
10.3,72.68788148148147,71.90911658836734,0.7787648931141185,-0.3642543683602609,27.717750321205187,0.10950474550000569,3.035225194756275,3.035225194756275,0.4077603445134925,2.6274648502427826,0.0,0,0.01,0.01,0.16383712706317924,0.3060114324141748,56.660168978680964,0.01,0.09837273085166476,0.195012743550094,5.353189033248641,0.01,0.0933155162027588,0.18264054703105348,5.19612849880462,0.01,0.11517771068437098,0.3884969964025266,8.086701953970703,0.01,0.11262332564171781,0.30560952745315395,5.3023125679264576,0.01,0.07539568770301139,0.12908097066597907,11.565114946101442
10.31,72.45660834799999,71.69853012315758,0.7580782248424043,-0.370732876662731,27.683524695469085,0.10932251277944732,3.0264324823005646,3.0264324823005646,0.39692883033521476,2.62950365196535,0.0,0,0.01,0.01,0.1637692574053676,0.30593949250408586,56.43479835990318,0.01,0.09830242311575384,0.19494080364000513,5.342093327871119,0.01,0.09324532170742711,0.18256860712096462,5.184792951583371,0.01,0.115340044368119,0.3886612263884581,8.106352740024477,0.01,0.11278592925617092,0.3057737574390855,5.318535178440943,0.01,0.07546715430545126,0.12915278049218532,11.59256855233903
10.32,72.22170867674073,71.48424782444724,0.7374608522935047,-0.3771558788070952,27.6499299143789,0.10913669238128221,3.017621895429583,3.017621895429583,0.386133599312557,2.631488296117026,0.0,0,0.01,0.01,0.16370021909650512,0.3058663167775682,56.20656398240676,0.01,0.09823089890436243,0.19486762791348752,5.331075917417114,0.01,0.09317391390435044,0.18249543139444702,5.17352583415647,0.01,0.11550507205212363,0.38882809398941265,8.125438771939239,0.01,0.11295119845621582,0.30594062504004005,5.334498770943099,0.01,0.07553971596880499,0.12922567838145313,11.61948793888264
10.33,71.98320742325926,71.26630346828422,0.7169039549750407,-0.38351653394680657,27.616922669292805,0.10894729413518486,3.008788997160098,3.008788997160098,0.3753700330465093,2.633418964113589,0.0,0,0.01,0.01,0.16363002446939517,0.30579191841513964,55.97555029677338,0.01,0.09815817088097982,0.19479322955105896,5.320146456682747,0.01,0.0931013054825052,0.18242103303201848,5.162336609841143,0.01,0.11567275455269865,0.3889975587872264,8.143945473562757,0.01,0.11311909376914218,0.3061100898378538,5.350192869711384,0.01,0.07561335176527907,0.12929964315301254,11.6458512693438
10.34,71.741130752,71.04474358319949,0.6963871688005058,-0.3897475615701257,27.58440087562575,0.10875433897337017,2.9999232832051317,2.9999232832051317,0.3646274689263107,2.635295814278821,0.0,0,0.01,0.01,0.16355868561456047,0.30571630783020154,55.74165824256271,0.01,0.09808425244254292,0.19471761896612083,5.30922836574188,0.01,0.09302750979237037,0.18234542244708032,5.151144473052201,0.01,0.11583917148068523,0.38916957027492316,8.202154945398307,0.01,0.11328957029910731,0.30628210132555056,5.3655602306172785,0.01,0.07568803796947454,0.12937464919983072,11.671505970497149
10.35,71.49550601851853,70.81967854916036,0.6758274693581657,-0.3957500982930599,27.55194495101411,0.1085579037128918,2.990981387095085,2.990981387095085,0.35386243547163243,2.6371189516234526,0.0,0,0.01,0.01,0.16348613256457792,0.30563940228261033,55.5040757515994,0.01,0.09800909087638061,0.19464071341852965,5.297609385407995,0.01,0.0929524717356948,0.18226851689948914,5.139255132036914,0.01,0.11600291427773683,0.3893440283617583,8.314143822103576,0.01,0.11346254811975359,0.30645655941238564,5.380397407263634,0.01,0.07576373264462626,0.12945064931386724,11.696026736584136
10.36,71.24636175170372,70.5912588589976,0.65510289270611,-0.40144583110405513,27.518933162125567,0.10835810090256826,2.981899336312634,2.981899336312634,0.34301107251182295,2.638888263800811,0.0,0,0.01,0.01,0.16341235423687941,0.30556120494055816,55.26388971691602,0.01,0.0979326525824651,0.19456251607647748,5.286208706326079,0.01,0.0928761599764863,0.18219031955743697,5.127592600686489,0.01,0.11616778575948167,0.38952080213905904,8.439312586788027,0.01,0.11363790928770721,0.30663333318968644,5.394572354936109,0.01,0.07584037833765662,0.12952758295770522,11.719162709214217
10.370000000000001,70.99372763599999,70.35967093433996,0.6340567016600246,-0.40680742715231555,27.48455970283896,0.10815507557522949,2.9725946318124548,2.9725946318124548,0.33199131264908477,2.64060331916337,0.0,0,0.01,0.01,0.16333740460976198,0.30548177375032537,55.02136415455473,0.01,0.09785498690025395,0.19448308488624463,5.275218839897949,0.01,0.09279862525195054,0.18211088836720413,5.1163233041890726,0.01,0.11633453407664077,0.3896997333919161,8.568281834494975,0.01,0.11381550446192239,0.3068122644425435,5.407993668740381,0.01,0.0759179045878145,0.12960537786438703,11.740765223646784
10.38,70.73763449362961,70.1251022686603,0.6125322249693212,-0.41185063174843634,27.448008647147805,0.10794897498121217,2.962984398735054,2.962984398735054,0.32072112300843836,2.6422632757266156,0.0,0,0.01,0.01,0.16326133938687304,0.3054011674577216,54.77669174079769,0.01,0.09777615179245505,0.19440247859364088,5.264636621731478,0.01,0.0927199255321892,0.18203028207460037,5.105441252535933,0.01,0.11650319755955672,0.3898806637315627,8.699013226631607,0.01,0.1139951736117149,0.30699319478219006,5.420675487963503,0.01,0.07599623846977949,0.1296839618855757,11.76089334482867
10.39,70.4781142668148,69.88772574853738,0.5903885182774247,-0.41660888159315984,27.408533257241423,0.10773993481970877,2.952993586639011,2.952993586639011,0.3091267052973534,2.6438668813416575,0.0,0,0.01,0.01,0.1631842103013827,0.30531944022237173,54.53002313704954,0.01,0.09769620218702812,0.19432075135829102,5.254422128263944,0.01,0.0926401155256545,0.18194855483925051,5.094907358010873,0.01,0.11667366769466087,0.39006344670682414,8.831122310713381,0.01,0.11417676376744884,0.30717597775745153,5.43268125045322,0.01,0.07607531146031314,0.12976326825497977,11.779685479441257
10.4,70.2152,69.647691947378,0.5675080526220063,-0.42112617660348184,27.36549603116106,0.10752807232189443,2.9425590363632015,2.9425590363632015,0.2971465214950575,2.645412514868144,0.0,0,0.01,0.01,0.1631060624219898,0.305236638921034,54.28147033996649,0.01,0.09761518655639916,0.19423795005695327,5.244517921620152,0.01,0.09255924341702294,0.1818657535379128,5.084665938551456,0.01,0.11684581731364317,0.39024795366481224,8.96460901966853,0.01,0.11436013749644945,0.3073604847154396,5.444097541090871,0.01,0.0761550624610897,0.1298432381102243,11.797319208854356
10.41,69.94892582207407,69.40512411943548,0.5438017026385946,-0.4254537380921574,27.318395683063475,0.10731348162450752,2.9316321531454577,2.9316321531454577,0.28473390566983836,2.6468982474756193,0.0,0,0.01,0.01,0.16302693239413876,0.30515280135179795,54.031106588506674,0.01,0.09753314491457891,0.19415411248771725,5.2348550069265665,0.01,0.09247734890056264,0.1817819159686767,5.074650222858793,0.01,0.11701953128858682,0.3904340774720693,9.099576505280647,0.01,0.11454517762752144,0.30754660852269666,5.455024034205852,0.01,0.07623543957027165,0.12992382207082256,11.813995725648091
10.42,69.67932692859259,69.1601148593438,0.5192120692487865,-0.4296473079150262,27.266886104948743,0.10709623055228519,2.920180720738492,2.920180720738492,0.27185880373452376,2.6483219170039685,0.0,0,0.01,0.01,0.16294684721904792,0.3050679549927587,53.77896692599624,0.01,0.09745010744049715,0.19406926612867798,5.225356762897066,0.01,0.09239446182274345,0.18169706960963747,5.064786113227953,0.01,0.11719471505120652,0.3906217349111964,9.236167403017442,0.01,0.1147317902241742,0.30773426596182374,5.465567687182431,0.01,0.07631640120659682,0.1300049812308469,11.829929226791279
10.43,69.40643956400001,68.91272428332921,0.4937152806707985,-0.43376448944212537,27.210787892862,0.10687635870473729,2.908189927476042,2.908189927476042,0.25850871645340057,2.6496812110226413,0.0,0,0.01,0.01,0.16286582351672943,0.30498211627300786,53.525050272921256,0.01,0.0973660936141669,0.19398342740892713,5.2159426399939255,0.01,0.09231060133453715,0.18161123088988662,5.0549957591282855,0.01,0.1173712975034034,0.39081086787746955,9.374546214281528,0.01,0.11491990626839796,0.30792339892809695,5.475837811648739,0.01,0.0763979166950411,0.13008668762404904,11.845337155109917
10.44,69.13030100385187,68.66297972896315,0.4673212748887266,-0.43786209614627675,27.150092308151578,0.10665387686649905,2.895662601947681,2.895662601947681,0.2446888473427733,2.650973754604908,0.0,0,0.01,0.01,0.16278386727750824,0.3048952903621595,53.26932308187664,0.01,0.09728111186198861,0.19389660149807883,5.206531869781131,0.01,0.0922257755517691,0.18152440497903832,5.045201146606549,0.01,0.11754923185911213,0.39100144339197235,9.514890817434758,0.01,0.11510948213942511,0.3081139744425997,5.485941345796326,0.01,0.07647996633231838,0.1301689241723689,11.860430709165882
10.450000000000001,68.850949537037,68.41087694661641,0.4400725904205791,-0.44199359368982266,27.084957663051085,0.1064287677396903,2.882618668360209,2.882618668360209,0.23042146951858689,2.652197198841622,0.0,0,0.01,0.01,0.16270097410165957,0.3048074714764679,53.01172441868196,0.01,0.09719515971235762,0.19380878261238724,5.197047107563845,0.01,0.09213998172460285,0.18143658609334673,5.035327621734008,0.01,0.11772849517184807,0.3911934524665368,9.657385493266709,0.01,0.11530049892341689,0.30830598351716415,5.49597832498454,0.01,0.07656254094908012,0.13025168413698948,11.875405812111012
10.46,68.56842444799997,68.15638269907264,0.41204174892733963,-0.4462067409545838,27.01569841221832,0.10620098794578467,2.869093861422952,2.869093861422952,0.2157445552337367,2.6533493061892153,0.0,0,0.01,0.01,0.16261712990861138,0.3047186436797224,52.752172217187265,0.01,0.09710822444580704,0.1937199548156417,5.187417865215408,0.01,0.09205320689990722,0.18134775829660119,5.025307208267906,0.01,0.1179090867523058,0.39138690789926056,9.80221412239119,0.01,0.11549296061790498,0.30849943894988796,5.506037703340901,0.01,0.07664564100241163,0.13033497010985706,11.890434890783913
10.47,68.28276599896296,67.89943862656827,0.3833273723946871,-0.45054152983204077,26.94276754398051,0.10597047119023388,2.855137771804555,2.855137771804555,0.2007097428391713,2.6544280289653837,0.0,0,0.01,0.01,0.16253231207725918,0.30462878213600214,52.490570398315825,0.01,0.09702028420336702,0.19363009327192143,5.177583585933341,0.01,0.09196542903968291,0.18125789675288093,5.0150815759685266,0.01,0.1180910256020613,0.3915818411239567,9.949553531174802,0.01,0.11568689133636924,0.30869437217458406,5.51619370894445,0.01,0.076729275251065,0.1304187926026158,11.905659829744625
10.48,67.99401541214814,67.6399661813804,0.35404923076774913,-0.45502850926549154,26.866733152678165,0.10573713243315966,2.8408113214110924,2.8408113214110924,0.185379743731513,2.6554315776795794,0.0,0,0.01,0.01,0.1624464909604957,0.30453785475202316,52.226816508331815,0.01,0.09693130949725681,0.19353916588794245,5.167496226337693,0.01,0.09187661853923813,0.18116696936890195,5.004604529628307,0.01,0.11827434700454707,0.391778298276098,10.099567235107576,0.01,0.11588233165832254,0.3088908293267254,5.5265029070431355,0.01,0.07681345908283958,0.13050316830642864,11.92118642800684
10.49,67.70221485200001,67.3778723925207,0.3243424594793016,-0.45968756017410517,26.788250317273985,0.105500872867151,2.82618379105614,2.82618379105614,0.16982531465790318,2.656358476398237,0.0,0,0.01,0.01,0.16235963170136666,0.30444582413050314,51.9608095144888,0.01,0.09684126505108716,0.19344713526642243,5.157122234350488,0.01,0.09178674007197805,0.1810749387473819,4.993843911424947,0.01,0.11845909844330267,0.39197633566903767,10.252399868798605,0.01,0.1160793343042986,0.30908886671966507,5.537002117844312,0.01,0.0768982125772695,0.13058811810905474,11.937080618036157
10.5,67.40740740740742,67.11305618916869,0.29435121823873195,-0.46452716623480916,26.708029599473203,0.10526158547063486,2.8113295404371943,2.8113295404371943,0.1541219374656677,2.6572076029715266,0.0,0,0.01,0.01,0.16227169626609675,0.304352649743497,51.69245739831633,0.01,0.09675011188333334,0.1933539608794163,5.146443840914548,0.01,0.0916957546743893,0.1809817643603758,4.982782838057969,0.01,0.11864533504293236,0.39217601489608306,10.408172565758338,0.01,0.1162779593412649,0.3092885459467104,5.547707292624184,0.01,0.07698355839662924,0.13067366496425944,11.953366615603661
10.51,67.10963707392594,66.84541499239346,0.26422208153248755,-0.4695442023702625,26.626803599500374,0.10501916088372582,2.7963245710352993,2.7963245710352993,0.13834635837644438,2.657978212658855,0.0,0,0.01,0.01,0.16218264560109352,0.30425829022650697,51.42168420529834,0.01,0.09665780953850905,0.19325960136242626,5.135459617567148,0.01,0.09160362197561421,0.18088740484338578,4.971420227061558,0.01,0.11883311474599455,0.39237739778558967,10.566979494630894,0.01,0.1164782691410397,0.30948992883621707,5.558613397926583,0.01,0.07706951960382322,0.1307598317128425,11.970027062563178
10.52,66.80894873600002,66.57485127896179,0.23409745703822965,-0.47472423941004915,26.545293065743817,0.10477349334356266,2.7812430863266298,2.7812430863266298,0.12257314187589241,2.6586699444507373,0.0,0,0.01,0.01,0.16209244181717902,0.30416270569059434,51.148436244354144,0.01,0.09656431836555236,0.19316401682651363,5.124184288097651,0.01,0.09151030247123702,0.18079182030747315,4.959770601823526,0.01,0.11902249344771768,0.3925805414374125,10.728885684027707,0.01,0.11668032332152073,0.30969307248803984,5.569695297724013,0.01,0.07715611750680883,0.13084663895422383,11.987005111510685
10.53,66.50538814918521,66.30127882842704,0.20410932075816457,-0.4800423408774039,26.464174045650203,0.10452448641796747,2.766154200597292,2.766154200597292,0.10687139043717542,2.6592828101601165,0.0,0,0.01,0.01,0.1620010503047663,0.30406585995072116,50.87268717723715,0.01,0.09646960174252278,0.19306717108664045,5.11264781853646,0.01,0.09141575974063046,0.18069497456759998,4.947863199616402,0.01,0.1192135203093226,0.39278549356006764,10.893926185032537,0.01,0.11688417389759821,0.30989802461069504,5.580909563234616,0.01,0.07724336962583588,0.1309341030627901,12.004208292503261
10.540000000000001,66.19900192237034,66.02462838445857,0.17437353791178473,-0.48546430717563727,26.384047492628,0.10427205828932615,2.751118938059656,2.751118938059656,0.09130177094735403,2.659817167112302,0.0,0,0.01,0.01,0.16190844168832288,0.3039677225739334,50.594441795398645,0.01,0.09637362815068418,0.1929690337098527,5.100893843567891,0.01,0.09131996251131203,0.1805968371908122,4.935740439610759,0.01,0.11940623345966646,0.3929922883095826,11.06210653874304,0.01,0.11708986085563261,0.31010481936020995,5.592197086022111,0.01,0.07733128787220438,0.13102223443443364,12.021513906723012
10.55,65.88983749999997,65.74485249222211,0.14498500777785092,-0.49094830439175774,26.30541261301925,0.10401614636393954,2.7361876485196315,2.7361876485196315,0.07591397255259258,2.660273675967039,0.0,0,0.01,0.01,0.16181459353691316,0.3038682706603686,50.313738344748074,0.01,0.09627637300910696,0.19286958179628788,5.088977516886123,0.01,0.09122288648192188,0.1804973852772474,4.923455836183459,0.01,0.11960065627426962,0.39320094280434237,11.233404444181764,0.01,0.11729740834290908,0.31031347385496977,5.603486327098392,0.01,0.07741987701585787,0.13111103603642354,12.038775618294522
10.56,65.57794314429628,65.461929313883,0.11601383041327709,-0.4964468000875457,26.22864505610815,0.10375671101442967,2.721397945386663,2.721397945386663,0.06074469955686057,2.6606532458298022,0.0,0,0.01,0.01,0.16171949175940362,0.30376749028292543,50.03064932627427,0.01,0.09617782019260793,0.1927688014188447,5.076962896939666,0.01,0.09112451582719765,0.1803966048998042,4.911071465727446,0.01,0.11979679439144085,0.3934114544567088,11.407772466629922,0.01,0.11750682163259299,0.3105239855073362,5.614697006694426,0.01,0.0775091335045311,0.13120050231859073,12.055830868407428
10.57,65.26336791748147,65.175865272023,0.08750264545846174,-0.5019087172134045,26.153980827696422,0.1034937383025395,2.706773247351249,2.706773247351249,0.045816278023662615,2.6609569693275863,0.0,0,0.01,0.01,0.16162313162748854,0.3036653775271343,49.7452807674942,0.01,0.0960779631705798,0.19266668866305361,5.064919996698698,0.01,0.0910248443231037,0.1802944921440131,4.8986551116936,0.01,0.11999463358859831,0.39362379922341306,11.585141590981785,0.01,0.11771808498689719,0.3107363302740404,5.625744027705952,0.01,0.07759904468007177,0.1312906185265104,12.072508716857158
10.58,64.94616166399999,64.88669642379463,0.05946524020535475,-0.5072817098985849,26.081506553885664,0.10322724157507614,2.692321977679887,2.692321977679887,0.03113592696218248,2.6611860507177045,0.0,0,0.01,0.01,0.1615255183863729,0.303561939090629,49.45777002560846,0.01,0.0959768057213772,0.1925632502265483,5.052921636352028,0.01,0.09092387604740751,0.1801910537075078,4.8862772222061945,0.01,0.12019413859987674,0.3938379308344693,11.76542540944047,0.01,0.11793116049829445,0.3109504618850966,5.636541429733501,0.01,0.07768958841878036,0.13138136043872756,12.08863772351808
10.59,64.62637499274076,64.59448852475342,0.0318864679873376,-0.5125144614537521,26.011156446652567,0.10295726187497067,2.67803744594884,2.67803744594884,0.016695715596324323,2.6613417303525155,0.0,0,0.01,0.01,0.1614266674310666,0.3034571924209037,49.16828224404298,0.01,0.0958743621957008,0.192458503556823,5.04104024125028,0.01,0.09082162562975969,0.1800863070377825,4.87400781779797,0.01,0.1203952529109073,0.3940537810164505,11.948524734658161,0.01,0.11814598794277002,0.3111663120670779,5.647006187747966,0.01,0.077780733203031,0.13147269453090213,12.104053511644418
10.6,64.30405925925928,64.29933579823427,0.004723461025012729,-0.5175589054719135,25.942716037130168,0.10268386716052053,2.66389840733978,2.66389840733978,0.0024731984092829506,2.661425208930497,0.0,0,0.01,0.01,0.16132660404505494,0.30335116538998713,48.87700563913836,0.01,0.09577065732209038,0.19235247652590642,5.029344724460647,0.01,0.09071811804496722,0.17998028000686592,4.861913483743274,0.01,0.12059789952061394,0.39427126068224205,12.134332443409377,0.01,0.11836248563254825,0.3113837917328694,5.657061695896934,0.01,0.07787243861194498,0.1315645785508691,12.118605700686311
10.61,63.97926654800002,64.00135848163181,-0.022091933631799107,-0.5223722753428307,25.875832456717593,0.10240715037689174,2.6498702655223347,2.6498702655223347,-0.011567309400208892,2.6614375749225436,0.0,0,0.01,0.01,0.16122536271689641,0.30324389552450626,48.58414584050696,0.01,0.09566572556742489,0.19224520666042555,5.017897584827521,0.01,0.0906133879628753,0.17987301014138504,4.8500545731425895,0.01,0.12080198261533236,0.3944902620176222,12.322738376167464,0.01,0.11858055221066115,0.31160279306824956,5.666640808724616,0.01,0.07796465620035589,0.13165696247079225,12.132163951392885
10.620000000000001,63.65204965451848,63.70069927283805,-0.048649618319573325,-0.5269188956269044,25.810030770672963,0.10212722647294083,2.635906857790089,2.635906857790089,-0.02547288058545316,2.661379738375542,0.0,0,0.01,0.01,0.16112298606832784,0.30313542882858524,48.2899195459685,0.01,0.09555961008445196,0.19213673996450453,5.006752338181785,0.01,0.09050747868731732,0.17976454344546403,4.838482734023341,0.01,0.12100739005968979,0.3947106613569046,12.51363413940316,0.01,0.11880006928823866,0.311823192407532,5.675688345223699,0.01,0.07805733071853412,0.13174978976657511,12.14462292557288
10.63,63.322462067703675,63.39751884634235,-0.07505677863867832,-0.5311716402916351,25.744735613954305,0.10184422850145275,2.6219527365770507,2.6219527365770507,-0.039299637395564524,2.6612523739726153,0.0,0,0.01,0.01,0.16101952344402148,0.3030258182543898,47.99454777856797,0.01,0.09545236129607093,0.19202712939030908,4.995951382477622,0.01,0.09040044073419876,0.17965493287126857,4.82723885730595,0.01,0.12121399657335978,0.3949323227069369,12.706917675842137,0.01,0.11902090478933425,0.3120448537575643,5.68416299258616,0.01,0.07815040161084698,0.13184299896112292,12.155906020954095
10.64,62.990557951999975,63.09199064725943,-0.10143269525945178,-0.5351129974140127,25.679297154574865,0.10155830298017082,2.6079458407421527,2.6079458407421527,-0.05311003504348433,2.661055875785637,0.0,0,0.01,0.01,0.16091502922757198,0.30291512189017766,47.69824904816381,0.01,0.09534403518165185,0.19191643302609696,4.985524377732476,0.01,0.09029233011423145,0.17954423650705645,4.816351523227337,0.01,0.12142166743451702,0.39515510175233176,12.902497481478353,0.01,0.11924291683897437,0.3122676328029591,5.6920385743928055,0.01,0.07824380472029933,0.1319365253574849,12.165967796389163
10.65,62.6563921296296,62.784295201221404,-0.1279030715918003,-0.5387356970913937,25.61302022485748,0.10126960472285046,2.5938204339296913,2.5938204339296913,-0.0669698916807282,2.6607903256104195,0.0,0,0.01,0.01,0.16080956095998855,0.3028034009478223,47.40123272222511,0.01,0.09523469134343289,0.19180471208374164,4.9754871997677705,0.01,0.09018320639848279,0.17943251556470113,4.805836002622015,0.01,0.12163026253062267,0.39537885015597185,13.100296356679113,0.01,0.11946595800907502,0.3124913812065992,5.6993046714268845,0.01,0.07833747411817345,0.1320303028807613,12.17479505169305
10.66,62.32002006281482,62.47461419737256,-0.15459413455774298,-0.5420428783534857,25.545195323873546,0.10097829137255386,2.5795101765829034,2.5795101765829034,-0.0809452995691129,2.6604554761520163,0.0,0,0.01,0.01,0.16070317734540102,0.3026907176403835,47.10369290015251,0.01,0.09512439094043652,0.19169202877630281,4.965841503306099,0.01,0.09007313065418586,0.1793198322572623,4.795693846771716,0.01,0.12183964056570758,0.3956034199583683,13.300254583799287,0.01,0.11968987972464654,0.31271595100899563,5.705966602568885,0.01,0.07843134397404355,0.13212426594422752,12.182406570414555
10.67,61.98149783600001,62.16312460976234,-0.18162677376233374,-0.5450477910838741,25.475130111786687,0.10068451788238782,2.564951193296343,2.564951193296343,-0.09509955635782719,2.6600507496541703,0.0,0,0.01,0.01,0.16059593623346655,0.30257713304499545,46.80580306197073,0.01,0.09501319458294014,0.19157844418091477,4.9565749057968524,0.01,0.08996216334373817,0.17920624766187426,4.78591307624473,0.01,0.12204966323077654,0.39582866787777743,13.502332428255116,0.01,0.11991453662961157,0.3129411989284048,5.712044789338793,0.01,0.07852535038137956,0.13221835125551706,12.188851573392899
10.68,61.64088213807407,61.8499931188118,-0.2091109807377298,-0.547773049496798,25.40217999361967,0.10038843119112051,2.550084998393946,2.550084998393946,-0.10949025347843477,2.659575251872381,0.0,0,0.01,0.01,0.16048789266881067,0.3024627050468478,46.50771172676753,0.01,0.09490116028203845,0.1914640161827671,4.947661778777914,0.01,0.08985036228121032,0.17909181966372656,4.776468955291061,0.01,0.12226019915014509,0.39605445932014616,13.706511867045803,0.01,0.12013979071750243,0.3131669903707735,5.717573541730425,0.01,0.07861943305770884,0.13231249948287502,12.194206967637117
10.69,61.298230244592624,61.535371079309186,-0.2371408347165635,-0.5502494736662956,25.32577642855807,0.10009016533229188,2.534861149903038,2.534861149903038,-0.12416665070195121,2.659027800604989,0.0,0,0.01,0.01,0.16037909709466816,0.3023474864562663,46.209539309744116,0.01,0.094788341546125,0.1913487975921856,4.939064609401754,0.01,0.08973778073787453,0.1789766010731451,4.7673253152023145,0.01,0.12247112743086727,0.3962806719236132,13.912797461370726,0.01,0.12036551504678142,0.31339320297424056,5.722599316563386,0.01,0.07871353684562864,0.1324066567092176,12.198573510295441
10.700000000000001,60.95359999999997,61.219390255171895,-0.265790255171923,-0.5525145740405442,25.24545170100735,0.099789837195782,2.5192395151775013,2.5192395151775013,-0.1391674521739783,2.6584069673514796,0.0,0,0.01,0.01,0.1602695937907844,0.3022315233829575,45.911376311122034,0.01,0.09467478570927094,0.1912328345188768,4.930735871531278,0.01,0.0896244657813274,0.17886063799983629,4.7584363675069445,0.01,0.12268234066404862,0.39650719848570537,14.121216310549512,0.01,0.12059159688269905,0.31361972953633277,5.727178513492542,0.01,0.07880761295146028,0.13250077561263113,12.202071041932337
10.71,60.60704979985183,60.90215950512027,-0.2951097052684394,-0.5546107498975666,25.160859047926476,0.099487543131051,2.50319204974488,2.50319204974488,-0.1545190803457297,2.6577111300906098,0.0,0,0.01,0.01,0.16015941961487706,0.30211485393967313,45.61328290766815,0.01,0.09456053256576052,0.19111616507559243,4.922620324291705,0.01,0.08951045692198903,0.17874396855655192,4.749748927293344,0.01,0.12289374725461183,0.3967339491514307,14.331817053848448,0.01,0.12081794013631075,0.313846480202058,5.731374888559646,0.01,0.07890161987147441,0.13259481632547962,12.204832977062518
10.72,60.258638573037004,60.583762559058364,-0.3251239860213598,-0.5565832854997618,25.071787247089077,0.09918335654268819,2.4867040136904586,2.4867040136904586,-0.1702345209984224,2.656938534688881,0.0,0,0.01,0.01,0.16004860310299895,0.30199750733238995,45.3152899514134,0.01,0.09444561337091716,0.19099881846830924,4.9146576371244,0.01,0.08939578512658056,0.17862662194926873,4.741204948793716,0.01,0.12310527298864427,0.3969608527757735,14.544667924870158,0.01,0.12104446700511347,0.3140733838264008,5.735256680672775,0.01,0.07899552397075522,0.13268874693981553,12.207000271673015
10.73,59.90842576399999,60.26425697438912,-0.35583121038913174,-0.5584782366174754,24.97816902366635,0.0988773265832421,2.469774576004479,2.469774576004479,-0.18631278607941004,2.656087362083889,0.0,0,0.01,0.01,0.15993716396762014,0.30187950337626884,45.01740131331879,0.01,0.0943300502514563,0.19088081451218816,4.906785225116003,0.01,0.08928047224125257,0.17850861799314766,4.732744260779391,0.01,0.12331686178330264,0.39718785741295837,14.759853907727848,0.01,0.12127111875715539,0.3143003884635857,5.738893561488339,0.01,0.07908929969619162,0.1327825436435558,12.20871511553247
10.74,59.55647131496295,59.943674307067695,-0.3872029921047412,-0.5603403046402367,24.88008291610216,0.09856947799769068,2.4524167855794516,2.4524167855794516,-0.20273901257404026,2.655155798153492,0.0,0,0.01,0.01,0.1598251130139208,0.3017608524569959,44.71959744584707,0.01,0.09421385604971828,0.19076216359291523,4.898941167622673,0.01,0.0891645308481425,0.17838996707387472,4.724307379120172,0.01,0.12352847560179808,0.39741492992543814,14.97747309227652,0.01,0.12149785563973368,0.31452746097606554,5.742353532597207,0.01,0.07918292942202766,0.13287619048909652,12.210114617705504
10.75,59.202835648148145,59.62202147649585,-0.41918582834770246,-0.5622107954315583,24.777748543089746,0.09825981212076697,2.434656916619606,2.434656916619606,-0.21948518647101567,2.6541421030906216,0.0,0,0.01,0.01,0.1597124524755388,0.3016415559365557,44.42183998069101,0.01,0.09409703460615444,0.19064286707247505,4.8910670779836085,0.01,0.08904796455917607,0.17827067055343454,4.7158382689650304,0.01,0.12374009355361518,0.39764205474596154,15.197632372977049,0.01,0.12172465593320021,0.3147545857965889,5.745699903589663,0.01,0.0792764029431017,0.13296967881289334,12.211324765093881
10.76,58.847579648000014,59.2992832490235,-0.45170360102349066,-0.5641257554104572,24.6715155168166,0.09794830897525798,2.416533224729024,2.416533224729024,-0.2365114524292422,2.6530446771582663,0.0,0,0.01,0.01,0.15959917675175325,0.3015216069820331,44.12407712991509,0.01,0.09397958146431364,0.1905229181179524,4.883110792869323,0.01,0.08893076873084098,0.17815072159891193,4.707286930011771,0.01,0.12395171023625771,0.39786923186437984,15.42044267770178,0.01,0.12195151420826535,0.3149817629150072,5.748988488511853,0.01,0.07936971664661382,0.1330630063402309,12.212454931147986
10.77,58.49076464340742,58.97542571442013,-0.48466107101271855,-0.5661143683157004,24.561846538658166,0.09763493036890826,2.3980941765337005,2.3980941765337005,-0.2537679433624196,2.65186211989612,0.0,0,0.01,0.01,0.1594852735097451,0.30140099177667845,43.82624962257865,0.01,0.09386148496326363,0.19040230291259774,4.875028757258014,0.01,0.08881293156441608,0.17803010639355724,4.698611685613471,0.01,0.1241633334079542,0.3980964741453028,15.64601394480768,0.01,0.12217843887992673,0.3152090051959302,5.752265154720231,0.01,0.07946287240729798,0.13315617602324648,12.213593194640094
10.78,58.13245238992595,58.650400585566736,-0.5179481956407873,-0.5681976832170932,24.449295477946375,0.09731962384211414,2.3793962391184436,2.3793962391184436,-0.2711970410608644,2.650593280179308,0.0,0,0.01,0.01,0.1593707250990261,0.3012796910551214,43.52829688651507,0.01,0.0937427276647957,0.19028100219104074,4.866787994703383,0.01,0.08869443553864062,0.17790880567200024,4.689781069983187,0.01,0.1243749811095305,0.3983238041117299,15.874450085233594,0.01,0.12240544918131803,0.31543633516235725,5.755563845985193,0.01,0.07955587626263469,0.13324919467162596,12.21480269432995
10.790000000000001,57.77270505199997,58.324150115812145,-0.5514450638121735,-0.5703877282748157,24.334481459713885,0.09700232728032732,2.3605013347522235,2.3605013347522235,-0.28873596022177983,2.6492372949740033,0.0,0,0.01,0.01,0.1592555102111396,0.3011576818901013,43.23016317763292,0.01,0.09362328804772423,0.19015899302602057,4.8583675723664435,0.01,0.08857525910687984,0.17778679650698004,4.680775226911616,0.01,0.12458667837686535,0.39855125035209193,16.10584416908672,0.01,0.12263257170512015,0.31566378140271933,5.758905180600522,0.01,0.07964873693373187,0.13334207144378282,12.21611919607165
10.8,57.411585185185146,57.996612402510245,-0.5850272173250944,-0.5726870463582389,24.218060163076686,0.09668297397574604,2.341474080489795,2.341474080489795,-0.30631953468309936,2.6477936151728945,0.0,0,0.01,0.01,0.15913960570695598,0.30103493964704986,42.93180336641233,0.01,0.09350314238978905,0.19003625078296918,4.849759494917485,0.01,0.08845537857916273,0.17766405426392867,4.671586757367213,0.01,0.12479845370200222,0.39877884372281786,16.340274062936302,0.01,0.12285983667769676,0.3158913747734452,5.762295696199058,0.01,0.07974146426335574,0.1334348162714167,12.21754998644356
10.81,57.04915571837036,57.66772683026821,-0.6185711118978466,-0.5750886688601723,24.100693650586518,0.09636149790372403,2.322378940689288,2.322378940689288,-0.3238830768101908,2.646262017499479,0.0,0,0.01,0.01,0.1590229885267741,0.3009114400157985,42.6331881130899,0.01,0.0933822667496184,0.18991275115171777,4.840968989743798,0.01,0.08833477010154671,0.17754055463267726,4.662220980677904,0.01,0.12501033541037407,0.3990066135250273,16.577798715881855,0.01,0.12308727414107001,0.3161191445756547,5.7657277776616915,0.01,0.07983406764508932,0.1335274382919646,12.219074135839534
10.82,56.68547993599999,57.33743940390412,-0.6519594679041235,-0.5775765238554647,23.98302010600074,0.0960378389711149,2.30327742298111,2.30327742298111,-0.3413651791343175,2.644642602115428,0.0,0,0.01,0.01,0.15890563759527945,0.3007871610258392,42.33430819679423,0.01,0.09326063895724124,0.18978847216175848,4.832014175993905,0.01,0.08821341164142746,0.17741627564271797,4.65269560304914,0.01,0.12522234812327238,0.3992345838321153,16.818455252903323,0.01,0.12331491021981449,0.31634711488274264,5.769180265834468,0.01,0.07992655451665832,0.13361994436159585,12.220644099470976
10.83,56.3206214602963,57.005707728991254,-0.6850862686949564,-0.5801262551048053,23.86562485208882,0.09571194799669974,2.28422544475187,2.28422544475187,-0.35871033146788633,2.6429357762197565,0.0,0,0.01,0.01,0.15878753563429018,0.3006620849530349,42.03517780895492,0.01,0.09313824052187945,0.18966339608895422,4.822925140361251,0.01,0.08809128488778006,0.1772911995699137,4.64303981630309,0.01,0.12543450946857784,0.3994627701350796,17.062256986855726,0.01,0.12354276364383628,0.3165753011857069,5.772619706071067,0.01,0.08001892898618007,0.13371233771622254,12.222188552438293
10.84,55.95464423348149,56.67250541659651,-0.7178611831150186,-0.5827064101740438,23.749013952914304,0.09538379119760758,2.265270988033847,2.265270988033847,-0.3758712365285699,2.641142224562417,0.0,0,0.01,0.01,0.15866867080104297,0.30053620003128684,41.73583667300621,0.01,0.0930150583701415,0.18953751116720613,4.813742470947354,0.01,0.08796837697981877,0.17716531464816562,4.6332928770963955,0.01,0.12564682718912684,0.3996911764550627,17.309192410588377,0.01,0.12377084268408922,0.3168037075056901,5.776002160095104,0.01,0.08011119065269354,0.13380461683980713,12.223616291031528
10.85,55.58761250000002,56.33782571736428,-0.7502132173642598,-0.5852799398948668,23.63359158074396,0.09505335397944926,2.2464521463301876,2.2464521463301876,-0.3928107220495869,2.6392628683797743,0.0,0,0.01,0.01,0.1585490380782551,0.30040950189212995,41.4363509100883,0.01,0.0928910863360232,0.18941081302804924,4.804515325799429,0.01,0.08784468198594292,0.17703861650900873,4.623502240967997,0.01,0.12585929677756555,0.3999197930486793,17.55922518220585,0.01,0.12399914263721504,0.3170323240993067,5.779275475497726,0.01,0.08020333367220218,0.1338967745884915,12.224820980947664
10.86,55.21959078874076,56.00168422701742,-0.7820934382766589,-0.5878059381703592,23.519642152814487,0.09472064386055357,2.2277956480844043,2.2277956480844043,-0.4095031666851223,2.6372988147695264,0.0,0,0.01,0.01,0.15842864035392565,0.3002819946680555,41.136812629515504,0.01,0.09276632633588935,0.1892833058039748,4.795299133267,0.01,0.0877202020666713,0.17691110928493428,4.613721345167184,0.01,0.12607189974013952,0.40014859480248977,17.812295072918687,0.01,0.1242276439678696,0.31726112585311717,5.7823818863042336,0.01,0.08029534610811132,0.13398879760628862,12.225686497417906
10.870000000000001,54.850643895259225,55.664120548886274,-0.8134766536270444,-0.5902415412188627,23.407318025917,0.0943856924006836,2.2093159191191787,2.2093159191191787,-0.42593537981692187,2.6352512989361006,0.0,0,0.01,0.01,0.1583074891432459,0.3001536917109506,40.837338281585026,0.01,0.09264078917629662,0.18915500284686984,4.786153036359755,0.01,0.08759494826999766,0.17678280632782933,4.604007148498016,0.01,0.12628460256088447,0.4003775403798751,18.068319810305038,0.01,0.12445631118543998,0.31749007143050245,5.785260806636841,0.01,0.08038720959097766,0.1340806660538991,12.226092583844855
10.88,54.48083686399997,55.325198847239406,-0.8443619832394383,-0.5925438990928645,23.29663328678184,0.09404855605012435,2.191014721451095,2.191014721451095,-0.4421069005859213,2.633121622037016,0.0,0,0.01,0.01,0.15818560492142947,0.300024615894696,40.53806586589479,0.01,0.09251449495945832,0.18902592703061527,4.777137202335305,0.01,0.08746894092455258,0.17665373051157476,4.594417544875859,0.01,0.1264973564036901,0.40060657214812856,18.32719772066866,0.01,0.12468509249652691,0.3177191031987559,5.7878516774976845,0.01,0.08047889929759604,0.13417235365731128,12.225920553448244
10.89,54.1102349705185,54.98500727582485,-0.8747723053063529,-0.5946721299000085,23.187463904191215,0.09370931588407232,2.1728813795483792,2.1728813795483792,-0.45802970798570763,2.630911087534087,0.0,0,0.01,0.01,0.15806301705400794,0.2998947994898952,40.23915113849726,0.01,0.09238747306958192,0.18889611062581455,4.76831012171817,0.01,0.08734220961437271,0.17652391410677404,4.585008769958551,0.01,0.12671009755440008,0.40083561687743385,18.58881105214796,0.01,0.12491392023772106,0.31794814792806125,5.790096733025855,0.01,0.08057038424434629,0.13426382806792125,12.225058771846006
10.9,53.738903703703684,54.6436563169265,-0.9047526132228187,-0.5965891686407161,23.079554225846948,0.09336807623771386,2.154893578491329,2.154893578491329,-0.47372736050282915,2.628620938994158,0.0,0,0.01,0.01,0.15793976332940274,0.2997642836181024,39.94076300453704,0.01,0.09225976174242136,0.18876559475402171,4.7597260182489025,0.01,0.08721479273814714,0.1763933982349812,4.575832917426907,0.01,0.12692274857025476,0.4010645871681765,18.853029843754705,0.01,0.125142712056637,0.31817711821880384,5.79194356556911,0.01,0.08066162787513495,0.13435505151163618,12.223407683101245
10.91,53.36690874799999,54.30127611518369,-0.9343673671836923,-0.5982634278706055,22.972529520848624,0.09302496230708136,2.137018692775257,2.137018692775257,-0.4892336094163874,2.626252302191644,0.0,0,0.01,0.01,0.15781588911657912,0.2996331173119348,39.64307831707599,0.01,0.09213140723933556,0.18863442844785414,4.751432483306988,0.01,0.087086736674696,0.17626223192881363,4.566935673657691,0.01,0.12713522007128392,0.4012933835303111,19.119716193196496,0.01,0.12537137277468247,0.3184059145809385,5.793347386474958,0.01,0.08075258891088267,0.13444598169146474,12.22088417565645
10.92,52.99431596562962,53.95801293530582,-0.9636969696761949,-0.5996701962679027,22.865913998757314,0.09268011682758395,2.1192155807743154,2.1192155807743154,-0.5045905533702466,2.623806134144562,0.0,0,0.01,0.01,0.15769144618753708,0.2995013562252801,39.3462763275296,0.01,0.09200246266510355,0.1885026673611994,4.743468436005382,0.01,0.08695809459430946,0.17613047084215888,4.558354367561005,0.01,0.12734741307927502,0.401521897009713,19.38872876656085,0.01,0.12559979683427497,0.31863442806034037,5.794272899495859,0.01,0.08084322241594209,0.1345365728970103,12.217425123372179
10.93,52.62119137881483,53.61402491168855,-0.9928335328737208,-0.600792713273548,22.759153489933233,0.09233369598397406,2.1014367591920973,2.1014367591920973,-0.5198464221856136,2.621283181377711,0.0,0,0.01,0.01,0.15756649125954836,0.2993690610536512,39.0505330465007,0.01,0.0918729864849157,0.18837037218957048,4.735862494178744,0.01,0.08682892497164532,0.17599817567052997,4.550116416873963,0.01,0.12755922178600243,0.401750012232837,19.659927385028773,0.01,0.1258278712075964,0.3188625432834644,5.794695724564945,0.01,0.08093348102760389,0.13462677726556302,12.212989978668507
10.94,52.247601152000016,53.26947728910435,-1.0218761371043368,-0.6016228727820958,22.65164175977043,0.09198586474055867,2.083630855065833,2.083630855065833,-0.5350530942009502,2.6186839492667833,0.0,0,0.01,0.01,0.15744108432473702,0.29923629573789956,38.756015776148224,0.01,0.09174304080961744,0.18823760687381885,4.728631822602148,0.01,0.08669928986943044,0.17586541035477835,4.54223823397786,0.01,0.1277705366145424,0.4019776107236021,19.933177517879695,0.01,0.12605547862464195,0.31909014177422945,5.794603329945317,0.01,0.08102331628835037,0.1347165461334899,12.207562336661173
10.950000000000001,51.87361157407403,52.92453737571442,-1.0509258016403902,-0.6021615257814399,22.54274926124985,0.09163679180707336,2.065745220812209,2.065745220812209,-0.550263462983569,2.616008683795778,0.0,0,0.01,0.01,0.15731528684423823,0.2991031255343627,38.46287806592901,0.01,0.09161268952879772,0.18810443667028195,4.721781503954612,0.01,0.08656925307261187,0.17573224015124145,4.534724634276091,0.01,0.12798124742642075,0.40220457433594503,20.20835450772691,0.01,0.12628250096605093,0.31931710538657243,5.793995449975594,0.01,0.08111268001699636,0.13480583141359476,12.201150430740855
10.96,51.49928904059256,52.579369441628515,-1.0800804010359564,-0.6024183701497845,22.431853014019197,0.09128664447252526,2.0477285909507144,2.0477285909507144,-0.5655287755301464,2.6132573664808607,0.0,0,0.01,0.01,0.1571891598903055,0.2989696150406182,38.17125532305571,0.01,0.09148199637819812,0.1879709261765375,4.715304455778884,0.01,0.0864388781593721,0.17559872965749698,4.527568768727582,0.01,0.12819124672338972,0.4024307886423446,20.48534735479473,0.01,0.12650882266142716,0.319543319692972,5.792883983356587,0.01,0.08120152565441612,0.1348945869341449,12.193786559750771
10.97,51.12470003599998,52.23412979755522,-1.1094297615552458,-0.6024114347175389,22.318366240241815,0.09093558354558937,2.0295336578405707,2.0295336578405707,-0.5808960647626393,2.61042972260321,0.0,0,0.01,0.01,0.1570627623220585,0.2988358262680343,37.88126127793705,0.01,0.09135102303082923,0.18783713740395355,4.709181893805716,0.01,0.08630822659822047,0.17546494088491305,4.520752580198182,0.01,0.12840043269581014,0.4026561461228947,20.76406189398485,0.01,0.12673433393660705,0.3197686771735221,5.791292383698528,0.01,0.08128980952213936,0.13498276967829648,12.185525485378314
10.98,50.74991111585184,51.8889622786501,-1.139051162798256,-0.6021661833360284,22.20176639157758,0.09058375863540956,2.0111194480944112,2.0111194480944112,-0.5964057941849854,2.607525242279397,0.0,0,0.01,0.01,0.1569361490789379,0.2987018168501043,37.592985464362954,0.01,0.09121982729996017,0.18770312798602357,4.703384319121633,0.01,0.08617735595905025,0.1753309314669831,4.514247761303441,0.01,0.12860871197958887,0.4028805490109125,21.044423212858675,0.01,0.12695893376328438,0.31999308006153987,5.789254569961277,0.01,0.08137749193750966,0.13507034086849307,12.17644187528506
10.99,50.37498888903703,51.543994338875606,-1.1690054498385776,-0.6017142821963591,22.081620268993383,0.09023130399099479,1.992453391105254,1.992453391105254,-0.6120898222032178,2.604543213308472,0.0,0,0.01,0.01,0.15680936967039727,0.2985676384692033,37.30649182621704,0.01,0.09108846153682429,0.18756894960512258,4.697872984457663,0.01,0.08604631832063343,0.17519675308608207,4.508017170175253,0.01,0.12881600199974888,0.40310391166902126,21.32637718207524,0.01,0.12718253238091273,0.32021644271964866,5.786813400129563,0.01,0.08146453813701408,0.13515726684874454,12.166626902510872
11.0,50.0,51.19933393193362,-1.199333931933619,-0.60109208917217,21.957605065731748,0.08987833509144824,1.9735129859035194,1.9735129859035194,-0.6279697782939364,2.601482764197456,0.0,0,0.01,0.01,0.15668246693115692,0.29843333557415685,37.02181850836644,0.01,0.09095697129668627,0.18743464671007617,4.692601774030173,0.01,0.08591515894775291,0.17506245019103567,4.5020166406692,0.01,0.12902223280009814,0.4033261623932282,21.60989100251171,0.01,0.1274050532829349,0.32043869344385556,5.784018766980558,0.01,0.08155091896937351,0.13524351972807347,12.1561841450332
11.01,49.62501111096296,50.85506731746019,-1.2300562064972314,-0.6003389367558629,21.829524348665835,0.08952494614416043,1.9542869916669476,1.9542869916669476,-0.6440559236390386,2.5983429153059863,0.0,0,0.01,0.01,0.1565554760988663,0.29829894444734056,36.73897883292363,0.01,0.09082539433425735,0.18730025558325988,4.6875194128688955,0.01,0.08578391529845264,0.17492805906421938,4.496197105849972,0.01,0.1292273482840133,0.40354724457057234,21.894952714774476,0.01,0.12762643458598466,0.3206597756211997,5.780925390122301,0.01,0.08163661133151594,0.13532907776032083,12.145224959543107
11.02,49.25008888414816,50.5112578874403,-1.2611690032921432,-0.5994952895773352,21.697318226357215,0.08917120860545766,1.9347760897414976,1.9347760897414978,-0.6603465459462932,2.595122635687791,0.0,0,0.01,0.01,0.15642842425586412,0.29816449266355194,36.45796340435035,0.01,0.09069375997391595,0.1871658037994712,4.682571905970451,0.01,0.08565261640632062,0.1747936072804307,4.49050693882426,0.01,0.12943130681980874,0.40376711714707214,22.18156966544731,0.01,0.12784662973044894,0.32087964819769954,5.7775903929621055,0.01,0.08172159833306379,0.13541392544833447,12.1338635291822
11.03,48.87529996400002,50.167946059778686,-1.2926460957786645,-0.5986008630555384,21.561067222612497,0.08881717079004565,1.9149929899264295,1.9149929899264295,-0.6768279130316301,2.5918209029580597,0.0,0,0.01,0.01,0.15630133015958944,0.2980299989644119,36.17874323263277,0.01,0.09056208888252348,0.1870313101003312,4.677705096103741,0.01,0.08552128266503685,0.1746591135812907,4.48489440407548,0.01,0.12963408119419204,0.4039857543954587,22.46976597744802,0.01,0.12806560749225784,0.3210982854460861,5.774070766062197,0.01,0.08180586918785722,0.13549805337371057,12.122211804626046
11.040000000000001,48.50071095940737,49.82515023594728,-1.3244392765399062,-0.5976927911497174,21.420989669214443,0.08846285858424591,1.8949619798423099,1.8949619798423099,-0.6934747835505917,2.5884367633929015,0.0,0,0.01,0.01,0.156174204467918,0.29789547355244456,35.901273714283946,0.01,0.09043039325366536,0.18689678468836382,4.6728672222244265,0.01,0.08538992602346974,0.1745245881693233,4.479310106076052,0.01,0.12983565792753585,0.4042031450049698,22.759579125669404,0.01,0.1282833513175547,0.3213156760555972,5.7704208280757845,0.01,0.08188941884370264,0.13558145776607863,12.110374568788226
11.05,48.12638842592588,49.48286877001838,-1.356480344092492,-0.5968039283762282,21.277432736275145,0.08810827722599354,1.8747179421851607,1.8747179421851607,-0.7102514472899879,2.5849693894751486,0.0,0,0.01,0.01,0.1560470503471426,0.297760918789209,35.62549927009391,0.01,0.09029867739280623,0.18676222992512834,4.668011359098015,0.01,0.08525855058029785,0.17439003340608783,4.473709320872064,0.01,0.1300360359937827,0.4044192905467583,23.05105576975397,0.01,0.12849985802257505,0.3215318215973857,5.766689800859969,0.01,0.08197224737341482,0.13566413983783307,12.098444856312863
11.06,47.752398848000006,49.141082849556526,-1.3886840015565214,-0.5959613643885654,21.130857518206778,0.08775341406438668,1.8543048893307577,1.8543048893307577,-0.7271132429079408,2.5814181322386984,0.0,0,0.01,0.01,0.15591986443239655,0.29762633026287993,35.351358407804845,0.01,0.09016693867405623,0.18662764139879923,4.663097623053206,0.01,0.08512715354840371,0.17425544487975872,4.468054100672206,0.01,0.13023522501447743,0.4046342033967762,23.344247039174576,0.01,0.12871513592932124,0.32174673444740354,5.762919615073392,0.01,0.08205435916078832,0.13574610492066005,12.086499947440162
11.07,47.37880862118518,48.799760147015796,-1.4209515258306176,-0.5951852188463439,20.981818872719234,0.08739824216569728,1.8337740869147132,1.833774086914713,-0.7440084791094459,2.577782566024159,0.0,0,0.01,0.01,0.15579263809388783,0.2974916981734136,35.0787889592999,0.01,0.09003516882190697,0.18649300930933288,4.658095039202349,0.01,0.08499572654202933,0.1741208127902924,4.462315051675463,0.01,0.13043324301954098,0.4048479042220333,23.639203498140635,0.01,0.12892920253226095,0.3219604352726607,5.759143055600517,0.01,0.0821357619239343,0.1358273614487369,12.074598132247612
11.08,47.00568403437036,48.45885906542547,-1.45317503105511,-0.5944877705792947,20.830940955817276,0.08704272459337872,1.8131818566381366,1.8131818566381366,-0.7608806669904755,2.574062523628612,0.0,0,0.01,0.01,0.15566535894816003,0.29735700896872486,34.80773323630562,0.01,0.08990335545623272,0.18635832010464415,4.652982981332672,0.01,0.08486425712472492,0.17398612358560364,4.4564727007538,0.01,0.1306301138859791,0.4050604191548335,23.93597003676332,0.01,0.129142081811289,0.32217295020546083,5.755382342080256,0.01,0.08221646562509358,0.1359079198397211,12.062776404892945
11.09,46.63309125200001,48.11833337585553,-1.4852421238555187,-0.5938729588963438,20.678889595616926,0.08668681915859967,1.792587162775893,1.792587162775893,-0.7776709575177665,2.5702581202936594,0.0,0,0.01,0.01,0.15553801254238844,0.29722224715382484,34.5381428558692,0.01,0.0897714838267778,0.1862235582897441,4.647752116507813,0.01,0.08473273054416347,0.1738513617707036,4.450518386712518,0.01,0.13082586457897175,0.40527177679215287,24.234580938692925,0.01,0.12935380132074056,0.32238430784278027,5.751648219061819,0.01,0.08229648132031145,0.13598779132835323,12.051049200821678
11.1,46.261096296296316,47.778137027584954,-1.5170407312886423,-0.5933362771210777,20.526342792717436,0.08633048341662194,1.77204909607059,1.77204909607059,-0.794320669435481,2.566369765506071,0.0,0,0.01,0.01,0.15541058413196956,0.29708739718716076,34.2699830070269,0.01,0.08963953865481647,0.18608870832308003,4.642404811062154,0.01,0.08460113157148745,0.17371651180403952,4.444454635536888,0.01,0.13102052232715844,0.4054820051632584,24.53505536429193,0.01,0.12956438919274452,0.32259453621388573,5.747939603743243,0.01,0.0823758200040834,0.13606698680854767,12.039408235163414
11.11,45.88976502948151,47.438228905724195,-1.5484638762426841,-0.592865059937209,20.373960718504854,0.08597367967383474,1.7516243725000282,1.7516243725000282,-0.8107737896588652,2.5623981621588934,0.0,0,0.01,0.01,0.15528306046770868,0.29695244537477733,34.00323596084202,0.01,0.08950750599505702,0.18595375651069662,4.6369549815933935,0.01,0.08446944635836831,0.1735815599916561,4.438295004847263,0.01,0.13121411186511867,0.4056911288077949,24.83739346381214,0.01,0.1297738711953009,0.3228036598584223,5.7442438089079495,0.01,0.08245449150320591,0.13614551573824188,12.027823441755174
11.120000000000001,45.51916313599996,47.098577315424265,-1.5794141794243024,-0.5924391477961299,20.222356602036218,0.08561637977084773,1.7313649627014427,1.7313649627014427,-0.8269793305091566,2.5583442932105993,0.0,0,0.01,0.01,0.1551554315089039,0.2968173816735185,33.737903666223666,0.01,0.08937537503035262,0.18581869280943783,4.631427402294853,0.01,0.08433766422457495,0.17344649629039732,4.432063409341791,0.01,0.13140665287102643,0.40589916609906207,25.14157329923415,0.01,0.12998226798109194,0.32301169714968947,5.740537326657816,0.01,0.0825325034706717,0.13622338515714622,12.01624495331988
11.13,45.14935610474072,46.7591639863981,-1.6098078816573802,-0.5920318943302443,20.07206985109008,0.08525856941858038,1.7113159607737582,1.711315960773758,-0.8428934357842954,2.5542093965580537,0.0,0,0.01,0.01,0.15502769198252503,0.2966822013192296,33.47400932092311,0.01,0.08924313971536366,0.18568351245514889,4.625856506851455,0.01,0.08420577929254308,0.17331131593610838,4.425792964569364,0.01,0.13159815771649053,0.4061061269335169,25.447548710132093,0.01,0.13018959265239777,0.32321865798414423,5.736787127559478,0.01,0.08260986052472334,0.1363005988611288,12.004606008678444
11.14,44.78040921125924,46.41998741546923,-1.639578204209992,-0.5916114672110768,19.923542646566947,0.0849002518861067,1.6915137891571228,1.6915137891571226,-0.8584811402220094,2.549994929379132,0.0,0,0.01,0.01,0.1548998427162743,0.2965469062045316,33.21159785799334,0.01,0.08911080019279105,0.18554821734045088,4.620284747379302,0.01,0.08407379189300794,0.17317602082141037,4.419524409537795,0.01,0.13178862962923074,0.40631201088843044,25.755248211114914,0.01,0.13039584875108617,0.3234245419390578,5.732952402238368,0.01,0.0826865635704237,0.13637715676863293,11.992826626399475
11.15,44.41238749999998,46.08106539702712,-1.6686778970271372,-0.5911423798601144,19.777101087339876,0.0845414508700152,1.6719848199266685,1.6719848199266683,-0.8737177037513533,2.5457025236780217,0.0,0,0.01,0.01,0.15477189168420247,0.29641150594279314,32.950735340930116,0.01,0.08897836391678314,0.18541281707871243,4.614760593576356,0.01,0.08394170967681731,0.17304062055967195,4.413304188201581,0.01,0.13197806134829485,0.40651680592608175,26.06457495971817,0.01,0.1306010287612665,0.3236293369767091,5.728986650351339,0.01,0.08276260933170924,0.136453054504687,11.980817848623781
11.16,44.04535576651851,45.74243663002577,-1.697080863507259,-0.5905871814016775,19.63294175274391,0.0841822124137139,1.6527444729355605,1.6527444729355605,-0.8885894622237045,2.541333935159265,0.0,0,0.01,0.01,0.1546438547172089,0.29627601856981595,32.69150731194333,0.01,0.08884584643207714,0.18527732970573524,4.609336270916262,0.01,0.08380954838204716,0.17290513318669473,4.407182284658219,0.01,0.13216643432704328,0.40672048769606506,26.375407786367067,0.01,0.13080511318687688,0.32383301874669246,5.72484000662975,0.01,0.08283799011134263,0.13652828321723193,11.968486335942206
11.17,43.679378539703706,45.4041613336821,-1.7247827939783889,-0.5899082256334617,19.491124301817063,0.08382260578963822,1.633796828748049,1.6337968287480493,-0.9030941591000974,2.5368909878481465,0.0,0,0.01,0.01,0.154515755846531,0.29614047085179523,32.434016186246915,0.01,0.08871327177370544,0.18514178198771453,4.604065347122023,0.01,0.08367733222182662,0.17276958546867405,4.401209916670519,0.01,0.13235371851234073,0.4069230194585296,26.687603234367213,0.01,0.13100807023845865,0.324035550509157,5.720461685924194,0.01,0.08291269378499397,0.1366028296291855,11.95573908466008
11.18,43.314520064,45.066320850286516,-1.7518007862865173,-0.5890694368212311,19.35157045314722,0.08346272330565362,1.6151347702608885,1.6151347702608885,-0.9172407467917576,2.532375517052646,0.0,0,0.01,0.01,0.15438762726549154,0.2960048981865122,32.178377828019826,0.01,0.08858067246991548,0.1850062093224315,4.5990002808486015,0.01,0.08354509387608713,0.17263401280339102,4.395437196292519,0.01,0.1325398727006339,0.4071243526218189,27.000998518471185,0.01,0.13120985613405667,0.32423688367244624,5.715802428641673,0.01,0.08298670402442015,0.1366766763184437,11.942488041034299
11.19,42.95084428162966,44.72901646642233,-1.7781721847926781,-0.5880331675307274,19.21406804981647,0.0831026792670041,1.596740534558289,1.5967405345582888,-0.9310487787603983,2.5277893133186873,0.0,0,0.01,0.01,0.15425950893501383,0.29586934418647903,31.924720345224774,0.01,0.08844808916455527,0.18487065532239833,4.594191628269922,0.01,0.08341287410541497,0.17249845880335782,4.389912514042939,0.01,0.13272484542445648,0.4073244277375242,27.31541314164168,0.01,0.13141041597465303,0.3244369587881516,5.710815738255039,0.01,0.08306000439447912,0.13674981812896278,11.929647119826612
11.200000000000001,42.58841481481477,44.39240180483077,-1.8039869900160015,-0.5866312663463364,19.078054525685438,0.08274264486098229,1.5785686902572462,1.5785686902572462,-0.9445653791676389,2.523134069424885,0.0,0,0.01,0.01,0.1541314573666225,0.2957338737756828,31.673381617203198,0.01,0.08831557787643438,0.18473518491160207,4.589821300290878,0.01,0.0832807293804539,0.17236298839256156,4.384814482910014,0.01,0.13290856558701453,0.40752315570438785,27.630449556818427,0.01,0.13160967566955514,0.3246356867550152,5.705347653978358,0.01,0.0831328863978117,0.13682267300757067,11.927450997308204
11.21,42.227294947999965,44.05671988762673,-1.82942493962676,-0.584779259421229,18.942363070719754,0.08238288846356635,1.5605265840914837,1.5605265840914837,-0.9578846584375633,2.518411242529047,0.0,0,0.01,0.01,0.15400356439557672,0.2955985882773824,31.424714421107318,0.01,0.0881832303057791,0.18459989941330168,4.586069937925791,0.01,0.08314875207880662,0.17222770289426118,4.380312082745185,0.01,0.13309091515790414,0.40772039677638916,27.945618598251297,0.01,0.13180751342583458,0.32483292782701656,5.699214273543232,0.01,0.08320563057341766,0.13689539404217976,11.925577544251885
11.22,41.86754761007404,43.722227715024,-1.854680104949952,-0.5824809727675084,18.805707032148483,0.08202369549422432,1.54251358715854,1.5425135871585403,-0.9711082320783193,2.5136218192368593,0.0,0,0.01,0.01,0.15387593124256216,0.29546359519159976,31.1789049401003,0.01,0.08805115104234137,0.18446490632751902,4.582953804334561,0.01,0.0830170466773906,0.17209270980847852,4.376418433361127,0.01,0.13327176088610698,0.4079160058137439,28.26062627334976,0.01,0.13200378664530965,0.3250285368643713,5.692390418089362,0.01,0.08327819998060791,0.1369679258346834,11.92253258583933
11.23,41.50923535659257,43.389176049785114,-1.879940693192544,-0.5797432304064312,18.66681148815441,0.0816653467514154,1.5244316329234344,1.5244316329234344,-0.9843346451530333,2.5087662780764677,0.0,0,0.01,0.01,0.15374865764485357,0.29532900003851925,30.93611251813543,0.01,0.08791944381058099,0.18433031117443854,4.580462896189192,0.01,0.08288571656992429,0.17195811465539804,4.373124169137396,0.01,0.13345097399932687,0.40810984421428714,28.57521449971004,0.01,0.13219672429163945,0.3252223752649145,5.701645682864546,0.01,0.08335054048731008,0.1370402141130272,11.918305161687655
11.24,41.15242035199999,43.057854919962246,-1.905434567962248,-0.5764006536695044,18.524109522746738,0.08130816740386361,1.5061613980829958,1.5061613980829958,-0.9976832067677066,2.5038446048507024,0.0,0,0.01,0.01,0.15362185388776037,0.2951949247456129,30.696756426794913,0.01,0.08778822082008705,0.18419623588153217,4.578768065021953,0.01,0.08275487413911563,0.17182403936249163,4.37059887992378,0.01,0.1336284180870306,0.40830175352661524,28.88885227664977,0.01,0.13238277965232847,0.3254142845772426,5.761953187791897,0.01,0.08342259300814012,0.13711219584243323,11.91257620532054
11.25,40.79716435185184,42.72863968210628,-1.9314753302544345,-0.5723926851584721,18.37542575172751,0.08095257714817714,1.487538070797322,1.487538070797322,-1.0113181180195419,2.498856188816864,0.0,0,0.01,0.01,0.15349566476201437,0.2950615264059646,30.461249820986243,0.01,0.08765762891401742,0.18406283754188393,4.5780346968344405,0.01,0.08262466669784804,0.17169064102284343,4.3689961725341115,0.01,0.13380391429125402,0.40849152949187734,29.200919452160882,0.01,0.13256612609585064,0.3256040605425047,5.82850698475309,0.01,0.08349427953677424,0.13718378915791576,11.905034446709216
11.26,40.44352868503704,42.401889138026725,-1.958360452989689,-0.5678025875695115,18.21864806293991,0.08059898065917638,1.468404462861235,1.468404462861235,-1.025395135365531,2.493799598226766,0.0,0,0.01,0.01,0.15337023492184074,0.294928956109287,30.229726520517055,0.01,0.08752781895761769,0.18393026724520625,4.578190482836712,0.01,0.08249524452601369,0.17155807072616575,4.3682430383211175,0.01,0.13397728238033016,0.4086789815056395,29.511110592597376,0.01,0.13274722754647456,0.3257915125562669,5.8945705518541684,0.01,0.08356551984738243,0.13725491545858265,11.895812714089693
11.27,40.09157423600003,42.07790300698935,-1.9863287709893234,-0.5627485736216289,18.05201803487292,0.0802477211869489,1.448633310124255,1.448633310124255,-1.0400393124256835,2.4886726225499385,0.0,0,0.01,0.01,0.15324568845915817,0.29479734157591514,30.002204248735335,0.01,0.08739892194404768,0.18379865271183446,4.579090367359727,0.01,0.08236673763228883,0.17142645619279395,4.368200412879779,0.01,0.13414837284389858,0.4088639565687587,29.81926652229745,0.01,0.13292598026230898,0.325976487619386,5.959617165265366,0.01,0.0836362445727386,0.13732550869235116,11.885180617002565
11.28,39.74136142696299,41.75690790280567,-2.015546475842682,-0.5573670104591812,17.87423626977932,0.0798990646380634,1.4281347590751152,1.4281347590751152,-1.0553376669126946,2.48347242598781,0.0,0,0.01,0.01,0.15312212262151972,0.29466678126654067,29.778610499590567,0.01,0.08727104152402443,0.18366809240246,4.58055741486262,0.01,0.08223924858855026,0.17129589588341948,4.368699478869774,0.01,0.13431707596509984,0.4090463463764929,30.12533573693411,0.01,0.1331022690269943,0.32615887742712024,6.023701681492345,0.01,0.0837063992614557,0.13739551847644216,11.873468493441088
11.290000000000001,39.392950200148114,41.43904922551215,-2.046099025364034,-0.5518048021701485,17.684530237385133,0.07955318995387614,1.4068607932197656,1.4068607932197659,-1.0713349444334808,2.4781957376532464,0.0,0,0.01,0.01,0.15299960424734482,0.2945373408699433,29.558790146250203,0.01,0.08714425008269854,0.18353865200586264,4.582394550267703,0.01,0.08211284868698872,0.17116645548682213,4.369552454293242,0.01,0.1344833257365784,0.40922609084915257,30.429369851394377,0.01,0.13327601891617605,0.3263386218997799,6.08696445024963,0.01,0.08377594648403441,0.13746491194548377,11.86104632414464
11.3,39.046399999999956,41.12438720981452,-2.07798720981456,-0.546212177317181,17.482695216103668,0.07921018395880261,1.38480750416325,1.38480750416325,-1.088031558767829,2.472839062931079,0.0,0,0.01,0.01,0.15287816780666447,0.2944090514751371,29.34251512255602,0.01,0.08701858655393808,0.18341036261105634,4.584394227911962,0.01,0.08198757580636179,0.17103816609201583,4.370561776279978,0.01,0.13464710135911617,0.40940317921307323,30.731517845191817,0.01,0.13344720130071025,0.32651571026370063,6.149580890308798,0.01,0.08384486699651153,0.13753367470233108,11.84830635614517
11.31,38.7017697554074,40.81289711076506,-2.1111273553576555,-0.5407354384971387,17.26910743704241,0.07887004071897546,1.362015206739897,1.362015206739897,-1.105383698397343,2.46739890513724,0.0,0,0.01,0.01,0.15275781502381852,0.29428190943561333,29.12949751979514,0.01,0.08689405587939919,0.1832832205715326,4.586348419647187,0.01,0.08186343391867636,0.1709110240524921,4.371529615118474,0.01,0.1348084265792472,0.40957764872784364,31.03201540067033,0.01,0.13361583382657796,0.326690179778471,6.2117487617813065,0.01,0.08391316001810893,0.1376018108692455,11.835644708564372
11.32,38.359117861925924,40.504473473039496,-2.1453556111135748,-0.5355099614400493,17.044708828685554,0.07853266540936693,1.338566415443245,1.338566415443245,-1.123305571202008,2.461871986645253,0.0,0,0.01,0.01,0.15263851608313378,0.2941558779176696,28.91940557822676,0.01,0.08677063011308611,0.1831571890535889,4.588058705498305,0.01,0.08174039423728936,0.1707849925345484,4.372267475781566,0.01,0.1349673669643812,0.4097495811702223,31.33116940841141,0.01,0.1337819779257974,0.3268621122208497,6.273677502046221,0.01,0.08398084262449099,0.13766934224466634,11.82344226910142
11.33,38.018502164,40.19893824410276,-2.180436080102764,-0.5306537811622754,16.810964124867755,0.07819788247792851,1.3145817969770812,1.314581796977081,-1.1416736618121615,2.4562554587892427,0.0,0,0.01,0.01,0.1525202123494182,0.2940308900468347,28.711881739210142,0.01,0.08664825110666098,0.183032201182754,4.589345983050723,0.01,0.08161839793975927,0.1706600046637135,4.372605422460692,0.01,0.13512402528330894,0.4099190972826916,31.629338392713617,0.01,0.1339457343254214,0.32703162833331895,6.335576927951607,0.01,0.08404794829170043,0.13773630661183733,11.81204578532391
11.34,37.679979937185195,39.89605230504646,-2.2160723678612606,-0.5262620762576431,16.56979251294518,0.07786544768275286,1.290214312030803,1.290214312030803,-1.1603327784493789,2.450547090480182,0.0,0,0.01,0.01,0.15240282046135878,0.29390685348770645,28.506561793437676,0.01,0.0865268346346326,0.18290816462362575,4.5900592848369595,0.01,0.08149736032264994,0.1705359681045852,4.3724004400907175,0.01,0.13527853524115666,0.4100863494883019,31.926909956765435,0.01,0.13410723682486148,0.32719888053892926,6.397645640836424,0.01,0.08411452466540893,0.13780275528704897,11.801750193980645
11.35,37.34360787037036,39.59552982828732,-2.251921957916953,-0.5224028144646724,16.323477293745235,0.07753506338779043,1.2656418466796944,1.2656418466796946,-1.1791035799082406,2.444745426587935,0.0,0,0.01,0.01,0.15228623758907217,0.29378365622240815,28.303094101551917,0.01,0.08640627574872646,0.18278496735832744,4.590083219163539,0.01,0.0813771761759732,0.17041277083928694,4.371543473306701,0.01,0.1354310538887371,0.41025151325176545,32.22427658583121,0.01,0.13426664465911728,0.3273640443023928,6.460059810183292,0.01,0.08418063066662432,0.1378687500322495,11.792783256548766
11.36,37.009442048000025,39.29705473826641,-2.2876126902663887,-0.5191137608690698,16.074558116482518,0.07720639634561564,1.241058705021782,1.241058705021782,-1.1977912036666116,2.4388499086883937,0.0,0,0.01,0.01,0.15217034759127301,0.29366117323549856,28.10115787032467,0.01,0.08628645509193883,0.18266248437141788,4.589343614171152,0.01,0.0812577261066015,0.17029028785237738,4.36996474582066,0.01,0.13558175308259146,0.41041477752541256,32.52181126997266,0.01,0.13442413382181378,0.32752730857603995,6.52296305269291,0.01,0.08424633307609784,0.13793435948709654,11.785293497559469
11.370000000000001,36.677537932296275,39.000298456447545,-2.3227605241512697,-0.5164009787435548,15.825711180606032,0.07687909708016051,1.2166663862163927,1.2166663862163927,-1.2161945664536677,2.4328609526700604,0.0,0,0.01,0.01,0.15205502776565977,0.29353927377143785,27.90047953829323,0.01,0.0861672458580226,0.1825405849073571,4.587811043443314,0.01,0.08113888349577364,0.1701683883883166,4.367637058079306,0.01,0.1357308104115511,0.41057633475499955,32.81984440159823,0.01,0.1345798877646832,0.32768886580562695,6.586458073078662,0.01,0.08431170276388278,0.13799965529758657,11.77934226841759
11.38,36.34795034548145,38.7049380595022,-2.3569877140207485,-0.5142388764766973,15.579623324454595,0.076552819913446,1.1926640986762953,1.1926640986762953,-1.2341158811614972,2.4267799798377925,0.0,0,0.01,0.01,0.15194015586012485,0.29341782880648415,27.700846452951062,0.01,0.08604852105354002,0.18241913994240344,4.585502037201257,0.01,0.08102052174781814,0.17004694342336293,4.364576881364417,0.01,0.13587840002659715,0.4107363709330003,33.118643269348404,0.01,0.13473408791571254,0.3278489019836277,6.650600611535724,0.01,0.08437681074668342,0.13806470813123436,11.774900495948188
11.39,36.02073345199997,38.41067397126475,-2.3899405192647767,-0.5125717767769172,15.338866132159044,0.07622724266044609,1.1692394707921856,1.1692394707921856,-1.2513699296397995,2.420609400431985,0.0,0,0.01,0.01,0.1518256170032953,0.29329671837096716,27.50211719525077,0.01,0.08593016070832049,0.18229802950688645,4.582477925282834,0.01,0.08090252147656216,0.16992583298784594,4.360843202079823,0.01,0.13602468381185012,0.4108950561757203,33.418395229659076,0.01,0.1348869044648661,0.3280075872263477,6.715396064824876,0.01,0.08444172426303202,0.13812958377193363,11.77185034627256
11.4,35.69594074074075,38.11724634402966,-2.4213056032889066,-0.5113169105826159,15.105776091344081,0.07590208504476749,1.146559901552414,1.146559901552414,-1.2677926492313718,2.4143525507837857,0.0,0,0.01,0.01,0.1517113102207592,0.2931758383699855,27.304228110846186,0.01,0.08581205868639849,0.18217714950590477,4.578841403771654,0.01,0.08078477728275013,0.16980495298686427,4.356534208189362,0.01,0.1361698033150035,0.4110525362663453,33.71919532680506,0.01,0.1350384878527919,0.32816506731697265,6.7807989354655716,0.01,0.08450650305457737,0.1381943394812469,11.769991677893309
11.41,35.373625007259264,37.8244493599514,-2.4508243526921363,-0.5103686715313369,14.882346448498383,0.07557712496170392,1.1247649572615328,1.1247649572615328,-1.283248630276096,2.4080135875376287,0.0,0,0.01,0.01,0.15159715422730027,0.2930551065795103,27.10719582477261,0.01,0.0856941287725866,0.18205641771542955,4.574731052684642,0.01,0.0806672037994216,0.16968422119638904,4.351782037997964,0.01,0.13631387281564236,0.41120892555102256,34.021038794907135,0.01,0.1351889613635987,0.3283214566016499,6.846715044439569,0.01,0.08457119603091517,0.1382590207975833,11.769052816139979
11.42,35.05383833599995,37.532142793739396,-2.4783044577394473,-0.5096039103459165,14.670135773008127,0.07525221182923648,1.1039601647540676,1.1039601647540676,-1.2976371796321806,2.401597344386248,0.0,0,0.01,0.01,0.15148309222392692,0.29293446753865937,26.911115731240415,0.01,0.08557630974824612,0.18193577867457866,4.570314146085311,0.01,0.08054974072103548,0.16956358215553816,4.346745918640854,0.01,0.136456973850998,0.41136430150242564,34.32381855451742,0.01,0.13533841516804174,0.32847683255305304,6.913006245601021,0.01,0.08463583847595098,0.13832365892157708,11.768704894178093
11.43,34.73663208251853,37.2402603171225,-2.5036282346039704,-0.5088880041541413,14.47019739903383,0.07492727641493754,1.0842124802961182,1.0842124802961182,-1.3108966781919695,2.3951091584880877,0.0,0,0.01,0.01,0.1513690954792008,0.29281389611497277,26.71615664952782,0.01,0.08545856922135925,0.18181520725089204,4.565778179458116,0.01,0.0804323565839496,0.16944301073185153,4.341604099752109,0.01,0.13659915144341622,0.4115187011788935,34.62732754392746,0.01,0.13548690209010453,0.32863123222952084,6.979497227525659,0.01,0.08470044992672275,0.1383882688063454,11.768578803637693
11.44,34.422056855703744,36.94881418635678,-2.5267573306530373,-0.5080814048431711,14.283032913862394,0.07460233669972183,1.0655476305331713,1.0655476305331713,-1.3230070445639563,2.3885546750971276,0.0,0,0.01,0.01,0.15125516553464333,0.2926933995849269,26.522552011385443,0.01,0.08534090603795456,0.18169471072084623,4.5613215884125555,0.01,0.08031505112792901,0.16932251420180572,4.336545033151682,0.01,0.13674041218602806,0.411672119711688,34.93126551992221,0.01,0.13563443528139568,0.32878465076231533,7.045983894592659,0.01,0.08476503282228046,0.1384528480367426,11.768283696570155
11.450000000000001,34.11016249999999,36.65789612850251,-2.5477336285025145,-0.5070463536473689,14.108571748861404,0.07427749952962832,1.0479494314397804,1.0479494314397804,-1.3339902084345279,2.3819396398743082,0.0,0,0.01,0.01,0.15114133494082824,0.29257301814349984,26.330588089086184,0.01,0.08522335117120518,0.18157432927941913,4.5571441474692005,0.01,0.08019785613757166,0.16920213276037863,4.331758262201526,0.01,0.13688072424772435,0.4118245108529922,35.235249824621704,0.01,0.13578098788887222,0.3289370419036196,7.112242785463944,0.01,0.08482957198233936,0.13851737654391844,11.76742597744454
11.46,33.8009980776296,36.36767442226703,-2.566676344637429,-0.5056534463206732,13.946177749141006,0.07395295800574356,1.03136109742286,1.03136109742286,-1.3439085914092752,2.375269688832135,0.0,0,0.01,0.01,0.15102766650100855,0.2924528238310835,26.140589884021594,0.01,0.0851059670577945,0.18145413496700277,4.55343752196294,0.01,0.08008083473561585,0.16908193844796227,4.327425468532762,0.01,0.1370200192610804,0.4119757895179041,35.53882953291716,0.01,0.13592649469812718,0.32908832056853143,7.178041005491459,0.01,0.08489403493491851,0.1385818171621474,11.765627805338982
11.47,33.49461185081482,36.07838734696078,-2.58377549614596,-0.5037877440740635,13.79468239257789,0.07362898476145122,1.015688459672177,1.015688459672177,-1.352861686202912,2.368550145875089,0.0,0,0.01,0.01,0.15091425106959905,0.29233291794020533,25.952905374497842,0.01,0.08498884542504712,0.18133422907612465,4.5503764062831715,0.01,0.07996407917366892,0.16896203255708414,4.323712085423913,0.01,0.13715819596303705,0.41212583615962384,35.84150234854858,0.01,0.136070855633308,0.32923836721025124,7.243146203885524,0.01,0.08495837307109684,0.13864611699571433,11.762544265546067
11.48,33.19105126399998,35.79033334092918,-2.5992820769291973,-0.5013541492426169,13.652443138291208,0.07330592146707944,1.0008049245293429,1.0008049245293429,-1.360980912914731,2.361785837444074,0.0,0,0.01,0.01,0.1508012040204342,0.29221342703519904,25.767888869195627,0.01,0.08487210372350297,0.18121473817111833,4.548110625314589,0.01,0.07984770723666275,0.16884254165207782,4.320759833221202,0.01,0.13729512537323565,0.4122745027326923,36.14273358536796,0.01,0.13621394090196348,0.3293870337833197,7.307336198151717,0.01,0.08502252356540296,0.13871020952626392,11.757878538441744
11.49,32.89036292607406,35.50385836157952,-2.613495435505458,-0.4982818003472555,13.517424249219538,0.07298416507672024,0.9865579228171,0.9865579228171,-1.3684230100624006,2.3549809328795006,0.0,0,0.01,0.01,0.15068866056149177,0.2920944977821654,25.58588423249404,0.01,0.08475588034488551,0.18109580891808472,4.546758510267775,0.01,0.07973185744214302,0.1687236123990442,4.318680469744204,0.01,0.13743065722347123,0.4124216199283517,36.441976537819535,0.01,0.13635559749424614,0.3295341509789791,7.370407920426716,0.01,0.08508641196411165,0.13877401735700398,11.751394564856705
11.5,32.59259259259261,35.219341066395664,-2.6267484738030507,-0.4945272874626257,13.387296394262654,0.07266415148305151,0.9727765331412108,0.9727765331412108,-1.3753622846879776,2.3481388178291884,0.0,0,0.01,0.01,0.15057677012601597,0.2919762908415176,25.407208740993262,0.01,0.08464032886185081,0.18097760197743687,4.546401791167507,0.01,0.07961668327144399,0.16860540545839636,4.317550983326377,0.01,0.1375646272972372,0.41256700531196067,36.73869350275897,0.01,0.13649565668515995,0.32967953636258807,7.432185420627856,0.01,0.08514995531255302,0.13883745546092088,11.742926860596084
11.51,32.297785148,34.937176532577226,-2.639391384577225,-0.49007654386033256,13.259550435215129,0.07234633736666735,0.9592799091164146,0.9592799091164146,-1.3819820972893337,2.3412620064057483,0.0,0,0.01,0.01,0.1504656901123191,0.29185897411864686,25.232138298096572,0.01,0.08452561157094948,0.18086028525456616,4.547082180091345,0.01,0.07950234671436258,0.16848808873552565,4.317410391561041,0.01,0.1376968653030226,0.41271047195712396,37.03237666456549,0.01,0.13663394214865648,0.3298230030077513,7.492526704238376,0.01,0.0852130656678736,0.13890043477700575,11.732387257111895
11.52,32.005984587851856,34.65775929771426,-2.6517747098624,-0.4849453316426157,13.131620085688235,0.07203118111098171,0.9458861046728144,0.9458861046728144,-1.388465991246487,2.3343520959193014,0.0,0,0.01,0.01,0.15035557927405135,0.2917427156977487,25.060894675910305,0.01,0.08441189265181563,0.18074402683366797,4.548799753632322,0.01,0.07938901144007073,0.1683718303146275,4.3182582468223085,0.01,0.13782720288986497,0.4128518371560408,37.32256800579609,0.01,0.13677027827449537,0.3299643682066682,7.551329208669044,0.01,0.08527565382660414,0.13896286598247515,11.719768439444268
11.53,31.71723400103709,34.38146653209731,-2.6642325310602213,-0.4791783050074887,13.001007635279501,0.0717191236978098,0.9324208747907803,0.9324208747907803,-1.3949888911722885,2.327409765963069,0.0,0,0.01,0.01,0.15024659107799235,0.2916276767980944,24.89363537069031,0.01,0.08429933127221731,0.18062898793401372,4.5515131802221225,0.01,0.0792768359232119,0.1682567914149732,4.320054890130204,0.01,0.13795548141843908,0.4129909307907665,37.60887737030969,0.01,0.1369044982825698,0.33010346184139383,7.608533737207725,0.01,0.08533763308761974,0.13902466326089238,11.70514421990272
11.540000000000001,31.431575551999984,34.10864214328489,-2.677066591284905,-0.47284670204701784,12.865406699446961,0.07141057049947848,0.9187260321153199,0.9187260321153199,-1.4017087893918878,2.3204348215072077,0.0,0,0.01,0.01,0.15013886734664428,0.29151400509016623,24.730446549669708,0.01,0.08418807496944646,0.18051531622608552,4.5551417763994,0.01,0.07916596685460461,0.168143119707045,4.322723436668116,0.01,0.13808155912438652,0.4131276029748575,37.89099780170146,0.01,0.13703645175327617,0.3302401340254849,7.664126682362421,0.01,0.08539892287094669,0.1390857478864793,11.688666541089573
11.55,31.149050462962933,33.839582565524246,-2.690532102561314,-0.46604478148298056,12.7228160118656,0.0711058748399343,0.9046669629512274,0.9046669629512274,-1.4087593146090205,2.313426277560248,0.0,0,0.01,0.01,0.1500325324879721,0.29140182869094833,24.571339434427554,0.01,0.08407825362349532,0.18040313982686765,4.559569314237109,0.01,0.07905653315063142,0.16803094330782714,4.326153417576232,0.01,0.13820531735051123,0.41326173061756566,38.16871732215291,0.01,0.13716601123389577,0.330374261668193,7.718140390802585,0.01,0.08545945202130635,0.13914605145385436,11.670559256724317
11.56,30.86969899614812,33.57452490247205,-2.7048259063239333,-0.45888518128635547,12.571638635991842,0.07080532411113206,0.8901389482294326,0.8901389482294326,-1.4162435327577705,2.306382480987203,0.0,0,0.01,0.01,0.14992768858516026,0.29129125112395643,24.41625031129951,0.01,0.08396997430724475,0.18029256225987572,4.56464943833584,0.01,0.07894864084490721,0.16792036574083521,4.330205942148676,0.01,0.13832666557804754,0.4133932226208805,38.441926418129405,0.01,0.13729307763658413,0.33050575367150786,7.770651558950293,0.01,0.08551916164181492,0.13920551859967303,11.651108807825379
11.57,30.59356043599996,33.31363797513417,-2.72007753913421,-0.45149342856793695,12.410761633292001,0.07050912910557543,0.8750719943003078,0.8750719943003078,-1.4242292690231062,2.299301263323414,0.0,0,0.01,0.01,0.14982441157656912,0.2911823474817675,24.265044187494183,0.01,0.08386331725490906,0.18018365861768681,4.570212484820061,0.01,0.07884236910163096,0.1678114620986463,4.334720181993829,0.01,0.1384455450511868,0.413522023490194,38.71062066566803,0.01,0.13741758420973155,0.33063455454082136,7.8217776077688645,0.01,0.08557800732700599,0.13926410908747028,11.630652006407791
11.58,30.32067307140742,33.05701668350672,-2.7363436120992946,-0.4440018715826204,12.239612164118853,0.07021741706705076,0.8594339520668812,0.8594339520668812,-1.432746164911417,2.2921801169782983,0.0,0,0.01,0.01,0.1497227487022049,0.2910751619691482,24.117521929801278,0.01,0.08375833313438093,0.18007647310506747,4.576073427950173,0.01,0.0787377675342715,0.167704276586027,4.3395209154233925,0.01,0.13856193085993093,0.41364811521859746,38.974898158380185,0.01,0.13753949893734183,0.3307606462692248,7.871671070084277,0.01,0.08563596069411077,0.13932179915827456,11.609561262139593
11.59,30.051074177925926,32.80467992705101,-2.7536057491250827,-0.43654333274080337,12.058187169935335,0.06993022877716147,0.8432317874314113,0.8432317874314113,-1.44178459872233,2.285016386153741,0.0,0,0.01,0.01,0.149622717330598,0.29096970693632873,23.973430540175404,0.01,0.08365504174465392,0.179971018072248,4.582040615685681,0.01,0.0786348549486797,0.1675988215532075,4.3444268096318694,0.01,0.13867583242062226,0.413771517388965,39.23495168613712,0.01,0.1376588252969495,0.33088404843959235,7.920512131507556,0.01,0.08569301014581637,0.1393785820857756,11.588227738591666
11.6,29.784800000000022,32.55657215406178,-2.7717721540617646,-0.42924479440987706,11.8670551297788,0.06964751979468863,0.8265109570559301,0.8265109570559301,-1.4512965061041994,2.2778074631601295,0.0,0,0.01,0.01,0.1495243052121284,0.29086596343803905,23.83247605096172,0.01,0.08355343218939022,0.17986727457395835,4.587924898945302,0.01,0.07853361955959318,0.16749507805491787,4.349259064989435,0.01,0.13878729236783457,0.41389228552304785,39.49105593319697,0.01,0.1377756013820396,0.3310048165736752,7.968499589808842,0.01,0.08574916083483794,0.13943446791413835,11.567043091737274
11.61,29.521885733185226,32.31256843215313,-2.790682698967905,-0.42222142609397434,11.667329821764932,0.06936916575863329,0.809352936366657,0.809352936366657,-1.4611980442629513,2.2705509806296083,0.0,0,0.01,0.01,0.1494274721349806,0.29076388327847336,23.694338374003642,0.01,0.08345346450548617,0.17976519441439265,4.59354871707536,0.01,0.07843402065734763,0.16739299789535214,4.35385000633284,0.01,0.13889638394264583,0.41401050778887466,39.743550295298704,0.01,0.13788989746697175,0.331123038839502,8.01584062575623,0.01,0.0858044250518268,0.13948948239692743,11.547082665503646
11.620000000000001,29.26236550637038,32.072491340837566,-2.8101258344671844,-0.4155222943246157,11.460550819371303,0.0690949812696322,0.7918665442041282,0.7918665442041282,-1.4713784462041657,2.263244990408294,0.0,0,0.01,0.01,0.1493321548600831,0.2906633960215504,23.55874932586847,0.01,0.08335507440559452,0.17966470715746966,4.598796914253428,0.01,0.07833599348595337,0.16729251063842915,4.358093250631584,0.01,0.13900320522381565,0.4141262961243608,39.99275346297744,0.01,0.13800181078832977,0.33123882717498815,8.06270648347865,0.01,0.08585810363818612,0.1395436632576012,11.58724194325295
11.63,29.006272363999987,31.83616012647338,-2.829887762473395,-0.4091447626810042,11.248308785836265,0.06882477583122629,0.774162330665594,0.774162330665594,-1.481725767511679,2.255888098177273,0.0,0,0.01,0.01,0.1492382852972711,0.2905644295425759,23.42557141171288,0.01,0.08325819123468625,0.17956574067849515,4.603667961658065,0.01,0.07823946750967613,0.16719354415945464,4.361988725036791,0.01,0.1391078595803266,0.41423976215917,40.23883561264169,0.01,0.138111447720594,0.33135229320979737,8.10915584304906,0.01,0.08591078610678893,0.13959704913483217,11.64357763308674
11.64,28.753638248296326,31.603376027538545,-2.8497377792422176,-0.4031429326916084,11.032360025551496,0.06855833707389043,0.7563602573522739,0.7563602573522739,-1.4921192119874405,2.2484794693397143,0.0,0,0.01,0.01,0.14914579036395395,0.29046690389311525,23.294563261304262,0.01,0.08316273971518409,0.17946821502903454,4.608088210927159,0.01,0.07814436739963566,0.16709601850999403,4.365464580397476,0.01,0.13921045312070165,0.4143510242294556,40.482083509283406,0.01,0.1382189173983036,0.3314635552800829,8.155296262678839,0.01,0.08596270870985535,0.13964968290314406,11.700647132455845
11.65,28.504493981481488,31.373911828381882,-2.8694178469003915,-0.3975580659998155,10.814710793455138,0.06829541871889994,0.7385952019628252,0.7385952019628252,-1.502423671316952,2.2410188732797773,0.0,0,0.01,0.01,0.14905458533128657,0.2903707269221712,23.165473876852772,0.01,0.08306863275558815,0.17937203805809046,4.611981884255501,0.01,0.07805060595483687,0.16699984153904995,4.368449279384645,0.01,0.13931110233417543,0.4144602121984926,40.722823299510516,0.01,0.13832433881236478,0.33157274324912,8.201257057736782,0.01,0.08601392503512538,0.1397016140544261,11.758124705226697
11.66,28.25886924799999,31.14752316663446,-2.8886539186344717,-0.39240872751411515,10.597532379599118,0.06803575343510576,0.7210110999989552,0.7210110999989552,-1.5124956549242374,2.2335067549231926,0.0,0,0.01,0.01,0.1489645774548745,0.29027579901103645,23.038082760570713,0.01,0.08297577470743436,0.17927711014695574,4.615304050277923,0.01,0.07795808757332816,0.16690491362791524,4.370900881353646,0.01,0.1394099306353837,0.41456746186841525,40.96136054191878,0.01,0.1384278387765593,0.3316799929190426,8.24714601389726,0.01,0.08606448682928858,0.1397528961620576,11.81615966503071
11.67,28.016792576740713,30.92396183556902,-2.907169258828307,-0.3876899136835645,10.383058255121723,0.06777906807196336,0.7037540122690564,0.7037540122690564,-1.5221902643795153,2.2259442766485718,0.0,0,0.01,0.01,0.14887567115059278,0.2901820186584059,22.912211492332847,0.01,0.08288406666007676,0.17918332979432522,4.618044570823484,0.01,0.07786671356345617,0.1668111332752847,4.37281036897313,0.01,0.13950706270071123,0.4146729086000178,41.19795897175956,0.01,0.13852954651110042,0.3317854396506452,8.293037195433755,0.01,0.0861144475567382,0.13980358387806824,11.874850891459923
11.68,27.778291323259232,30.70298913302199,-2.924697809762759,-0.38337361662520736,10.173478349802958,0.06752509903883287,0.6869651331398667,0.6869651331398667,-1.5313681921868072,2.218333325326674,0.0,0,0.01,0.01,0.14878777328924125,0.2900892880984307,22.78773169888255,0.01,0.08279341191668804,0.17909059923435003,4.620228408038128,0.01,0.07777638760556163,0.16671840271530952,4.374201874575225,0.01,0.13960261873707075,0.4147766810750007,41.432824762817496,0.01,0.13862958776510342,0.33188921212562805,8.33896599468902,0.01,0.08616385966646023,0.13985372990333444,11.93422230577741
11.69,27.543391651999997,30.484388564156717,-2.9409969121567214,-0.3794105014772454,9.97083598982218,0.06727360702821725,0.670774102122103,0.670774102122103,-1.5399023822436368,2.21067648436574,0.0,0,0.01,0.01,0.1487007983019363,0.28999751865909695,22.664570300005444,0.01,0.08270372129191732,0.17899882979501622,4.621914061044606,0.01,0.07768702102613978,0.1666266332759757,4.37513116446928,0.01,0.1396967090767134,0.4148788955179069,41.666094285211166,0.01,0.1387280791612319,0.3319914265685343,8.384927043301817,0.01,0.08621277171622464,0.139903382088607,11.994220229320739
11.700000000000001,27.31211851851846,30.2679772925439,-2.9558587740254385,-0.3757325889439943,9.776932454863388,0.06702439037587375,0.6552929375333134,0.6552929375333134,-1.5476840349212084,2.202976972454522,0.0,0,0.01,0.01,0.14861467284979307,0.2899066356043207,22.542711877947063,0.01,0.08261491797282328,0.17890794674023996,4.623190323300923,0.01,0.0775985376285943,0.16653575022119946,4.375682542573935,0.01,0.1397894293559057,0.4149796506448753,41.8978257484819,0.01,0.13882512307852127,0.3320921816955027,8.430874435474216,0.01,0.08626122570761496,0.13995258080531486,12.054715485942872
11.71,27.08449565170374,30.053615805035825,-2.9691201533320855,-0.37225679890217633,9.593243656966276,0.06677729642838931,0.6406108753910025,0.6406108753910025,-1.5546276768889133,2.195238552279916,0.0,0,0.01,0.01,0.14852933983765632,0.2898165822325626,22.42219812623823,0.01,0.0825269417131544,0.17881789336848194,4.624171564330637,0.01,0.07751087785232058,0.16644569684944144,4.375964367049434,0.01,0.1398808564984782,0.41507902356544446,42.12799500862582,0.01,0.1389208033157983,0.33219155461607186,8.476724109656441,0.01,0.08630925476671189,0.14000135670977665,12.115509411509207
11.72,26.86054553599999,29.841215349416387,-2.9806698134164002,-0.368889173074003,9.420852802080416,0.0665322303931359,0.6267903491278342,0.6267903491278342,-1.560675064767637,2.1874654138954712,0.0,0,0.01,0.01,0.1484447615861973,0.28972732304378,22.303124482439696,0.01,0.08243975216627207,0.1787286341796993,4.624991812992571,0.01,0.07742400206728414,0.16635643766065877,4.376103443417408,0.01,0.13997104568350308,0.41517706681351874,42.3564955786986,0.01,0.13901518173316912,0.3322895978641461,8.522358169069802,0.01,0.0863568812800971,0.14004972900390236,12.1763433021462
11.73,26.64028939362958,29.63074281640507,-2.9904534227754906,-0.3655295661218543,9.260402094955165,0.0662891612727121,0.6138642879226439,0.6138642879226439,-1.565797750648989,2.179662038571633,0.0,0,0.01,0.01,0.14836092201952092,0.2896388458337268,22.185634184462916,0.01,0.08235333120589983,0.17864015696964608,4.625797974458988,0.01,0.0773378928552906,0.1662679604506056,4.376238608792472,0.01,0.1400600284261241,0.415273806626058,42.58314266572979,0.01,0.139108296019083,0.33238633767668535,8.567630822655033,0.01,0.0864041155726766,0.14009770427043292,12.236910675623069
11.74,26.42374716681485,29.422222863569726,-2.998475696754876,-0.3620765763720153,9.1120656295943,0.06604812462957146,0.6018348463362788,0.6018348463362789,-1.5699982034821092,2.171833049818388,0.0,0,0.01,0.01,0.14827782777435908,0.2895511626275929,22.069910104074946,0.01,0.08226768413431912,0.17855247376351216,4.62674254417932,0.01,0.07725255617960337,0.16618027724447165,4.376513850379912,0.01,0.1401478118441533,0.41536924252601515,42.80768088152304,0.01,0.13920015867340624,0.33248177357664255,8.612375557671815,0.01,0.08645095518682129,0.14014527593252726,12.296871607427766
11.75,26.2109375,29.215737211933128,-3.0047997119331282,-0.3584324801052759,8.975544612881304,0.0658092220796231,0.5906736087146705,0.5906736087146705,-1.573309450086307,2.1639830588009774,0.0,0,0.01,0.01,0.14819550818953584,0.289464309421166,21.956164800424627,0.01,0.08218283973211188,0.1784656205570853,4.627976189417498,0.01,0.07716802139894685,0.1660934240380448,4.377071307648938,0.01,0.14023437912351247,0.415463348202626,43.02979514342374,0.01,0.13929075723525844,0.3325758792532534,8.656413121840675,0.01,0.08649738479260242,0.14019242435741044,12.355868354467122
11.76,26.001877722074088,29.01142118033688,-3.0095434582627947,-0.3545079368611422,8.850085038662716,0.06557261756910374,0.580323241694277,0.580323241694277,-1.5757932698562693,2.1561165115505463,0.0,0,0.01,0.01,0.1481140141881475,0.2893783447545037,21.844629300415917,0.01,0.08209884915943476,0.17837965589042296,4.62964055545126,0.01,0.07708434013761319,0.16600745937138245,4.378044494122924,0.01,0.1403196911362486,0.4155560736204745,43.24912419013036,0.01,0.13938005572156748,0.3326686046711018,8.699559893270154,0.01,0.08654337672797696,0.1402391175932455,12.413541488280112
11.77,25.796583828592592,28.80945765191894,-3.0128738233263483,-0.35022624701247973,8.734516902733402,0.06533853064006628,0.5707005002754233,0.5707005002754233,-1.5775370449258412,2.1482375452012645,0.0,0,0.01,0.01,0.14803341611731444,0.2892933471979565,21.735541151389366,0.01,0.08201578377346684,0.1782946583338758,4.631861623023381,0.01,0.07700158407775695,0.1659224618148353,4.379552045729392,0.01,0.1404036891089755,0.4156473482317573,43.46527607789452,0.01,0.1394679971821022,0.3327598792823847,8.741636242537249,0.01,0.0865888921372183,0.14028531269872196,12.469545809899012
11.78,25.595070463999985,28.610068785698918,-3.0149983216989322,-0.34552696617792183,8.6273130638282,0.06510722702983787,0.5617004303041488,0.5617004303041488,-1.578649429672487,2.1403498599766357,0.0,0,0.01,0.01,0.14795380065904534,0.28920941188088567,21.62913230718544,0.01,0.08193373197758036,0.17821072301680496,4.634743901205843,0.01,0.07691984179052108,0.16583852649776445,4.381692262313422,0.01,0.14048629819021868,0.4157370851164791,43.677844984167834,0.01,0.13955450722269505,0.33284961616710645,8.782474532979988,0.01,0.08663388264721804,0.14033095759736441,12.523565394281844
11.790000000000001,25.397350903851788,28.41350588912176,-3.01615498526997,-0.3403687127625782,8.526664948895997,0.06487900707272878,0.553201555526212,0.553201555526212,-1.5792550573020614,2.1324566128282734,0.0,0,0.01,0.01,0.1478752669685518,0.2891266462373636,21.52561740262809,0.01,0.0818527952626364,0.17812795737328294,4.638365689873386,0.01,0.07683921476710648,0.16575576085424243,4.384538661749135,0.01,0.1405674317247808,0.41582518583514244,43.88642862162374,0.01,0.1396394983035127,0.3329377168857698,8.821926453463277,0.01,0.08667829249590293,0.14037599336442977,12.57532719716367
11.8,25.203437037037006,28.220037950056227,-3.0166009130192224,-0.3347310437003395,8.430571509275142,0.06465419247277727,0.5450717930161875,0.5450717930161875,-1.5794885445255753,2.1245603375417628,0.0,0,0.01,0.01,0.14779792223136834,0.2890451651786288,21.425182945779174,0.01,0.08177308363759635,0.1780464763145481,4.642775592195368,0.01,0.07675981284729327,0.16567427979550758,4.388136715468017,0.01,0.1406469960137654,0.41591154574950007,44.090645550457964,0.01,0.13972287458587349,0.33302407680012747,8.859869424887986,0.01,0.08672206100611456,0.14042035683451715,12.624612739702666
11.81,25.013339347999985,28.02993938559673,-3.0166000375967457,-0.32861531770475505,8.33693719331808,0.06443311208992117,0.5371748086636967,0.5371748086636967,-1.5794880861554383,2.116662894819135,0.0,0,0.01,0.01,0.14772187685635,0.28896508592751263,21.327977913205324,0.01,0.08169471067373524,0.17796639706343192,4.647990402712847,0.01,0.07668174926963656,0.16559420054439142,4.392501882512303,0.01,0.14072489532142227,0.4159960595502031,44.29015167169833,0.01,0.1398045370806551,0.3331085906008304,8.896211864097856,0.01,0.08676512528284175,0.1404639834035522,12.671267461729279
11.82,24.827066898962926,27.84347759748517,-3.016410698522245,-0.3220445131765903,8.243674243722309,0.06421608742529218,0.5293765059405011,0.5293765059405011,-1.579388948447857,2.108765454388358,0.0,0,0.01,0.01,0.1476472395369126,0.28888652276432536,21.23410617194633,0.01,0.08161778840296514,0.17788783390024465,4.653994441736086,0.01,0.07660513558342522,0.16551563738120412,4.397619007696486,0.01,0.1408010368848764,0.41607862672614637,44.4846551923527,0.01,0.13988438884427282,0.33319115777677377,8.930897125746561,0.01,0.08680742300233973,0.1405068098902702,12.715207401504987
11.83,24.64462731214809,27.660900928569557,-3.0162736164214694,-0.31506201731613465,8.148804383015245,0.06400341850216294,0.5215513372183844,0.5215513372183844,-1.5793171724277344,2.100868509646119,0.0,0,0.01,0.01,0.14757411241709956,0.28880958193610207,21.14362107367831,0.01,0.08154242231543624,0.17781089307202133,4.660740352704085,0.01,0.07653007666683286,0.16543869655298082,4.403443098510587,0.01,0.14087533568973254,0.4161591567188153,44.673929381472725,0.01,0.1399623399741686,0.33327168776944266,8.963905976454473,0.01,0.08684889515877622,0.14054877732015186,12.7564229245004
11.84,24.466026751999976,27.482427591188713,-3.016400839188737,-0.3077294517492518,8.050554939899499,0.06379537081669649,0.5135881376710763,0.5135881376710763,-1.579383786112904,2.0929719237839803,0.0,0,0.01,0.01,0.14750258659204116,0.28873435697152156,21.0565224729335,0.01,0.0814687066945269,0.17773566810744085,4.668151325252473,0.01,0.07645666608835883,0.16536347158840034,4.409901444585689,0.01,0.14094771879255852,0.4162375735252276,44.85782249179414,0.01,0.14003831217362137,0.33335010457585496,8.995257490466361,0.01,0.0868894886376513,0.14058983349911086,12.794979294089416
11.85,24.291269907407465,27.3082360877329,-3.0169661803254346,-0.3001236458279418,7.947444703875154,0.06359216397782694,0.505395206813541,0.505395206813541,-1.5796797980398742,2.0850750048534152,0.0,0,0.01,0.01,0.14743273815447774,0.28866092462263215,20.97275631381306,0.01,0.08139672050895527,0.17766223575855145,4.6761246528764175,0.01,0.07638498203004726,0.16529003923951094,4.4168969928222825,0.01,0.14101812899888938,0.41631381954387314,45.03626431120139,0.01,0.14011224268379258,0.33342635059450054,9.025008296332533,0.01,0.08692915849508039,0.14062993525494505,12.831013961617113
11.86,24.120359973925932,27.138457568188368,-3.0180975942624357,-0.29233290946915585,7.83835527424141,0.06339396257071585,0.4969044008712331,0.4969044008712331,-1.5802722049919826,2.0771766058632157,0.0,0,0.01,0.01,0.14736462497110625,0.2885893416227156,20.892216811367913,0.01,0.08132652405296567,0.1775906527586349,4.684536480285476,0.01,0.07631508396201384,0.1652184562395944,4.42431284049345,0.01,0.1410865277408494,0.41638785849769777,45.20926893599665,0.01,0.1401840874171995,0.3335003895483251,9.053250154248396,0.01,0.08696786983754048,0.14066905024118664,12.864730559362012
11.870000000000001,23.95329863600006,26.9731704727806,-3.019871836780536,-0.28445279086083347,7.7225843759132315,0.06320086966721741,0.48807404863618165,0.48807404863618165,-1.5812011962020744,2.069275244838256,0.0,0,0.01,0.01,0.14729828433593284,0.2885196424087122,20.814751129157703,0.01,0.08125815648779315,0.17752095354463146,4.693247542640904,0.01,0.07624701021992877,0.16514875702559095,4.432017658776399,0.01,0.14115289703972778,0.41645967731461886,45.376933523690965,0.01,0.1402538231689889,0.3335722083652462,9.080105905656072,0.01,0.0870055992170287,0.1407071582197715,12.896389712828832
11.88,23.790086049185213,26.812397694554814,-3.0223116453696006,-0.2765815287827401,7.599878516587784,0.06301292327502313,0.4788905618652426,0.4788905618652426,-1.582478676992003,2.0613692388572455,0.0,0,0.01,0.01,0.14723373160434614,0.2884518379086101,20.740166328854514,0.01,0.08119163439274801,0.17745314904452944,4.702109648924124,0.01,0.07618077659216749,0.16508095252548893,4.439871812173537,0.01,0.1412172404837412,0.41652928689705615,45.539432982544106,0.01,0.14032144882816502,0.33364181794768355,9.105723910602702,0.01,0.08704233548072499,0.14074425176482422,12.926296944711112
11.89,23.630720822370325,26.656106372459643,-3.0253855500893185,-0.26881542326644564,7.4704434113026155,0.06283009587122872,0.4693686757327322,0.4693686757327322,-1.584088169739553,2.0534568454722852,0.0,0,0.01,0.01,0.14717095986339232,0.2883859154414664,20.668238248556644,0.01,0.0811269513845041,0.1773872265773857,4.710972617662974,0.01,0.07611637597356481,0.1650150300583452,4.447733897882491,0.01,0.14127958319765999,0.41659672176510776,45.697010777922536,0.01,0.14038698555809098,0.3337092528157351,9.130271171244596,0.01,0.08707808004096831,0.1407803363585644,12.95478811728541
11.9,23.475199999999944,26.504210296469658,-3.0290102964697145,-0.2612443509856424,7.334931742708011,0.06265229701343367,0.4595503221174049,0.4595503221174049,-1.585986082506183,2.0455364046235878,0.0,0,0.01,0.01,0.14710994064312008,0.2883218397229445,20.598721860965046,0.01,0.0810640788109806,0.1773231508588638,4.719691339125411,0.01,0.07605377909056102,0.1649509543398233,4.4554673973746075,0.01,0.14133997082697097,0.41666203861087664,45.84996626744614,0.01,0.14045047596211585,0.333774569661504,9.153925426019784,0.01,0.08711284655934355,0.14081542988038837,12.982213036478637
11.91,23.32351904429629,26.35657477904786,-3.0330557347515703,-0.2539476428809427,7.194408992262083,0.06247937887006366,0.4495022051737356,0.4495022051737356,-1.5881042690373208,2.0376064742110565,0.0,0,0.01,0.01,0.147050625623377,0.28825955491523214,20.531362579273395,0.01,0.08100296747415724,0.17726086605115143,4.728132618111099,0.01,0.0759929362505937,0.16488866953211093,4.462947113971825,0.01,0.14139846760296748,0.4167253138516812,45.998639198937546,0.01,0.14051198229432332,0.3338378449023086,9.176866580314465,0.01,0.08714666006659211,0.14084956152003592,13.008918003666215
11.92,23.1756718174815,26.21302372831734,-3.037351910835839,-0.24699052150822948,7.050299199888105,0.06231114436931184,0.43931221129107145,0.43931221129107145,-1.5903537415747988,2.0296659528658703,0.0,0,0.01,0.01,0.14699294924260245,0.28819898760970747,20.465907923662385,0.01,0.08094355028683099,0.17720029874562673,4.736181449549553,0.01,0.07593378001944597,0.16482810222658623,4.47006506897804,0.01,0.14145515359496658,0.41678664031521495,46.14339219687359,0.01,0.14057158381565804,0.33389917136584235,9.199267906414278,0.01,0.0871795555666017,0.14088277017383216,13.03522822757587
11.93,23.031650563999957,26.07334855374674,-3.0416979897467837,-0.24042126555650456,6.90431352142928,0.062147357540326055,0.42908484098677313,0.42908484098677313,-1.592629343171223,2.021714184157996,0.0,0,0.01,0.01,0.1469368320723535,0.2881400505863426,20.402118940777566,0.01,0.08088574572413737,0.1771413617222619,4.743746398121529,0.01,0.07587622868633731,0.16476916520322138,4.476735547406311,0.01,0.14151012129034127,0.41684612322816195,46.28459220485755,0.01,0.1406293734308345,0.33395865427878935,9.221287488551427,0.01,0.08721157619669206,0.14091510240784366,13.061431079418476
11.94,22.89144589274075,25.937318450216207,-3.0458725574754544,-0.23426923062445099,6.758365296861206,0.06198775551746216,0.41893589571953305,0.41893589571953305,-1.594815141722607,2.01375103744214,0.0,0,0.01,0.01,0.14688218478564533,0.28808264715779336,20.339780784345773,0.01,0.0808294618937767,0.17708395829371265,4.750763793972237,0.01,0.07582019033998792,0.16471176177467214,4.482899023454862,0.01,0.14156347167100872,0.4169038757096105,46.42259192697879,0.01,0.1406854537704492,0.3340164067602379,9.243060399618884,0.01,0.08724277103672756,0.14094661009213752,13.087761173998798
11.950000000000001,22.755046759259198,25.80469154514945,-3.0496447858902527,-0.2285438108894039,6.614475972892533,0.06183206160363496,0.40898668583165443,0.40898668583165443,-1.5967902759018726,2.005776961733527,0.0,0,0.01,0.01,0.14682891252041216,0.28802667588016834,20.278711916963278,0.01,0.08077460102106969,0.1770279870160876,4.757200518126087,0.01,0.07576556735145187,0.1646557904970471,4.488524754392829,0.01,0.14161530997541544,0.4169600139905428,46.55771231054791,0.01,0.14073993290473272,0.3340725450411701,9.264692069691373,0.01,0.08727319267536145,0.14097734782514781,13.114388178126523
11.96,22.622440448000035,25.675226358735035,-3.0527859107350004,-0.223234378300965,6.474676612393304,0.061679998745422265,0.39935804532943386,0.39935804532943386,-1.598434965024584,1.9977930103540178,0.0,0,0.01,0.01,0.1467769194227504,0.28797203539776595,20.21877147750718,0.01,0.0807210641274985,0.17697334653368524,4.7630552297226885,0.01,0.07571226104246298,0.16460115001464473,4.493611905823812,0.01,0.14166574134709958,0.41701465258986314,46.6902270347854,0.01,0.14079291988965378,0.33412718364049054,9.28625324171242,0.01,0.087302894652266,0.1410073702758008,13.141408089969737
11.97,22.49361255451855,25.54869302036914,-3.055080465850589,-0.2183111870820324,6.3409098579189145,0.06153130276217135,0.39016444425524566,0.39016444425524566,-1.5996363912736489,1.9898008355288945,0.0,0,0.01,0.01,0.14672611314879075,0.2879186291861277,20.159864468464765,0.01,0.08066875567499705,0.176919940322047,4.768357976933004,0.01,0.07566017631206841,0.1645477438030065,4.498189155982552,0.01,0.14171486657399732,0.41706789967553604,46.82034982276449,0.01,0.14084452035198058,0.3341804307261634,9.307776810767763,0.01,0.08733192890005807,0.1410367295731692,13.168838508408536
11.98,22.368546967703693,25.424883705055382,-3.056336737351688,-0.21372718426485485,6.214937101968839,0.06138573469363423,0.3815084800790831,0.3815084800790831,-1.6002941734934435,1.9818026535725266,0.0,0,0.01,0.01,0.1466764091091691,0.28786636996645903,20.101944544581002,0.01,0.08061758795308348,0.17686768110237833,4.773168227200709,0.01,0.07560922599956098,0.16449548458333782,4.50231281493388,0.01,0.1417627781165002,0.41711985282665515,46.94822519318333,0.01,0.1408948323169353,0.3342323838772825,9.329256719069651,0.01,0.0873603433085765,0.14106547286910479,13.196618144232916
11.99,22.247225851999968,25.303621799866256,-3.056395947866287,-0.20942062413058132,6.0982552707855335,0.061243091683592446,0.3734760066586693,0.3734760066586693,-1.60032517604639,1.9738011827050592,0.0,0,0.01,0.01,0.1466277342556675,0.28781518358407576,20.045014318606697,0.01,0.08056748500154227,0.17681649471999505,4.777571442562381,0.01,0.07555933477769027,0.16444429820095458,4.506063579064626,0.01,0.1418095566069207,0.41717059538941054,47.0739230358213,0.01,0.1409439424699896,0.3342831264400379,9.350648941318264,0.01,0.08738817952724039,0.14109364018891804,13.22461054250107
12.0,22.129629629629623,25.184769379714588,-3.0551397500849653,-0.2053183477755852,5.992027081124624,0.06110321589700301,0.3661321243986466,0.3661321243986466,-1.5996674324261806,1.9657995568248272,0.0,0,0.01,0.01,0.1465800302346816,0.2877650121727754,19.98912323212137,0.01,0.08051838588678699,0.17676632330869468,4.781674405159964,0.01,0.07551044239583844,0.16439412678965418,4.50954211541508,0.01,0.14185526797898335,0.4172201935882237,47.1974371541003,0.01,0.14099192302325675,0.33433272463885105,9.371874458903536,0.01,0.08741547110874381,0.14112126266942138,13.252611715476048
12.01,22.015736962814838,25.068232659589338,-3.052495696774499,-0.2013395601368324,5.897027917176866,0.06096600107068982,0.35951821031249254,0.35951821031249254,-1.5982830093502036,1.9578012196626962,0.0,0,0.01,0.01,0.14653325576529136,0.28771581646421296,19.934363161232667,0.01,0.08047024718382313,0.17671712760013228,4.785599560917675,0.01,0.0754625061268192,0.16434493108109177,4.512863728987349,0.01,0.1418999613542184,0.41726869451447357,47.318687691536084,0.01,0.14103882932742254,0.3343812255651009,9.39282399988013,0.01,0.08744224207990875,0.14114836126347483,13.28036115689368
12.02,21.905524736000046,24.953965192333534,-3.048440456333486,-0.19739991669918008,5.813611638493646,0.06083139641695194,0.3536501141954125,0.3536501141954125,-1.5961596904205329,1.9498098046159453,0.0,0,0.01,0.01,0.14648738813906478,0.2876675771444713,19.88086203185351,0.01,0.08042304455606107,0.17666888828039054,4.789478692149155,0.01,0.07541550231136708,0.16429669176135003,4.516152405683897,0.01,0.14194366777418801,0.4173161250712662,47.437527163278794,0.01,0.1410846983333781,0.33442865612189354,9.413364225846985,0.01,0.08746850600399386,0.1411749459666546,13.307555537571282
12.030000000000001,21.798968038074076,24.841968691795028,-3.043000653720952,-0.1934157213082377,5.741696711165339,0.060699407729600106,0.3485175897307289,0.3485175897307289,-1.5933114164331137,1.9418290061638426,0.0,0,0.01,0.01,0.14644242378226882,0.287620295206866,19.828775803234596,0.01,0.08037677337001749,0.17662160634278531,4.793446251303681,0.01,0.07536942693914163,0.1642494098237448,4.519534543168039,0.01,0.14198639982526332,0.41736249190586017,47.55374965916699,0.01,0.141129547965419,0.3344750229564875,9.433344983304531,0.01,0.08749426557423408,0.14120101559600595,13.33386427879577
12.040000000000001,21.69604014459256,24.732291475405273,-3.0362513308127137,-0.18930803510267366,5.680773094640563,0.06057009567660003,0.34408496985943415,0.34408496985943415,-1.5897774792222426,1.9338624490816767,0.0,0,0.01,0.01,0.14639837786672502,0.2875739912983574,19.778279239844053,0.01,0.08033144832895553,0.17657530243427672,4.797632689172834,0.01,0.07532429525194927,0.16420310591523624,4.523132682443284,0.01,0.14202815215846853,0.4174077823139778,47.66710267302434,0.01,0.14117337742230052,0.3345203133646052,9.45260720728293,0.01,0.08751951275211756,0.14122655812427348,13.358946162551579
12.05,21.596712499999946,24.62502463264474,-3.0283121326447984,-0.18500650425359844,5.62992935461946,0.060443571396514864,0.34029303690327617,0.34029303690327617,-1.5856205247822897,1.9259135616855658,0.0,0,0.01,0.01,0.14635528300094336,0.2875287041044987,19.72955593011449,0.01,0.08028710215647733,0.176530015240418,4.802158094158324,0.01,0.07528014040162967,0.1641578187213775,4.527059536894146,0.01,0.14206890286315435,0.41745196605462953,47.77730094121485,0.01,0.14121616837620388,0.33456449710525693,9.470991066002002,0.01,0.08754422943725765,0.1412515515467514,13.38246615655681
12.06,21.500954699851835,24.520296131415673,-3.0193414315638374,-0.1804527303335719,5.587898545497191,0.06031998964140527,0.3370619823816141,0.3370619823816141,-1.5809234766800402,1.9179854590616543,0.0,0,0.01,0.01,0.1463131870762908,0.28748448786253183,19.682788027874835,0.01,0.08024378340579663,0.1764857989984511,4.807126428519352,0.01,0.0752370112394819,0.1641136024794106,4.531412586509834,0.01,0.1421086156123653,0.4174949979723853,47.884041633517114,0.01,0.14125788699548672,0.3346075290230127,9.488343960308963,0.01,0.08756838863004435,0.14127596523310834,13.404111691786824
12.07,21.408734473037114,24.418263168470354,-3.0095286954332376,-0.1756030308467792,5.553120548986921,0.06019953982134461,0.33429530162146515,0.33429530162146515,-1.5757855400567888,1.910080841678254,0.0,0,0.01,0.01,0.1462721503818603,0.2874414091320761,19.63814618986228,0.01,0.08020155351084361,0.1764427202679954,4.812620606782967,0.01,0.07519496935420107,0.1640705237489549,4.536269466649333,0.01,0.1421472424619122,0.4175368212881514,47.98702022367084,0.01,0.14129848667756595,0.33464935233877874,9.504528032622773,0.01,0.08759195602485914,0.14129976169430408,13.423607715050093
12.08,21.320017663999984,24.319103148722025,-2.9990854847220416,-0.17043046762457517,5.523817802173543,0.06008243540043743,0.3318844262628782,0.3318844262628782,-1.5703174877150916,1.9022019139779698,0.0,0,0.01,0.01,0.14623224213469452,0.28739954298615467,19.595780162989776,0.01,0.08016048322968958,0.17640085412207399,4.818698614477153,0.01,0.07515408550928254,0.16402865760303348,4.541684336601968,0.01,0.1421847271561606,0.41757737139099105,48.085946367250344,0.01,0.14133791134563028,0.33468990244161845,9.519426888955062,0.01,0.08761489195164386,0.1413228986759566,13.440729933734643
12.09,21.234768214962966,24.223003738169034,-2.988235523206071,-0.16492605611706912,5.498080729747163,0.0599689021671597,0.32971386538935366,0.32971386538935366,-1.5646364611500407,1.8943503265393944,0.0,0,0.01,0.01,0.14619353659767742,0.2873589688106435,19.55581043954638,0.01,0.08012064865753543,0.17636027994656278,4.825390815016927,0.01,0.07511443565725788,0.16398808342752227,4.547685365993242,0.01,0.14222100877271132,0.41761657994350954,48.18055912723923,0.01,0.1413760991387811,0.3347291109941369,9.532951287904972,0.01,0.0876371535679704,0.14134533147504974,13.455315764237474
12.1,21.15294814814827,24.130152473767968,-2.977204325619698,-0.15909910760278462,5.473958740218531,0.05985916594982048,0.3276666046332113,0.3276666046332113,-1.558860539600433,1.8865271442336442,0.0,0,0.01,0.01,0.1461561089746707,0.28731976591654723,19.518321348753727,0.01,0.08008212700455705,0.17632107705246652,4.832698541015812,0.01,0.07507609672584237,0.16394888053342604,4.554273428785301,0.01,0.1422560255262496,0.41765437910250947,48.270640911151,0.01,0.14141298631066537,0.33476691015313687,9.545043598595758,0.01,0.08765869719314848,0.14136701536731544,13.467272585082096
12.11,21.074517547999925,24.040726429271828,-2.9662088812719007,-0.15297669734797312,5.449552379289807,0.059753440368860405,0.32562950313287486,0.32562950313287486,-1.553103338402767,1.878732841535642,0.0,0,0.01,0.01,0.14612003128063777,0.2872820091761042,19.483355890223713,0.01,0.0800449923425139,0.17628332031202348,4.840594014546652,0.01,0.07503914237938329,0.163911123792983,4.561422046071663,0.01,0.14228971854908518,0.41769070565527017,48.35602952037253,0.01,0.14144851114703358,0.3348032367058975,9.555680874089841,0.01,0.08767948067074813,0.1413879080283976,13.476582980314761
12.120000000000001,20.99943454340746,23.954882428157205,-2.9554478847497454,-0.1466022930020291,5.423102173704241,0.059651915210572976,0.3234984310440794,0.3234984310440794,-1.5474688937995489,1.8709673248436283,0.0,0,0.01,0.01,0.14608536838329264,0.2872457648903373,19.45091253956417,0.01,0.08000931152291019,0.1762470760262566,4.849021589466578,0.01,0.07500363895761267,0.1638748795072161,4.569078570644264,0.01,0.14232203547200145,0.4177255048797127,48.43662776643224,0.01,0.14148261771762094,0.3348380359303401,9.56487642925069,0.01,0.08769946564634336,0.14140797183322706,13.48330674441749
12.13,20.92765528992592,23.87274826368908,-2.9450929737631593,-0.14003361716814033,5.393069856104206,0.0595547459719167,0.32118290528908733,0.32118290528908733,-1.542047075085543,1.8632299803746304,0.0,0,0.01,0.01,0.1460521744023489,0.28721108708246756,19.42094417050973,0.01,0.07997514045879307,0.17621239821838686,4.857900257904974,0.01,0.07496964178277689,0.16384020169934635,4.577166558358436,0.01,0.14235293364323517,0.41775873395330265,48.51241018548935,0.01,0.141515259291474,0.33487126500393005,9.572679854908849,0.01,0.08771861965315686,0.14142717592483872,13.487579511747034
12.14,20.859133952000004,23.794415333363688,-2.9352813813636836,-0.13333985428203543,5.358208035609614,0.0594620450649311,0.3186100076806948,0.3186100076806948,-1.536909737318508,1.855519744999203,0.0,0,0.01,0.01,0.14602048963327702,0.2871780143892118,19.393359142862252,0.01,0.07994252094256239,0.17617932552513113,4.867127312554294,0.01,0.0749371920063235,0.16380712900609062,4.585589223857038,0.01,0.14238238284463867,0.41779036475984266,48.58342648526501,0.01,0.14154640126607612,0.33490289581047006,9.579175446904971,0.01,0.0877369179092063,0.14144549795588346,13.48960798149198
12.15,20.793822685185095,23.719933022922465,-2.9261103377373696,-0.12659834288738778,5.31761495703817,0.05937387508471549,0.31572740620779904,0.31572740620779904,-1.5321077901048112,1.8478351963126103,0.0,0,0.01,0.01,0.1459903381355446,0.2871465676914708,19.368024504728158,0.01,0.07991147814444692,0.17614787882739008,4.876583007234028,0.01,0.07490631413847018,0.16377568230834957,4.594233831968788,0.01,0.14241036739098928,0.41782038597406734,48.64980149031262,0.01,0.14157602348783696,0.3349329170246947,9.584479081647846,0.01,0.08775434474488174,0.14146292542273214,13.489661834687361
12.16,20.731671618370378,23.64930508730231,-2.9176334689319314,-0.11989091851474708,5.2707717488920665,0.0592902444410345,0.31250534538470953,0.31250534538470953,-1.5276693119773765,1.840174657362086,0.0,0,0.01,0.01,0.1459617260919258,0.2871167485887389,19.344771154564754,0.01,0.07988201890194657,0.17611805972465824,4.886136011521131,0.01,0.07487701436953742,0.16374586320561774,4.6029768321594275,0.01,0.1424368875295298,0.4178488043396637,48.71173151030761,0.01,0.14160412187304647,0.33496133539029105,9.588733630769518,0.01,0.08777089459879253,0.14147945653258562,13.488062587800307
12.17,20.672628835999944,23.58248817658004,-2.909859340580092,-0.11330008833297439,5.217560457910552,0.05921110553549929,0.3089375229111897,0.3089375229111897,-1.5235987878910096,1.8325363108021993,0.0,0,0.01,0.01,0.1459346410072382,0.28708853877957574,19.323400709122083,0.01,0.07985413087123215,0.17608984991549506,4.895649413526964,0.01,0.07484927975258265,0.16371765339645455,4.611689504255991,0.01,0.14246196009058845,0.41787564509533015,48.76947723694454,0.01,0.14163070927257085,0.33498817614595755,9.59210307540733,0.01,0.08778657254123005,0.14149510056734024,13.485169789841763
12.18,20.61664036029624,23.5193925491229,-2.902752188826661,-0.10690522561828747,5.158262157735238,0.05913635553989607,0.3050408249278225,0.3050408249278225,-1.5198774919349218,1.8249183168627443,0.0,0,0.01,0.01,0.1459090517736708,0.28706190036574647,19.303693732823596,0.01,0.0798277825691652,0.17606321150166576,4.904986990870378,0.01,0.07482307827456386,0.16369101498262525,4.6202438517456565,0.01,0.14248561837501517,0.41790095154395324,48.82335346789127,0.01,0.14165581555877915,0.3350134825945806,9.594765552710484,0.01,0.08780139430762526,0.14150987773296936,13.481365139842756
12.19,20.563650133481488,23.459884907115836,-2.896234773634347,-0.10077896941728551,5.0935354444357355,0.059065839703062686,0.30085394808290933,0.30085394808290933,-1.5164649813201603,1.8173189294030696,0.0,0,0.01,0.01,0.14588490958771824,0.2870367770524379,19.285418909362352,0.01,0.07980292429132475,0.17603808818835723,4.914019447120418,0.01,0.07479835980006141,0.16366589166931672,4.628518457771673,0.01,0.1425079112987129,0.41792478380010095,48.87371614824855,0.01,0.14167948694797758,0.3350373148507283,9.596905638106469,0.01,0.08781538584782735,0.141523818508559,13.47703526193672
12.200000000000001,20.513600000000007,23.403793186850336,-2.8901931868503277,-0.09498400264606092,5.024376632907404,0.058999356990392854,0.29643499061909195,0.29643499061909195,-1.513301613877377,1.809736604496469,0.0,0,0.01,0.01,0.1458621496627283,0.2870130961735771,19.26834268288185,0.01,0.07977948984933353,0.17601440730949638,4.922630302757529,0.01,0.07477505782963326,0.16364221079045588,4.636404011523987,0.01,0.14252890184738826,0.4179472167889784,48.9209473944953,0.01,0.14170178460470115,0.33505974783960574,9.598706229754772,0.01,0.08782858241979767,0.1415369625335746,13.47255400863251
12.21,20.46642968874071,23.35091304287637,-2.8844833541356607,-0.08957036090287814,4.952063886884389,0.05893666774795982,0.2918581439679757,0.2918581439679757,-1.5103119524591064,1.8021700964270821,0.0,0,0.01,0.01,0.1458406936432215,0.28699077143193236,19.252238868999164,0.01,0.07975739903192926,0.17599208256785168,4.930721138712196,0.01,0.07475309197623224,0.16361988604881117,4.643808221563531,0.01,0.14254866492457774,0.41796833760404817,48.96543930625066,0.01,0.14172278260447493,0.33508086865467557,9.600340448691734,0.01,0.08784102727737557,0.14154935709416172,13.468265250128516
12.22,20.422076795259212,23.3010156860637,-2.8789388908044895,-0.08457339565431259,4.878088299277803,0.058877502988158775,0.28720965841723123,0.28720965841723123,-1.5074088782475554,1.7946185366647867,0.0,0,0.01,0.01,0.14582045259434218,0.2869697062103526,19.23689773828267,0.01,0.07973656066052881,0.17597101734627194,4.938215918230294,0.01,0.07473237102967642,0.16359882082723143,4.650659859101757,0.01,0.14256728470193442,0.41798824235913534,49.00757746187865,0.01,0.14174256535817475,0.3351007734097627,9.601963991865146,0.01,0.08785277002020606,0.141561055288143,13.464467131042346
12.23,20.38047676400005,23.253856674709873,-2.873379910709823,-0.08001248082922892,4.804075546427226,0.05882157482042356,0.28258328919713627,0.28258328919713627,-1.5044982030764125,1.7870814922735487,0.0,0,0.01,0.01,0.1458013304136507,0.28694979728483894,19.222134107076062,0.01,0.07971687608311151,0.17595110842075823,4.945064158996512,0.01,0.07471279645255234,0.16357891190171772,4.6569117180558495,0.01,0.14258485160174064,0.4180070326926879,49.04772502309298,0.01,0.1417612246230921,0.3351195637433153,9.603708369603385,0.01,0.0878638646889419,0.14157211396293493,13.461398725964342
12.24,20.34156287051851,23.20918521793632,-2.86762234741781,-0.07589051322557365,4.731702140371039,0.05876858750244083,0.27807545127188193,0.27807545127188193,-1.5014835499862849,1.7795590012581668,0.0,0,0.01,0.01,0.14578322749422223,0.28693093875334985,19.207794031040642,0.01,0.07969824293137423,0.17593224988926917,4.95124278973518,0.01,0.07469426613240392,0.16356005337022866,4.662542337543458,0.01,0.14260145905683186,0.41802481209596487,49.08620833604897,0.01,0.14177885624254863,0.3351373431465922,9.60567542088336,0.01,0.08787436769980284,0.14158259153016312,13.459229897882933
12.25,20.30526620370372,23.16675353339049,-2.8614873296867684,-0.07219421671421593,4.662610482750775,0.05871824856634327,0.2737803212941978,0.2737803212941978,-1.4982712622140375,1.7720515835082353,0.0,0,0.01,0.01,0.14576604445850153,0.2869130259870148,19.193759780796906,0.01,0.07968055895612289,0.17591433712293406,4.956756599953154,0.01,0.07467667820543442,0.16354214060389355,4.667556402677823,0.01,0.1426172002019143,0.41804168224262916,49.12330481344826,0.01,0.14179555676679154,0.33515421329325656,9.607933429465975,0.01,0.0878843357190414,0.14159254576493308,13.458054967173165
12.26,20.271515647999916,23.126325807095046,-2.85481015909513,-0.06889522026919018,4.598326882295158,0.05867027948102569,0.26978512332937044,0.26978512332937044,-1.4947751038677948,1.7645602271971652,0.0,0,0.01,0.01,0.1457496857819159,0.28689595941291746,19.179952880293474,0.01,0.07966372575512301,0.17589727054883675,4.961637272499881,0.01,0.07465993476656464,0.16352507402979624,4.671983815607606,0.01,0.14263216465216041,0.4180577394943421,49.15923372354611,0.01,0.1418114201124042,0.3351702705449695,9.610515066119204,0.01,0.08789382357953898,0.1416020316964051,13.457890548673554
12.27,20.24023786562962,23.0876863312682,-2.847448465638576,-0.06595184250056677,4.540186448300043,0.05862442534488242,0.26616582149021273,0.26616582149021273,-1.4909205301876134,1.7570863516778261,0.0,0,0.01,0.01,0.14573406313372603,0.28687964794944915,19.166335099204787,0.01,0.07964765221601187,0.17588095908536844,4.9659410696735,0.01,0.07464394528939708,0.1635087625663279,4.675877504776633,0.01,0.14264643551972328,0.41807307174569763,49.19415031356752,0.01,0.14182653441517443,0.33518560279632503,9.613417264988472,0.01,0.08790288233857037,0.14161109968978242,13.45867763663286
12.280000000000001,20.21135727881477,23.050646444047402,-2.8392891652326324,-0.06331148248480972,4.489268338855053,0.058580463160426116,0.2629834185415658,0.2629834185415658,-1.4866483304853224,1.7496317490268882,0.0,0,0.01,0.01,0.1457190982793769,0.28686401193554917,19.152907402543214,0.01,0.0796322575137704,0.17586532307146846,4.969745318571914,0.01,0.07462862959680422,0.16349312655242795,4.679310110451108,0.01,0.142660086806482,0.4180877557528776,49.228143476691926,0.01,0.14184097922206323,0.335200286803505,9.616603016704547,0.01,0.08791155756786168,0.14161979380851164,13.460287737984402
12.290000000000001,20.184796052000085,23.015049960280365,-2.8302539082802785,-0.0609134897776277,4.446344256809211,0.058538208319791826,0.26028102636660755,0.26028102636660755,-1.481917481007854,1.7421985073744615,0.0,0,0.01,0.01,0.14570472541266272,0.2868489854226973,19.139706966545827,0.01,0.07961747352663895,0.17585029655861661,4.973143904492769,0.01,0.07461392024744413,0.1634781000395761,4.682369743437701,0.01,0.14267318129231962,0.4181018550647849,49.26123695467196,0.01,0.14185482315168152,0.33521438611541227,9.620004939228574,0.01,0.08791988795480044,0.14162815053016223,13.46253260267038
12.3,20.16047407407406,22.980776861167726,-2.8203027870936683,-0.058692366620651575,4.411842384746161,0.05849751902357613,0.25808183383070804,0.25808183383070804,-1.4767070861387144,1.7347889199694224,0.0,0,0.01,0.01,0.14569089281595593,0.28683451773171026,19.126802463255448,0.01,0.07960324656485199,0.17583582886762958,4.976242028454593,0.01,0.07459976423411076,0.16346363234858907,4.68515505779776,0.01,0.14268576901334631,0.4181154186445224,49.29339387076791,0.01,0.14186812212996985,0.33522794969514974,9.623530381176975,0.01,0.0879279042776281,0.14163619787096415,13.465176897037056
12.31,20.138308940592626,22.947745098336082,-2.8094361577434546,-0.056581143136954684,4.385828171153964,0.058458298459788526,0.2563880522226669,0.2563880522226669,-1.471017332316062,1.727405384538729,0.0,0,0.01,0.01,0.14567756378094598,0.28682057421346063,19.114287893063892,0.01,0.07958953834151655,0.17582188534937995,4.9791505141909935,0.01,0.07458612392479541,0.16344968883033945,4.687769905409184,0.01,0.14269788639490955,0.4181284802345365,49.324524223624756,0.01,0.1418809182794785,0.33524101128516387,9.627067730482961,0.01,0.08793562879846807,0.14164395495334733,13.467953027645471
12.32,20.118215935999935,22.915910460439402,-2.797694524439465,-0.05451476194904428,4.368002561121313,0.05842049467962585,0.25518087038257975,0.25518087038257975,-1.4648694274945688,1.7200502978771486,0.0,0,0.01,0.01,0.145664716759003,0.28680713619168846,19.102275301961104,0.01,0.07957632615255628,0.17580844732760775,4.981979960659649,0.01,0.0745729772148641,0.16343625080856725,4.690317849845012,0.01,0.14270955607151217,0.4181410584823304,49.35449484989703,0.01,0.14189323950811975,0.3352535895329578,9.630493549083178,0.01,0.08794307509709257,0.14165143202908326,13.470577253271504
12.33,20.100108015851852,22.885264543179655,-2.7851565273278034,-0.05243331197793673,4.357717442775716,0.058384098217063404,0.25442140318122775,0.25442140318122775,-1.4583045475584477,1.7127259507396755,0.0,0,0.01,0.01,0.14565234474760397,0.2867942001052477,19.09088675812196,0.01,0.07956360227101145,0.17579551124116696,4.984835029915165,0.01,0.07456031689697186,0.16342331472212646,4.6928968110017575,0.01,0.14272078739167882,0.4181531578071762,49.38314128215717,0.01,0.14190509980824959,0.3352656888578036,9.633680132957924,0.01,0.08795024834651535,0.14165863094881012,13.47276621692567
12.34,20.083895789036905,22.85583095243634,-2.771935163399433,-0.05028496171768502,4.354007288479949,0.05834913760485758,0.2540525704080694,0.2540525704080694,-1.4513818575938138,1.7054344280018832,0.0,0,0.01,0.01,0.14564045395544797,0.2867817759046096,19.08024598102422,0.01,0.0795513725982836,0.1757830870405289,4.987809139373567,0.01,0.07454814929241875,0.16341089052148838,4.6955940921290695,0.01,0.14273157757225358,0.4181647699534956,49.41028088549145,0.01,0.14191650024144428,0.335277301004123,9.636503103533283,0.01,0.0879571460099547,0.14166554604783227,13.474253077135941
12.35,20.069487500000047,22.827659951077756,-2.758172451077707,-0.048028459308732264,4.355635238651785,0.05831567303585549,0.2540018004406679,0.2540018004406679,-1.4441757182732462,1.698177518713914,0.0,0,0.01,0.01,0.1456290618222798,0.28676988479158094,19.070470017355156,0.01,0.07953965464941136,0.17577119592750023,4.990979795456107,0.01,0.07453649222188491,0.16339899940845973,4.698482010872947,0.01,0.14274191343544065,0.4181758761451567,49.43572664369077,0.01,0.14192743055047066,0.3352884071957841,9.638848665484096,0.01,0.08796375891855611,0.14167216539902647,13.474802502658903
12.36,20.056789010963012,22.800821829539156,-2.744032818576146,-0.045635089342666274,4.361151233474503,0.058283788501418646,0.254184416114529,0.254184416114529,-1.4367722240080187,1.6909566401225478,0.0,0,0.01,0.01,0.14561819449856953,0.28675855642052533,19.061661343313492,0.01,0.07952847497962176,0.17575986755644463,4.994404765577104,0.01,0.07452537242334854,0.16338767103740412,4.701614318426189,0.01,0.14275177363476932,0.41818644972825664,49.4593009761444,0.01,0.1419378713097029,0.335298980778884,9.640620210273633,0.01,0.08797007267151513,0.1416784723672748,13.47422390153314
12.370000000000001,20.04570378414808,22.775399335506364,-2.7296955513582835,-0.043090003453751,4.368959269127324,0.058253582804864104,0.25450753055518716,0.25450753055518716,-1.4292652484473205,1.6837727790025077,0.0,0,0.01,0.01,0.14560788391381124,0.2867478257026813,19.053900744435165,0.01,0.07951786618391495,0.1757491368386006,4.998119240472976,0.01,0.07451482254920265,0.1633769403195601,4.7050235487666425,0.01,0.142761131254442,0.4181964591691685,49.480848992855485,0.01,0.14194779650031927,0.3353089902197959,9.641743997423138,0.01,0.08797606928574316,0.14168444738674216,13.472382370128457
12.38,20.03613286399999,22.751479536799742,-2.7153466727997575,-0.04039287218839285,4.377390461779605,0.05822515989441472,0.2548742595574034,0.2548742595574034,-1.4217521932028676,1.676626452760271,0.0,0,0.01,0.01,0.14559816457935396,0.2867377293715059,19.04724128352761,0.01,0.07950786361929936,0.1757390405074252,5.002134091294832,0.01,0.07450487789214882,0.1633668439883847,4.7087193955067566,0.01,0.14276995665118034,0.41820587126054387,49.50025063283203,0.01,0.14195717637830707,0.3353184023111712,9.64217370070458,0.01,0.08798172901162198,0.14169006987308605,13.46920696374099
12.39,20.027974859407376,22.72914551229077,-2.7011706528833934,-0.03755783808577691,4.384778362637651,0.05819861898537256,0.2551880452624544,0.2551880452624544,-1.4143296465318023,1.6695176917942567,0.0,0,0.01,0.01,0.14558907028169396,0.28672830247569947,19.04170361598615,0.01,0.07949850200979787,0.17572961361161876,5.006435277513966,0.01,0.07449557299967453,0.16335741709257828,4.71268816855343,0.01,0.14277822039926136,0.4182146543810611,49.51743117917967,0.01,0.14196598049238066,0.3353271854316885,9.641893660633254,0.01,0.08798703222511911,0.14169532017765823,13.464695999869571
12.4,20.02112592592601,22.708468267654137,-2.687342341728127,-0.03461278295435773,4.389532893312406,0.0581740449441283,0.25535688381928545,0.25535688381928545,-1.4070891597423123,1.6624460435615978,0.0,0,0.01,0.01,0.1455806308247039,0.2867195749673686,19.037272850911712,0.01,0.07948981209714004,0.1757208861032879,5.010984413353249,0.01,0.07448693833946453,0.16334868958424742,4.7168933375372575,0.01,0.14278589619806828,0.41822278165515336,49.532369703472284,0.01,0.14197418070562456,0.33533531270578076,9.640920736380822,0.01,0.08799196130475713,0.14170018149016467,13.45891921289071
12.41,20.015479747999958,22.6894992560296,-2.67401950802964,-0.03159795453919381,4.3902093690261665,0.0581514993871991,0.2552972574326009,0.2552972574326009,-1.400113340330285,1.655410597762886,0.0,0,0.01,0.01,0.14557286897433813,0.2867115685456991,19.033897087710866,0.01,0.07948181749512391,0.17571287968161842,5.015720453307696,0.01,0.07447899717295224,0.1633406831625779,4.7212771247188,0.01,0.14279296360689617,0.41823023386653335,49.54510506488505,0.01,0.14198175407876695,0.3353427649171607,9.63930469988495,0.01,0.0879965024046078,0.14170464160006324,13.452016684440675
12.42,20.01092752118515,22.672263849140524,-2.6613363279553734,-0.028564027684915616,4.385569346487634,0.05813101290775517,0.2549375882885281,0.2549375882885281,-1.3934724427727063,1.6484100310612344,0.0,0,0.01,0.01,0.1455657977472583,0.286704293901914,19.031487682351955,0.01,0.07947453189331725,0.1757056050378333,5.020562411334088,0.01,0.07447176278172725,0.1633334085187928,4.725763066913067,0.01,0.14279941048336844,0.4182370019935687,49.555739179338566,0.01,0.14198868548381324,0.3353495330441961,9.637127164069174,0.01,0.08800064704133478,0.1417086944350243,13.44419458485154
12.43,20.00735793437038,22.656756053813336,-2.649398119442957,-0.02556970129549202,4.374630463192138,0.0581125787820487,0.2542210574346033,0.2542210574346033,-1.3872216114127678,1.6414426688473711,0.0,0,0.01,0.01,0.14555941816620874,0.2866977484899257,19.029921218033067,0.01,0.07946795673673483,0.17569905962584495,5.025412984868222,0.01,0.07446523617234722,0.16332686310680444,4.730259425185386,0.01,0.14280523501878017,0.4182430892546693,49.564437382212645,0.01,0.14199496983335716,0.33535562030529664,9.634499087693099,0.01,0.08800439342389461,0.14171234130664775,13.43571787863699
12.44,20.00465715200015,22.642934704662387,-2.6382775526622377,-0.022678953586765988,4.356703006313782,0.05809614843175602,0.25310766452788314,0.25310766452788314,-1.3813988962624242,1.6345065607903073,0.0,0,0.01,0.01,0.145553717580769,0.2866919149199981,19.02904307429161,0.01,0.07946207948335325,0.17569322605591742,5.03016291453035,0.01,0.0744594043602378,0.1633210295368769,4.734663283153181,0.01,0.14281044728496156,0.41824851257679935,49.57142583484533,0.01,0.1420006138320713,0.3353610436274267,9.631556952594154,0.01,0.08800774746819502,0.1417155918087508,13.426900274619266
12.450000000000001,20.002708796296282,22.630721289127614,-2.628012492831331,-0.019958093229677006,4.331411633529639,0.05808162882927612,0.25157544280547706,0.25157544280547706,-1.3760241235035182,1.6275995663089953,0.0,0,0.01,0.01,0.14554866862352905,0.28668676004127314,19.028672410474865,0.01,0.07945687251204896,0.1756880711771924,5.034695875246751,0.01,0.0744542393040422,0.1633158746581519,4.738865141753929,0.01,0.1428150702316986,0.41825330342882217,49.57698606715455,0.01,0.14200563718139247,0.33536583447944956,9.628457765235305,0.01,0.08801072345507807,0.14171846433115545,13.418091834925677
12.46,20.00139392948144,22.619999479804044,-2.618605550322603,-0.01747275218154105,4.298701429155892,0.058068881935973336,0.24962078576765334,0.2496207857676533,-1.3710986599238244,1.6207194456914777,0.0,0,0.01,0.01,0.1455442288401665,0.2866822347447382,19.028608308123165,0.01,0.07945229272121462,0.17568354588065746,5.038893666365378,0.01,0.07444969752945599,0.16331134936161695,4.742753791911848,0.01,0.14281914010017552,0.41825750799224704,49.581446899695,0.01,0.14201007319497908,0.33537003904287443,9.625373092068713,0.01,0.08801334430762042,0.1417209861711283,13.409664790405605
12.47,20.000591036000035,22.610616365173072,-2.6100253291730366,-0.015284966837687224,4.258828274836455,0.0580577261631439,0.24725788575630947,0.24725788575630947,-1.366606066635549,1.6138639523918585,0.0,0,0.01,0.01,0.14554034099891747,0.2866782744828616,19.028636757170805,0.01,0.07944828182452145,0.1756795856187809,5.042641449666735,0.01,0.07444572044784811,0.16330738909974035,4.746221229085095,0.01,0.142822706245128,0.4182611866736333,49.58517413843243,0.01,0.14201396880991335,0.33537371772426067,9.622482393834424,0.01,0.08801564148207594,0.1417231932444734,13.401998232036165
12.48,20.000176004740702,22.602385287675776,-2.602209282935075,-0.013450487548078165,4.212334300373653,0.05804793974724621,0.24451732766334833,0.24451732766334836,-1.3625135943953326,1.607030922058681,0.0,0,0.01,0.01,0.1455369340521534,0.28667480046746463,19.028538126568318,0.01,0.07944476731671285,0.17567611160338392,5.045832777137342,0.01,0.07444223534149144,0.1633039150843434,4.749167367262129,0.01,0.1428258303852809,0.4182644129939353,49.5885585733792,0.01,0.14201738400572286,0.33537694404456264,9.619965973221356,0.01,0.08801765448497534,0.14172512941774662,13.395462446116849
12.49,20.00002211125917,22.59509012171081,-2.595068010451639,-0.012016442899441496,4.16000991271723,0.05803926583968315,0.24144392121991243,0.24144392121991243,-1.3587744328667917,1.600218354086704,0.0,0,0.01,0.01,0.1455339246918109,0.2866717214751977,19.02809473553392,0.01,0.07944166405057908,0.175673032611117,5.048374156933377,0.01,0.07443915695564686,0.1633008360920765,4.751504316320298,0.01,0.1428285853271322,0.41826727191898183,49.5920029240031,0.01,0.1420203906691183,0.33537980296960923,9.61799788730414,0.01,0.08801943004613426,0.14172684550113124,13.39040371999411
12.5,20.0,22.588490757413282,-2.5884907574132816,-0.011019465253300083,4.102844539488663,0.058031419031766784,0.2380938906932628,0.2380938906932628,-1.3553305912291074,1.5934244819223702,0.0,0,0.01,0.01,0.14553121941280875,0.28666893616184336,19.0270981387183,0.01,0.0794388763379223,0.17567024729776265,5.050188927014731,0.01,0.07443638960960682,0.16329805077872214,4.753160006748754,0.01,0.14283105323025452,0.4182698577207362,49.59590844872991,0.01,0.14202307096600722,0.3353823887713636,9.616739195505675,0.01,0.08802102099286009,0.14172839795729505,13.387130453868574
12.51,20.0,22.5823295022363,-2.5823295022362975,-0.010484359018278395,4.042170267439579,0.058024092971348515,0.23454326340393483,0.23454326340393486,-1.3521045655622899,1.5866478289662247,0.0,0,0.01,0.01,0.14552871697565176,0.2866663357639549,19.025355758406352,0.01,0.07943630046373154,0.17566764689987419,5.051220241310117,0.01,0.07443382971545892,0.1632954503808337,4.754080979185709,0.01,0.14283332350214561,0.4182722714797733,49.600661962526466,0.01,0.14202551530308746,0.33538480253040065,9.616331910380927,0.01,0.08802248488383706,0.14172984739424443,13.385901363418476
12.52,20.0,22.576338545952893,-2.5763385459528947,-0.01042172566628697,3.9802078764683295,0.058016969243242816,0.23091959795077588,0.23091959795077588,-1.3489677081876372,1.579887306138413,0.0,0,0.01,0.01,0.14552631125667764,0.28666380724934054,19.02269937221823,0.01,0.07943382759630183,0.1756651183852598,5.051435075920623,0.01,0.07443136869308005,0.1632929218662193,4.754236209676448,0.01,0.14283549034760645,0.41827461816970773,49.606620468408735,0.01,0.14202781992180155,0.3353871492203351,9.616892281710152,0.01,0.08802388242048181,0.14173125680817023,13.386911337980477
12.530000000000001,20.0,22.570250016680575,-2.5702500166805766,-0.01082132123641213,3.9193891871409297,0.05800972932924568,0.22736270588201757,0.22736270588201757,-1.3457797617154572,1.5731424675974748,0.0,0,0.01,0.01,0.14552389492650808,0.28666123756115747,19.01900216562532,0.01,0.0794313475278698,0.17566254869707676,5.050834052550282,0.01,0.07442889673280956,0.16329035217803625,4.753626565441156,0.01,0.14283764964752008,0.4182770027238078,49.61408429259137,0.01,0.14203008388426797,0.33538953377443514,9.61849861408408,0.01,0.08802527542715442,0.14173268921706472,13.390262112499881
12.540000000000001,20.0,22.563808152970005,-2.563808152970005,-0.011651294757342782,3.8620477263372903,0.05800206908300215,0.22400675902486689,0.22400675902486689,-1.3424068097640307,1.5664135687888976,0.0,0,0.01,0.01,0.14552136417679237,0.28665851875516185,19.014189771392758,0.01,0.07942875349830018,0.17565982989108114,5.049455971313655,0.01,0.07442630763069283,0.16328763337204064,4.752288832237696,0.01,0.1428398948825881,0.4182795252698699,49.62327429194113,0.01,0.14203240512500093,0.3353920563204973,9.62118042281768,0.01,0.08802672421765267,0.14173420479684495,13.395942731309336
12.55,20.0,22.55678113563754,-2.556781135637541,-0.012860111142537538,3.810310669571813,0.05799371279934635,0.2209740626474328,0.2209740626474328,-1.3387274720926445,1.5597015347400773,0.0,0,0.01,0.01,0.14551862352495679,0.2866555529933947,19.00824363639411,0.01,0.07942594713081366,0.17565686412931397,5.0473760729885235,0.01,0.07442350370340545,0.16328466761027347,4.750293946975815,0.01,0.14284231283763457,0.4182822764963409,49.634320652164064,0.01,0.14203487609322046,0.33539480754696827,9.624914748252204,0.01,0.08802828482310934,0.14173585809775172,13.403828499048597
12.56,20.0,22.548971554990622,-2.548971554990622,-0.014379377388313994,3.766002847540667,0.057984425660813216,0.2183695121516327,0.2183695121516327,-1.3346383852279815,1.5530078973796142,0.0,0,0.01,0.01,0.14551559016026505,0.28665225696194047,19.00120063740269,0.01,0.07942284291326734,0.17565356809785976,5.04470163165936,0.01,0.0744204002343376,0.16328137157881925,4.747742830080184,0.01,0.1428449796216425,0.4182853335525244,49.647258883108,0.01,0.14203757954058477,0.33539786460315174,9.629627599777024,0.01,0.08803000642555912,0.14173769558183333,13.413689627604915
12.57,20.0,22.540225045322344,-2.5402250453223445,-0.016127404151742842,3.7305670201015246,0.057974024005786544,0.21627598197856135,0.21627598197856135,-1.3300587234749128,1.5463347054534742,0.0,0,0.01,0.01,0.14551219760667353,0.2866485655151341,18.9931500148012,0.01,0.07941937198613788,0.17564987665105342,5.041566033817095,0.01,0.07441692922134469,0.1632776801320129,4.744760816845937,0.01,0.14284795725133917,0.4182887566686262,49.66203095176581,0.01,0.14204058477885598,0.3354012877192536,9.635198689192135,0.01,0.08803192915523192,0.14173975359137161,13.425205516151824
12.58,20.0,22.530436719476388,-2.530436719476387,-0.018013315315371654,3.705003706504224,0.05796238298285289,0.21475084378928733,0.21475084378928733,-1.3249335680468122,1.5396844118360995,0.0,0,0.01,0.01,0.14550839854253356,0.2866444343911803,18.98422790276424,0.01,0.07941548507064432,0.1756457455270996,5.038121739100751,0.01,0.07441304226239369,0.16327354900805913,4.741491046730253,0.01,0.14285129096234567,0.4182925866420789,49.67849097530898,0.01,0.14204394461839626,0.3354051176927063,9.641468611492938,0.01,0.08803408235522746,0.1417420568343413,13.437983223500767
12.59,20.0,22.51955514886983,-2.519555148869833,-0.01994149992161111,3.689832865286023,0.057949441289573564,0.21382375299523138,0.21382375299523138,-1.319235991000634,1.5330597439958653,0.0,0,0.01,0.01,0.14550416666174365,0.28663984189167824,18.97460981182981,0.01,0.07941115441640437,0.17564115302759756,5.034532526489949,0.01,0.07440871246074975,0.16326895650855705,4.738087188485185,0.01,0.14285500736858026,0.41829684329198236,49.69641486205454,0.01,0.14204769313963453,0.3354093743426097,9.648247824492081,0.01,0.08803648338936647,0.14174461744656314,13.451578818849313
12.6,20.0,22.507583754851794,-2.5075837548517934,-0.021816191678444962,3.6850786712916492,0.05793520283664566,0.21349578029027838,0.21349578029027838,-1.3129677837505838,1.5264635640408621,0.0,0,0.01,0.01,0.14549949750883245,0.286634789468417,18.964501493640725,0.01,0.0794063746970233,0.17563610060433626,5.030965441381139,0.01,0.07440393528024146,0.16326390408529576,4.734705890094341,0.01,0.14285911354624115,0.4183015249351906,49.7155131629868,0.01,0.14205184440030708,0.33541405598581797,9.655326792762645,0.01,0.08803913704099615,0.1417474346619937,13.465520273543172
12.61,20.0,22.494579600239206,-2.4945796002392058,-0.023545961702093436,3.690277581707446,0.0579197353239407,0.21373990080436722,0.21373990080436722,-1.306158824317742,1.5198987251221092,0.0,0,0.01,0.01,0.14549440827005602,0.2866293012127354,18.954128665276723,0.01,0.07940116283296166,0.1756306123486547,5.0275828465893095,0.01,0.07439872833188999,0.1632584158296142,4.731499330436179,0.01,0.14286359707113197,0.4183066088879013,49.735446328775424,0.01,0.14205639213075913,0.3354191399385286,9.662486668630324,0.01,0.08804203552088075,0.14175049509383064,13.479330615599682
12.620000000000001,20.0,22.480649689911484,-2.480649689911486,-0.025047919793300386,3.7045088554338546,0.05790316585690692,0.2145027906745669,0.2145027906745669,-1.2988651403259537,1.5133679310005206,0.0,0,0.01,0.01,0.14548893655164852,0.2866234222934415,18.943726093043225,0.01,0.0793955567715935,0.17562473342936083,5.024534946997103,0.01,0.07439313012345562,0.16325253691032032,4.7286082182116616,0.01,0.1428684269896706,0.4183120529479729,49.75584155919361,0.01,0.1420613104173799,0.33542458399860026,9.669509923598854,0.01,0.08804515907232238,0.1417537736010607,13.492550211579657
12.63,20.0,22.465945001453576,-2.465945001453576,-0.02625143751087011,3.726445723859257,0.057885673864493406,0.215707821845053,0.215707821845053,-1.2911657834538377,1.5068736052988907,0.0,0,0.01,0.01,0.1454831382226978,0.28661721643662835,18.933526536245548,0.01,0.07938961330228464,0.17561852757254764,5.0219531090857465,0.01,0.07438719785100587,0.16324633105350714,4.726155538222803,0.01,0.14287355565748303,0.4183177977679099,49.77631046586327,0.01,0.14206655532275367,0.3354303288185373,9.676190417538312,0.01,0.08804847713291714,0.1417572346888561,13.504757232082765
12.64,20.0,22.450652566532945,-2.450652566532946,-0.02710123160392409,3.7544245360866886,0.0578674816978998,0.2172590931281424,0.2172590931281424,-1.2831586832534791,1.5004177763816215,0.0,0,0.01,0.01,0.14547708444177856,0.28661076258282836,18.923750034731917,0.01,0.0793834050275331,0.17561207371874762,5.019944239166206,0.01,0.07438100435441722,0.16323987719970712,4.724241291429145,0.01,0.14287892133770003,0.4183237699885163,49.79646682387852,0.01,0.14207206734347907,0.3354363010391437,9.68234248700046,0.01,0.0880519499863247,0.1417608343678702,13.515585564657375
12.65,20.0,22.434986007109725,-2.434986007109726,-0.027559677866918292,3.786528445735981,0.057848843388560715,0.21904629104371098,0.21904629104371098,-1.2749556919216432,1.4940019829653541,0.0,0,0.01,0.01,0.1454708580217836,0.2866041508921623,18.914593992661562,0.01,0.0793770166479431,0.17560546202808158,5.01858642254768,0.01,0.07437463439503514,0.16323326550904108,4.722938417771607,0.01,0.1428844514161825,0.41832988597036835,49.815943748025454,0.01,0.14207777456577497,0.33544241702099575,9.687808733530401,0.01,0.08805553081536814,0.14176452237788498,13.524739633972647
12.66,20.0,22.41917499451669,-2.419174994516692,-0.027608261948565693,3.8206815960267404,0.05783003212006948,0.22095013941878472,0.22095013941878472,-1.2666770650869612,1.487627204505746,0.0,0,0.01,0.01,0.14546454931498276,0.2865974782951147,18.906224467477614,0.01,0.07937054074758897,0.17559878943103405,5.017925963982171,0.01,0.07436818044209877,0.16322659291199354,4.72229003300069,0.01,0.1428900660645413,0.41833605593578194,49.8344096840475,0.01,0.1420835963472564,0.3354485869864093,9.692466285343336,0.01,0.08805916805064065,0.1417682446661506,13.53200575545088
12.67,20.0,22.403454141459516,-2.4034541414595174,-0.027248113702971186,3.854749319819344,0.057811327019286235,0.22284817350544728,0.22284817350544728,-1.2584456456748638,1.481293819180311,0.0,0,0.01,0.01,0.1454582518191733,0.28659084380428207,18.898769019233253,0.01,0.07936407328606467,0.1755921549402014,5.017975909990907,0.01,0.07436173817390435,0.16321995842116088,4.722308054974754,0.01,0.14289568216497386,0.41834218831875025,49.851582653368254,0.01,0.1420894473320948,0.33545471936937765,9.696231384064008,0.01,0.08806280789723346,0.1417719460007387,13.53725978159269
12.68,20.0,22.38805185545724,-2.3880518554572387,-0.02649961379734773,3.8866396238083767,0.057792999894645,0.2246205633692806,0.2246205633692806,-1.2503810275826561,1.4750015909519367,0.0,0,0.01,0.01,0.145452057715198,0.28658434381019415,18.892311411004624,0.01,0.07935770901349605,0.17558565494611347,5.018716076458778,0.01,0.07435540190933171,0.16321345842707297,4.722973241433504,0.01,0.1429012173039635,0.41834819411484836,49.8672422345362,0.01,0.14209524159674666,0.33546072516547576,9.699062210494493,0.01,0.08806639691654357,0.141775572594682,13.540470902832785
12.69,20.0,22.37317967646166,-2.3731796764616626,-0.02540110381341943,3.9144011885157863,0.05777530254370296,0.22615571294393,0.22615571294393,-1.2425939728700937,1.4687496858140237,0.0,0,0.01,0.01,0.1454460535458107,0.28657806758182847,18.886888376988242,0.01,0.07935153702471218,0.17557937871774773,5.020094550621034,0.01,0.07434926018499528,0.16320718219870722,4.724236610357758,0.01,0.14290659364453703,0.41835399102732684,49.88123881473521,0.01,0.14210089672431223,0.3354665220779542,9.700959912067667,0.01,0.08806988454042232,0.14177907461781153,13.54170154944215
12.700000000000001,20.0,22.359022591646315,-2.3590225916463177,-0.024006772207723806,3.9363132981822493,0.057758455217455894,0.22735537535493555,0.22735537535493555,-1.2351813405947376,1.4625367159496732,0.0,0,0.01,0.01,0.14544031623597098,0.28657209317983345,18.882488590856113,0.01,0.07934563665874823,0.17557340431575277,5.022030584268182,0.01,0.07434339168302626,0.16320120779671227,4.726022164957786,0.01,0.14291174149834424,0.41835950721913906,49.893499710005585,0.01,0.1421063376164701,0.33547203826976646,9.701967835392958,0.01,0.08807322540095375,0.14178240847999424,13.5411034222739
12.71,20.0,22.345730767970085,-2.345730767970085,-0.022383826375835154,3.950963517194373,0.057742636767324565,0.22813905125430578,0.22813905125430578,-1.2282217579923937,1.4563608092466995,0.0,0,0.01,0.01,0.14543490963566852,0.2865664839683283,18.879053874495096,0.01,0.07934007393043555,0.1755677951042476,5.024418744388286,0.01,0.0743378616948935,0.1631955985852071,4.728230797634514,0.01,0.14291660243821386,0.4183646845026339,49.904031842041164,0.01,0.14211149987145422,0.33547721555326127,9.702169006540153,0.01,0.0880763813704301,0.1417855387816221,13.538909770874819
12.72,20.0,22.333413070481555,-2.333413070481554,-0.02060909386946283,3.9573095403115506,0.057727976914725664,0.22844747378752883,0.22844747378752883,-1.2217722266692088,1.4502197004567376,0.0,0,0.01,0.01,0.14542988173921967,0.2865612858804614,18.876482588281885,0.01,0.07933489865298482,0.17556259701638072,5.027134138635691,0.01,0.07433271927869088,0.1631904004973402,4.73074520130591,0.01,0.14292113181771235,0.4183694808279497,49.91292077861381,0.01,0.1421163325830228,0.33548201187857707,9.70168194540291,0.01,0.08807932322194818,0.1417884398442029,13.535424149212709
12.73,20.0,22.322132644831182,-2.322132644831181,-0.018765221853242642,3.954722437411391,0.05771455097676749,0.2282450297129459,0.2282450297129459,-1.2158658096104458,1.4441108393233917,0.0,0,0.01,0.01,0.1454252627009345,0.28655652555512806,18.87463504242678,0.01,0.0793301423755333,0.17555783669104735,5.030038486840736,0.01,0.07432799523230293,0.16318564017200682,4.733435572904261,0.01,0.142925300595069,0.41837387196631537,49.92032609481098,0.01,0.1421208004470177,0.33548640301694277,9.700654952303127,0.01,0.08808203184061233,0.14179109675494284,13.531006015235393
12.74,20.0,22.311904740388705,-2.3119047403887065,-0.016936661726006257,3.943009451463492,0.057702377259953766,0.22752101890790977,0.22752101890790977,-1.2105104913674296,1.4380315102753394,0.0,0,0.01,0.01,0.14542106372773075,0.28655220941917625,18.87334066941376,0.01,0.07932581721928379,0.17555352055509557,5.032986768514784,0.01,0.07432370096448984,0.16318132403605506,4.736165855023767,0.01,0.1429290963930641,0.41837785232382985,49.926473189351434,0.01,0.14212488509713125,0.3354903833744572,9.699259066064592,0.01,0.08808449893762212,0.14179350588328954,13.526053696722986
12.75,20.0,22.302696840728416,-2.3026968407284154,-0.01520563441438888,3.9224155413507176,0.05769141720285663,0.22628971143903298,0.22628971143903298,-1.2056892463794693,1.4319789578185023,0.0,0,0.01,0.01,0.1454172768865559,0.28654832374318634,18.872406606411552,0.01,0.07932191565205723,0.1755496348791056,5.035834142814792,0.01,0.07431982830215463,0.1631774383600651,4.738800230184786,0.01,0.14293252376253102,0.41838143486302204,49.93164188428714,0.01,0.14212858562819045,0.33549396591364944,9.697679960678151,0.01,0.08808672724346524,0.14179567485333844,13.520985412909983
12.76,20.0,22.29443105651544,-2.2944310565154407,-0.013648270602026936,3.8936039312718735,0.057681578215133256,0.2245892197004089,0.2245892197004089,-1.201361291886196,1.425950511586605,0.0,0,0.01,0.01,0.14541387582043258,0.28654483565178906,18.871627260227886,0.01,0.07931841119592707,0.17554614678770833,5.038442815340353,0.01,0.07431635022698882,0.16317395026866782,4.741209561589751,0.01,0.14293560365349917,0.4183846501516648,49.93615233276022,0.01,0.1421319183021098,0.3354971812022922,9.696109117000429,0.01,0.08808873018093205,0.1417976219824699,13.516219200129127
12.77,20.0,22.286988627644327,-2.2869886276443276,-0.012331109072408043,3.857616974264299,0.057672719030846774,0.2224792598853702,0.2224792598853702,-1.1974644452418037,1.419943705127174,0.0,0,0.01,0.01,0.14541081732371558,0.2865416950238753,18.870794372370533,0.01,0.07931526001829406,0.17554300615979457,5.040688519161707,0.01,0.07431322249053453,0.16317080964075406,4.743277467879432,0.01,0.14293837213329266,0.4183875445989912,49.940348939529045,0.01,0.14213491546732263,0.3355000756496186,9.694734669073862,0.01,0.08809053104262786,0.14179937522222494,13.512152719178713
12.780000000000001,20.0,22.28021628232377,-2.2802162823237713,-0.01130811599860138,3.815819598578072,0.05766465727544568,0.22003792937693323,0.22003792937693323,-1.1939184535240317,1.413956382900965,0.0,0,0.01,0.01,0.14540804368685803,0.2865388371762364,18.869707073254208,0.01,0.0793124033154495,0.1755401483121557,5.042466288378685,0.01,0.0743103860156058,0.16316795179311522,4.744905729975387,0.01,0.14294087842380843,0.4183901779767681,49.94458314390308,0.01,0.1421376237558345,0.33550270902739543,9.693732372343645,0.01,0.08809216172006058,0.14180097066093444,13.509144000513599
12.790000000000001,20.0,22.273934115648153,-2.273934115648153,-0.010618359567471123,3.7698284280773504,0.05765717884397887,0.21735767188877153,0.21735767188877153,-1.1906291187445732,1.4079867906333448,0.0,0,0.01,0.01,0.1454054856856072,0.2865361861882695,18.86818141613298,0.01,0.07930977036135946,0.17553749732418877,5.043695233122788,0.01,0.07430776995597206,0.1631653008051483,4.746018757294512,0.01,0.14294318235955655,0.4183926203548927,49.94919600599175,0.01,0.14214010165208327,0.33550515140552006,9.693257164446075,0.01,0.08809366105129038,0.14180245066777628,13.5074941899361
12.8,20.0,22.267944583213804,-2.267944583213804,-0.010284439447812568,3.72143030792846,0.057650048608193435,0.21454063814407998,0.21454063814407998,-1.1874930068955418,1.4020336450396218,0.0,0,0.01,0.01,0.14540306606080555,0.2865336586971268,18.866058913633925,0.01,0.07930728206481953,0.17553496983304612,5.044322074926821,0.01,0.07430529525695537,0.1631627733140056,4.746566887898755,0.01,0.1429453513927854,0.4183949486067896,49.95450156156305,0.01,0.14214241655367238,0.335507479657417,9.693435780779028,0.01,0.08809507287072792,0.14180386177376353,13.507433281155706
12.81,20.0,22.262042159623995,-2.2620421596239972,-0.01031173135656208,3.672494394613592,0.05764302191577924,0.2116936748742877,0.2116936748742877,-1.1844025051308567,1.3960961800051443,0.0,0,0.01,0.01,0.1454007033142107,0.28653116797339906,18.863213661080557,0.01,0.07930485485665478,0.17553247910931835,5.044323268329056,0.01,0.07430287853848533,0.16316028259027784,4.746528360424376,0.01,0.14294745729117922,0.4183972426577379,49.960771862399184,0.01,0.14214464146498443,0.3355097737083653,9.69436084289163,0.01,0.08809644385727719,0.1418052523959311,13.509109660265578
12.82,20.0,22.25602318913194,-2.2560231891319407,-0.010688465628900235,3.624882170131157,0.05763585631835229,0.2089231879286364,0.2089231879286364,-1.1812509795508537,1.39017416747949,0.0,0,0.01,0.01,0.14539831563389177,0.2865286280778748,18.859557716293676,0.01,0.0793024047162037,0.17552993921379412,5.043705614287307,0.01,0.07430043611010943,0.16315774269475364,4.745909870581488,0.01,0.14294957268636757,0.41839958165853375,49.968224499882396,0.01,0.14214685147992145,0.33551211270916115,9.696086757565467,0.01,0.08809782128510472,0.14180667051625262,13.512584050075725
12.83,20.0,22.249695456721348,-2.249695456721348,-0.011386617588535528,3.5803597146804362,0.057628322966369314,0.20633012597338207,0.20633012597338207,-1.1779377866083536,1.3842679125817356,0.0,0,0.01,0.01,0.14539582476022278,0.28652595790034296,18.85504450869376,0.01,0.07929985114337829,0.17552726903626223,5.042505357113077,0.01,0.07429788792489071,0.16315507251722172,4.74474570596849,0.01,0.1429517676371455,0.41840204026724737,49.97701323133637,0.01,0.14214912021883067,0.33551457131787477,9.698627653664547,0.01,0.08809925078451725,0.14180816142648572,13.517828150953763
12.84,20.0,22.242887031843217,-2.242887031843218,-0.012363548844546723,3.5405163344252424,0.05762021713801807,0.20400531997028226,0.20400531997028226,-1.1743729036784116,1.378378223648694,0.0,0,0.01,0.01,0.14539315961019922,0.28652308489147565,18.84967016292272,0.01,0.07929712088907065,0.17552439602739497,5.040785842607429,0.01,0.0742951612859542,0.16315219950835447,4.743095533486436,0.01,0.14295410636941483,0.4184046852133672,49.98722211039533,0.01,0.1421515163864185,0.33551721626399456,9.701957451689646,0.01,0.08810077421857553,0.14180976564441633,13.52472795905639
12.85,20.0,22.235453981858274,-2.235453981858274,-0.013564304327187781,3.506693216293413,0.057611367422813586,0.2020253913229677,0.2020253913229677,-1.1704809678073342,1.372506359130302,0.0,0,0.01,0.01,0.1453902594931715,0.28651994831773203,18.84347273562987,0.01,0.07929415127203321,0.1755212594536513,5.038633893874695,0.01,0.07429219413509335,0.1631490629346108,4.741040987243,0.01,0.14295664434526678,0.41840757230188896,49.998863287558805,0.01,0.14215410061164438,0.3355201033525163,9.70601202055403,0.01,0.0881024277742172,0.14181151709632955,13.533091435260475
12.86,20.0,22.227286615035304,-2.2272866150353035,-0.014924441436914944,3.479925203017486,0.05760164315557371,0.20044940975230063,0.20044940975230063,-1.1662045445389646,1.3666539542912652,0.0,0,0.01,0.01,0.1453870767741145,0.286516501895707,18.83652947051412,0.01,0.07929089293360138,0.1755178130316263,5.036155127013059,0.01,0.07428893777630587,0.1631456165125858,4.738681266138162,0.01,0.14295942579657905,0.41841074399089495,50.01187841945288,0.01,0.14215692271703786,0.3355232750415223,9.710693241630542,0.01,0.08810424035510867,0.14181344164569365,13.542659930885495
12.870000000000001,20.0,22.21831399004465,-2.2183139900446496,-0.01637324618679646,3.4608980857685174,0.05759095978821794,0.19931644248861513,0.19931644248861513,-1.1615064890799554,1.3608229315685705,0.0,0,0.01,0.01,0.145383578869873,0.2865127156948857,18.828952270384484,0.01,0.07928731191140319,0.175514026830805,5.03346847741478,0.01,0.07428535891702674,0.1631418303117645,4.736127995380377,0.01,0.14296248183467536,0.4184142276462074,50.02614342546496,0.01,0.14216001954382976,0.3355267586968348,9.7158746853344,0.01,0.08810623234774519,0.1418155560298846,13.55312257479504
12.88,20.0,22.20850651610352,-2.2085065161035207,-0.0178371772784404,3.4499230369586824,0.057579281990481505,0.19864409139050232,0.19864409139050232,-1.1563713077326683,1.3550153991231706,0.0,0,0.01,0.01,0.1453797494978238,0.2865085772345706,18.82088166101446,0.01,0.07928339094788328,0.17550988837048995,5.030700236370981,0.01,0.07428144094453495,0.16313769185144944,4.7334996328921655,0.01,0.14296582921814788,0.41841803454240156,50.041476173125886,0.01,0.14216341343148634,0.33553056559302896,9.721408520714652,0.01,0.08810841481327454,0.14181786724627113,13.564132703175796
12.89,20.0,22.197876560888393,-2.1978765608883926,-0.019243372858723583,3.446928989165326,0.057566624380966526,0.19842806638714494,0.19842806638714494,-1.1508054761973625,1.3492335425845075,0.0,0,0.01,0.01,0.14537558913330906,0.28650409173999947,18.812479578421264,0.01,0.07927912998726408,0.17550540287591873,5.027977907112704,0.01,0.0742771843927357,0.16313320635687822,4.730915710092072,0.01,0.14296946982743616,0.4184221596426062,50.05764656460353,0.01,0.1421671114170056,0.3355346906932336,9.727133229701614,0.01,0.08811078913612598,0.141820372407164,13.575325372388482
12.9,20.0,22.18647707763716,-2.18647707763716,-0.020523056099612927,3.451472942230932,0.05755304990180805,0.19864279447895705,0.19864279447895705,-1.1448367207245636,1.3434795152035206,0.0,0,0.01,0.01,0.14537111467020164,0.286499281562486,18.80392134806339,0.01,0.07927454585361378,0.17550059269840526,5.025424180900225,0.01,0.07427260659341087,0.16312839617936475,4.728491188280051,0.01,0.14297339085907027,0.41842658215195455,50.074388435087364,0.01,0.14217110518249082,0.3355391132025819,9.732881685355819,0.01,0.08811334713792963,0.1418230590610178,13.586335026280995
12.91,20.0,22.174398354299342,-2.1743983542993424,-0.02161468428922903,3.4627673809632182,0.05753866595866556,0.19924301562580582,0.19924301562580582,-1.1385123159740917,1.3377553315998976,0.0,0,0.01,0.01,0.14536635831628353,0.2864941848070287,18.795387242785456,0.01,0.07926967114114515,0.17549549594294803,5.023151310456052,0.01,0.0742677405442605,0.16312329942390752,4.726331189874462,0.01,0.14297756571665432,0.41843126680309634,50.09141265191643,0.01,0.14217537174125713,0.3355437978537237,9.738489173351345,0.01,0.0881160716426045,0.1418259059558327,13.596812476000153
12.92,20.0,22.161763072250597,-2.161763072250598,-0.0224667011699383,3.479723239042552,0.05752361854820185,0.20016627225599715,0.20016627225599715,-1.13189649776403,1.3320627700200272,0.0,0,0.01,0.01,0.1453613657900812,0.28648885324657447,18.787054007805192,0.01,0.0792645523839982,0.17549016438249376,5.021256123402046,0.01,0.0742626330619125,0.16311796786345323,4.7245263313146175,0.01,0.14298195554172596,0.4184361657985465,50.108420810805214,0.01,0.14217987481540278,0.3355486968491739,9.743800980225936,0.01,0.08811893745705024,0.14182888420084605,13.606440472437685
12.93,20.0,22.14871993647996,-2.1487199364799614,-0.023039772996257982,3.5010061766860074,0.05750808468359405,0.20133615968664476,0.20133615968664476,-1.1250671278445623,1.326403287531207,0.0,0,0.01,0.01,0.14535619391690996,0.28648334963352956,18.779086728004213,0.01,0.07925924760498629,0.17548466076944885,5.019815876310941,0.01,0.07425734232000107,0.16311246425040835,4.723148845076825,0.01,0.14298651129741602,0.4184412213053351,50.125118951292144,0.01,0.1421845668236701,0.33555375235596246,9.748679231254965,0.01,0.0881219127126632,0.14183195876511556,13.614947287568612
12.94,20.0,22.135436200300784,-2.1354362003007847,-0.02330841426478395,3.525103373972728,0.05749226350142708,0.20266617204620974,0.20266617204620974,-1.1181117798457745,1.3207779518919842,0.0,0,0.01,0.01,0.14535090774785123,0.28647774454491703,18.771631387242525,0.01,0.07925382336976486,0.17547905568083633,5.018885103671816,0.01,0.07425193489908066,0.16310685916179582,4.722249635006424,0.01,0.14299117629289476,0.4184463683736935,50.14123074912456,0.01,0.14218939136952732,0.3355588994243208,9.7530087260977,0.01,0.08812496049681606,0.14183509023719448,13.62211785687942
12.950000000000001,20.0,22.122089453122044,-2.122089453122044,-0.0232619382217372,3.550397599884655,0.057476366487691236,0.2040639536279898,0.2040639536279898,-1.1111234393647655,1.3151873929927553,0.0,0,0.01,0.01,0.14534557734518855,0.2864721129167592,18.764808432813776,0.01,0.07924835149351772,0.17547342405267854,5.018493568105382,0.01,0.07424648249547268,0.16310122753363804,4.72185636438058,0.01,0.14299588901805488,0.41845153813431013,50.156509683331414,0.01,0.1421942860972482,0.33556406918493753,9.756701584358138,0.01,0.08812804069118253,0.14183823675932086,13.62780215847037
12.96,20.0,22.108859067881056,-2.108859067881056,-0.022904698898341787,3.575245017711914,0.05746060729441013,0.20543574994404068,0.20543574994404068,-1.1041960258518908,1.3096317757959315,0.0,0,0.01,0.01,0.14534027439071134,0.28646653043508985,18.758707612047772,0.01,0.0792429055607544,0.17546784157100914,5.018645370317278,0.01,0.07424105844935419,0.16309564505196864,4.721972631325294,0.01,0.1430005861464315,0.418456661118645,50.170749718488125,0.01,0.1421991857693238,0.3355691921692724,9.759700571602794,0.01,0.088131111925827,0.14184135604284043,13.631920613700167
12.97,20.0,22.09591771432534,-2.0959177143253402,-0.02225562427100625,3.5980530454344195,0.05744519163034838,0.2066908466911388,0.2066908466911388,-1.0974199489755332,1.304110795666672,0.0,0,0.01,0.01,0.14533506877880134,0.2864610699550158,18.75338429304112,0.01,0.0792375574246876,0.17546238109093507,5.019319230522168,0.01,0.0742357342580177,0.16309018457189456,4.722578242532462,0.01,0.1430052055602388,0.41846167054418293,50.183794090812725,0.01,0.14220402541219337,0.3355742015948103,9.761981027676196,0.01,0.08813413355454572,0.1418444073691922,13.63446638916555
12.98,20.0,22.08342333514515,-2.0834233351451505,-0.021347072818213717,3.617354614852733,0.057430307698855945,0.20774578858686898,0.20774578858686898,-1.090877907334925,1.298623695921794,0.0,0,0.01,0.01,0.14533002535420617,0.28645579811533806,18.748857418637016,0.01,0.07923237385076533,0.17545710925125735,5.020469907761803,0.01,0.07423057623811564,0.16308491273221684,4.7236305536902705,0.01,0.1430096892544364,0.4184665054112674,50.1955418431218,0.01,0.14220874337888018,0.3355790364618948,9.763551364084835,0.01,0.08813706755805399,0.14184735348281577,13.635504567313923
12.99,20.0,22.071511954505592,-2.0715119545055916,-0.02022307682494143,3.63187536878334,0.05741611762371923,0.2085281833687529,0.2085281833687529,-1.0846411230163666,1.2931693063851195,0.0,0,0.01,0.01,0.14532520094505724,0.28645077230462745,18.745109173074553,0.01,0.07922741345944988,0.17545208344054675,5.022030680247329,0.01,0.0742256424910401,0.16307988692150624,4.725066804419598,0.01,0.14301398598641415,0.41847111326992,50.20595182423315,0.01,0.14221328418604579,0.3355836443205473,9.764452138726812,0.01,0.08813988028706174,0.14185016228868413,13.63516823986901
13.0,20.0,22.0602916441297,-2.0602916441296983,-0.018937063848989064,3.6405906966665493,0.05740275025140038,0.20897991852832165,0.20897991852832165,-1.078766182241716,1.2877461007700377,0.0,0,0.01,0.01,0.1453206418254964,0.28644603811588665,18.742086365891872,0.01,0.07922272410679211,0.17544734925180594,5.023916768439208,0.01,0.07422098030890395,0.16307515273276543,4.726807336582671,0.01,0.1430180535533964,0.41847545253310947,50.215043955422225,0.01,0.14221760099829112,0.3355879835837368,9.76475375685775,0.01,0.08814254396668343,0.14185280827753305,13.633651670533764
13.01,20.0,22.049837912854954,-2.0498379128549566,-0.017549171465191766,3.6427700215427694,0.057390295647722946,0.20905964851300163,0.20905964851300163,-1.0732926213458276,1.2823522698588292,0.0,0,0.01,0.01,0.1453163817200422,0.2864416274019248,18.73970346010843,0.01,0.07921834081857047,0.1754429385378441,5.026029544242718,0.01,0.07421662413571405,0.1630707420188036,4.728759548751552,0.01,0.14302186060001984,0.4184794942363772,50.22289767314565,0.01,0.1422216576530478,0.3355920252870046,9.764552889881505,0.01,0.08814503789643553,0.14185527361576333,13.631200775688256
13.02,20.0,22.040190714368634,-2.040190714368635,-0.016123288549833394,3.63800639232028,0.057378801522261616,0.20874444672166437,0.20874444672166437,-1.0682413600304357,1.2769858067521,0.0,0,0.01,0.01,0.14531244043462113,0.28643755701351353,18.73784709454277,0.01,0.07921428436587478,0.17543886814943283,5.028261335147477,0.01,0.07421259417038469,0.16306667163039232,4.730822407132496,0.01,0.14302538788259492,0.4184832231713667,50.22964758078154,0.01,0.14222543014383013,0.33559575422199406,9.763967749385674,0.01,0.08814734929560927,0.1418575488537768,13.628101283786593
13.030000000000001,20.0,22.031353188080907,-2.031353188080906,-0.01472396800059135,3.62623017276339,0.05736827171854714,0.2080305578650843,0.2080305578650843,-1.0636140420868634,1.2716445999519477,0.0,0,0.01,0.01,0.14530882316832205,0.28643382826875274,18.736381877381014,0.01,0.07921056053836213,0.17543513940467206,5.030500603461729,0.01,0.07420889566657954,0.16306294288563156,4.7328913062850315,0.01,0.14302862894312232,0.4184866383513449,50.235476478744296,0.01,0.14222890750662587,0.3355991694019723,9.763132402625972,0.01,0.0881494737612876,0.141859633225346,13.624665051721484
13.040000000000001,20.0,22.023292163739818,-2.0232921637398182,-0.013413360261750907,3.607706413827708,0.057358666807413396,0.20693323012971176,0.20693323012971176,-1.0593932996118016,1.2663265297415134,0.0,0,0.01,0.01,0.14530552052689358,0.2864304271664999,18.735157163969017,0.01,0.07920716013753269,0.1754317383024192,5.032637259795458,0.01,0.07420551895053137,0.1630595417833787,4.7348630533099305,0.01,0.14303159017398853,0.4184897527987939,50.240606083781095,0.01,0.14223209208252388,0.33560228384942126,9.762190364860386,0.01,0.08815141532487529,0.14186153453058276,13.621215130450821
13.05,20.0,22.015940375610544,-2.0159403756105445,-0.01224831407009035,3.583016305499329,0.05734990671943428,0.20548565089459858,0.20548565089459858,-1.0555439123488557,1.2610295632434543,0.0,0,0.01,0.01,0.1453025092253843,0.2864273253209665,18.734014480926085,0.01,0.0792040596778991,0.17542863645688578,5.03456785910763,0.01,0.07420244014360454,0.16305643993784527,4.736640739087848,0.01,0.14303429028222922,0.41849259267711525,50.24528588353544,0.01,0.1422349991581082,0.33560512372774265,9.761287749956573,0.01,0.08815318611186772,0.14186326861515483,13.618070270941468
13.06,20.0,22.009200251053176,-2.0092002510531786,-0.01127778059743929,3.553023883341882,0.0573418752555193,0.20373705229847094,0.20373705229847094,-1.052014791383239,1.25575184368171,0.0,0,0.01,0.01,0.14529975343476143,0.28642448156044187,18.732795224978027,0.01,0.07920122275052258,0.17542579269636116,5.036200428785837,0.01,0.07419962254310343,0.16305359617732065,4.738138261439821,0.01,0.1430367591892036,0.418495195818948,50.24978069005364,0.01,0.14223765601262886,0.33560772686957535,9.760566298010177,0.01,0.08815480562786407,0.1418648584776027,13.615529631797457
13.07,20.0,22.00294906515314,-2.002949065153138,-0.01054064020837798,3.5188298706492045,0.057334426227213874,0.20175009162485336,0.20175009162485336,-1.0487416780999403,1.2504917697247937,0.0,0,0.01,0.01,0.1452972066974104,0.28642184410224925,18.73134825116072,0.01,0.07919860197266254,0.17542315523816854,5.037458692920795,0.01,0.07419701858429038,0.16305095871912803,4.739284279081815,0.01,0.14303903642642518,0.41849760973114725,50.25435754316398,0.01,0.14224010042652804,0.3356101407817746,9.760156622161,0.01,0.08815629971073799,0.14186633305394622,13.613858477542374
13.08,20.0,21.997045191262877,-1.9970451912628793,-0.010064048338638764,3.4817151317328645,0.05732739090439008,0.19959764437457994,0.19959764437457994,-1.045650416959714,1.245248061334294,0.0,0,0.01,0.01,0.14529481431055108,0.28641935318998213,18.729536973491577,0.01,0.07919614142070257,0.17542066432590142,5.038285485399699,0.01,0.07419457228022099,0.16304846780686091,4.740025402239764,0.01,0.1430411691101968,0.4184998891798438,50.25927266176687,0.01,0.14224237872871834,0.3356124202304712,9.760172020994784,0.01,0.08815769920369795,0.14186772574340678,13.613275632764084
13.09,20.0,21.991335129829274,-1.9913351298292743,-0.009862369831862524,3.4430766656433867,0.057320586391336914,0.19735917346500798,0.19735917346500798,-1.0426606357844874,1.2400198092494954,0.0,0,0.01,0.01,0.1452925160560429,0.2864169440590443,18.727245630998887,0.01,0.07919377942231443,0.17541825519496354,5.038645186020064,0.01,0.07419222201506681,0.16304605867592303,4.740328465026301,0.01,0.14304320959574812,0.41850209347712886,50.264759140834926,0.01,0.14224454347932303,0.33561462452775626,9.760703184543775,0.01,0.08815903841607432,0.1418690727502954,13.61394337693241
13.1,20.0,21.985660966817587,-1.9856609668175875,-0.009936740993015258,3.404359362539885,0.05731382451527659,0.19511685509154986,0.19511685509154986,-1.0396896509790232,1.234806506070573,0.0,0,0.01,0.01,0.14529024914071448,0.2864145500834059,18.724384421808416,0.01,0.07919145156896193,0.17541586121932518,5.038525066072548,0.01,0.0741899035520189,0.16304366470028467,4.74018177394344,0.01,0.14304521292503733,0.4185042836029785,50.271016042911846,0.01,0.14224665089972804,0.3356168146536058,9.761814079388595,0.01,0.0881603534475596,0.14187041132443504,13.615960329037575
13.11,20.0,21.979867899585035,-1.9798678995850358,-0.01027526730482257,3.3669868677003976,0.05730692079543531,0.19295164974657752,0.19295164974657752,-1.0366564080691005,1.229608057815678,0.0,0,0.01,0.01,0.1452879512038611,0.2864121059508051,18.720893273940195,0.01,0.07918909380194772,0.17541341708672437,5.037935489644654,0.01,0.07418755310925725,0.16304122056768386,4.73959528305537,0.01,0.1430472341906524,0.4185065193015308,50.27819943828256,0.01,0.14224875817215535,0.3356190503521582,9.763539233278557,0.01,0.08816168045691283,0.14187177798562733,13.619357690894434
13.120000000000001,20.0,21.973811472423026,-1.9738114724230256,-0.010853833895882185,3.3322948520723217,0.05729970306619695,0.19093950555276074,0.19093950555276074,-1.0334852702225716,1.2244247757753324,0.0,0,0.01,0.01,0.14528556324812744,0.2864095507154509,18.716744098768547,0.01,0.0791866454245188,0.1754108618513702,5.036908979835904,0.01,0.07418511035706246,0.1630386653323297,4.738599705456051,0.01,0.14304932594090497,0.41850885628958145,50.28641581680145,0.01,0.14225092073604415,0.3356213873402088,9.76588255646289,0.01,0.08816305395760453,0.14187320681659246,13.624099006587135
13.13,20.0,21.96736418545669,-1.9673641854566914,-0.01163747703059737,3.3014697840473084,0.057292019353656805,0.18914787076315154,0.18914787076315154,-1.030109478661068,1.2192573494242196,0.0,0,0.01,0.01,0.14528303235650797,0.28640683058632965,18.71194145618615,0.01,0.07918405189895451,0.17540814172224894,5.035498220538285,0.01,0.07418252119580222,0.16303594520320844,4.737244628192281,0.01,0.14305153574802631,0.41851134370731924,50.29571813906047,0.01,0.14225318970793838,0.33562387475794664,9.76881774225346,0.01,0.08816450522044547,0.141874727903696,13.630083374587805
13.14,20.0,21.960421177593823,-1.9604211775938214,-0.012582239488834777,3.2754959532592327,0.05728374464914634,0.18763267378581405,0.18763267378581405,-1.0264741282451002,1.2141068020309143,0.0,0,0.01,0.01,0.14528031407115508,0.28640390132481747,18.706521643674236,0.01,0.07918126730058166,0.17540521246073676,5.0337731201130556,0.01,0.07417974018774871,0.16303301594169625,4.735595749848712,0.01,0.14305390405239943,0.4185140219273953,50.30610463070307,0.01,0.14225560954513597,0.3356265529780227,9.772290192004613,0.01,0.08816606085703857,0.14187636599600878,13.637151838473713
13.15,20.0,21.952904734472177,-1.952904734472179,-0.01363741182191359,3.255113037661604,0.05727478628326411,0.186435903559935,0.186435903559935,-1.0225385278297539,1.2089744313896889,0.0,0,0.01,0.01,0.14527737432828994,0.2864007301465008,18.70055029957514,0.01,0.07917825631950205,0.17540204128242012,5.0318171093010955,0.01,0.0741767325346685,0.16302984476337962,4.733731402860428,0.01,0.14305646238132713,0.4185169208191748,50.31752026508388,0.01,0.14225821606113184,0.33562945186980214,9.776220318541776,0.01,0.08816774164820901,0.14187813944136837,13.645096501485108
13.16,20.0,21.94476743304212,-1.9447674330421199,-0.01474804590026949,3.240785957326915,0.05726508767623575,0.18558389198623937,0.18558389198623937,-1.0182778467643006,1.20386173875054,0.0,0,0.01,0.01,0.14527419086670165,0.28639729704771183,18.694118679605282,0.01,0.07917499572442184,0.17539860818363115,5.029722879370058,0.01,0.07417347551680485,0.16302641166459064,4.731738553939753,0.01,0.14305923202160556,0.4185200585415293,50.32986073955483,0.01,0.1422610348832746,0.3356325895921567,9.780508005269692,0.01,0.08816956166889597,0.14188005944380466,13.653671774209215
13.17,20.0,21.935993802359945,-1.9359938023599468,-0.01585761737635556,3.232688151100364,0.057254630321255814,0.1850863650351553,0.1850863650351553,-1.0136839844815633,1.1987703495167186,0.0,0,0.01,0.01,0.14527075405386197,0.2863935955059592,18.68733882209554,0.01,0.07917147523008,0.1753949066418785,5.027587786661057,0.01,0.07416995933598716,0.16302271012283798,4.729708494608148,0.01,0.14306222320210266,0.41852344091101096,50.3429786374678,0.01,0.142264080420808,0.3356359719616383,9.785037941822678,0.01,0.08817152774597595,0.14188212967069816,13.662607080934045
13.18,20.0,21.926600451994407,-1.9266004519944062,-0.016910709842426194,3.2306987740734283,0.057243433942847435,0.1849362918629105,0.1849362918629105,-1.0087656377314003,1.1937019295943108,0.0,0,0.01,0.01,0.14526706710221937,0.2863896325337513,18.6803378600287,0.01,0.07916769773901625,0.1753909436696706,5.025509155947114,0.01,0.07416618733478182,0.16301874715063008,4.727732439484649,0.01,0.143065434816852,0.4185270613640575,50.35669138552414,0.01,0.14226735538568705,0.3356395924146849,9.789685524318822,0.01,0.08817363926890778,0.14188434622114707,13.671620319882804
13.19,20.0,21.916634691784775,-1.916634691784774,-0.017855595467248395,3.2344136722557297,0.05723155485823315,0.18511052351792312,0.18511052351792312,-1.0035475778877307,1.1886581014056539,0.0,0,0.01,0.01,0.14526314567738388,0.2863854280958452,18.673251765839623,0.01,0.07916367895836586,0.17538673923176454,5.023579708785359,0.01,0.07416217559342311,0.16301454271272403,4.725897243957646,0.01,0.14306885469226346,0.4185309015034182,50.37079056447749,0.01,0.14227085088064415,0.33564343255404555,9.794322999145892,0.01,0.08817588835581565,0.141886697950016,13.680431389456272
13.200000000000001,20.0,21.906171736276942,-1.9061717362769417,-0.018646594426907775,3.243169371463577,0.05721908265240571,0.1855711763215251,0.1855711763215251,-0.9980691871946901,1.1836403635162152,0.0,0,0.01,0.01,0.14525901692830673,0.28638101392933013,18.666218829028274,0.01,0.07915944642161843,0.17538232506524942,5.0218833258968525,0.01,0.07415795193534,0.16301012854620892,4.724281436749938,0.01,0.14307246037539376,0.4185349321916152,50.38505210625364,0.01,0.14227454704052614,0.3356474632422426,9.798825541159,0.01,0.08817826036053306,0.1418891671257837,13.688775147977394
13.21,20.0,21.89531065098552,-1.8953106509855233,-0.019246107993385976,3.256078743912238,0.05720613535347211,0.18626768134580696,0.18626768134580696,-0.9923823362344347,1.1786500175802417,0.0,0,0.01,0.01,0.14525471799592404,0.28637643183289285,18.65937316738278,0.01,0.07915503797250169,0.17537774296881212,5.020491327080686,0.01,0.07415355439911005,0.1630055464497716,4.722951738929266,0.01,0.1430762203952533,0.4185391151292446,50.399246907163494,0.01,0.1422784141855818,0.3356516461798719,9.803076985457452,0.01,0.08818073469009395,0.14189173038529226,13.696413254191175
13.22,20.0,21.88416925300179,-1.8841692530017895,-0.019626237052282388,3.2720765097508235,0.05719285336076144,0.18713939200737095,0.18713939200737095,-0.9865487138916984,1.1736881058990694,0.0,0,0.01,0.01,0.14525029407992837,0.2863717315149821,18.652838561813628,0.01,0.07915049979215925,0.17537304265090134,5.019459420512279,0.01,0.07414902925845034,0.16300084613186083,4.721960211276278,0.01,0.14308009592714946,0.4185434048343895,50.41315139920746,0.01,0.14228241442071832,0.33565593588501685,9.806974971181749,0.01,0.08818328588793911,0.14189435993545707,13.7031444299807
13.23,20.0,21.87287822312055,-1.8728782231205523,-0.019769918299833975,3.28997231099487,0.057179392431447595,0.18811861785897221,0.18811861785897221,-0.9806367444706388,1.168755362329611,0.0,0,0.01,0.01,0.14524579616238634,0.28636696810942525,18.646722883199892,0.01,0.07914588407056365,0.17536827924534457,5.018825437779541,0.01,0.07414442869138903,0.16299608272630406,4.721342138762771,0.01,0.14308404277215364,0.41854775092228863,50.42655764477917,0.01,0.14228650359411507,0.335660281972916,9.81043530063554,0.01,0.08818588492637566,0.14189702494144926,13.708812783948906
13.24,20.0,21.861574718805834,-1.8615747188058331,-0.01967153352489999,3.308508778630673,0.05716591606991433,0.1891339351557758,0.1891339351557758,-0.9747182434514817,1.1638521786072575,0.0,0,0.01,0.01,0.14524127850106516,0.2863621994806057,18.64111334909705,0.01,0.07914124643783685,0.17536351061652497,5.018607933479263,0.01,0.07413980821425933,0.16299131409748446,4.72111472574241,0.01,0.14308801355071923,0.4185521005723578,50.43928255133533,0.01,0.14229063351301197,0.3356646316229852,9.813395363251644,0.01,0.08818850064307583,0.1418996930332403,13.713313930022235
13.25,20.0,21.850395795707005,-1.8503957957070065,-0.019336972225799616,3.3264218136398007,0.057152587686270524,0.19011361438557173,0.19011361438557173,-0.9688649730044285,1.1589785873900003,0.0,0,0.01,0.01,0.14523679601402897,0.2863574834480498,18.6360728091043,0.01,0.07913664328026733,0.17535879458396905,5.018805690007037,0.01,0.07413522400505403,0.16298659806492855,4.721276639784232,0.01,0.1430919600017483,0.41855640106314473,50.451175841013466,0.01,0.14229475430463034,0.3356689321137721,9.815816518648596,0.01,0.08819110125097195,0.1419023318579909,13.716598724329016
13.26,20.0,21.8394719494101,-1.8394719494100993,-0.01878315328696849,3.3425002290585,0.05713956289547696,0.19098900206643432,0.19098900206643432,-0.9631452604585439,1.1541342625249782,0.0,0,0.01,0.01,0.14523240168001272,0.2863528750619311,18.631637211847096,0.01,0.0791321290689998,0.17535418619785037,5.01939813034431,0.01,0.0741307302436684,0.16298198967880986,4.721808406585328,0.01,0.14309583527616185,0.4185606022549657,50.462126456070145,0.01,0.14229881680629286,0.3356731333055931,9.817685375102029,0.01,0.08819365584894917,0.14190491060474997,13.71867452801534
13.27,20.0,21.828921078619516,-1.8289210786195167,-0.018037036441589466,3.3556419579446866,0.057126982316373295,0.19169769879158638,0.19169769879158638,-0.957620837431099,1.1493185362226854,0.0,0,0.01,0.01,0.14522814407623216,0.28634842405654626,18.62781435439149,0.01,0.0791277538265757,0.17534973519246558,5.020346604856393,0.01,0.07412637659359035,0.16297753867342507,4.722673623987127,0.01,0.14309959611714437,0.4185646589047468,50.472067136234585,0.01,0.14230277487077184,0.33567718995537416,9.81901393913986,0.01,0.08819613586224691,0.14190740143032152,13.719603984970508
13.280000000000001,20.0,21.818843146603967,-1.8188431466039692,-0.017134177660928413,3.3649042206625253,0.05711496520114754,0.1921863874683346,0.1921863874683346,-0.9523440445671955,1.14453043203553,0.0,0,0.01,0.01,0.14522406516684766,0.28634417259852135,18.62458395844032,0.01,0.0791235608479334,0.17534548373444067,5.02159648308022,0.01,0.07412220594088843,0.16297328721540016,4.723820930171201,0.01,0.14310320482731495,0.4185685327076263,50.480976970153,0.01,0.14230658748028346,0.3356810637582537,9.819838649836507,0.01,0.08819851634628163,0.14190978072083146,13.719501384461235
13.290000000000001,20.0,21.809315780725505,-1.8093157807255067,-0.01611690336278313,3.3695453572648213,0.05710360418187904,0.19241318435413857,0.19241318435413857,-0.9473555274585554,1.139768711812694,0.0,0,0.01,0.01,0.14522019844171646,0.28634015343087216,18.621899058181725,0.01,0.07911958477860427,0.17534146456679142,5.023079948684703,0.01,0.07411825249236956,0.16296926804775091,4.72518663037391,0.01,0.14310663093552622,0.41857219397460754,50.48888180122759,0.01,0.1423102205746787,0.33568472502523494,9.82021834849049,0.01,0.08820077709537984,0.14191203013220863,13.71852676237795
13.3,20.0,21.800391002011157,-1.8003910020111566,-0.01503219543321657,3.3690564533580374,0.05709296136383968,0.19234940992416516,0.19234940992416516,-0.942682524251236,1.1350319341754012,0.0,0,0.01,0.01,0.1452165674870255,0.2863363884938437,18.61968862466096,0.01,0.07911585013437003,0.17533769962976298,5.024719366299854,0.01,0.07411454031623758,0.16296550311072247,4.726697858741101,0.01,0.14310985249205432,0.41857562287421873,50.49585245761024,0.01,0.14231364851540895,0.3356881539248461,9.820231272043587,0.01,0.08820290350822044,0.1419141373640603,13.716877981382673
13.31,20.0,21.792093220357074,-1.7920932203570754,-0.013929391667756022,3.3631814005791503,0.05708306592802529,0.19198070561716807,0.19198070561716807,-0.9383378159369771,1.1303185215541451,0.0,0,0.01,0.01,0.14521318504777542,0.2863328880796707,18.617861293433698,0.01,0.07911237032449206,0.17533419921559001,5.026431063602169,0.01,0.07411108238639773,0.1629620026965495,4.728276128146007,0.01,0.14311285693974982,0.41857881018781684,50.50200087492355,0.01,0.14231685512581313,0.33569134123844424,9.81997119645112,0.01,0.08820488717409378,0.14191609663473204,13.714781118795626
13.32,20.0,21.78441856883126,-1.784418568831259,-0.012857813723048287,3.3519246099238313,0.05707391333121048,0.19130745467954424,0.19130745467954424,-0.934319377794916,1.1256268324744603,0.0,0,0.01,0.01,0.14521005261793585,0.2863296505521992,18.616310009248412,0.01,0.07910914721586458,0.1753309616881185,5.028129352405751,0.01,0.07410788016679759,0.16295876516907798,4.72984110244088,0.01,0.14311564152935521,0.4185817575518286,50.50747428382856,0.01,0.1423198342691925,0.3356942886024559,9.819542893761646,0.01,0.08820672615777927,0.14191790884003025,13.712479576540746
13.33,20.0,21.777335585714315,-1.7773355857143163,-0.011864436641656909,3.3355462075227824,0.05706546611433334,0.1903444990781844,0.1903444990781844,-0.9306107365073013,1.1209552355854857,0.0,0,0.01,0.01,0.14520716056858,0.28632666263497575,18.614917356515424,0.01,0.07910617124928299,0.17532797377089504,5.029730599822565,0.01,0.07410492374608073,0.16295577725185453,4.731314413702716,0.01,0.1431182132687086,0.4185844771847283,50.51244773665255,0.01,0.142322589948031,0.33569700823535564,9.819057101658627,0.01,0.08820842497527528,0.1419195813934404,13.710222404481296
13.34,20.0,21.770787188577636,-1.7707871885776372,-0.010991710372727904,3.3145451555132674,0.05705765625306694,0.1891201781185443,0.1891201781185443,-0.9271820037844047,1.116302181902949,0.0,0,0.01,0.01,0.14520448879866224,0.2863239002442836,18.613561310401582,0.01,0.07910342209271229,0.1753252113802029,5.031157156281357,0.01,0.07410219250660753,0.1629530148611624,4.732623343128955,0.01,0.1431205884170234,0.4185869911207797,50.51711534084587,0.01,0.14232513592965085,0.335699522171407,9.818625234076757,0.01,0.088209994267118,0.14192112776092192,13.708252388279776
13.35,20.0,21.76469382400333,-1.7646938240033327,-0.010275634666586625,3.2896313225849143,0.05705038891182854,0.18767474633000225,0.18767474633000225,-0.9239915255540249,1.1116662718840271,0.0,0,0.01,0.01,0.1452020078685635,0.2863213298180184,18.61212112300489,0.01,0.07910086979125755,0.17532264095393768,5.032340952311503,0.01,0.0740996562868347,0.16295044443489717,4.733704189209884,0.01,0.1431227915559688,0.4185893299953781,50.52168064340338,0.01,0.1423274949247069,0.33570186104600547,9.818354082783472,0.01,0.08821145018995266,0.141922566717745,13.706794486957563
13.36,20.0,21.758957622453575,-1.758957622453577,-0.009744174780126723,3.261688048831471,0.05704354739777345,0.18605825681026922,0.18605825681026922,-0.9209880574459878,1.107046314256257,0.0,0,0.01,0.01,0.14519968055426793,0.28631891006848886,18.610483053903813,0.01,0.07909847635066729,0.17532022120440813,5.033226591120603,0.01,0.07409727697333258,0.16294802468536762,4.734505161098669,0.01,0.14312485428805333,0.4185915314471904,50.52634666289193,0.01,0.14232969736443202,0.3357040624978178,9.81834076938707,0.01,0.08821281355975857,0.14192392136766316,13.706045207729742
13.370000000000001,20.0,21.753467342881276,-1.7534673428812777,-0.009416087375168022,3.2317271811328134,0.057036999057629385,0.18432802018478756,0.18432802018478756,-0.9181133537842395,1.102441373969027,0.0,0,0.01,0.01,0.145197463741106,0.2863165940682927,18.608545665248204,0.01,0.07909619767172542,0.17531790520421198,5.03377378886403,0.01,0.07409501043942741,0.16294570868517147,4.73498865864378,0.01,0.1431268136290767,0.41859363821925455,50.53130608800809,0.01,0.1423317798397547,0.3357061692698819,9.818668202222414,0.01,0.08821410879113202,0.141925217975347,13.706163469597408
13.38,20.0,21.74810385800753,-1.748103858007529,-0.009300204831757546,3.200838877779483,0.057030601820026276,0.18254576752870144,0.18254576752870144,-0.9153050396714046,1.097850807200106,0.0,0,0.01,0.01,0.14519531056128152,0.28631433156421626,18.60622442759054,0.01,0.07909398573769326,0.17531564270013555,5.0339590481047924,0.01,0.07409280873246916,0.16294344618109505,4.735132832180573,0.01,0.1431287101745114,0.41859569605401703,50.53673215074982,0.01,0.1423337832796949,0.33570822710464443,9.819401271522882,0.01,0.08821536268582633,0.14192648467097047,13.707263433506219
13.39,20.0,21.742745910218943,-1.7427459102189422,-0.009395203097609337,3.1701386808985843,0.05702421106098956,0.1807746572321679,0.1807746572321679,-0.912499624769581,1.093274282001749,0.0,0,0.01,0.01,0.14519317266954238,0.2863120714052629,18.603455422770903,0.01,0.07909179094672406,0.1753133825411822,5.033776490579455,0.01,0.07409062240170282,0.1629411860221417,4.734932353443474,0.01,0.14313058612905238,0.418597751485396,50.54277063836181,0.01,0.14233575095726705,0.3357102825360234,9.820583979189694,0.01,0.08821660312996772,0.14192775009078779,13.709409667625442
13.4,20.0,21.737275860512668,-1.7372758605126668,-0.009689854397588158,3.140714426536999,0.05701768646136984,0.1790762704369876,0.1790762704369876,-0.9096355134409134,1.088711783877901,0.0,0,0.01,0.01,0.1451910025467577,0.28630976396773,18.600197980915986,0.01,0.07908956447629434,0.1753110751036493,5.033237820223241,0.01,0.0740884028540611,0.1629388785846088,4.73439837098901,0.01,0.14313248329381606,0.4185998496340191,50.54953343410709,0.01,0.14233772641803244,0.3357123806846465,9.822237647960453,0.01,0.0882178577627438,0.14192904201929415,13.712614879277583
13.41,20.0,21.731585158879692,-1.731585158879694,-0.01016374287170054,3.113575506564433,0.057010898532204785,0.177507737277103,0.177507737277103,-0.9066558690335935,1.0841636063106965,0.0,0,0.01,0.01,0.1451887557219413,0.28630736346276525,18.596436147121302,0.01,0.07908726056731491,0.17530867459868454,5.032371433734922,0.01,0.07408610462601645,0.16293647807964404,4.733557667056056,0.01,0.14313444110651213,0.41860203210974645,50.55709387991951,0.01,0.1423397514291042,0.3357145631603738,9.824360292548965,0.01,0.08821915267976103,0.14193038609712696,13.716840291579777
13.42,20.0,21.725579283322524,-1.7255792833225232,-0.010788399651228468,3.089606822160796,0.057003734506545445,0.1761191270200656,0.1761191270200656,-0.9035111999454631,1.0796303269655287,0.0,0,0.01,0.01,0.14518639280926665,0.2863048300197566,18.592178935405755,0.01,0.07908483862155105,0.1753061411556759,5.0312207405026905,0.01,0.0740836874657765,0.16293394463663535,4.73245107437806,0.01,0.14313649482628507,0.4186043351186092,50.56548414183523,0.01,0.14234186404461827,0.33571686616923657,9.826927167083769,0.01,0.08822051123168818,0.14193180465439834,13.721998586025505
13.43,20.0,21.71918192508585,-1.7191819250858493,-0.011528795027700496,3.069529489397155,0.056996103332593896,0.17495121996012442,0.17495121996012442,-0.9001615510056771,1.0751127709658015,0.0,0,0.01,0.01,0.14518388126743204,0.28630213145171923,18.58745938912869,0.01,0.07908226501689303,0.17530344258763852,5.029841793445804,0.01,0.07408111813115856,0.16293124606859805,4.731131248669175,0.01,0.1431386739469463,0.4186067878598061,50.57469464215508,0.01,0.14234409687741514,0.3357193189104335,9.82989243469345,0.01,0.08822195297337372,0.14193331572195284,13.72795918534611
13.44,20.0,21.71233823785379,-1.7123382378537906,-0.012345110027181395,3.0538699912954383,0.056987939550941766,0.1740337584603795,0.1740337584603795,-0.8965782047503934,1.070611963210773,0.0,0,0.01,0.01,0.14518119680372057,0.286299244625791,18.58233252498766,0.01,0.07907951456023275,0.17530055576171027,5.0283003650239735,0.01,0.07407837182379012,0.16292835924266977,4.729659922938032,0.01,0.1431410009103584,0.41860941128303986,50.58467550946893,0.01,0.14234647565611963,0.3357219423336672,9.833191842061375,0.01,0.08822349281063027,0.14193493226354936,13.73455552603296
13.450000000000001,20.0,21.705017016449638,-1.7050170164496372,-0.013194698459229978,3.042939038449295,0.05697920589565422,0.17338424999972646,0.17338424999972646,-0.8927448221872947,1.0661290721870211,0.0,0,0.01,0.01,0.14517832436343167,0.28629615638210315,18.576872288582916,0.01,0.07907657151638785,0.17529746751802247,5.026668626362585,0.01,0.07407543319901387,0.16292527099898196,4.728104791860933,0.01,0.14314349017635591,0.4186122172580655,50.59533989707074,0.01,0.14234901813237794,0.33572474830869287,9.836746229196475,0.01,0.08822514038171868,0.14193666166069394,13.741593876243158
13.46,20.0,21.6972117235118,-1.6972117235118014,-0.014034143719429367,3.036820923855364,0.056969894521994836,0.17300736771422698,0.17300736771422698,-0.8886579803618577,1.0616653480760847,0.0,0,0.01,0.01,0.14517525866608091,0.28629286396663367,18.57116769163153,0.01,0.07907343017270133,0.17529417510255293,5.025021601440132,0.01,0.07407229691205705,0.16292197858351243,4.726536187347541,0.01,0.14314614768758144,0.4186152081878061,50.60656893713483,0.01,0.14235173338538665,0.33572773923843346,9.840465666094227,0.01,0.08822689969876367,0.14193850546936587,13.748863195766745
13.47,20.0,21.68894033812263,-1.6889403381226313,-0.01482131241731082,3.0353736593514085,0.05696002682965642,0.1728949650746886,0.1728949650746886,-0.8843270930995867,1.0572220581742753,0.0,0,0.01,0.01,0.14517200427183521,0.2862893749670702,18.565318332570232,0.01,0.07907009492157023,0.17529068610298948,5.023433572432385,0.01,0.07406896768359608,0.16291848958394897,4.7250237102240815,0.01,0.14314897074791522,0.4186183770748118,50.618218035508946,0.01,0.1423546215509155,0.33573090812543915,9.844253985350523,0.01,0.0882287690614937,0.14194045945480854,13.756145512389887
13.48,20.0,21.680244055829846,-1.680244055829846,-0.01551730920349821,3.0382396827293334,0.05694965191637405,0.17302669236995027,0.17302669236995027,-0.879773730338827,1.0528004227087773,0.0,0,0.01,0.01,0.14516857518400403,0.2862857067641196,18.559429523289044,0.01,0.07906657986612858,0.17528701790003887,5.021974607279572,0.01,0.07406545989072069,0.16291482138099836,4.723632978130984,0.01,0.14315194831283146,0.4186217080292399,50.63012416966351,0.01,0.14235767398084953,0.3357342390798673,9.848013472926302,0.01,0.08823074124247561,0.14194251389749332,13.763226298676381
13.49,20.0,21.671184922413502,-1.671184922413503,-0.016088243727396957,3.044866446787474,0.05693884375978207,0.17337117488303477,0.17337117488303477,-0.8750303791740482,1.048401554057083,0.0,0,0.01,0.01,0.14516499401500665,0.2862818855330289,18.553607254763794,0.01,0.07906290797655234,0.1752831966689482,5.020707367637486,0.01,0.07406179671141151,0.1629110001499077,4.72242263755319,0.01,0.14315506167009653,0.4186251771859536,50.64211382951445,0.01,0.142360873818025,0.33573770823658095,9.851649486752159,0.01,0.08823280393007607,0.1419446541508957,13.769904368817098
13.5,20.0,21.66184253179479,-1.6618425317947905,-0.016506731061399264,3.0545357633750614,0.05692769728259756,0.17388768727628356,0.17388768727628356,-0.8701387148849293,1.044026402161213,0.0,0,0.01,0.01,0.14516129076310144,0.28627794485035796,18.54795323440103,0.01,0.07905910984495942,0.17527925598627722,5.01968433589534,0.01,0.07405800887098968,0.16290705946723671,4.721441769666652,0.01,0.14315828547077403,0.41862875397971844,50.654011233835114,0.01,0.14236419695098237,0.33574128503034584,9.855074791739863,0.01,0.08823494040336,0.14194686142040563,13.77600087114034
