time_s,reference_deg,angle_deg,error_deg,velocity_rad_s,tension_N,moment_arm_m,torque_raw_Nm,torque_applied_Nm,P_Nm,I_Nm,damping_Nm,saturated,fixed_excitation,TRIlong_activation,TRIlong_fiber_length_m,TRIlong_path_length_m,TRIlong_tendon_force_N,TRIlat_activation,TRIlat_fiber_length_m,TRIlat_path_length_m,TRIlat_tendon_force_N,TRImed_activation,TRImed_fiber_length_m,TRImed_path_length_m,TRImed_tendon_force_N,BIClong_activation,BIClong_fiber_length_m,BIClong_path_length_m,BIClong_tendon_force_N,BICshort_activation,BICshort_fiber_length_m,BICshort_path_length_m,BICshort_tendon_force_N,BRA_activation,BRA_fiber_length_m,BRA_path_length_m,BRA_tendon_force_N
0.0,20.0,20.0,0.0,0.0,0.0,0.05493894325960825,0.0,0.0,0.0,0.0,-0.0,0,0.01,0.01,0.14449698969461744,0.28557755705985177,17.765272954750962,0.01,0.07837730793289602,0.17457886819577106,5.008801194362888,0.01,0.07337894399239878,0.16220667167673056,4.705842639257135,0.01,0.1437280109365457,0.41925147468481194,52.46657298089497,0.01,0.1429595690143474,0.33636400573543934,10.228364055807457,0.01,0.08862232607374275,0.1423410529757139,14.367740812850883
0.01,20.0,19.996694908744242,0.0033050912557583776,-0.011476427973297364,0.03150163798264206,0.0549349762608944,0.0017305417347557306,0.0017305417347557308,0.0017305417347557306,0.0,0.0,0,0.01,0.01,0.144496206330054,0.28557616552756554,17.745716500710028,0.01,0.07837652926844095,0.17457747666348483,4.994548735460727,0.01,0.07337812333605628,0.16220528014444432,4.691936645161755,0.01,0.14372854048992448,0.4192526862854817,52.49024574590727,0.01,0.1429599472239544,0.336365217336109,10.239864216199607,0.01,0.08862269226711311,0.14234184006434275,14.404706192819603
0.02,20.0,19.9870118238251,0.01298817617490086,-0.022234756015887393,0.12397724089637087,0.05492335368875103,0.006809245851106866,0.006809245851106866,0.006800593142433087,8.652708673778653e-06,0.0,0,0.01,0.01,0.1444930363304797,0.28557208872625706,17.717840199204172,0.01,0.07837332540641338,0.17457339986217638,4.9756218147089095,0.01,0.07337484586597652,0.16220120334313587,4.6741546377390435,0.01,0.14373092452354383,0.41925623535460094,52.53070274635114,0.01,0.14296190325015642,0.3363687664052283,10.261867718998348,0.01,0.08862434760063825,0.14234414610762586,14.461940730039515
0.03,20.0,19.97152685390866,0.02847314609134022,-0.03172670948503933,0.2723107866421656,0.05490476631353566,0.014951160105243172,0.014951160105243173,0.014908504430857228,4.2655674385944085e-05,0.0,0,0.01,0.01,0.1444874847981771,0.2855655693154612,17.689477650143356,0.01,0.07836767543184915,0.17456688045138047,4.958378394182338,0.01,0.07336913615506291,0.16219468393233996,4.6580341090415,0.01,0.1437353138441323,0.4192619090375357,52.57533346199481,0.01,0.1429658434468513,0.3363744400881631,10.285842013624379,0.01,0.08862740314318635,0.1423478341024453,14.517669126898763
0.04,20.0,19.95108976009843,0.048910239901571166,-0.03952530024000565,0.4687760686161311,0.054880233112515754,0.025726539923221953,0.025726539923221953,0.025609341726681722,0.00011719819654023023,0.0,0,0.01,0.01,0.1444798577377284,0.28555696520641033,17.662144355462097,0.01,0.07835988891071098,0.17455827634232962,4.943773998180157,0.01,0.07336130999624144,0.16218607982328911,4.644393405205078,0.01,0.14374148421494937,0.41926939358112336,52.621032628425425,0.01,0.14297168008781225,0.3363819246317507,10.308662627518116,0.01,0.08863170547444942,0.1423527019448319,14.567582419649044
0.05,20.0,19.926768109750583,0.0732318902494157,-0.04529495185543738,0.7035304498146879,0.054851034499901544,0.0385893729745167,0.0385893729745167,0.038344128069343064,0.00024524490517363883,0.0,0,0.01,0.01,0.14447055911484474,0.28554672601270736,17.63708355773957,0.01,0.07835037867953362,0.17454803714862666,4.932417952092105,0.01,0.07335178176611128,0.16217584062958615,4.633797282435189,0.01,0.1437491034210001,0.41927829541026873,52.6656664619815,0.01,0.1429791280217699,0.33639082646089613,10.328820841531149,0.01,0.08863702486427279,0.14235849565895345,14.60950817035896
0.06,20.0,19.89979287477272,0.10020712522727779,-0.04880007270935974,0.9650966638376771,0.054818647295258635,0.05290529362074841,0.05290529362074841,0.052468328075228055,0.0004369655455203542,0.0,0,0.01,0.01,0.1444600641760298,0.28553537010779073,17.61540733805724,0.01,0.07833963137869869,0.17453668124371005,4.924751136603214,0.01,0.07334103841118231,0.16216448472466954,4.626656989209747,0.01,0.14375777472150686,0.419288161686763,52.70727854282997,0.01,0.14298780173003475,0.33640069273739037,10.345372768477574,0.01,0.08864308602817704,0.14236492228068495,14.641849052606478
0.07,20.0,19.871498748853927,0.1285012511460723,-0.04991354588199887,1.2409018955096918,0.05478467330481927,0.06798240494882944,0.06798240494882944,0.06728309776293295,0.0006993071858964945,0.0,0,0.01,0.01,0.14444889585685305,0.2855234594648828,17.598061377521102,0.01,0.07832818309921259,0.17452477060080207,4.9210437228098485,0.01,0.07332961531263883,0.16215257408176156,4.623224300017655,0.01,0.14376705989148564,0.41929850269303176,52.744068132735485,0.01,0.1429972582159006,0.3364110337436591,10.357659136426285,0.01,0.08864958394394909,0.14237166401172444,14.66344363773501
0.08,20.0,19.843260744485157,0.15673925551484383,-0.048621053535992706,1.5178638592647657,0.05475076334627727,0.0831042049504723,0.0831042049504723,0.08206848227576113,0.0010357226747111593,0.0,0,0.01,0.01,0.14443759971243592,0.2855115729429256,17.58578840582926,0.01,0.07831659360047061,0.17451288407884494,4.921390389976286,0.01,0.07331807058256976,0.16214068755980443,4.623586783315459,0.01,0.1437765012840341,0.419308815368732,52.77444319851562,0.01,0.14300702575769547,0.3364213464193594,10.365235485775914,0.01,0.08865619898565422,0.1423783932842182,14.673566054357982
0.09,20.0,19.81642972610024,0.18357027389975955,-0.045020450790574235,1.7830014461227348,0.05471853988027139,0.09756323573624842,0.09756323573624842,0.09611717065015846,0.001446065086089965,0.0,0,0.01,0.01,0.14442671823134393,0.2855002791410963,17.579098098104417,0.01,0.07830541988759059,0.17450159027701564,4.925710417067558,0.01,0.07330695874297069,0.16212939375797514,4.62766780921628,0.01,0.14378564384725218,0.4193186069672057,52.79707959499846,0.01,0.14301662875721147,0.33643113801783303,10.367857408224738,0.01,0.08866261219571882,0.1423847881102623,14.671936759692592
0.1,20.0,19.792269761856296,0.20773023814370378,-0.03931605854911031,2.0240431043200524,0.054689521705276675,0.1106939492861271,0.1106939492861271,0.10876729834678633,0.0019266509393407575,0.0,0,0.01,0.01,0.14441676566326545,0.28549011003673763,17.578245186614115,0.01,0.07829519031520099,0.17449142117265692,4.9337530061230215,0.01,0.07329680495781787,0.16211922465361644,4.63523147828719,0.01,0.14379405626658767,0.4193274177668215,52.810977892357606,0.01,0.1430256106475685,0.3364399488174488,10.365478870659551,0.01,0.0886685201503256,0.14239054703084567,14.658731617891737
0.11,20.0,19.77190015528705,0.22809984471294956,-0.03180805865424747,2.2300039520576846,0.05466505416927792,0.12190328683693717,0.12190328683693717,0.11943279940586249,0.0024704874310746893,0.0,0,0.01,0.01,0.14440820449097116,0.28548153660925196,17.583217198962753,0.01,0.07828638038732301,0.17448284774517123,4.945107924829864,0.01,0.07328808098312245,0.16211065122613072,4.645892557953946,0.01,0.1438013503282238,0.41933484183184966,52.815513979497176,0.01,0.1430335546782492,0.33644737288247706,10.358252144392646,0.01,0.08867364876784159,0.1423954029778113,14.634585894620539
0.12,20.0,19.756244838692393,0.243755161307608,-0.022877429501050008,2.3917022640726695,0.05464624815464165,0.13069755543453337,0.13069755543453337,0.12762990400642937,0.003067651428104002,0.0,0,0.01,0.01,0.1444014246065539,0.2854749475739345,17.593733110312137,0.01,0.07827939134659562,0.1744762587098538,4.959221637207356,0.01,0.07328118392320608,0.1621040621908133,4.659131594981655,0.01,0.1438071977175833,0.4193405449264801,52.8104792577967,0.01,0.1430401019600356,0.3364530759771075,10.346525450160517,0.01,0.08867776545744112,0.14239913540005733,14.600589160137906
0.13,20.0,19.745991491492507,0.25400850850749207,-0.012967094858652798,2.5021876183770573,0.05463393072134088,0.13670434499420908,0.13670434499420908,0.13299854404607292,0.003705800948136149,0.0,0,0.01,0.01,0.14439672612974386,0.28547063221343505,17.60925393936426,0.01,0.0782745325155606,0.1744719433493543,4.975419104454441,0.01,0.07327641875110422,0.1620997468303138,4.674315379858251,0.01,0.14381134362360887,0.4193442788291576,52.79610585870104,0.01,0.14304496618528098,0.336456809879785,10.330836054176336,0.01,0.08868068909233863,0.14240158007791479,14.558266111718753
0.14,20.0,19.741562300518193,0.2584376994818052,-0.0025601699832565905,2.5570567748057704,0.054628609760176854,0.13968845668548086,0.13968845668548086,0.13531766301711434,0.004370793668366514,0.0,0,0.01,0.01,0.14439430663908023,0.2854687681059121,17.629005850966838,0.01,0.07827200817637693,0.17447007924183136,4.992931296948297,0.01,0.07327398537465998,0.16209788272279085,4.690722799636808,0.01,0.1438136166897049,0.41934589146353773,52.773072412674246,0.01,0.14304794459312248,0.33645842251416513,10.311896860572212,0.01,0.08868229740408932,0.1424026361552411,14.509538100370834
0.15,20.0,19.743097464322865,0.2569025356771348,0.007840486718114853,2.554641684941118,0.05463045402209307,0.13956123511209814,0.13956123511209814,0.13451385312864605,0.0050473819834520855,-0.0,0,0.01,0.01,0.14439414976843465,0.285469414206766,17.655482229940834,0.01,0.07827180851419946,0.17447072534268532,5.013425495703587,0.01,0.07327386075132258,0.16209852882364484,4.710466816651231,0.01,0.14381386447196826,0.4193453325439733,52.74494891845076,0.01,0.1430489238274303,0.33645786359460067,10.290591308333584,0.01,0.0886824833715854,0.14240227011481027,14.460905100509468
0.16,20.0,19.7504443205828,0.24955567941719675,0.017716172111008625,2.4961346387259176,0.05463927999699411,0.13638699943554114,0.13638699943554114,0.1306670481864458,0.005719951249095316,-0.0,0,0.01,0.01,0.144395921644218,0.28547250628220633,17.69778246351481,0.01,0.07827356776615348,0.17447381741812562,5.044428452846349,0.01,0.07327572886411723,0.1621016208990851,4.7402425436955395,0.01,0.14381184096805721,0.4193426573944916,52.722240129632794,0.01,0.14304738139433087,0.33645518844511896,10.274917891454207,0.01,0.08868106639825658,0.14240051838709947,14.431449059710163
0.17,20.0,19.763164407289743,0.23683559271025642,0.026593716222955303,2.3855303527538667,0.05465456044216911,0.1303801128512152,0.1303801128512152,0.12400682636118765,0.006373286490027545,-0.0,0,0.01,0.01,0.14439983520323696,0.2854778598739804,17.74273707026942,0.01,0.07827751202272731,0.1744791710098997,5.075920722102057,0.01,0.07327980131882884,0.1621069744908592,4.769796351571787,0.01,0.14380797704077583,0.4193380244845058,52.695452771937425,0.01,0.14304367731970977,0.33645055553513314,10.262075866243919,0.01,0.0886783540295474,0.14239748565415947,14.403285020291785
0.18,20.0,19.78056911888985,0.21943088111014825,0.034072423705252854,2.2292824770251767,0.05467546735585203,0.12188706129956299,0.12188706129956299,0.1148937406777295,0.006993320621833484,-0.0,0,0.01,0.01,0.14440576144654743,0.2854851852841988,17.785135585963307,0.01,0.07828352665193218,0.1744864964201181,5.1037374375871485,0.01,0.07328592880064887,0.1621142999010776,4.795644878378525,0.01,0.14380250067630113,0.4193316827710674,52.665322024278595,0.01,0.14303823667054044,0.33644421382169476,10.249626653364404,0.01,0.08867450875574502,0.14239333630992398,14.376576702232772
0.19,20.0,19.801764497477826,0.1982355025221719,0.0398337423140988,2.0358641782219182,0.054700925983779305,0.11136365572594482,0.11136365572594482,0.10379586640072269,0.007567789325222131,-0.0,0,0.01,0.01,0.14441339875332948,0.2854941063958295,17.82269731202584,0.01,0.07829130799644422,0.1744954175317488,5.12629952411634,0.01,0.07329379487009653,0.1621232210127083,4.816488588065469,0.01,0.14379569450659713,0.4193239558523335,52.63327799295506,0.01,0.1430313577502605,0.3364364869029609,10.237918560217572,0.01,0.08866973059885051,0.14238828372633797,14.352491629084414
0.2,20.0,19.825699474262056,0.1743005257379453,0.04364675606889467,1.8152915063754438,0.054729672986860635,0.09935031051975368,0.09935031051975368,0.09126354186252794,0.008086768657225744,-0.0,0,0.01,0.01,0.14442235815246623,0.2855041809432607,17.85388892010763,0.01,0.07830045843337186,0.17450549207917998,5.142760502980946,0.01,0.07330299755550561,0.16213329556013947,4.831591330986806,0.01,0.1437878968276593,0.4193152249019917,52.60081466846308,0.01,0.14302338555276503,0.33642775595261903,10.227449193109363,0.01,0.08866425857943099,0.14238257869249754,14.332055587810432
0.21,20.0,19.851218046752006,0.14878195324799265,0.04537545097305922,1.5786090367332006,0.05476031931072792,0.08644513491831068,0.08644513491831068,0.0779020485517723,0.008543086366538383,-0.0,0,0.01,0.01,0.144432195783368,0.2855149224439902,17.8775623392951,0.01,0.07831052282090427,0.17451623357990945,5.1526376938395675,0.01,0.0733130806383273,0.16214403706086894,4.840520864644024,0.01,0.1437794850106778,0.4193059101083554,52.56942094495712,0.01,0.14301470771193037,0.33641844115898273,10.2186652011181,0.01,0.088658358736139,0.14237649692272006,14.31610934646596
0.22,20.0,19.877114917565436,0.12288508243456477,0.0449831638435785,1.337345867676696,0.05479141715121795,0.07327507531133137,0.07327507531133137,0.06434247870203413,0.008932596609297246,-0.0,0,0.01,0.01,0.14444243738273407,0.2855258235974116,17.892907485381535,0.01,0.07832101460289446,0.17452713473333087,5.1557329318705465,0.01,0.07332355826212546,0.16215493821429036,4.843101053961329,0.01,0.143770857457345,0.4192964507057779,52.54051386081878,0.01,0.1430057367593233,0.33640898175640527,10.211932103013552,0.01,0.08865231119483873,0.14237032575652264,14.305277983797163
0.23,20.0,19.902192493360424,0.09780750663957447,0.042532809981809916,1.1029644997949248,0.05482152846701197,0.06046619972361109,0.06046619972361109,0.05121189072080368,0.009254309002807416,-0.0,0,0.01,0.01,0.14445260180262467,0.28553638026956263,17.899455990454978,0.01,0.07833144021319613,0.17453769140548192,5.152107995639261,0.01,0.07333393884530759,0.1621654948864414,4.839396041768402,0.01,0.14376241481263735,0.41928728430756834,52.51537387434622,0.01,0.14299689067120022,0.33639981535819574,10.207518136298079,0.01,0.08864639685366846,0.14236435055810473,14.299947365152846
0.24,20.0,19.925316722496554,0.07468327750344508,0.038182591561110306,0.8863275958520992,0.05484929200263275,0.04861444111488326,0.04861444111488326,0.03910407265847182,0.009510368456411433,-0.0,0,0.01,0.01,0.1444622238570703,0.2855461150032971,17.897090731892593,0.01,0.07834132253358762,0.17454742613921637,5.14207052722755,0.01,0.07334374829036874,0.16217522962017586,4.829699503307949,0.01,0.14375454123351417,0.4192788264411061,52.49508560381437,0.01,0.14298857330104606,0.33639135749173343,10.205582402529421,0.01,0.08864088426499038,0.1423588414185107,14.300249453714029
0.25,20.0,19.945469203836595,0.05453079616340574,0.03217727783820122,0.6972064267904898,0.05487348574708421,0.03825814692326345,0.03825814692326345,0.028552258103559658,0.009705888819703792,-0.0,0,0.01,0.01,0.14447087568882622,0.28555459897125834,17.88605239697142,0.01,0.07835022270474376,0.1745559101071776,5.126161798718429,0.01,0.0733525516156686,0.1621837135881371,4.814524444920365,0.01,0.14374758657412434,0.41927145124369025,52.48048724172118,0.01,0.1429811556402757,0.33638398229431765,10.206167432989618,0.01,0.0886360173089319,0.142354040769873,14.306057564995518
0.26,20.0,19.961793126929116,0.03820687307088239,0.0248354065093086,0.5438521763403821,0.054893081922486604,0.029853722069575227,0.029853722069575223,0.020005071959353637,0.00984865011022159,-0.0,0,0.01,0.01,0.1444781857534638,0.2855614713407198,17.866939328797663,0.01,0.07835775941871634,0.1745627824766391,5.105143262850919,0.01,0.07335997209997622,0.16219058595759858,4.7945913561355935,0.01,0.14374185034327738,0.4192654742669877,52.4721316173303,0.01,0.14297495880121736,0.3363780053176151,10.20919685169484,0.01,0.08863200422272706,0.1423501524864691,14.316992419063043
0.27,20.0,19.973630870300727,0.02636912969927139,0.016532987377974102,0.43264780797042945,0.05490729192778722,0.023755519494149595,0.023755519494149595,0.013806844024131237,0.009948675470018358,-0.0,0,0.01,0.01,0.14448385462688487,0.2855664551302608,17.840697069863438,0.01,0.0783636249200046,0.1745677662661801,5.079979162337208,0.01,0.07336570715250487,0.16219556974713958,4.770812226224288,0.01,0.14373756823047837,0.419261138265129,52.47026142789845,0.01,0.14297023955698418,0.3363736693157564,10.214478672646456,0.01,0.08862900848881863,0.14234733298098917,14.332439525376138
0.28,20.0,19.980551477653975,0.019448522346023758,0.007684499096973859,0.3678541706652984,0.05491559913858785,0.02020093217771321,0.02020093217771321,0.010183222487574195,0.010017709690139015,-0.0,0,0.01,0.01,0.1444876670122942,0.2855693688034369,17.808593958714614,0.01,0.07836759711557582,0.1745706799393562,5.051812283330444,0.01,0.07336954029619784,0.1621984834203157,4.744267657529874,0.01,0.14373490188403645,0.4192586027066807,52.47480044720913,0.01,0.14296717916195836,0.33637113375730804,10.221714486986501,0.01,0.08862714199695926,0.14234568470973305,14.351577944593132
0.29,20.0,19.982366735056797,0.017633264943204233,-0.0012778566793994206,0.35145962594787095,0.054917778065073794,0.019301381736639027,0.019301381736639027,0.009232755934062142,0.010068625802576886,0.0,0,0.01,0.01,0.14448949952193513,0.28557013305715945,17.772179656980178,0.01,0.07836954739852017,0.17457144419307877,5.021930122104417,0.01,0.07337134885550468,0.16219924767403826,4.716174490070195,0.01,0.1437339324623372,0.4192579375586238,52.4853615753,0.01,0.14296587601520042,0.3363704686092511,10.230514417691028,0.01,0.08862646078518038,0.14234525238150855,14.373419808873992
0.3,20.0,19.97913651755701,0.02086348244299178,-0.009920450690624616,0.383124913322083,0.05491390069543054,0.0210388834441143,0.0210388834441143,0.010924093861867101,0.010114789582247197,0.0,0,0.01,0.01,0.14448913227361992,0.28556877308295325,17.73968217973292,0.01,0.07836926057422501,0.17457008421887255,4.996265930801055,0.01,0.07337090147284035,0.16219788769983204,4.693257541454186,0.01,0.14373446203636256,0.4192591211551048,52.50806821072484,0.01,0.14296615457692455,0.3363716522057322,10.243005066126395,0.01,0.08862682611278101,0.1423460217043247,14.408906504337327
0.31,20.0,19.971150764013228,0.028849235986771304,-0.01788599250174136,0.46034332192028193,0.054904314861665866,0.02527483469117637,0.02527483469117637,0.015105424639619836,0.010169410051556534,0.0,0,0.01,0.01,0.14448648450519952,0.2855654109776255,17.71781963236349,0.01,0.0783665907515693,0.17456672211354482,4.981336058224322,0.01,0.07336816065315152,0.1621945255945043,4.679585440449011,0.01,0.14373648467833247,0.419262046807425,52.539432707597506,0.01,0.14296781610056275,0.33637457785805236,10.260466379008882,0.01,0.08862823162450348,0.14234792367771584,14.45257025019376
0.32,20.0,19.958892374952566,0.04110762504743541,-0.02483533094576399,0.578777026021435,0.05488959977511136,0.03176883931734578,0.03176883931734578,0.021523902142591145,0.010244937174754633,0.0,0,0.01,0.01,0.14448205573318215,0.2855602501126917,17.69650892723786,0.01,0.07836208128653911,0.174561561248611,4.968589195203053,0.01,0.07336360764032941,0.1621893647295705,4.667687269464419,0.01,0.14373999824599593,0.4192665365630426,52.573356381915175,0.01,0.14297099270129493,0.33637906761367,10.278623052181544,0.01,0.0886306790856798,0.14235084340999135,14.494162646833058
0.33,20.0,19.943032795046086,0.056967204953914004,-0.030460423754487174,0.7322781985331096,0.05487056084570509,0.0401805154485943,0.0401805154485943,0.029827958763126716,0.010352556685467588,0.0,0,0.01,0.01,0.14447611132713303,0.2855535732573869,17.67615444542636,0.01,0.07835601088982327,0.17455488439330616,4.957938244362108,0.01,0.07335750981145175,0.16218268787426565,4.6577413358322906,0.01,0.14374481349751803,0.4192723431068255,52.6078235431249,0.01,0.1429755701757063,0.3363848741574529,10.295633882583074,0.01,0.08863403806895127,0.14235462113737113,14.53108687904679
0.34,20.0,19.924400493697874,0.0755995063021254,-0.034520890197923086,0.9131660240833934,0.05484819199792959,0.05008550541491196,0.05008550541491196,0.03958380893562874,0.010501696479283222,0.0,0,0.01,0.01,0.14446896636654563,0.28554572928718164,17.657667226448734,0.01,0.07834870211591535,0.17454704042310093,4.949803184297382,0.01,0.07335019001795842,0.16217484390406042,4.6501528916782195,0.01,0.14375067174998055,0.41927916165855206,52.641230957330905,0.01,0.14298131568154968,0.3363916927091794,10.31049856744338,0.01,0.08863812916729971,0.14235905969014268,14.561757680366204
0.35000000000000003,20.0,19.903939519401096,0.09606048059890439,-0.03685317092174695,1.1125999851194481,0.054823626069330986,0.060996765548931846,0.060996765548931846,0.05029715002497048,0.010699615523961365,0.0,0,0.01,0.01,0.14446098614451602,0.28553711571322365,17.641872987389192,0.01,0.07834052903843951,0.17453842684914295,4.944501757102792,0.01,0.07334202243139835,0.16216623033010244,4.6452188932065965,0.01,0.14375726905863115,0.41928664550211675,52.67208784339285,0.01,0.14298793096164414,0.3363991765527441,10.322539675719781,0.01,0.08864274103820206,0.14236393432350147,14.584972244776003
0.36,20.0,19.882663754009663,0.11733624599033556,-0.037376564703773325,1.3209991296706423,0.05479808001537056,0.07238821600792672,0.07238821600792672,0.0614371147338405,0.010951101274086217,0.0,0,0.01,0.01,0.1444525686981966,0.28552815940557214,17.629464541302774,0.01,0.07833189968641385,0.17452947054149143,4.942220399829335,0.01,0.07333341444311377,0.16215727402245092,4.643112912530642,0.01,0.14376427273733183,0.4192944230163625,52.699034364462726,0.01,0.14299507900089037,0.33640695406698984,10.331271320489844,0.01,0.08864764178075495,0.1423690035811246,14.599869197370303
0.37,20.0,19.861608698288933,0.13839130171106512,-0.03609576251174185,1.5284923797185819,0.05477279709601035,0.08371980297712389,0.08371980297712389,0.07246151612936846,0.01125828684775542,0.0,0,0.01,0.01,0.14444412575286808,0.285519296284666,17.62097360250857,0.01,0.07832323648086145,0.17452060742058528,4.943009478735479,0.01,0.07332478713155528,0.16214841090154478,4.643881148271837,0.01,0.14377133785553065,0.4193021154831853,52.72088831125675,0.01,0.14300240402498618,0.3364146465338127,10.336370207359087,0.01,0.08865259031856501,0.14237402076154448,14.6059393030913
0.38,20.0,19.84178290463712,0.15821709536287723,-0.03309954752757227,1.7253811312970286,0.054748988571651454,0.09446287183912408,0.09446287183912408,0.08284227741072181,0.011620594428402263,0.0,0,0.01,0.01,0.14443606333687978,0.28551095087388095,17.616749003975997,0.01,0.07831495630779353,0.17451226200980025,4.94678382381993,0.01,0.07331655541316853,0.1621400654907597,4.647442919575903,0.01,0.14377812372605897,0.41930935486891463,52.736691383573856,0.01,0.1430095496420041,0.33642188591954203,10.337671639295134,0.01,0.08865734787753403,0.14237874548676463,14.60303565053007
0.39,20.0,19.824121259218508,0.1758787407814931,-0.028555656179969073,1.9025932314299185,0.054727777552409346,0.10412469914241626,0.10412469914241626,0.09208989332696038,0.012034805815455872,0.0,0,0.01,0.01,0.14442876295127802,0.2855035166406064,17.616942034491363,0.01,0.07830745115609482,0.1745048277765257,4.953327921801132,0.01,0.07330910878102434,0.1621326312574852,4.653595512872323,0.01,0.14378430969635683,0.41931580077281205,52.74575073449354,0.01,0.1430161758137504,0.3364283318234394,10.335169755127147,0.01,0.08866168909246462,0.14238295484855243,14.591377898296644
0.4,20.0,19.80944225463898,0.19055774536102,-0.022702008883197893,2.052106645519001,0.05471014758372781,0.11227105743389315,0.11227105743389316,0.09977580215180248,0.012495255282090672,0.0,0,0.01,0.01,0.1444225641462059,0.28549733802567917,17.62149979910613,0.01,0.07830107020071403,0.17449864916159846,4.962305707435231,0.01,0.07330279350664522,0.16212645264255796,4.662023349460478,0.01,0.14378960955600212,0.41932115578781154,52.74767320581951,0.01,0.14302197430793398,0.3364336868384389,10.329016329494268,0.01,0.08866541224872364,0.14238645361902696,14.571548766340204
0.41000000000000003,20.0,19.798411221549564,0.20158877845043435,-0.015834702378770833,2.1673216476945942,0.05469689835375953,0.11854577186385384,0.11854577186385384,0.10555163757100416,0.012994134292849685,0.0,0,0.01,0.01,0.14441774929027518,0.2854926949866806,17.630167332766558,0.01,0.07829610414090608,0.17449400612259994,4.973274900663235,0.01,0.07329789711040088,0.16212180960355943,4.672311430903012,0.01,0.14379378396559606,0.4193251786049249,52.7423895032058,0.01,0.14302668210399772,0.3364377096555523,10.319516176324752,0.01,0.08866834821068195,0.14238908305059272,14.544480525423284
0.42,20.0,19.791511215074205,0.20848878492579542,-0.0082933220113379,2.243362259134543,0.05468861058630758,0.12268636499382826,0.12268636499382825,0.10916447251312356,0.013521892480704706,0.0,0,0.01,0.01,0.14441453121619333,0.28548979076487707,17.642498917348753,0.01,0.07829277249477591,0.17449110190079636,4.985705770111099,0.01,0.07329463579731962,0.16211890538175586,4.683962952124795,0.01,0.14379665042882112,0.41932769430556555,52.73016548101518,0.01,0.14303009228483887,0.3364402253561929,10.307118002842879,0.01,0.088670367658837,0.14239072785364457,14.511428842037867
0.43,20.0,19.789022890366265,0.21097710963373412,-0.00044427697675309243,2.277290943087436,0.05468562174928919,0.12453507112676157,0.12453507112676158,0.11046735628349125,0.014067714843270324,0.0,0,0.01,0.01,0.14441304429075486,0.28548874343314734,17.65787864723238,0.01,0.07829121441003235,0.17449005456906663,4.999004045385111,0.01,0.07329314541368295,0.16211785805002613,4.696420819411111,0.01,0.14379809045731307,0.4193286014192425,52.71159798229834,0.01,0.1430320620697019,0.33644113246986984,10.292399766520953,0.01,0.08867138634409398,0.14239132102648633,14.47393148525768
0.44,20.0,19.791013670139108,0.20898632986088977,0.007332026861147861,2.268230848609016,0.05468801296512744,0.12404503805663188,0.12404503805663188,0.1094249864319441,0.01462005162468778,-0.0,0,0.01,0.01,0.14441320182134698,0.2854895813487271,17.68014922865712,0.01,0.07829134612024559,0.1744908924846464,5.015927781730315,0.01,0.07329333331744675,0.16211869596560588,4.712846154938418,0.01,0.14379794970689277,0.4193278756894062,52.69122272815787,0.01,0.14303249141048638,0.33644040674003356,10.276415550545327,0.01,0.08867129595424542,0.14239084645903777,14.440114914569868
0.45,20.0,19.797329998636886,0.2026700013631138,0.0146483260920847,2.2174533568116477,0.0546955996835344,0.12128494112107945,0.12128494112107945,0.10611776456423194,0.0151671765568475,-0.0,0,0.01,0.01,0.14441483191688473,0.2854922398965391,17.712965376780264,0.01,0.07829296993867393,0.17449355103245837,5.039828217171643,0.01,0.07329504493862112,0.16212135451341786,4.735671446129768,0.01,0.14379615171224125,0.4193255728430878,52.67364363663262,0.01,0.1430309754552106,0.3364381038937152,10.265534524662312,0.01,0.08867003733014048,0.14238934078569435,14.41838798585603
0.46,20.0,19.80760730731517,0.19239269268482997,0.021157162446424984,2.1282895289914703,0.05470794368784965,0.11643434370350542,0.1164343437035054,0.10073657832383676,0.01569776537966866,-0.0,0,0.01,0.01,0.14441806952953032,0.2854965656781757,17.74676965607734,0.01,0.07829623642002742,0.17449787681409504,5.0632908117151745,0.01,0.07329840736245724,0.16212568029505453,4.757647109190553,0.01,0.14379299989883812,0.4193218250423998,52.6528974395201,0.01,0.14302792424234526,0.3364343560930272,10.255907747940604,0.01,0.0886678275737467,0.1423868909997983,14.397292761742232
0.47000000000000003,20.0,19.82129817916904,0.1787018208309576,0.02656732502667556,2.005860802692023,0.0547243870104269,0.1097695028555638,0.10976950285556382,0.09356805458427597,0.01620144827128784,-0.0,0,0.01,0.01,0.1444227846432834,0.2855023283529868,17.778337322478286,0.01,0.07830102355317582,0.17450363948890607,5.08377126476719,0.01,0.07330327682019323,0.1621314429698656,4.776665765897347,0.01,0.14378866885832445,0.4193168308183435,52.629820125555845,0.01,0.1430236049165071,0.3364293618689708,10.246585686243408,0.01,0.08866479029041262,0.142383627716227,14.3774434307344
0.48,20.0,19.837706718894907,0.1622932811050926,0.030650145523983742,1.8567455525035492,0.0547440933312654,0.10164585181866624,0.10164585181866624,0.08497656327445702,0.01666928854420922,-0.0,0,0.01,0.01,0.14442873742522797,0.28550923508682136,17.806063163120218,0.01,0.07830708920679266,0.17451054622274068,5.100187655683846,0.01,0.07330940314716686,0.16213834970370017,4.7918208349531275,0.01,0.14378337981321532,0.41931084281028785,52.605506853017594,0.01,0.14301824674794994,0.3364233738609152,10.23789040742299,0.01,0.08866108151874302,0.142379716946669,14.359712794266027
0.49,20.0,19.856025523241566,0.14397447675843153,0.03324437114134668,1.688618392867576,0.054766092504568806,0.09247903110870198,0.09247903110870198,0.07538485974812048,0.017094171360581507,-0.0,0,0.01,0.01,0.14443562803762378,0.28551694609468353,17.828806763459607,0.01,0.07831412705866769,0.17451825723060282,5.11191608861942,0.01,0.07331647709231771,0.16214606071156232,4.802562859162894,0.01,0.14377739381773638,0.4193041545682843,52.58108874803612,0.01,0.14301211611235062,0.3364166856189117,10.230195895360547,0.01,0.0886568851627032,0.142375351253821,14.3448567311656
0.5,20.0,19.875375741089016,0.12462425891098368,0.03426136421800929,1.5098598008195434,0.05478932877745094,0.08272420503495856,0.08272420503495856,0.06525310937563644,0.017471095659322113,-0.0,0,0.01,0.01,0.14444311862302153,0.2855250914870261,17.845712204996097,0.01,0.07832179095821007,0.1745264026229454,5.11859639752606,0.01,0.07332415171429417,0.16215420610390485,4.8085687864785465,0.01,0.14377099886298836,0.41929708618409545,52.55768148737802,0.01,0.14300550924491368,0.33640961723472285,10.223829862089493,0.01,0.08865240376174911,0.14237074017432455,14.333484669633549
0.51,20.00002211125926,19.894849440343602,0.10517267091565957,0.03368775816508864,1.329356651220606,0.05481271174077907,0.07286564292404246,0.07286564292404246,0.05506828171784217,0.017797361206200294,-0.0,0,0.01,0.01,0.1444508513410088,0.2855332890930682,17.856191999187025,0.01,0.07832971397916409,0.1745346002289875,5.12009185555995,0.01,0.07333206059664535,0.162162403709947,4.809719086020525,0.01,0.14376449603422328,0.41928996899061455,52.536334757224196,0.01,0.14299873834345828,0.33640250004124195,10.219054704918419,0.01,0.08864784864630929,0.14236610010241785,14.326036708599446
0.52,20.00017600474074,19.91355302667968,0.08662297806106184,0.031586433129674144,1.1567100021762,0.05483516849245489,0.06342838786623979,0.06342838786623979,0.045355685251450284,0.018072702614789507,-0.0,0,0.01,0.01,0.1444584660189209,0.2855411627345993,17.859938324923743,0.01,0.0783375266784395,0.17454247387051855,5.116478480933896,0.01,0.07333983582447373,0.16217027735147804,4.8060918362621035,0.01,0.14375818516498162,0.4192831297587147,52.51798200955982,0.01,0.14299211669965944,0.336395660809342,10.216054953886726,0.01,0.08864342982143286,0.14236164393678433,14.322763679049414
0.53,20.000591036,19.930651600274818,0.06993943572518319,0.028098785719961425,1.0011664618956957,0.05485569687262484,0.054919683952788595,0.054919683952788595,0.03662020291174184,0.01829948104104676,-0.0,0,0.01,0.01,0.14446561777313055,0.28554836090267466,17.8569478603386,0.01,0.0783448751676965,0.17454967203859395,5.108047786069692,0.01,0.07334712592521084,0.16217747551955344,4.797967245332299,0.01,0.14375235011785376,0.41927687442461015,52.50338708314645,0.01,0.14298594341805054,0.3363894054752375,10.214923879096158,0.01,0.08863934568058741,0.1423575705187024,14.323703526564891
0.54,20.001393929481484,19.94541210937777,0.05598182010371389,0.023438281084796515,0.8709972323859088,0.054873417205645224,0.047794594517674295,0.047794594517674295,0.029312012462068826,0.01848258205560547,-0.0,0,0.01,0.01,0.14447199437321276,0.2855545749347832,17.847537877815352,0.01,0.07835143883695218,0.1745558860707025,5.095305138192249,0.01,0.0733536135064891,0.16218368955166196,4.785826540055502,0.01,0.1437472441171431,0.41927147214414995,52.493100465663744,0.01,0.1429804880808127,0.33638400319477735,10.215655246344115,0.01,0.0886357728385284,0.1423540543700451,14.328673156595174
0.55,20.002708796296297,19.957241351449824,0.045467444846472964,0.017878952844102874,0.7731405051386137,0.05488761782246045,0.042435840569112246,0.042435840569112246,0.02380669845119643,0.018629142117915814,-0.0,0,0.01,0.01,0.1444773320196483,0.28555955502756314,17.832343273891137,0.01,0.07835694642060627,0.17456086616348243,5.078956123494049,0.01,0.0733590312117197,0.16218866964444192,4.77033912480796,0.01,0.14374307650502424,0.4192671411542085,52.487428821542885,0.01,0.14297597669285045,0.3363796722048359,10.218142189067603,0.01,0.0886328570199681,0.1423512366678236,14.337275697241088
0.56,20.004657152,19.9657165711897,0.03894058081030269,0.011741091692908061,0.7129142146449411,0.054897791683147804,0.039137416043532894,0.039137416043532894,0.0203892404333611,0.018748175610171797,-0.0,0,0.01,0.01,0.14448142847219722,0.2855631231343544,17.812299033568657,0.01,0.07836118934158592,0.17456443427027366,5.059884670741292,0.01,0.07336317493222105,0.16219223775123315,4.752341959497102,0.01,0.14374000180398883,0.41926403731558526,52.48641736662138,0.01,0.14297257989762313,0.3363765683662126,10.222181591744858,0.01,0.08863070558847158,0.14234921798549857,14.34891849050855
0.5700000000000001,20.007357934370372,19.970607252374496,0.036750681995875945,0.005374848492606856,0.6938104347850497,0.05490366243854959,0.038092733907781694,0.038092733907781694,0.01924261209544309,0.018850121812338604,-0.0,0,0.01,0.01,0.14448415292535205,0.285565182153611,17.788609121224283,0.01,0.0783640317384258,0.17456649328953028,5.039123763001546,0.01,0.07336591369074984,0.16219429677048977,4.732811761400911,0.01,0.14373811163126818,0.41926224590508476,52.489845771263866,0.01,0.1429704040762978,0.3363747769557121,10.227483396346127,0.01,0.08862938205908427,0.14234805312897217,14.362840588941268
0.58,20.010927521185184,19.97188714820385,0.039040372981331305,-0.0008574083745482121,0.7173788133486547,0.05490519880407848,0.03938782636474179,0.03938782636474179,0.020441491491925978,0.01894633487281582,0.0,0,0.01,0.01,0.14448545227856022,0.28556572100326194,17.76270070659967,0.01,0.07836541684221542,0.1745670321391812,5.017817680408845,0.01,0.07336719586089518,0.1621948356201407,4.712828935964765,0.01,0.14373742984983828,0.41926177705261847,52.49723796087525,0.01,0.14296948575364918,0.33637430810324587,10.233684509368274,0.01,0.08862890282917293,0.14234774828944596,14.378148872950161
0.59,20.015479748,19.969737036794143,0.045742711205856934,-0.006595348628203136,0.7831934359422758,0.05490261784239205,0.04299936991020872,0.04299936991020872,0.023950827579933276,0.019048542330275448,0.0,0,0.01,0.01,0.14448522865821528,0.2855648157842343,17.74037329239444,0.01,0.0783652508706293,0.1745661269201536,5.000118424176343,0.01,0.07336691712944293,0.1621939304011131,4.697074099696493,0.01,0.143737780440474,0.41926256467399325,52.51241292818032,0.01,0.14296966520648527,0.3363750957246206,10.242078550730477,0.01,0.08862914469195145,0.14234826039386672,14.401885872298775
0.6,20.021125925925926,19.964530152014426,0.05659577391149829,-0.011535961879793536,0.8889800294505685,0.054896367494819374,0.04880177439227376,0.04880177439227376,0.02963347792409865,0.019168296468175115,0.0,0,0.01,0.01,0.14448349424594734,0.2855626236437606,17.72638615891721,0.01,0.07836350227511434,0.1745639347796799,4.990573583973786,0.01,0.07336512163110366,0.1621917382606394,4.688377987066363,0.01,0.143739106954863,0.4192644718544656,52.53258095750361,0.01,0.1429707556677606,0.3363770029050929,10.253357282250173,0.01,0.08863006672148371,0.1423495005695027,14.429853580519381
0.61,20.027974859407408,19.95680301068419,0.07117184872321929,-0.015396195385501655,1.0308791199727334,0.05488709161927458,0.05658195670634057,0.05658195670634057,0.03726549284854497,0.019316463857795608,0.0,0,0.01,0.01,0.14448067789286215,0.2855593704852548,17.713775443585366,0.01,0.0783606333945665,0.17456068162117408,4.98318303176901,0.01,0.07336222751065338,0.16218848510213357,4.681505805580484,0.01,0.14374134582338935,0.41926730166649107,52.553112544595095,0.01,0.14297278842994252,0.33637983271711847,10.26437128475483,0.01,0.08863162667489691,0.14235134107687858,14.454537245774192
0.62,20.036132864,19.94724764234603,0.08888522165396924,-0.0179240722494864,1.2035031887862642,0.054875620741349704,0.06604298454884003,0.06604298454884003,0.046540193226801696,0.019502791322038332,0.0,0,0.01,0.01,0.1444770517914078,0.28555534768576785,17.702999649818057,0.01,0.0783569280017145,0.17455665882168714,4.977943532178951,0.01,0.07335851023459063,0.16218446230264663,4.676644250616969,0.01,0.14374429427126958,0.41927080019811225,52.57223049300888,0.01,0.14297561318978189,0.33638333124873965,10.273687094076562,0.01,0.08863368385404097,0.14235361713921163,14.473808431497766
0.63,20.04570378414815,19.936683436309895,0.10902034783825384,-0.018926765133271895,1.400187726954738,0.05486293834231409,0.0768184129315827,0.0768184129315827,0.05708292064341036,0.01973549228817234,0.0,0,0.01,0.01,0.14447293001758305,0.2855509002314524,17.69487637706718,0.01,0.07835270768802458,0.1745522113673717,4.975207824352621,0.01,0.073354291474496,0.1621800148483312,4.6741326555163365,0.01,0.14374769469513332,0.41927466705734856,52.58844579489299,0.01,0.1429789896117023,0.3363871981079759,10.280471122279,0.01,0.08863605880580838,0.14235613362540944,14.486275852833138
0.64,20.056789010962962,19.926020993284332,0.13076801767862728,-0.018278306561314225,1.613321038303947,0.0548501375326786,0.08849088083533534,0.08849088083533534,0.06846997394394594,0.020020906891389394,0.0,0,0.01,0.01,0.14446866664143354,0.2855464114891892,17.69014464652641,0.01,0.07834833508611334,0.1745477226251085,4.975238975206423,0.01,0.07334993371297083,0.162175526106068,4.674217160465049,0.01,0.14375125376857562,0.4192785687664121,52.60035992791183,0.01,0.14298262689566676,0.3363910998170395,10.284129884068577,0.01,0.08863854683302076,0.14235867364192883,14.4908567009092
0.65,20.0694875,19.916222423050847,0.15326507694915378,-0.015924436340072706,1.83471275879225,0.05483837342467501,0.1006126633936651,0.1006126633936651,0.08024940663255598,0.020363256761109127,0.0,0,0.01,0.01,0.14446464052585445,0.28554228648691793,17.6894252968562,0.01,0.07834419853717475,0.1745435976228372,4.978187411587394,0.01,0.07334582452138652,0.1621714011037967,4.67703808090299,0.01,0.14375465636980536,0.419282153376625,52.606689658853256,0.01,0.14298620481188418,0.3363946844272524,10.284222516401902,0.01,0.08864092768991216,0.14236100798057091,14.486757883813098
0.66,20.08389578903704,19.908259750536125,0.17563603850091417,-0.011884328415820338,2.055986842516374,0.05482881318749902,0.11272731850428623,0.11272731850428623,0.09196281471001433,0.020764503794271905,0.0,0,0.01,0.01,0.14446123889960796,0.28553893440432127,17.6931965181082,0.01,0.07834069523209022,0.17454024554024056,4.984086428442225,0.01,0.07334235972964219,0.16216804902120008,4.682626055342319,0.01,0.14375757955006607,0.41928506566792834,52.606310955537396,0.01,0.14298939015553996,0.33639759671855574,10.280444375203219,0.01,0.08864297533794128,0.14236290502945925,14.473491939561642
0.67,20.100108015851852,19.90307329347198,0.19703472237987468,-0.006248968874224181,2.2689819340659585,0.0548225860191706,0.1243914572562751,0.1243914572562751,0.10316713938845312,0.021224317867821977,0.0,0,0.01,0.01,0.14445884074867169,0.28553675105879694,17.70177517699912,0.01,0.07833821414888904,0.1745380621947162,4.992852330131513,0.01,0.07333992643038145,0.1621658656756757,4.690902178168258,0.01,0.14375970643991942,0.4192869622440318,52.598301482474746,0.01,0.142991851869436,0.3363994932946591,10.272627282942274,0.01,0.08864446773568001,0.14236414070419356,14.450890634352616
0.68,20.118215936,19.90153192452912,0.21668401147088137,0.0008237841184973362,2.466140518335108,0.054820735338275084,0.13519563666264547,0.13519563666264547,0.11345548309788123,0.02174015356476424,-0.0,0,0.01,0.01,0.14445780079132,0.285536102191107,17.715304601062126,0.01,0.07833711958756641,0.17453741332702627,5.004288764344991,0.01,0.07333888660030982,0.16216521680798573,4.701682051851748,0.01,0.14376073950412596,0.4192875258388069,52.5819781794381,0.01,0.14299327520023514,0.3364000568894343,10.260741831512847,0.01,0.08864519624985384,0.14236450794167455,14.419112089002505
0.6900000000000001,20.138308940592594,19.9043958074492,0.23391313314339748,0.009109135074163846,2.640879939296716,0.05482417391873384,0.14478406109049843,0.14478406109049843,0.12247663011024479,0.02230743098025365,-0.0,0,0.01,0.01,0.1444582255035244,0.28553730779661907,17.740759331907718,0.01,0.07833752393952301,0.17453861893253836,5.023333075557066,0.01,0.07333934739179718,0.16216642241349785,4.7203178767125475,0.01,0.14376024819459574,0.41928647865406327,52.56265600945195,0.01,0.142993276501128,0.3363990097046906,10.24625774248842,0.01,0.0886448595195083,0.14236382561197372,14.388742533567095
0.7000000000000001,20.160474074074074,19.91227703426928,0.2481970398047934,0.0183204029737383,2.787987265484143,0.05483363649911422,0.15287548027971695,0.15287548027971695,0.12995566614891207,0.02291981413080487,-0.0,0,0.01,0.01,0.14446031284537986,0.2855406255737204,17.78001425534289,0.01,0.07833960691195901,0.1745419367096397,5.051779778741904,0.01,0.07334153284445633,0.16216974019059918,4.747521985989637,0.01,0.143757984445537,0.4192835964523607,52.541165576816496,0.01,0.14299125725288114,0.3363961275029881,10.234345496173379,0.01,0.08864327974115582,0.1423619479317239,14.362587899903193
0.71,20.184796052,19.925616412298407,0.2591796397015925,0.028147810440523835,2.9038604482171553,0.054849651803033424,0.15927573446931154,0.15927573446931154,0.1357061420077621,0.02356959246154943,-0.0,0,0.01,0.01,0.14446445508614938,0.28554624116751354,17.82604487018922,0.01,0.07834378493092652,0.1745475523034328,5.083822632497848,0.01,0.07334583394540099,0.1621753557843923,4.777769608816829,0.01,0.14375392255423375,0.41927871679285555,52.51276037678572,0.01,0.1429873356230048,0.3363912478434829,10.221130163840758,0.01,0.08864044265691759,0.14235877002412622,14.332691596647408
0.72,20.211357278814816,19.94467567035818,0.26668160845663863,0.03827621107114252,2.986599625166647,0.05487253311528988,0.1638822868340692,0.1638822868340692,0.13963416366248094,0.02424812317158824,-0.0,0,0.01,0.01,0.1444708309854333,0.2855542648979011,17.87650261930633,0.01,0.07835025128787758,0.1745555760338204,5.1173453621614025,0.01,0.07335242626971059,0.1621833795147799,4.809264904683132,0.01,0.14374796257397582,0.4192717417281162,52.47751911088675,0.01,0.14298144594125156,0.33638427277874355,10.20616996047831,0.01,0.0886362798496166,0.14235422979366305,14.29961801414335
0.73,20.24023786562963,19.96953720515922,0.27070066047041,0.048393989971119614,3.0360220183469027,0.05490237796648693,0.16668482836585816,0.16668482836585816,0.14173853437595751,0.024946293989900642,-0.0,0,0.01,0.01,0.14447951986901245,0.2855647316532019,17.929885389193643,0.01,0.07835909197194828,0.1745660427891212,5.1510597067640775,0.01,0.0733613868169641,0.16219384627008068,4.840872022207511,0.01,0.14374006175739984,0.4192626378733274,52.43577795011316,0.01,0.14297353697369558,0.3363751689239548,10.18971500177593,0.01,0.08863076351507448,0.14234830798918663,14.264125504623165
0.74,20.271515648,20.000109017660034,0.27140663033996815,0.05820382373604919,3.0536220115968202,0.05493907410934598,0.16776316599704785,0.16776316599704785,0.14210817933526743,0.02565498666178043,-0.0,0,0.01,0.01,0.14449052384583447,0.28557760295932966,17.984859183246197,0.01,0.0783703115958959,0.17457891409524895,5.183915285673378,0.01,0.07337271435956325,0.16220671757620847,4.871633870126208,0.01,0.14373023532634183,0.4192514347186259,52.38804430700576,0.01,0.14296361498724242,0.33636396576925326,10.172088813392909,0.01,0.08862390710834886,0.14234102701399265,14.22700425700072
0.75,20.305266203703702,20.036136368010425,0.26912983569327714,0.06743483461184684,3.04246163895902,0.05498231361814755,0.16728158000442805,0.16728158000442805,0.14091605244597127,0.026365527558456767,-0.0,0,0.01,0.01,0.14450377471847475,0.2855927718688944,18.040186951207897,0.01,0.07838384158842815,0.17459408300481372,5.215016332010299,0.01,0.07338633596472603,0.16222188648577318,4.900726754606716,0.01,0.14371855325118776,0.4192382206161095,52.33496834730191,0.01,0.14295174381364084,0.3363507516667369,10.153631747650241,0.01,0.08861576293595594,0.14233244811981344,14.18904084190569
0.76,20.34156287051852,20.077220164451578,0.2643427060669401,0.07585382805380116,3.006991975495466,0.055031615117100925,0.16547962505567745,0.16547962505567745,0.13840951723499084,0.027070107820686622,-0.0,0,0.01,0.01,0.1445191408389802,0.28561007067897953,18.094753408749604,0.01,0.07839954760420609,0.1746113818148988,5.243626617187682,0.01,0.07340211407223829,0.1622391852958583,4.927473170073389,0.01,0.1437051348252596,0.4192231364058192,52.27730906856134,0.01,0.14293803975835845,0.33633566745644655,10.1346831010125,0.01,0.08860641812147792,0.14232266698461565,14.150984098701688
0.77,20.380476764,20.12284129554866,0.25763546845134155,0.08327479500404632,2.9528142975820733,0.05508635316886434,0.16265977123867817,0.16265977123867817,0.1348976158318166,0.027762155406861576,-0.0,0,0.01,0.01,0.14453643621689652,0.2856292811480737,18.14759735549952,0.01,0.07841723907740485,0.17463059228399297,5.269181832755493,0.01,0.07341985599858195,0.1622583957649525,4.951354753659109,0.01,0.1436901412431422,0.41920636692373886,52.21589625924546,0.01,0.14292266418348903,0.3363188979743662,10.115566252711242,0.01,0.08859598912420229,0.1423118078679814,14.1135135997232
0.78,20.422076795259258,20.172389781924082,0.2496870133351784,0.0895662442421103,2.8863934670579154,0.0551457934504542,0.15917245795111618,0.15917245795111618,0.13073581446509552,0.02843664348602066,-0.0,0,0.01,0.01,0.14455543182328917,0.2856501467428236,18.19793762866692,0.01,0.07843668098892743,0.17465145787874287,5.291295972426352,0.01,0.07343932566645543,0.1622792613597024,4.97201836407001,0.01,0.14367376649921687,0.41918813074775174,52.15158983034186,0.01,0.14290581426471702,0.33630066179837914,10.096574838042393,0.01,0.0885846150713812,0.14230001661827768,14.07721182652993
0.79,20.466429688740742,20.22519741703733,0.24123227170341566,0.09465606081324093,2.8147380471225425,0.05520913209522736,0.15539924465705074,0.15539924465705074,0.1263089220987046,0.029090322558346135,-0.0,0,0.01,0.01,0.14457586856410787,0.285672386358131,18.24519176371573,0.01,0.07845760731409894,0.17467369749405035,5.309761209437166,0.01,0.07346025698070892,0.16230150097500984,4.989276075730127,0.01,0.1436562269948598,0.41916866861227975,52.085238073403154,0.01,0.14288771233289516,0.3362811996629071,10.077960217609537,0.01,0.0885724502172832,0.14228745285512118,14.042540863756864
0.8,20.5136,20.280572420929172,0.23302757907082922,0.0985336839674975,2.745062813803767,0.05527553740772378,0.1517348222509616,0.1517348222509616,0.12201295508212195,0.029721867168839657,-0.0,0,0.01,0.01,0.14459747128048844,0.2856957088920933,18.28898831378018,0.01,0.07847973548037546,0.17469702002801257,5.3245427965483065,0.01,0.07348236818528149,0.16232482350897207,5.003100678629499,0.01,0.14363775029847362,0.41914823098287113,52.0176365277093,0.01,0.14286859425945098,0.33626076203349853,10.059920652425511,0.01,0.08855965587715178,0.14227428168447004,14.009824293920131
0.81,20.56365013348148,20.337834542587956,0.22581559089352723,0.10124950397026147,2.6844496833804734,0.05534419205802283,0.1485686988471075,0.1485686988471075,0.11823676690285723,0.030331931944250268,-0.0,0,0.01,0.01,0.14461996310314196,0.2857198280190054,18.329173588332928,0.01,0.07850278113941461,0.17472113915492468,5.335770324213667,0.01,0.07350537651761846,0.16234894263588417,5.013617863480165,0.01,0.14361856354476188,0.41912706532826216,51.949489234012084,0.01,0.1428486973894804,0.33623959637888956,10.042592606719065,0.01,0.08854639220445948,0.1422606653230483,13.97923489175711
0.8200000000000001,20.616640360296298,20.39634902255181,0.2202913377444898,0.10291149594956385,2.6395226714438906,0.05541433384115564,0.14626739049669074,0.14626739049669074,0.11534427471792619,0.030923115778764554,-0.0,0,0.01,0.01,0.1446430794954181,0.28574447649221035,18.365812996625216,0.01,0.07852647257458047,0.17474578762812965,5.343726063442712,0.01,0.073529012491155,0.16237359110908914,5.021095676094285,0.01,0.14359888198498527,0.4191054036545494,51.881374170546394,0.01,0.14282824855428128,0.3362179347051768,10.026044585306272,0.01,0.08853281018469267,0.14224675501238293,13.950788617576768
0.8300000000000001,20.672628836,20.455557873859785,0.21707096214021462,0.10367923624157634,2.616151396206364,0.055485293151384986,0.14515792714691525,0.14515792714691525,0.11365808999456106,0.03149983715235419,-0.0,0,0.01,0.01,0.14466658135561133,0.2857694193268791,18.39918662824754,0.01,0.07855056410889329,0.17477073046279842,5.348830530261985,0.01,0.07355303317628933,0.16239853394375792,5.0259312914764465,0.01,0.14357889820403627,0.4190834508688267,51.81371458239199,0.01,0.1428074527013874,0.3361959819194541,10.010273865086205,0.01,0.08851904420742893,0.14223268358935143,13.924345269327379
0.84,20.73167161837037,20.515007059364674,0.21666455900569837,0.10375557515384672,2.6191959301720056,0.05555652547295307,0.14551342541325604,0.14551342541325604,0.11344529781092905,0.032068127602326996,-0.0,0,0.01,0.01,0.14469026661033402,0.28579446526223423,18.429778327086503,0.01,0.0785748479454625,0.1747957763981535,5.351624979828987,0.01,0.0735772339137427,0.162423579879113,5.028634782499888,0.01,0.1435587724995558,0.4190613745138856,51.74675771288315,0.01,0.14278648266132085,0.336173905564513,9.995206393207328,0.01,0.08850520555046498,0.14221855904946096,13.899615956616042
0.85,20.793822685185184,20.574368334983355,0.21945435020182705,0.10337636111563614,2.6523036027860627,0.05562763742499029,0.14754138315677856,0.14754138315677856,0.11490602906539693,0.03263535409138164,-0.0,0,0.01,0.01,0.1447139798142816,0.28581947598269786,18.45825739695596,0.01,0.07859916395973562,0.17482078711861718,5.352750329607389,0.01,0.07360145797902273,0.16244859059957667,5.029809388534961,0.01,0.14353862487119615,0.41903929635939524,51.68056212267822,0.01,0.1427654705243842,0.3361518274100226,9.980699995341935,0.01,0.08849137706594072,0.14220445939183804,13.876177300654467
0.86,20.859133952,20.63345478493023,0.22567916706977206,0.10279871597831106,2.7177657820250283,0.055698405209772844,0.1513752197924852,0.1513752197924852,0.11816533555577657,0.03320988423670862,-0.0,0,0.01,0.01,0.1447376193734997,0.2858443726851554,18.485452254238005,0.01,0.07862340706677831,0.17484568382107468,5.352922046500525,0.01,0.07362560381931502,0.16247348730203418,5.030127847978666,0.01,0.1435185289949404,0.41901728624910894,51.61499434965396,0.01,0.14274450102812902,0.33612981729973634,9.96655087049831,0.01,0.08847760930045165,0.1421904289728973,13.853491946149353
0.87,20.927655289925926,20.692229384658077,0.2354259052678499,0.10228844146682711,2.8164398335200427,0.055768784686071673,0.1570694266568548,0.1570694266568548,0.12326871574236731,0.033800710914487504,-0.0,0,0.01,0.01,0.14476114212429886,0.28586913971003186,18.512315815038704,0.01,0.07864753190236098,0.17487045084595118,5.352900811935547,0.01,0.07364962959961,0.16249825432691067,5.030304645648123,0.01,0.14349850846096415,0.4189953584917393,51.54973514629695,0.01,0.14272360725934466,0.3361078895423667,9.95250315442004,0.01,0.0884639182116242,0.1421764765217387,13.830934612736277
0.88,20.999434543407407,20.750806274020544,0.2486282693868636,0.10210718550420032,2.9477384847438066,0.05583891270381494,0.16459851192328515,0.16459851192328515,0.1301814574300858,0.034417054493199345,-0.0,0,0.01,0.01,0.1447845651225142,0.2858938251003251,18.539883131149082,0.01,0.07867155467811425,0.17489513623624445,5.353459274455258,0.01,0.07367355491741408,0.16252293971720394,5.031064515180855,0.01,0.1434785354390623,0.41897347095165827,51.484294969184006,0.01,0.1427027688585237,0.3360860020022856,9.93826112909176,0.01,0.08845028456592283,0.1421625748882585,13.80782254374854
0.89,21.074517548,20.809444787553,0.265072760446997,0.10250000946297304,3.1096858169846486,0.05590909976990672,0.1738597345948586,0.1738597345948586,0.13879177281450883,0.03506796178034977,-0.0,0,0.01,0.01,0.14480796462200085,0.28591853810677054,18.569222686818375,0.01,0.07869555219261593,0.1749198492426898,5.355345852599683,0.01,0.07369745966904523,0.1625476527236493,5.033108170260895,0.01,0.1434585318102682,0.41895152685318715,51.41803783597548,0.01,0.14268191278676276,0.33606405790381455,9.923503462462063,0.01,0.08843665502054833,0.1421486625092197,13.783448870102708
0.9,21.15294814814815,20.868536649201026,0.2844114989471213,0.10368397122568755,3.299036175222652,0.05597981454287869,0.1846794332592119,0.1846794332592119,0.14891751261478958,0.03576192064442232,-0.0,0,0.01,0.01,0.14483147234177357,0.28594344380973585,18.6013837128871,0.01,0.07871965809698395,0.17494475494565515,5.359247267946802,0.01,0.0737214801700233,0.16257255842661464,5.037076923726402,0.01,0.14343837267536488,0.4189293791690195,51.350212160712346,0.01,0.14266091658327762,0.3360419102196469,9.90789870375613,0.01,0.08842294481057977,0.14213464649298554,13.7571171397436
0.91,21.234768214962966,20.928587073462975,0.3061811414999906,0.10583827537749033,3.511449532770174,0.05605166105090167,0.19682257900818081,0.19682257900818081,0.16031607080068455,0.03650650820749626,-0.0,0,0.01,0.01,0.14485526923374295,0.2859687551699364,18.6373427094695,0.01,0.07874405662183762,0.17497006630585574,5.36575214406276,0.01,0.07374580274349522,0.16259786978681523,5.0435184673621585,0.01,0.14341789202933267,0.4189068373296101,51.27998677690789,0.01,0.14263961391500468,0.3360193683802375,9.891121156922756,0.01,0.08840904188549897,0.14212040714521007,13.728175112718004
0.92,21.320017664,20.990190803526733,0.32982686047326915,0.10909644543045856,3.7417143830816424,0.05612534987017799,0.21000502886473438,0.21000502886473438,0.17269694030323468,0.03730808856149968,-0.0,0,0.01,0.01,0.14487957706448695,0.2859947229420136,18.677952927409414,0.01,0.07876897407047023,0.17499603407793293,5.375318459310477,0.01,0.07377065509152032,0.16262383755889243,5.05285648942379,0.01,0.1433968902837055,0.41888367587563624,51.206490098157765,0.01,0.1426178021066052,0.33599620692626364,9.872866223573043,0.01,0.08839481227124787,0.1421058036900806,13.696045917927947
0.93,21.408734473037036,21.054004342852576,0.35473013018445854,0.11354085135618909,3.984007164450918,0.056201664769416355,0.2239078350954235,0.2239078350954235,0.18573626183240766,0.03817157326301586,-0.0,0,0.01,0.01,0.14490464821281143,0.28602162398036063,18.723900696658795,0.01,0.07879466847006476,0.1750229351162799,5.388247756437916,0.01,0.07379629585298166,0.16265073859723939,5.065366875739021,0.01,0.14337514323323727,0.4188596445873554,51.12885026727299,0.01,0.1425952512468258,0.33597217563798276,9.85286435321149,0.01,0.08838010637876187,0.14209068088854923,13.660254824272924
0.9400000000000001,21.500954699851853,21.120715788183034,0.380238911668817,0.11919978893608715,4.232175656140044,0.05628142650724568,0.23819288315680018,0.23819288315680015,0.1990926285846223,0.03910025457217789,-0.0,0,0.01,0.01,0.14493075415825468,0.28604974853042325,18.775672119473505,0.01,0.07882141784829307,0.17505105966634257,5.404668698203472,0.01,0.0738230028276614,0.16267886314730207,5.081162893587597,0.01,0.1433524120039945,0.41883447956754666,51.0462342075984,0.01,0.14257171440083347,0.335947010618174,9.830892858026326,0.01,0.08836476594039952,0.1420748762190838,13.62045018574001
0.9500000000000001,21.596712500000002,21.19101374369696,0.4056987563030412,0.1260471667513627,4.480032801737501,0.056365455556305524,0.252519089777126,0.252519089777126,0.212423372062025,0.040095717715101,-0.0,0,0.01,0.01,0.14495817319212992,0.28607938712881875,18.83353276970083,0.01,0.07884950766515181,0.17508069826473802,5.424531800806876,0.01,0.07385106040654793,0.1627085017456975,5.100190992947246,0.01,0.14332845348923692,0.4188079147302108,50.9578836924516,0.01,0.14254693842061347,0.33592044578083813,9.806785026258849,0.01,0.08834863123362238,0.14205822726918055,13.576417544762705
0.96,21.696040144592594,21.265556788908796,0.4304833556837997,0.13400472289207754,4.7216470752475255,0.056454535520938244,0.2665583925268956,0.2665583925268956,0.2254005579514845,0.041157834575411126,-0.0,0,0.01,0.01,0.14498717791934246,0.2861108177324669,18.89752176181819,0.01,0.07887921797595612,0.1751121288683862,5.447616056968213,0.01,0.07388074679013365,0.1627399323493457,5.122237769279886,0.01,0.14330303077679057,0.41877969315367924,50.86314685357723,0.01,0.1425206748369303,0.33589222420430664,9.780436178749532,0.01,0.08833154824714731,0.14204057898712907,13.528086370853341
0.97,21.798968038074072,21.3449448936198,0.45402314445427194,0.14294657563809346,4.95161583083322,0.05654937892215212,0.2800107998947149,0.2800107998947149,0.23772596252954636,0.04228483736516855,-0.0,0,0.01,0.01,0.14501802313251724,0.28614429366344124,18.967460074066494,0.01,0.07891081092561651,0.17514560479936053,5.473546854448429,0.01,0.07391232159435272,0.16277340828032003,5.146947395086648,0.01,0.14327592309430096,0.4187495777900605,50.761503912329374,0.01,0.14249269033444104,0.3358621088406879,9.751806530747128,0.01,0.08831337545783463,0.14202179046192714,13.47552941394313
0.98,21.905524736,21.429694032716462,0.47583070328353727,0.15270581634766245,5.165309053176959,0.05665059685618951,0.2926178408091539,0.2926178408091539,0.24914437363133757,0.043473467177816284,-0.0,0,0.01,0.01,0.14505093462638255,0.28618003289710053,19.042971580423906,0.01,0.07894451917038528,0.1751813440330198,5.501823340619741,0.01,0.07394601443270238,0.1628091475139793,5.173847672730732,0.01,0.14324693484229262,0.41871736107720814,50.652586293529176,0.01,0.14246277635219076,0.3358298921278355,9.720920920569688,0.01,0.08829398991492984,0.14200174093239828,13.418955108927765
0.99,22.015736962814813,21.5202150651859,0.4955218976289122,0.1630827808961707,5.359072499849177,0.05675867380692787,0.30417384792661695,0.30417384792661695,0.259454658880644,0.04471918904597297,-0.0,0,0.01,0.01,0.14508609947753387,0.28621820914193047,19.123514112691318,0.01,0.0789805357860749,0.17521952027784976,5.531852418932864,0.01,0.0739820150193866,0.16284732375880925,5.202382008262289,0.01,0.14321590334403786,0.41868287306827323,50.536188636799345,0.01,0.14243075740974417,0.33579540411890063,9.687865629548691,0.01,0.08827329236934829,0.14198033477147592,13.358693837456865
1.0,22.12962962962963,21.616797719035098,0.5128319105945307,0.17385458730922074,5.5303813156671255,0.05687394862346244,0.3145346228154087,0.3145346228154087,0.2685181604750325,0.04601646234037619,-0.0,0,0.01,0.01,0.1451236582427204,0.28625894506615085,19.20841721327785,0.01,0.07901900614959143,0.17526025620207014,5.56298606468392,0.01,0.07402046526178256,0.16288805968302963,5.231944204586296,0.01,0.14318270501056932,0.41864598777156836,50.41227353253408,0.01,0.14239649782928754,0.33575851882219576,9.65278263463292,0.01,0.08825121123650494,0.14195750524512996,13.295179112903456
1.01,22.247225852,21.719600279292877,0.5276255727071228,0.18478549862577054,5.677937692555861,0.056996602377451716,0.3236231569865521,0.3236231569865521,0.27626410384380073,0.04735905314275136,-0.0,0,0.01,0.01,0.14516369943087018,0.28630230792372574,19.296923117039793,0.01,0.07906002217655955,0.17530361905964503,5.5945586773194105,0.01,0.07406145370520706,0.16293142254060455,5.261913060551472,0.01,0.1431472596942772,0.41860662747533994,50.2809690734929,0.01,0.14235990660143613,0.33571915852596734,9.615861705993705,0.01,0.0882277052387703,0.1419332169045453,13.22892490000307
1.02,22.368546967703704,21.828645320312148,0.539901647391557,0.19563765766947447,5.8017089196859155,0.0571266535029194,0.3314322151796941,0.3314322151796941,0.28269184151772375,0.048740373661970364,-0.0,0,0.01,0.01,0.1452062564864159,0.28634830772522324,19.388227860556803,0.01,0.07910361916960366,0.17534961886114253,5.6259216806592125,0.01,0.07410501256676624,0.16297742234210202,5.291684263707733,0.01,0.14310953308214078,0.41856476491514183,50.14255953393416,0.01,0.14232094022357575,0.3356772959657692,9.577330794451782,0.01,0.08820276463522761,0.1419074665323704,13.160500327890416
1.03,22.493612554518517,21.94382156446698,0.549790990051538,0.20618174107097298,5.9029050784536645,0.05726396030479116,0.3380237220955208,0.3380237220955208,0.2878698892259618,0.05015383286955898,-0.0,0,0.01,0.01,0.1452513073923634,0.28639689799037255,19.48152010922746,0.01,0.07914977539039304,0.17539820912629184,5.656473379062647,0.01,0.07415111745819092,0.16302601260725136,5.320697819712181,0.01,0.1430695370577426,0.4185204232243228,49.99746967932972,0.01,0.14227960342193785,0.3356329542749502,9.537445159262072,0.01,0.08817641100960134,0.1418802826269646,13.09050302641316
1.04,22.622440448,22.064891693889546,0.5575487541104525,0.21620709179181072,5.983898539473749,0.057408230610556076,0.3435250273042787,0.3435250273042787,0.29193184498858993,0.05159318231568879,-0.0,0,0.01,0.01,0.1452987768698602,0.2864479790119185,19.5760161225502,0.01,0.07919841432549692,0.1754492901478378,5.6856829744079835,0.01,0.07419968976035704,0.1630770936287973,5.348460084219763,0.01,0.14302732803875437,0.41847367369017024,49.846243384863776,0.01,0.14223594775083126,0.3355862047407976,9.496475678133592,0.01,0.08814869564988338,0.14185172347073005,13.019532238261178
1.05,22.75504675925926,22.191505696399723,0.5635410628595354,0.22553091238392367,6.048090168010786,0.057559038040556475,0.3481222520532484,0.3481222520532484,0.2950694105126167,0.05305284154063174,-0.0,0,0.01,0.01,0.14534854102495293,0.28650140345700603,19.670990062825897,0.01,0.07924940948159868,0.17550271459292532,5.71310846215677,0.01,0.07425060148347162,0.16313051807388482,5.374560192134511,0.01,0.1429830033729784,0.4184246314193276,49.68951741071757,0.01,0.14219006814364107,0.335537162469955,9.454696768753827,0.01,0.08811969661333448,0.14182187388806952,12.948162757181313
1.06,22.89144589274074,22.323219097800195,0.5682267949405487,0.23400613627605307,6.099729601202737,0.05771584409525215,0.35205104268621173,0.35205104268621173,0.29752285409301693,0.054528188593194825,-0.0,0,0.01,0.01,0.14540043417938753,0.28655698403556,19.765799460737703,0.01,0.07930259142711929,0.1755582951714793,5.738408732616273,0.01,0.0743036823330478,0.1631860986524388,5.398681211744297,0.01,0.14293669595057404,0.41837344909571705,49.52799135043437,0.01,0.1421420975694465,0.33548598014634445,9.412374340960994,0.01,0.08808951462625934,0.1417908408534973,12.876920634268199
1.07,23.031650564,22.459515227519123,0.5721353364808763,0.24152764289316744,6.143699002330644,0.05787802501175179,0.3555851645215675,0.3555851645215675,0.2995693616579076,0.056015802863659904,-0.0,0,0.01,0.01,0.14545425752550473,0.2866145028780136,19.859906019178887,0.01,0.07935775669932701,0.17561581401393286,5.7613505568,0.01,0.07435872860680112,0.16324361749489236,5.420606651169049,0.01,0.14288856726155402,0.418320309091035,49.36239493185456,0.01,0.14209220002503253,0.3354328401416624,9.369754193408932,0.01,0.08805826801730664,0.14175874815904851,12.806261488164886
1.08,23.175671817481486,22.599830491161317,0.5758413263201689,0.24803654532500613,6.185271227189579,0.058044902136849534,0.3590234630720904,0.3590234630720904,0.30150981340014094,0.05751364967194945,-0.0,0,0.01,0.01,0.14550978916869414,0.28667372219073084,19.95289206529522,0.01,0.0794146781208285,0.17567503332665013,5.781811250494255,0.01,0.07441551347371063,0.16330283680760962,5.440223030687588,0.01,0.14283879919393694,0.41826541425957153,49.193453998312314,0.01,0.1420405621625384,0.3353779453101989,9.32705126628493,0.01,0.0880260869240994,0.1417257303904374,12.736552154756232
1.09,23.323519044296297,22.74358149011053,0.5799375541857678,0.2535223564106366,6.229854291427705,0.058215774409544875,0.3626757920340903,0.3626757920340903,0.3036545932951401,0.059021198738950155,-0.0,0,0.01,0.01,0.14556679506648865,0.28673439570014997,20.044472896674634,0.01,0.079473116017832,0.17573570683606926,5.7997777401984845,0.01,0.07447379813490786,0.16336351031702875,5.457519158670806,0.01,0.14278758492622548,0.41820897781223365,49.02185661501863,0.01,0.14198738391509805,0.335321508862861,9.284440157714895,0.01,0.08799310704393357,0.14169192649149978,12.66805631348001
1.1,23.4752,22.890192742654946,0.5850072573450571,0.2580229288885016,6.28273437892815,0.058389951451361846,0.3668485553674167,0.3668485553674167,0.30630908366199083,0.060539471705425854,-0.0,0,0.01,0.01,0.14562504034233398,0.28679628035946386,20.134505083191375,0.01,0.07953282980495742,0.17579759149538315,5.815342572517446,0.01,0.07453334333745827,0.16342539497634265,5.472582576459503,0.01,0.14273511931466357,0.41815121271510236,48.84822081512654,0.01,0.141932868533069,0.33526374376572976,9.242047299204762,0.01,0.08795946321852473,0.14165747321462663,12.600924622415956
1.11,23.63072082237037,23.03912372957604,0.5915970927943329,0.2616221645411445,6.348829390153286,0.05856678573455638,0.37183053055836174,0.37183053055836174,0.30975951343462593,0.06207101712373581,-0.0,0,0.01,0.01,0.1456843004448177,0.2868591477774051,20.222990559841612,0.01,0.07959358939747817,0.17586045891332444,5.8286971851913005,0.01,0.07459392070677989,0.16348826239428393,5.485593432108899,0.01,0.14268158920733334,0.41809232109125755,48.673065503717126,0.01,0.14187721247810955,0.3352048521418849,9.199945157775112,0.01,0.08792528314917568,0.14162249875988092,12.535189773763591
1.12,23.790086049185188,23.189894013951804,0.6001920352333832,0.2644455915415278,6.432464238368585,0.05874570234047628,0.3778796294629594,0.3778796294629594,0.31425981477205045,0.06361981469090894,-0.0,0,0.01,0.01,0.14574437163943813,0.2869227948393085,20.31007615074916,0.01,0.07965518593116093,0.17592410597522778,5.840122553579809,0.01,0.07465532338122431,0.16355190945618728,5.496815858687638,0.01,0.14262716413016763,0.4180324841169406,48.49678596214422,0.01,0.14182059563797902,0.335145015167568,9.158148782801703,0.01,0.08789068153166504,0.14158711689656622,12.470766735123485
1.1300000000000001,23.953298636000003,23.342105271399078,0.6111933646009273,0.2666540129512601,6.537177828027099,0.05892622493334787,0.38521121112361933,0.38521121112361933,0.3200200973588502,0.06519111376476919,-0.0,0,0.01,0.01,0.14580508035878964,0.28698705302671956,20.396048059382085,0.01,0.07971744131114,0.17598836416263883,5.849977187209123,0.01,0.0747173754723181,0.16361616764359832,5.506586811466454,0.01,0.1425719877817709,0.41797185289134664,48.31963523098466,0.01,0.14176317231883315,0.33508438394197404,9.116614939548153,0.01,0.08785575487964975,0.14155142183817856,12.407458264802976
1.1400000000000001,24.12035997392593,23.49545921108455,0.6249007628413794,0.26843552639888313,6.665569976565296,0.05910799675510588,0.39398848854575264,0.39398848854575264,0.3271972742941892,0.06679121425156344,-0.0,0,0.01,0.01,0.14586629099634824,0.28705179600257225,20.481320886719136,0.01,0.07978021617250378,0.17605310713849154,5.858682408316233,0.01,0.07477993993448068,0.16368091061945103,5.515302288593667,0.01,0.1425161707431956,0.41791054072190326,48.14171239614553,0.01,0.14170506344251732,0.3350230717725306,9.075243967415053,0.01,0.08782057727215041,0.14151548410563902,12.344965577599904
1.1500000000000001,24.29126990740741,23.64977056398079,0.6414993434266193,0.26999629915041284,6.819194559684121,0.059290795687028115,0.40431547138832485,0.40431547138832485,0.3358882707652905,0.06842720062303438,-0.0,0,0.01,0.01,0.14592791180593628,0.28711694511197006,20.56642091776148,0.01,0.0798434159135174,0.17611825624788932,5.866704914308871,0.01,0.0748429245058404,0.16374605972884881,5.523400936346267,0.01,0.14245978475574728,0.41784861720420013,47.96295846754137,0.01,0.1416463503240622,0.3349611482548275,9.03388437136908,0.01,0.08778519721615742,0.1414793475660165,12.282903798342275
1.16,24.466026752,23.804974553982426,0.6610521980175748,0.2715505482833471,6.998502964150386,0.05947454271257247,0.4162327634654272,0.4162327634654272,0.34612612148856636,0.07010664197686083,-0.0,0,0.01,0.01,0.1459898986596585,0.2871824725499912,20.651963745724817,0.01,0.07990699455384771,0.17618378368591045,5.874536808973836,0.01,0.07490628547328543,0.16381158716686994,5.531345222502924,0.01,0.1424028588464843,0.417786104390276,47.7831601407516,0.01,0.141587070331149,0.33489863544090337,8.992340006544165,0.01,0.08774963576160556,0.14144302777681464,12.220821583479355
1.17,24.64462731214815,23.961128537520032,0.6834987746281171,0.2733102176709984,7.202839613212368,0.059659303438366555,0.42971639410252344,0.42971639410252344,0.35787912151821977,0.07183727258430365,-0.0,0,0.01,0.01,0.14605225651726875,0.2872484020624899,20.73862675484614,0.01,0.07997095627040944,0.1762497131984092,5.882673565358303,0.01,0.07497002911570196,0.16387751667936867,5.539600632227974,0.01,0.1423453774910347,0.41772297523528074,47.601961294633135,0.01,0.1415272146363426,0.3348355062859081,8.950379559008063,0.01,0.08771388594552351,0.14140651170220364,12.158224036749244
1.18,24.82706689896296,24.11840778375067,0.708659115212292,0.27547485863062743,7.430488977507819,0.059845282669777934,0.44467971323362465,0.44467971323362465,0.37105304504172987,0.07362666819189476,-0.0,0,0.01,0.01,0.14611503856490748,0.28731480716738467,20.827117505410865,0.01,0.08003535456793279,0.17631611830330396,5.891590720373919,0.01,0.07503421078478704,0.16394392178426345,5.548613664701347,0.01,0.1422872809018396,0.41765915439688917,47.41888163574654,0.01,0.14146672816947975,0.33477168544751656,8.907747874359423,0.01,0.08767791357808616,0.14136975880063504,12.094597816859272
1.19,25.013339348,24.277095654408846,0.7362436935911543,0.2782222079232156,7.678771186658269,0.06003281237554552,0.4609782299234009,0.4609782299234009,0.38549629650629746,0.07548193341710341,-0.0,0,0.01,0.01,0.14617834308636748,0.287381807005647,20.918139585200834,0.01,0.08010028914569109,0.17638311814156632,5.9017204433713255,0.01,0.07509893168833326,0.1640109216225258,5.558789733138092,0.01,0.14222846742313922,0.4175945213416261,47.233341488110895,0.01,0.14140551176790833,0.3347070523922535,8.864178555148639,0.01,0.0876416593188715,0.14133270341668489,12.029437159093865
1.2,25.203437037037034,24.43756871388258,0.7658683231544543,0.28169991599092203,7.9441812003276135,0.06022233369413827,0.47841713117282947,0.47841713117282947,0.40100771627319454,0.0774094148996349,-0.0,0,0.01,0.01,0.14624230823121928,0.28744956004629163,21.012357924616946,0.01,0.08016590062212478,0.17645087118221095,5.913429402340247,0.01,0.07516433354231665,0.16407867466317044,5.570472332563994,0.01,0.1421687979085837,0.41752891559532435,47.04469137988904,0.01,0.14134342641297998,0.33464144664595175,8.819407153272943,0.01,0.08760504193018297,0.1412952583473357,11.962269434018062
1.21,25.39735090385185,24.600277540964143,0.79707336288771,0.2860188127351744,8.222564567908385,0.06041437391562957,0.49676109035102434,0.4967610903510243,0.4173466368700235,0.07941445348100087,-0.0,0,0.01,0.01,0.1463071049374447,0.28751825597173786,21.110365833243527,0.01,0.08023236337203866,0.17651956710765712,5.926999503911727,0.01,0.07523059135186037,0.16414737058861661,5.583924974093896,0.01,0.14210810185976133,0.41746214386872427,46.85224482526711,0.01,0.14128029933889522,0.33457467491935167,8.77318423603859,0.01,0.08756796253903769,0.14125731939759595,11.892678861943605
1.22,25.595070464,24.76572421115145,0.8293462528485495,0.29124801258391525,8.509321185653976,0.06060951960226796,0.5157458692038887,0.5157458692038887,0.43424468253853765,0.081501186665351,-0.0,0,0.01,0.01,0.14637292834826832,0.28758810615354763,21.21265603743151,0.01,0.08029987681374798,0.17658941728946692,5.9426130511237165,0.01,0.07529790466400156,0.16421722077042641,5.599317340076599,0.01,0.1420461850198906,0.4173939887000807,46.655312558742544,0.01,0.14121593171059918,0.33450651975070805,8.725287611276785,0.01,0.08753030969317244,0.14121877069525862,11.820327099991225
1.23,25.796583828592592,24.934437562680806,0.862146265911785,0.2974120613386146,8.799627224678213,0.06080838717752241,0.5350911392960997,0.5350911392960997,0.45141872921805604,0.08367241007804369,-0.0,0,0.01,0.01,0.14643998813055997,0.2876593331896859,21.31959774985364,0.01,0.08036865555327888,0.1766606443256052,5.9603436171999284,0.01,0.07536648770419153,0.16428844780656468,5.61671686702362,0.01,0.14198283805086742,0.41732421818921717,46.45323645678635,0.01,0.14115010749565618,0.33443674923984457,8.6755330577414,0.01,0.08749196496144312,0.1411794905018864,11.74496961406877
1.24,26.001877722074074,25.106947444824296,0.8949302772497768,0.30449022134092874,9.08866461651499,0.0610115924104359,0.5545139011379633,0.5545139011379633,0.4685843974138293,0.08592950372413397,-0.0,0,0.01,0.01,0.14650849815260425,0.28773216001065827,21.43142129898216,0.01,0.0804389188466301,0.17673347114657756,5.9801534852700575,0.01,0.07543655886065832,0.16436127462753705,5.636086527020551,0.01,0.14191784587664638,0.41725259635436585,46.24542147072562,0.01,0.14108260310410528,0.33436512740499325,8.623783015102049,0.01,0.08745280880685777,0.14113935723813337,11.666467024188448
1.25,26.2109375,25.283759171579767,0.9271783284202328,0.31241788578015783,9.371847190978865,0.06121972024742207,0.5737418632333144,0.5737418632333144,0.48546943752211136,0.08827242571120311,-0.0,0,0.01,0.01,0.14657866600951638,0.28780679907242157,21.548211154239343,0.01,0.08051087987608194,0.1768081102083409,6.001897907107515,0.01,0.07550833001318208,0.16443591368930038,5.657289008460095,0.01,0.1418509972527299,0.41717889362491334,46.03136407714572,0.01,0.1410131973417654,0.3342914246755407,8.56995283071325,0.01,0.0874127264519478,0.1410982554366933,11.584790939201866
1.26,26.423747166814813,25.46532936965416,0.9584177971606548,0.32109001353774974,9.645032787314967,0.061433296399265196,0.5925261580037513,0.5925261580037513,0.5018263851049376,0.09069977289881366,-0.0,0,0.01,0.01,0.14665068289283487,0.2878834421396422,21.669907405643215,0.01,0.08058473534950387,0.17688475327556147,6.02533577866054,0.01,0.0755819962127339,0.164512556756521,5.680096881107668,0.01,0.1417820941199325,0.4171028969885852,45.81067600207124,0.01,0.14094168121628411,0.33421542803921256,8.514014321750974,0.01,0.08737161346121639,0.14105608134513073,11.500024145259307
1.27,26.64028939362963,25.652044321601796,0.9882450720278364,0.3303663874653011,9.904711401262816,0.06165276198267725,0.6106528145291661,0.6106528145291661,0.5174439097048278,0.09320890482433836,-0.0,0,0.01,0.01,0.14672471428534228,0.28796225112580354,21.79631501705313,0.01,0.0806606559200261,0.17696356226172283,6.0501457241856516,0.01,0.07565772620379159,0.16459136574268232,5.704207770421561,0.01,0.1417109603189142,0.41702441933807727,45.58310226490564,0.01,0.14086786715006583,0.3341369503887046,8.45599657443683,0.01,0.08732938078325113,0.14101274792245969,11.412355345271777
1.28,26.860545536,25.844201770305997,1.016343765694004,0.3400784243824811,10.148160657106528,0.06187845235160583,0.6279524756772072,0.6279524756772072,0.5321563513043448,0.0957961243728625,-0.0,0,0.01,0.01,0.14680089192267887,0.28804335039982554,21.927119581724362,0.01,0.0807387778860832,0.17704466153574483,6.075946123524676,0.01,0.07573565424132603,0.16467246501670432,5.729263152688732,0.01,0.14163744927773372,0.4169433076063836,45.34853289206871,0.01,0.14079159718778542,0.33405583865701094,8.395984052293452,0.01,0.08728595902439433,0.1409681890059769,11.322068938928858
1.29,27.084495651703705,26.04199697809905,1.0424986736046542,0.35003720578758973,10.37356154728019,0.062110581043456646,0.6443079351916318,0.6443079351916318,0.5458510290622476,0.09845690612938422,-0.0,0,0.01,0.01,0.14687930740114638,0.28812682089575803,22.06190794391675,0.01,0.08081919656945519,0.17712813203167735,6.102317375946796,0.01,0.07581587359066864,0.16475593551263684,5.754869174577347,0.01,0.14156145033498632,0.4168594493386357,45.10700794887345,0.01,0.14071274983573206,0.3339719803892631,8.334112212111027,0.01,0.08724130176485549,0.14092236246653228,11.229530562409389
1.3,27.312118518518517,26.245513631578685,1.066604886939832,0.360042354596373,10.580069380173335,0.06234922952015142,0.6596591741235535,0.6596591741235535,0.558473012848858,0.10118616127469546,-0.0,0,0.01,0.01,0.14696000772928308,0.28821269627645524,22.20019193686305,0.01,0.08090196168452575,0.17721400741237453,6.1288246886661435,0.01,0.07589843201396941,0.16484181089333402,5.780617911686211,0.01,0.14148289342308878,0.4167727774179849,44.85871581962087,0.01,0.14063124523283901,0.3338853084686123,8.270560924445975,0.01,0.08719538777476743,0.14087525221903208,11.135169267879112
1.31,27.543391652,26.454719960450625,1.0886716915493768,0.3698913548872787,10.767837116387657,0.06259434311436117,0.6740056910627223,0.6740056910627223,0.5700271647237826,0.10397852633893975,-0.0,0,0.01,0.01,0.14704299302386648,0.28830096130762145,22.34143359846205,0.01,0.08098707491061319,0.17730227244354074,6.155039879355795,0.01,0.07598332944674124,0.16493007592450024,5.8061076790474875,0.01,0.14140175190733686,0.41668327274127226,44.603984925243104,0.01,0.14054704842619967,0.3337958037918996,8.205546064758838,0.01,0.08714822203973777,0.14082686900831481,11.039457313707638
1.32,27.77829132325926,26.66947020415128,1.108821119107977,0.3793888982746668,10.93799063675777,0.06284573330817839,0.687406042485031,0.687406042485031,0.5805773803224723,0.10682866216255867,-0.0,0,0.01,0.01,0.14712821644455498,0.2883915524988908,22.485070496026836,0.01,0.08107448976735185,0.1773928636348101,6.180561023973462,0.01,0.07607051795819557,0.1650206671157696,5.830961329189671,0.01,0.14131804345416968,0.4165909647247702,44.34326930587958,0.01,0.14046017060463237,0.3337034957753976,8.139309685360782,0.01,0.08709983556066041,0.14077724994646273,10.942888567485507
1.33,28.016792576740745,26.889511322074416,1.1272812546663284,0.38835584202270995,11.092557845779343,0.06310308618572688,0.6999746337623748,0.6999746337623748,0.5902430846982037,0.10973154906417103,-0.0,0,0.01,0.01,0.14721558635143417,0.2884843609672734,22.630540135222383,0.01,0.08116411377768804,0.17748567210319272,6.205029182079706,0.01,0.07615990397621004,0.1651134755841522,5.854841844321855,0.01,0.141231828884532,0.4164959296092562,44.07712871470242,0.01,0.1403706682300862,0.3336084606598836,8.072109203016238,0.01,0.08705028394865327,0.14072645683395396,10.845956507348284
1.34,28.258869248000007,27.114494610436715,1.1443746375632902,0.3966373804947534,11.23435574535839,0.06336597662359658,0.7118759235415477,0.7118759235415477,0.5991931590538857,0.11268276448766205,-0.0,0,0.01,0.01,0.14730497056219566,0.2885792373790322,22.77730276473934,0.01,0.08125581279078238,0.1775805485149515,6.228141814968549,0.01,0.07625135264803434,0.165208351995911,5.877464878882334,0.01,0.14114320905322877,0.4163982866251964,43.80620407192204,0.01,0.14027864009603125,0.3335108176758238,8.004206048416805,0.01,0.08699964489069874,0.1406745733516615,10.749132756277545
1.35,28.504493981481485,27.343991669789226,1.1605023116922608,0.4041100632508822,11.366841598142408,0.0636338875244114,0.7233163197639947,0.7233163197639947,0.6076375894810632,0.11567873028293149,-0.0,0,0.01,0.01,0.14739620248591212,0.28867599873259303,22.924862155607194,0.01,0.0813494172338114,0.17767730986851232,6.2496628211692276,0.01,0.07634469410667848,0.16530511334947182,5.898608187627161,0.01,0.14105231988039652,0.4162981921706157,43.53118931326189,0.01,0.1401842224318726,0.33341072322124304,7.9358542268102354,0.01,0.08694801461264978,0.14062170126144224,10.652847011922995
1.36,28.7536382482963,27.57751397062976,1.1761242776665404,0.41068734009058394,11.493935936003972,0.06390623317005734,0.7345341499679711,0.7345341499679711,0.6158172317376343,0.1187169182303368,-0.0,0,0.01,0.01,0.14748908882298561,0.2887744366612499,23.07278409897358,0.01,0.08144472997207396,0.1777757477971692,6.269429320412431,0.01,0.07643973132486502,0.1654035512781287,5.918118057785165,0.01,0.140959325743931,0.4161958322434589,43.2528008311076,0.01,0.1400875822599151,0.33330836329408625,7.867289236749397,0.01,0.08689550351157663,0.14056795579782072,10.557469148818615
1.37,29.006272364000004,27.814535099087163,1.191737264912843,0.41632337505764605,11.619826380166568,0.06418238558238805,0.7457881771322551,0.7457881771322551,0.6239921727432302,0.12179600438902495,-0.0,0,0.01,0.01,0.1475834184495857,0.28887432686397735,23.220712424983695,0.01,0.08154153538456914,0.17787563799989667,6.287355418388113,0.01,0.07653624916703859,0.16550344148085616,5.93591295086135,0.01,0.1408644115186852,0.41609141345339123,42.97174584083806,0.01,0.13998890929306895,0.3332039445040186,7.79871778669372,0.01,0.08684223116696796,0.14051346047007746,10.463294175661215
1.3800000000000001,29.26236550637038,28.054514638293274,1.2078508680771047,0.42101494650377247,11.748761976002095,0.0644617026398357,0.7573452008832555,0.7573452008832555,0.6324292356305145,0.12491596525274111,-0.0,0,0.01,0.01,0.147678972052654,0.2889754392191203,23.368382316161007,0.01,0.0816396092099697,0.17797675035503957,6.30343319740235,0.01,0.07663402419793554,0.16560455383599906,5.951984566647293,0.01,0.1407677736158196,0.4159851530108959,42.688691098260854,0.01,0.13988840673350636,0.3330976840615233,7.730308735210713,0.01,0.08678832096833841,0.14045834152113634,10.370530628212329
1.3900000000000001,29.521885733185186,28.296922560826363,1.2249631723588223,0.4248013363584088,11.884847988755455,0.06474355661586861,0.769467328630981,0.769467328630981,0.6413892172000873,0.12807811143089368,-0.0,0,0.01,0.01,0.1477755320503527,0.28907754810213165,23.515630606669017,0.01,0.08173872868740957,0.17807885923805097,6.317731131413876,0.01,0.07673283477551192,0.16570666271901047,5.966396496106222,0.01,0.14066961042997775,0.41587726814974746,42.40423343381295,0.01,0.13978628139086055,0.3329897992003748,7.662185656107252,0.01,0.0867338946139364,0.1404027223055489,10.279292864778077
1.4000000000000001,29.784800000000004,28.54126297883802,1.2435370211619825,0.4277622053533251,12.031850866042467,0.06502736178492977,0.782399519208464,0.782399519208464,0.6511144616915698,0.1312850575168941,-0.0,0,0.01,0.01,0.1478728923238087,0.28918044241713153,23.662402664620107,0.01,0.0818386825086141,0.17818175355305083,6.330390050887199,0.01,0.07683247094766137,0.16580955703401032,5.979280561532967,0.01,0.1405701126391852,0.41576796547805495,42.118873543380346,0.01,0.13968273357941205,0.3328804965286823,7.594421390573546,0.01,0.0866790667405688,0.14034671785263073,10.189597603941069
1.41,30.051074177925926,28.78709612427893,1.263978053646997,0.4300135477654108,12.19302238327688,0.06531259978578166,0.7963579910980405,0.7963579910980405,0.6618173612726885,0.13454062982535195,-0.0,0,0.01,0.01,0.14797086729932935,0.2892839348641323,23.808755389835362,0.01,0.08193928011259069,0.17828524600005158,6.341616715987851,0.01,0.07693274368626186,0.16591304948101107,5.9908308818983995,0.01,0.1404694538192758,0.41565743076924977,41.83299437451435,0.01,0.13957794727368522,0.33276996181987717,7.527034889844787,0.01,0.08662393993766535,0.14029042987194235,10.10136489633197
1.42,30.32067307140741,29.034057512449195,1.2866155589582131,0.43170191425192744,12.370950902692266,0.06559884154025275,0.8115200479679567,0.8115200479679567,0.6736703313362413,0.13784971663171539,-0.0,0,0.01,0.01,0.1480692999551241,0.2893878699993745,23.95485585920349,0.01,0.08204035989037305,0.17838918113529378,6.351675023048567,0.01,0.077033493027823,0.16601698461625328,6.001295673603996,0.01,0.14036778182887583,0.41554581969486426,41.546845265718375,0.01,0.13947208099855055,0.33265835074549166,7.459990570950299,0.01,0.08656860037977053,0.14023394243701698,10.014423553676401
1.43,30.593560436,29.281873375363848,1.3116870606361544,0.4329971791920362,12.567446261938029,0.06588576469297192,0.8280158072056185,0.8280158072056185,0.686797738917222,0.1412180682883966,-0.0,0,0.01,0.01,0.1481680683811347,0.2894921307041029,24.10097524106713,0.01,0.0821417959231934,0.1784934418400222,6.360874889068028,0.01,0.07713459474549576,0.1661212453209817,6.010966820719594,0.01,0.14026521139147496,0.41543324996448466,41.26053273694262,0.01,0.13936525990216023,0.332545781015112,7.393200303741015,0.01,0.08651311428147372,0.14017731855034765,9.928520868594315
1.44,30.869698996148145,29.530371631518864,1.3393273646292818,0.434084204291515,12.783463138704258,0.06617316575717168,0.845922225228171,0.845922225228171,0.7012701682451883,0.1446520569829827,-0.0,0,0.01,0.01,0.14826709059209456,0.28959664275472785,24.247477790244645,0.01,0.08224350295004014,0.17859795389064714,6.369558942828831,0.01,0.07723596524962309,0.16622575737160664,6.0201673335503525,0.01,0.14016181824836663,0.41531979527549284,40.974018500226634,0.01,0.13925756940824724,0.3324323263261202,7.326528021833322,0.01,0.08645752533872487,0.14012059774962007,9.843336253003457
1.45,31.149050462962965,29.779487877010606,1.369562585952357,0.4351538082022542,13.019065891486887,0.06646096641233627,0.8652597009341028,0.8652597009341028,0.7171012931098941,0.14815840782420864,-0.0,0,0.01,0.01,0.14836632737884625,0.2897013772808719,24.394805020779675,0.01,0.08234543934617386,0.1787026884167912,6.378087298001589,0.01,0.07733756449971566,0.16633049189775068,6.0292369587913495,0.01,0.1400576351823946,0.4152054813887583,40.68712487698414,0.01,0.13914905077055745,0.33231801243938563,7.2597968088641,0.01,0.08640185327244007,0.14006379486410128,9.758498212639635
1.46,31.43157555200001,30.02926612851273,1.4023094234872782,0.4363934886031532,13.273435932555003,0.06674921368811766,0.8859914114376533,0.8859914114376533,0.7342474971478952,0.15174391428975811,-0.0,0,0.01,0.01,0.1484657830771022,0.2898063510024797,24.543455511872335,0.01,0.08244760798863206,0.17880766213839902,6.386820880252891,0.01,0.07743939680552082,0.1664354656193585,6.038516395366344,0.01,0.139952650121216,0.4150902845408411,40.399547396650576,0.01,0.13903969876010852,0.33220281559146847,7.1927981637523715,0.01,0.08634609353662108,0.14000689997352495,9.673603874157118
1.47,31.717234001037035,30.279854308352082,1.4373796926849556,0.437978355925041,13.544920726398542,0.06703807407048842,0.9080253989351994,0.9080253989351994,0.7526102471597018,0.15541515177549756,-0.0,0,0.01,0.01,0.14856550423177128,0.28991162424739786,24.693961193844576,0.01,0.08255005498363209,0.17891293538331712,6.396104000658505,0.01,0.07754150949423043,0.16654073886427662,6.048330781946791,0.01,0.1398468064252438,0.4149741322846604,40.11087393910585,0.01,0.1389294616105914,0.3320866633352878,7.125303006384398,0.01,0.0862902181965728,0.1399498795626804,9.588240107798555
1.48,32.00598458785185,30.531494721775616,1.474489866076235,0.4400627256119872,13.83112160369401,0.06732782186458419,0.9312192915209123,0.9312192915209123,0.7720410885096163,0.15917820301129607,-0.0,0,0.01,0.01,0.1486655762341465,0.2900172968606556,24.84686133338584,0.01,0.08265286632971067,0.17901860799657487,6.406247075582296,0.01,0.07764398952035322,0.16664641147753437,6.058973320055852,0.01,0.13974000535556022,0.41485690672617864,39.82060940194346,0.01,0.1388182432345205,0.331969437776806,7.057073861821347,0.01,0.08623417792606208,0.13989267880633904,9.502005162688858
1.49,32.297785148,30.784510022282454,1.5132751257175492,0.4427727791889713,14.129015814144221,0.06761882242827551,0.9553874114229146,0.9553874114229146,0.7923490029690705,0.16303840845384415,-0.0,0,0.01,0.01,0.14876611810424942,0.2901235022201388,25.002675732698886,0.01,0.08275616268530438,0.17912481335605807,6.417510546194886,0.01,0.07774695819009239,0.16675261683701756,6.070690040097465,0.01,0.13963211060733086,0.41473845000213194,39.52820455425898,0.01,0.13870590760917592,0.3318509810527593,6.987877570236536,0.01,0.08617790501832648,0.13983522486423006,9.414529668579595
1.5,32.59259259259259,31.039285379329204,1.5533072132633823,0.44620064589396924,14.435106685973189,0.06791151113652552,0.9803099084614022,0.9803099084614022,0.8133097549927126,0.16700015346868952,-0.0,0,0.01,0.01,0.14886727567733465,0.29023039966492287,25.16187882195719,0.01,0.08286009249652344,0.17923171080084213,6.430091108759596,0.01,0.0778505642592923,0.16685951428180162,6.083666768520191,0.01,0.13952295469094697,0.4146185717305775,39.23308750654452,0.01,0.13859228512340227,0.3317311027812048,6.917497822118224,0.01,0.08612131725744254,0.13977743101740495,9.325495871599074
1.51,32.890362926074076,31.296247742377485,1.5941151836965888,0.45040018021652967,14.745594485129219,0.06820636913649879,1.0057434605898443,1.0057434605898443,0.8346767583461911,0.17106670224365308,-0.0,0,0.01,0.01,0.14896921352822318,0.2903381657174931,25.324876321263304,0.01,0.08296482381669507,0.1793394768534124,6.4441113001283075,0.01,0.07795497573959423,0.16696728033437191,6.098019285389582,0.01,0.1394123468520055,0.4144970580685393,38.934696099732484,0.01,0.13847718057984978,0.3316095891191667,6.845746821056714,0.01,0.08606432245616337,0.1397192014379814,9.23465406445685
1.52,33.191051263999995,31.555843227344035,1.6352080366559583,0.4553846214937628,15.05655963495815,0.06850389709759276,1.031433011876942,1.031433011876942,0.8561929258415579,0.17524008603538405,-0.0,0,0.01,0.01,0.149072106026437,0.2904469845358038,25.491985964248286,0.01,0.08307053521074258,0.17944829567172313,6.459613281065855,0.01,0.07806037080816927,0.16707609915268262,6.113787464305124,0.01,0.13930008214702985,0.41437368193434504,38.63250950143751,0.01,0.1383603824672333,0.3314862129849724,6.772475430521196,0.01,0.0860068234358902,0.13966043635583045,9.141835340302888
1.53,33.49461185081481,31.81851373037372,1.6760981204410927,0.461126225487258,15.36414941657459,0.06880458824292286,1.0571239743101581,1.0571239743101581,0.8776029236455662,0.17952105066459184,-0.0,0,0.01,0.01,0.1491761279562163,0.29055703806330424,25.663423429296333,0.01,0.08317740618175151,0.17955834919922353,6.476557337979162,0.01,0.07816692825941103,0.16718615268018303,6.130933876744019,0.01,0.13918595123792343,0.4142482138996749,38.326077390659364,0.01,0.13824167305736534,0.33136074495030227,6.69758126190683,0.01,0.08594872320537016,0.1396010373694961,9.046960029488535
1.54,33.80099807762963,32.084673897135886,1.7163241804937444,0.4675578603611319,15.664759154163347,0.0691089019668313,1.0825743047190979,1.0825743047190979,0.8986652394362782,0.18390906528281967,-0.0,0,0.01,0.01,0.14928144515618982,0.2906684963537359,25.839294163864412,0.01,0.08328560758160312,0.17966980748965516,6.494825220475565,0.01,0.0782748179598491,0.16729761097061466,6.14934695913931,0.01,0.13906975043652675,0.41412043322937675,38.015045297584905,0.01,0.13812083884443926,0.33123296428000415,6.62101429817809,0.01,0.08588993008775408,0.13954091264499333,8.950041448646749
1.55,34.1101625,32.35468954436291,1.755472955637088,0.4745764659464301,15.955199210625578,0.06941723929776501,1.1075658816475071,1.1075658816475071,0.9191634901675061,0.18840239148000107,-0.0,0,0.01,0.01,0.1493882056323015,0.2907815085330425,26.019591280708745,0.01,0.08339529247030598,0.1797828196689618,6.514228005970302,0.01,0.07838419176848858,0.1674106231499213,6.168848439119081,0.01,0.13895129152189303,0.41399013854556255,37.69917492163967,0.01,0.1379976808302618,0.33110266959618995,6.542779806699959,0.01,0.08583036255090148,0.13947998175493406,8.851184877911683
1.56,34.42205685570371,32.628859201408865,1.79319765429484,0.48205692020379026,16.232834784961696,0.06972992210664142,1.1319143051253584,1.1319143051253584,0.9389160961945198,0.19299820893083858,-0.0,0,0.01,0.01,0.14949653165386623,0.290896195098015,26.20420726063737,0.01,0.08350658794018807,0.1798975062339343,6.534523079796569,0.01,0.07849517544070729,0.16752530971489377,6.189209765123605,0.01,0.13883041077216685,0.4138571572970049,37.3783526417623,0.01,0.13787202410344918,0.3309696883476323,6.462935712998304,0.01,0.08576959937895982,0.1394181797835429,8.77611384195312
1.57,34.73663208251852,32.90742841057414,1.8292036719443738,0.48994583360699373,16.495469212729436,0.07004720977989133,1.1554615923617977,1.1554615923617977,0.9577688029499865,0.19769278941181118,-0.0,0,0.01,0.01,0.14960652087463452,0.2910126539382593,26.39313635494205,0.01,0.08361959560966198,0.18001396507417858,6.555559382042129,0.01,0.07860786954178194,0.16764176855513807,6.21029365104659,0.01,0.1387069679658216,0.41372133950998036,37.052448120183314,0.01,0.13774371901092614,0.33083387056060776,6.381510916718221,0.01,0.08570711266888024,0.1393554540314028,8.758869756627076
1.58,35.053838336000005,33.190597187059936,1.8632411489400666,0.4981058059067069,16.741281831280638,0.07036930800930373,1.1780724176559476,1.1780724176559476,0.9755907842293865,0.20248163342656114,-0.0,0,0.01,0.01,0.14971825430428334,0.2911309634870492,26.586267420393096,0.01,0.08373439998487327,0.18013227462296852,6.577134519973074,0.01,0.07872235767383154,0.167760078103928,6.231905995725181,0.01,0.13858083821370656,0.4135825547078245,36.72144790333292,0.01,0.13761263231628026,0.33069508575845186,6.298567993022076,0.01,0.08564363984669686,0.1392917622772936,8.743086475929625
1.59,35.373625007259264,33.47846469227898,1.8951603149802785,0.506341220522116,16.96924876709618,0.07069630625959393,1.1996632078338683,1.1996632078338683,0.9923036204861602,0.20735958734770807,-0.0,0,0.01,0.01,0.14983177660005326,0.2912511596594618,26.783253864433682,0.01,0.08385104928470784,0.1802524707953811,6.598903068672042,0.01,0.07883868668185559,0.16788027427634059,6.253718362571319,0.01,0.13845193499691347,0.41344071975595875,36.38557617630556,0.01,0.13747866711925086,0.33055325080658615,6.214286783409483,0.01,0.08557918391057612,0.1392270851483839,8.727149999157948
1.6,35.695940740740745,33.77101585502842,1.9249248857123242,0.5144495999143154,17.17923372149785,0.07102816333425013,1.2202094187278072,1.2202094187278072,1.0078883132776684,0.21232110545013888,-0.0,0,0.01,0.01,0.14994708703297638,0.29137323038795926,26.983666419615133,0.01,0.08396954544826778,0.18037454152387855,6.620501679738106,0.01,0.07895685715021482,0.16800234500483804,6.275387142696811,0.01,0.13832022114484768,0.4132958067767854,36.045207733402336,0.01,0.1373417765336675,0.33040833782741275,6.128899536533997,0.01,0.08551374575507333,0.13916142899634576,8.711453432304479
1.61,36.02073345200001,34.0681205841117,1.9526128678883024,0.5222320418717261,17.371979785199763,0.07136470737299268,1.2397462538603252,1.2397462538603252,1.022385706843798,0.2173605470165272,-0.0,0,0.01,0.01,0.15006413854514475,0.2914971154465301,27.18702418357177,0.01,0.08408984288028996,0.1804984265824494,6.641578004214578,0.01,0.07907682232881774,0.1681262300634089,6.296578972639267,0.01,0.13818571132067023,0.413147845049241,35.700847271329756,0.01,0.1372019673539254,0.33026037609986836,6.042670370465831,0.01,0.08544735183093698,0.13909482592862216,8.696403287670886
1.62,36.34795034548148,34.369538519713856,1.9784118257676278,0.5295026003318604,17.549058163517504,0.07170564217331457,1.258366485151871,1.258366485151871,1.0358940096011249,0.2224724755507462,-0.0,0,0.01,0.01,0.15018283933631052,0.29162270860294137,27.392816021415456,0.01,0.08421184994914997,0.18062401973886066,6.661806884273381,0.01,0.07919848969324479,0.16825182321982018,6.316985820269556,0.01,0.13804847182535718,0.4129969202025312,35.35310855775608,0.01,0.13705930031686978,0.33010945125315855,5.955882751303672,0.01,0.08538005351490141,0.13902733259555913,8.68237761747292
1.6300000000000001,36.6775379322963,34.67492897117912,2.0026089611171796,0.5360970146498085,17.71277776001738,0.07205055937204034,1.2762155456418882,1.276215545641888,1.0485636000431364,0.22765194559875182,-0.0,0,0.01,0.01,0.15030305660103593,0.29174986194077734,27.600521869896053,0.01,0.0843354327133663,0.18075117307669666,6.680903785512253,0.01,0.0793217247084225,0.16837897655765616,6.3363376601589465,0.01,0.13790861797660608,0.41284317076992577,35.002688801054674,0.01,0.1369138877636836,0.3299557018205531,5.868827012535529,0.01,0.08531192498688898,0.13895902782291636,8.669708630216846
1.6400000000000001,37.009442048,34.98386555686627,2.02557649113373,0.5418803947985195,17.86606061729991,0.0723989558719392,1.2934841342372871,1.2934841342372871,1.0605893706383196,0.2328947635989675,-0.0,0,0.01,0.01,0.1504246222127878,0.29187839213666333,27.80963365119021,0.01,0.08446042066047672,0.18087970327258265,6.69863561884772,0.01,0.07944635658640946,0.16850750675354215,6.3544127371667845,0.01,0.1377663091687307,0.4126867822350826,34.650339242367835,0.01,0.1367658888553126,0.32979931328570994,5.781787740325618,0.01,0.08524306003415037,0.13889000920851102,8.65866805929608
1.6500000000000001,37.34360787037037,35.29585484479012,2.0477530255802487,0.5467535035301877,18.012289792917183,0.07275025565538958,1.3103986873736893,1.3103986873736893,1.0722009769215302,0.23819771045215907,-0.0,0,0.01,0.01,0.15054734006492462,0.29200808838710046,28.019675343484007,0.01,0.08458661416113708,0.18100939952301975,6.71482888028125,0.01,0.07957218574258516,0.16863720300397925,6.371045341195456,0.01,0.13762174182221928,0.4125279788192947,34.296833278831194,0.01,0.13661550254831517,0.32964050986992205,5.695031490741128,0.01,0.08517356794423836,0.13882038884937348,8.649455558506412
1.6600000000000001,37.679979937185195,35.6103581045082,2.0696218326769964,0.5506573373771219,18.15513747396391,0.07310383492172876,1.3272101728779493,1.3272101728779493,1.0836514575411826,0.2435587153367667,-0.0,0,0.01,0.01,0.15067099470044704,0.29213872160137966,28.230221785708096,0.01,0.0847137932609207,0.18114003273729892,6.729375148535702,0.01,0.0796989925747499,0.16876783621825842,6.3861311225209985,0.01,0.1374751405334329,0.4123670133680155,33.942933550449474,0.01,0.13646295864144994,0.32947954441864286,5.60879533502748,0.01,0.08510356868759067,0.13875028840620054,8.642190508041237
1.67,38.018502164,35.92681513162864,2.091687032371356,0.5535757843144101,18.29838194191402,0.07345904932883655,1.3441817417089539,1.3441817417089539,1.0952047690844813,0.2489769726244726,-0.0,0,0.01,0.01,0.15079536080281988,0.2922700544165285,28.440915765729066,0.01,0.08484172737120486,0.18127136555244774,6.742234036014561,0.01,0.07982654712899108,0.16889916903340724,6.399630025346255,0.01,0.1373267478257245,0.4122041557929921,33.58935949932559,0.01,0.1363085072996603,0.3293166868436195,5.523276706686364,0.01,0.08503318762343934,0.13867983374286297,8.63690747900299
1.68,38.359117861925924,36.24466900425591,2.1144488576700113,0.5555362242154578,18.445722363319756,0.07381526202078681,1.3615758294111346,1.3615758294111346,1.1071228329412397,0.25445299646989505,-0.0,0,0.01,0.01,0.15092021308189668,0.29240185155040394,28.651482872442372,0.01,0.08497018538172493,0.1814031626863232,6.753433689973777,0.01,0.07995461917744456,0.1690309661672827,6.411566915786918,0.01,0.13717681297803447,0.41203968060672835,33.23675693162836,0.01,0.13615240754232155,0.32915221165735575,5.438624989887869,0.01,0.08496254998470659,0.13860914939868066,8.633555474413035
1.69,38.70176975540741,36.56339058175198,2.1383791736554323,0.5566080353862818,18.60060030162546,0.0741718710876726,1.3796413277254878,1.3796413277254878,1.1196527170908865,0.2599886106346012,-0.0,0,0.01,0.01,0.15104533607359827,0.2925338899922353,28.861743513042946,0.01,0.08509894570229647,0.18153520112815458,6.763068910100784,0.01,0.08008298821780603,0.1691630046091141,6.422029950652166,0.01,0.1370255804610951,0.41187385414336597,32.88567106962169,0.01,0.13599491524155838,0.32898638519399337,5.35493524224867,0.01,0.08489177540732826,0.1385383531590007,8.632000940513299
1.7,39.046400000000006,36.882501564208276,2.1638984357917326,0.5568990720596154,18.766036343247528,0.07452833513364325,1.398601445719681,1.398601445719681,1.1330145714996254,0.2655868742200556,-0.0,0,0.01,0.01,0.15117053338006287,0.29266596853746246,29.071621441996804,0.01,0.08522780575015929,0.18166727967338175,6.7712969116852175,0.01,0.08021145291305626,0.16929508315434125,6.431166699011467,0.01,0.13687327854073492,0.4117069220896291,32.53652446547814,0.01,0.13583627120994599,0.3288194531402565,5.272244382191193,0.01,0.0848209727664981,0.13846755098472466,8.63203442046151
1.71,39.39295020014814,37.20159499710422,2.191355203043919,0.5565502786653554,18.944489348827084,0.07488419572418532,1.4186428482923115,1.4186428482923115,1.1473909012147576,0.2712519470775538,-0.0,0,0.01,0.01,0.15129563590791162,0.2927979162056778,29.28114814888479,0.01,0.0853565904315506,0.18179922734159712,6.7783307438945615,0.01,0.0803398395216374,0.1694270308225566,6.439178012253936,0.01,0.1367201086095129,0.4115390979476845,32.18960095503406,0.01,0.13567668996198512,0.32865162899831185,5.190530087914886,0.01,0.0847502355667098,0.13839683254386623,8.633380598384049
1.72,39.74136142696297,37.52035222783855,2.2210091991244174,0.5557287014654486,19.13774463388585,0.07523909563973334,1.4399065988377309,1.4399065988377309,1.1629176972541033,0.27698890158362754,-0.0,0,0.01,0.01,0.15142050871436694,0.2929295991356501,29.490462533646692,0.01,0.08548515921952869,0.18193091027156938,6.784430390388713,0.01,0.08046800892141766,0.16955871375252887,6.446309658498915,0.01,0.13656623578060292,0.41137055301682257,31.845036559433453,0.01,0.1355163497088815,0.32848308406744997,5.109712549079107,0.01,0.08467963810485077,0.13832626755863428,8.635711352098186
1.73,40.091574236,37.8385554940514,2.2530187419486065,0.5546192412121421,19.346835917269658,0.07559279207246217,1.4624813447542082,1.4624813447542082,1.17967785468431,0.2828034900698981,-0.0,0,0.01,0.01,0.1515450561414945,0.2930609256272488,29.69980547242704,0.01,0.08561341150177806,0.18206223676316807,6.789891647218521,0.01,0.08059586190231634,0.1696900402441276,6.452841805904901,0.01,0.1364117812218489,0.41120140841310177,31.502817902406164,0.01,0.13535538409165562,0.3283139394637291,5.029659083713183,0.01,0.08460923258726721,0.13825590314127903,8.638661299742417
1.74,40.44352868503704,38.1560955397265,2.287433145310536,0.553415556703217,19.57200422180283,0.07594516415621158,1.4863990734908819,1.4863990734908819,1.1976971941475623,0.28870187934331965,-0.0,0,0.01,0.01,0.1516692250041877,0.29319184909285606,29.909509145481724,0.01,0.08574128995831591,0.18219316022877538,6.795032994360793,0.01,0.08072334248866153,0.16982096370973487,6.459076559516571,0.01,0.13625681662546466,0.4110317295481995,31.162788315835925,0.01,0.13519387607563704,0.32814426059882684,4.950191485676623,0.01,0.08453904733452373,0.13818576224291657,8.641845192311301
1.75,40.797164351851855,38.47297390305652,2.324190448795335,0.5523105741220914,19.812695143624257,0.07629621450300265,1.5116336385605553,1.5116336385605553,1.216943273246498,0.29469036531405746,-0.0,0,0.01,0.01,0.15179300569337253,0.29332236878577234,30.119981343310688,0.01,0.08586878182527771,0.18232367992169163,6.800180845140688,0.01,0.0808504391488107,0.16995148340265112,6.465323920565262,0.01,0.1361013611040473,0.4108615233656414,30.824661378373413,0.01,0.1350318543239769,0.3279740544162688,4.871095809665938,0.01,0.08446908615384821,0.13811584328422769,8.644876381440847
1.76,41.15242035199999,38.789299786901005,2.363120565098993,0.5514870777344696,20.067594100245184,0.07664606471876417,1.5381021161572825,1.5381021161572825,1.2373270344769927,0.30077508168028994,-0.0,0,0.01,0.01,0.1519164311575515,0.2934525282846523,30.331685356411988,0.01,0.08599591800256064,0.1824538394205716,6.805653753600273,0.01,0.08097718385151809,0.1700816429015311,6.471886727287337,0.01,0.1359453806820767,0.41069073849129933,30.48804119934803,0.01,0.13486929224455696,0.3278032695419267,4.792134143146769,0.01,0.0843993289016884,0.13804612097816474,8.647385492194449
1.77,41.50923535659259,39.1052816939352,2.4039536626573956,0.5511088522814623,20.334697398115036,0.07699494516993727,1.5656689112151332,1.5656689112151332,1.2587071943624584,0.30696171685267487,-0.0,0,0.01,0.01,0.15203957382832847,0.2935824118251757,30.54511644222964,0.01,0.08612277006531882,0.18258372296109496,6.8117463544390535,0.01,0.0811036490311728,0.17021152644205445,6.479045324045795,0.01,0.13578879042072947,0.41051926830398,30.152448355852673,0.01,0.13470610977039535,0.32763179935460734,4.713057771637089,0.01,0.0843297332003329,0.13797654829568845,8.649038368948538
1.78,41.86754761007408,39.42121426944008,2.446333340633995,0.5513128164333794,20.61141530309648,0.07734317955576062,1.594152394685743,1.594152394685743,1.2808971418612558,0.31325525282448713,-0.0,0,0.01,0.01,0.15216254065414672,0.2937121386769353,30.760776197589266,0.01,0.08624944533762444,0.1827134498128546,6.818713968064732,0.01,0.08122994262273218,0.1703412532938141,6.487042856408882,0.01,0.13563145908013718,0.4103469567802638,29.817350047595227,0.01,0.13454217779585434,0.3274594878308911,4.633621031127384,0.01,0.08426023721616152,0.13790705946923876,8.649552352711478
1.79,42.227294948,39.737461030897734,2.4898339171022674,0.5522025319241813,20.894701823819144,0.07769116509339798,1.623333728971657,1.623333728971657,1.3036739904378636,0.3196597385337934,-0.0,0,0.01,0.01,0.15228546649658906,0.29384185585922534,30.97914639500986,0.01,0.086376080276915,0.1828431669951446,6.826758887529465,0.01,0.08135620141768493,0.1704709704761041,6.496072168618247,0.01,0.13547321609473117,0.4101736068246331,29.482192782010934,0.01,0.13437732505728794,0.32728613787526045,4.553595073058985,0.01,0.08419076335568218,0.13783757387812767,8.648710001467167
1.8,42.58841481481482,40.054433862526174,2.5339809522886445,0.5538433981096037,21.1812046954459,0.07803934933168023,1.6529674324937282,1.6529674324937282,1.3267893240077455,0.3261781084859827,-0.0,0,0.01,0.01,0.15240850622113428,0.29397172956904344,31.200663926005973,0.01,0.08650283249645979,0.18297304070496273,6.836019344900341,0.01,0.08148258307088682,0.17060084418592222,6.506265258301911,0.01,0.1353138605211148,0.40999899066970424,29.146435763608267,0.01,0.13421134712447239,0.32711152172033164,4.472780753889645,0.01,0.08412122269169403,0.1377680006179422,8.646369484011263
1.81,42.950844281629635,40.37257030448821,2.5782739771414294,0.5562597516443951,21.467428138767843,0.07838820476381558,1.6827931526942301,1.6827931526942301,1.3499810975882087,0.33281205510602146,-0.0,0,0.01,0.01,0.15253182587567327,0.2941019357542458,31.425698415628805,0.01,0.0866298718167501,0.1831032468901651,6.846562016631336,0.01,0.08160925715128636,0.1707310503711246,6.517686107670793,0.01,0.13515317152010808,0.40982286182889094,28.80958314808068,0.01,0.134044017064597,0.3269353928795183,4.391019907560915,0.01,0.08405151989787508,0.1376982435244979,8.642471059780542
1.82,43.31452006399999,40.69230976371498,2.62221030028501,0.5594339915554364,21.74990041358389,0.07873820250298112,1.7125480631844412,1.7125480631844412,1.3729861025904788,0.3395619605939625,-0.0,0,0.01,0.01,0.15265559339246895,0.2942326503016866,31.654533835107582,0.01,0.08675737078260862,0.1832339614376059,6.858378675634642,0.01,0.0817363956745391,0.17086176491856536,6.530327466493073,0.01,0.13499091985999698,0.4096449680100108,28.471213431914318,0.01,0.13387509725889182,0.3267574990606382,4.308204362886199,0.01,0.08398155844744638,0.1376282064033292,8.637039288820505
1.83,43.679378539703706,41.01406981249029,2.6653087272134175,0.5633077472625316,22.025338017158354,0.07908978631384772,1.7419792772673206,1.7419792772673206,1.3955523861604058,0.3464268911069149,-0.0,0,0.01,0.01,0.15277996927046036,0.29436403932301963,31.887355078724564,0.01,0.08688549510853671,0.18336535045893892,6.871387259427743,0.01,0.08186416357997994,0.17099315393989842,6.544111837314204,0.01,0.1348268798798454,0.4094650643559852,28.131004468018876,0.01,0.1337043517967829,0.3265775954066125,4.224282219533386,0.01,0.08391124582128305,0.13755779820886715,8.630180877831753
1.84,44.045355766518526,41.338223721945276,2.7071320445732523,0.5677850068386318,22.2907986104536,0.07944334825799926,1.7708556769591912,1.7708556769591912,1.4174510239214744,0.3534046530377169,-0.0,0,0.01,0.01,0.15290509769364682,0.2944962500096488,32.1242400400221,0.01,0.08701439451857672,0.1834975611455681,6.8854372444834135,0.01,0.08199270961674598,0.17112536462652758,6.558896551803787,0.01,0.13466084133164985,0.40928292636856234,27.788752902249048,0.01,0.13353155884591164,0.32639545741918974,4.139261080504917,0.01,0.08384049847321286,0.1374869379233465,8.622078337134242
1.85,44.41238750000001,41.66508030331302,2.747307196686991,0.5727370300297215,22.54381537818349,0.07979920711540106,1.7989785925350277,1.7989785925350277,1.4384866843777033,0.3604919081573243,-0.0,0,0.01,0.01,0.1530310985175857,0.2946294024943548,32.365157284984505,0.01,0.0871441944278184,0.18363071363027414,6.900318851576595,0.01,0.08212215808329203,0.17125851711123363,6.574482481403943,0.01,0.13449262052827565,0.40909836189182713,27.44438718422476,0.01,0.13335652239901785,0.3262108929424545,4.053208137045654,0.01,0.0837692463148883,0.13741555890341,8.612979873048788
1.86,44.78040921125926,41.99486700567031,2.7855422055889534,0.5780087892745942,22.7825065133836,0.08015759059391366,1.8261908298029736,1.8261908298029736,1.4585064882237608,0.3676843415792128,-0.0,0,0.01,0.01,0.1531580605108047,0.2947635831027339,32.60996903565503,0.01,0.08727498887081724,0.18376489423865316,6.915775308754842,0.01,0.08225260182154387,0.17139269771961266,6.5906256455460595,0.01,0.1343220702593164,0.40891122158160464,27.09797368559565,0.01,0.13317908282977978,0.32602375263223204,3.966247194413074,0.01,0.08369743650854816,0.13734361249110977,8.603186150962978
1.87,45.14935610474075,42.32771705239901,2.821639052341741,0.5834266150828821,23.00565481260192,0.08051862214294035,1.8523836270068115,1.8523836270068113,1.4774067529864798,0.3749768740203316,-0.0,0,0.01,0.01,0.15328603617339437,0.2948988393058975,32.85843888855438,0.01,0.08740683501920427,0.18390015044181682,6.931517205888154,0.01,0.08238409680326755,0.1715279539227763,6.607050802163902,0.01,0.13414908799696712,0.4087214073612957,26.749715831504886,0.01,0.1329991257472318,0.32583393841192304,3.8785528974044152,0.01,0.08362503639170085,0.13727107072383143,8.59303471847777
1.8800000000000001,45.519163135999996,42.663661198546514,2.855501937453477,0.5888066715584591,23.21275390551881,0.08088231295590054,1.8775012259544748,1.8775012259544748,1.4951373181692107,0.382363907785264,-0.0,0,0.01,0.01,0.15341503837454637,0.2950351766006648,33.11024351818797,0.01,0.0875397495496937,0.18403648773658413,6.94723790518171,0.01,0.08251665856503813,0.17166429121754362,6.623466043235772,0.01,0.13397362199552287,0.408528878460158,26.399946493988907,0.01,0.13281658871936156,0.32564140951078535,3.790342551118779,0.01,0.08355203540136937,0.1371979280226012,8.582882969051376
1.8900000000000001,45.889765029481495,43.00262446731601,2.887140562165489,0.5939638547133668,23.404019340479167,0.08124855949068845,1.9015428577061444,1.9015428577061446,1.5117032633300342,0.38983959437611004,-0.0,0,0.01,0.01,0.15354503895862792,0.29517255744886856,33.36498754989084,0.01,0.08767370702890995,0.18417386858478788,6.962629019037742,0.01,0.08265026065383911,0.17180167206574737,6.639577465386891,0.01,0.13379567498740189,0.40833365474229716,26.049114195606943,0.01,0.1326314655371325,0.3254461857929245,3.701866029407526,0.01,0.08347844591483711,0.13712420178806514,8.573090554025672
1.9000000000000001,46.26109629629631,43.34442798620038,2.9166683100959285,0.5987206910514692,23.580364513777553,0.08161714656959027,1.9245620666853478,1.9245620666853476,1.5271639559925876,0.39739811069276026,-0.0,0,0.01,0.01,0.15367596937043632,0.29531090230778223,33.622220803288215,0.01,0.08780864037832589,0.18431221344370152,6.977395103979511,0.01,0.08278483514306845,0.17194001692466102,6.655103116472773,0.01,0.13361530529132365,0.408135817159198,25.69776392146964,0.01,0.13244380780605267,0.32524834820982534,3.613394320998196,0.01,0.08340430297646523,0.13704993188584547,8.56400212099151
1.9100000000000001,46.63309125200001,43.68879580209902,2.9442954499009857,0.6029158168477812,23.743343171177408,0.08198775585249601,1.9466634230405218,1.9466634230405218,1.5416294925677987,0.4050339304727232,-0.0,0,0.01,0.01,0.1538077232497803,0.2954500926835306,33.88145717114642,0.01,0.08794444337700102,0.18445140381944988,6.991266909911798,0.01,0.08292027517426612,0.17207920730040938,6.6697855983440055,0.01,0.1334326252697528,0.4079355052909237,25.346513538071758,0.01,0.1322537237785631,0.3250480363415511,3.52520728599321,0.01,0.08332966293365168,0.13697517905566076,8.555931182156657
1.92,47.00568403437038,44.03536634942194,2.9703176849484425,0.6064126216552819,23.895061639956033,0.08235997925285793,1.9679967809125403,1.9679967809125403,1.555254702976978,0.41274207793556217,-0.0,0,0.01,0.01,0.15394016085090195,0.29558997605483517,34.142194943636795,0.01,0.08808097505922927,0.18459128719075446,7.004013001543563,0.01,0.08305643938068286,0.17221909067171395,6.68340318106594,0.01,0.13324779719591262,0.4077329120592851,24.99602667618901,0.01,0.13206102307501696,0.3248454431099124,3.440575347821741,0.01,0.08325460105588547,0.1369000223229354,8.549145434028443
1.93,47.378808621185186,44.383733813003516,2.9950748081816716,0.6092377888706452,24.03789416836332,0.08273336424190973,1.9887358538396802,1.9887358538396804,1.568217502389233,0.4205183514504471,-0.0,0,0.01,0.01,0.1540731212606236,0.29573038281134373,34.404143627068194,0.01,0.08821807115769723,0.184731693947263,7.015582361719164,0.01,0.0831931636133475,0.17235949742822249,6.6959116388914115,0.01,0.13306101962035616,0.40752826064343484,24.646825751979453,0.01,0.13185972845062266,0.32464079169406224,3.4120049926066214,0.01,0.08317920503894494,0.13682454995450657,8.543684695226753
1.94,47.752398848000006,44.73355791314051,3.0188409348594925,0.6115137420449771,24.17375193848279,0.08310753172670056,2.0090208561808476,2.0090208561808476,1.580661417218454,0.42835943896239326,-0.0,0,0.01,0.01,0.15420646356689263,0.2958711705721388,34.66735432165643,0.01,0.0883555845386198,0.1848724817080581,7.026187339419113,0.01,0.08333030188645742,0.17250028518901758,6.70751396201589,0.01,0.1328724739298884,0.40732174017976847,24.299088835705682,0.01,0.1316543249113223,0.3244342712303958,3.4025151206948965,0.01,0.08310355229588792,0.13674883566798565,8.539283889150282
1.95,48.12638842592593,45.08452797287426,3.0418604530516653,0.6132620579276783,24.304326958274395,0.083482137081622,2.028977154807224,2.028977154807224,1.5927144087587386,0.4362627460484856,-0.0,0,0.01,0.01,0.1543400633140386,0.29601220959787483,34.931670098288386,0.01,0.08849338642536521,0.18501352073379415,7.035874146771777,0.01,0.08346772610960691,0.17264132421475364,6.7182489781874075,0.01,0.13268232093324184,0.40711352619889385,23.9531204893077,0.01,0.13144691088486066,0.32422605724952125,3.3957234206643174,0.01,0.08302756964106424,0.136672711936258,8.52919871561818
1.96,48.500710959407414,45.43636098965654,3.0643499697508703,0.6145304506797848,24.431108189889404,0.08385686782339093,2.0487162102585192,2.0487162102585192,1.6044898921662398,0.44422631809227925,-0.0,0,0.01,0.01,0.15447380616530462,0.29615338195776675,35.19700760646475,0.01,0.08863135822098696,0.18515469309368604,7.044726832011807,0.01,0.08360531834781136,0.17278249657464553,6.728195334011957,0.01,0.13249071176981086,0.40690378135429023,23.609153132639527,0.01,0.13123786884686017,0.3240163124049176,3.389759997640551,0.01,0.0829508100616235,0.13659575975701435,8.515436733210109
1.97,48.87529996399999,45.78877714272978,3.086522821270215,0.6153009879677951,24.55554474624699,0.08423141734383732,2.0683483376264022,2.0683483376264022,1.6160995700732916,0.45224876755311044,-0.0,0,0.01,0.01,0.15460758226152954,0.2962945716653302,35.46314671140871,0.01,0.08876938690496025,0.18529588280124948,7.052726924442707,0.01,0.08374296593572435,0.17292368628220897,6.737331419746836,0.01,0.13229779357217197,0.40669266972579426,23.267511659603624,0.01,0.13102738541478556,0.3238052007764216,3.384432408311372,0.01,0.08287325490194113,0.13651802403186028,8.502541368548156
1.98,49.25008888414814,46.141491135731265,3.1085977484168787,0.615573864829148,24.67910288228139,0.08460547574447183,2.087987240302183,2.087987240302183,1.6276579748987063,0.4603292654034769,-0.0,0,0.01,0.01,0.15474127995390363,0.2964356612306362,35.72987813893534,0.01,0.08890735771737902,0.18543697236655549,7.059862625387987,0.01,0.08388055440021555,0.17306477584751498,6.745644658908076,0.01,0.13210371972613283,0.4064803619865438,22.928514303975792,0.01,0.13081563195631818,0.32359289303717115,3.3797338388225975,0.01,0.08279496511935584,0.1364395670531738,8.490606593719217
1.99,49.62501111096296,46.49422331547169,3.130787795491264,0.6153684853760442,24.803193948727706,0.08497874168997543,2.1077442116552936,2.1077442116552936,1.6392766563773231,0.46846755527797046,-0.0,0,0.01,0.01,0.1548747897346766,0.296576536135518,35.99702879339007,0.01,0.08904515771652907,0.18557784727143728,7.066151807812463,0.01,0.08401797117430669,0.17320565075239677,6.753151014472362,0.01,0.13190864521280407,0.4062670287232263,22.59243552999669,0.01,0.13060278000220124,0.32337955977385363,3.3756554810491353,0.01,0.08271600389977016,0.1363604519886971,8.479629774174214
2.0,50.0,46.84671037750859,3.153289622491404,0.6147224030711429,24.92910660242173,0.08535093366709265,2.1277225240031785,2.1277225240031785,1.6510585854433213,0.47666393855985706,-0.0,0,0.01,0.01,0.15500800833599673,0.29671708910041183,36.26446809029694,0.01,0.08918267998529916,0.1857184002363311,7.071641387476985,0.01,0.08415510979542568,0.1733462037172906,6.759894259205704,0.01,0.1317127206345722,0.40605283380929413,22.259495998107763,0.01,0.13038899697776463,0.32316536485992153,3.3721665593958474,0.01,0.08263643334929141,0.13628074038619017,8.46956986651832
2.0100000000000002,50.37498888903704,47.19871520848728,3.1762736805497624,0.6136893736513858,25.057946019334636,0.0857218001798963,2.1480122415880314,2.1480122415880314,1.6630930101009578,0.4849192314870737,-0.0,0,0.01,0.01,0.1551408424882409,0.29685722396417946,36.53211235686691,0.01,0.0893198275191319,0.18585853510009875,7.076405028898868,0.01,0.084291873774634,0.17348633858105825,6.7659438275828085,0.01,0.1315160864351852,0.405837928117907,21.929855831593898,0.01,0.13017444000131803,0.3229504591685344,3.36921363203585,0.01,0.08255631203948943,0.13620048975379853,8.460349989425385
2.02,50.749911115851845,47.55003538933848,3.1998757265133624,0.6123366345415204,25.19058292584309,0.0860911283947237,2.168685709006692,2.168685709006692,1.6754510124691135,0.49323469653757857,-0.0,0,0.01,0.01,0.1552732121572386,0.29699685899071715,36.799927075337195,0.01,0.08945651659552391,0.18599817012663641,7.080539668451973,0.01,0.08442817994496725,0.1736259736075959,6.771391533580175,0.01,0.13131886763224948,0.40562244388855884,21.603610889892906,0.01,0.12995924997432245,0.32273497493918624,3.366722940709099,0.01,0.08247569273476697,0.13611975133942705,8.451861174465048
2.0300000000000002,51.12470003600001,47.90050995679703,3.2241900792029803,0.6107415515082368,25.327614709010298,0.08645875083482567,2.189793929366787,2.189793929366787,1.6881819777668627,0.5016119515999241,-0.0,0,0.01,0.01,0.15540505310995867,0.29713592944815137,37.067926807407275,0.01,0.0895926794689957,0.1861372405840707,7.084160988539813,0.01,0.08456396113386264,0.17376504406503018,6.776347273937015,0.01,0.131121169321795,0.4054064900272857,21.280792200867204,0.01,0.1297435464646546,0.322519021077913,3.3646039341680254,0.01,0.08239462040974264,0.1360385682226697,8.443967702049582
2.04,51.49928904059259,48.250024109017154,3.2492649315754383,0.6089878008862216,25.46934024656319,0.0868245498253355,2.211364001256148,2.211364001256148,1.7013111397673897,0.5100528614887584,-0.0,0,0.01,0.01,0.15553631869320864,0.29727438934388384,37.336172736234474,0.01,0.08972826627113904,0.18627570047980316,7.087398004768695,0.01,0.0846991680401109,0.17390350396076265,6.7809338696419665,0.01,0.13092307317524013,0.40519014857442326,20.961368571190317,0.01,0.1295274236579371,0.3223026796250506,3.36275362357621,0.01,0.08231313065857634,0.1359569738179481,8.436513792666624
2.05,51.87361157407406,48.59851164384575,3.2750999302283126,0.6071612776647004,25.61574941634938,0.08718845950264241,2.233397730617214,2.233397730617214,1.7148383134296186,0.5185594171875954,-0.0,0,0.01,0.01,0.15566698074959526,0.2974122122413485,37.60476788445538,0.01,0.08986324603538827,0.18641352337726783,7.090386974728596,0.01,0.08483377023581538,0.17404132685822732,6.785281244672179,0.01,0.13072463510023835,0.40497347251599847,20.64525223147588,0.01,0.12931094757861503,0.3220860035666258,3.361061559457939,0.01,0.08223124857907209,0.13587499086731147,8.429331345913006
2.06,52.24760115200001,48.94595503101731,3.3016461209826953,0.6053459322624241,25.766527531554352,0.08755046532356979,2.2558714751601556,2.2558714751601556,1.728737866405412,0.5271336087547434,-0.0,0,0.01,0.01,0.15579702963779918,0.29754939113018014,37.873850198908364,0.01,0.0899976068093118,0.1865507022660994,7.093264884883586,0.01,0.08496775625701704,0.1741785057470589,6.789520188021673,0.01,0.13052588417942543,0.4047564850475775,20.33230721232265,0.01,0.1290941547171519,0.32186901609820484,3.3594152024778032,0.01,0.08214898819066349,0.13579263097675415,8.422248358040315
2.07,52.62119137881483,49.29238313643482,3.328808242380006,0.6036197409353209,25.92107423490184,0.08791060113281204,2.278737217998467,2.278737217998467,1.7429599199116963,0.5357772980867704,-0.0,0,0.01,0.01,0.15592647336805873,0.29768593736823323,38.14358382250823,0.01,0.09013135486145102,0.18668724850415253,7.096162814559038,0.01,0.08510113279089399,0.17431505198511202,6.793775986817202,0.01,0.13032682293784678,0.4045391803263151,20.022360000282475,0.01,0.1288770521295117,0.32165171137694243,3.3577054340799846,0.01,0.08206635241834692,0.135709894722243,8.415097602910807
2.08,52.99431596562964,49.63786673177415,3.3564492338554857,0.6020510063193116,26.078535705452822,0.0882689439656535,2.3019248068909093,2.3019248068909093,1.7574327092045805,0.544492097686329,-0.0,0,0.01,0.01,0.1560553359064932,0.29782187875915933,38.41414898992333,0.01,0.09026451303295933,0.18682318989507865,7.099199506461096,0.01,0.08523392301066858,0.17445099337603814,6.798162248182648,0.01,0.13012742892410617,0.4043215256720077,19.71521189891296,0.01,0.12865961900187425,0.32143405672263503,3.3558319358493605,0.01,0.08198333364577583,0.13562677232247328,8.407725136411951
2.09,53.36690874799999,49.982512029986296,3.384396718013702,0.6006951661261285,26.23784841669865,0.08862560687115256,2.3253452389232274,2.3253452389232274,1.7720659776908754,0.5532792612323519,-0.0,0,0.01,0.01,0.15618365474147058,0.2979572568707638,38.685731074498875,0.01,0.09039711832452117,0.1869585680066831,7.102475485457428,0.01,0.08536616414953879,0.1745863714876426,6.80277523963008,0.01,0.12992765752544708,0.40410346510523654,19.41065242823993,0.01,0.12844180960089888,0.3212159961558639,3.353708163143454,0.01,0.08189991481166685,0.13554324484632269,8.39999818331341
2.1,53.7389037037037,50.32645258143031,3.4124511222733918,0.599592260590908,26.397792162534703,0.08898073013340427,2.3488948205321947,2.3488948205321947,1.7867552294113886,0.5621395911208062,-0.0,0,0.01,0.01,0.156311477839761,0.2980921237350618,38.958509369784665,0.01,0.09052921884444214,0.18709343487098107,7.1060680559189455,0.01,0.08549790444026227,0.1747212383519406,6.807689066862937,0.01,0.12972744587639148,0.4038849240440965,19.10847304326691,0.01,0.12822355746150998,0.3209974550947238,3.351265651285665,0.01,0.08181607099599292,0.13545928589567569,8.39181199081605
2.11,54.11023497051852,50.669839941688885,3.440395028829641,0.5987651745367915,26.55704966213005,0.08933447134079164,2.3724599919375375,2.3724599919375375,1.8013866246696741,0.5710733672678633,-0.0,0,0.01,0.01,0.15643886014809816,0.29822653809911487,39.232646203924524,0.01,0.09066087027281855,0.18722784923503416,7.110027470295849,0.01,0.08562919957586909,0.17485565271599365,6.812951971510647,0.01,0.12952671766727974,0.40366581492404885,18.808480442352803,0.01,0.12800478060357384,0.32077834597467625,3.3484574224934414,0.01,0.08173177141764643,0.13537486368021917,8.38309528390887
2.12,54.48083686400001,51.01283357698614,3.468003287013876,0.5982187298837399,26.71426978383511,0.089686994802019,2.395922575242553,2.395922575242553,1.8158422748513414,0.5800803003912116,-0.0,0,0.01,0.01,0.15656585981572613,0.2983605614150706,39.50827695781314,0.01,0.09079213201803553,0.1873618725509899,7.114374498350332,0.01,0.08576010886808112,0.1749896760319494,6.818583970277372,0.01,0.12932538861571455,0.4034460434609751,18.510508770465215,0.01,0.127785387518955,0.3205585745116025,3.345260307900383,0.01,0.08164698174462942,0.13528994338122177,8.373814032142656
2.13,54.85064389525925,51.35559050415089,3.495053391108361,0.5979396613384454,26.86813130375554,0.09003846083119095,2.4191651880004885,2.4191651880004885,1.8300056762350203,0.5891595117654684,-0.0,0,0.01,0.01,0.15669253432464814,0.2984942537675398,39.78550149187341,0.01,0.09092306325455923,0.18749556490345906,7.119099541621405,0.01,0.0858906912924347,0.17512336838441855,6.824575975236102,0.01,0.1291233723325829,0.40322551524762923,18.214430097298365,0.01,0.12756528363367461,0.3203380462982566,3.3416760589365153,0.01,0.08156166660238832,0.13520448968714657,8.363973330241594
2.14,55.21959078874076,51.6982551681772,3.5213356205635606,0.5978974641928414,27.017404140903405,0.09038901542162525,2.4420765595444,2.4420765595444,1.8437670193977562,0.5983095401466435,-0.0,0,0.01,0.01,0.1568189367161816,0.29862766993624634,40.06437738877889,0.01,0.0910537190345197,0.18762898107216566,7.124163338818588,0.01,0.08602100161230031,0.17525678455312516,6.830890439887074,0.01,0.1289205862964288,0.4030041423596159,17.920162660127072,0.01,0.12734437792792497,0.3201166734102433,3.337731191749153,0.01,0.08147579215635589,0.13511846937583474,8.353617300419105
2.15,55.58761249999999,52.04095004187079,3.546662458129198,0.5980460608908825,27.161005184855732,0.09073878080015631,2.464556495780533,2.464556495780533,1.857028120536901,0.6075283752436322,-0.0,0,0.01,0.01,0.15694511209506565,0.2987608557820083,40.34491530179596,0.01,0.09118414665977652,0.1877621669179276,7.129499204663386,0.01,0.08615108676785223,0.1753899703988871,6.837463476574616,0.01,0.12871695764619653,0.4027818496491058,17.627676497214548,0.01,0.12712258939044443,0.3198943806997332,3.3334755818473467,0.01,0.08138932864145952,0.13503185381619157,8.342827033926852
2.16,55.95464423348149,52.3837673903202,3.570876843161284,0.5983261943537195,27.298046143125646,0.09108784730236286,2.486520258737884,2.486520258737884,1.869706742891567,0.6168135158463168,-0.0,0,0.01,0.01,0.15707109457623705,0.29889384512525224,40.627076571912895,0.01,0.09131438248631348,0.18789515626117154,7.135016647528321,0.01,0.08628098270089181,0.175522959742131,6.844208297839226,0.01,0.1285124285127665,0.4025585804222491,17.33699624929128,0.01,0.12689985299336745,0.3196711114728765,3.328979897829663,0.01,0.08130225271433897,0.13494462126675388,8.331716696189039
2.17,56.320621460296294,52.726762580565385,3.59385887973091,0.5986684227348952,27.427871266615135,0.09143626693747613,2.507902158660953,2.507902158660953,1.8817401091001784,0.6261620495607746,-0.0,0,0.01,0.01,0.1571969048154012,0.2990266572595702,40.91077315303939,0.01,0.09144444930966769,0.18802796839548952,7.140606129598547,0.01,0.08641071176305334,0.175655771876449,6.851019756275707,0.01,0.12830696063358735,0.4023343012284516,17.048201063318405,0.01,0.12667612489850447,0.31944683227907894,3.324332027167249,0.01,0.08121454951302771,0.134856758858856,8.320428015974757
2.18,56.68547993599999,53.06994923733034,3.615530698669655,0.5989965636988943,27.550083339328697,0.09178404892365685,2.528658197067769,2.528658197067769,1.8930874469614933,0.6355707501062755,-0.0,0,0.01,0.01,0.15732254823396538,0.2991592952097631,41.195869771983936,0.01,0.09157435444984251,0.18816060634568238,7.146144674296524,0.01,0.0865402808245266,0.1757884098266419,6.857779701217253,0.01,0.1281005390307629,0.4021090055344849,16.761421684503823,0.01,0.12645138664474503,0.3192215365851123,3.3196326989854286,0.01,0.08112621432335378,0.13476826416773588,8.309123459133371
2.19,57.04915571837037,53.41329645318714,3.6358592651832335,0.5992314174765726,27.66455691508561,0.09213115737447074,2.548767646838755,2.548767646838755,1.9037314594976718,0.6450361873410829,-0.0,0,0.01,0.01,0.157448014013391,0.29929174480611215,41.48218815405636,0.01,0.09170408861834692,0.18829305594203144,7.15150199272677,0.01,0.08666968016459363,0.1759208594229909,6.864362839223296,0.01,0.12789317457933216,0.40188271611149406,16.476834960857445,0.01,0.12622564811693376,0.3189952471621214,3.314990545306932,0.01,0.08103725377056273,0.13467914629502695,8.297978446913266
2.2,57.4115851851852,53.75672816064201,3.654857024543185,0.5992945874573407,27.771438418385287,0.09247751121079847,2.568233507676225,2.568233507676225,1.9136786630376534,0.6545548446385713,-0.0,0,0.01,0.01,0.15757327489540496,0.29942397460618847,41.76951306860492,0.01,0.09183362561052147,0.18842528574210776,7.1565467942905245,0.01,0.08679888318587246,0.17605308922306723,6.870642778944937,0.01,0.1276849053468773,0.4016554860256437,16.19465610307017,0.01,0.12599894915663795,0.3187680170762711,3.310516862035691,0.01,0.08094768647771433,0.13458942640970004,8.287173016398613
2.21,57.772705051999985,54.10012466922295,3.6725803827770322,0.5991122151668424,27.871133366643104,0.09282298626429136,2.5870818296621456,2.5870818296621456,1.9229585917083858,0.6641232379537596,-0.0,0,0.01,0.01,0.1576982877847491,0.2995559366543095,42.05759989027671,0.01,0.09196292282521769,0.1885572477902288,7.161152962682559,0.01,0.08692784695323678,0.17618505127118833,6.87649795607711,0.01,0.12747579664536382,0.4014273981904897,15.915129137400742,0.01,0.12577135974177497,0.31853992924111707,3.3063203343164047,0.01,0.08085754315819062,0.1344991377205701,8.27688333526859
2.22,58.13245238992595,54.44332626758942,3.689126122336529,0.598618453038289,27.96428158494934,0.09316741943399823,2.605359951595408,2.605359951595408,1.9316219206831065,0.6737380309123014,-0.0,0,0.01,0.01,0.15782299511224274,0.29968756802875796,42.34618332921917,0.01,0.09209192257333608,0.18868887916467722,7.1652053121211745,0.01,0.08705651351805449,0.1763166826456367,6.881817165825168,0.01,0.1272659397983956,0.4011985635080859,15.638516058177299,0.01,0.12554297873188267,0.31831109455871326,3.302501979723407,0.01,0.08076686613698865,0.13440832488080362,8.267273477439945
2.23,58.4907646434074,54.78613869369906,3.7046259497083462,0.5977585129813618,28.051721842695546,0.09351061466181393,2.6231337518326923,2.6231337518326923,1.939737611316975,0.683396140515717,-0.0,0,0.01,0.01,0.15794732687978166,0.29981879308994464,42.63498695324316,0.01,0.0922205540987778,0.18882010422586393,7.1686046831445855,0.01,0.08718481195070879,0.17644790770682342,6.8865044720752255,0.01,0.12705544968888074,0.4009691176932437,15.365085229554849,0.01,0.12531393124553233,0.31808164874387107,3.29915053967445,0.01,0.08067570832312336,0.13431704285223137,8.258487841652277
2.24,58.847579648000014,55.12834018954667,3.7192394584533424,0.5964911506504239,28.13444781786677,0.09385235040932681,2.640484055175352,2.640484055175352,1.9473892266030501,0.6930948285723019,-0.0,0,0.01,0.01,0.1580712032772334,0.2999495263105273,42.92373310479244,0.01,0.09234873620191994,0.1889508374464466,7.171272186813136,0.01,0.08731266097119504,0.1765786409274061,6.890483308987668,0.01,0.12684446121052587,0.4007392169381876,15.095099603733438,0.01,0.12508436480264057,0.317851747988815,3.296338517850668,0.01,0.08058413168215282,0.13422535528345286,8.250644555726211
2.25,59.20283564814816,55.469689784824226,3.7331458633239385,0.5947904734991397,28.213557668336577,0.09419238825219263,2.6575023778715856,2.6575023778715856,1.9546706031662686,0.7028317747053171,-0.0,0,0.01,0.01,0.15819453773546976,0.3000796755425205,43.21215280358205,0.01,0.09247638032839725,0.1890809866784398,7.173152455255178,0.01,0.08743997204051288,0.1767087901593993,6.893699636898738,0.01,0.12663312479881256,0.4005090326302007,14.828805316552243,0.01,0.12485444442402598,0.31762156368082806,3.294119027166624,0.01,0.08049220528231125,0.13413333247949571,8.243830157778806
2.2600000000000002,59.55647131496298,55.80993639927579,3.7465349156871883,0.5926469939099459,28.290199744777205,0.09453048216122792,2.674286222311236,2.674286222311236,1.9616810945900875,0.7126051277211484,-0.0,0,0.01,0.01,0.15831724026115107,0.3002091455578139,43.499995222472016,0.01,0.09260339396599927,0.18921045669373324,7.174215802626731,0.01,0.08756665275581513,0.17683826017469273,6.896124057744731,0.01,0.12642160126067217,0.4002787453801096,14.56642119271378,0.01,0.12462434693057568,0.31739127643073695,3.2925235666491712,0.01,0.08040000300879481,0.13404104906100167,8.238095785037425
2.27,59.90842576400001,56.148828318979824,3.7595974450201814,0.59006788540667,28.36551710763835,0.09486638801393597,2.6909341521491585,2.6909341521491585,1.9685206189550597,0.7224135331940988,-0.0,0,0.01,0.01,0.15843922088809528,0.30033784168802424,43.78703633132263,0.01,0.09272968418069177,0.1893391528239435,7.17445924194803,0.01,0.0876926103806428,0.176966956304903,6.89775283436324,0.01,0.12621005615485664,0.40004853865238,14.308129643637384,0.01,0.12439425472237797,0.3171610697030074,3.2915608082438568,0.01,0.0803076010573269,0.13394858142652252,8.23345503355786
2.2800000000000002,60.25863857303704,56.4861225888201,3.7725159842169367,0.5870764385139955,28.44059350841924,0.09519987287706787,2.7075408865498733,2.7075408865498733,1.9752847502609994,0.7322561362888741,-0.0,0,0.01,0.01,0.15856039307750802,0.3004656733876549,44.073086323435845,0.01,0.09285516111951833,0.1894669845235742,7.173906340730367,0.01,0.08781775533844308,0.17709478800453365,6.898607793663048,0.01,0.1259986539954135,0.3998185923064632,14.05406937277544,0.01,0.12416434934225767,0.3169311233570906,3.2912164322004402,0.01,0.08021507532933203,0.13385600514165374,8.229883580087497
2.29,60.60704979985185,56.821593872538,3.7854559273138517,0.5837107514122364,28.51640336675426,0.09553072361990167,2.724192648663035,2.724192648663035,1.9820600886228557,0.7421325600401791,-0.0,0,0.01,0.01,0.1586806769049596,0.3005925575511081,44.357995475585284,0.01,0.092979741313354,0.18959386868702738,7.172605933186913,0.01,0.08794200450286722,0.17722167216798687,6.898735127128238,0.01,0.12578755255772206,0.39958907636276375,13.804330218009971,0.01,0.12393480513712436,0.31670160741339115,3.2914540087541164,0.01,0.08012249885622778,0.13376339238279733,8.227320582105934
2.3000000000000003,60.95360000000001,57.15504236248196,3.798557637518051,0.5800217272917388,28.593768029076045,0.09585875445796854,2.7409629885273117,2.7409629885273117,1.9889201280440183,0.7520428604832935,-0.0,0,0.01,0.01,0.15880000188534454,0.30071842142876565,44.641658147123394,0.01,0.09310335062568038,0.18971973256468497,7.170629741116984,0.01,0.08806528413159266,0.17734753604564446,6.898203135503331,0.01,0.12557689755989207,0.39936014529482644,13.55895036096211,0.01,0.1237057833239606,0.31647267634545384,3.292216883517057,0.01,0.08002993937913316,0.13367080956099217,8.22567179540713
2.31,61.29823024459261,57.48630037191295,3.8119298726796633,0.576070483420473,28.673320246384264,0.09618381308571824,2.7579092751251646,2.7579092751251646,1.995921814001651,0.7619874611235136,-0.0,0,0.01,0.01,0.15891830930733583,0.30084320500931916,44.924014698009266,0.01,0.09322592671385217,0.18984451614523845,7.168068991154466,0.01,0.08818753231075188,0.17747231962619797,6.89709899936527,0.01,0.12536681797232455,0.3991319331225008,13.317916021497153,0.01,0.12347742674549914,0.3162444641731281,3.2934309843833867,0.01,0.07993745720266687,0.13357831524249267,8.224814272196344
2.32,61.64088213807407,57.81523731091971,3.8256448271543557,0.5719253047208803,28.755478376758283,0.09650578513096371,2.775070017565508,2.775070017565508,2.0031029473719864,0.7719670701935218,-0.0,0,0.01,0.01,0.1590355539749332,0.3009668627636135,45.20505119841635,0.01,0.0933474208955478,0.18996817389953283,7.165030153837144,0.01,0.08830870080330017,0.17759597738049232,6.895524694527416,0.01,0.12515742217592196,0.3989045495401776,13.081163636496044,0.01,0.12324985556479606,0.316017080590805,3.295008429309988,0.01,0.07984510342778804,0.13348595846797912,8.224602429419956
2.33,61.98149783600001,58.14176282917508,3.839735006824934,0.5676582956686217,28.840431324862323,0.09682459674999931,2.792463133125843,2.792463133125843,2.0104805481954613,0.7819825849303818,-0.0,0,0.01,0.01,0.15915170528421665,0.3010893646780122,45.48479691066878,0.01,0.09346779934380983,0.19009067581393144,7.161629969438592,0.01,0.08842875622539513,0.17771847929489093,6.89359221025324,0.01,0.12494879514647718,0.3986780772617321,12.848584399894916,0.01,0.12302316409988219,0.3157906083123595,3.2968517779118143,0.01,0.07975291864949144,0.13339377755216175,8.224875209070861
2.34,62.320020062814805,58.4658280007301,3.8541920620847074,0.563341897473826,28.92813470019746,0.09714021527562969,2.8100852322995946,2.8100852322995946,2.0180502446282356,0.792034987671359,-0.0,0,0.01,0.01,0.1592667475967925,0.301210696541008,45.76331964155051,0.01,0.09358704356769429,0.1902120076769273,7.157989965066361,0.01,0.08854768050850337,0.1778398111578868,6.89141826734495,0.01,0.12474099679139083,0.3984525707022561,12.62003092190568,0.01,0.12279741894197425,0.31556510175288344,3.298858737070564,0.01,0.07966093218159437,0.13330179942114584,8.225463994179462
2.35,62.65639212962963,58.787424523086415,3.8689676065432153,0.5590454420995787,29.01831813385138,0.09745264792624567,2.827911940510009,2.827911940510009,2.0257867016155084,0.8021252388945003,-0.0,0,0.01,0.01,0.15938067990598717,0.30133085948367977,46.040719182130616,0.01,0.09370515017039811,0.1903321706195991,7.154230703693406,0.01,0.08866547063982404,0.17795997410055858,6.889118769005342,0.01,0.12453406150769454,0.3982280560492781,12.395325655987067,0.01,0.12257265843635705,0.3153405870999054,3.30092710377016,0.01,0.07956916184410313,0.13321003951756333,8.226200899377574
2.36,62.99055795200002,59.10658199993966,3.883975952060361,0.5548319105029068,29.110503165610634,0.09776193867774127,2.84589922535462,2.84589922535462,2.0336450529520422,0.8122541724025778,-0.0,0,0.01,0.01,0.15949351482590848,0.3014498688107636,46.317119163551475,0.01,0.09382212991115411,0.19045117994668287,7.150466034560417,0.01,0.08878213770805421,0.17807898342764236,6.886803245740405,0.01,0.1243279989703291,0.39800453270653796,12.174270649073653,0.01,0.12234889353734112,0.3151170637571653,3.3029597097510948,0.01,0.0794776143201652,0.13311850227464467,8.226927027602882
2.37,63.322462067703725,59.42336346930761,3.8990985983961175,0.550755049839421,29.20403062415055,0.09806816348686431,2.8639856497245884,2.8639856497245884,2.04156325205725,0.8224223976673379,-0.0,0,0.01,0.01,0.1596052769654256,0.3015677521927829,46.59265775130494,0.01,0.09393800612959327,0.19056906332870222,7.146797630707466,0.01,0.08889770531392084,0.17819686680966168,6.884569571821227,0.01,0.12412279609976005,0.39778197602523413,11.956658100618844,0.01,0.12212610998112847,0.31489450707586153,3.304869124849437,0.01,0.07938628606093817,0.13302718213167994,8.227500278012233
2.38,63.65204965451853,59.737859421603765,3.914190232914769,0.546856984032032,29.298095995049284,0.09837142413034712,2.8820954273406176,2.8820954273406176,2.049465213412993,0.8326302139276243,-0.0,0,0.01,0.01,0.15971600077741233,0.30168454731922145,46.86747766977987,0.01,0.09405281262022545,0.19068585845514074,7.143310099577782,0.01,0.08901220743381087,0.17831366193610024,6.882499231084368,0.01,0.12391842010130964,0.39756034117459327,11.742281174324209,0.01,0.1219042716563974,0.31467287222522067,3.306581881201437,0.01,0.07929516468938247,0.13293606503627303,8.227802306995878
2.39,63.97926654799999,60.050180621528455,3.9290859264715388,0.543166425281704,29.391790923885107,0.09867184098533129,2.9001421203156945,2.9001421203156945,2.0572645803210055,0.8428775399946892,-0.0,0,0.01,0.01,0.15982572799696498,0.3018002991367273,47.14171608554079,0.01,0.09416659106893788,0.19080161027264658,7.140066933121818,0.01,0.08912568584898675,0.1784294137536061,6.880653390937711,0.01,0.12371482241781609,0.3973395679488985,11.530944496896828,0.01,0.12168332499512485,0.31445209899952586,3.308042000147463,0.01,0.07920423082944787,0.13284513035485393,8.227744284383103
2.4,64.30405925925925,60.360450100158275,3.9436091591009808,0.5396975623626479,29.484148749880436,0.09896954512046538,2.918032790039805,2.918032790039805,2.0648689271435106,0.8531638628962942,-0.0,0,0.01,0.01,0.15993450479970586,0.3019150568137396,47.415494880356306,0.01,0.09427938818193143,0.19091636794965888,7.137107524251933,0.01,0.08923818727125361,0.1785441714306184,6.879070004893241,0.01,0.12351194339483089,0.3971195862644754,11.322473802071071,0.01,0.12146320415837437,0.3142321173151028,3.309213637594526,0.01,0.07911346026663205,0.13275435309332462,8.227271149738131
2.41,64.62637499274076,60.66879471702738,3.9575802757133736,0.5364496667047661,29.574191819818385,0.09926467009185512,2.9356723942275122,2.9356723942275122,2.0721841866955004,0.8634882075320118,-0.0,0,0.01,0.01,0.16004237882200162,0.30202887058300754,47.688911812314764,0.01,0.09439125264956402,0.1910301817189268,7.134445418025423,0.01,0.08934976030779954,0.1786579851998863,6.877762107108147,0.01,0.12330971742550322,0.39690032206962167,11.116724234109027,0.01,0.12124383675572506,0.31401285312024907,3.310082710378962,0.01,0.07902282633043878,0.13266370631540944,8.226364155011884
2.42,64.94616166400004,60.97533670508515,3.9708249589148923,0.533407421244932,29.66097829733286,0.09955734384303924,2.952968215068492,2.952968215068492,2.079119086603003,0.8738491284654892,-0.0,0,0.01,0.01,0.1601493961885618,0.302141788615919,47.96203300038788,0.01,0.09450223209268077,0.1911430997518383,7.132067892908492,0.01,0.08946045241281002,0.1787709032327978,6.876717391496239,0.01,0.12310807832199029,0.39668170337433495,10.913586909201104,0.01,0.1210251498142978,0.31379423442496235,3.310657422906097,0.01,0.07893230237954862,0.13257316363788457,8.22504157455464
2.43,65.26336791748149,61.280185604064286,3.983182313417195,0.5305419417312567,29.74364625857531,0.09984768109364946,2.9698341061885474,2.9698341061885474,2.085589382290043,0.8842447238985043,-0.0,0,0.01,0.01,0.16025559868941824,0.3022538540774569,48.23488708032675,0.01,0.09461237013703826,0.1912551652133762,7.129936885954988,0.01,0.0895703069712301,0.1788829686943357,6.875899089024231,0.01,0.12290696465248821,0.39646366610538264,10.712993439092678,0.01,0.12080707570484658,0.31357619715601004,3.3109676757669018,0.01,0.0788418642668972,0.13248270167964898,8.223357565129245
2.44,65.5779431442963,61.58343096092578,3.9945121833705137,0.527812427360706,29.821453045687335,0.10013577656864359,2.9861943591352427,2.9861943591352427,2.0915216883252885,0.8946726708099544,-0.0,0,0.01,0.01,0.16036102123802048,0.30236510249841514,48.50746127689274,0.01,0.09472170375253976,0.19136641363433443,7.127991193235742,0.01,0.08967936065090729,0.1789942171152939,6.875248077037373,0.01,0.1227063247879733,0.3962461595054256,10.51491824113212,0.01,0.12058955773829363,0.3133586905560529,3.311063401530835,0.01,0.07875149266436957,0.13239230234550392,8.221399259453536
2.45,65.88983749999996,61.88513613154578,4.004701368454175,0.5251683488583024,29.893808123249674,0.10042169937112318,3.0019870124110186,3.0019870124110186,2.096856733159438,0.905130279251581,-0.0,0,0.01,0.01,0.16046568972577516,0.30247555958304473,48.77969952790482,0.01,0.09483026097869383,0.19147687071896402,7.126149801000947,0.01,0.08978764114381711,0.17910467419992349,6.874686081320757,0.01,0.12250612142003874,0.3960291508214844,10.319378583803685,0.01,0.12037255516586348,0.3131416818721117,3.311011932272535,0.01,0.07866117513518717,0.13230195483516377,8.219282270009785
2.46,66.19900192237034,62.18533345834133,4.013668464029015,0.5225520586038579,29.96029803442026,0.10070548873960353,3.017166456340475,3.017166456340475,2.101551893423097,0.9156145629173781,-0.0,0,0.01,0.01,0.16056961936673766,0.30258523954663746,49.051502687448874,0.01,0.09493805913679237,0.19158655068255676,7.124316140445662,0.01,0.089895165395986,0.17921435416351625,6.874119771328599,0.01,0.12230633533977038,0.39581262906635084,10.126432438263423,0.01,0.12015604734840747,0.31292516011697824,3.3108945543719703,0.01,0.07857090785572692,0.13221165728279652,8.217144859751173
2.47,66.50538814918517,62.48402102738535,4.021367121799815,0.5199016900828926,30.020702463671007,0.1009871513585964,3.031705223590132,3.031705223590132,2.105582901205638,0.9261223223844937,-0.0,0,0.01,0.01,0.16067281360051114,0.3026941440499923,49.32273073604837,0.01,0.09504510360387423,0.19169545518591155,7.122383014391231,0.01,0.09000193840018783,0.17932325866687104,6.873445506318777,0.01,0.1221069683058706,0.3955966076844399,9.936174316906982,0.01,0.11994003690382278,0.3127091387350672,3.3108024451947147,0.01,0.07848069690669458,0.13212141795143906,8.215141097583446
2.48,66.808948736,62.781161129431695,4.027787606568309,0.5171542033391211,30.075000860493322,0.10126666031323048,3.0455948960596917,3.0455948960596917,2.1089446591691696,0.9366502368905218,-0.0,0,0.01,0.01,0.16077526359307265,0.30280226176767805,49.59320683839718,0.01,0.09515138719491453,0.19180357290359734,7.120237919891677,0.01,0.09010795259683833,0.17943137638455686,6.872554466831384,0.01,0.12190804487621287,0.39538112600854297,9.748729373648667,0.01,0.11972455169338207,0.3124936570591703,3.3108322114256694,0.01,0.07839055907530772,0.13203125592896064,8.213433357416722
2.49,67.10963707392594,63.0766804660847,4.032956607841237,0.5142484294632648,30.1233695404014,0.10154395569826909,3.058846102093108,3.058846102093108,2.1116511419067407,0.9471949601863676,-0.0,0,0.01,0.01,0.1608769483456752,0.30290956859600326,49.86272301705936,0.01,0.09525689016934782,0.19191087973192256,7.117768486471096,0.01,0.09021318789822508,0.17953868321288208,6.871337901869325,0.01,0.12170961312835829,0.3951662494532759,9.564246113810036,0.01,0.11950964556566541,0.31227878050390323,3.311081259603426,0.01,0.07830052213434101,0.131941201296749,8.21218453889313
2.5,67.40740740740739,63.37047205906142,4.036935348345972,0.5111279703852712,30.16616963339657,0.10181894681315261,3.0714876214593447,3.0714876214593447,2.1137344055634433,0.9577532158959013,-0.0,0,0.01,0.01,0.16097783539263857,0.30301602847611736,50.13104715341432,0.01,0.09536158084755116,0.19201733961203662,7.114867763004069,0.01,0.09031761232084143,0.17964514309299612,6.869692234878479,0.01,0.1215117442487342,0.3949520684518772,9.382888112261256,0.01,0.11929539783774504,0.31206459950250454,3.311643226582394,0.01,0.07821062458938154,0.13185129476781385,8.21155038694446
2.5100000000000002,67.70221485200001,63.6623987409462,4.0398161110538,0.5077438199897506,30.203926674151308,0.1020915158012452,3.0835646573137696,3.0835646573137696,2.115242769390051,0.9683218879237185,-0.0,0,0.01,0.01,0.16107788204116077,0.30312159477911427,50.39793098444054,0.01,0.09546541679382975,0.19212290591503356,7.111439113010055,0.01,0.09042118318167013,0.17975070939599305,6.867523797109292,0.01,0.12131453102451938,0.39473869620263025,9.204825167022996,0.01,0.11908191155434482,0.31185122725325765,3.312603683175426,0.01,0.07812091491123681,0.13176158681636818,8.21167226822764
2.52,67.99401541214816,63.95229803358607,4.0417173785620975,0.5040565882496453,30.23730300314557,0.10236152252660112,3.095136372500149,3.095136372500149,2.1162382707294802,0.9788981017706687,-0.0,0,0.01,0.01,0.16117703708154602,0.30322621217467055,50.66311873410487,0.01,0.09556834649619725,0.19222752331058987,7.10740051413416,0.01,0.09052384878819884,0.17985532679154936,6.86475299117817,0.01,0.12111808532419083,0.3945262653468473,9.030224323002365,0.01,0.11886931062394722,0.31163879639747466,3.314036300558079,0.01,0.07803145029495269,0.1316721363450131,8.212670728431306
2.5300000000000002,68.282765998963,64.23998815847997,4.042777840483016,0.5000382308609773,30.26706445743731,0.10262881042809144,3.106272820417158,3.106272820417158,2.1167935272928418,0.9894792931243162,-0.0,0,0.01,0.01,0.16127524287556955,0.30332981888372446,50.92635600039999,0.01,0.09567031145107714,0.19233113001964375,7.1026880980341565,0.01,0.09062555052998071,0.17995893350060324,6.861317726117276,0.01,0.12092253469970167,0.3943149237495904,8.859241189088907,0.01,0.11865773598348724,0.3114274548002177,3.3159996389365145,0.01,0.07794229500920792,0.13158300895733313,8.214640108574603
2.54,68.56842444799996,64.52527487481589,4.043149573184068,0.4956732117693537,30.294043060937263,0.10289321305085335,3.117051426840743,3.117051426840743,2.1169881660799628,1.0000632607607804,-0.0,0,0.01,0.01,0.16137243771496534,0.3034323491998677,51.1873985125746,0.01,0.0957712485439636,0.19243366033578702,7.097258808558264,0.01,0.09072622526265,0.1800614638167465,6.857176004794534,0.01,0.12072801828320338,0.39410482959491455,8.692011943957592,0.01,0.11844734098790184,0.3112173606455419,3.318534683855933,0.01,0.0778535184189303,0.13149427492201862,8.217644443924687
2.5500000000000003,68.85094953703708,64.80795880723825,4.042990729798825,0.4909590538587105,30.319097568385715,0.10315456093027897,3.1275531974691173,3.1275531974691173,2.1169049958779373,1.0106482015911802,-0.0,0,0.01,0.01,0.1614685583318487,0.3035337361540984,51.446020378499995,0.01,0.09587109260576886,0.19253504729001766,7.091092096512074,0.01,0.09082580786415612,0.18016285077097716,6.852307583060992,0.01,0.1205346821822747,0.3938961460375877,8.528646383908397,0.01,0.1182382862553381,0.3110086770882151,3.321663219522348,0.01,0.07776519277894661,0.13140600692872767,8.221714808736808
2.56,69.13030100385184,65.08784290832047,4.042458095531372,0.48590626265612097,30.3430737704059,0.10341268849494849,3.1378588357982276,3.1378588357982276,2.1166261092276573,1.02123272657057,-0.0,0,0.01,0.01,0.1615635424386058,0.303633914193704,51.70202145978734,0.01,0.0959697790194223,0.1926352253296233,7.084190607204178,0.01,0.09092423383795217,0.1802630288105828,6.846714656225686,0.01,0.1203426745984235,0.39368903567159974,8.369222312150724,0.01,0.11803073422172379,0.31080156672222714,3.325387091881347,0.01,0.0776773909066261,0.13131827774510973,8.226848205997387
2.57,69.40643956400001,65.36473970066334,4.0416998633366745,0.48053763784223413,30.36676642917067,0.10366744066209019,3.148044956895603,3.148044956895603,2.1162290997788946,1.0318158571167082,-0.0,0,0.01,0.01,0.16165733117644618,0.3037328217483775,51.955233544127424,0.01,0.0960672462523212,0.19273413288429683,7.076579852643422,0.01,0.09102144183901685,0.18036193636525633,6.840421562778512,0.01,0.12015214090332735,0.39348365508149086,8.213781505105462,0.01,0.11782484366869615,0.31059618613211826,3.3296883779768844,0.01,0.07759018384632789,0.13123115788827994,8.23300803496882
2.58,69.67932692859259,65.63847796034455,4.040848968248054,0.4748870162615565,30.390884589563218,0.10391867882162631,3.1581805747679326,3.1581805747679326,2.11578357215233,1.0423970026156026,-0.0,0,0.01,0.01,0.16174987135917865,0.3038304035649587,52.20552503045515,0.01,0.09616343819720288,0.192831714700878,7.068306894007238,0.01,0.09111737600563856,0.1804595181818375,6.833473527955132,0.01,0.11996321890558218,0.39328014973535075,8.062327419210927,0.01,0.11762076448622041,0.3103926807859781,3.3345304426116336,0.01,0.07750363863777418,0.13114471342235656,8.240126102881097
2.59,69.94892582207407,65.90890853612655,4.040017285947534,0.468997516639736,30.416021807493255,0.104166285941244,3.1683240247944555,3.1683240247944555,2.115348104318091,1.0529759204763642,-0.0,0,0.01,0.01,0.16184111741134166,0.30392661270594495,52.45280390410114,0.01,0.09625830621636502,0.19292792384186425,7.059438093029015,0.01,0.09121198799230983,0.18055572732282374,6.825934502021939,0.01,0.11977603452788776,0.3930786494586401,7.9148247234383575,0.01,0.11741863291590213,0.3101911805092674,3.3398598289009183,0.01,0.07741781629428403,0.13105900398651232,8.248106081425854
2.6,70.21519999999998,66.17590904565644,4.039290954343543,0.46291937906577724,30.442632566615856,0.10441017057319682,3.178520458977518,3.178520458977518,2.1149677979795634,1.0635526609979546,-0.0,0,0.01,0.01,0.16193103291686103,0.30402141212535994,52.69701885468766,0.01,0.0963518108011253,0.19302272326127923,7.050056023879769,0.01,0.09130523861609288,0.1806505267422387,6.817884180537305,0.01,0.11959069809141186,0.39287926469675716,7.771200660278834,0.01,0.11721856749391571,0.30999179574738456,3.3456088962021764,0.01,0.07733277008542629,0.13097408114568707,8.256828245588025
2.61,70.4781142668148,66.439387248441,4.038727018373805,0.4567075103711367,30.471015831474023,0.10465026960113288,3.188800021784145,3.188800021784145,2.1146725217962925,1.0741274999878525,-0.0,0,0.01,0.01,0.16201959171499514,0.3041147757577288,52.93815847696902,0.01,0.09644392277901019,0.19311608689364806,7.040255670055416,0.01,0.0913970990494574,0.18074389037460756,6.8094143263613685,0.01,0.11940730137183227,0.3926820837331104,7.631348153972815,0.01,0.11702066587513206,0.30979461478373777,3.3516990876508737,0.01,0.07724854420267245,0.13088998713929068,8.26615527417251
2.62,70.73763449362961,66.69928296266164,4.0383515309679785,0.45041885894559364,30.501306325328898,0.10488654962920466,3.1991767796471833,3.1991767796471833,2.114475917050349,1.0847008625968342,-0.0,0,0.01,0.01,0.16210677850339666,0.30420668908065074,53.176248590120345,0.01,0.096534624024301,0.19320800021657003,7.030140062983178,0.01,0.09148755151576582,0.18083580369752952,6.8006245451153005,0.01,0.11922591555196778,0.39248717098048713,7.4951305026172585,0.01,0.11682500267441384,0.3095997020311145,3.3580446811886477,0.01,0.07716517286687873,0.13080675408275388,8.27593884039195
2.63,70.99372763599997,66.95556846548321,4.038159170516764,0.4441097486661446,30.533473742386114,0.10511900698282223,3.2096484395357052,3.2096484395357052,2.1143751973536196,1.0952732421820857,-0.0,0,0.01,0.01,0.1621925889325036,0.3042971491375296,53.41134780913127,0.01,0.09662390765206832,0.19329846027344885,7.019815548974186,0.01,0.09157658946811793,0.18092626375440835,6.791617695440326,0.01,0.11904659015102098,0.39229456640927707,7.3623874141395085,0.01,0.11663162840954741,0.30940709745990447,3.364556853771642,0.01,0.077082679913939,0.13072440365374335,8.286026680284193
2.64,71.24636175170367,67.20824739073238,4.038114360971291,0.4378333012047919,30.567329724953346,0.10534766635734466,3.220196853299329,3.220196853299329,2.1143517351304753,1.1058451181688538,-0.0,0,0.01,0.01,0.16227702919998743,0.3043861640331279,53.64354159596193,0.01,0.09671177770051868,0.19338747516904722,7.009386896232871,0.01,0.09166421725698326,0.18101527865000672,6.7824951402936655,0.01,0.11886935296253179,0.3921042861194407,7.232942079158154,0.01,0.11644056957553205,0.30921681717006805,3.3711478702660758,0.01,0.07700107887090923,0.1306429472704605,8.296269798980607
2.65,71.49550601851853,67.45735220994355,4.038153808574965,0.4316370691061001,30.602542074204045,0.10557257821451736,3.230789266691965,3.230789266691965,2.1143723898474587,1.1164168768445062,-0.0,0,0.01,0.01,0.16236011517745297,0.304473751939473,53.87293510193132,0.01,0.0967982483302146,0.19347506307539233,6.99895247090531,0.01,0.09175044931579797,0.18110286655635183,6.773352062661987,0.01,0.11869421098455313,0.3919163240069717,7.106608920887615,0.01,0.11625182982472933,0.30902885505759903,3.3777351981322203,0.01,0.07692037351057096,0.13056238674499773,8.306529463645722
2.66,71.741130752,67.70294044921442,4.03819030278557,0.4255609891273568,30.638655335434745,0.10579381508353648,3.241380236965192,3.241380236965192,2.1143914981714484,1.1269887387937434,-0.0,0,0.01,0.01,0.1624418711229171,0.3045599396720714,54.09964517899639,0.01,0.09688334259046277,0.1935612508079907,6.988599717731769,0.01,0.09183530891542664,0.18118905428895019,6.764273075588446,0.01,0.11852115227866451,0.3917306544228824,6.9832016273110975,0.01,0.11606539217442373,0.30884318547350975,3.3842453481493164,0.01,0.0768405588490443,0.1304827153715103,8.316683638443838
2.67,71.98320742325929,67.94508985184413,4.038117571415147,0.4196357471911935,30.67511661988592,0.10601146697161738,3.2519141123995476,3.2519141123995476,2.114353416114947,1.1375606962846008,-0.0,0,0.01,0.01,0.16252232805082303,0.3046447609153439,54.32379198198187,0.01,0.09696709082196908,0.19364607205126322,6.97840117416821,0.01,0.09191882655715226,0.18127387553222268,6.755328349887926,0.01,0.11835014865146208,0.3915472356761136,6.862541056917215,0.01,0.11588122211524411,0.308659766726741,3.390617251366148,0.01,0.07676162252987911,0.13040391938818716,8.32663254272196
2.68,72.22170867674077,68.18389274264905,4.037815934091725,0.4138816239771567,30.7113053075505,0.10622563612575747,3.2623279425469036,3.2623279425469036,2.1141954791817286,1.1481324633651753,-0.0,0,0.01,0.01,0.16260152184568108,0.3047282541908241,54.54549060147933,0.01,0.09704952877996685,0.1937295653267434,6.968411225441143,0.01,0.09200103808889201,0.18135736880770287,6.746570461858603,0.01,0.11818115901509434,0.39136601419352757,6.744462618339087,0.01,0.11569927145291918,0.3084785452441549,3.3968050035977404,0.01,0.07668354652009801,0.13032597973470722,8.336303057857284
2.69,72.456608348,68.41944988213058,4.037158465869418,0.4083078649544113,30.746565128008918,0.10643643141150258,3.272554670386618,3.272554670386618,2.113851229625534,1.1587034407610841,-0.0,0,0.01,0.01,0.16267949121527714,0.30481046067136985,54.76484315815494,0.01,0.0971306955728516,0.19381177180728915,6.958663772023764,0.01,0.0920819826400498,0.18143957528824864,6.738032127984572,0.01,0.11801413325391727,0.39118692912205816,6.628822756207625,0.01,0.1155194826838611,0.3082994601726855,3.402779840703642,0.01,0.0766063090297986,0.13024887401388027,8.345651769412143
2.7,72.6878814814815,68.65186411605418,4.036017365427315,0.4029125919400488,30.78023704454566,0.10664396258514514,3.282526447740426,3.282526447740426,2.1132537508312144,1.1692726969092118,-0.0,0,0.01,0.01,0.16275627558439956,0.3048914219490822,54.9819317534675,0.01,0.0972106315175117,0.1938927330850015,6.949170931895157,0.01,0.09216170047642554,0.18152053656596095,6.729724945533136,0.01,0.11784901640368352,0.3910099171413388,6.515504228951149,0.01,0.11534179368346704,0.30812244819196616,3.408531248772475,0.01,0.07652988655775504,0.1301725785580451,8.354666504953139
2.71,72.91550434829632,68.88123412804626,4.034270220250058,0.3976832464959924,30.811691372188545,0.10684833473278864,3.2921779134189775,3.2921779134189775,2.11233894775561,1.1798389656633679,-0.0,0,0.01,0.01,0.16283191303008668,0.30497117786375055,55.19681261426965,0.01,0.09728937601384945,0.19397248899966982,6.939922841405764,0.01,0.09224023087773087,0.1816002924806293,6.7216392006840335,0.01,0.11768575293867727,0.39083491725022595,6.404419935401812,0.01,0.11516614247562248,0.3079474483008533,3.4140671607786097,0.01,0.07645425596133537,0.13009707049781705,8.363366309994499
2.72,73.13945446400004,69.10764858989937,4.031805874100664,0.3925975300317635,30.840357640503786,0.10704964313368943,3.3014492795312824,3.3014492795312824,2.1110486191291367,1.190400660402146,-0.0,0,0.01,0.01,0.16290643835462645,0.3050497644926573,55.40951169303338,0.01,0.09736696553747905,0.19405107562857657,6.930888554701609,0.01,0.09231761013656278,0.18167887910953606,6.713744743568157,0.01,0.11752429096119553,0.390661875297477,6.29551513115908,0.01,0.11499247185293211,0.3077744063481044,3.4194132417858385,0.01,0.0763793964500355,0.13002232973292766,8.371799888931726
2.73,73.3597106063703,69.33118097751218,4.028529628858128,0.38762478259906835,30.86575086096858,0.10724796877743925,3.310289084629377,3.310289084629377,2.109333181131585,1.2009559034977917,-0.0,0,0.01,0.01,0.1629798813833009,0.3051272123919419,55.620021899678925,0.01,0.09744343184151232,0.19412852352786117,6.922017978204932,0.01,0.092393869769421,0.18175632700882066,6.705992867910186,0.01,0.11736458609660701,0.39049074804468265,6.1887679664998485,0.01,0.11482073362937441,0.30760327909531004,3.424611314595627,0.01,0.07630529140782608,0.1299483407119098,8.38004261898923
2.74,73.57625283318515,69.5518852815544,4.024367551630755,0.3827277230787595,30.887493067284602,0.10744337472664266,3.3186564919948367,3.3186564919948367,2.107153922591387,1.2115025694034496,-0.0,0,0.01,0.01,0.1630522655607438,0.3052035451651181,55.82830205016488,0.01,0.09751880044616301,0.1942048563010374,6.913244718578192,0.01,0.09246903501800235,0.1818326597819969,6.698319076640163,0.01,0.1172066049152746,0.3903215065771662,6.084188369030078,0.01,0.11465089232950723,0.30743403762779353,3.4297170233937306,0.01,0.07623192995986969,0.12987509393873475,8.38819231744881
2.75,73.7890625,69.76979279332538,4.019269706674622,0.37786445855663137,30.90532925315856,0.10763590347093935,3.3265230362305727,3.3265230362305727,2.104484697214166,1.2220383390164065,-0.0,0,0.01,0.01,0.16312360690350525,0.30527877841659845,56.034277528430586,0.01,0.09759308947926408,0.19428008955251774,6.904489674596757,0.01,0.09254312370323092,0.18190789303347726,6.690646568495234,0.01,0.11705032772884728,0.3901541389142528,5.9818153800578395,0.01,0.11448292814970856,0.30726666996488017,3.4347968710371455,0.01,0.07615930821334975,0.12980258713951034,8.396364001930667
2.7600000000000002,73.99812227792593,69.98491009053147,4.013212187394461,0.372990660678637,30.91913712207035,0.10782557536699947,3.3338737500383875,3.3338737500383875,2.1013129875359104,1.2325607625024773,-0.0,0,0.01,0.01,0.1631939133478827,0.3053529191281701,56.23784257624903,0.01,0.09766630891251615,0.19435423026408938,6.895665168761325,0.01,0.09261614547611324,0.1819820337450489,6.682890247326448,0.01,0.11689575064138572,0.38998865171210806,5.881713128789434,0.01,0.11431683906547745,0.30710118276273546,3.439924794068296,0.01,0.07608743011935627,0.12973082604015143,8.404683926641882
2.77,74.20341617140738,70.1972182877239,4.006197883683487,0.3680618019200651,30.928930372298897,0.10801238820510226,3.340707634141326,3.340707634141326,2.0976403067011695,1.243067327440157,-0.0,0,0.01,0.01,0.16326318451223626,0.30542596547530415,56.43886405382169,0.01,0.09773846021831188,0.19442727661122344,6.886679394769668,0.01,0.09268810148949386,0.1820550800921829,6.674961037036678,0.01,0.1167428867737489,0.38982507099805835,5.783965689077885,0.01,0.11415264200250584,0.3069376020486857,3.4451784569408854,0.01,0.07601630792208253,0.12965982472560558,8.413283203284754
2.7800000000000002,74.40492953599994,70.40667355486339,3.9982559811365554,0.3630353449962239,30.934855552727765,0.10819631788874488,3.347037465225338,3.347037465225338,2.0934819362516754,1.2535555289736626,-0.0,0,0.01,0.01,0.16333141187285974,0.3054979070790031,56.63718645463136,0.01,0.09780953645132766,0.19449921821492241,6.877440952267196,0.01,0.09275898449414598,0.1821270216958819,6.6667702807432425,0.01,0.11659176662069486,0.3896634419226794,5.688671107291834,0.01,0.11399037303583018,0.3067759729733067,3.450635453179002,0.01,0.07594596218202752,0.12958960557178315,8.422291323558893
2.79,74.6026490961481,70.61320884779836,3.9894402483497378,0.35787278386042776,30.937182825732375,0.10837732016195771,3.352888968013417,3.352888968013417,2.088866029358496,1.264022938654921,-0.0,0,0.01,0.01,0.16339857933299423,0.30556872566858945,56.83263791214476,0.01,0.09787952273877686,0.19457003680450877,6.867863249099698,0.01,0.09282877934239647,0.18219784028546826,6.658234011376113,0.01,0.11644243754219216,0.3895038275627221,5.595934916190076,0.01,0.1138300866285748,0.30661635861334946,3.456369596932909,0.01,0.0758764213804808,0.1295201987618208,8.431829892088295
2.8000000000000003,74.79656296296295,70.81673673905733,3.97982622390561,0.3525414444588292,30.936291248992227,0.10855533327195747,3.3582994067326926,3.3582994067326926,2.0838321379309788,1.2744672688017136,-0.0,0,0.01,0.01,0.16346466414666289,0.3056383961123292,57.025036902960224,0.01,0.09794839714428023,0.19463970724824847,6.85786857089274,0.01,0.09289746386364434,0.18226751072920797,6.64927689998956,0.01,0.11629496243144215,0.38934630685201743,5.505863459065612,0.01,0.1136718539673266,0.30645883790264483,3.4624474752816456,0.01,0.07580772113232798,0.12945164141776863,8.442006856276507
2.81,74.98666065199998,71.01715318867628,3.9695074633237075,0.34701596705899646,30.932649426293207,0.10873028141446893,3.3633156770159713,3.3633156770159713,2.0784292475246025,1.2848864294913687,-0.0,0,0.01,0.01,0.16352963814346813,0.30570688775686516,57.21419933121007,0.01,0.0980161318536258,0.19470819889278448,6.847391645517513,0.01,0.09296501005957376,0.18233600237374398,6.639835714734984,0.01,0.11614941764012396,0.38919097175690087,5.418557342294215,0.01,0.11351576049289905,0.30630350280752827,3.468925411328579,0.01,0.07573990305225849,0.12938397639636628,8.452911485805355
2.82,75.17293310103705,71.21433634454327,3.958596756493777,0.3412235257051479,30.926821434896624,0.10890207380691945,3.3679949905165305,3.3679949905165305,2.0727164147875388,1.2952785757289915,-0.0,0,0.01,0.01,0.16359347855909132,0.3057741828959558,57.40049475109115,0.01,0.09808270008790437,0.19477549403187513,6.836687004518104,0.01,0.09303139140109135,0.18240329751283463,6.630175578707357,0.01,0.11600589094773153,0.3890379282808645,5.3341385988725065,0.01,0.1133619037794575,0.3061504593314918,3.475876176428113,0.01,0.07567301411346451,0.1293172527469287,8.464692722513524
2.83,75.35537268785191,71.40804565167436,3.947327036177549,0.33486684632800245,30.919975889227953,0.10907051716060583,3.372457760831556,3.372457760831556,2.0668156030286267,1.3056421578029294,-0.0,0,0.01,0.01,0.1636562082193665,0.3058403008817088,57.58361065287972,0.01,0.09814811788228764,0.19484161201762815,6.825834587441575,0.01,0.0930966252313646,0.18246941549858764,6.620342186794944,0.01,0.11586451089342527,0.3888873750044653,5.253183486949525,0.01,0.11321043465688893,0.30599990605509264,3.4837092002366834,0.01,0.0756071320371216,0.1292515600156873,8.478195250066726
2.84,75.53397324800002,71.59794520143062,3.936028046569418,0.32793354561314964,30.913766541628522,0.10923533685793602,3.3768757017223834,3.3768757017223834,2.060899465904311,1.3159762358180724,-0.0,0,0.01,0.01,0.16371774519435667,0.30590514016678133,57.76214116151796,0.01,0.09821232675411552,0.19490645130270065,6.813703076708785,0.01,0.09316064991784137,0.18253425478366014,6.609223386828586,0.01,0.11572548680384968,0.3887395854865931,5.176206893747731,0.01,0.11306159847526272,0.30585211653722044,3.492667902814492,0.01,0.07554237582520498,0.1291870207135927,8.493672240605942
2.85,75.70873009259259,71.78372876713674,3.925001325455857,0.320538070461634,30.909702232614396,0.10939628586295752,3.3814066213779808,3.3814066213779808,2.055125888230387,1.3262807331475939,-0.0,0,0.01,0.01,0.16377798685710887,0.3059685946821974,57.93590224909762,0.01,0.09827522384139724,0.19496990581811674,6.800253246537025,0.01,0.09322336165042115,0.18259770929907623,6.5968098421889865,0.01,0.1155858141073142,0.3885948111878193,5.131575538523118,0.01,0.11291565423732391,0.30570734223844664,3.5026903803651246,0.01,0.0754788617045546,0.1291237479868656,8.51090724858897
2.86,75.87964002607404,71.96523337500446,3.914406651069584,0.31304982118187386,30.908577554247355,0.10955324250492098,3.3861348922826178,3.3861348922826178,2.0495785296938718,1.336556362588746,-0.0,0,0.01,0.01,0.16383686924055005,0.30603060722656983,58.10543295794379,0.01,0.09833673196511691,0.1950319183624891,6.786055784628925,0.01,0.093284684517442,0.18265972184344859,6.5836768222698465,0.01,0.11544389873482166,0.38845319257438776,5.134168314486856,0.01,0.11277279655314076,0.3055657236250151,3.513315020984643,0.01,0.07541666813315634,0.1290618066621716,8.528929537013024
2.87,76.04670136400003,72.14248285337122,3.9042185106288034,0.30569961814569996,30.910257024364707,0.10970624684219579,3.391048287070671,3.391048287070671,2.0442440318334554,1.3468042552372153,-0.0,0,0.01,0.01,0.16389439082199198,0.3060911844341836,58.27131376406808,0.01,0.09839683415566833,0.19509249557010291,6.771749631266736,0.01,0.0933446037479394,0.1827202990510624,6.5704422086807455,0.01,0.1153035865374992,0.3883147243233508,5.150288286385519,0.01,0.11263308188727925,0.30542725537397813,3.524012956544642,0.01,0.07535580798981745,0.12900119781093708,8.546896247009514
2.88,76.20991395081484,72.31558617803117,3.8943277727836683,0.298580485448477,30.914186899633403,0.10985541169270198,3.396090729004362,3.396090729004362,2.039065253607979,1.3570254753963826,-0.0,0,0.01,0.01,0.16395058227036272,0.3061503621147786,58.43386803192939,0.01,0.09845555379980425,0.19515167325069788,6.757654493524835,0.01,0.09340314406837134,0.18277947673165737,6.557406380930426,0.01,0.11516596669939086,0.3881793339823881,5.169800572564614,0.01,0.11249646953195497,0.3052918650330154,3.5345115237443916,0.01,0.07529625787257359,0.12894189297734587,8.564445529996837
2.89,76.36927917762965,72.48468937887907,3.884589798750575,0.2917365845030909,30.919636669239043,0.1100008806822623,3.401187263991866,3.401187263991866,2.0339664623274434,1.3672208016644225,-0.0,0,0.01,0.01,0.1640054880018321,0.30620818884414874,58.593333412751505,0.01,0.09851293274872881,0.19520949998006798,6.7439285807901905,0.01,0.09346034793103412,0.18283730346102747,6.54471806667492,0.01,0.11503126991003455,0.38804691928325485,5.189797876678526,0.01,0.11236287260048575,0.3051594503338822,3.54467780407398,0.01,0.0752379785270413,0.12888385044013112,8.581399835363717
2.9,76.52480000000006,72.64995624636188,3.8748437536381726,0.28518803291858813,30.925795645998203,0.1101428114576736,3.4062540790157234,3.4062540790157234,2.0288634450396636,1.3773906339760595,-0.0,0,0.01,0.01,0.1640591590482808,0.3062647193765643,58.74990996630355,0.01,0.09856902157714946,0.19526603051248353,6.730657894737929,0.01,0.09351626615876667,0.18289383399344303,6.5324588353962305,0.01,0.11489947859088018,0.3879173631477764,5.209408434053462,0.01,0.11223218196470157,0.30502989419840376,3.5544424079040717,0.01,0.07518092281585502,0.12882702176105354,8.597664740804714
2.91,76.67648095570371,72.81155699954735,3.8649239561563524,0.2789378897560989,30.931829458653052,0.11028136589803249,3.4112044024252572,3.4112044024252572,2.0236694512239994,1.387534951201258,-0.0,0,0.01,0.01,0.16411164914726012,0.3063200107697774,58.90376668199808,0.01,0.09862387474341774,0.1953213219056967,6.717884456733392,0.01,0.09357095327257269,0.1829491253866562,6.52066856750722,0.01,0.11477050072760539,0.3877905425518229,5.228358201974868,0.01,0.11210427817146366,0.3049030736024502,3.563773481872562,0.01,0.07512503998715882,0.1287713556657863,8.61320145590932
2.92,76.8243281825185,72.9696593502197,3.854668832298808,0.2729746505087929,30.93692442201906,0.1104167024746224,3.415953179385958,3.415953179385958,2.01829988092858,1.397653298457378,-0.0,0,0.01,0.01,0.16416301177036902,0.30637411932374575,59.05503755661354,0.01,0.09867754728572568,0.19537543045966504,6.705614426554817,0.01,0.09362446424473557,0.18300323394062454,6.509352615046917,0.01,0.1146442226969476,0.3876663355658172,5.24657168695121,0.01,0.11197903942566223,0.3047788666164446,3.5726687573097635,0.01,0.07507027888711873,0.1287168011397805,8.628018639725113
2.93,76.96834943599995,73.12442067706921,3.843928758930753,0.2672739333227547,30.94032627285746,0.11054896963144928,3.4204211895252516,3.4204211895252516,2.0126763916632306,1.407744797862021,-0.0,0,0.01,0.01,0.1642132975392152,0.30642709789490796,59.203816286005186,0.01,0.09873009206609935,0.19542840903082717,6.6938213268296956,0.01,0.09367685176503049,0.18305621251178666,6.498484724042871,0.01,0.11452052838563814,0.3875446275645513,5.264059436419691,0.01,0.11185634818738811,0.3046571586151787,3.5811523319593435,0.01,0.07501659076438931,0.1286633101705929,8.642168080886313
2.94,77.10855410725927,73.27598118756072,3.8325729196985505,0.261800321269234,30.941373926982575,0.11067830006667254,3.4245386679656953,3.4245386679656953,2.0067304881453585,1.417808179820337,-0.0,0,0.01,0.01,0.16426255195364917,0.30647899354519365,59.35015227528113,0.01,0.09878155735352791,0.19548030468111288,6.68244896539967,0.01,0.09372816383872538,0.18310810816207237,6.488009832570092,0.01,0.11439930857174127,0.3874253166927538,5.280883992974296,0.01,0.11173609695957538,0.30453784774338116,3.5892719841906833,0.01,0.07496393176064294,0.12861084017211366,8.655740045747962
2.95,77.24495324074074,73.4244582296521,3.820495011088637,0.2565095522483982,30.93952748769621,0.11080480604009879,3.4282483422464836,3.4282483422464836,2.0004065099854196,1.4278418322610638,-0.0,0,0.01,0.01,0.16431081347766371,0.30652984558221974,59.4940487857608,0.01,0.09883198475742022,0.19553115671813903,6.671415261725938,0.01,0.09377844173563267,0.18315896019909852,6.477847796605177,0.01,0.11428046705275777,0.3873083184503247,5.29714653074933,0.01,0.11161819326199669,0.30442084950095205,3.5970958861191034,0.01,0.07491226503854265,0.12855935602864219,8.668857333320693
2.96,77.377559552,73.56994194695942,3.8076176050405777,0.2513510203115216,30.934389576473695,0.11092857585806393,3.4315077807567644,3.4315077807567644,1.9936639159457736,1.4378438648109908,-0.0,0,0.01,0.01,0.16435811204716116,0.306579684057892,59.63546341064028,0.01,0.09888140757175787,0.1955809951938113,6.660617135082948,0.01,0.09382771835232767,0.18320879867477077,6.467898158429312,0.01,0.11416392518389355,0.3871935692362413,5.312978231795467,0.01,0.11150256365096423,0.30430610028686866,3.6047085420956844,0.01,0.07486156247404535,0.1285088316857236,8.681668041151777
2.97,77.50638744548145,73.71249242627296,3.7938950192084895,0.24627048156210563,30.92571927702665,0.11104967164815313,3.434290971196769,3.434290971196769,1.9864787868060496,1.4478121843907197,-0.0,0,0.01,0.01,0.16440446805208253,0.30662852877734015,59.77431081062865,0.01,0.09892984958792098,0.19562983991325944,6.649936270602928,0.01,0.09387601704524007,0.18325764339421893,6.458045766325214,0.01,0.11404962518141618,0.387081028725087,5.328532198458292,0.01,0.11138915664373801,0.3041935597757144,3.6122060843605803,0.01,0.07481180585092038,0.1284592512299387,8.694337354912387
2.98,77.63145303229633,73.85213841784766,3.7793146144486784,0.2412128361746277,30.91343832187257,0.11116812847761753,3.436589083050835,3.436589083050835,1.978844504726085,1.45774457832475,-0.0,0,0.01,0.01,0.16444989182404343,0.3066763888466487,59.91046749935212,0.01,0.09897732441549159,0.19567769998256804,6.639245460952181,0.01,0.09392335097299655,0.18330550346352753,6.448166947809159,0.01,0.11393753221963354,0.38697068100417314,5.3439750280443326,0.01,0.11127794444903714,0.3040832120548005,3.619691158680795,0.01,0.07476298751769729,0.12841060942359386,8.707038777428162
2.99,77.75277414800003,73.9888776340831,3.763896513916932,0.23612485493585833,30.897629519054554,0.11128395480609687,3.4384104070139916,3.4384104070139916,1.970771606165611,1.4676388008483805,-0.0,0,0.01,0.01,0.16449438363643695,0.30672326276215944,60.043778374766106,0.01,0.09902383532641341,0.19572457389807876,6.628415185319393,0.01,0.0939697229622764,0.18335237737903826,6.438135906877146,0.01,0.11382763530100022,0.38686253445863905,5.359478127004125,0.01,0.11116892346105071,0.3039750655092664,3.6272676621368234,0.01,0.07471511049314516,0.1283629116865062,8.71994523822222
3.0,77.87037037037038,74.12267855855193,3.747691811818454,0.23095772505655585,30.878527778262114,0.11139713420173675,3.439779502867121,3.439779502867121,1.9622868439879126,1.4774926588792086,-0.0,0,0.01,0.01,0.16453793419971358,0.3067691390187995,60.174064631031946,0.01,0.0990693756127977,0.19577045015471875,6.617320091691624,0.01,0.09401512588636077,0.18339825363567824,6.427831021286375,0.01,0.11371994690812161,0.38675662045084247,5.375209101354569,0.01,0.11106211353344723,0.30386915150146987,3.635035592768692,0.01,0.07466818803270163,0.1283161735432295,8.733220511484543
3.0100000000000002,77.98426303718522,74.2534836292197,3.7307794079655237,0.2256693027130361,30.856504428202744,0.11150762819369849,3.4407356231372423,3.4407356231372423,1.9534315300380944,1.4873040930991481,-0.0,0,0.01,0.01,0.1645805256118384,0.3068139971914147,60.30113264416029,0.01,0.09911392942450778,0.19581530832733401,6.605845075948998,0.01,0.09405954352151098,0.1834431118082935,6.41714074342513,0.01,0.11361450149587851,0.38665299089529953,5.391323606561559,0.01,0.1109575561070344,0.3037655219459269,3.6430862504662285,0.01,0.07462224269327067,0.1282704195785701,8.747011333043442
3.02,78.09447526399995,74.381213600284,3.713261663715955,0.22022597732609303,30.83204580493993,0.11161538008599295,3.4413305113471147,3.4413305113471147,1.944259260597776,1.4970712507493384,-0.0,0,0.01,0.01,0.16462213270386772,0.30685780942256935,60.42478340375126,0.01,0.09915747303084482,0.19585912055848867,6.593890694105966,0.01,0.09410295182467945,0.18348692403944816,6.405968849998647,0.01,0.113511352933116,0.38655171487884044,5.40795801334395,0.01,0.11085531131665989,0.30366424592946784,3.65149799678591,0.01,0.07457730495626082,0.12822568196596873,8.761440553506977
3.0300000000000002,78.2010319619259,74.50577283877213,3.6952591231537673,0.2146040738184998,30.805727322095155,0.11172031951946823,3.4416256994540833,3.4416256994540833,1.934833152401756,1.5067925470523273,-0.0,0,0.01,0.01,0.16466272470406357,0.3069005422335383,60.54482205732754,0.01,0.09919997643228862,0.19590185336945756,6.581377694698702,0.01,0.09414532055789443,0.18352965685041706,6.3942388348413415,0.01,0.11341057104936568,0.38645287451552734,5.425223190433141,0.01,0.11075545424720584,0.3035654055661547,3.6603327428227113,0.01,0.07453341148765875,0.12818199865136207,8.776601600653263
3.04,78.30395985540736,74.62705527666455,3.676904578742798,0.2087907429277683,30.778184399857253,0.11182236754198557,3.441689448235844,3.441689448235844,1.925222735421508,1.516466712814336,-0.0,0,0.01,0.01,0.1647022671316124,0.306942158562899,60.66106714236319,0.01,0.09924140523413282,0.1959434696988183,6.568250512024639,0.01,0.09418661517076364,0.1835712731797778,6.381897290858782,0.01,0.11331223747953684,0.38635656025570747,5.443199637886247,0.01,0.11065807054322967,0.3034690913063348,3.6696332923156225,0.01,0.07449060312858079,0.12813941128879988,8.79255445379988
3.0500000000000003,78.40328749999998,74.74495071803129,3.6583367819686923,0.20278431499423888,30.750081725570215,0.11192144193212392,3.4415934862564717,3.4415934862564717,1.9155006597650281,1.5260928264914435,-0.0,0,0.01,0.01,0.16474072382326432,0.3069826199296385,60.773359103405014,0.01,0.09928172268454978,0.19598393106555784,6.554479613850139,0.01,0.094226798843443,0.18361173454651733,6.3689161779800125,0.01,0.11321644102649381,0.38626286588730463,5.461934133167172,0.01,0.11056325160061575,0.30337539693793203,3.679421624153643,0.01,0.07444892271956928,0.12809796303287815,8.809323259775795
3.06,78.49904530014817,74.85935119402113,3.639694106127045,0.19659411838498336,30.722082342430888,0.11201746251938574,3.4414097073107346,3.4414097073107346,1.9057393775204656,1.5356703297902687,-0.0,0,0.01,0.01,0.16477805899326725,0.3070218886152231,60.8815677261429,0.01,0.09932089177539483,0.19602319975114235,6.5400626471549534,0.01,0.094265834588374,0.18365100323210182,6.35529392202531,0.01,0.11312327277686383,0.3861718834745244,5.48143798121589,0.01,0.11047108958075462,0.30328441452515176,3.6896981562719606,0.01,0.07440841286658523,0.1280576962966745,8.826895646363747
3.0700000000000003,78.59126552696289,74.97015706643792,3.621108460524963,0.19023978873737443,30.694818016057567,0.11211035625352667,3.4412069829173824,3.4412069829173824,1.8960079562395116,1.545199026677871,-0.0,0,0.01,0.01,0.1648142392288163,0.3070599297616277,60.98559816917112,0.01,0.09935887730491247,0.19606124089754706,6.525024372065076,0.01,0.0943036873101008,0.18368904437850658,6.341055334330396,0.01,0.11303282120891615,0.38608369847450674,5.5016868915291495,0.01,0.11038167248806786,0.30319622952513414,3.700441992281894,0.01,0.07436911375610165,0.12801865058228343,8.84522371690077
3.08,78.67998233600002,75.0772826023484,3.6026997336516176,0.18375011842136807,30.668862215866238,0.1122000617964621,3.441048235847373,3.441048235847373,1.8863691693883045,1.5546790664590686,-0.0,0,0.01,0.01,0.1648492353296456,0.3070967132896313,61.08539533530096,0.01,0.09939564780718364,0.19609802442555055,6.509415417022694,0.01,0.094340325728281,0.18372582790651004,6.326250383538221,0.01,0.1129451675231833,0.38599838525656827,5.522622440878556,0.01,0.1102950795405068,0.30311091630719567,3.711612113650066,0.01,0.07433106112106695,0.12798086048440738,8.864226639934685
3.09,78.76523178503703,75.18066077636395,3.5845710086730818,0.17716151599574068,30.644706876652627,0.11228653344091832,3.440987903492395,3.440987903492395,1.8768769911863847,1.5641109123060102,-0.0,0,0.01,0.01,0.16488302391091642,0.30713221555332787,61.18094639913876,0.01,0.09943117726316514,0.1961335266892471,6.493309929212803,0.01,0.09437572407911776,0.18376133017020663,6.31095189102475,0.01,0.11286038140749337,0.38591600322249087,5.544155020068989,0.01,0.11021137704086323,0.3030285342731182,3.72314944397695,0.01,0.07429428444915732,0.1279443539561703,8.883794682139659
3.1,78.84705185185186,75.28024710202874,3.5668047498231226,0.17051616204424289,30.62274388537981,0.11236974419886629,3.4410698970675258,3.4410698970675258,1.8675745998055837,1.5734952972619423,-0.0,0,0.01,0.01,0.16491558870259773,0.3071664206621228,61.272281393279194,0.01,0.09946544652184736,0.19616773179804212,6.476802232955275,0.01,0.0944098635242007,0.1837955352790016,6.295252259348554,0.01,0.11277851741959487,0.38583659369128825,5.566168107203408,0.01,0.11013061492571107,0.3029491247419156,3.7349796781645543,0.01,0.07425880551026429,0.1279091509110019,8.903794472556111
3.11,78.92548245200003,75.37602234675312,3.5494601052469057,0.16385995985455334,30.603251980587892,0.11244968794774308,3.441326135403259,3.441326135403259,1.8584929651422888,1.5828331702609701,-0.0,0,0.01,0.01,0.1649469214953117,0.3071993214196655,61.359471849272616,0.01,0.09949844437657283,0.1962006325555848,6.460002646250856,0.01,0.09444273321233036,0.18382843603654428,6.279259380265531,0.01,0.11269961213433491,0.3857601776698746,5.588523658709327,0.01,0.11005282413031824,0.302872708720502,3.747016738613031,0.01,0.0742246372623541,0.1278752622159094,8.924075233508143
3.12,79.00056545659262,75.46799404319259,3.5325714134000346,0.1572403863838252,30.586389470494325,0.11252638057122298,3.441775701856492,3.441775701856492,1.8496500667698101,1.5921256350866815,-0.0,0,0.01,0.01,0.1649770227012524,0.30723091984927425,61.442627587704656,0.01,0.0995301682599964,0.19623223098519357,6.443032640865454,0.01,0.09447433095840302,0.18386003446615307,6.263091903640625,0.01,0.1126236821604615,0.3856867545842898,5.611068363948832,0.01,0.10997801486401987,0.30279928563491715,3.7591666939696817,0.01,0.07419178317463873,0.12784268911069252,8.944475670805707
3.13,79.07234471007408,75.5561967708792,3.516147939194876,0.1507043505344015,30.572192884760682,0.11259986008139425,3.4424246412054496,3.4424246412054496,1.8410507557849187,1.6013738854205306,-0.0,0,0.01,0.01,0.16500590151831476,0.30726122729638383,61.52189184771169,0.01,0.0995606245405641,0.19626253843230312,6.4260195626107475,0.01,0.09450466352288481,0.18389034191326262,6.2468740797255755,0.01,0.11255072308681066,0.385616301997048,5.6336404713696595,0.01,0.1099061758436224,0.30272883304767534,3.7713319547805395,0.01,0.07416023698547324,0.12781142306576493,8.964831185797738
3.14,79.14086604799994,75.64069124216218,3.500174805837763,0.14429616192312777,30.560581388467003,0.11267018575816579,3.4432663819161213,3.4432663819161213,1.8326872427166663,1.610579139199455,-0.0,0,0.01,0.01,0.1650335757050157,0.3072902641193278,61.59743503421362,0.01,0.09958982842278016,0.19629157525524715,6.409091153887915,0.01,0.0945337464948416,0.18391937873620667,6.23073041235885,0.01,0.11248070937123118,0.3855487762873142,5.656076866270197,0.01,0.109837274484803,0.30266130733794155,3.7834155462515944,0.01,0.07412998289066439,0.12778144606936337,8.984981056702269
3.15,79.20617731481471,75.72156228307892,3.4846150317357822,0.13805570435418044,30.55136651885401,0.11273743638719952,3.4442827394613214,3.4442827394613214,1.8245401640482828,1.6197425754130386,-0.0,0,0.01,0.01,0.16506007099218192,0.30731805899930165,61.66944743469234,0.01,0.09961780347200447,0.19631937013522097,6.392370136633784,0.01,0.0945616037999947,0.18394717361618043,6.214780376537153,0.01,0.11241359514037168,0.3854841142244951,5.67822006515395,0.01,0.1097712580055415,0.3025966452751224,3.795325253016565,0.01,0.07410099613705201,0.1277527313142051,9.00477523937337
3.16,79.26832838162963,75.79891584988192,3.4694125317477047,0.1320168946799739,30.544266568465204,0.11280170771751158,3.4454454299017723,3.4454454299017723,1.8165801536684922,1.6288652762332798,-0.0,0,0.01,0.01,0.16508542017385186,0.3073446479176753,61.738131309941885,0.01,0.09964458080125779,0.19634595905359462,6.375969118172047,0.01,0.0945882668720146,0.1839737625345541,6.19913345787594,0.01,0.11234931582652669,0.38542223532476005,5.699924791958799,0.01,0.10970805535358091,0.3025347663753874,3.8069774356177897,0.01,0.07407324397735786,0.1277252442351321,9.024080458307397
3.17,79.32737116400006,75.87287526322083,3.4544959007792313,0.12620649050439586,30.538924743179603,0.11286310929230545,3.4467180009589704,3.4467180009589704,1.808769823957348,1.6379481770016222,-0.0,0,0.01,0.01,0.1651096619336169,0.3073700728631154,61.803692791370864,0.01,0.09967019797180275,0.19637138399903473,6.359986072404384,0.01,0.09461377353953114,0.18399918747999422,6.183884761167156,0.01,0.1122877905309868,0.3853630448459786,5.721063819075914,0.01,0.1096475798337086,0.30247557589660595,3.8183003342453774,0.01,0.07404668692630294,0.12769894383388375,9.04278529844521
3.18,79.38335963970368,75.94357687260366,3.4397827671000254,0.12064329030122542,30.534930078558112,0.11292176083024229,3.4480580712991107,3.4480580712991107,1.8010660451777016,1.646992026121409,-0.0,0,0.01,0.01,0.16513283947312626,0.307394380341598,61.86633401783326,0.01,0.09969469767056043,0.19639569147751726,6.3445006232602985,0.01,0.0946381666925689,0.18402349495847675,6.169111409672376,0.01,0.11222892497331222,0.3853064372511057,5.741532791911574,0.01,0.10958973228187341,0.3024189683017331,3.829236702038036,0.01,0.07402128024560756,0.12767378421555692,9.060804064395139
3.19,79.43634986651851,76.01116538255685,3.4251844839616536,0.11533774817643408,30.531840008337095,0.11297778834836039,3.4494197583479105,3.4494197583479105,1.7934224020006129,1.6559973563472974,-0.0,0,0.01,0.01,0.1651549990162895,0.30741761976893833,61.9262459182103,0.01,0.09971812623532036,0.19641893090485765,6.329571316420586,0.01,0.09466149279991064,0.18404673438581715,6.154869915909177,0.01,0.112172614863816,0.3852522999541701,5.761253808803474,0.01,0.10953440461296547,0.3023648310047975,3.839745646868673,0.01,0.07399697557722082,0.12764971625402016,9.078079243660508
3.2,79.4864000000001,76.07578907839219,3.4106109216079172,0.11029200393224906,30.529203447137416,0.11303132022191537,3.4507561709533916,3.4507561709533916,1.7857917025960912,1.6649644683573004,-0.0,0,0.01,0.01,0.16517618826562522,0.30743984182776274,61.98360199488889,0.01,0.09974053210297301,0.19644115296368206,6.3152340110878145,0.01,0.0946838003530173,0.18406895644464155,6.141194650847012,0.01,0.11211874952304675,0.3852005171571502,5.780177595995376,0.01,0.1094814835581616,0.3023130482077776,3.8498036048804694,0.01,0.07397372264024248,0.12762668930074406,9.094582489529326
3.21,79.53357031125918,76.13759518388423,3.3959751273749483,0.10550030848668267,30.526583274689727,0.1130824833707554,3.452021845526081,3.452021845526081,1.7781284186558,1.673893426870281,-0.0,0,0.01,0.01,0.16519645488625495,0.30746109686896594,62.038553391191705,0.01,0.09976196425658229,0.19646240800488526,6.301501459319326,0.01,0.09470513831254145,0.18409021148584476,6.128097474968262,0.01,0.11206721556751124,0.3851509735900055,5.798284195768055,0.01,0.10943085440625983,0.30226350464063284,3.8594044181179368,0.01,0.0739514709075102,0.12760465285312933,9.1103141217856
3.22,79.57792320474071,76.19672556633333,3.3811976384073796,0.10094980613797097,30.52357718728678,0.11313139974720224,3.4531750124895235,3.4531750124895235,1.7703909435259635,1.68278406896356,-0.0,0,0.01,0.01,0.1652158450884242,0.307481433431948,62.09122544133408,0.01,0.09978247074412279,0.19648274456786724,6.288364071299753,0.01,0.0947255546302723,0.18411054804882673,6.115568526561766,0.01,0.11201790048513893,0.3851035579792735,5.815582169348796,0.01,0.10938240457107092,0.3022160890299008,3.8685585388649537,0.01,0.07393017118249806,0.12758355810415933,9.125301224049949
3.23,79.619523236,76.25331297786353,3.366210258136485,0.09662161952056798,30.51983600730589,0.1131781832779514,3.4541795932478867,3.4541795932478867,1.7625435695666969,1.6916360236811898,-0.0,0,0.01,0.01,0.1652344023715651,0.30750089694878163,62.14171580884088,0.01,0.09980209733539722,0.19650220808470098,6.275791796104735,0.01,0.09474509491282707,0.18413001156566045,6.10357809532632,0.01,0.11197069593652294,0.3850581660917981,5.832106398682524,0.01,0.10933602682293449,0.3021706971424255,3.877291431045189,0.01,0.07390977700556299,0.1275633593045514,9.139594489275845
3.24,79.65843712948148,76.30747798724775,3.3509591422337395,0.09249217102772242,30.515078705054087,0.11322293738374978,3.455006845482535,3.455006845482535,1.7545581039535119,1.7004487415290233,-0.0,0,0.01,0.01,0.16525216648233007,0.3075195286855852,62.19009422846394,0.01,0.09982088637442957,0.19652083982150445,6.263736984799853,0.01,0.09476380128397757,0.18414864330246394,6.092079448348367,0.01,0.11192550063784369,0.3850147032278015,5.847914646506044,0.01,0.10929162204560937,0.30212723427842886,3.8856412808036485,0.01,0.07389024583006192,0.12754401488086226,9.153264025653298
3.25,79.69473379629628,76.3593267162292,3.3354070800670823,0.08853466637111582,30.509103578636743,0.11326575316731159,3.455636595293812,3.455636595293812,1.7464150632450215,1.7092215320487907,-0.0,0,0.01,0.01,0.1652691726263985,0.30753736496049494,62.23640378043178,0.01,0.09983887587303573,0.19653867609641423,6.252138050793461,0.01,0.09478171149072627,0.18416647957737373,6.081012425432129,0.01,0.11188222270734811,0.3849730860699027,5.863083097092316,0.01,0.10924910140867279,0.30208561712053006,3.8936561614978733,0.01,0.07387153992270064,0.1275254882674216,9.166394379998716
3.2600000000000002,79.72848435199998,76.40894945053536,3.3195349014646127,0.08472066195313818,30.50179524627951,0.11330670832397194,3.4560580173277065,3.4560580173277065,1.7381044099626908,1.7179536073650157,-0.0,0,0.01,0.01,0.1652854509599043,0.30755443666256793,62.28066355267988,0.01,0.09985609887794132,0.19655574779848725,6.240923704897276,0.01,0.09479885828477753,0.18418355127944674,6.070307585019762,0.01,0.11184078138781404,0.3849332438299373,5.877701146500462,0.01,0.10920838787845039,0.30204577488056467,3.901390820821323,0.01,0.07385362695784463,0.12750774842569323,9.179079063363561
3.27,79.75976213437038,76.45642015088993,3.3033419834804603,0.08102163775598889,30.49312732033224,0.11334586679284546,3.4562699473476544,3.4562699473476544,1.729625817932825,1.7266441294148291,-0.0,0,0.01,0.01,0.16530102637181612,0.3075707690804771,62.322872485979325,0.01,0.09987258312945983,0.19657208021639636,6.230017521449062,0.01,0.0948152690966063,0.18419988369735585,6.05989066232689,0.01,0.11180110809090002,0.3848951186716538,5.891865738929259,0.01,0.10916941702556981,0.3020076497222812,3.9089032690557954,0.01,0.07383648029157651,0.12749077004083886,9.19141487348152
3.2800000000000002,79.78864272118523,76.5017968455446,3.286845875640626,0.077410501222391,30.483160842352365,0.11338327913056159,3.4562807345702433,3.4562807345702433,1.7209884760657501,1.7352922585044934,-0.0,0,0.01,0.01,0.16531591855425817,0.3075863820347768,62.3630141531856,0.01,0.09988835101510339,0.19658769317069605,6.219342587262525,0.01,0.09483096600465808,0.18421549665165554,6.0496870977802,0.01,0.1117631467439099,0.3848586654227609,5.9056755543439605,0.01,0.10913213712266115,0.3019711964733883,3.916251347634183,0.01,0.07382007891721108,0.12747453340108789,9.20349630188439
3.29,79.81520394799998,76.54512284519286,3.2700811028071195,0.07386295467889419,30.472038754395374,0.11341898355663012,3.456107662421765,3.456107662421765,1.7122104615369427,1.7438972008848221,-0.0,0,0.01,0.01,0.16533014234426657,0.3076012902934988,62.40106219552519,0.01,0.0999034198073172,0.1966026014294181,6.20882599574029,0.01,0.09484596598806179,0.1842304049103776,6.039626404992007,0.01,0.1117268534535402,0.3848238506227319,5.919225343081753,0.01,0.10909650855976528,0.30193638167335923,3.923489447491342,0.01,0.07380440711901258,0.12745902398026135,9.215410292301222
3.3000000000000003,79.839525925926,76.58642868532598,3.2530972406000136,0.0703586686874043,30.459976854422102,0.11345300759055493,3.4557759852728784,3.4557759852728784,1.7033177320803716,1.7524582531925068,-0.0,0,0.01,0.01,0.16534370830845074,0.3076155042384894,62.43698612546324,0.01,0.09991780216149371,0.19661681537440867,6.198402971832655,0.01,0.094860281438279,0.18424461885536814,6.029646170839517,0.01,0.11169219553298128,0.3847906509818424,5.93260067814313,0.01,0.10906250263608108,0.3019031820324698,3.9306655287575145,0.01,0.07378945385433971,0.12744423175683356,9.227231584059892
3.31,79.86169105940743,76.62573467154884,3.2359563878585966,0.06688221568344438,30.447251826674865,0.11348537017708629,3.455317644425164,3.455317644425164,1.6943428025722551,1.7609748418529088,-0.0,0,0.01,0.01,0.16535662353194566,0.3076290307396981,62.470757206316655,0.01,0.09993150683914066,0.19663034187561734,6.188020446113119,0.01,0.09487392089394824,0.18425814535657684,6.019695512353752,0.01,0.11165914996685158,0.3847590513509812,5.945873358606281,0.01,0.10903009981343598,0.30187158240160855,3.9378185692573124,0.01,0.07377521190582272,0.12743015031372723,9.239018832499179
3.3200000000000003,79.88178406400007,76.66305388111932,3.218730182880756,0.0634237317092725,30.43418704592334,0.11351608417830858,3.4547697386034226,3.4547697386034226,1.6853231827376525,1.76944655586577,-0.0,0,0.01,0.01,0.16536889256529283,0.3076418741869446,62.502354131296215,0.01,0.09994453961203294,0.19664318532286393,6.177639935245578,0.01,0.0948868899542791,0.18427098880382342,6.00973785323544,0.01,0.1116277014116492,0.384729042319987,5.95909765168919,0.01,0.10899928753824197,0.3018415733706144,3.944976541063155,0.01,0.07376167685403116,0.127416775771247,9.250811650944453
3.33,79.89989198414816,76.69839545966205,3.201496524486104,0.05997928830307022,30.42113692436313,0.11354515910009517,3.4541728320825915,3.4541728320825915,1.6762996603031333,1.7778731717794583,-0.0,0,0.01,0.01,0.16538051847770174,0.3076540376237242,62.531768247339734,0.01,0.09995690429671301,0.19665534875964344,6.167239627767889,0.01,0.09489919232004095,0.1842831522406029,5.999752923319135,0.01,0.11159783984680463,0.3847006175740931,5.9723075100036835,0.01,0.10897005775395444,0.3018131486247205,3.9521549839309262,0.01,0.07374884592714387,0.12740410561092047,9.26262866852507
3.34,79.91610421096311,76.73176804590076,3.184336165062341,0.056550970994305665,30.408470600488613,0.11357260391601232,3.4535691872009986,3.4535691872009986,1.6673145171200243,1.786254670080974,-0.0,0,0.01,0.01,0.1653915039626474,0.3076655239254901,62.55900810084828,0.01,0.09996860386501316,0.19666683506140942,6.156815616714001,0.01,0.09491083090765176,0.1842946385423689,5.989737925610022,0.01,0.1115695580024501,0.3846737711432613,5.985514847473018,0.01,0.10894240423477257,0.30178630219388863,3.9593562134329763,0.01,0.07373671678723669,0.1273921374504168,9.274466646802495
3.35,79.9305125000001,76.76318315924607,3.1673293407540357,0.053146674742277286,30.39655576087778,0.11359842985389078,3.453001007401954,3.453001007401954,1.6584097647353802,1.7945912426665742,-0.0,0,0.01,0.01,0.1654018524419184,0.3076763369655062,62.58410312175607,0.01,0.09997964157538407,0.19667764810142555,6.146382261260266,0.01,0.09492180898113065,0.18430545158238504,5.979707854879653,0.01,0.11154284869446204,0.38464849467783824,5.998708904958162,0.01,0.1089163198734211,0.30176102572846564,3.9665691712657556,0.01,0.07372528631295999,0.12738086782918623,9.286300648611155
3.36,79.94321098903704,76.79265839470808,3.1505525943289583,0.04977963944272902,30.3857433409335,0.11362265301859391,3.4525087723389376,3.4525087723389376,1.6496254808486865,1.802883291490251,-0.0,0,0.01,0.01,0.16541156911692506,0.3076864827146649,62.60710630782924,0.01,0.09999002207162191,0.1966877938505842,6.1359716982605885,0.01,0.0949321312486155,0.1843155973315437,5.969694989293953,0.01,0.11151770219531144,0.38462477487641067,6.0118566866127034,0.01,0.10889179405156504,0.30173730592703807,3.973769896561501,0.01,0.0737145494357116,0.12737029106115133,9.29808520543804
3.37,79.95429621585191,76.82022028609187,3.134075929760039,0.04646775978523838,30.37635377289455,0.1136452967383254,3.452129738348951,3.452129738348951,1.6409983194544564,1.8111314188944945,-0.0,0,0.01,0.01,0.16542066192104354,0.30769597022732226,62.628095820942455,0.01,0.09999975239984635,0.19669728136324152,6.125632559120162,0.01,0.09494180487452088,0.18432508484420101,5.959747610059852,0.01,0.11149410376119911,0.3846025911785953,6.0249044019111215,0.01,0.10886881021124892,0.30171512222922264,3.9809225707924836,0.01,0.07370449808117027,0.12736039820496026,9.309756387360217
3.38,79.96386713600002,76.84590672071387,3.1179604152861535,0.043232712818117656,30.368665344145228,0.11366639354024331,3.45189666629956,3.45189666629956,1.6325602558077934,1.8193364104917666,-0.0,0,0.01,0.01,0.16542914233368516,0.3077048124728744,62.647175460735625,0.01,0.10000884290094775,0.1967061236087937,6.115427978860596,0.01,0.09495084036487246,0.18433392708975319,5.9499280345693135,0.01,0.11147203142256897,0.38458191381762297,6.0377798072407804,0.01,0.10884734373048482,0.3016944448682503,3.987981065670681,0.01,0.07369512026060304,0.12735117619435582,9.321234642426345
3.39,79.97202514059256,76.86976881565383,3.1022563249387356,0.040098953217177255,30.36290510212413,0.11368598668311622,3.4518368251008056,3.4518368251008056,1.6243376133300003,1.8274992117708055,-0.0,0,0.01,0.01,0.1654370260252099,0.30771302698201075,62.664474034662895,0.01,0.10001730794376487,0.19671433811793002,6.105433010794609,0.01,0.0949592522914736,0.1843421415988895,5.940310074453712,0.01,0.11145145412730516,0.38456270230600376,6.050395305752993,0.01,0.10882736018671099,0.30167523335663116,3.994890903850336,0.01,0.0736863993471354,0.12734260716159074,9.332428242536704
3.4,79.97887407407406,76.89187219536686,3.0870018787071953,0.03709263022433622,30.359242600906825,0.11370413119907945,3.4519713037981914,3.4519713037981914,1.6163504039607357,1.8356208998374557,-0.0,0,0.01,0.01,0.16544433331129185,0.3077206362868567,62.68014369679419,0.01,0.10002516647349306,0.19672194742277604,6.095731582565371,0.01,0.09496705982985797,0.18434975090373554,5.930976051651313,0.01,0.11143233030481456,0.3845449044034743,6.062651635669895,0.01,0.1088088140694223,0.3016574354541016,4.001591526782012,0.01,0.07367831356169986,0.1273346679760515,9.343237150341606
3.41,79.98452025200004,76.9122976417622,3.072222610237844,0.03424048141849321,30.357786636228724,0.11372089442196821,3.4523146489432044,3.4523146489432044,1.6086119970859447,1.8437026518572595,-0.0,0,0.01,0.01,0.16545108940538417,0.3077276681449974,62.69435737604107,0.01,0.10003244235974922,0.19672897928091668,6.08641314593034,0.01,0.0949742870959518,0.18435678276187617,5.922013521876305,0.01,0.11141460689595935,0.38452845559110455,6.074441956247592,0.01,0.10879164797904876,0.30164098664173195,4.008018753303135,0.01,0.07367083568220927,0.12732733000891802,9.353557108243402
3.42,79.98907247881486,76.93114111903222,3.057931359782641,0.03156875694104349,30.358584967659798,0.11373635600495799,3.452874827688521,3.452874827688521,1.6011291158458318,1.8517457118426892,-0.0,0,0.01,0.01,0.16545732446802006,0.3077341555481247,62.707305456718,0.01,0.10003916453883127,0.19673546668404399,6.077569183598829,0.01,0.09498096327650646,0.18436327016500348,5.913511865400833,0.01,0.1113982188696562,0.38451327905016086,6.085656127889898,0.01,0.10877579232437262,0.3016258101007882,4.0141073069303985,0.01,0.07366393297821061,0.1273205591233605,9.363283746521105
3.43,79.99264206562968,76.94851320506568,3.0441288605640047,0.02910222369760928,30.36162688598872,0.11375060745412384,3.4536535015766754,3.4536535015766754,1.5939021441547574,1.8597513574219182,-0.0,0,0.01,0.01,0.16546307346133513,0.3077401365262456,62.71919190749004,0.01,0.10004536695452453,0.19674144766216495,6.069289740274426,0.01,0.09498712255818521,0.18436925114312444,5.905558908695883,0.01,0.11138308922309129,0.3844992861203342,6.0961849791851765,0.01,0.10876116550664094,0.3016118171709616,4.019793289872708,0.01,0.07365756736242082,0.12731431587901593,9.372316513150086
3.44,79.99534284799995,76.964537987827,3.0308048601729487,0.026863292705150078,30.366848357042187,0.11376375122594753,3.454646582006621,3.454646582006621,1.5869257138639292,1.867720868142692,-0.0,0,0.01,0.01,0.16546837582595983,0.3077456537675436,62.73023007612558,0.01,0.10005108831088856,0.19674696490346294,6.061660141581133,0.01,0.09499280386925868,0.18437476838442243,5.898237736766657,0.01,0.11136912944003172,0.38448637719037343,6.105924359393743,0.01,0.10874767455618149,0.3015989082410008,4.025016487462037,0.01,0.07365169574064526,0.12730855592981344,9.380562243278803
3.45,79.99729120370377,76.97935150745654,3.017939696247219,0.02487130456934094,30.37413936567888,0.11377589945483275,3.4558450264965574,3.4558450264965574,1.5801895297845459,1.8756554967120116,-0.0,0,0.01,0.01,0.1654732750049293,0.3077507540817053,62.74063837653015,0.01,0.10005637165843498,0.19675206521762464,6.054758053028209,0.01,0.09499805045580857,0.18437986869858414,5.8916238444381746,0.01,0.11135624036162872,0.38447444295597943,6.114778790201636,0.01,0.10873521616774921,0.3015869740066068,4.0297223982413755,0.01,0.07364627053307514,0.1273032305860534,9.387938210411903
3.46,79.99860607051845,76.99309984214341,3.0055062283750416,0.023141998570410563,30.38335299978194,0.11378717239061731,3.4572358255911673,3.4572358255911673,1.573679381230233,1.8835564443609343,-0.0,0,0.01,0.01,0.16547781784518673,0.3077554877404955,62.750636090898766,0.01,0.1000612638416735,0.19675679887641473,6.048651012028804,0.01,0.09500290932085302,0.18438460235737422,5.885782755620732,0.01,0.11134431340722566,0.38446336596574915,6.122664555041126,0.01,0.1087236780648295,0.30157589701637655,4.033863901540054,0.01,0.07364124033320857,0.1272982875053331,9.39437453316114
3.47,79.99940896399997,77.00593694744497,2.9934720165549966,0.02168718056672345,30.394315756705662,0.11379769663542971,3.4588031239230523,3.4588031239230523,1.5673782826559668,1.8914248412670855,-0.0,0,0.01,0.01,0.16548205391140866,0.30775990773336814,62.76043949280362,0.01,0.10006581484094192,0.19676121886928744,6.043394539386137,0.01,0.09500743055966959,0.18438902235024696,5.880768213200841,0.01,0.11133323206962747,0.38445302236651197,6.129512096788277,0.01,0.1087129406112909,0.3015655534171393,4.037402495547711,0.01,0.07363655066588586,0.1272936714726696,9.399815849107995
3.48,79.99982399525919,77.01802236440888,2.9818016308503137,0.02051459447304281,30.406838525058788,0.11380760327380697,3.4605294156706004,3.4605294156706004,1.561267682990235,1.8992617326803654,-0.0,0,0.01,0.01,0.16548603474915063,0.30776406897786796,62.77025846961502,0.01,0.10007007704460544,0.19676538011378725,6.0390309044298425,0.01,0.09501166662766676,0.18439318359474674,5.876621010206217,0.01,0.11132287360046883,0.3844432837547734,6.135267633617308,0.01,0.10870287858146896,0.3015558148054007,4.040309063134111,0.01,0.07363214480330321,0.12728932522809433,9.404222208390616
3.49,79.99997788874083,77.02951891164834,2.970458977092489,0.019627991990042552,30.42072769302374,0.1138170259898134,3.462396754465919,3.462396754465919,1.5553286833706026,1.9070680710953165,-0.0,0,0.01,0.01,0.16548981313468444,0.30776802752450083,62.780293785958705,0.01,0.10007410448906214,0.19676933866042012,6.035588581488944,0.01,0.09501567157839372,0.18439714214137962,5.873368496967442,0.01,0.11131311079691752,0.38443401904114904,6.139893946026738,0.01,0.10869336299708378,0.3015465500917764,4.0425641487727635,0.01,0.07362796459738005,0.1272851903000642,9.407569181728853
3.5,80.0,77.04059047079055,2.959409529209451,0.019027386056360913,30.435795858900704,0.11382609926025784,3.464387920500176,3.464387920500176,1.5495432059880065,1.9148447145121696,-0.0,0,0.01,0.01,0.1654934423474709,0.30777183979378,62.79073508768578,0.01,0.10007795210355132,0.1967731509296993,6.03308239722765,0.01,0.09501950030871704,0.1844009544106588,5.871024761459699,0.01,0.11130381380094143,0.3844250962393121,6.143370332740852,0.01,0.10868426294122101,0.3015376272899395,4.044157756077297,0.01,0.07362395128840131,0.12728120780511798,9.40984721840938
3.5100000000000002,79.99997788874074,77.05139996408548,2.9485779246552757,0.018709465581139686,30.451667238268733,0.11383495670448762,3.4664642216477852,3.4664642216477852,1.5438717911056754,1.9225924305421098,-0.0,0,0.01,0.01,0.16549697549815393,0.30777556187948657,62.80175970020465,0.01,0.10008167499464254,0.19677687301540583,6.03151433098631,0.01,0.0950232078459465,0.1844046764963653,5.8695914436169065,0.01,0.11129485182650921,0.3844163840996013,6.145691776825795,0.01,0.10867544726559471,0.30152891515022867,4.045088700153638,0.01,0.0736200462532387,0.12727731917806462,9.41106032606613
3.52,79.99982399525925,77.06210667118552,2.9377173240737275,0.01866489624035315,30.46717651649842,0.11384372889159293,3.4684969834365527,3.4684969834365527,1.5381851939389146,1.9303117894976383,-0.0,0,0.01,0.01,0.16550046473457328,0.30777924862443967,62.81352312650909,0.01,0.10008532768708646,0.19678055976035896,6.030869606957848,0.01,0.09502684858586752,0.18440836324131846,5.8690536728069835,0.01,0.11128609494531089,0.38440775427466567,6.146872495418841,0.01,0.108666786417692,0.301520285325293,4.04536765800667,0.01,0.07361619187212846,0.12727346713948137,9.411233521634765
3.5300000000000002,79.999408964,77.0728592857564,2.926549678243606,0.018866233549387084,30.48101179948813,0.11385253765695395,3.47034054372328,3.47034054372328,1.5323378282559474,1.9380027154673327,-0.0,0,0.01,0.01,0.16550395937042575,0.30778295122933425,62.82611960217832,0.01,0.10008896266241087,0.1967842623652536,6.031093456760416,0.01,0.0950304747913454,0.18441206584621309,5.8693564170933685,0.01,0.11127741719014933,0.3843990869187693,6.14696913818446,0.01,0.10865815607332367,0.30151161796939663,4.045034851915301,0.01,0.07361233352443786,0.12726959819583802,9.410450115114916
3.54,79.99860607051852,77.08378520326873,2.914820867249781,0.019266816992906402,30.491969875775254,0.1138614873336614,3.4718610417889693,3.4718610417889693,1.526196637180357,1.9456644046086125,-0.0,0,0.01,0.01,0.1655075025214173,0.30778671356368764,62.83955991903117,0.01,0.10009262744676999,0.19678802469960696,6.032072383097713,0.01,0.09503413360989744,0.18441582818056645,5.870386562721154,0.01,0.11126870270181433,0.3843902793262307,6.146103919007837,0.01,0.10864944432753894,0.3015028103768581,4.044173046438599,0.01,0.07360842325253028,0.12726566649658153,9.408865965499526
3.5500000000000003,79.9972912037037,77.09498042889993,2.9023107748037655,0.019803968882871708,30.49900529900801,0.11387065649647513,3.4729417558875157,3.4729417558875157,1.5196463680930017,1.953295387794514,-0.0,0,0.01,0.01,0.16551112772537632,0.30779056869009,62.853767597657054,0.01,0.10009636118034707,0.1967918798260093,6.033634369742716,0.01,0.09503786361800741,0.18441968330696878,5.871974013780298,0.01,0.11125985341581787,0.38438125407231943,6.144468766426579,0.01,0.10864055994442373,0.3014937851229468,4.0429065240149455,0.01,0.07360442350518186,0.1272616374697944,9.406701454688253
3.56,79.995342848,77.10650151402216,2.888841333977855,0.02040284341353012,30.50126991594511,0.1138800913724484,3.4734874050035405,3.4734874050035405,1.5125937853685612,1.9608936196349793,-0.0,0,0.01,0.01,0.16551485616829775,0.30779453608674656,62.8685817365143,0.01,0.10010019150575585,0.19679584722266588,6.035558662372191,0.01,0.09504169173011776,0.18442365070362537,5.873901735192699,0.01,0.11125079645609162,0.38437196552141584,6.14231698447603,0.01,0.1086314396746463,0.30148449657204324,4.041393746087844,0.01,0.0736003102337615,0.12725749072973894,9.404227470200816
3.5700000000000003,79.99264206562964,77.11835980712002,2.8742822585096297,0.020980643644227484,30.498141402497524,0.11388980115217562,3.4734272598413773,3.4734272598413773,1.5049706712795552,1.9684565885618222,-0.0,0,0.01,0.01,0.1655186946481814,0.307798619666752,62.88376371897757,0.01,0.10010413211099614,0.19679993080267127,6.037588926616841,0.01,0.09504563078428975,0.18442773428363077,5.875918756998827,0.01,0.11124149027720735,0.38436240447191405,6.139949222316402,0.01,0.10862205393496013,0.3014749355225414,4.039817993427482,0.01,0.07359607518059973,0.12725322215335388,9.401749682316252
3.58,79.98907247881482,77.13051816187995,2.858554316934865,0.021450976355461938,30.489240056348446,0.11389975531789157,3.4727169822465465,3.4727169822465465,1.4967355403283267,1.97598144191822,-0.0,0,0.01,0.01,0.16552263433421283,0.3078028066432846,62.899007053678815,0.01,0.10010818105858657,0.1968041177792038,6.039447641342016,0.01,0.09504967792243754,0.1844319212601633,5.87775422339007,0.01,0.1112319291056793,0.38435260082243955,6.137696896020216,0.01,0.10861241059380876,0.3014651318730669,4.038377267810689,0.01,0.0735917272941051,0.1272488450740753,9.39959215727088
3.59,79.98452025200001,77.14289012069455,2.8416301313054686,0.02172813716624567,30.474433697876766,0.11390988300191107,3.4713391770746385,3.4713391770746385,1.4878740574547766,1.9834651196198618,-0.0,0,0.01,0.01,0.16552665033655317,0.3078070672470777,62.91394962982719,0.01,0.10011231995213422,0.19680837838299697,6.040850573063977,0.01,0.09505381380954182,0.18443618186395647,5.879131438957837,0.01,0.11122214547834616,0.3843426242439292,6.135904827430472,0.01,0.1086025567722294,0.3014551552945566,4.037274145967903,0.01,0.07358729325208302,0.12724439058586737,9.398081163957855
3.6,79.97887407407407,77.15534147905204,2.8235325950220367,0.021731138676830707,30.45383108264096,0.11392007429568048,3.4693026995225615,3.4693026995225615,1.4783982096154258,1.9909044899071355,-0.0,0,0.01,0.01,0.16553070206369486,0.30781135526373243,62.928187673990735,0.01,0.10011651394045959,0.19681266639965178,6.041520503392321,0.01,0.09505800268784695,0.18444046988061127,5.8797811404317715,0.01,0.11121221082672593,0.3843325829326003,6.134914287700906,0.01,0.10859257867763643,0.3014451139832277,4.036706106958056,0.01,0.07358281711644934,0.1272399069906166,9.397529912367926
3.61,79.97202514059259,77.16769403598788,2.8043311046047203,0.021387318023015998,30.427764722757228,0.1139301833468475,3.4666408136984694,3.4666408136984694,1.4683443327432566,1.9982964809552128,-0.0,0,0.01,0.01,0.16553473430994411,0.30781560932393554,62.94129072363801,0.01,0.10012071251728753,0.19681692045985485,6.041199581170617,0.01,0.09506219322120897,0.18444472394081435,5.879453403884693,0.01,0.11120223416820138,0.3843226205993265,6.13504732172849,0.01,0.10858259957920138,0.3014351516499538,4.036856748930114,0.01,0.0735783591799494,0.1272354584578689,9.398224833753918
3.62,79.963867136,77.17973125006536,2.784135885934646,0.020635387625430237,30.396764438838712,0.11394003301115531,3.4634083435935947,3.4634083435935947,1.4577701409746657,2.005638202618929,-0.0,0,0.01,0.01,0.16553867898592123,0.30781975485015084,62.95281697693239,0.01,0.10012485103819811,0.19682106598607016,6.039659850199858,0.01,0.09506632004934025,0.18444886946702965,5.877927767167171,0.01,0.1111923590562759,0.38431291191983197,6.136593003182322,0.01,0.10857277611246087,0.3014254429704593,4.03788821295172,0.01,0.07357399409789862,0.12723112299658576,9.40041387763249
3.63,79.95429621585185,77.19120545121831,2.763090764633549,0.019427823437525728,30.36152330738057,0.11394942076940798,3.4596779945528957,3.4596779945528957,1.4467509412290935,2.012927053323802,-0.0,0,0.01,0.01,0.16554245738082213,0.3078237065395443,62.96232842829974,0.01,0.10012885284642654,0.1968250176754636,6.036711670390057,0.01,0.09507030594238629,0.18445282115642309,5.875021306147709,0.01,0.11118275901746211,0.38430365672589306,6.139796075300251,0.01,0.1085632931664952,0.3014161877765204,4.03993503682999,0.01,0.07356980842459397,0.12722698986350542,9.404297168237992
3.64,79.94321098903703,77.2018462077564,2.741364781280619,0.017732517733432443,30.322857922011323,0.1139581255785395,3.455536050976778,3.455536050976778,1.4353752429468303,2.0201608080299476,-0.0,0,0.01,0.01,0.1655459828271614,0.3078273712452948,62.969405248023136,0.01,0.10013263187611082,0.19682868238121407,6.0322098955700785,0.01,0.09507406442398719,0.18445648586217356,5.870594540608735,0.01,0.11117363176169032,0.3842950732591726,6.144848260382132,0.01,0.10855435765790207,0.3014076043098,4.043099575026689,0.01,0.07356589769430102,0.1272231565512804,9.410020238638799
3.65,79.93051249999999,77.21136941589742,2.7191430841025723,0.015533657483045037,30.281665045648015,0.1139659153007291,3.4510776737573705,3.4510776737573705,1.423739989512689,2.0273376842446815,-0.0,0,0.01,0.01,0.1655491636271831,0.30783065110739716,62.97365891170393,0.01,0.10013609558634125,0.19683196224331645,6.026057787432197,0.01,0.09507750271631218,0.18445976572427594,5.8645551543008265,0.01,0.11116519249550666,0.38428739083561003,6.1518823727504754,0.01,0.10854619153063633,0.3013999218862374,4.047449045615582,0.01,0.0735623632001761,0.12721972551145783,9.417669948683386
3.66,79.91610421096297,77.21948666679674,2.6966175441662323,0.012831823658577391,30.23887679237755,0.11397255434577934,3.446402028574576,3.446402028574576,1.4119456443823308,2.034456384192245,-0.0,0,0.01,0.01,0.16555190609522066,0.3078334467797188,62.97474363225579,0.01,0.1001391480720597,0.19683475791563806,6.018208730150653,0.01,0.09508052485367513,0.18446256139659756,5.856859592493448,0.01,0.11115766669205539,0.38428084227900194,6.160969247819581,0.01,0.10853902433900132,0.3013933733296293,4.053014202681681,0.01,0.07355930863091717,0.12721680077236375,9.42727309309591
3.67,79.89989198414816,77.22591445306287,2.67397753108528,0.009643340360699965,30.195416444304907,0.11397781116931362,3.441607473667772,3.441607473667772,1.4000913612536148,2.041516112414157,-0.0,0,0.01,0.01,0.16555411757192048,0.30783566060241463,62.97236569980204,0.01,0.10014169319827083,0.19683697173833392,6.008665868064743,0.01,0.09508303481202539,0.18446477521929341,5.847512653570229,0.01,0.11115128267884639,0.3842756564775571,6.172117402741321,0.01,0.10853308577269276,0.3013881875281845,4.0597895814127565,0.01,0.07355683672432543,0.12721448461001664,9.438797617018887
3.68,79.881784064,77.2303828024312,2.65140126156881,0.005998934316601283,30.152156884418428,0.11398146529191247,3.4367870233976388,3.4367870233976388,1.388270454177214,2.048516569220425,-0.0,0,0.01,0.01,0.16555570927410823,0.3078371995775708,62.966290397850244,0.01,0.10014363761158998,0.19683851071349004,5.997479826169323,0.01,0.09508493950930763,0.18446631419444953,5.836565225857253,0.01,0.11114626439427219,0.3842720513972722,6.1852752677980165,0.01,0.10852859846846123,0.3013845824478996,4.0677352208870765,0.01,0.07355504608950382,0.12721287442152304,9.45215627585756
3.69,79.8616910594074,77.23264296920172,2.6290480902056865,0.0019417938888922307,30.109883419787426,0.1139833135407166,3.4320242825120544,3.4320242825120544,1.3765663610207435,2.055457921491311,-0.0,0,0.01,0.01,0.16555659885763876,0.30783797802067014,62.95634624320517,0.01,0.10014489349701733,0.19683928915658946,5.984744698865377,0.01,0.09508615154559096,0.18446709263754899,5.824110345350765,0.01,0.11114282463814376,0.3842702278519825,6.200335766464311,0.01,0.1085257714239021,0.30138275890260985,4.076779732958381,0.01,0.07355402833555448,0.12721205993541337,9.467212501554494
3.7,79.83952592592593,77.23247384769867,2.6070520782272566,-0.0024751642937068147,30.06926260879042,0.1139831752433878,3.427390029377207,3.427390029377207,1.365049276080792,2.062340753296415,0.0,0,0.01,0.01,0.1655566905358856,0.3078379197720278,62.94421928759023,0.01,0.100145380965884,0.19683923090794708,5.970592326819141,0.01,0.09508659156981576,0.18446703438890658,5.810277574129448,0.01,0.1111411591039738,0.38427036430321465,6.217143136881892,0.01,0.10852479421990334,0.301382895353842,4.086825334493964,0.01,0.07355384699103816,0.12721212088156011,9.485170348001198
3.71,79.815203948,77.22968778544411,2.5855161625558947,-0.007183461506157564,30.03081383613374,0.11398089693334057,3.4229390966806976,3.4229390966806976,1.3537730970038786,2.069165999676819,0.0,0,0.01,0.01,0.16555587453012136,0.3078369602013686,62.93365684317238,0.01,0.10014485508784982,0.1968382713372879,5.959731122788496,0.01,0.09508600955680413,0.1844660748182474,5.8002535396559125,0.01,0.11114125537288604,0.38427261214544195,6.237232935945779,0.01,0.10852543773028396,0.30138514319606935,4.1013123141369405,0.01,0.07355442991030944,0.12721312487821682,9.516408237808092
3.72,79.78864272118518,77.22414910817605,2.5644936130091414,-0.01206852648000008,29.9948196035356,0.11397636745780286,3.4187005809630824,3.4187005809630824,1.342765715801244,2.0759348651618383,0.0,0,0.01,0.01,0.16555416566826026,0.3078350525902202,62.919708334845225,0.01,0.10014330340188556,0.19683636372613944,5.951285464872471,0.01,0.0950844295787635,0.18446416720709893,5.792087860840206,0.01,0.11114275154229027,0.3842770807390708,6.265026267607912,0.01,0.10852775401357719,0.3013896117896982,4.120775870361293,0.01,0.07355594082310994,0.12721512074101599,9.552430089780996
3.73,79.75976213437038,77.21579063064894,2.5439715037214388,-0.01701728880848589,29.961245032980724,0.11396953145597104,3.4146690582463526,3.4146690582463526,1.3320203645055084,2.082648693740844,0.0,0,0.01,0.01,0.1655515400097183,0.3078321738197197,62.90246927089238,0.01,0.10014079724190357,0.19683348495563902,5.942812547219215,0.01,0.09508189891343054,0.18446128843659854,5.783834656885485,0.01,0.11114596809307009,0.3842838240772133,6.298061949463881,0.01,0.10853209896651429,0.3013963551278407,4.142503073255189,0.01,0.07355845434391968,0.12721813252422,9.589491614098458
3.74,79.728484352,77.20459989710277,2.5238844548972406,-0.0219504837751973,29.92980246850996,0.11396037810432474,3.410811605899147,3.410811605899147,1.321502810335775,2.089308795563372,0.0,0,0.01,0.01,0.16554799194218262,0.307828319631739,62.882056955943995,0.01,0.10013733199031923,0.19682963076765833,5.93432354735401,0.01,0.09507841111215798,0.18445743424861782,5.775557013939196,0.01,0.11115115777425638,0.3842928518855636,6.334086672625606,0.01,0.10853864130434755,0.301405382936191,4.16506193936288,0.01,0.0735619896789057,0.12722216447804582,9.626482226609276
3.75,79.69473379629629,77.19060157561714,2.5041322206791605,-0.026816126456710297,29.900034796751797,0.1139489267306484,3.407076874298908,3.407076874298908,1.3111605646838576,2.0959163096150504,0.0,0,0.01,0.01,0.1655435284997402,0.30782349856465435,62.85858637963607,0.01,0.1001329123556033,0.19682480970057364,5.925914240739843,0.01,0.09507397112063132,0.1844526131815331,5.76735053546417,0.01,0.11115847222317411,0.38430414383236255,6.371499645857495,0.01,0.10854744706317412,0.30141667488298995,4.187670930540029,0.01,0.07356654481750091,0.1272272073971396,9.662864478282824
3.7600000000000002,79.65843712948148,77.17384353786026,2.4845935916212145,-0.03158411212695571,29.87138139400668,0.11393521544850845,3.4034022748707176,3.4034022748707176,1.3009301624322478,2.1024721124384698,0.0,0,0.01,0.01,0.16553816471624197,0.30781772715810535,62.8321636561699,0.01,0.10012755220301596,0.1968190382940247,5.917647022962833,0.01,0.09506859302809621,0.1844468417749842,5.759275073593036,0.01,0.11116799002728885,0.38431766076827734,6.409198498327889,0.01,0.10855852385484378,0.30143019181890474,4.209903704254301,0.01,0.07357210603531023,0.12723324364344615,9.698343245687974
3.77,79.619523236,77.15438551722336,2.4651377187766506,-0.036242370656283086,29.843231973662622,0.11391929190121246,3.399719854483269,3.399719854483269,1.2907430912326379,2.1089767632506313,0.0,0,0.01,0.01,0.165531919851826,0.3078110260457538,62.80287965848136,0.01,0.10012127067995602,0.19681233718167307,5.909551761576805,0.01,0.09506229608129815,0.18444014066263256,5.75135891610363,0.01,0.11117973850706031,0.38433335388646506,6.446464761176821,0.01,0.10857184626900918,0.30144588493709246,4.2315441862475955,0.01,0.07357865307457305,0.12724025124027297,9.732786168058613
3.7800000000000002,79.57792320474074,77.13228974270389,2.4456334620368603,-0.04079369500745556,29.814971198646173,0.11390120561799254,3.3959611649915233,3.3959611649915233,1.2805306862847288,2.1154304787067946,0.0,0,0.01,0.01,0.16552481427817275,0.30780341672870176,62.77080466701373,0.01,0.10011408882739521,0.19680472786462108,5.901631394871238,0.01,0.09505510131607593,0.18443253134558057,5.743604371268218,0.01,0.1111937110522983,0.3843511722867874,6.482875503108102,0.01,0.10858737195388089,0.3014637033374148,4.252510705066409,0.01,0.07358616304791454,0.1272482072530598,9.766185592254875
3.79,79.53357031125925,77.10761328562229,2.4259570256369574,-0.04525287411914415,29.78601529549138,0.11388100176424962,3.39206126041582,3.39206126041582,1.2702281282776018,2.1218331321382182,0.0,0,0.01,0.01,0.16551686692900747,0.30779491893917654,62.73598439017597,0.01,0.10010602678814479,0.19679623007509586,5.893867098663341,0.01,0.09504702878979052,0.18442403355605538,5.7359927526866406,0.01,0.11120988105515868,0.3843710691546968,6.518233064901842,0.01,0.10860505269541108,0.3014836002053242,4.272812348650187,0.01,0.07359461358806471,0.12725709055041634,9.798630220776165
3.8000000000000003,79.4864,77.08040199273191,2.4059980072680944,-0.049643989050760194,29.755841248945337,0.11385871618054857,3.3879618834771272,3.3879618834771272,1.2597776106975211,2.128184272779606,0.0,0,0.01,0.01,0.16550809327157584,0.30778554855102874,62.69843747248208,0.01,0.10009710156755199,0.19678685968694803,5.886223066001827,0.01,0.09503809536382438,0.18441466316790753,5.728488990722666,0.01,0.11122821305895408,0.38439300665583026,6.552508045668105,0.01,0.10862484246679635,0.3015055377064576,4.292520793623804,0.01,0.07360398536593164,0.12726688399027494,9.83028074875312
3.81,79.43634986651853,77.05068592697761,2.3856639395409087,-0.05399783305788594,29.72400892335143,0.1138343716451899,3.3836138785657277,3.3836138785657277,1.2491307177326338,2.134483160833094,0.0,0,0.01,0.01,0.1654985037724287,0.30777531600996494,62.65815448527539,0.01,0.10008732531580021,0.19677662714588426,5.878651010574643,0.01,0.09502831300557382,0.18440443062684375,5.72104598329629,0.01,0.11124867152346476,0.3844169596094301,6.585792500550535,0.01,0.10864670336385582,0.30152949066005746,4.3117499959412005,0.01,0.07361426402463506,0.12727757605923362,9.861348085571173
3.8200000000000003,79.38335963970371,77.01847624418762,2.3648833955160846,-0.0583494642458651,29.690176420267253,0.11380797530189653,3.3789788647467263,3.3789788647467263,1.2382500503249694,2.140728814421757,0.0,0,0.01,0.01,0.16548810283410736,0.3077642252588082,62.61509831933547,0.01,0.10007670410687382,0.1967655363947275,5.871094412660331,0.01,0.09501768758518594,0.18439333987568698,5.713608701727329,0.01,0.11127122749932934,0.38444291799852504,6.618261308764033,0.01,0.10867060987432718,0.3015554490491524,4.330640279463108,0.01,0.07362544156201475,0.12728916199098875,9.89207371339976
3.83,79.327371164,76.98376342175133,2.3436077422486616,-0.06273592196810696,29.65410903892495,0.11377951718490725,3.3740302089974747,3.3740302089974747,1.2271101443240928,2.146920064673382,0.0,0,0.01,0.01,0.16547688817578926,0.30775227312883124,62.569205844760184,0.01,0.10006523718701152,0.1967535842647505,5.863492475836729,0.01,0.09500621813985143,0.18438138774571,5.706118019020431,0.01,0.11129586345201961,0.38447088838505017,6.650140247779826,0.01,0.10869655172923377,0.30158341943567757,4.349345241656118,0.01,0.07363751719432188,0.12730164439444622,9.92271206290076
3.84,79.26832838162963,76.94651673447451,2.3218116471551133,-0.06719414717967985,29.615682306433868,0.11374896975726415,3.3687533510152887,3.3687533510152887,1.215697735620287,2.153055615395002,0.0,0,0.01,0.01,0.16546485062436397,0.30773944916099333,62.5203906606998,0.01,0.10005291665926876,0.19674076029691256,5.855783739019604,0.01,0.0949938965721649,0.18436856377787203,5.698514205686033,0.01,0.1113225764504442,0.3845008943151976,6.681679682560331,0.01,0.10872453550482492,0.301613425365825,4.368020758548832,0.01,0.07365049773931863,0.1273150334298206,9.953514942654678
3.85,79.20617731481481,76.90668484927937,2.2994924655354336,-0.07175914786564881,29.574879659294528,0.11371628835919982,3.3631455435249697,3.3631455435249697,1.2040114394518664,2.1591341040731034,0.0,0,0.01,0.01,0.16545197427478744,0.3077257358127937,62.468546726708645,0.01,0.10003972756309909,0.19672704694871307,5.847909280776497,0.01,0.09498070774132918,0.1843548504296726,5.690740031162081,0.01,0.11135137992162834,0.3845329758194472,6.713133055048169,0.01,0.10875458511694149,0.3016455068700745,4.386815775952299,0.01,0.0736643975644324,0.12732934657964495,9.984718140228152
3.86,79.14086604799999,76.86419738804793,2.2766686599520725,-0.07646244604473243,29.531785468233327,0.11368141244543334,3.3572150840642876,3.3572150840642876,1.192060922793925,2.1651541612703626,0.0,0,0.01,0.01,0.16543823697121654,0.307711108998739,62.41355264649544,0.01,0.10002564830014826,0.19671242013465828,5.839815455526737,0.01,0.0949666298982792,0.18434022361561775,5.682743411754927,0.01,0.11138230416447198,0.3845671881298765,6.744739580326933,0.01,0.10878674134553686,0.30167971918050385,4.405864768035809,0.01,0.07367923815324696,0.12734460806974607,10.016530343550665
3.87,79.07234471007408,76.8189672893697,2.253377420704379,-0.08133083428933531,29.486574191354794,0.11364426747507603,3.350980124325998,3.350980124325998,1.1798656584416656,2.171114465884332,0.0,0,0.01,0.01,0.16542361105425302,0.3076955389060322,62.35527636510562,0.01,0.100010651350743,0.19669685004195156,5.831456112006886,0.01,0.09495163540913411,0.18432465352291105,5.674479556720831,0.01,0.11141539580955506,0.38460359975233555,6.776710731091067,0.01,0.10882106053163514,0.3017161308029629,4.425281833648819,0.01,0.07369504735040895,0.12736084800194383,10.049124520279152
3.88,79.0005654565926,76.77089378712455,2.2296716694680447,-0.08638545848651293,29.43949650677325,0.11360476730730604,3.3444671502962238,3.3444671502962238,1.1674533561196831,2.1770137941765406,0.0,0,0.01,0.01,0.16540806431524716,0.3076789910226821,62.29358004361379,0.01,0.09999470422056812,0.19668030215860138,5.8227942608285685,0.01,0.09493569170646007,0.18430810563956088,5.665912580140729,0.01,0.11145071640724381,0.3846422900413996,6.809220218405051,0.01,0.10885761259574044,0.301754821092027,4.445156430352545,0.01,0.07371185835024732,0.1273781012648379,10.082631844823046
3.89,78.92548245200001,76.71986581787127,2.205616634128747,-0.09164123091338909,29.39086330931354,0.11356281695095767,3.3377092300261917,3.3377092300261917,1.154858169069053,2.1828510609571388,0.0,0,0.01,0.01,0.16539156109644113,0.30766142731317186,62.22832488751379,0.01,0.09997777055422671,0.1966627384490911,5.8138031781777055,0.01,0.09491876240510037,0.1842905419300506,5.657016566120438,0.01,0.11148834032234378,0.38468334643076163,6.842397250607927,0.01,0.10889647853236686,0.30179587748138903,4.465550736750136,0.01,0.07372970849753033,0.12739640629114637,10.117138186012866
3.9,78.84705185185186,76.6657656704024,2.1812861814494746,-0.09710656479667437,29.341028454012307,0.11351831551710477,3.3307441256389176,3.3307441256389176,1.1421187738364336,2.188625351802484,0.0,0,0.01,0.01,0.16537406347594724,0.3076428074773267,62.15937572828682,0.01,0.09995981135201085,0.19664411861324602,5.80446695488064,0.01,0.09490080851903879,0.1842719220942055,5.647776096335891,0.01,0.11152835210961828,0.3847268614705053,6.876322874415569,0.01,0.10893774753813361,0.3018393925211327,4.486498597692408,0.01,0.0737486379695082,0.127415803729488,10.152683072530326
3.91,78.76523178503703,76.60847269939298,2.1567590856440573,-0.10278340944503504,29.290371092666405,0.11347115923046645,3.3236123621754015,3.3236123621754015,1.129276416503735,2.1943359456716665,0.0,0,0.01,0.01,0.16535553247910895,0.3076230902309748,62.086605187677954,0.01,0.09994078622829357,0.19662440136689402,5.7947805217763,0.01,0.09488178971791651,0.1842522048478535,5.638186270137878,0.01,0.11157084353987,0.3847729298156667,6.911029179481884,0.01,0.10898151392970211,0.3018854608662941,4.508005954443971,0.01,0.07376868840660002,0.12743633509531882,10.189260950831946
3.92,78.679982336,76.54786694008044,2.1321153959195676,-0.10866755467123324,29.2392783819987,0.1134212443674288,3.316355338491953,3.316355338491953,1.1163730107377678,2.199982327754185,0.0,0,0.01,0.01,0.1653359292624959,0.30760223455217933,62.009897288097925,0.01,0.09992065465430858,0.1966035456880986,5.784749201838879,0.01,0.09486166556624089,0.1842313491690581,5.628252266290508,0.01,0.11161591044008605,0.38482164529823526,6.9465010916960415,0.01,0.10902787400212749,0.30193417634886266,4.530052602984291,0.01,0.07378990155486383,0.12745804146021802,10.226824454352178
3.93,78.59126552696296,76.48383248119745,2.1074330457655086,-0.11474916518247354,29.18812924870928,0.11336847000471653,3.3090135552260875,3.3090135552260875,1.103449362418214,2.2055641928078735,0.0,0,0.01,0.01,0.16531521622322778,0.30758020084383,61.929150411479576,0.01,0.09989937713436672,0.1965815119797492,5.774387855536968,0.01,0.09484039669465322,0.1842093154607087,5.617988510977591,0.01,0.1116636495024852,0.38487309819820925,6.982680406706161,0.01,0.10907692296776336,0.30198562924883665,4.552595067915731,0.01,0.07381231797700612,0.12748096223127975,10.26528932392368
3.94,78.49904530014817,76.41626047749877,2.082784822649388,-0.12101350024431748,29.137279784667793,0.113312740482083,3.3016250225939046,3.3016250225939046,1.0905435829739396,2.211081439619965,0.0,0,0.01,0.01,0.16529335799409334,0.30755695197169425,61.844279544138686,0.01,0.09987691627232373,0.19655826310761357,5.763719696924094,0.01,0.09481794586041566,0.18418606658857306,5.607417527331406,0.01,0.11171415520543011,0.3849273728096762,7.019471640268358,0.01,0.10912875210089194,0.3020399038603036,4.575570335458636,0.01,0.0738359758805395,0.12750513406353908,10.304540566829969
3.95,78.4032875,76.34505170962763,2.058235790372385,-0.1274417712537001,29.087050722198306,0.11325396750356564,3.2942238972664124,3.2942238972664124,1.0776897397315777,2.2165341575348347,0.0,0,0.01,0.01,0.1652703222934874,0.30753245414615665,61.75521778197257,0.01,0.09985323769384245,0.1965337652820759,5.752774864261261,0.01,0.09479427886301696,0.18416156876303538,5.596568547758147,0.01,0.11176751697360734,0.3849845453763786,7.056749211543501,0.01,0.10918344619431469,0.30209707642700595,4.598900162856448,0.01,0.07386091010229391,0.127530589938691,10.34443941902906
3.96,78.30395985540741,76.2701186262691,2.033841229138327,-0.13401208967927516,29.037717311968763,0.11319207182366538,3.28683938357166,3.28683938357166,1.0649167773381674,2.2219226062334925,0.0,0,0.01,0.01,0.1652460806080684,0.30750667762525186,61.66191710080893,0.01,0.09982831079917942,0.19650798876117115,5.741588830121441,0.01,0.09476936528997328,0.18413579224213067,5.585475971410308,0.01,0.11182381668555194,0.385044682449068,7.094365441812046,0.01,0.10924108141213097,0.3021572134996954,4.622495676419058,0.01,0.0738871512783673,0.1275573584334036,10.384830682999134
3.97,78.20103196192592,76.19138683021576,2.0096451317101516,-0.1407004597482746,28.989501800703195,0.11312698448619597,3.2794949204707007,3.2794949204707007,1.0522477303505173,2.2272471901201834,0.0,0,0.01,0.01,0.16522060869478766,0.3074795972258152,61.56434842494416,0.01,0.09980210933039813,0.19648090836173449,5.730200732752579,0.01,0.09474317907704985,0.18410871184269398,5.574177746005132,0.01,0.11188312661389077,0.3851078396952105,7.132158851421433,0.01,0.10930172359899695,0.3022203707458379,4.646261986132697,0.01,0.07391472521830905,0.12758546319075287,10.425550047604576
3.98,78.094475264,76.10879599506833,1.9856792689316654,-0.14748177378529498,28.94256858782097,0.11305864760366933,3.2722076627154806,3.2722076627154806,1.0396992339435451,2.2325084287719354,0.0,0,0.01,0.01,0.16519388689721223,0.30745119263823373,61.46250104895262,0.01,0.09977461174567447,0.19645250377415296,5.7186517041000196,0.01,0.09471569887585579,0.18408030725511249,5.562713747009351,0.01,0.11194550785844384,0.3851740611711515,7.169962273634717,0.01,0.1093654270815661,0.3022865922217789,4.670102578259023,0.01,0.07394365249234178,0.12761492259911092,10.466431050747204
3.99,77.98426303718517,76.02230022204049,1.9619628151446926,-0.1543307727299083,28.89702203276881,0.11298701468332467,3.264988252720806,3.264988252720806,1.0272813277791526,2.2377069249416532,0.0,0,0.01,0.01,0.16516590027858774,0.30742144854813486,61.35638148607121,0.01,0.09974580140141937,0.19642275968405418,5.706983260714655,0.01,0.09468690822978047,0.18405056316501367,5.551124218221704,0.01,0.11201100930577922,0.3852433790483099,7.2076103712946,0.01,0.1094322339738323,0.30235591009893725,4.693923293370387,0.01,0.07397394823114477,0.1276457496744869,10.507311412369084
4.0,77.87037037037037,75.93186786624362,1.9385025041267454,-0.16122293961818698,28.852906790524155,0.11291205052190742,3.257840869235549,3.257840869235549,1.0149975376550002,2.242843331580549,0.0,0,0.01,0.01,0.16513663858069433,0.3073903545752225,61.24601183005202,0.01,0.09971566655008829,0.19639166571114183,5.695235813582799,0.01,0.09465679556633633,0.1840194691921013,5.539448328000229,0.01,0.11207966712240713,0.38531581376876045,7.24494623211909,0.01,0.10950217397584801,0.3024283448193878,4.717635749785272,0.01,0.07400562212943841,0.1276779521350362,10.548038536872616
4.01,77.75277414800001,75.83748087863756,1.9152932693624445,-0.16813529934573382,28.810210472626483,0.1128337307048596,3.2507635300186624,3.2507635300186624,1.0028452107498387,2.2479183192688237,0.0,0,0.01,0.01,0.16510609602314974,0.3073579050452697,61.131427726810216,0.01,0.09968420016766485,0.19635921618118898,5.683447341914038,0.01,0.09462535402004091,0.18398701966214848,5.527722884666866,0.01,0.11215150476399313,0.3853913745918879,7.281826820046522,0.01,0.10957526463567341,0.3025039056425153,4.7411601252698885,0.01,0.07403867863751361,0.12771153265031632,10.58847405368753
4.0200000000000005,77.63145303229629,75.73913372346969,1.8923193088265988,-0.17504710358765474,28.768868365458065,0.11275204075666295,3.243748618465199,3.243748618465199,0.9908160731426263,2.252932545322573,0.0,0,0.01,0.01,0.16507427096237232,0.3073240986159802,61.012676057933234,0.01,0.09965139962983974,0.19632540975189952,5.671652265054815,0.01,0.09459258110495852,0.18395321323285901,5.515981244127062,0.01,0.11222653346106798,0.38547006048274546,7.3181271619468395,0.01,0.10965151202802956,0.30258259153337286,4.76442725844048,0.01,0.0740731173190464,0.1277464892429196,10.628497327973333
4.03,77.50638744548148,75.6368319415173,1.869555503964176,-0.18194038519097394,28.72876988614382,0.11266697499770512,3.2367835984769893,3.2367835984769893,0.9788969727887031,2.257886625688286,0.0,0,0.01,0.01,0.16504116543293754,0.3072889377810465,60.88981244101143,0.01,0.09961726625985382,0.19629024891696584,5.6598805364207925,0.01,0.09455847825992453,0.18391805239792533,5.504252432822875,0.01,0.11230475312369505,0.38555186128428826,7.353743241334845,0.01,0.10973091179030296,0.3026643923349156,4.78738007211469,0.01,0.07410893334905445,0.12778281581633819,10.668007927017966
4.04,77.377559552,75.53059043688404,1.8469691151159522,-0.18880037161466381,28.68976641894968,0.11257853516930302,3.2298518777948155,3.2298518777948155,0.967070767242586,2.2627811105522295,0.0,0,0.01,0.01,0.16500678459657764,0.30725242827928434,60.76289865066694,0.01,0.09958180477385518,0.1962537394152037,5.648156973688846,0.01,0.09452305029231585,0.18388154289616318,5.4925604997678645,0.01,0.11238615359400586,0.38563675910972994,7.388593646939047,0.01,0.10981345044735596,0.30274929016035734,4.809974352467374,0.01,0.07414611812267338,0.12782050278029694,10.706927071096327
4.05,77.24495324074076,75.420431569592,1.824521671148769,-0.19561575205605272,28.65168015095124,0.11248672889249388,3.2229337774545,3.2229337774545,0.9553173130660575,2.2676164643884427,0.0,0,0.01,0.01,0.1649711361256129,0.3072145784372598,60.63200006127884,0.01,0.09954502265146965,0.19621588957317912,5.63650083067115,0.01,0.09448630474804585,0.1838436930541386,5.4809241029085065,0.01,0.11247071616660669,0.38572472988778117,7.422620080436942,0.01,0.1098991069509139,0.3028372609384085,4.832178940073889,0.01,0.07418465994350427,0.12785953774327272,10.745198130397473
4.0600000000000005,77.10855410725925,75.30638313786599,1.8021709693932544,-0.20237879776670398,28.614313514572608,0.11239156802797459,3.21600756394688,3.21600756394688,0.9436145129931073,2.272393050953773,0.0,0,0.01,0.01,0.16493422954821207,0.3071753984743755,60.49718320545378,0.01,0.09950692946014007,0.19617670961029482,5.624925608270322,0.01,0.09444825123628571,0.1838045130912543,5.469356327259186,0.01,0.11255841529242512,0.38581574499239074,7.455786864579754,0.01,0.10998785435689398,0.3029282760430181,4.853975402950648,0.01,0.07422454475954958,0.12789990624147052,10.782786253646927
4.07,76.968349436,75.18847633294722,1.779873103052781,-0.20908533970945703,28.57745884594351,0.11229306700420759,3.2090505009975194,3.2090505009975194,0.931939377478781,2.2771111235187385,0.0,0,0.01,0.01,0.16489607558258632,0.3071348997989952,60.35851353401981,0.01,0.0994675361616931,0.1961362109349145,5.613439094676805,0.01,0.09440890073729058,0.183764014415874,5.457864725263216,0.01,0.11264922038118819,0.38590977288971196,7.488079612374083,0.01,0.11007966156459491,0.30302230394033935,4.875357268970653,0.01,0.07426575691513287,0.12794159247409237,10.819677230779208
4.08,76.82432818251851,75.06674374562913,1.7575844368893943,-0.21573461209665185,28.54090788142146,0.11219124117829461,3.2020398795720446,3.2020398795720446,0.9202690591659124,2.281770820406132,0.0,0,0.01,0.01,0.1648566854860867,0.30709309432290205,60.21605345123889,0.01,0.09942685442859213,0.19609440545882134,5.60204361837588,0.01,0.09436826492068573,0.18372220893978083,5.44645156341743,0.01,0.11274309762083765,0.38600678073823314,7.519503223824966,0.01,0.11017449504484955,0.30311931178886053,4.896328897533691,0.01,0.07430827988860807,0.12798458001625146,10.855875702751165
4.09,76.67648095570371,74.94121749765503,1.7352634580486799,-0.22232897439855717,28.50446073948688,0.11208610528985695,3.1949539876767203,3.1949539876767203,0.9085818219747588,2.2863721657019616,0.0,0,0.01,0.01,0.16481607044323335,0.3070499938192722,60.06986068633346,0.01,0.09938489599548576,0.19605130495519152,5.5907364917887366,0.01,0.09432635549970039,0.183679108436151,5.435114253625752,0.01,0.11284001173818427,0.3861067358832014,7.550079372992025,0.01,0.11027232048970528,0.3032192669338287,4.9169040696720545,0.01,0.07435209698800797,0.1280288524832918,10.891402838829217
4.1,76.5248,74.81192756287066,1.7128724371293318,-0.22887352801658875,28.467934070677426,0.11197767206199559,3.187772985648828,3.187772985648828,0.8968579108369923,2.290915074811836,0.0,0,0.01,0.01,0.164774241014064,0.3070056093464765,59.919987046031764,0.01,0.09934167206904067,0.19600692048239576,5.579510618363815,0.01,0.09428318364420071,0.18363472396335528,5.423845942894221,0.01,0.11293992763336932,0.38620960719341835,7.579843638665693,0.01,0.1103731043235911,0.3033221382440457,4.937104373194947,0.01,0.07439719197995437,0.1280743941234612,10.926293605064055
4.11,76.36927917762962,74.67890033287846,1.690378844751166,-0.23537564685603457,28.431168103144085,0.11186595099563573,3.180479657774998,3.180479657774998,0.8850802934089774,2.2953993643660207,0.0,0,0.01,0.01,0.1647312066608949,0.30695995075649635,59.766477577626226,0.01,0.09929719281574702,0.1959612618924156,5.568355231851282,0.01,0.09423875947206352,0.1835890653733751,5.412636230985365,0.01,0.11304281183068648,0.3863153661969635,7.608842419716901,0.01,0.11047681502491054,0.30342789724759084,4.95695745601854,0.01,0.0744435496310218,0.12812119031975092,10.960593749135388
4.12,76.20991395081481,74.542157470249,1.667756480565813,-0.2418444433886692,28.394032364248268,0.11175094739445121,3.1730600170534533,3.1730600170534533,0.8732352512203878,2.2998247658330655,0.0,0,0.01,0.01,0.16468697536780927,0.30691302630269096,59.609370153864205,0.01,0.09925146694352595,0.19591433743861023,5.557256733400855,0.01,0.0941930916345675,0.18354214091956975,5.401471982703916,0.01,0.11314863369951383,0.3864239879820794,7.637129763085764,0.01,0.11058342421720521,0.30353651903270673,4.976495216835365,0.01,0.07449115614517202,0.1281692279861103,10.99435662600868
4.13,76.046701364,74.40171507953029,1.644986284469709,-0.2482901933610805,28.356429917537845,0.11163266164742783,3.165503746513502,3.165503746513502,0.8613128044243346,2.3041909420891673,0.0,0,0.01,0.01,0.16464155336301428,0.30686484235721506,59.44869547481213,0.01,0.09920450138868674,0.19586615349313433,5.546199590188172,0.01,0.09414618700719651,0.18349395697409385,5.39033819952761,0.01,0.11325736641106658,0.3865354518399996,7.664764219609079,0.01,0.1106929075000977,0.303647982890627,4.995751998075537,0.01,0.07453999948569272,0.12821849584800524,11.027639985638
4.14,75.87964002607407,74.25758321283352,1.6220568132405566,-0.2547237430046893,28.318300017264548,0.11151108878533438,3.157804467474923,3.157804467474923,0.8493069613636339,2.308497506111289,0.0,0,0.01,0.01,0.16459494494983226,0.30681540324373807,59.28447746516956,0.01,0.09915630111523885,0.1958167143796573,5.535167258601795,0.01,0.09409805049271143,0.1834445178606168,5.379218914750021,0.01,0.11336898760899854,0.3866497416374991,7.691805830498947,0.01,0.11080524500176722,0.3037622726881265,5.014762841408346,0.01,0.07459006957510435,0.12826898460223984,11.060502838675145
4.15,75.70873009259259,74.10976571316998,1.5989643794226065,-0.26115592240120467,28.2796191469901,0.11138621831632194,3.149959832209077,3.149959832209077,0.8372157912909706,2.3127440409181066,0.0,0,0.01,0.01,0.16454715244764737,0.3067647111864162,59.11673403062842,0.01,0.09910686902892771,0.1957660223223355,5.524143095465927,0.01,0.09404868493871989,0.18339382580329497,5.368098076674342,0.01,0.11348347978417611,0.3867668459179986,7.7183133352588085,0.01,0.11092042164634779,0.303879376968626,5.033561860791943,0.01,0.07464135837156172,0.12832068695591115,11.093002508028755
4.16,75.533973248,73.95826038548326,1.5757128625167314,-0.2675969875604089,28.240400472316413,0.11125803433498879,3.141971445382813,3.141971445382813,0.8250413255082512,2.316930119874562,0.0,0,0.01,0.01,0.16449817623981058,0.3067127663715152,58.94547812389701,0.01,0.09905620600381042,0.19571407750743441,5.513111222733855,0.01,0.09399809116743445,0.1833418809883939,5.356960386326072,0.01,0.11360083035586883,0.3868867577407261,7.744341679398583,0.01,0.1110384271409806,0.3039992887913535,5.05218078181876,0.01,0.07469385982518414,0.1283735975491291,11.125191963316649
4.17,75.35537268785185,73.80305947296125,1.5523132148906058,-0.27405611182793593,28.200691797949073,0.11112651588893985,3.133844625163883,3.133844625163883,0.8127892986617802,2.321055326502103,0.0,0,0.01,0.01,0.16444801492145006,0.3066595671138272,58.77071906082141,0.01,0.09900431101488624,0.1956608782497465,5.502057314185532,0.01,0.0939462681110269,0.183288681730706,5.345792059208617,0.01,0.11372103147281028,0.38700947427734006,7.769939887130113,0.01,0.11115925569792692,0.3041220053279674,5.070647688801276,0.01,0.07474756972232571,0.12842771277052767,11.157117521155744
4.18,75.17293310103705,73.64415040518091,1.5287826958561417,-0.2805409445547654,28.160572173904665,0.11099163757751762,3.1255880207015543,3.1255880207015543,0.8004687477061423,2.325119272995412,0.0,0,0.01,0.01,0.1643966655365146,0.3066051101162405,58.59246401904712,0.01,0.09895118136640957,0.1956064212521597,5.490969276791837,0.01,0.09389321304211999,0.1832342247331192,5.33458148462997,0.01,0.1138440795577641,0.38713499619417613,7.795149349744867,0.01,0.11128290551680008,0.30424752724480353,5.088986012451688,0.01,0.07480248542987813,0.12848303047846293,11.188816977997266
4.19,74.98666065199998,73.48151677532238,1.5051438766776104,-0.2870572516570168,28.120147342732427,0.11085337034932896,3.1172131076616165,3.1172131076616165,0.7880914909276737,2.329121616733943,0.0,0,0.01,0.01,0.16434412389030326,0.30654939080762617,58.410719647182404,0.01,0.09889681300217482,0.19555070194354549,5.479837804687583,0.01,0.09383892188564538,0.18317850542450498,5.323319761232473,0.01,0.11396997462810034,0.3872633268555955,7.820002564471496,0.01,0.11140937806029522,0.30437585790622285,5.107213781292331,0.01,0.07485860555514814,0.12853954964399508,11.220318222849587
4.2,74.79656296296295,73.31513949640002,1.4814234665629327,-0.29360864893164146,28.079544257517796,0.11071168245870701,3.10873358742352,3.10873358742352,0.775671513234939,2.333062074188581,0.0,0,0.01,0.01,0.16429038492132053,0.3064924037417284,58.225493711175105,0.01,0.09884120088138819,0.19549371487764775,5.468656789527026,0.01,0.09378338959564658,0.18312151835860724,5.312001093113264,0.01,0.11409871943218736,0.38739447138953736,7.844522341437763,0.01,0.11153867716351532,0.3045070024401647,5.125343149308939,0.01,0.0749159295395517,0.128597269934194,11.25163835712354
4.21,74.60264909614816,73.1449980814068,1.4576510147413595,-0.30019643494315196,28.038904928010176,0.1105665405365372,3.1001647183229495,3.1001647183229495,0.7632242865681937,2.3369404317547557,0.0,0,0.01,0.01,0.16423544311460395,0.3064341430380214,58.03679670581055,0.01,0.09878433940181108,0.19543545417394076,5.457423577358076,0.01,0.09372661057870296,0.18306325765490025,5.300623036999191,0.01,0.11423031844692955,0.38752843566016393,7.868721478467332,0.01,0.1116708080219101,0.3046409667107913,5.143380201224044,0.01,0.07497445720624342,0.12865619125590882,11.282783327160148
4.22,74.404929536,72.97107198956996,1.4338575464300414,-0.3068195261366569,27.998379868776524,0.1104179107280553,3.091522608880747,3.091522608880747,0.7507660556931506,2.3407565531875965,0.0,0,0.01,0.01,0.1641792929377494,0.30637460284461016,57.84464336410837,0.01,0.09872622285072277,0.19537591398052942,5.446139068688798,0.01,0.09366857914453952,0.1830037174614889,5.289186597390775,0.01,0.11436477678537567,0.38766522519434243,7.8926028854213275,0.01,0.11180577610582622,0.3047777562449698,5.161325025698772,0.01,0.07503418828280418,0.12871631328088362,11.313748054157045
4.23,74.20341617140741,72.79334198058173,1.410074190825687,-0.31347449273594596,27.958121428605047,0.11026575984933654,3.082823503285154,3.082823503285154,0.7383131198190918,2.344510383466062,0.0,0,0.01,0.01,0.16412192928070765,0.30631377780316105,57.64905400392533,0.01,0.09866684586391875,0.1953150889390803,5.43480766481967,0.01,0.09360928996408056,0.1829428924200398,5.277696172700385,0.01,0.11450209906489926,0.3878048441086514,7.916160122749645,0.01,0.11194358605065526,0.30491737515927875,5.179172036326365,0.01,0.07509512192023823,0.12877763497298164,11.344517026522913
4.24,73.99812227792592,72.61179142061702,1.386330857308891,-0.3201556901119393,27.9182772747188,0.1101100565151972,3.074083088526233,3.074083088526233,0.7258811394610754,2.3482019490651576,0.0,0,0.01,0.01,0.16406334788101568,0.3062516634965583,57.45005566072688,0.01,0.09860620387341805,0.1952529746324776,5.423437069534324,0.01,0.09354873851568368,0.1828807781134371,5.266159361324936,0.01,0.11464228828599402,0.38794729408169987,7.939378303697284,0.01,0.11208424057057922,0.3050598251323272,5.1969105110355445,0.01,0.07515725622880753,0.12884015413734404,11.37506530234031
4.25,73.7890625,72.42640748801017,1.3626550119898326,-0.3268554767962674,27.87898428939124,0.10995077219400944,3.0653158506032243,3.0653158506032243,0.7134844958407616,2.3518313547624627,0.0,0,0.01,0.01,0.1640035457174178,0.3061882568614083,57.247682965703206,0.01,0.09854429352574828,0.1951895679973276,5.412037960623593,0.01,0.09348692150150507,0.18281737147828708,5.254586641743061,0.01,0.1147853447692975,0.388092573412961,7.962235297120985,0.01,0.11222773944105549,0.30520510446358834,5.2145253130232465,0.01,0.07522058784972019,0.12890386700962264,11.4053598553769
4.26,73.57625283318518,72.23718223239653,1.3390706007886426,-0.33356450728276443,27.840363111268438,0.10978788214932227,3.0565345042542784,3.0565345042542784,0.7011357270126117,2.3553987772416667,0.0,0,0.01,0.01,0.16394252135673265,0.30612355654959045,57.04197874067607,0.01,0.09848111305453507,0.1951248676855097,5.40062355029709,0.01,0.09342383721781941,0.1827526711664692,5.24299094519005,0.01,0.11493126519419504,0.3882406762042602,7.984703158915189,0.01,0.11237407859061785,0.30535320725488757,5.23199775093711,0.01,0.07528511157947664,0.128968767901093,11.435361187785391
4.2700000000000005,73.35971060637036,72.0441134486289,1.3155971577414556,-0.34027208529569997,27.80251352046051,0.10962136623395036,3.0477495168507582,3.0477495168507582,0.6888450609740282,2.35890445587673,0.0,0,0.01,0.01,0.16388027524124135,0.3060575632256604,56.83299429378602,0.01,0.09841666259354609,0.19505887436157965,5.389209057103864,0.01,0.09335948586555101,0.18268667784253917,5.231387142874053,0.01,0.11508004177648115,0.38839159169376825,8.006749714949436,0.01,0.1125232493365444,0.30550412274439565,5.249306532930977,0.01,0.07535082006088015,0.1290348489125856,11.465025126308268
4.28,73.139454464,71.84720533551032,1.2922491284896722,-0.34696656137139437,27.76551082676163,0.10945120950908882,3.038968742626761,3.038968742626761,0.6766200614451612,2.3623486811816,0.0,0,0.01,0.01,0.16381680990670203,0.3059902797899411,56.620789412384156,0.01,0.09835094441921678,0.19499159092586038,5.3778111144717125,0.01,0.09329386979015536,0.18261939440681987,5.219791472132815,0.01,0.11523166161534854,0.38854530376512375,8.028340217313621,0.01,0.11267523779173697,0.30565783481575115,5.2664287684292725,0.01,0.07541770355146571,0.12910209972690354,11.494304716507408
4.29,72.9155043482963,71.64646891897343,1.269035429322872,-0.3536357574366523,27.729403375910923,0.10927740266873304,3.030197178473143,3.030197178473143,0.6644653969843173,2.365731781488826,0.0,0,0.01,0.01,0.16375213012420517,0.30592171152045317,56.40543206234112,0.01,0.09828396311488485,0.19492302265637243,5.366447142457926,0.01,0.09322699364319109,0.18255082613733192,5.208220927315857,0.01,0.11538610623177342,0.38870179064646637,8.049438998479093,0.01,0.11283002446210648,0.30581432169709377,5.283340972905363,0.01,0.07548574977654002,0.12917050748586623,11.523152131365451
4.3,72.68788148148148,71.4419222293918,1.2459592520896823,-0.3602674005877425,27.694211241377463,0.1090999422579329,3.0214368473132773,3.0214368473132773,0.6523827388395298,2.3690541084737475,0.0,0,0.01,0.01,0.16368624296235695,0.30585186613030363,56.18699781386176,0.01,0.09821572565235959,0.19485317726622287,5.355134709459707,0.01,0.09315886446131774,0.18248098074718236,5.1966926413004435,0.01,0.11554335131154217,0.38886102480600265,8.070011054009049,0.01,0.11298758404521413,0.30597355585663,5.300020034257084,0.01,0.07555494387030644,0.1292400567544749,11.551520515654236
4.3100000000000005,72.45660834799999,71.2335902328437,1.2230181151562953,-0.3668495484693944,27.659926120561483,0.10891883068186461,3.0126868097983204,3.0126868097983204,0.6403707876303755,2.372316022167945,0.0,0,0.01,0.01,0.16361915776957378,0.30578075374064706,55.96556902509134,0.01,0.09814624138990546,0.19478206487656638,5.343890910056809,0.01,0.09308949166190003,0.18240986835752587,5.185223283022395,0.01,0.11570335622048473,0.3890229730425926,8.090131607804746,0.01,0.11314788543224223,0.30613550409321993,5.316444104236445,0.01,0.07562526840482207,0.1293107295710785,11.579365695516856
4.32,72.22170867674073,71.02152113754171,1.2001875391990313,-0.3732812075745838,27.626428734459104,0.1087340904969076,3.003934602119045,3.003934602119045,0.6284167260129481,2.375517876106097,0.0,0,0.01,0.01,0.1635508823518088,0.3057083792302563,55.74096071049959,0.01,0.09807552022660367,0.19470969036617555,5.3325904392965215,0.01,0.09301888503419181,0.18233749384713505,5.1736818466293855,0.01,0.11586113429134652,0.3891875838775307,8.161046253080286,0.01,0.11331088734472997,0.3063001149281581,5.33251022849439,0.01,0.07569670065494047,0.12938249996387377,11.60642614655218
4.33,71.98320742325926,70.8058332618948,1.1773741613644504,-0.37948118397671754,27.593250727159678,0.10854580559077052,2.9951316290476617,2.9951316290476617,0.6164716693115002,2.3786599597361615,0.0,0,0.01,0.01,0.1634813491182646,0.3056346666471176,55.512678713883844,0.01,0.098003507669479,0.19463597778303685,5.320731344945001,0.01,0.09294698804301176,0.18226378126399634,5.161589803140975,0.01,0.11601756446751604,0.3893547513963933,8.273023447500451,0.01,0.11347650497263105,0.3064672824470207,5.348005883981575,0.01,0.07576919604527492,0.12945531824510761,11.632289903570674
4.34,71.741130752,70.58667705644642,1.154453695553574,-0.38537918630864404,27.559761688190036,0.10835408859283278,2.986212859559502,2.986212859559502,0.6044705414767826,2.3817423180827193,0.0,0,0.01,0.01,0.16341056469713078,0.30555963490654414,55.28164720410391,0.01,0.09793018931721416,0.19456094604246346,5.309141119619567,0.01,0.09287378871477851,0.18218874952342295,5.149767696318425,0.01,0.11617549350734165,0.3895243450467481,8.395420669209647,0.01,0.1136446192465609,0.30663687609737544,5.362813953551692,0.01,0.07584269696100704,0.12952912408709727,11.656736097598744
4.3500000000000005,71.49550601851851,70.36423402310723,1.131271995411284,-0.39095305328467905,27.52517213737118,0.10815908026290101,2.977097302456096,2.977097302456096,0.5923326316659927,2.384764670790103,0.0,0,0.01,0.01,0.16333858165079834,0.30548334026998913,55.04811216805498,0.01,0.097855615205282,0.19448465140590843,5.297953683826911,0.01,0.09279933808338714,0.18211245488686792,5.138329918289008,0.01,0.11633545795389408,0.38969621069667215,8.521110255049402,0.01,0.11381508345256502,0.3068087417472995,5.376857648374376,0.01,0.07591713440787572,0.12960384704090916,11.679644302787015
4.36,71.24636175170369,70.13868639559487,1.1076753561088073,-0.39621648650212465,27.488684861788265,0.10796092316125273,2.9677037941674143,2.9677037941674143,0.5799774602189811,2.387726333948433,0.0,0,0.01,0.01,0.1632654539211411,0.3054058396419159,54.8122625751488,0.01,0.09777984152233211,0.19440715077783524,5.28716490630046,0.01,0.09272369231434706,0.18203495425879473,5.127270341726964,0.01,0.11649746215958293,0.38987019423267666,8.648456319582172,0.01,0.11398774170002239,0.30698272528330406,5.390152271234705,0.01,0.07599243736548672,0.1296794168404657,11.701071400923144
4.37,70.993727636,69.91020346958761,1.0835241664123836,-0.4011994930169418,27.44956403185897,0.1077597496514373,2.95795814811422,2.95795814811422,0.5673319268646915,2.3906262212495286,0.0,0,0.01,0.01,0.16319123195505628,0.3053271858765907,54.57424935875381,0.01,0.09770292175145381,0.19432849701250998,5.276738787055902,0.01,0.0926469046855162,0.1819563004934695,5.116553764774293,0.01,0.11666139454440587,0.39004615212365346,8.777137703999054,0.01,0.11416244421918374,0.30715868317428086,5.40275815302968,0.01,0.07606853868673473,0.1297557679946408,11.721147169416863
4.38,70.73763449362963,69.67893427235532,1.0587002212743033,-0.4059424237791573,27.407173179219285,0.10755567534063708,2.9477970204687254,2.9477970204687254,0.5543341395848733,2.393462880883852,0.0,0,0.01,0.01,0.1631159601657114,0.30524742521954734,54.33418728845203,0.01,0.09762490355599249,0.19424873635546663,5.266622461944007,0.01,0.09256902259101304,0.18187653983642613,5.106128945266628,0.01,0.11682712870336735,0.39022395700747253,8.907159442483907,0.01,0.1143390551889559,0.3073364880580999,5.414758313098283,0.01,0.07614537793172435,0.12983284219449698,11.740040166515632
4.39,70.47811426681483,69.44500257632941,1.0331116904854174,-0.41049295075725617,27.361001876158973,0.10734879450213171,2.9371705677762296,2.9371705677762296,0.5409360161944532,2.3962345515817765,0.0,0,0.01,0.01,0.1630396751961713,0.30516659552902753,54.092154412344584,0.01,0.09754582682211906,0.19416790666494682,5.256751455691054,0.01,0.09249008561483497,0.18179571014590634,5.095933487569396,0.01,0.11699454944916428,0.39040350141659874,9.038620898162298,0.01,0.11451745738567572,0.30751603246722614,5.426249235311599,0.01,0.07622290313190216,0.12991058989851734,11.757943391541698
4.4,70.2152,69.20850345021717,1.006696549782835,-0.41490353678375236,27.31068503662268,0.10713917679488263,2.926044312528073,2.926044312528073,0.5271050808653244,2.3989392316627485,0.0,0,0.01,0.01,0.16296240467636217,0.3050847250081261,53.84819225940623,0.01,0.09746572226649805,0.1940860361440454,5.247053356642768,0.01,0.09241012415651277,0.1817138396250049,5.085897365553155,0.01,0.11716356070304942,0.3905847002790176,9.171659888766165,0.01,0.11469755524238077,0.307697231329645,5.43733526272917,0.01,0.0763010719603481,0.12998897137610949,11.775064079704533
4.41,69.94892582207407,68.96950124528739,0.9794245767866857,-0.4192289147048018,27.25601522633047,0.1069268652098503,2.9144002662634656,2.9144002662634656,0.5128255091963907,2.401574757067075,0.0,0,0.01,0.01,0.16288416643490455,0.3050018314189706,53.602307510095514,0.01,0.09738461052400768,0.19400314255488987,5.237451333533735,0.01,0.09232915853427917,0.18163094603584937,5.07594632169123,0.01,0.11733408847164341,0.39076749228548757,9.306436220692335,0.01,0.11487927669453071,0.30788002333611497,5.448123770070439,0.01,0.07637985239391828,0.13006795725218787,11.791614207728363
4.42,69.67932692859259,68.7280290269892,0.9512979016033931,-0.4235235543041517,27.196947797267754,0.10671187527202547,2.9022373011218243,2.9022373011218243,0.4980984165087676,2.4041388846130567,0.0,0,0.01,0.01,0.16280496817434192,0.3049179217890804,53.35447519909572,0.01,0.09730250171766147,0.19391923292499966,5.227867689030261,0.01,0.0922471985695322,0.18154703640595915,5.06600530595234,0.01,0.11750608189390944,0.39095184012805717,9.443123447719707,0.01,0.11506257387716119,0.30806437117868457,5.458720518210842,0.01,0.0764592228790375,0.13014752855839595,11.807801219069232
4.43,69.40643956400001,68.48408943708067,0.9223501269193459,-0.42783919981140117,27.133598785434668,0.10649419550548632,2.8895707738235057,2.8895707738235057,0.48294139712790507,2.4066293766956006,0.0,0,0.01,0.01,0.16272480761270638,0.3048329926115417,53.10464331178268,0.01,0.09721939551542119,0.19383430374746097,5.2182273720885695,0.01,0.09216424365716296,0.1814621072284205,5.056001873579893,0.01,0.11767951302560117,0.39113772963466564,9.581902071957906,0.01,0.11524742269878184,0.30825026068529304,5.469225189738553,0.01,0.07653917201320283,0.13022767630527307,11.82381915523108
4.44,69.13030100385184,68.23765691704213,0.8926440868097082,-0.43222257923865115,27.06623578957429,0.10627378912023833,2.876431434579865,2.876431434579865,0.4673873508986248,2.4090440836812403,0.0,0,0.01,0.01,0.16264367307700014,0.3047470305216704,52.85273854465549,0.01,0.09713528166230365,0.19374834165758967,5.208461312058191,0.01,0.09208028330968063,0.18137614513854916,5.045869407844979,0.01,0.11785437554674105,0.3913251678665275,9.722952920264179,0.01,0.11543382134457905,0.3084376989171549,5.479727250264966,0.01,0.07661969777048155,0.13030840060779159,11.839840530045837
4.45,68.85094953703702,67.98868116647401,0.862268370563025,-0.43671338227174644,26.995262347779935,0.106050596827599,2.8628636834996737,2.8628636834996737,0.45148266306394014,2.4113810204357335,0.0,0,0.01,0.01,0.16256154451510563,0.30466001341259624,52.598672943283546,0.01,0.09705014095650347,0.19366132454851556,5.198509431854758,0.01,0.09199529814336709,0.18128912802947506,5.035550029572449,0.01,0.11803068250605511,0.39151418028819385,9.866450657638094,0.01,0.11562178780159038,0.30862671133882125,5.4903023104570385,0.01,0.07670080631756845,0.1303897094151816,11.856009298956387
4.46,68.568424448,67.73709165838349,0.831332789616514,-0.4413425905680582,26.921196607229998,0.1058245406425904,2.848923264508978,2.848923264508978,0.4352848307579249,2.413638433751053,0.0,0,0.01,0.01,0.16247839487478744,0.3045719119334623,52.34235109522802,0.01,0.09696394661936057,0.19357322306938157,5.18832320933699,0.01,0.09190926125586796,0.18120102655034107,5.024997067046016,0.01,0.11820846323074473,0.3917048071586218,10.012557668319822,0.01,0.1158113565375176,0.30881733820924917,5.501009157873483,0.01,0.07678251048361788,0.13047161691222145,11.872435243250921
4.47,68.28276599896297,67.48280299020992,0.7999630087530466,-0.4461312269526381,26.844645321025773,0.10559552849043014,2.834674509811869,2.834674509811869,0.41885965190702645,2.4158148579048424,0.0,0,0.01,0.01,0.1623941917830942,0.30448269129795474,52.08367753659866,0.01,0.09687666599246378,0.19348400243387404,5.17786767707501,0.01,0.0918221399281969,0.18111180591483353,5.014176980532588,0.01,0.1183877595581564,0.39189709932270655,10.161418580488498,0.01,0.11600257449847894,0.3090096303733339,5.511887602676385,0.01,0.07686482796078017,0.1305541416721097,11.889190026861645
4.48,67.99401541214814,67.22572081716683,0.7682945949813138,-0.45108956981478915,26.76627439348924,0.10536345940178289,2.8201872653953846,2.8201872653953846,0.4022781092310068,2.4179091561643777,0.0,0,0.01,0.01,0.16230889944736218,0.3043923133184341,51.82256402961751,0.01,0.09678826248187938,0.1933936244543534,5.167122778004782,0.01,0.0917338975709516,0.1810214279353129,5.00307066225485,0.01,0.11856862157136873,0.3920911136050945,10.313155689716075,0.01,0.11619549661735099,0.3092036446557219,5.522957241958697,0.01,0.07694777932246444,0.13063730465006534,11.906305099048689
4.49,67.70221485200001,66.96574809424284,0.7364667577571663,-0.456216857237008,26.686777323711624,0.10512822905927549,2.8055336393410344,2.8055336393410344,0.38561309263050125,2.419920546710533,0.0,0,0.01,0.01,0.16222248069066542,0.3043007385725277,51.55893638379265,0.01,0.09669869765999517,0.193302049708447,5.156084026207676,0.01,0.09164449582517667,0.18092985318940652,4.991674063449331,0.01,0.11875110303918616,0.39228690802087424,10.467865485180699,0.01,0.116390181042236,0.3093994390715016,5.534217197083824,0.01,0.07703138595241246,0.13072112711159953,11.923771516189493
4.5,67.40740740740742,66.70279134556844,0.7046160618389803,-0.46150148319961576,26.60684296263165,0.10488973544659272,2.790784719419471,2.790784719419471,0.3689361072457853,2.4218486121736857,0.0,0,0.01,0.01,0.16213489903023634,0.30420792860494456,51.2927405231146,0.01,0.09660793343011313,0.19320923974086385,5.144762456211723,0.01,0.09155389672309094,0.1808370432218233,4.979998133281378,0.01,0.11893525677098754,0.3924845370206349,10.625616413128931,0.01,0.11658668430323367,0.3095970680712623,5.545646821677671,0.01,0.07711566797950131,0.13080562858988065,11.941541648794779
4.51,67.10963707392594,66.43676668474828,0.6728703891776542,-0.4669216666726673,26.52712400088046,0.1046478843514113,2.776007404619685,2.776007404619685,0.3523141119097706,2.4236932927099146,0.0,0,0.01,0.01,0.1620461207071513,0.3041138480675108,51.02394754443739,0.01,0.09651593415783512,0.19311515920343011,5.133183878373505,0.01,0.09146206481293948,0.1807429626843896,4.968068087422514,0.01,0.11912113009761098,0.3926840469805871,10.786447933353404,0.01,0.11678505663470855,0.3097965780312145,5.557207320245221,0.01,0.07720064231078212,0.13089082496288007,11.959532634865774
4.5200000000000005,66.80894873599999,66.16760532652218,0.6413434094778061,-0.4724465544746604,26.448207545559942,0.10440259448408763,2.7612614872100814,2.7612614872100814,0.33580662394061767,2.4254548632694637,0.0,0,0.01,0.01,0.16195611657932235,0.3040184667048548,50.75255756432171,0.01,0.09642266867637274,0.19301977784077406,5.12138749052001,0.01,0.0913689691554391,0.18064758132173356,4.955922055532403,0.01,0.11930876068073926,0.39288547213258107,10.950370845441867,0.01,0.11698533765966322,0.30999800318320847,5.568844164557256,0.01,0.07728632084880191,0.13097672673336339,11.97763134793381
4.53,66.50538814918517,65.8952583576168,0.6101297915683719,-0.47803770121696054,26.37058902903276,0.10415380199458339,2.7465971082104113,2.7465971082104113,0.3194632118212448,2.4271338963891664,0.0,0,0.01,0.01,0.1618648637972564,0.30392176110143826,50.47860221069467,0.01,0.09632811207992409,0.19292307223735755,5.109423924544934,0.01,0.09127458510639913,0.18055087571831704,4.943609184422243,0.01,0.11949817283533185,0.39308883110494364,11.117368790840304,0.01,0.11718755262311831,0.31020136215557104,5.580490152112586,0.01,0.07737270896910621,0.1310633375837289,11.995700574030726
4.54,66.19900192237037,65.61970057134451,0.5793013510258602,-0.483650855050501,26.29465052874727,0.10390146419938043,2.732052690547854,2.732052690547854,0.30332147809958077,2.428731212448273,0.0,0,0.01,0.01,0.16177234719270867,0.30382371611728076,50.202145678759656,0.01,0.09623224722977262,0.19282502725320003,5.097352830336385,0.01,0.0911788958106895,0.18045283073415952,4.931187296352224,0.01,0.11968937452329394,0.39329412421438026,11.287400780942587,0.01,0.11739170933350254,0.31040665526500766,5.59206892181727,0.01,0.07745980432051205,0.13115065326379888,12.013586042885532
4.55,65.8898375,65.34093321459127,0.5489042854087369,-0.48923796669529546,26.22064437245414,0.10364556236666904,2.717653431599445,2.717653431599445,0.2874056117606738,2.430247819838771,0.0,0,0.01,0.01,0.16167856032373776,0.30372432595416154,49.9232843341824,0.01,0.09613506591125512,0.19272563709008086,5.0852401167562595,0.01,0.09108189334627192,0.18035344057104036,4.918720218521029,0.01,0.11988235514303888,0.39350133161326084,11.460404564321543,0.01,0.11759779593631019,0.31061386266388824,5.603498728257143,0.01,0.07754759599493313,0.13123866085361624,12.031123936057995
4.5600000000000005,65.57794314429628,65.0589855453032,0.5189575989930781,-0.49474933161468354,26.14868266718938,0.10338610345024933,2.703410411317783,2.703410411317783,0.2717255634202087,2.431684847897574,0.0,0,0.01,0.01,0.16158350613515213,0.3036235948106784,49.642144909378615,0.01,0.09603656959559015,0.19262490594659767,5.073154980357696,0.01,0.09098357947287662,0.18025270942755717,4.906274910259377,0.01,0.12007708420059575,0.39371041235708304,11.636300628517754,0.01,0.117805779604397,0.31082294340771044,5.614696277320029,0.01,0.0776360640959926,0.13132733842582714,12.048148497243787
4.57,65.26336791748147,64.77391515133236,0.489452766149114,-0.50013577131715,26.07873313281881,0.1031231207086196,2.689320344783552,2.689320344783552,0.2562768690688766,2.4330434757146753,0.0,0,0.01,0.01,0.161487197210279,0.30352153710258667,49.358881397034686,0.01,0.09593676977808659,0.19252284823850596,5.061166856835728,0.01,0.090883965957431,0.18015065171946545,4.893918518359869,0.01,0.12027351090546634,0.39392130441549533,11.81499663114961,0.01,0.11801560618621816,0.31103383546612273,5.625580440270452,0.01,0.07772517971719131,0.13141665511411957,12.064499395004624
4.58,64.94616166399999,64.48580703538741,0.4603546286125849,-0.5053507596451653,26.010621351725643,0.10285667319381761,2.675365979942579,2.675365979942579,0.24104111988255905,2.43432486006002,0.0,0,0.01,0.01,0.16138965560769564,0.30341817724363845,49.0736707987986,0.01,0.09583568788273966,0.19241948837955775,5.049342428579437,0.01,0.09078307446680363,0.1800472918605172,4.881715489318447,0.01,0.12047156469075966,0.3941339256087062,11.996392067213915,0.01,0.11822720080915759,0.31124645665933354,5.636075687458061,0.01,0.07781490532185596,0.13150657157619108,12.080028528814044
4.59,64.62637499274076,64.19477152373058,0.4316034690101797,-0.510352403470766,25.94403927534605,0.10258684414289766,2.661517113577141,2.661517113577141,0.2259870479177084,2.4355300656594325,0.0,0,0.01,0.01,0.16129091229436612,0.30331354900094337,48.786707931975464,0.01,0.09573335474194287,0.1923148601368627,5.037742814463789,0.01,0.09068093603709461,0.17994266361782218,4.8697248600770395,0.01,0.12067115661444858,0.39434817541109024,12.180382998714155,0.01,0.11844046939196554,0.31146070646171764,5.646115112619036,0.01,0.07790519549929462,0.1315970408226004,12.094606021239908
4.6000000000000005,64.30405925925925,63.90094110610272,0.4031181531565332,-0.5151051943041819,25.878559565618684,0.10231373835160866,2.6477321723132294,2.6477321723132294,0.2110721714142083,2.436660000899021,0.0,0,0.01,0.01,0.16119100620381538,0.3032076944569854,48.49819953524992,0.01,0.09562980967826087,0.1922090055929047,5.026421056393285,0.01,0.0905775901468464,0.17983680907386418,4.857997837553098,0.01,0.12087218155899747,0.39456393752694907,12.366866694323258,0.01,0.11865530098020603,0.3116764685775764,5.6556429506233314,0.01,0.07799599805531354,0.1316880093673003,12.108125195245725
4.61,63.97926654799999,63.604466359199684,0.3748001888003086,-0.5195814576881947,25.81365510471523,0.10203747865310304,2.633960281705945,2.633960281705945,0.19624491994985283,2.437715361756092,0.0,0,0.01,0.01,0.16108998296389954,0.30310066262712276,48.208357940746176,0.01,0.09552509923219882,0.19210197376304206,5.015420001496838,0.01,0.09047308343845216,0.17972977724400155,4.846575762066691,0.01,0.12107452111192606,0.3947810831111541,12.555746046177656,0.01,0.11887157078330447,0.3118936141617815,5.664616522355739,0.01,0.07808725538118688,0.13177941864229567,12.120506392255574
4.62,63.65204965451852,63.305511144084605,0.3465385104339174,-0.5237624405510739,25.748722788990968,0.10175820166260666,2.6201437261166984,2.6201437261166984,0.18144713976085747,2.438696586355841,0.0,0,0.01,0.01,0.16098789335274624,0.3029925077960333,47.917394596517575,0.01,0.09541927559498911,0.19199381893195264,5.0047706605932705,0.01,0.09036746814702398,0.17962162241291213,4.835488532033161,0.01,0.12127804698158862,0.3949994744811031,12.74693364624488,0.01,0.11908914376277306,0.31211200553173046,5.673007568158421,0.01,0.07817890603389821,0.13187120660825197,12.131699540083355
4.63,63.32246206770371,63.00424729765524,0.31821477004847487,-0.5276389924678401,25.683110541695257,0.10147605298035263,2.606220686029321,2.606220686029321,0.16661686397467568,2.439603822054645,0.0,0,0.01,0.01,0.16088479155296673,0.30288328764851213,47.625513727785965,0.01,0.0953123948179657,0.1918845987844314,4.994491102879751,0.01,0.09026080030842744,0.1795124022653909,4.824753547302959,0.01,0.12148262478164536,0.3952189691471067,12.940355415058072,0.01,0.11930787859962609,0.31233150019773404,5.680802955006466,0.01,0.07827088645243664,0.13196330948542367,12.14168542848076
4.64,62.99055795200002,62.700849058434976,0.2897088935650421,-0.531211814461653,25.61614634143887,0.10119118206831387,2.592128128325113,2.592128128325113,0.15169122195059392,2.440436906374519,0.0,0,0.01,0.01,0.16078073328278333,0.30277306127877074,47.33290641763273,0.01,0.09520451487956695,0.19177437241469,4.984585924801877,0.01,0.09015313782754902,0.1794021758956495,4.814375207251322,0.01,0.12168811800506284,0.39543942397679244,13.135953682503956,0.01,0.1195276318556514,0.31255195502741984,5.688004762218485,0.01,0.0783631327304197,0.13205566352527626,12.150475693969234
4.65,62.6563921296296,62.39548747662645,0.26090465300315085,-0.5344912678814547,25.547167976259956,0.10090373703026809,2.5778047193446207,2.5778047193446207,0.1366093568603488,2.441195362484272,0.0,0,0.01,0.01,0.16067577388786788,0.30266188716750825,47.03974536829414,0.01,0.09509569369696831,0.19166319830342754,4.975046308028382,0.01,0.09004453849371642,0.17929100178438703,4.804344977454988,0.01,0.1218943920042638,0.3956606993058178,13.333689625925672,0.01,0.11974826213844751,0.3127732303564452,5.694629766920031,0.01,0.07845558236446848,0.13214820674277533,12.158111554663778
4.66,62.32002006281482,62.08832505707827,0.23169500573654606,-0.5374967552408512,25.475552201163616,0.1006138595287208,2.56319363058447,2.56319363058447,0.12131522131589634,2.4418784092685737,0.0,0,0.01,0.01,0.16056996647918412,0.30254982121724033,46.74618057260264,0.01,0.09498598717149448,0.19155113235315963,4.96585065815511,0.01,0.08993505803223543,0.1791789358341191,4.794642016273884,0.01,0.1221013177981554,0.39588266281225154,13.53354497789545,0.01,0.11996963408396269,0.3129951938628789,5.700708364643213,0.01,0.07854817590053881,0.13224088053250835,12.164661372138259
4.67,61.98149783600001,61.77951087155285,0.2019869644471564,-0.5402557038538515,25.400742002864597,0.10032168006584691,2.5482451126465016,2.5482451126465016,0.1057601272713482,2.4424849853751534,0.0,0,0.01,0.01,0.16046336019985413,0.3024369149335807,46.4523360833687,0.01,0.0948754473551629,0.1914382260695,4.956965792648927,0.01,0.08982474827911206,0.17906602955045947,4.785234330420799,0.01,0.12230877553872013,0.39610519298515245,13.735522927809182,0.01,0.12019162198228366,0.31321772403577985,5.706282973740834,0.01,0.07864085840662668,0.13233363109840746,12.170217151536775
4.68,61.64088213807407,61.46917635392773,0.17170578414634355,-0.542802200784968,25.322270759267003,0.10002731383901373,2.532918724353681,2.532918724353681,0.08990493834217128,2.4430137860115098,0.0,0,0.01,0.01,0.16035599869807193,0.3023232138334241,46.15830801756106,0.01,0.0947641208199963,0.19132452496934338,4.948348624301323,0.01,0.08971365556023081,0.17895232845030287,4.776080407057593,0.01,0.12251665748890045,0.39632818203852577,13.93964815963462,0.01,0.12041411289189433,0.3134407130891531,5.71140598554752,0.01,0.07873358070956954,0.13242641063652655,12.17489012418869
4.69,61.29823024459258,61.1574319596782,0.14079828491438517,-0.5451753431963968,25.239782220312225,0.09973085735521829,2.5171851202907334,2.5171851202907334,0.07372180958751251,2.443463310703221,0.0,0,0.01,0.01,0.16024791887360088,0.3022087561505461,45.86416387440311,0.01,0.09465204730233984,0.19121006728646536,4.939948265782852,0.01,0.08960181934678466,0.17883787076742486,4.767131250160054,0.01,0.12272487038860824,0.3965515381490018,14.145965994529716,0.01,0.12063700911352312,0.31366406919962914,5.71613733612577,0.01,0.07882630034558326,0.13251917822262246,12.178805589145156
4.7,60.95359999999999,60.84436483061772,0.1092351693822678,-0.5474173808475363,25.153045425748786,0.09943238595401745,2.5010273206919864,2.5010273206919864,0.0571954009408282,2.443831919751158,0.0,0,0.01,0.01,0.1601391499528092,0.30209357189545166,45.56994318480656,0.01,0.0945392586817195,0.19109488303137095,4.931708462627653,0.01,0.08948927124600027,0.17872268651233048,4.758332731285994,0.01,0.12293333711560601,0.39677518692797503,14.354540640936838,0.01,0.1208602299257482,0.3138877179786024,5.7205417896651545,0.01,0.07891898218812275,0.13261190037059978,12.182097220077427
4.71,60.60704979985185,60.53003755925369,0.07701224059815989,-0.5495717366315132,25.06196390592418,0.09913195234679373,2.4844414116391405,2.4844414116391405,0.04032351488327812,2.4441178967558623,0.0,0,0.01,0.01,0.16002971293209123,0.30197768230998673,45.27565944656612,0.01,0.09442577833835884,0.19097899344590605,4.923570246965709,0.01,0.08937603437074623,0.17860679692686554,4.749628150529738,0.01,0.12314199758135318,0.3969990720750438,14.56545259511193,0.01,0.12108371251927397,0.3141116031256712,5.724686037734814,0.01,0.07901159873196967,0.1327045512435232,12.18490107062386
4.72,60.258638573037054,60.214488096424816,0.04415047661223337,-0.5516809961389714,24.96657877326944,0.09882958623342881,2.4674366498265257,2.4674366498265257,0.02311713549624672,2.444319514330279,0.0,0,0.01,0.01,0.15991962041257735,0.3018610997390342,44.98130323895187,0.01,0.09431162091603505,0.19086241087495348,4.915474693508263,0.01,0.08926212311416433,0.178490214355913,4.740960893173531,0.01,0.12335080883719454,0.39722315519768436,14.778795278864488,0.01,0.12130741210365431,0.3143356862483117,5.728635731047101,0.01,0.07910413002842297,0.13279711251513043,12.187349531381775
4.73,59.90842576399999,59.8977307935027,0.010694970497288686,-0.5537849580489609,24.867065592341042,0.09852529500785978,2.4500349734652005,2.4500349734652005,0.005599873457440285,2.44443510000776,0.0,0,0.01,0.01,0.15980887683106212,0.30174382792241156,44.686846354802405,0.01,0.09419679249832376,0.19074513905833085,4.907365653445372,0.01,0.08914754333684057,0.17837294253929034,4.732277062056103,0.01,0.12355974440197443,0.39744741482039336,14.994671044861967,0.01,0.1215313011975991,0.31455994587102076,5.732452569665065,0.01,0.07919656328236954,0.13288957289583317,12.189565503074661
4.74,59.55647131496295,59.579758518845395,-0.02328720388244137,-0.5559188336166261,24.763725201491436,0.09821906551396418,2.4322699479350933,2.4322699479350933,-0.012193151439954253,2.4444630993750476,0.0,0,0.01,0.01,0.15969747907392456,0.3016258626907926,44.39224674101564,0.01,0.09408129118733334,0.1906271738267119,4.899192341775002,0.01,0.08903229295512093,0.1782549773076714,4.723527965738464,0.01,0.12376879285677596,0.3976718446432394,15.213186719245128,0.01,0.12175536815025124,0.31478437569386675,5.736191581751752,0.01,0.07928889213713565,0.13298192735232467,12.191657049685304
4.75,59.202835648148145,59.26054573981311,-0.05771009166495974,-0.5581116758506401,24.656968935560148,0.09791086676516367,2.414185200282409,2.414185200282409,-0.03021693333543851,2.4444021336178476,0.0,0,0.01,0.01,0.1595854174433504,0.30150719303101836,44.09745400178856,0.01,0.09396510805566616,0.19050850416693768,4.8909116594368385,0.01,0.08891636290086852,0.17813630764789717,4.714672348410081,0.01,0.12397795578457613,0.3978964511431733,15.434448881909024,0.01,0.12197961497443892,0.3150089821938007,5.739898718426896,0.01,0.07938111568669916,0.13307417606342695,12.193712780688642
4.76,58.847579648000014,58.94005241875791,-0.09247277075789749,-0.5603851075664171,24.547298952983816,0.09760065349735479,2.3958324194061533,2.3958324194061533,-0.0484186295450173,2.4442510489511706,0.0,0,0.01,0.01,0.15947267692921882,0.30138780246942387,43.80241519521216,0.01,0.0938482284254307,0.19038911360534314,4.882490143534274,0.01,0.08879973840612738,0.17801691708630263,4.705678259104584,0.01,0.12418724516083775,0.3981212506400463,15.65855910379727,0.01,0.12220405460248421,0.3152337816906736,5.743608881850387,0.01,0.07947323726649262,0.13316632316610713,12.19579818184485
4.7700000000000005,58.49076464340739,58.61822853593716,-0.12746389252977214,-0.5627524029757242,24.43528459030869,0.09728837038733389,2.377269017741864,2.377269017741864,-0.06673993806158185,2.444008955803446,0.0,0,0.01,0.01,0.15935923872633603,0.30126767070757254,43.507080643579535,0.01,0.09373063341345404,0.19026898184349186,4.8739054565104585,0.01,0.08868240055158062,0.17789678532445136,4.696524474985532,0.01,0.12439668032426471,0.3983462659718021,15.885609365093908,0.01,0.12242870769947081,0.3154587970224295,5.747344485079798,0.01,0.07956526308315433,0.13325837535417914,12.197953069507314
4.78,58.132452389925916,58.29501902584747,-0.16256663592156248,-0.5652179605937008,24.321535842117292,0.09697395673949147,2.3585555645914735,2.3585555645914735,-0.08511969152166454,2.443675256113138,0.0,0,0.01,0.01,0.1592450819259038,0.3011467754337089,43.211409481904916,0.01,0.09361230167008078,0.19014808656962817,4.865147347507507,0.01,0.08856432800604072,0.17777589005058766,4.6872014150564585,0.01,0.12460628467414092,0.3985715229387934,16.115677868042194,0.01,0.12265359918692151,0.3156840539894208,5.751114615920944,0.01,0.07965720074981356,0.13335034039774235,12.200190286954244
4.79,57.772705052,57.97036889712564,-0.19766384512563784,-0.5677771868747069,24.20667518724262,0.09665735142349448,2.339753110367694,2.339753110367694,-0.10349654728783575,2.44324965765553,0.0,0,0.01,0.01,0.15913018530268194,0.3010250942257884,42.915374686271925,0.01,0.09349321123060997,0.19002640536170767,4.856218045088195,0.01,0.08844549887599608,0.17765420884266714,4.677711505832197,0.01,0.12481608225111834,0.3987970466850391,16.348825434062896,0.01,0.12287875464086677,0.3159095777356665,5.754914844831562,0.01,0.07974905779658843,0.1334422256536874,12.202495695377676
4.8,57.4115851851852,57.6442283005122,-0.232643115326993,-0.57041679103671,24.09130904801328,0.09633849783575378,2.320920524582503,2.320920524582503,-0.12181165033658736,2.4427321749190902,0.0,0,0.01,0.01,0.15901452911553557,0.30090260645842526,42.61896735331552,0.01,0.09337334139386216,0.18990391759434455,4.84713206855203,0.01,0.08832589257980226,0.17753172107530404,4.668068987506327,0.01,0.1250260943615516,0.39902285818425665,16.58509263950624,0.01,0.1231041967318264,0.316135389234884,5.758727681009783,0.01,0.0798408402258266,0.13353403663658897,12.204829442598557
4.8100000000000005,57.04915571837036,57.3165573144893,-0.2674015961189397,-0.5731154728983567,23.976000176244742,0.09601734865798911,2.3021119683465,2.3021119683465,-0.14001114832090766,2.4421231166674073,0.0,0,0.01,0.01,0.1588980968390737,0.3007792951266019,42.3222000417142,0.01,0.09325267454174647,0.1897806062625212,4.837915473556372,0.01,0.08820549166060321,0.1774084097434807,4.658299176566431,0.01,0.1252363364013381,0.39924897099083057,16.82449780148487,0.01,0.1233299418701339,0.3163615020414579,5.7625236444138945,0.01,0.07993255117828026,0.1336257757151188,12.207128424170557
4.82,56.68547993599999,56.98733023366799,-0.3018502976679918,-0.5758449680732913,23.861242208648612,0.09569387019696908,2.28337461465286,2.28337461465286,-0.15804844627294257,2.4414230609258025,0.0,0,0.01,0.01,0.15878087674782823,0.3006551485034321,42.02510903430712,0.01,0.0931311978169928,0.18965645963935138,4.82860457488009,0.01,0.08808428345547117,0.17728426312031087,4.648437226863571,0.01,0.12544681502390345,0.3994753884010243,17.0670358788186,0.01,0.12355599720849567,0.31658791945165166,5.76626288745843,0.01,0.0800241897700678,0.1337174409920096,12.209309789767177
4.83,56.3206214602963,56.65653916992725,-0.33591770963095086,-0.5785713992888305,23.74743752871339,0.09536804610988227,2.264746717229887,2.264746717229887,-0.17588610146455075,2.440632818694438,0.0,0,0.01,0.01,0.15866286328167187,0.30053016155739726,41.72775543216282,0.01,0.09300890458322418,0.18953147269331658,4.8192442135996565,0.01,0.08796226154535519,0.17715927617427607,4.63852645453133,0.01,0.12565752577900005,0.39970210114851523,17.31267830742974,0.01,0.12378235813523668,0.31681463219914263,5.769897271507407,0.01,0.08011575015127051,0.13380902541596768,12.211275296626692
4.84,55.95464423348149,56.324196809430966,-0.36955257594947805,-0.5812568695470981,23.63487941754756,0.09503988034874648,2.246256111900771,2.246256111900771,-0.19349727628634406,2.4397533881871154,0.0,0,0.01,0.01,0.15854405813155564,0.3004043370658684,41.43022504767638,0.01,0.09288579560191577,0.1894056482017877,4.80988565622801,0.01,0.08783942692086981,0.1770334516827472,4.6286163114653185,0.01,0.12586845132523816,0.3999290857318354,17.56137374775401,0.01,0.12400900636721035,0.3170416167824628,5.773372782068121,0.01,0.08020722082578884,0.13390051616226806,12.21291627555418
4.8500000000000005,55.58761249999998,55.99033820837428,-0.4027257083743086,-0.5838612228185449,23.523739280079614,0.0947093991934176,2.227919213998938,2.227919213998938,-0.21086668780674556,2.4387859018056837,0.0,0,0.01,0.01,0.1584244709976715,0.300277686375844,41.132627119026715,0.01,0.09276187987402278,0.1892789975117633,4.800584228656946,0.01,0.08771578881223552,0.1769068009927228,4.618760106676956,0.01,0.1260795602909152,0.4001563034408093,17.813049685954503,0.01,0.12423590872203043,0.31726883449143667,5.77663215399891,0.01,0.08029858425920587,0.13399189430563638,12.214118953628088
4.86,55.219590788740724,55.655021554808805,-0.43543076606808273,-0.5863438913038562,23.41405950419559,0.09437665228447921,2.209740552395573,2.209740552395573,-0.2279910159710774,2.43773156836665,0.0,0,0.01,0.01,0.15830411998721022,0.30015022977903727,40.83509192182041,0.01,0.09263717510954883,0.18915154091495656,4.791396797558537,0.01,0.0875913651471915,0.17677934439591608,4.609012584005143,0.01,0.12629080682616886,0.4003837001160557,18.067614802083092,0.01,0.12446301661654358,0.317496231166683,5.7796175742858535,0.01,0.08038981678749423,0.13408313479506528,12.214769872996982
4.87,54.85064389525925,55.31832787116913,-0.46768397590987965,-0.5886657452341485,23.305752258669248,0.09404171261273776,2.1917128561334374,2.1917128561334374,-0.24487875715335727,2.4365916132867946,0.0,0,0.01,0.01,0.158183031635324,0.3000219964860091,40.53776740225876,0.01,0.0925117078053775,0.18902330762192837,4.782379215976309,0.01,0.08746618261774312,0.17665111110288784,4.599427468428399,0.01,0.12650213085633594,0.40061120664156746,18.324961996285623,0.01,0.12469026630391486,0.31772373769219486,5.782273334201591,0.01,0.08048088882513961,0.13417420672607464,12.21476115411781
4.88,54.480836864000004,54.98035968009822,-0.4995228160982203,-0.590790861778521,23.19860427158451,0.09370467546925873,2.173817684608586,2.173817684608586,-0.26154953489244237,2.4353672195010283,0.0,0,0.01,0.01,0.15806124054999635,0.29989302420221675,40.240814998550775,0.01,0.092385512929546,0.18889433533813602,4.773583848531735,0.01,0.08734027635442973,0.1765221388190955,4.590055091813886,0.01,0.1267134590132946,0.4008387401368602,18.58497194778945,0.01,0.12491757982703743,0.31795127118748756,5.784548313544383,0.01,0.08057176535731529,0.13426507389225845,12.213995372919653
4.89,54.11023497051853,54.641238702759104,-0.5310037322405697,-0.5926881338354036,23.092287365205063,0.09336565640681956,2.1560265677872765,2.1560265677872765,-0.27803290403928926,2.434059471826566,0.0,0,0.01,0.01,0.15793878869852448,0.29976335832683404,39.94440485171738,0.01,0.0922586332280185,0.1887646694627533,4.765057285296175,0.01,0.08721368922462083,0.1763924729437128,4.5809402025557615,0.01,0.12692470619013738,0.4010662057836687,18.84751706926673,0.01,0.1251448666328925,0.31817873683429604,5.786398195271853,0.01,0.08066240668778983,0.13435569558538568,12.212389851294773
4.9,53.738903703703684,54.301102702017,-0.5621989983133099,-0.5943326471126329,22.98637426682387,0.09302478830831241,2.1383026001469303,2.1383026001469303,-0.29436670715943913,2.4326693073063694,0.0,0,0.01,0.01,0.15781572436949587,0.2996330508122295,39.64871063223984,0.01,0.09213111818713308,0.1886343619481488,4.756838342647446,0.01,0.0870864707883892,0.1762621654291083,4.572120053236652,0.01,0.12713577763625544,0.4012934991940673,19.11246570990858,0.01,0.12537202576255616,0.31840603024469466,5.787787327253356,0.01,0.08075276940287894,0.1344460276023937,12.209880196135302
4.91,53.36690874799999,53.960101620807684,-0.5931928728076906,-0.5957067646350315,22.88035897871489,0.09268221769805181,2.120602411874828,2.120602411874828,-0.31059506189574426,2.431197473770572,0.0,0,0.01,0.01,0.15769210085878435,0.2995021587373201,39.35390422424685,0.01,0.0920030227004953,0.1885034698732394,4.748956435113118,0.01,0.08695867596101814,0.1761312733541989,4.563622846462675,0.01,0.1273465714861256,0.4015205092034173,19.37968645327198,0.01,0.12559894850616887,0.31863304025404465,5.788690167541783,0.01,0.08084280750247806,0.1345360234088139,12.2064229611495
4.92,52.99431596562962,53.61839319702319,-0.6240772313935663,-0.596800871218538,22.773680784036234,0.09233810046633788,2.102878424224646,2.102878424224646,-0.32676607423644755,2.429644498461094,0.0,0,0.01,0.01,0.15756797494055008,0.299370742660963,39.06015051351872,0.01,0.09187440550247533,0.18837205379688227,4.7414303849443,0.01,0.0868303634444827,0.17599985727784173,4.555466602422814,0.01,0.12755698159681775,0.401747120953708,19.64905235063416,0.01,0.12582552139248818,0.3188596520043354,5.789092268975525,0.01,0.0809324736424297,0.13462563540186656,12.201997345534908
4.93,52.62119137881483,53.27613825897652,-0.6549468801616909,-0.5976137459621821,22.66575079864334,0.09199259720441852,2.0850812835553243,2.0850812835553243,-0.3429293845345871,2.4280106680899114,0.0,0,0.01,0.01,0.15744340519394043,0.2992388648315238,38.76760251936905,0.01,0.09174532744102701,0.18824017596744308,4.734267716818684,0.01,0.0867015940006989,0.17586797944840254,4.547658493061946,0.01,0.12776690055721873,0.4019732191214189,19.92044492766784,0.01,0.126051629369449,0.3190857501720463,5.788990777598677,0.01,0.08102172042845819,0.13471481621291387,12.196605883511324
4.94,52.24760115199998,52.933495918930156,-0.6858947669301783,-0.5981525477765405,22.55597985915072,0.09164586836491126,2.0671623610133167,2.0671623610133167,-0.3591336601539219,2.4262960211672384,0.0,0,0.01,0.01,0.1573184502626968,0.29910658733528905,38.47639709352094,0.01,0.09161584966979533,0.18810789847120835,4.727464464233256,0.01,0.08657242864647377,0.1757357019521678,4.540194667712108,0.01,0.1279762227266146,0.4021986911394305,20.193757802978315,0.01,0.12627715902594688,0.31931122219005786,5.788394436783955,0.01,0.08111050170077677,0.13480351998828516,12.190274117042701
4.95,51.87361157407408,52.5906188856679,-0.7170073115938185,-0.5984324166518745,22.44380647144454,0.09129806947087944,2.0490762024209173,2.0490762024209173,-0.37542415044555133,2.4245003528664686,0.0,0,0.01,0.01,0.15719316712786532,0.29897397026914774,38.18665138197286,0.01,0.09148603184306148,0.18797528140506703,4.721005492608493,0.01,0.08644292685356582,0.1756030848860265,4.533060574330884,0.01,0.1281848471616587,0.4024234302649081,20.468899762902378,0.01,0.12650200170595105,0.31953596131553547,5.787323105304483,0.01,0.08119877375021761,0.13489170358966987,12.183049281281594
4.96,51.499289040592586,52.24764911047095,-0.7483600698783656,-0.5984757109773491,22.3287235352089,0.09094934659462484,2.030782815819271,2.030782815819271,-0.3918404162949696,2.422623232114241,0.0,0,0.01,0.01,0.15706760947311155,0.2988410700217916,37.898460209803446,0.01,0.09135593039680723,0.1878423811577109,4.714865322397373,0.01,0.08631314483689836,0.1754701846386704,4.526231759656862,0.01,0.12839268029864773,0.4026473383542898,20.745797149602087,0.01,0.12672605637383888,0.31975986940491713,5.785806813176963,0.01,0.08128649641120889,0.13497932766016535,12.174998067812432
4.97,51.12470003600002,51.90471396440649,-0.7800139284064652,-0.5983109179425589,22.210302610456907,0.09059983231485227,2.0122496921695214,2.0122496921695214,-0.4084143378632443,2.420664030032766,0.0,0,0.01,0.01,0.1569418262177677,0.29870793774259113,37.61189450493102,0.01,0.09122559699505298,0.1877092488785104,4.709009414305458,0.01,0.08618313400975063,0.1753370523594699,4.519675111283765,0.01,0.1285996382718909,0.40287032822202784,21.024395439864062,0.01,0.12694923210397221,0.31998285927265524,5.7838843941973215,0.01,0.08137363398384186,0.13506635750938703,12.166203564688395
4.98,50.74991111585184,51.561923119283044,-0.812012003431206,-0.5979712890897007,22.08821460029147,0.09024964233865437,1.9934534675757487,1.9934534675757487,-0.42516849076770113,2.41862195834345,0.0,0,0.01,0.01,0.15681586028486033,0.2985746180685016,37.3270008273875,0.01,0.09109507721280255,0.1875759292044209,4.703395858782353,0.01,0.08605293967685516,0.17520373268538042,4.5133504855914035,0.01,0.12880564876801073,0.4030923254807864,21.304659920972473,0.01,0.12717145008720432,0.32020485653141373,5.781601748924187,0.01,0.08146015594625496,0.1351527637804158,12.156761504196918
4.99,50.37498888903703,51.21936627115143,-0.8443773821143997,-0.5974932657082469,21.96224588607975,0.08989887294372884,1.9743811524716146,1.9743811524716146,-0.4421149634179966,2.416496115889611,0.0,0,0.01,0.01,0.15668974766033572,0.29844114816723183,37.043802017702106,0.01,0.09096440951576922,0.18744245930315115,4.697977393993559,0.01,0.08592260002511252,0.17507026278411064,4.507212648313608,0.01,0.12901065233925893,0.40331326978633353,21.586575406968485,0.01,0.12739264507116937,0.32042580083696093,5.77900980638039,0.01,0.08154603742913771,0.13523852287228624,12.14677597821566
5.0,50.0,50.87711180539171,-0.877111805391714,-0.59691476834626,21.83230915990561,0.08954759935778862,1.9550308737066062,1.9550308737066062,-0.4592546673659148,2.414285541072521,0.0,0,0.01,0.01,0.1565635167860214,0.29830755714002233,36.762298923986904,0.01,0.0908336245830743,0.18730886827594162,4.6927036612431845,0.01,0.08579214545761014,0.17493667175690109,4.501213440072269,0.01,0.12921460312522365,0.4035331154391447,21.870144982414843,0.01,0.12761276617865575,0.3206456464897721,5.776162266402558,0.01,0.08163125943579835,0.1353236171036761,12.136354806275627
5.01,49.62501111096296,50.535206458113144,-0.9101953471501857,-0.5962734307693619,21.698448445061196,0.0891958751480734,1.9354120984125858,1.9354120984125858,-0.4765771693231058,2.4119892677356916,0.0,0,0.01,0.01,0.15643718831317707,0.29817386581043787,36.4824731154336,0.01,0.09070274500295838,0.18717517694635716,4.6875235952296,0.01,0.085661598300464,0.17480298042731665,4.495304068189863,0.01,0.1294174689603967,0.40375183132536197,22.155387808974965,0.01,0.12783177707779309,0.32086436237598936,5.773113216744199,0.01,0.08171580880338217,0.1354080346158447,12.125604760427864
5.0200000000000005,49.25008888414814,50.1936759819104,-0.9435870977622579,-0.5956048609206157,21.56083806672041,0.08884373264632456,1.9155453328304055,1.9155453328304055,-0.49406104905867054,2.409606381889076,0.0,0,0.01,0.01,0.1563107752265488,0.2980400869073907,36.20429044223282,0.01,0.09057178535399842,0.18704139804331002,4.682387839188981,0.01,0.08553097289445856,0.1746692015242695,4.489437419287297,0.01,0.12961923087366883,0.40396940021076855,22.442336079683656,0.01,0.12804965550783265,0.32108193126139595,5.769914728427964,0.01,0.08179967791290566,0.13549176902510857,12.114626862855065
5.03,48.87529996399999,49.852526777201554,-0.9772268132015628,-0.5949410097094942,21.4197756186051,0.08849118438585461,1.895461313769617,1.895461313769617,-0.5116747628741658,2.407136076643783,0.0,0,0.01,0.01,0.15618428333145493,0.2979062256320587,35.92770526159336,0.01,0.09044075266621761,0.18690753676797803,4.677251072685412,0.01,0.08540027606538357,0.17453534024893752,4.483570285131934,0.01,0.1298198820136541,0.40418581743137194,22.731031253126726,0.01,0.1282663921936304,0.3212983484819993,5.7666145384300025,0.01,0.08188286416723446,0.13557481884664993,12.103511974248491
5.04,48.50071095940741,49.51174840565287,-1.0110374462454645,-0.5943087228793,21.27566925341816,0.08813822547979239,1.875199733891256,1.875199733891256,-0.5293779689381561,2.404577702829412,0.0,0,0.01,0.01,0.15605771207944252,0.29777228058034827,35.652665118352964,0.01,0.09030964723868422,0.18677359171626756,4.672074142820959,0.01,0.08526950794922573,0.17440139519722705,4.477665397315069,0.01,0.13001942605957933,0.4044010890516432,23.021519741094778,0.01,0.12848198920928322,0.3215136201022706,5.763253929241946,0.01,0.08196536926647383,0.135657186721709,12.092336882484117
5.05,48.12638842592594,49.171316861701335,-1.0449284357753923,-0.5937285420651421,21.129019891113877,0.08778483682553335,1.8548075634248804,1.8548075634248802,-0.547123249559841,2.4019308129847214,0.0,0,0.01,0.01,0.15593105569227814,0.29763824497594754,35.37911564834846,0.01,0.09017846377356593,0.18663955611186686,4.666825898239303,0.01,0.08513866313181886,0.17426735959282635,4.471693174752711,0.01,0.1302178752002059,0.40461522958517204,23.313848255181718,0.01,0.12869645787555536,0.3217277606357994,5.7598659092494096,0.01,0.08204719831901248,0.1357388784887478,12.081161080565446
5.0600000000000005,47.752398848000006,48.83119844381522,-1.0787995958152163,-0.5932138089380352,20.980399176659432,0.08743098898198391,1.8343370492521351,1.8343370492521351,-0.5648581474847869,2.399195196736922,0.0,0,0.01,0.01,0.15580430453022281,0.297504108154618,35.10700546456954,0.01,0.09004719277193626,0.18650541929053727,4.661484639134241,0.01,0.08500773204797712,0.17413322277149676,4.465633101463215,0.01,0.13041524778189945,0.40482825939140765,23.608059037856076,0.01,0.12890981629575554,0.321940790442035,5.7564737859020125,0.01,0.08212835883329565,0.13581990214563244,12.070024391290582
5.07,47.37880862118518,48.49135404047288,-1.1125454192877025,-0.5927701116678052,20.83042421632413,0.08707664653519205,1.8138434866629611,1.8138434866629611,-0.5825274193365371,2.396370905999498,0.0,0,0.01,0.01,0.15567744663935085,0.297369857228862,34.83629078991191,0.01,0.08991582212460582,0.18637116836478126,4.656039115079428,0.01,0.08487670257322066,0.17399897184574076,4.459474670018522,0.01,0.1306115657407393,0.4050402018754419,23.90418520999598,0.01,0.12912208664975786,0.3221527329260693,5.753090205273033,0.01,0.08220885964002338,0.13590026675399122,12.058945554009112
5.08,47.00568403437036,48.15174362807346,-1.1460595937031,-0.5923950965750286,20.679730269507083,0.08672177274582678,1.7933828688771885,1.7933828688771885,-0.600075400025627,2.3934582689028154,0.0,0,0.01,0.01,0.15555046940460965,0.29723547885400825,34.56693961626082,0.01,0.0897843388224305,0.18623678998992751,4.650489024711153,0.01,0.08474556173249835,0.173864593470887,4.453217847477408,0.01,0.1308068519418851,0.4052510806249172,24.20224645950555,0.01,0.12933329237528252,0.3223636116755446,5.74971670786725,0.01,0.08228870979670215,0.13597998133852726,12.047921839142672
5.09,46.63309125200001,47.812330769862186,-1.179239517862178,-0.5920786505959558,20.528942665110513,0.08636633425968887,1.7730095242129227,1.7730095242129227,-0.6174483676897646,2.3904578919026873,0.0,0,0.01,0.01,0.1554233612307501,0.29710096101243283,34.298935196225436,0.01,0.08965273070532673,0.18610227214835215,4.644844996236903,0.01,0.08461429744521237,0.17373007562931164,4.4468730444996565,0.01,0.13100112755195045,0.4054609166188795,24.502245275615206,0.01,0.1295434553689822,0.3225734476695069,5.746343822853606,0.01,0.08236791752625211,0.13605905383316785,12.036929701856916
5.1000000000000005,46.26109629629627,47.47308690671804,-1.2119906104217624,-0.591803442891148,20.37864924384367,0.08601030566048318,1.7527738504107686,1.7527738504107686,-0.6345967996534696,2.387370650064238,0.0,0,0.01,0.01,0.15529611317236078,0.29696629473223857,34.032278709313154,0.01,0.08952098816781652,0.18596760586815786,4.639128053440859,0.01,0.08448290022455959,0.17359540934911732,4.4404605929632375,0.01,0.13119440956678752,0.4056697256378139,24.804163902690668,0.01,0.1297525933371888,0.32278225668844124,5.7429516933635005,0.01,0.08244648923873614,0.1361374901226091,12.025926430944699
5.11,45.88976502948149,47.13399524210843,-1.2442302126269453,-0.5915457974022761,20.229374599890445,0.08565367365244574,1.732720250172091,1.7327202501720913,-0.6514774158938796,2.3841976660659707,0.0,0,0.01,0.01,0.15516872043702754,0.29683147566023577,33.766990987004355,0.01,0.08938910574137052,0.18583278679615509,4.633368597296701,0.01,0.08435136475175792,0.17346059027711458,4.434009761692653,0.01,0.131386708608055,0.4058775159925728,25.107962148720006,0.01,0.12996071741750329,0.3229900470432002,5.739511196363286,0.01,0.08252442868038415,0.136215293222274,12.014852697069681
5.12,45.51916313599999,46.79505404400347,-1.2758909080034824,-0.5912768531531795,20.081557309209675,0.08529644067859835,1.7128853617588762,1.712885361758876,-0.6680549172276251,2.3809402789865013,0.0,0,0.01,0.01,0.15504118369194164,0.29669650541628784,33.503113228335195,0.01,0.08925708347996247,0.18569781655220713,4.627604956661813,0.01,0.0842196912519664,0.17332562003316662,4.427557362115336,0.01,0.13157802708767238,0.4060842866730734,25.413576140349953,0.01,0.1301678301781711,0.3231968177237008,5.735985494166474,0.01,0.08260173624719602,0.1362924626322466,12.003635859139171
5.13,45.14935610474075,46.456279215005324,-1.3069231102645738,-0.5909639562569918,19.93553119204002,0.08493862780746077,1.693296664064712,1.693296664064712,-0.6843033403356513,2.3776000044003633,0.0,0,0.01,0.01,0.1549135101137737,0.29656139266663445,33.24070668668315,0.01,0.0891249280847847,0.18556270380255377,4.62188158165608,0.01,0.08408788660831569,0.17319050728351326,4.421146014806865,0.01,0.13176835782047916,0.4062900259963822,25.72091807109939,0.01,0.1303739240830588,0.3234025570470096,5.732331932905765,0.01,0.08267840849187581,0.13636899389176493,11.992193851665409
5.14,44.78040921125928,46.117706016980996,-1.3372968057217123,-0.5905722174694847,19.79151147077684,0.08458027675566787,1.6739715176112804,1.6739715176112804,-0.7002069700874047,2.374178487698685,0.0,0,0.01,0.01,0.15478571413384695,0.2964261538671731,32.97985135761815,0.01,0.08899265371652855,0.18542746500309235,4.616246969257752,0.01,0.08395596516296848,0.17305526848405184,4.414822162909784,0.01,0.13195768314304604,0.40649471080919514,26.029876945235152,0.01,0.1305789804869671,0.3236072418598225,5.728504187546741,0.01,0.08275443784310532,0.13644487835081104,11.980439451820905
5.15,44.41238749999998,45.77938987642171,-1.3670023764217323,-0.5900661621240421,19.649586459966592,0.08422145095447865,1.6549166823138641,1.6549166823138641,-0.7157607705343838,2.370677452848248,0.0,0,0.01,0.01,0.1546578178450071,0.2962908136432184,32.72064374363031,0.01,0.08886028245841378,0.1852921247791377,4.610751421577853,0.01,0.08382394916893336,0.1729199282600972,4.4086339286617635,0.01,0.13214597457175703,0.40669830627294934,26.34032027804595,0.01,0.13078296920010427,0.32381083732357674,5.724454544127453,0.01,0.08282981254570024,0.1365201031647208,11.968284712844667
5.16,44.04535576651851,45.441406239725296,-1.3960504732067869,-0.5894113956581896,19.509715172704343,0.0838622356127552,1.6361283305510765,1.6361283305510768,-0.7309703184444993,2.367098648995576,0.0,0,0.01,0.01,0.15452985105241734,0.2961554047892669,32.46319381376661,0.01,0.08872784440956472,0.18515671592518615,4.605444743045003,0.01,0.08369186887276288,0.17278451940614564,4.402628914605536,0.01,0.1323331930072246,0.40690076623216853,26.65209667548099,0.01,0.13098584863309978,0.32401329728279593,5.720136207757095,0.01,0.08290451681952225,0.13659465150706615,11.955645350344524
5.17,43.679378539703706,45.1038494916405,-1.424470951936795,-0.5885762078119184,19.37173095824259,0.08350273677560166,1.6175925510939047,1.6175925510939047,-0.7458512463094491,2.3634437974033538,0.0,0,0.01,0.01,0.1544018509670893,0.2960199678899706,32.20762131127165,0.01,0.08859537740561474,0.1850212790258899,4.600373983274736,0.01,0.08355976222552074,0.1726490825068494,4.396852051360092,0.01,0.13251928946612004,0.40710203413943186,26.96503918276383,0.01,0.13118756650631458,0.3242145651900592,5.715505528977221,0.01,0.08297853122467438,0.1366685029858508,11.942444878964922
5.18,43.314520064,44.76683100219895,-1.4523109381989494,-0.5875321842590012,19.235350952005845,0.0831430794339652,1.5992863121428202,1.5992863121428202,-0.7604282290289865,2.359714541171807,0.0,0,0.01,0.01,0.1542738615575259,0.29588455058469804,31.954051763100953,0.01,0.08846292638078285,0.1848858617206173,4.595581412602102,0.01,0.08342767423671044,0.1725136652015768,4.391343679566079,0.01,0.13270420629686272,0.4073020444795231,27.27896915193359,0.01,0.13138806108077927,0.32441457553015046,5.710523995577203,0.01,0.08305183369959772,0.1367416380026627,11.928883496868337
5.19,42.95084428162963,44.430502789135126,-1.4796585075054935,-0.5861330170978374,19.10001747255152,0.08278343302384189,1.5811650171931788,1.5811650171931786,-0.7747473828334828,2.3559124000266616,0.0,0,0.01,0.01,0.1541459395184691,0.2957492171377591,31.702782702741192,0.01,0.08833054811581752,0.18475052827367835,4.591215233396625,0.01,0.08329566200734873,0.17237833175463785,4.386249826528787,0.01,0.13288787116333833,0.4075007090664428,27.59353407359279,0.01,0.13158725617423114,0.32461324011707016,5.705068590403973,0.01,0.08312465622542319,0.1368144232453889,11.925865035381129
5.2,42.588414814814804,44.095106855718,-1.5066920409031992,-0.584279720292247,18.964565261324495,0.08242406476248997,1.5631365552918774,1.5631365552918777,-0.7889021078206171,2.3520386631124945,0.0,0,0.01,0.01,0.15401817582099708,0.2956140684397365,31.45418855020792,0.01,0.08819833325886964,0.18461537957565577,4.587471163277115,0.01,0.08316381688377772,0.17224318305661526,4.3817550679332475,0.01,0.13307016742265845,0.4076978886770526,27.908227302577362,0.01,0.1317850313852454,0.32481041972768,5.6989464777183425,0.01,0.0831973309276531,0.13688707454480398,11.923970490334463
5.21,42.227294948000015,43.76090115217777,-1.5336062041777592,-0.5819810249992575,18.8276964300024,0.08206526101375881,1.545099821815962,1.5450998218159622,-0.8029943307574294,2.3480941525733914,0.0,0,0.01,0.01,0.15389067214369845,0.29547921235000424,31.20845060378201,0.01,0.08806638685556434,0.18448052348592356,4.584362995326544,0.01,0.08303224381017998,0.17210832696688305,4.377869573790587,0.01,0.13325096109510592,0.40789343752591545,28.222756872884442,0.01,0.13198124347556686,0.32500596857654285,5.69213242212909,0.01,0.0832698303683718,0.13695953630225755,11.920920149762356
5.22,41.86754761007409,43.428133793883696,-1.5605861838096047,-0.5792560956683094,18.688148700212235,0.08170729965584726,1.5269581658612736,1.5269581658612736,-0.8171210150583308,2.3440791809196044,0.0,0,0.01,0.01,0.15376352749667094,0.29534475329629206,30.965711874400014,0.01,0.0879348120341314,0.18434606443221133,4.581869407886502,0.01,0.08290104554938786,0.17197386791317082,4.374572856785072,0.01,0.1334301240773495,0.40808721846410445,28.536881885417394,0.01,0.13217469753948186,0.32519974951473185,5.695490246750292,0.01,0.08334210094169396,0.1370317548258556,11.91670741773061
5.23,41.50923535659257,43.097077270038675,-1.5878419134461093,-0.575966314703745,18.54446792799988,0.08135048683939138,1.5086014941202697,1.5086014941202697,-0.8313920817240428,2.3399935758443124,0.0,0,0.01,0.01,0.1536368464466176,0.2952108060765465,30.726331110021306,0.01,0.08780371576515353,0.18421211721246578,4.580119596230439,0.01,0.08277032909307068,0.17183992069342527,4.371994405684343,0.01,0.13360752677423593,0.4082790830572659,28.850141904687675,0.01,0.1323609762478196,0.3253916141078933,5.753003362004342,0.01,0.08341408642423351,0.13710367090115988,11.911090778703954
5.24,41.15242035199999,42.76809076888508,-1.6156704168850897,-0.5720287691502982,18.394585254926294,0.08099522455855646,1.4898735633842666,1.4898735633842666,-0.8459630520514261,2.3358366154356927,0.0,0,0.01,0.01,0.1535107669070186,0.2950775211680437,30.490740554406734,0.01,0.08767323754865244,0.18407883230396302,4.579299726025215,0.01,0.08264023446105052,0.1717066357849225,4.370309196521557,0.01,0.13378299989890627,0.40846883604848727,29.161906977172876,0.01,0.13254431841267308,0.32558136709911467,5.8193184774836055,0.01,0.08348571282668832,0.13717520620291412,11.903720291876898
5.25,40.79716435185184,42.441524299622344,-1.6443599477705029,-0.5675238340565787,18.236447869070535,0.08064190764771294,1.4706219448799176,1.4706219448799174,-0.8609848552955179,2.3316068001754355,0.0,0,0.01,0.01,0.15338542992196344,0.29494504600792054,30.259076032600635,0.01,0.08754352427522903,0.18394635714383986,4.579347095116585,0.01,0.08251090803703506,0.17157416062479935,4.369452744780259,0.01,0.13395636807103098,0.40865629143528565,29.47186821957526,0.01,0.13272541771487406,0.325768822485913,5.885394148028505,0.01,0.08355690209221879,0.13724628407798634,11.894710812720426
5.26,40.44352868503704,42.11766903796393,-1.674140352926892,-0.562570195815385,18.068356236543476,0.08029086973571099,1.4507240369267336,1.4507240369267336,-0.8765778389722245,2.327301875898958,0.0,0,0.01,0.01,0.1532609562399934,0.2948135047538757,30.03134885697271,0.01,0.08741470347302369,0.18381481588979498,4.580116173975866,0.01,0.08238247637885344,0.17144261937075447,4.369285390053068,0.01,0.134127485792356,0.40884130060071533,29.77987646202025,0.01,0.1329041941088636,0.3259538316513427,5.950505462664948,0.01,0.08362758673894342,0.13731684037457995,11.884333075631668
5.2700000000000005,40.091574235999985,41.79674286256028,-1.7051686265602952,-0.5573042853623283,17.889072313879275,0.07994236685705335,1.4300947816484932,1.4300947816484932,-0.8928242050556034,2.3229189867040967,0.0,0,0.01,0.01,0.1531374396757154,0.2946829922170451,29.80748037180598,0.01,0.08728687525151625,0.18368430335296437,4.581429353565843,0.01,0.08225503852532264,0.17131210683392384,4.369637668965034,0.01,0.1342962473738069,0.4090237596638475,30.08589090958177,0.01,0.13308053827555466,0.3261362907144749,6.014692457283694,0.01,0.08369771424315232,0.13738682665806512,11.87291898415602
5.28,39.74136142696296,41.47888261135946,-1.7375211843965002,-0.5518723319300095,17.697884874615056,0.07959656823021037,1.4086909009527053,1.4086909009527053,-0.9097639647261135,2.318454865678819,0.0,0,0.01,0.01,0.1530149436678194,0.29455357049919173,29.58731067081758,0.01,0.08716010847574847,0.18355488163511102,4.583089861320393,0.01,0.08212866226044448,0.17118268511607052,4.370322098464609,0.01,0.13446259074133973,0.40920361280809825,30.389972530934415,0.01,0.13325437954194597,0.3263161438587256,6.078095996339148,0.01,0.08376724909391699,0.13745621197921157,11.860838234964962
5.29,39.39295020014815,41.16414055410209,-1.7711903539539395,-0.5464231591464944,17.494647465557815,0.07925355157359149,1.386512945173388,1.386512945173388,-0.9273931006818004,2.3139060458551883,0.0,0,0.01,0.01,0.15289349948296327,0.2944252673392104,29.370608629520156,0.01,0.08703443874712348,0.18342657847512966,4.584891533114454,0.01,0.08200338214670817,0.17105438195608913,4.3711424426726975,0.01,0.13462649872909102,0.4093808531307982,30.692277664499482,0.01,0.13342569311100136,0.3264933841814256,6.1408922755022814,0.01,0.08383617386678967,0.13752498373180125,11.848480689465376
5.3,39.04640000000002,40.85248497629496,-1.8060849762949365,-0.541101005665115,17.279788678267717,0.07891330290701033,1.363605198137268,1.363605198137268,-0.9456638822145114,2.3092690803517795,0.0,0,0.01,0.01,0.1527731059952018,0.29429807614196307,29.157085200973018,0.01,0.08690986802561936,0.1832993872778824,4.586628754886105,0.01,0.0818791991942978,0.17092719075884188,4.371903180329263,0.01,0.13478799822010568,0.409555521158191,30.99304694328954,0.01,0.13359449996481368,0.32666805220881834,6.203278670025213,0.01,0.08390448941318894,0.1375931476158353,11.83623801441338
5.3100000000000005,38.7017697554074,40.54380479588261,-1.8420350404752106,-0.5360386296787188,17.054294320811614,0.07857572080853774,1.340053469138724,1.340053469138724,-0.9644872918019831,2.304540760940707,0.0,0,0.01,0.01,0.1526537310308426,0.29417195767097903,28.94640949849531,0.01,0.08678636588022322,0.18317326880689835,4.588106444319644,0.01,0.08175608215417371,0.17080107228785785,4.372419001445384,0.01,0.13494715725054857,0.40972770114940965,31.292589526293764,0.01,0.13376086420724936,0.326840232200037,6.2654629327836915,0.01,0.0839722141745835,0.13766072671713933,11.82448474162657
5.32,38.359117861925924,40.237917955691636,-1.8788000937657143,-0.531351027036526,16.819662388279653,0.0782406248955988,1.3159808957919998,1.3159808957919998,-0.9837374286896972,2.299718324481697,0.0,0,0.01,0.01,0.1525353142035008,0.2940468433117796,28.738226830786946,0.01,0.08666387229526724,0.1830481544476989,4.589149599822405,0.01,0.0816339703608973,0.1706759579286584,4.372523878259643,0.01,0.13510408025329385,0.40989751540577557,31.591263403433807,0.01,0.1339248884276996,0.32701004645640297,6.327651945191391,0.01,0.08403938266054259,0.13772775975349605,11.813559638463216
5.33,38.018502164,39.93458315230329,-1.9160809883032888,-0.5271300668530732,16.577833116794128,0.07790776809105858,1.2915419779154678,1.2915419779154678,-1.0032576594227804,2.294799637338248,0.0,0,0.01,0.01,0.15241777109195967,0.2939226397355614,28.532177726626294,0.01,0.08654230188601143,0.1829239508714807,4.589611913601671,0.01,0.0815127779766708,0.1705517543524402,4.372079231618363,0.01,0.13525890169567253,0.4100651168931114,31.88945288596089,0.01,0.1340867073716281,0.32717764794373877,6.390040260229261,0.01,0.08410604316835357,0.13779429857804115,11.803748423809054
5.34,37.679979937185195,39.63351430174786,-1.9535343645626624,-0.5234402997832733,16.331097668941204,0.07757685204934922,1.2669151476669238,1.2669151476669238,-1.0228682013742108,2.2897833490411346,0.0,0,0.01,0.01,0.15230099854821183,0.29379923472464714,28.327916933671332,0.01,0.08642154930862955,0.18280054586056643,4.589382974856566,0.01,0.08139239942018973,0.17042834934152593,4.370980743398979,0.01,0.13541177843520963,0.41023068056068,32.187544619757105,0.01,0.13424648024053046,0.3273432116113074,6.452799099678543,0.01,0.08417225485759135,0.13786040506670905,11.795268880560265
5.3500000000000005,37.34360787037036,39.33439701405995,-1.9907891436895853,-0.5203161319102981,16.081990055124443,0.07724754496587692,1.2422942499240108,1.2422942499240108,-1.0423747581102527,2.2846690080342635,0.0,0,0.01,0.01,0.15218488086904128,0.2936765038656873,28.125131388741146,0.01,0.08630149559275237,0.18267781500160657,4.588393656424742,0.01,0.08127271570735521,0.1703056184825661,4.369163430919899,0.01,0.13556288117162288,0.41039439379651316,32.485903567642815,0.01,0.1344043819976785,0.3275069248471405,6.516066509222184,0.01,0.08423808432322911,0.13792614754579124,11.788259333043953
5.36,37.00944204799998,39.03690625870723,-2.027464210707249,-0.5177604858749445,15.833167687922803,0.0769195008827575,1.2178793559480254,1.2178793559480254,-1.061577778295687,2.2794571342437124,0.0,0,0.01,0.01,0.15206929652448745,0.2935543177768607,27.923556232891787,0.01,0.08618201508185094,0.18255562891278002,4.586619378749984,0.01,0.08115360138856935,0.1701834323937395,4.36660469601756,0.01,0.1357123854108986,0.4105564464927423,32.78485038716388,0.01,0.1345605940968254,0.32766897754336965,6.57993931832307,0.01,0.08430360183413671,0.13799159693667365,11.782771276048372
5.37,36.67753793229628,38.74072435514572,-2.063186422849441,-0.5157449948419616,15.587286459610679,0.07659237954025845,1.1938673605172325,1.1938673605172325,-1.0802818848350015,2.274149245352234,0.0,0,0.01,0.01,0.15195412511235934,0.2934325495130298,27.72298807606424,0.01,0.08606298264000248,0.18243386064894906,4.584081071450524,0.01,0.08103493174121036,0.17006166412990856,4.363325182421916,0.01,0.1358604623761652,0.41071702120477926,33.084641487007275,0.01,0.13471529507466676,0.3278295522554066,6.644467425524155,0.01,0.08436887741902935,0.13805682280661996,11.778766674157243
5.38,36.347950345481465,38.445558418688236,-2.0976080732067737,-0.5142116985657108,15.34687641330292,0.07626586580819317,1.1704428171118855,1.1704428171118855,-1.0983050188161736,2.268747835928059,0.0,0,0.01,0.01,0.1518392542005591,0.2933110817886343,27.523294891161285,0.01,0.08594428077404065,0.1823123929245536,4.580843794104105,0.01,0.08091658986697588,0.16994019640551308,4.359387409724309,0.01,0.1360072702991155,0.410876283874718,33.3854528000972,0.01,0.1348686514525305,0.3279888149253454,6.709650749658806,0.01,0.08443397698839218,0.1381218895166844,11.776120121147308
5.39,36.020733452000016,38.15115643046342,-2.130422978463409,-0.5130761383189867,15.114223953214594,0.07593968776411712,1.1477694478040563,1.1477694478040563,-1.115486863029922,2.2632563108339783,0.0,0,0.01,0.01,0.15172458572830055,0.2931898136717166,27.324422120961724,0.01,0.08582580632788507,0.18219112480763588,4.577013121260217,0.01,0.08079847335218276,0.16981892828859538,4.354892288343489,0.01,0.13615294650429485,0.41103437555326683,33.6873680015371,0.01,0.13502080937726102,0.32814690660389423,6.775438976258158,0.01,0.08449895867828011,0.13818685265064956,11.774625697623085
5.4,35.69594074074075,37.85732117825517,-2.1613804375144157,-0.5122316823433515,14.891266133882786,0.07561363256225503,1.125982725834165,1.125982725834165,-1.1316961506846634,2.2576788765188285,0.0,0,0.01,0.01,0.15161004166247177,0.29306866643257695,27.126394796196166,0.01,0.08570747643020307,0.18206997756849624,4.572729528851377,0.01,0.08068050017399916,0.16969778104945574,4.349973744807814,0.01,0.13629760065700272,0.41119140549809385,33.990371567877496,0.01,0.13517188739505534,0.32830393654872125,6.84173401377388,0.01,0.0845638695902895,0.1382517558929663,11.774008032327066
5.41,35.373625007259264,37.56392142738728,-2.1902964201280146,-0.511554858566819,14.67950191880072,0.0752875593533306,1.1051838719890397,1.1051838719890397,-1.1468365237763656,2.2520203957654052,0.0,0,0.01,0.01,0.15149556864472205,0.2929475882751674,26.929315675166087,0.01,0.0855892334159182,0.18194889941108672,4.568161129105617,0.01,0.08056261357535886,0.16957670289204624,4.344791790055547,0.01,0.13644130948532376,0.4113474459528872,34.294346762013724,0.01,0.1353219706956395,0.3284599770035146,6.908394883728173,0.01,0.08462874308196168,0.13831662850008883,11.77393679751772
5.42,35.05383833599995,37.27089982113329,-2.2170614851333417,-0.5109114285911603,14.479924449770198,0.07496140866410295,1.0854355341045598,1.0854355341045598,-1.1608506790419637,2.2462862131465235,0.0,0,0.01,0.01,0.15138114141609244,0.292826557735844,26.73335961050722,0.01,0.0854710484942172,0.1818278688717633,4.563495180344697,0.01,0.08044478568370622,0.1694556723527228,4.339524437536642,0.01,0.1365841132106519,0.4115025288246659,34.59907836612168,0.01,0.1354711070896276,0.32861505987529327,6.975244624379079,0.01,0.08469359673440541,0.13838148347972154,11.77404367915285
5.43,34.73663208251853,36.97827717106537,-2.2416450885468433,-0.5101629075753291,14.29297736604381,0.07463520781867138,1.066759336062246,1.066759336062246,-1.1737226236890674,2.2404819597513135,0.0,0,0.01,0.01,0.1512667648664474,0.2927055855995908,26.53876451901178,0.01,0.08535292399788585,0.18170689673551008,4.558928843353586,0.01,0.08032701971099755,0.16933470021646957,4.334358919645357,0.01,0.13672601383296254,0.41165664438142613,34.90425978895515,0.01,0.13561930489271318,0.3287691754320535,7.042078701007055,0.01,0.08475843109040292,0.1384463165578918,11.773940772726851
5.44,34.42205685570369,36.686152971492604,-2.2640961157889197,-0.5091732191685264,14.118537103026839,0.07430907217320723,1.0491353925689255,1.0491353925689255,-1.1854779540639426,2.234613346632868,0.0,0,0.01,0.01,0.15115247462261924,0.29258471525514335,26.345819470012774,0.01,0.08523489411793761,0.1815860263910626,4.554659667627184,0.01,0.0802093506414538,0.1692138298720221,4.3294826608281545,0.01,0.13686697532197936,0.4118097419928928,35.20950404351588,0.01,0.1357665327914739,0.3289222730435202,7.108674388417266,0.01,0.08482322921840578,0.1385111059760917,11.773239361639817
5.45,34.11016250000005,36.39470215071768,-2.284539650717628,-0.5078151730853142,13.955921927816114,0.07398320213321832,1.0325037929410334,1.0325037929410334,-1.1961821639215153,2.228685956862549,0.0,0,0.01,0.01,0.151038336158924,0.29246402148435025,26.15485051509997,0.01,0.08511702410030395,0.1814653326202695,4.550876272762599,0.01,0.08009184438615151,0.169093136101229,4.32507444773917,0.01,0.13700692566878583,0.4119617328388334,35.51435801336492,0.01,0.13591272166302032,0.32907426388946076,7.1748006133788715,0.01,0.08488795711756328,0.13857581312169986,11.771568121661941
5.46,33.80099807762965,36.10416824741225,-2.3031701697826015,-0.5059764648644313,13.803927274573361,0.0736578761192923,1.0167679651502448,1.0167679651502448,-1.2059370808926961,2.222705046042941,0.0,0,0.01,0.01,0.15092444248340298,0.292343607754417,25.966204957244297,0.01,0.0849994079544731,0.18134491889033627,4.547749649255636,0.01,0.07997459545632632,0.16897272237129576,4.321296197158669,0.01,0.13714576065996695,0.41211249441677833,35.818319381151,0.01,0.1360577682209095,0.32922502546740573,7.240227800355719,0.01,0.08495256493828902,0.13864038395616785,11.768589935645018
5.47,33.49461185081481,35.81485336545792,-2.320241514643111,-0.5035649220736638,13.66088576684097,0.07333343983526076,1.0017997444790023,1.0017997444790023,-1.2148756161594754,2.2166753606384777,0.0,0,0.01,0.01,0.1508109105197151,0.29222360215125176,25.780234802600773,0.01,0.08488216479409105,0.18122491328717105,4.545425446112879,0.01,0.0798577232769721,0.16885271676813055,4.318285668150691,0.01,0.1372833491532366,0.41226187659841773,36.12085556110537,0.01,0.1362015402688461,0.32937440764904513,7.304737334899271,0.01,0.08501698895386187,0.13870475116866732,11.764016670291515
5.48,33.19105126399998,35.52710540811119,-2.336054144111208,-0.5005127576562064,13.524749196276966,0.07301029236398256,0.9874458929697194,0.9874458929697194,-1.2231550895879606,2.21060098255768,0.0,0,0.01,0.01,0.1506978763651458,0.2921041521550276,25.597280155627313,0.01,0.08476543399353131,0.1811054632909469,4.544017547343759,0.01,0.07974136732584329,0.16873326677190642,4.316150402780458,0.01,0.1374195395641193,0.41240970891514067,36.421423943188834,0.01,0.13634388326704563,0.329522239965768,7.368130329078926,0.01,0.08508115418306153,0.13876883694956454,11.757621434159415
5.49,32.89036292607406,35.241303216024036,-2.350940289949977,-0.4967796378673324,13.393188709081548,0.0726888697631129,0.9735357497872228,0.9735357497872228,-1.2309494573225177,2.2044852071097405,0.0,0,0.01,0.01,0.15058548965705715,0.29198541851255644,25.417653308825493,0.01,0.08464936939942602,0.1809867296484757,4.543603171015088,0.01,0.07962568133746735,0.1686145331294352,4.314963114909312,0.01,0.13755416722093725,0.41255580870115677,36.71949271355294,0.01,0.13648462785778856,0.3296683397517841,7.430235431034444,0.01,0.08514497753351044,0.13883255624964083,11.749247985659213
5.5,32.59259259259261,34.95784032807654,-2.3652477354839285,-0.49235442756311604,13.26370857492756,0.07236962694970372,0.9598896415370939,0.9598896415370939,-1.238440818286034,2.198330459823128,0.0,0,0.01,0.01,0.1504739073209578,0.29186756850274614,25.24162424422232,0.01,0.0845341328796356,0.18086887963866544,4.544219657216615,0.01,0.0795108268547817,0.16849668311962493,4.31475868286974,0.01,0.13768706221220225,0.4126999896895043,37.0145614653449,0.01,0.13662359795919346,0.3298125207401317,7.490915461270088,0.01,0.08520837131161697,0.13889582036864526,11.738817079609674
5.51,32.297785148,34.677108144866466,-2.379322996866466,-0.48725553732877946,13.133768221410838,0.07205301874269608,0.9463276478195413,0.9463276478195413,-1.2458106079121567,2.192138255731698,0.0,0,0.01,0.01,0.15036328700135718,0.2917507689192915,25.0694082037629,0.01,0.0844198875221099,0.18075208005521082,4.545863046334147,0.01,0.07939696644053608,0.1683798835361703,4.315532840354371,0.01,0.13781805733738178,0.41284207064314765,37.3061807654754,0.01,0.13676061902057435,0.329954601693775,7.55007268290742,0.01,0.08527124692883317,0.1389585407016096,11.726329631778707
5.5200000000000005,32.005984587851835,34.399479299098225,-2.393494711246391,-0.4815298625463453,13.000906750990351,0.07173948097208492,0.9326783024825227,0.9326783024825227,-1.2532309002096143,2.185909202692137,0.0,0,0.01,0.01,0.15025378049032467,0.2916351791074057,24.901155901046256,0.01,0.08430679081113535,0.180636490243325,4.548488486781307,0.01,0.07928425687523649,0.1682642937242845,4.317242600973372,0.01,0.1379469957785799,0.4129818836104402,37.59396981063704,0.01,0.13689552603848,0.3300944146610676,7.607652527708423,0.01,0.08533351862603991,0.13902063246412735,11.711866646671258
5.53,31.717234001037,34.1252920236107,-2.4080580225736963,-0.4752503711467251,12.862863952963776,0.0714294125601896,0.9187868160018409,0.9187868160018409,-1.260856232189248,2.179643048191089,0.0,0,0.01,0.01,0.150145527467487,0.29152094438803056,24.736946836731978,0.01,0.08419498810782382,0.18052225552394985,4.5520124501137476,0.01,0.07917284266740918,0.16815005900490934,4.319808393941556,0.01,0.13807373813558566,0.4131192814206312,37.877631306153205,0.01,0.13702817095797337,0.33023181247125855,7.663645613132682,0.01,0.08539510703853914,0.1390820182189806,11.695585908845809
5.54,31.43157555200004,33.85483625666865,-2.4232607046686114,-0.4685124613854046,12.717691906768515,0.07112315943341802,0.904522429110187,0.904522429110187,-1.2688163379199557,2.1733387670301427,0.0,0,0.01,0.01,0.1500386498490084,0.29140819018351144,24.576786045829532,0.01,0.08408460674535632,0.1804095013194307,4.556316669793275,0.01,0.07906285018531316,0.1680373048003902,4.3231178298633095,0.01,0.13819816850778865,0.41325414407908334,38.15696274885429,0.01,0.13715842912627016,0.33036667512971074,7.718087907672569,0.01,0.0854559424332643,0.13914263103615546,11.677715493687375
5.55,31.14905046296299,33.58834213750286,-2.4392916745398763,-0.4614292703471193,12.563851657518919,0.07082100103369511,0.8897845512243394,0.8897845512243394,-1.2772101341162034,2.166994685340543,0.0,0,0.01,0.01,0.14993324701258917,0.29129701712393136,24.420604449869778,0.01,0.08397575101819635,0.18029832825985062,4.561253656355607,0.01,0.0789543826876759,0.16792613174081011,4.327030955397967,0.01,0.13832019936078915,0.4133863837809255,38.43186340217386,0.01,0.1372862045222234,0.33049891483155286,7.771058940568347,0.01,0.085515967466898,0.13920241713611958,11.658544225690557
5.5600000000000005,30.86969899614812,33.325971426801665,-2.4562724306535455,-0.45412616492761954,12.400290125514074,0.07052314007110005,0.8745073974439079,0.8745073974439079,-1.2861012372260539,2.160608634669962,0.0,0,0.01,0.01,0.14982939212207674,0.2911874973646975,24.26826281519151,0.01,0.08386849829971861,0.18018880850061683,4.566653576147491,0.01,0.07884751648605529,0.16781661198157632,4.331386793342021,0.01,0.13843977497986765,0.4135159483328424,38.70233642275109,0.01,0.13741143355163424,0.33062847938346973,7.8226780136707665,0.01,0.08557513933773049,0.13926133789147468,11.638409307662972
5.57,30.59356043599996,33.06781224251473,-2.4742518065147654,-0.44673468694138485,12.226493363731686,0.07022969599917618,0.8586629120708213,0.8586629120708213,-1.2955152164130102,2.1541781284838315,0.0,0,0.01,0.01,0.1497271297209812,0.29107967228589315,24.119559137888515,0.01,0.08376289646664775,0.18008098342181245,4.572332214849386,0.01,0.07874229841523296,0.16770878690277194,4.336010902268972,0.01,0.13855687338335146,0.4136428228520296,38.968485831801125,0.01,0.13753408727118988,0.330755353902657,7.873098459537922,0.01,0.08563343123407,0.1393193710936203,11.617681470629975
5.58,30.32067307140742,32.81387733798511,-2.4932042665776897,-0.43938625042584106,12.042513456134989,0.0699407025097529,0.8422618511052335,0.8422618511052334,-1.305438701296533,2.1477005524017665,0.0,0,0.01,0.01,0.14962647470168625,0.2909735516753234,23.97423909579496,0.01,0.08365896274414163,0.1799748628112427,4.578099684059479,0.01,0.07863874472340247,0.1676026662922022,4.3407236304069405,0.01,0.13867150664285186,0.41376702969514745,39.23050831013288,0.01,0.137654171979308,0.33087956074577485,7.9225000982463065,0.01,0.08569083301632821,0.1393765114272893,11.596748143477015
5.59,30.051074177925926,32.56410597528862,-2.513031797362689,-0.4322059004923181,11.848967691334218,0.06965610914444574,0.8253529867565876,0.8253529867565876,-1.3158203721386963,2.141173358895284,0.0,0,0.01,0.01,0.14952741268956257,0.29086911442361946,23.8320090397119,0.01,0.08355668401551868,0.17987042555953875,4.583769474633391,0.01,0.07853684142406879,0.16749822904049821,4.345348687148888,0.01,0.13878371963104308,0.413888626654449,39.4886801146282,0.01,0.13777172818694014,0.3310011577050763,7.971080168319652,0.01,0.08574735110686496,0.13943277013495878,11.575995306185549
5.6000000000000005,29.784799999999972,32.318369270647715,-2.533569270647747,-0.42530643838996574,11.647010072991069,0.06937578691579575,0.8080204890299552,0.8080204890299552,-1.3265737680046352,2.1345942570345904,0.0,0,0.01,0.01,0.14942990181195914,0.29076631068506265,23.692550852084814,0.01,0.0834560185690424,0.1797676218209819,4.58916742079055,0.01,0.07843654608006509,0.1673954253019414,4.349721618575167,0.01,0.1388935872881063,0.4140077035392395,39.74333973933879,0.01,0.13788682805253696,0.33112023458986684,8.019043132937878,0.01,0.0858030016193497,0.13948817389311077,11.556266803480591
5.61,29.52188573318517,32.07648670606524,-2.554600972880072,-0.4187366097112321,11.438214629860248,0.06909954675872311,0.7903754466523389,0.7903754466523389,-1.3375859415422287,2.1279613881945676,0.0,0,0.01,0.01,0.14933387757013672,0.29066506872932735,23.55559625993889,0.01,0.08335690079656938,0.1796663798652466,4.5941798361959645,0.01,0.07833779262955533,0.1672941833462061,4.353737341691405,0.01,0.139001208899014,0.41412437349161935,39.99480651955538,0.01,0.13799957016966452,0.3312369045422467,8.066558589644245,0.01,0.08585709650983543,0.13954276115790779,11.595646617622348
5.62,29.262365506370394,31.838275793942078,-2.5759102875716864,-0.41248830085286836,11.22419668552568,0.06882719605755719,0.7725299858632595,0.7725299858632595,-1.348743472623597,2.1212734584868564,0.0,0,0.01,0.01,0.14923927100356799,0.29056531570716426,23.421014432956017,0.01,0.08325925910261182,0.17956662684308353,4.598810873343071,0.01,0.07824050961831117,0.16719443032404302,4.357401353014555,0.01,0.13910668859933964,0.4142387486685423,40.24324464618728,0.01,0.13811006183046082,0.33135127971916967,8.113680652971325,0.01,0.0859101905399464,0.13959657099492917,11.65299308665991
5.63,29.006272364000026,31.603539092130955,-2.5972667281309296,-0.4066116379754096,11.006713978037503,0.06855852381354688,0.7546040623721835,0.7546040623721835,-1.3599256787515546,2.114529741123738,0.0,0,0.01,0.01,0.1491460093452192,0.29046697222477347,23.28857338520956,0.01,0.08316301845875279,0.17946828336069273,4.602994040906018,0.01,0.07814462200130189,0.16709608684165222,4.360648513757818,0.01,0.13921013199710755,0.41435094646487963,40.48892912045828,0.01,0.13821841188996964,0.331463477515507,8.16050897299474,0.01,0.08596254108773435,0.1396496460161966,11.711150687953673
5.64,28.753638248296326,31.372052562130406,-2.6184143138340805,-0.40114494336059325,10.787759875178512,0.06829328725535844,0.7367315839973958,0.7367315839973958,-1.3709985287325843,2.10773011272998,0.0,0,0.01,0.01,0.14905400898476312,0.2903699474664219,23.15802997806585,0.01,0.08306809288039275,0.17937125860234118,4.606658440577805,0.01,0.07805004370491499,0.16699906208330068,4.36341186689664,0.01,0.13931165417274002,0.41446109493155336,40.732175180315295,0.01,0.13832473806434906,0.33157362598218076,8.207166403558574,0.01,0.08601420185841001,0.13970203502945178,11.769729532105957
5.65,28.504493981481488,31.1435766067395,-2.6390826252580126,-0.3961041646592013,10.569480340717256,0.06803122439505686,0.7190546887984777,0.7190546887984777,-1.3818204312878395,2.100875120086317,0.0,0,0.01,0.01,0.14896317894238192,0.2902741438174213,23.02917191004395,0.01,0.08297438850079017,0.17927545495334057,4.609763492214345,0.01,0.07795668092384227,0.1669032584343001,4.365653576323771,0.01,0.13941137643278895,0.4145693273302725,40.97327648501735,0.01,0.13842916513426265,0.33168185838089986,8.253754575101452,0.01,0.08606522370981837,0.13975379056187484,11.828866401521598
5.66,28.25886924799999,30.917869164992055,-2.6589999169920673,-0.39148209518989874,10.35407251272697,0.06777206903026034,0.7017169170768534,0.7017169170768534,-1.3922491008530247,2.093966017929878,0.0,0,0.01,0.01,0.14887342596642253,0.29017946236320863,22.90182903319005,0.01,0.08288180878357655,0.17918077349912792,4.612302828748985,0.01,0.07786443735108738,0.16680857698008744,4.367368179482416,0.01,0.13950942074391862,0.41467577586421833,41.212484235549304,0.01,0.13853181963850178,0.33178830691484573,8.300341708850384,0.01,0.08611565887077238,0.13980496590295888,11.888649996634186
5.67,28.016792576740713,30.694698795977594,-2.677906219236879,-0.38724903445920694,10.143680890388094,0.06751556582532747,0.6848563548661137,0.6848563548661137,-1.4021484175594994,2.087004772425613,0.0,0,0.01,0.01,0.14878465972891905,0.29008580839697,22.77588094714953,0.01,0.08279025989789138,0.17908711953288928,4.61430442763018,0.01,0.07777321953836781,0.16671492301384877,4.3685826465536275,0.01,0.13960590411702456,0.4147805655767449,41.449992022464755,0.01,0.1386328241112378,0.3318930966273723,8.346957929442924,0.01,0.08616555827964606,0.13985561213365172,11.949095378675622
5.68,27.778291323259232,30.4738570684904,-2.695565745231167,-0.38335453642460865,9.940296586823315,0.06726148468007923,0.6685991065900603,0.6685991065900603,-1.4113949237477552,2.0799940303378155,0.0,0,0.01,0.01,0.14869679781145867,0.2899930966472088,22.65126189063801,0.01,0.0826996558938716,0.17899440778312808,4.6158289073912995,0.01,0.07768294204782661,0.16662221126408758,4.369354733305582,0.01,0.1397009333386837,0.41488380873031294,41.6859241596955,0.01,0.13873229156276892,0.33199633978094034,8.393593434581556,0.01,0.08621496877371393,0.13990577529740889,12.010141721503425
5.69,27.54339165199997,30.255169666759087,-2.7117780147591173,-0.3797301338257779,9.745664488347705,0.06700963369687445,0.6530534074968171,0.6530534074968171,-1.4198836482222594,2.0729370557190765,0.0,0,0.01,0.01,0.14860977024086988,0.28990125597524163,22.527962798537807,0.01,0.08260992342597936,0.17890256711116093,4.616966194740546,0.01,0.07759353214516444,0.16653037059212042,4.369769800529296,0.01,0.13979460030144703,0.414985599924917,41.920327849856555,0.01,0.13883032051575467,0.33209813097554436,8.440198925018953,0.01,0.08626393049775338,0.13995549384857647,12.071654745270886
5.7,27.3121185185185,30.0385056948144,-2.7263871762959035,-0.37629289313260966,9.56120269349727,0.06675987013607065,0.6383046501625267,0.6383046501625267,-1.4275329873154385,2.0658376374779652,0.0,0,0.01,0.01,0.14852352336114086,0.2898102333225714,22.406030495155633,0.01,0.08252100580106286,0.17881154445849068,4.617830769821155,0.01,0.07750493381275525,0.16643934793945017,4.36993629735808,0.01,0.13988697814650577,0.4150860121738565,42.15316943296548,0.01,0.13892699083216092,0.33219854322448383,8.486688126194352,0.01,0.08631247466365649,0.14000479649789213,12.133432932097987
5.71,27.084495651703673,29.8237847558714,-2.739289104167725,-0.3729496183117155,9.387937961099485,0.06651210885465601,0.6244115515894064,0.6244115515894064,-1.4342884209519817,2.058699972541388,0.0,0,0.01,0.01,0.14843802286277624,0.28971999672725113,22.285564138628178,0.01,0.0824328661635615,0.1787213078631704,4.618555766900936,0.01,0.07741711089700887,0.16634911134412989,4.369980171887358,0.01,0.1399781183901322,0.4151850941045392,42.38433474051639,0.01,0.1390223605203585,0.33229762515516653,8.532942176150819,0.01,0.08636062176687456,0.1400537005542712,12.19521704818401
5.72,26.86054553600007,29.610981495179715,-2.7504359591796423,-0.3696014943615069,9.226460099571495,0.0662663278495108,0.6114036298486347,0.6114036298486347,-1.4401249005879935,2.051528530436628,0.0,0,0.01,0.01,0.14835325583352058,0.2896305372753384,22.16670916220735,0.01,0.08234548967408385,0.17863184841125768,4.619286259325151,0.01,0.07733004924819002,0.16625965189221714,4.370038520509827,0.01,0.14006804915510893,0.41528286839483525,42.613633369025216,0.01,0.13911646366165809,0.3323953994454626,8.578815562100731,0.01,0.08640838034230032,0.14010221083710833,12.256702350809336
5.73,26.64028939362958,29.40012741949483,-2.7598380258652493,-0.36614894467316084,9.076897319640224,0.06602257066897957,0.599280094741018,0.599280094741018,-1.4450478111926706,2.0443279059336885,0.0,0,0.01,0.01,0.1482692317428941,0.2895418699060024,22.04964906818168,0.01,0.08225888458762597,0.17854318104192166,4.620172085868412,0.01,0.07724375776095369,0.16617098452288115,4.37025281328415,0.01,0.14015677457243614,0.41537933149422057,42.8408065193353,0.01,0.139209309538787,0.33249186254484797,8.624143223155365,0.01,0.08645574631535019,0.1401503192053661,12.31755275504804
5.74,26.42374716681485,29.19130993760973,-2.76756277079488,-0.36249647007763247,8.93891359068644,0.06578094560738851,0.5880101886980906,0.5880101886980906,-1.4490924781796344,2.037102666877725,0.0,0,0.01,0.01,0.14818598232489283,0.2894540330442409,21.93459551590206,0.01,0.08217308219147657,0.17845534418016018,4.6213605810443985,0.01,0.07715826827752814,0.16608314766111967,4.370762037058641,0.01,0.1402442753599611,0.41547445461662236,43.06553792216329,0.01,0.13930088298790821,0.33258698566724976,8.668748407226149,0.01,0.08650270297463755,0.140198004720048,12.377416192347564
5.75,26.2109375,28.984668698166352,-2.7737311981663524,-0.3585572418153349,8.811728026688046,0.06554162174989339,0.5775349452881224,0.5775349452881224,-1.4523222591987044,2.029857204486827,0.0,0,0.01,0.01,0.14810356037602018,0.28936708709093295,21.82177720625198,0.01,0.08208813561778233,0.17836839822685224,4.62298955707435,0.01,0.07707363437019593,0.16599620170781174,4.371696083544607,0.01,0.14033051052646872,0.41556818593156375,43.28746728268847,0.01,0.13939114593419946,0.33268071698219115,8.712450872597252,0.01,0.08654922156222086,0.14024523442664852,12.435940404716266
5.76,26.001877722074088,28.78038942732812,-2.778511705254034,-0.35425723512282326,8.694155320019036,0.06530482208282386,0.5677702663342796,0.5677702663342796,-1.4548253268565536,2.0225955931908333,0.0,0,0.01,0.01,0.14802203753709825,0.2892811118535928,21.711428101137418,0.01,0.08200411759923527,0.17828242298951205,4.625180854540574,0.01,0.07698992907292124,0.16591022647047154,4.373169680163023,0.01,0.14041542009540942,0.415660453824769,43.50620561877407,0.01,0.13948004001237724,0.3327729848753964,8.7550750510647,0.01,0.08659526244750056,0.14029196471515143,12.492788469102917
5.7700000000000005,25.79658382859261,28.57869558429687,-2.782111755704261,-0.34953871385759805,8.58466527729881,0.06507081402106042,0.558611157692166,0.558611157692166,-1.4567103088643845,2.0153214665565504,0.0,0,0.01,0.01,0.14794150117471666,0.28919620305033916,21.603775530174076,0.01,0.08192111728593326,0.17819751418625848,4.628034736366116,0.01,0.07690724168121499,0.16582531766721798,4.37527712136149,0.01,0.14049892869473907,0.41575117105138104,43.72135182956852,0.01,0.13956749012129738,0.3328637021020084,8.79645783035889,0.01,0.08664077682291732,0.14033814318837462,12.547653420402103
5.78,25.595070464000052,28.379838252108726,-2.784767788108674,-0.3443629084846248,8.48145862804581,0.06483989782305327,0.5499369108329439,0.5499369108329439,-1.4581010041792846,2.0080379150122285,0.0,0,0.01,0.01,0.14786205051961945,0.28911246806211666,21.499028729162855,0.01,0.08183923628490435,0.17811377919803595,4.631625350501227,0.01,0.07682567378239082,0.16574158267899544,4.37808801155847,0.01,0.14058094982071342,0.41584023956648847,43.93250980692589,0.01,0.13965340871880177,0.3329527706171158,8.836455659938707,0.01,0.08668570883502809,0.14038371094608207,12.600271423442717
5.79,25.397350903851894,28.184084760351016,-2.786733856499121,-0.3387117684652528,8.382555509878328,0.06461239346065822,0.541616974810067,0.5416169748100671,-1.459130435181265,2.000747409991332,0.0,0,0.01,0.01,0.14778379225296803,0.289030021142236,21.39736832792336,0.01,0.08175858411913219,0.17803133227815532,4.635997433790759,0.01,0.07674533471332697,0.1656591357591148,4.3816441810319455,0.01,0.14066139055567534,0.41592755579033075,44.1393053872406,0.01,0.1397377006314715,0.3330400868409581,8.874950729457016,0.01,0.08672999804445779,0.1404286051733179,12.650433024215692
5.8,25.203437037037023,27.99170659196586,-2.788269554928835,-0.3325887140115732,8.28589241840446,0.06438862658072124,0.533517232816674,0.533517232816674,-1.4599345249987516,1.9934517578154256,0.0,0,0.01,0.01,0.14770683575578875,0.2889489783163425,21.29893726002884,0.01,0.08167927332860699,0.17795028945226177,4.6411643754451175,0.01,0.07666633666816265,0.16557809293322126,4.3859578851750545,0.01,0.1407401565039213,0.4160130160503527,44.34140243706538,0.01,0.1398202681351839,0.3331255471009801,8.911856009958711,0.01,0.08677358209356124,0.14047276190770533,12.697992083194897
5.8100000000000005,25.013339347999985,27.802967155691103,-2.7896278076911196,-0.32601835945491847,8.189422977979815,0.06416891423503295,0.5255063807083948,0.5255063807083948,-1.4606457044820371,1.986152085190432,0.0,0,0.01,0.01,0.14763128825095256,0.28886945221887605,21.2038335045653,0.01,0.081601414450834,0.17787076335479535,4.6471077047076035,0.01,0.07658878969291838,0.16549856683575484,4.391011346903817,0.01,0.14081715670593642,0.4160965219395918,44.53851737569811,0.01,0.1399010160567483,0.33320905299021913,8.94711898381737,0.01,0.08681639945200251,0.1405161188526296,12.742872059726487
5.82,24.827066898962926,27.618110007593902,-2.7910431086309773,-0.31904522909019367,8.0912176688641,0.06395355106290411,0.5174621023467723,0.5174621023467723,-1.4613867543212495,1.9788488566680218,0.0,0,0.01,0.01,0.14755725007014603,0.2887915471133509,21.112104991411073,0.01,0.08152511112173261,0.1777928582492702,4.653778013855392,0.01,0.07651279680721951,0.1654206617302297,4.396757651651768,0.01,0.14089230829923957,0.41617798534047334,44.73043146881364,0.01,0.13997985665397572,0.33329051639110074,8.98072392297611,0.01,0.08685839210819842,0.14055861810167797,12.785069380554875
5.83,24.64462731214809,27.43734807943809,-2.7927207672900036,-0.31173153412208254,7.989557657258725,0.06374279658558274,0.5092767485554279,0.5092767485554279,-1.4622651743409876,1.9715419228964155,0.0,0,0.01,0.01,0.14748481027036406,0.2887153543332521,21.023746907856616,0.01,0.0814504555298491,0.17771666546917142,4.661097274624523,0.01,0.07643844948502604,0.16534446895013089,4.403122954395399,0.01,0.14096554071280915,0.4162573328841711,44.917000285673815,0.01,0.1400567140501765,0.33336986393479845,9.012692610188688,0.01,0.0868995080786886,0.14060020864457823,12.824653697110481
5.84,24.466026751999976,27.260854419422746,-2.7948276674227697,-0.30415412402059083,7.883018127229722,0.06353686421496448,0.5008622523538984,0.5008622523538984,-1.463368344670812,1.9642305970247103,0.0,0,0.01,0.01,0.14741404280589107,0.28864094835848897,20.938701537311527,0.01,0.08137752443772885,0.17764225949440826,4.668962452987994,0.01,0.07636582370697008,0.16527006297536775,4.4100099080603155,0.01,0.14103679921008805,0.41633450964697094,45.098159805089,0.01,0.14013152802759576,0.33344704069759834,9.043083439098762,0.01,0.08693970361770217,0.14064084853596492,12.861764921208831
5.8500000000000005,24.29126990740741,27.088754874528938,-2.7974849671215267,-0.29640076500092527,7.7705370048319065,0.06333591249302901,0.49215405176187743,0.49215405176187743,-1.4647597035394788,1.9569137553013563,0.0,0,0.01,0.01,0.1473450034334286,0.28856838371016313,20.85686064384166,0.01,0.08130637595509807,0.1775696948460824,4.677250274367399,0.01,0.07629497676753556,0.1651974983270419,4.4173021727826685,0.01,0.14110604763110535,0.4164094819248484,45.27392878496517,0.01,0.14020425702064113,0.3335220129754758,9.071988879651185,0.01,0.08697894502490681,0.1406805066251571,12.896607036794176
5.86,24.120359973925893,26.921123046921853,-2.800763072995959,-0.28856593044835227,7.6514656773204495,0.06314003896717904,0.48311384102204613,0.48311384102204613,-1.4664761157616129,1.949589956783659,0.0,0,0.01,0.01,0.14727772749135143,0.2884976928054452,20.77807029328992,0.01,0.08123704721064842,0.17749900394136447,4.685822939681892,0.01,0.07622594498233291,0.16512680742232397,4.424869816836635,0.01,0.1411732702252756,0.4164822389737137,45.44440717696996,0.01,0.14027488019169967,0.3335947700243411,9.09953135775989,0.01,0.08701720996971815,0.14071916376695415,12.92943881735949
5.87,23.953298635999978,26.757977744259296,-2.8046791082593168,-0.28074631117464766,7.525599211536082,0.0629492769755737,0.4737310291741439,0.4737310291741439,-1.4685265470307067,1.9422575762048506,0.0,0,0.01,0.01,0.147212228650806,0.28842888486660867,20.702137878878652,0.01,0.08116955302455957,0.17743019600252796,4.694534544140596,0.01,0.07615874239599588,0.16505799948348746,4.432575374347309,0.01,0.14123847251086113,0.41655279365325165,45.60977056610878,0.01,0.14034339851761915,0.333665324703879,9.125857671572815,0.01,0.08705448827456819,0.14075681345920865,12.960561734054888
5.88,23.79008604918516,26.599283020918648,-2.8091969717334875,-0.273036266099236,7.3931846186395145,0.06276359547220171,0.4640228486555944,0.4640228486555944,-1.4708920948141029,1.9349149434696973,0.0,0,0.01,0.01,0.14714849868862914,0.28836194592613296,20.628841003241217,0.01,0.08110388563464366,0.17736325706205228,4.703237908620347,0.01,0.07609336054196446,0.16499106054301177,4.440280285484033,0.01,0.14130168114283628,0.41662118196462306,45.77026083459688,0.01,0.1404098348613828,0.3337337130152504,9.151132148267353,0.01,0.08709078212597808,0.14079346188132597,12.990305509737494
5.89,23.630720822370407,26.444950780237967,-2.81422995786756,-0.265523435505105,7.254906839227375,0.06258290187120769,0.45403312280412034,0.45403312280412034,-1.4735273601915067,1.927560482995627,0.0,0,0.01,0.01,0.14708650828221823,0.28829683991589294,20.55793776728494,0.01,0.08104001547758556,0.17729815105181224,4.711791501394965,0.01,0.0760297692540622,0.16492595453277173,4.44785141484588,0.01,0.14136294281601827,0.41668746152411384,45.92617347560819,0.01,0.14047423304917153,0.3337999925747412,9.175528828951245,0.01,0.08712610570986168,0.14082912733742117,13.019011945605344
5.9,23.475199999999944,26.294845783319513,-2.8196457833195687,-0.2582847292510755,7.111853267997389,0.06240704774166611,0.44382976642763716,0.44382976642763716,-1.4763630797670324,1.9201928461946696,0.0,0,0.01,0.01,0.1470262087769948,0.2882335107755651,20.48917793716171,0.01,0.08097789297572063,0.1772348219114844,4.720066110424945,0.01,0.07596791847886433,0.1648626253924439,4.455167327673688,0.01,0.14142232227304602,0.4167517090637899,46.077842196856395,0.01,0.14053665601616858,0.33386424011441723,9.199223047144269,0.01,0.08716048429488321,0.14086383913710881,13.047017802438063
5.91,23.32351904429629,26.14879279412061,-2.8252737498243192,-0.2513828817130547,6.965458733079309,0.06223583704531728,0.43350115465780603,0.43350115465780603,-1.4793098761380281,1.9128110307958341,0.0,0,0.01,0.01,0.14696753483044298,0.28817188546619815,20.422314410036233,0.01,0.08091745123166315,0.17717319660211744,4.727950926556115,0.01,0.07590774098991912,0.16480100008307694,4.46212400414643,0.01,0.1414798995254993,0.41681401709415605,46.225621636589665,0.01,0.14059718312367103,0.3339265481447834,9.222382829014558,0.01,0.0871939528136332,0.14089763597426774,13.074637635966889
5.92,23.1756718174815,26.006585489348257,-2.8309136718667562,-0.24486373491456337,6.817433827629811,0.06206903648793335,0.42315154900122587,0.42315154900122587,-1.482262932413918,1.905414481415144,0.0,0,0.01,0.01,0.14691040779518966,0.28811187773193747,20.357114382374885,0.01,0.08085860949023246,0.17711318886785676,4.735358718924933,0.01,0.07584915586228043,0.16474099234881623,4.4686396924070655,0.01,0.14153576642978474,0.4168744899007937,46.36986914671472,0.01,0.14065590678412654,0.3339870209514211,9.24516058201628,0.01,0.08722655401468715,0.14093056388820618,13.102147548443053
5.93,23.031650563999957,25.867996680148714,-2.836346116148758,-0.2387543730209271,6.669680304910103,0.06190638745617651,0.41289581316459434,0.41289581316459434,-1.48510735358848,1.8980031667530743,0.0,0,0.01,0.01,0.1468547396692716,0.2880533924182956,20.293369643570777,0.01,0.08080127719160926,0.17705470355421485,4.742229825915078,0.01,0.07579207253062452,0.16468250703517434,4.474658641092048,0.01,0.14159002278618718,0.4169332390753166,46.51092666425648,0.01,0.14071292855861375,0.33404577012594394,9.267685545062806,0.01,0.08725833627823959,0.1409626739112032,13.129770809486521
5.94,22.8914458927407,25.732789334678706,-2.8413434419380095,-0.2330621873153131,6.524197849927361,0.061747618940866285,0.40285368273213384,0.40285368273213384,-1.487723947252998,1.8905776299851318,0.0,0,0.01,0.01,0.14680043741627105,0.2879963301307948,20.230905471461522,0.01,0.08074535841318184,0.17699764126671408,4.748534746979944,0.01,0.07573639522812763,0.16462544474767354,4.48015351109164,0.01,0.1416427721487158,0.4169903787995254,46.649103684772655,0.01,0.1407683549121863,0.3341029098501528,9.290057443489003,0.01,0.08728935120309453,0.14099401952047513,13.157666213539276
5.95,22.755046759259272,25.600727858945195,-2.845681099685921,-0.22777490346629425,6.382986903830334,0.061592460807678946,0.3931438707100978,0.3931438707100978,-1.489995139538769,1.8831390102488668,0.0,0,0.01,0.01,0.1467474074425679,0.287940592004357,20.16958769153866,0.01,0.08069075648132254,0.17694190314027627,4.754275198632598,0.01,0.07568202758747268,0.16456970662123577,4.485126340025201,0.01,0.14169411754428718,0.417046021109559,46.78466226895675,0.01,0.14082229282567174,0.33415855216018636,9.312341725277033,0.01,0.08731965108268763,0.1410246540205638,13.185919880270959
5.96,22.62244044800001,25.471589088906246,-2.8491486409062365,-0.2228615549766924,6.247952330969924,0.061440656768826166,0.3838782946751105,0.3838782946751105,-1.4918107398760627,1.8756890345511732,0.0,0,0.01,0.01,0.14669556001419215,0.2878860843519333,20.109327570908345,0.01,0.08063737852903206,0.1768873954878526,4.759483586194643,0.01,0.07562887718046529,0.1645151989688121,4.489608016188082,0.01,0.14174415730183956,0.4171002713638917,46.9178048655023,0.01,0.14087484546735898,0.3342128024145191,9.334566655992601,0.01,0.08734928639207387,0.14105462798369464,13.214540982001736
5.97,22.49361255451852,25.345172469343474,-2.8515599148249513,-0.21827434074368138,6.120812588080052,0.06129197643379182,0.3751567009042589,0.3751567009042589,-1.493073279947534,1.8682299808517928,0.0,0,0.01,0.01,0.14664481340172358,0.2878327229703851,20.050084343700203,0.01,0.08058513978109916,0.17683403410630438,4.7642209344290425,0.01,0.07557685977884399,0.16446183758726388,4.493656304832629,0.01,0.14179298118491285,0.4171532241254631,47.04866553470852,0.01,0.1409261081240626,0.3342657551760904,9.356722427350517,0.01,0.08737830340624729,0.14108398687088475,13.243461620139234
5.98,22.368546967703693,25.221308942645962,-2.852761974942267,-0.21395126298594622,6.003018699298117,0.06114622587162968,0.36706193729889924,0.36706193729889924,-1.4937026771531559,1.860764614452055,0.0,0,0.01,0.01,0.14659509755788028,0.287780436901769,19.991865296110937,0.01,0.08053396736466727,0.17678174803768829,4.7685734074742,0.01,0.07552590313545526,0.16440955151864778,4.497352551466997,0.01,0.14184066700517273,0.4172049596448507,47.177304930136025,0.01,0.1409761645781341,0.3343174906954781,9.378762300581672,0.01,0.08740674206283232,0.14111276894590633,13.27254079805327
5.99,22.247225851999968,25.099868140366016,-2.8526422883660487,-0.2098194063479041,5.895686789078925,0.06100325619809352,0.359656091657897,0.359656091657897,-1.4936400094083924,1.8532961010662894,0.0,0,0.01,0.01,0.1465463571578437,0.2877291714776729,19.934723468602627,0.01,0.08048380346888337,0.1767304826135922,4.772647624819223,0.01,0.07547595011101557,0.1643582860945517,4.500797258189459,0.01,0.14188727786985167,0.41725554109948615,47.30370916224518,0.01,0.14102508409526213,0.3343680721501135,9.400605674445174,0.01,0.08743463416943746,0.14114100357832543,13.301572178763186
6.0,22.129629629629623,24.98076355821609,-2.8511339285864685,-0.20579869124832256,5.799547213773256,0.06086296980328455,0.35297766694460475,0.35297766694460475,-1.4928502340746426,1.8458279010192473,0.0,0,0.01,0.01,0.14649855386554164,0.28767889051139234,19.87875315086338,0.01,0.080434607711171,0.17668020164731163,4.776565039868519,0.01,0.07542696100572088,0.16430800512827112,4.504104784730784,0.01,0.1419328601841617,0.4173050127051671,47.42779244967166,0.01,0.14107291915802028,0.33441754375579447,9.422142851868488,0.01,0.08746200203840834,0.14116871001167405,13.330295097438096
6.01,22.015736962814838,24.863955496375507,-2.848218533560668,-0.20180591547642296,5.714912501788066,0.06072532395404923,0.34703991304012627,0.34703991304012627,-1.4913237368087477,1.838363649848874,0.0,0,0.01,0.01,0.1464516677282518,0.2876295775455526,19.82408344677224,0.01,0.08038635860780845,0.17663088868147186,4.780455687909128,0.01,0.0753789149951706,0.16425869216243136,4.507397463130436,0.01,0.1419774424919196,0.4173533987725505,47.549403275875434,0.01,0.14111970404329224,0.3344659298231779,9.443241188754241,0.01,0.0874888576102256,0.14119589664945295,13.358408137609247
6.0200000000000005,21.90552473599997,24.74945165644541,-2.8439269204454423,-0.1977588881441345,5.641665402874269,0.060590331634060246,0.34183037772855607,0.34183037772855607,-1.4890766534362743,1.8309070311648303,0.0,0,0.01,0.01,0.14640569764498237,0.28758123610909536,19.77087026750541,0.01,0.0803390540908405,0.17658254724501463,4.784451629576098,0.01,0.07533181061437916,0.16421035072597412,4.51079943251475,0.01,0.1420210351958631,0.41740070373513516,47.66833362055353,0.01,0.14116545429969624,0.33451323478576256,9.463752249557668,0.01,0.08751520210245545,0.14122256088628626,13.385584484030831
6.03,21.7989680380741,24.637305398861567,-2.838337360787467,-0.19358045943409943,5.579267399419483,0.060458059617203734,0.33731168105442433,0.33731168105442433,-1.4861499668432248,1.823461647897649,0.0,0,0.01,0.01,0.14636066089899544,0.28753388898514565,19.719287169520033,0.01,0.08029271105970236,0.17653520012106494,4.78868041570969,0.01,0.07528566527986215,0.16416300360202443,4.514430499766887,0.01,0.14206363115567458,0.41744691312876825,47.784330728335895,0.01,0.1412101671362018,0.33455944417939565,9.483519567745862,0.01,0.08754102619522723,0.14124868948537428,13.411488232490068
6.04,21.696040144592637,24.52761177485227,-2.8315716302596337,-0.18920225782089067,5.526787085190591,0.06032862390050104,0.3334234594406096,0.3334234594406096,-1.4826074386228232,1.8160308980634328,0.0,0,0.01,0.01,0.14631659178940834,0.2874875765379424,19.669515490653797,0.01,0.0802473640020573,0.17648888767386167,4.7932588820317825,0.01,0.07524051388568373,0.16411669115482116,4.5184003151566,0.01,0.14210520711895944,0.41749199545817683,47.89711080800323,0.01,0.14125382268784673,0.3346045265088042,9.502386611817233,0.01,0.08756631073801398,0.14127425947760847,13.435790857471103
6.05,21.59671249999997,24.420501550193585,-2.823789050193616,-0.18456796295988498,5.482946906365058,0.06020218274553557,0.3300853716410581,0.3300853716410581,-1.4785324892292606,1.8086178608703187,0.0,0,0.01,0.01,0.1462735394389859,0.2874423541906847,19.621734253018356,0.01,0.08020306276208777,0.176443665326604,4.798287551324349,0.01,0.07519640655280675,0.1640714688075635,4.522803122889143,0.01,0.1421457259006881,0.4175359048455357,48.006374016926294,0.01,0.1412963860814785,0.3346484358961631,9.520204582914308,0.01,0.08759102793736966,0.14129923953346465,13.458187097793493
6.0600000000000005,21.500954699851835,24.316133529580604,-2.8151788297287683,-0.17963596634500748,5.446185920510989,0.060078927686926596,0.32720101008793745,0.32720101008793745,-1.4740241883362348,1.8012251984241723,0.0,0,0.01,0.01,0.14623156489311528,0.28739828918489996,19.576110297828695,0.01,0.08015986957383905,0.17639960032081925,4.803845880340821,0.01,0.07515340565012002,0.16402740380177872,4.527713308503921,0.01,0.14218513919201498,0.41757858432146083,48.11182006942204,0.01,0.14133781018626662,0.3346911153720882,9.536839710059123,0.01,0.087615142962484,0.141323591737124,13.478409602789958
6.07,21.408734473037114,24.21468556648959,-2.8059510934524745,-0.17438130202321037,5.414735494474626,0.05995907295810921,0.3246625205620677,0.3246625205620677,-1.4691925569204234,1.793855077482491,0.0,0,0.01,0.01,0.14619073765688215,0.28735545678412633,19.532789096630943,0.01,0.08011785551044368,0.17635676792004562,4.809988542387893,0.01,0.07511158223840424,0.1639845714010051,4.533181921565795,0.01,0.14222339085165636,0.4176199695915504,48.213163807886815,0.01,0.14137803890248304,0.33473250064217774,9.552179756372649,0.01,0.08763861588606216,0.14134727367410488,13.496241772829062
6.08,21.320017663999984,24.11634470073194,-2.796327036731956,-0.16879676481182884,5.3867042628473625,0.05984284385462504,0.32235570209261777,0.32235570209261777,-1.4641534126052713,1.786509114697889,0.0,0,0.01,0.01,0.1461511318417776,0.2873139361089519,19.491886647260138,0.01,0.08007709652571675,0.17631524724487116,4.8167428869511,0.01,0.07507101211381513,0.16394305072583065,4.539234305665027,0.01,0.14226042051338517,0.41765999309277263,48.31015008781214,0.01,0.1414170108192989,0.3347725241434,9.566139498196037,0.01,0.0876614038630217,0.1413702407298072,13.511528319415541
6.09,21.234768214962966,24.021296902076276,-2.786528687113313,-0.16289317210890233,5.360168233001592,0.05973046460027067,0.32016533889279697,0.32016533889279697,-1.459023008742066,1.7791883476348629,0.0,0,0.01,0.01,0.14611282210982773,0.2872738058057307,19.45348281266684,0.01,0.08003766928161704,0.17627511694164996,4.824107667012689,0.01,0.07503177164414349,0.16390292042260945,4.545868920168606,0.01,0.14229616733237602,0.41769858814425687,48.402567351586285,0.01,0.14145466305902904,0.33481111919488427,9.578664985489793,0.01,0.08768346343948398,0.14139244848736948,13.52418315676527
6.1000000000000005,21.15294814814808,23.929716911813138,-2.776768763665058,-0.1566987658775561,5.3332616745740635,0.059622146299791554,0.3179805078165261,0.3179805078165261,-1.4539127247746264,1.7718932325911525,0.0,0,0.01,0.01,0.14607587961020954,0.28723513975696924,19.417616397592,0.01,0.07999964696274238,0.17623645089288853,4.832053073829783,0.01,0.07499393359848606,0.16386425437384802,4.553057390474822,0.01,0.14233057369128185,0.4177356929966073,48.49025930356864,0.01,0.14149093512163807,0.33484822404723463,9.589736435380042,0.01,0.08770475287990584,0.14141385510951882,13.534194319686842
6.11,21.074517547999953,23.84175866440498,-2.767241116405025,-0.15025779196519545,5.304264388622228,0.05951807555247846,0.3156996086323387,0.3156996086323387,-1.4489240603349407,1.7646236689672794,0.0,0,0.01,0.01,0.146040368101443,0.28719800303720067,19.384282182926377,0.01,0.07996309527710867,0.17619931417311996,4.840522068262007,0.01,0.07495756316878278,0.16382711765407945,4.5607457759369305,0.01,0.14236358869369867,0.4177712545924813,48.573134154376255,0.01,0.141525772549054,0.3348837856431087,9.599369652481728,0.01,0.08772523440106675,0.1414344235908472,13.541625687626627
6.12,20.999434543407382,23.75754673887487,-2.7581121954674885,-0.143628332758913,5.271681123618474,0.05941840426438533,0.3132348801560916,0.3132348801560916,-1.444144168509513,1.7573790486656047,0.0,0,0.01,0.01,0.1460063404411905,0.28716244830435794,19.353430051890978,0.01,0.07992806883113072,0.1761637594402772,4.849432947526973,0.01,0.0749227143701238,0.1637915629212367,4.568856997455974,0.01,0.1423951712873315,0.4178052318682503,48.651170980411784,0.01,0.14155913024306216,0.33491776291887765,9.607615912359963,0.01,0.08774487620784077,0.14145412377409144,13.546615386545856
6.13,20.92765528992592,23.67716923586111,-2.749513945935192,-0.1368795044560676,5.234309290966008,0.05932324113457898,0.3105161922409436,0.3105161922409436,-1.4396421355821136,1.7501583278230572,0.0,0,0.01,0.01,0.14597383560612653,0.28712851279386936,19.32496624800464,0.01,0.07989460804659071,0.17612982392978865,4.8586830366382525,0.01,0.07488942698642156,0.16375762741074815,4.577294320061775,0.01,0.14242529288061426,0.4178375984511058,48.724422848952344,0.01,0.14159097529201675,0.3349501295017332,9.61456029124748,0.01,0.08776365423682203,0.1414729340362384,13.549370848402218
6.140000000000001,20.859133952000004,23.600672403842275,-2.7415384518422705,-0.13008816020273178,5.191291718219645,0.05923264520575486,0.30749394050487777,0.30749394050487777,-1.4354661766402688,1.7429601171451465,0.0,0,0.01,0.01,0.14594287637721604,0.28709621605201696,19.29875670511493,0.01,0.07986273675945889,0.17609752718793625,4.868153345487464,0.01,0.07485772419999301,0.16372533066889575,4.5859457403798976,0.01,0.14245393934343867,0.4178683446367314,48.7930164914786,0.01,0.1416212891888059,0.3349808756873588,9.620318478256852,0.01,0.08778155352930402,0.14149084256703454,13.550160634185172
6.15,20.793822685185095,23.528057250403947,-2.7342345652188507,-0.12333526347114963,5.142151937587578,0.059146621765807685,0.3041409157148076,0.3041409157148076,-1.4316418705471374,1.735782786261945,0.0,0,0.01,0.01,0.14591346779238545,0.28706555850800847,19.274632288650118,0.01,0.07983246060610485,0.17606686964392776,4.877713987120029,0.01,0.07482761100918657,0.16369467312488725,4.5946890861676115,0.01,0.1424811123135408,0.4178974785681266,48.85714846626135,0.01,0.14165006935380786,0.33501000961875393,9.625032167010795,0.01,0.0877985691740011,0.14150784818295575,13.549303272579325
6.16,20.731671618370378,23.45927827586701,-2.727606657496631,-0.11670211104535781,5.0868104020639375,0.05906512076964736,0.3004530707302049,0.3004530707302049,-1.4281715061790046,1.7286245769092095,0.0,0,0.01,0.01,0.14588559643059712,0.2870365209425379,19.252395689981043,0.01,0.07980376626338732,0.1760378320784572,4.887230112266545,0.01,0.07479907349911093,0.16366563555941668,4.603397597068363,0.01,0.14250682976345813,0.4179250265746839,48.917077929999266,0.01,0.1416773299103356,0.3350375576253113,9.628863190726127,0.01,0.08781470678127139,0.14152396064288644,13.547153528175288
6.17,20.672628835999944,23.39424436203593,-2.721615526035986,-0.11026659098580784,5.025581002929848,0.058988037825621745,0.29644916229655194,0.29644916229655194,-1.4250345570817624,1.7214837193783143,0.0,0,0.01,0.01,0.14585923055060457,0.28700906486642513,19.231829627988912,0.01,0.07977662156725356,0.17601037600234445,4.896568082713718,0.01,0.07477207898868636,0.16363817948330395,4.611945725343878,0.01,0.14253112581730362,0.41795103267041933,48.97311632783155,0.01,0.14170310169471934,0.33506356372104673,9.631986635399743,0.01,0.08782998247339252,0.1415392004564705,13.544086678360681
6.18,20.61664036029624,23.332821743527823,-2.7161813832315826,-0.10409965754468263,4.95914827460277,0.05891521766474262,0.292169300029955,0.292169300029955,-1.4221892465629504,1.7143585465929054,0.0,0,0.01,0.01,0.14583432106616742,0.2869831337784655,19.21270594016847,0.01,0.07975097649186397,0.17598444491438484,4.905601585017247,0.01,0.0747465770347087,0.16361224839534433,4.620214875731116,0.01,0.14255404984047307,0.4179755572495312,49.025614497608004,0.01,0.14172743151729847,0.33508808830015857,9.634583234446103,0.01,0.08784442239856002,0.14155359820109198,13.540481534040719
6.19,20.563650133481435,23.274838888466405,-2.711188754984972,-0.09826219232694616,4.888526656856734,0.05884645989003425,0.28767248783408306,0.28767248783408306,-1.4195751125260077,1.7072476003600907,0.0,0,0.01,0.01,0.14581080329929197,0.2869586552291353,19.19479509504372,0.01,0.07972676492998043,0.1759599663650546,4.91421737933039,0.01,0.07472250123248049,0.16358776984601409,4.6280987975489944,0.01,0.1425756648574891,0.41799867505444677,49.07494785259664,0.01,0.14175038072293009,0.33511120610507417,9.636831408194311,0.01,0.0878580617986417,0.14156719338739687,13.536703066517573
6.2,20.5135999999999,23.22009302439707,-2.706493024397167,-0.09280239970916562,4.8150040833614085,0.05878152669398743,0.2830332910577671,0.2830332910577671,-1.4171164337396935,1.7001497247974606,0.0,0,0.01,0.01,0.14578859941612402,0.286935543578457,19.177875633628343,0.01,0.07970390717743524,0.1759368547143763,4.922320388611851,0.01,0.074699771714847,0.16356465819533583,4.635508352453646,0.01,0.14259604538229695,0.41802047252452745,49.12150044006132,0.01,0.14177202312910228,0.33513300357515485,9.638899355487027,0.01,0.08787094368132997,0.14158003293495655,13.533085583583995
6.21,20.466429688740817,23.16835796869278,-2.7019282799519653,-0.08775385583330551,4.740072928087242,0.05872015213989816,0.2783378034914954,0.2783378034914954,-1.4147263391372666,1.693064142628762,0.0,0,0.01,0.01,0.1457676214182845,0.2869137033040498,19.161743052220512,0.01,0.07968231299178807,0.1759150144399691,4.929837862177546,0.01,0.07467829821902583,0.1635428179209286,4.642375408600874,0.01,0.1426152747704067,0.41804104466114583,49.165648756831644,0.01,0.1417924424454524,0.3351535757117732,9.640937625087805,0.01,0.0878831171652823,0.14159216933796218,13.529917415070026
6.22,20.422076795259265,23.119392864254067,-2.6973160689948013,-0.08313429603316852,4.665351926693296,0.05866205253239263,0.2736791198057813,0.2736791198057813,-1.4123113911272944,1.6859905109330757,0.0,0,0.01,0.01,0.1457477745372599,0.2868930326907663,19.146217672963232,0.01,0.07966188506935486,0.1758943438266856,4.9367223941690455,0.01,0.0746579835650038,0.16352214730764508,4.648655656214733,0.01,0.14263344222239785,0.41806049156565417,49.20774622625805,0.01,0.14181172929965222,0.3351730226162815,9.643072586144484,0.01,0.08789463558135863,0.14160365861483815,13.527428013594852
6.23,20.38047676400005,23.07295138369275,-2.6924746196927,-0.07894518731252133,4.592503070709403,0.05860693735698913,0.26915253977684617,0.26915253977684617,-1.409776414200593,1.6789289539774392,0.0,0,0.01,0.01,0.14572896086214315,0.2868734277174955,19.131151109864195,0.01,0.07964252276687123,0.17587473885341484,4.942953639740703,0.01,0.07463872737169719,0.16350254233437433,4.654330198286858,0.01,0.14265063958268265,0.41807891481988946,49.24810919910014,0.01,0.14182997801055475,0.33519144587051686,9.645401176757156,0.01,0.08790555442354867,0.14161455814469082,13.525778245966183
6.24,20.34156287051851,23.028790949968247,-2.6872280794497385,-0.07517209265541579,4.523147634419624,0.05855452024996058,0.2648507397531852,0.2648507397531852,-1.4070293321532512,1.6718800719064364,0.0,0,0.01,0.01,0.14571108302233476,0.28685478595032915,19.116431022078537,0.01,0.07962412588492693,0.17585609708624844,4.948538645320219,0.01,0.07462042982830139,0.16348390056720793,4.65940583947424,0.01,0.14266695808543028,0.41809641388372354,49.28700523613836,0.01,0.14184728325959783,0.3352089449343509,9.647987238719805,0.01,0.0879159292491787,0.1416249244972199,13.52505445447453
6.25,20.30526620370372,22.9866815288944,-2.681415325190679,-0.07178579472146193,4.4587854389375385,0.05850452946833776,0.2608591441053165,0.2608591441053165,-1.4039857811403538,1.6648449252456703,0.0,0,0.01,0.01,0.14569404774706482,0.2868370102544705,19.101983946597247,0.01,0.07960659833029375,0.1758383213903898,4.953510788886421,0.01,0.07460299533859252,0.1634661248713493,4.66391407100924,0.01,0.1426824852007387,0.4181130826805992,49.32464427255708,0.01,0.1418637368152188,0.3352256137312266,9.650859649316335,0.01,0.08792581362924695,0.1416348113610384,13.52526662027752
6.26,20.271515647999916,22.94641357810115,-2.6748979301012357,-0.06874410994227612,4.4007211982962815,0.05845671736444726,0.2572517152885374,0.2572517152885374,-1.400573281051431,1.6578249963399685,0.0,0,0.01,0.01,0.1456777691326042,0.2868200121495989,19.08777611153519,0.01,0.07958985148320838,0.1758213232855182,4.9579274053611755,0.01,0.07458633586519937,0.1634491267664777,4.667908823623353,0.01,0.14269730172830267,0.418129006530259,49.361173069220754,0.01,0.1418794244620743,0.3352415375808864,9.65401234607262,0.01,0.08793525724619583,0.14164426766852836,13.52635068896591
6.2700000000000005,20.24023786562962,22.907804785847347,-2.6675669202177263,-0.06599429200673289,4.350001352883128,0.0584108684273808,0.25408735668218485,0.25408735668218485,-1.3967347732525264,1.6508221299347112,0.0,0,0.01,0.01,0.14566217146516053,0.28680371465402343,19.07381224103215,0.01,0.07957380711294015,0.1758050257899427,4.961866245005063,0.01,0.07457037381839515,0.1634328292709022,4.6714631285568196,0.01,0.1427114792730462,0.4181442595686394,49.39667314282021,0.01,0.14189442327700108,0.3352567906192667,9.657406218279677,0.01,0.08794430422824834,0.14165333600388483,13.52817484667627
6.28,20.21135727881477,22.8707052985326,-2.659348019717828,-0.06347589764785697,4.307364207524399,0.058366805531619124,0.2514070890544333,0.2514070890544333,-1.3924313670140154,1.6438384560684487,0.0,0,0.01,0.01,0.14564719147165456,0.28678805449059347,19.0601324661226,0.01,0.07955839970953243,0.17578936562651276,4.965420973524476,0.01,0.07455504435870723,0.16341716910747228,4.674664883396957,0.01,0.14272507821791827,0.4181589027692463,49.431162156413045,0.01,0.1419087993770167,0.3352714338198736,9.66097272176428,0.01,0.08795299179699803,0.14166205136561025,13.530549291843489
6.29,20.18479605200003,22.83500121413475,-2.6502051621347165,-0.061123968548314825,4.273205491272619,0.05832439412622892,0.24923212125534988,0.24923212125534988,-1.3876441779780286,1.6368762992333785,0.0,0,0.01,0.01,0.14563277990046875,0.286772983560426,19.046807546959403,0.01,0.07954357813007401,0.1757742946963453,4.968695967919801,0.01,0.07454029701321399,0.1634020981773048,4.677611961589874,0.01,0.1427381462841106,0.4181729826496051,49.46459856095749,0.01,0.14192260624174238,0.33528551370023246,9.664618971586004,0.01,0.08796134928885087,0.1416704403362823,13.533238853253076
6.3,20.16047407407406,22.800616205932403,-2.6401421318583447,-0.05887237165065853,4.247560680943817,0.058283544201649336,0.24756289069697668,0.2475628906969767,-1.3823751876465118,1.6299380783434885,0.0,0,0.01,0.01,0.14561890236823394,0.28675846962728707,19.033932686115556,0.01,0.07952930649259748,0.17575978076320634,4.971800689530952,0.01,0.07452609654015184,0.16338758424416583,4.680406929770339,0.01,0.1427507177395595,0.4181865307122152,49.496889120655204,0.01,0.1419358836843599,0.3352990617628425,9.6682339897024,0.01,0.0879693975919902,0.14167852069192727,13.535977673526235
6.3100000000000005,20.138308940592626,22.767511232369824,-2.629202291777196,-0.056657136372998365,4.230104618392356,0.05824420997987293,0.2463791016304746,0.24637910163047463,-1.3766471007747811,1.6230262024052557,0.0,0,0.01,0.01,0.14560553944501506,0.28674449619408937,19.02162026825133,0.01,0.07951556428792414,0.1757458073300087,4.974843925298513,0.01,0.07451242301360245,0.16337361081096818,4.683151645636145,0.01,0.14276281328426776,0.4181995636335707,49.52789883632509,0.01,0.14194865751296257,0.3353120946841981,9.671695735810424,0.01,0.08797714901974812,0.14168630146180478,13.538485111811644
6.32,20.118215935999935,22.73568238039823,-2.617466444398294,-0.054419631008826144,4.220168137734551,0.05820638738262824,0.24564074144480208,0.24564074144480208,-1.3705022254565797,1.6161429669013818,0.0,0,0.01,0.01,0.14559268598707065,0.2867310615915797,19.009991897572412,0.01,0.0795023457176296,0.17573237272749895,4.97792818123798,0.01,0.07449927113773232,0.16336017620845844,4.685942002258177,0.01,0.14277444060748853,0.4182120841790344,49.55746270315115,0.01,0.14196093988966169,0.3353246152296617,9.67487853049628,0.01,0.08798460761970618,0.14169378342788838,13.54048201693571
6.33,20.100108015851852,22.705156976887565,-2.6050489610357115,-0.05210943145388587,4.216770636677557,0.05817010943603203,0.24529000940217993,0.24529000940217996,-1.364000446371919,1.609290455774099,0.0,0,0.01,0.01,0.1455803497619415,0.28671817733611443,18.99917012170759,0.01,0.07948965830297887,0.17571948847203375,4.981144491055153,0.01,0.07448664883651349,0.16334729195299325,4.68886306479128,0.01,0.1427855955790052,0.41822408278738366,49.58539869711034,0.01,0.14197273036004174,0.335336613838011,9.677660487490288,0.01,0.0879917698966483,0.1417009600327679,13.541706568995052
6.34,20.083895789036905,22.67598818189548,-2.5920923928585746,-0.049686752634449084,4.218666805914071,0.05813543986455812,0.24525405040382497,0.24525405040382495,-1.3572164031384144,1.6024704535422394,0.0,0,0.01,0.01,0.1455685494433394,0.28670586584684427,18.989270230897507,0.01,0.07947752084347563,0.17570717698276359,4.9845678709023,0.01,0.07447457519838932,0.16333498046372308,4.69198481553812,0.01,0.14279626400641526,0.4182355397382852,49.611521372165285,0.01,0.14198401749257594,0.33534807078891254,9.679930600670785,0.01,0.08799862590773383,0.1417078186460249,13.541928971542296
6.3500000000000005,20.069487500000047,22.648248345321417,-2.5787608453213666,-0.04712433570158194,4.2244051001367815,0.05810246520805931,0.24544835035544565,0.24544835035544565,-1.3502360211711018,1.5956843715265474,0.0,0,0.01,0.01,0.1455573120817141,0.2866941576412001,18.98039250577079,0.01,0.07946596083308193,0.17569546877711942,4.988253611646051,0.01,0.07446307788447057,0.1633232722580789,4.695358686212777,0.01,0.14280642386409845,0.4182464277901516,49.63565545964607,0.01,0.14199478103833957,0.33535895884077893,9.681595174767192,0.01,0.08800516067094497,0.14171434212310569,13.540964379577309
6.36,20.056789010962905,22.622021461944712,-2.565232450981806,-0.044408711138347094,4.2323950180080825,0.058071285859623845,0.24578062096159514,0.24578062096159517,-1.3431525704590968,1.588933191420692,0.0,0,0.01,0.01,0.14554667017926862,0.2866830881501272,18.972615258345453,0.01,0.079455011465919,0.17568439928604654,4.99223455567575,0.01,0.07445219013230493,0.16331220276700603,4.699015014760005,0.01,0.14281604787870977,0.4182567151558952,49.65764888669332,0.01,0.1420049944974342,0.33536924620652253,9.682583339773673,0.01,0.0880113558138127,0.1417205105780301,13.538683561419857
6.37,20.04570378414808,22.597395096875722,-2.5516913127276393,-0.041540788207434315,4.240979878269616,0.05804200646663374,0.24615498151938864,0.24615498151938864,-1.336062447049008,1.5822174285683965,0.0,0,0.01,0.01,0.14553665851463374,0.2866726943101096,18.96598896980733,0.01,0.0794447083803786,0.1756740054460289,4.996519458334393,0.01,0.07444194750409093,0.16330180892698842,4.702961520136702,0.01,0.14282510634152154,0.4182663686707929,49.677384667360975,0.01,0.14201462796117353,0.3353788997214203,9.682851442527985,0.01,0.08801719137926559,0.14172630328242047,13.535020903805773
6.38,20.03613286399999,22.57445217258176,-2.5383193085817743,-0.038535753339033,4.248511552038165,0.05801472616073514,0.246476234282214,0.246476234282214,-1.3290608820509375,1.5755371163331515,0.0,0,0.01,0.01,0.14552731087177226,0.28666301109707515,18.960531777283798,0.01,0.07943508630038763,0.17566432223299444,5.001092486388741,0.01,0.07443238453774859,0.16329212571395393,4.707182843873055,0.01,0.14283357001023575,0.4182753570004791,49.69479116771152,0.01,0.14202365108899026,0.3353878880511064,9.682386161618448,0.01,0.08802264769957396,0.14173170059869192,13.529979478248409
6.390000000000001,20.027974859407376,22.553263009200293,-2.525288149792916,-0.035422292735940115,4.253423550011114,0.05798952908364556,0.24665402865843244,0.24665402865843242,-1.3222377832644643,1.5688918119228967,0.0,0,0.01,0.01,0.1455186568296433,0.2866540681674689,18.956226501014893,0.01,0.0794261757347466,0.1756553793033882,5.005913858322236,0.01,0.07442353146119426,0.1632831827843477,4.711641162621869,0.01,0.14284141296210393,0.41828365373808846,49.709850305170995,0.01,0.14203203607641293,0.3353961847887158,9.681206242168518,0.01,0.08802770724794104,0.14173668585497284,13.523632991563769
6.4,20.02112592592601,22.533877991945168,-2.512752066019156,-0.032241186212633326,4.254298973169999,0.05796647565488211,0.24660671785684873,0.2466067178568487,-1.3156739051497257,1.5622806230065744,0.0,0,0.01,0.01,0.14551071876373586,0.2866458867641971,18.95301933460683,0.01,0.07941799989002028,0.17564719790011643,5.010921584646662,0.01,0.0744154111245146,0.16327500138107592,4.716277832149896,0.01,0.14284861526603598,0.4182912402475894,49.72260331591768,0.01,0.14203976047505554,0.33540377129821675,9.679362795871242,0.01,0.0880323563802609,0.1417412470734251,13.516124548946355
6.41,20.015479747999958,22.516321203998906,-2.500841455998948,-0.029043348643658387,4.249930114881104,0.057945594985671756,0.24626472915430986,0.24626472915430989,-1.309437524326516,1.5557022534808258,0.0,0,0.01,0.01,0.14550350919811372,0.28663847703017514,18.95082024614422,0.01,0.07941057193975157,0.17563978816609443,5.016034221162681,0.01,0.0744080362918573,0.16326759164705393,4.721015980808651,0.01,0.14285516535326032,0.41829810812484347,49.733153813849164,0.01,0.14204680973669986,0.33541063917547087,9.676938160258926,0.01,0.08803658688664318,0.14174537847189236,13.50766226810814
6.42,20.01092752118515,22.500585312128752,-2.489657790943604,-0.025887420983741232,4.239366940245921,0.05792687878254558,0.24557329486235657,0.2455732948623566,-1.3035817709968367,1.5491550658591933,0.0,0,0.01,0.01,0.1454970286277575,0.28663183585061164,18.949505059035623,0.01,0.0794038927734828,0.17563314698653096,5.021154505250803,0.01,0.07440140741543952,0.16326095046749045,4.725763930197681,0.01,0.14286106198315962,0.4183042611681366,49.74166797356395,0.01,0.14205317937026662,0.33541679221876397,9.674043361392965,0.01,0.08804039728302838,0.14174908167081904,13.498511901224333
6.43,20.00735793437038,22.48662792789054,-2.4792699935201634,-0.022837033373280587,4.221952244989731,0.05791027700741888,0.24449442401944932,0.24449442401944932,-1.29814273298476,1.5426371570042092,0.0,0,0.01,0.01,0.14549126390669584,0.2866259453179954,18.94891910176831,0.01,0.07939794932418849,0.17562725645391472,5.026173705775795,0.01,0.07439551098910785,0.1632550599348742,4.730419283636065,0.01,0.14286631572213138,0.41830971677480977,49.7483717961486,0.01,0.1420588766216123,0.33542224782543717,9.670814277130638,0.01,0.0880437937869772,0.14175236655256412,13.488986748506033
6.44,20.004657152000043,22.474369592882987,-2.469712440882945,-0.0199578773006479,4.197341982532668,0.05789569547212798,0.24300803321308928,0.24300803321308928,-1.293138410126196,1.5361464433392853,0.0,0,0.01,0.01,0.14548618726887502,0.2866207718823611,18.948882238856445,0.01,0.07939271354349008,0.1756220830182804,5.030976482769609,0.01,0.07439031854961009,0.16324988649923988,4.734873490711719,0.01,0.14287094987757856,0.41831450670898074,49.753545557799235,0.01,0.14206392161041273,0.33542703775960814,9.667406653780823,0.01,0.08804679093776688,0.14175525173782805,13.479435280513114
6.45,20.00270879629623,22.463693455802485,-2.4609846595062574,-0.01731473137825377,4.165510007474047,0.057882995448903296,0.24111219680498142,0.24111219680498142,-1.288568554483673,1.5296807512886543,0.0,0,0.01,0.01,0.1454817560173465,0.28661626621537406,18.94919502545337,0.01,0.0793881420618855,0.17561757735129338,5.035446025859525,0.01,0.07438578636160803,0.16324538083225287,4.739016670697366,0.01,0.14287500085525306,0.4183186772158386,49.75751569048525,0.01,0.14206834788464445,0.33543120826646594,9.663990185771121,0.01,0.08804941183846238,0.14175776466301954,13.47022701788104
6.46,20.001393929481548,22.454446626088753,-2.4530526966072053,-0.014968585576196455,4.126737274966658,0.05787199527901313,0.23882252009459792,0.23882252009459792,-1.284415388421638,1.523237908516236,0.0,0,0.01,0.01,0.1454779128846799,0.28661236378178884,18.94964567012948,0.01,0.07938417653776732,0.17561367491770813,5.03946922257108,0.01,0.07438185578905765,0.16324147839866762,4.742742460951521,0.01,0.14287851793499065,0.41832228848917885,49.76064449143715,0.01,0.14207220238015889,0.3354348195398062,9.660741922544338,0.01,0.0880516880158034,0.14175994126206426,13.461737337981207
6.47,20.00059103599998,22.446443107938006,-2.4458520719380257,-0.012974001716518472,4.081586313856986,0.057862473864883315,0.23617068141281528,0.2361706814128153,-1.2806451501613125,1.5168158315741278,0.0,0,0.01,0.01,0.14547458703516578,0.28660898607767865,18.950017447895455,0.01,0.0793807446658657,0.17561029721359794,5.042941601636173,0.01,0.07437845432255445,0.16323810069455744,4.745952650949167,0.01,0.1428815624862751,0.4183254135292772,49.76331819258291,0.01,0.14207554479946785,0.3354379445799046,9.65783931468844,0.01,0.08805365891171606,0.14176182527535633,13.45433197262343
6.48,20.000176004740702,22.43946814348329,-2.439292138742586,-0.011376834056453225,4.030862513549813,0.05785417584133276,0.23320222865114748,0.23320222865114745,-1.2772103771721737,1.5104126058233212,0.0,0,0.01,0.01,0.14547169564893614,0.2866060424632173,18.950096182949576,0.01,0.07937776178456146,0.1756073535991366,5.045771803737233,0.01,0.0743754972012063,0.16323515708009606,4.748561369708259,0.01,0.14288420667001336,0.41832813645644434,49.76593402925409,0.01,0.14207844644914708,0.3354406675070717,9.65545324673115,0.01,0.08805537103722626,0.1417634672263236,13.448352017128046
6.49,20.00002211125917,22.43328372874586,-2.433261617486688,-0.010212413686663903,3.9755643904196982,0.057846818143679,0.22997375031109435,0.22997375031109435,-1.274052803626366,1.5040265539374604,0.0,0,0.01,0.01,0.14546914600110813,0.28660343249029935,18.949677419267918,0.01,0.07937513299378215,0.17560474362621864,5.0478853539090185,0.01,0.07437288954006985,0.16323254710717813,4.7504986150558475,0.01,0.1428865316954292,0.4183305503703516,49.768887018092265,0.01,0.14208098859836005,0.33544308142097895,9.65374142165156,0.01,0.08805687683478111,0.14176492312150582,13.444100276579896
6.5,20.0,22.427635013724604,-2.4276350137246037,-0.009504275413804622,3.916825496905204,0.05784009762818643,0.22654956913356683,0.22654956913356683,-1.2711067207857618,1.4976562899193286,0.0,0,0.01,0.01,0.14546683792674645,0.2866010486032503,18.948572918495227,0.01,0.07937275567225012,0.1756023597391696,5.049227545606653,0.01,0.0743705288514851,0.16323016322012912,4.751712947073546,0.01,0.14288862572024064,0.41833275486530475,49.77255717749924,0.01,0.14208326044116382,0.3354452859159321,9.652842457187944,0.01,0.08805823330784203,0.14176625294237324,13.44182972116934
6.51,20.00002211125926,22.42225726113249,-2.42223514987323,-0.009263477247853147,3.8562533628660858,0.057833699356532486,0.22302139763061457,0.22302139763061457,-1.2682793586847851,1.4913007563153997,0.0,0,0.01,0.01,0.1454646665459016,0.2865987790753194,18.94661616660683,0.01,0.07937052226576055,0.1756000902112387,5.049765294637431,0.01,0.07436830783182474,0.1632278936921982,4.752173213504506,0.01,0.14289058149750744,0.4183348533261476,49.777297895874135,0.01,0.14208535676180986,0.335447384376775,9.652871023982406,0.01,0.08805950048655739,0.14176751900578236,13.44173470960937
6.5200000000000005,20.00017600474074,22.416883957724664,-2.416707952983925,-0.009485270814583923,3.7970648919927728,0.0578273062501402,0.2195740343609216,0.2195740343609216,-1.2653853251610543,1.4849593595219759,0.0,0,0.01,0.01,0.1454625253403297,0.2865965114316586,18.943672267592934,0.01,0.07936832342906701,0.17559782256757792,5.049491966354174,0.01,0.07436611750822976,0.1632256260485374,4.751873223849334,0.01,0.14289249372658216,0.4183369497712633,49.78341909566597,0.01,0.14208737530222565,0.33544948082189063,9.653910908100256,0.01,0.08806073970339924,0.14176878405343646,13.443935280479455
6.53,20.000591036,22.41125942528267,-2.410668389282668,-0.01013678071848352,3.7427726992505344,0.0578206140964897,0.21640941589424223,0.21640941589424223,-1.2622230170019284,1.4786324328961706,0.0,0,0.01,0.01,0.14546031058165335,0.28659413777133047,18.939665687886297,0.01,0.07936605251297722,0.17559544890724976,5.0484447101607115,0.01,0.07436385177025652,0.16322325238820926,4.750848495566986,0.01,0.14289445536031978,0.4183391439363579,49.791146618156134,0.01,0.14208941325545565,0.33545167498698525,9.65599623810415,0.01,0.0880620111946196,0.1417701082823943,13.448428590922026
6.54,20.001393929481484,22.405155252660887,-2.4037613231794044,-0.011155955323860975,3.6966345678726986,0.057813351100827,0.2137148321638782,0.2137148321638782,-1.2586064856472827,1.472321317811161,0.0,0,0.01,0.01,0.14545792766045185,0.2865915617019261,18.93459687866686,0.01,0.07936361201241134,0.17559287283784544,5.046712114381909,0.01,0.07436141384628331,0.16322067631880494,4.749182990069228,0.01,0.14289655221047284,0.4183415248655315,49.80058851933157,0.01,0.14209156214195245,0.33545405591615884,9.659094328816138,0.01,0.08806337060106816,0.1417715454761945,13.455057362442506
6.55,20.002708796296297,22.39838596718619,-2.395677170889892,-0.012455223316188448,3.6615096655500152,0.057805296533168266,0.21165465197618039,0.21165465197618039,-1.2543736334067441,1.4660282853829245,0.0,0,0.01,0.01,0.14545529750021993,0.28658870495316,18.928544918559446,0.01,0.07936092015904192,0.17559001608907931,5.04443049392069,0.01,0.07435872286492186,0.1632178195700388,4.747005370972526,0.01,0.14289885721615025,0.41834416479978837,49.811722391485034,0.01,0.1420939020147828,0.3354566958504157,9.66310139193305,0.01,0.08806486525249356,0.14177313931498248,13.463511858024996
6.5600000000000005,20.004657152,22.39082227434051,-2.386165122340512,-0.013926302869624974,3.6397363426607683,0.05779629648373136,0.2103632807830338,0.2103632807830338,-1.249393136432857,1.4597564172158908,0.0,0,0.01,0.01,0.14545236213041063,0.28658551296414514,18.921664321297413,0.01,0.07935791667690725,0.17558682410006446,5.041776116172479,0.01,0.07435571955597305,0.16321462758102395,4.7444816624443655,0.01,0.1429014253163987,0.41834711401792607,49.82439420141363,0.01,0.1420964959788908,0.3354596450685534,9.667846712534333,0.01,0.08806653084301183,0.1417749202577331,13.473347153956565
6.57,20.007357934370372,22.382401287658148,-2.3750433532877766,-0.015445885585229647,3.6330366679503014,0.05778627604048198,0.209939659759369,0.209939659759369,-1.2435697917743576,1.4535094515337266,0.0,0,0.01,0.01,0.1454490891153283,0.2865819592003159,18.91417824122038,0.01,0.07935456737328267,0.17558327033623522,5.038955612067371,0.01,0.0743523707812187,0.16321107381719469,4.7418062412899245,0.01,0.14290428929021398,0.4183503968585455,49.83832418324882,0.01,0.14209938554066234,0.33546292790917287,9.673101478655697,0.01,0.08806838873034457,0.14177690313229824,13.484007536518032
6.58,20.010927521185184,22.37313333140622,-2.362205810221036,-0.016881905805940126,3.642451432523775,0.05777524739324286,0.21044353263193294,0.21044353263193294,-1.2368480699429218,1.4472916025748548,0.0,0,0.01,0.01,0.14544547465114088,0.28657804802377035,18.90636861001426,0.01,0.07935086736789143,0.17557935915968964,5.03619521543584,0.01,0.07434867270263275,0.16320716264064913,4.739191741061629,0.01,0.1429074567671182,0.4183540090884631,49.8531185498905,0.01,0.14210258707898435,0.33546654013909044,9.678590617600104,0.01,0.08807044398789389,0.14177908553128313,13.494855472340246
6.59,20.015479748,22.363105068540822,-2.3476253205408217,-0.018100091149102212,3.668307888346581,0.05776331357014548,0.2118936188264018,0.2118936188264018,-1.2292137433987382,1.44110736222514,0.0,0,0.01,0.01,0.14544154521211167,0.2865738160125598,18.89856379743759,0.01,0.07934684283504509,0.17557512714847912,5.0337294305460105,0.01,0.07434465246582096,0.1632029306294386,4.736858428189436,0.01,0.14291090853863755,0.41835791671467487,49.868285951446424,0.01,0.1421060896210418,0.3354704477653022,9.68400652538457,0.01,0.08807268429255964,0.14178144707195492,13.505203133526955
6.6000000000000005,20.021125925925926,22.35247888158953,-2.3313529556636037,-0.018970487023631633,3.7102210051679094,0.057750667719458824,0.21426774043520846,0.21426774043520846,-1.220693553072938,1.4349612935081464,0.0,0,0.01,0.01,0.1454373576978322,0.28656933169843035,18.89112445526322,0.01,0.07934255120594068,0.17557064283434967,5.031789706954593,0.01,0.07434036834880456,0.16319844631530916,4.735023591321637,0.01,0.14291459823172417,0.41836205626618306,49.883257561098496,0.01,0.14210985402336274,0.33547458731681046,9.689023727745523,0.01,0.0880750796880079,0.1417839495374356,13.514344622250656
6.61,20.027974859407408,22.341488607404965,-2.313513747997558,-0.01937365739506539,3.7671275730286276,0.05773758805480629,0.2175048599614291,0.2175048599614291,-1.2113529657813527,1.4288578257427818,0.0,0,0.01,0.01,0.1454329981040402,0.2865646937657202,18.88442823525358,0.01,0.07933807985135666,0.17556600490163946,5.030593650518417,0.01,0.07433590839884874,0.16319380838259895,4.733891437610732,0.01,0.14291845333430328,0.4183663365017467,49.89740968647522,0.01,0.14211381357938863,0.3354788675523741,9.693313618397903,0.01,0.08807758321923133,0.14178653787592596,13.521587287116313
6.62,20.036132864,22.33043189119792,-2.2942990271979204,-0.01920628527005418,3.8373510853513855,0.057724428776469924,0.22150889941667562,0.22150889941667562,-1.2012921614971994,1.422801060913875,0.0,0,0.01,0.01,0.14542857880750426,0.2865600278235812,18.878854073447137,0.01,0.07933354333525905,0.1755613389595005,5.0303352271330315,0.01,0.07433138764977684,0.16318914244045998,4.733643921990511,0.01,0.14292237749419934,0.418370641433284,49.91008788237142,0.01,0.14211787599728024,0.33548317248391135,9.696558554485728,0.01,0.08808013239151943,0.14178914199624099,13.526280844729497
6.63,20.04570378414815,22.31965957453935,-2.273955790391201,-0.018385928081804552,3.9186940453058097,0.057711607458562235,0.22615413249289418,0.22615413249289418,-1.1906404676134947,1.416794600106389,0.0,0,0.01,0.01,0.14542423461762904,0.2865554819267301,18.87476671224899,0.01,0.07932907939437092,0.1755567930626494,5.03117633204794,0.01,0.07432694407615835,0.1631845965436089,4.734432857405898,0.01,0.142926253949871,0.4183748344952335,49.92063164093848,0.01,0.14212192661933826,0.3354873655458609,9.698464745997102,0.01,0.08808265136760116,0.14179167926291872,13.527843352947203
6.640000000000001,20.056789010962962,22.30956266049284,-2.2527736495298787,-0.01685472405075738,4.008553180344846,0.05769958954479135,0.23129187317436561,0.2312918731743656,-1.1795495245939558,1.4108413977683214,0.0,0,0.01,0.01,0.14542011780140318,0.28655122107415504,18.87250209482736,0.01,0.07932484385492419,0.17555253221007433,5.033240011538134,0.01,0.07432273349632523,0.16318033569103382,4.7363735738064445,0.01,0.14292994989822808,0.4183787636402402,49.92839882733675,0.01,0.14212583269178264,0.3354912946908675,9.698773532735872,0.01,0.08808505378269643,0.14179405756390343,13.525783376902982
6.65,20.0694875,22.300557501857245,-2.2310700018572454,-0.014581894249951627,4.10405206323963,0.05768887071864119,0.23675812889880365,0.23675812889880365,-1.168185521246548,1.4049436501453516,0.0,0,0.01,0.01,0.14541639233200845,0.2865474209585646,18.87235421728921,0.01,0.07932100474337701,0.17554873209448393,5.036605541452629,0.01,0.07431892368115786,0.16317653557544343,4.739540317293557,0.01,0.1429333215639549,0.41838226710306914,49.93278909257281,0.01,0.14212944844443162,0.33549479815369654,9.697270777841034,0.01,0.08808724603004936,0.14179617879940787,13.519717912354409
6.66,20.08389578903704,22.293069931676193,-2.209174142639153,-0.01156493993275159,4.20218486221049,0.057679958002213136,0.24238184636983684,0.24238184636983684,-1.156720876169282,1.3991027225391188,0.0,0,0.01,0.01,0.14541322764317413,0.2865442612701765,18.874563964488683,0.01,0.07931773588106397,0.1755455724060958,5.041305492129642,0.01,0.07431568795824668,0.16317337588705527,4.743963510985594,0.01,0.14293621970779574,0.41838517954906695,49.9332655277726,0.01,0.14213262070644608,0.33549771059969435,9.693794208282622,0.01,0.08808913085027932,0.14179794262299472,13.50938577513735
6.67,20.100108015851852,22.287519095696737,-2.187411079844885,-0.007829493845208011,4.2999644189757165,0.05767335048795866,0.247993355021338,0.247993355021338,-1.1453257631369347,1.3933191181582727,0.0,0,0.01,0.01,0.14541079219002082,0.28654191887544544,18.879310384165805,0.01,0.079315210272295,0.17554323001136474,5.047324841369901,0.01,0.07431319862013078,0.16317103349232423,4.749628936039353,0.01,0.1429384952987352,0.4183873383115411,49.929373833103796,0.01,0.14213519476768707,0.33549986936216847,9.688238597992129,0.01,0.08809061104720037,0.14179925025594,13.494656241132073
6.68,20.118215936,22.284301752457736,-2.166085816457736,-0.0034278456102607015,4.394567620728341,0.057669520616563566,0.25343260800447576,0.25343260800447576,-1.1341598813381122,1.387592489342588,0.0,0,0.01,0.01,0.14540924712199624,0.28654056119374777,18.886704769689704,0.01,0.07931359360060238,0.17554187232966706,5.054602134898696,0.01,0.07431162045012145,0.16316967581062652,4.7564788330079715,0.01,0.14294000507657853,0.4183885894242517,49.92075827825347,0.01,0.14213702019496774,0.33550112047487907,9.680558724794823,0.01,0.08809159315081079,0.14180000819405178,13.475532752641683
6.69,20.138308940592594,22.283777777592842,-2.1454688370002466,0.0015637775992016793,4.483471121881777,0.05766889688133916,0.2585568337982622,0.2585568337982622,-1.1233648561376353,1.3819216899358975,-0.0,0,0.01,0.01,0.14540873944677044,0.2865403400826486,18.896819760296633,0.01,0.07931303781325916,0.1755416512185679,5.063040701205177,0.01,0.07431110368661238,0.1631694546995274,4.764440781775312,0.01,0.14294061674604583,0.4183887931703295,49.90717374981761,0.01,0.14213795632711132,0.3355013242209569,9.670770050270347,0.01,0.08809199085474206,0.14180013163254096,13.45215152783392
6.7,20.160474074074074,22.286255792178977,-2.1257817181049026,0.0070398944042095405,4.5645869870527385,0.05767184667811715,0.26324816086623426,0.26324816086623426,-1.113056704788975,1.3763048656552093,-0.0,0,0.01,0.01,0.14540921065251228,0.2865413857756409,18.916146431617374,0.01,0.07931348132643881,0.17554269691156021,5.07732105513199,0.01,0.07431158883808903,0.16317050039251968,4.77842180415631,0.01,0.14294005537109894,0.4183878295782283,49.89378222446833,0.01,0.14213776183876572,0.33550036062885563,9.660496619680696,0.01,0.08809162519234844,0.14179954786220814,13.433570525902008
6.71,20.184796052,22.291977416002982,-2.107181364002983,0.01287737431381906,4.63641165494034,0.057678657521878375,0.2674219999757492,0.2674219999757492,-1.1033175821555152,1.3707395821312645,-0.0,0,0.01,0.01,0.14541082673121208,0.28654380023938464,18.942403670496418,0.01,0.07931507082305585,0.17554511137530393,5.096282877755068,0.01,0.07431324809358789,0.16317291485626342,4.796504520175028,0.01,0.14293828545085613,0.4183856044603399,49.87863031614135,0.01,0.14213614823692508,0.3354981355109673,9.652332571762365,0.01,0.08809047347909466,0.14179819998866422,13.416868944661312
6.72,20.211357278814813,22.301113434025616,-2.0897561552108006,0.018951063651232725,4.698065983948602,0.05768953245422708,0.2710292300531032,0.2710292300531032,-1.0941937641673838,1.365222994220487,-0.0,0,0.01,0.01,0.14541376035592476,0.2865476555575742,18.97205231073737,0.01,0.07931800132664936,0.1755489666934935,5.116837356048775,0.01,0.07431625719742405,0.163176770174453,4.815905729695743,0.01,0.14293531335302553,0.4183820508400451,49.85927900777171,0.01,0.14213326170178267,0.33549458189067244,9.643431069643794,0.01,0.08808854004709012,0.1417960478426575,13.398257865383933
6.73,20.24023786562963,22.31376369070002,-2.0735258250703894,0.025138552052467834,4.749300578841009,0.05770458990157682,0.27405644222134184,0.27405644222134184,-1.0856955831783082,1.35975202539965,-0.0,0,0.01,0.01,0.1454180811935085,0.28655299388708777,19.004113709936863,0.01,0.07932235255881002,0.17555430502300706,5.138027870535719,0.01,0.07432068690468775,0.16318210850396656,4.835840657795559,0.01,0.14293109821943015,0.4183771289580289,49.835768866915245,0.01,0.14212908274023497,0.3354896600086563,9.633523057650292,0.01,0.08808579890306859,0.14179306800890476,13.377959951819845
6.74,20.271515648,22.32995957304375,-2.058443925043748,0.031322892351253094,4.790476536645434,0.0577238666295053,0.27652482869309547,0.27652482869309547,-1.077798718790663,1.3543235474837585,-0.0,0,0.01,0.01,0.14542381892702702,0.2865598285056407,19.038012998489048,0.01,0.07932815845480522,0.17556113964156,5.159333271164521,0.01,0.0743265672044511,0.1631889431225195,4.855858299373561,0.01,0.14292562251810156,0.41837082530395087,49.80823842832607,0.01,0.14212359102362943,0.3354833563545782,9.622701132456058,0.01,0.08808223949269534,0.14178925324142133,13.356259634000985
6.75,20.305266203703702,22.349668107886703,-2.0444019041829997,0.037396272124063136,4.822530419265744,0.05774732263299176,0.27848822002875595,0.27848822002875595,-1.0704463338610493,1.3489345538898052,-0.0,0,0.01,0.01,0.14543097432480948,0.28656814553970833,19.073252655807597,0.01,0.07933542171983184,0.17556945667562762,5.18034896772948,0.01,0.07433389848466315,0.16319726015658712,4.875591525927004,0.01,0.1429188916477256,0.4183631510520607,49.77688507866491,0.01,0.14211678839093997,0.3354756821026881,9.611091331731,0.01,0.0880778664234696,0.14178461149498206,13.3334440667536
6.76,20.34156287051852,22.372798404576415,-2.0312355340578954,0.04326426688868646,4.846916769170422,0.057774848831158715,0.2800298836360293,0.2800298836360293,-1.0635524385844708,1.3435823222205001,-0.0,0,0.01,0.01,0.14543952289283482,0.2865779066814492,19.109378130891663,0.01,0.0793441185242488,0.17557921781736854,5.2007364926103605,0.01,0.07434265524894577,0.16320702129832804,4.894728949727291,0.01,0.14291093188557993,0.4183541396122135,49.74195161831586,0.01,0.14210869870329584,0.33546667066284086,9.598822317418646,0.01,0.08807269809573244,0.14177916440091978,13.309789834954847
6.7700000000000005,20.380476764,22.3992104150308,-2.0187336510307987,0.04884961779852756,4.865528522313016,0.05780627752955009,0.28125809208876795,0.28125809208876795,-1.0570064679388098,1.3382645600275778,-0.0,0,0.01,0.01,0.1454494182176586,0.2865890528830147,19.145987837738478,0.01,0.07935420216002169,0.175590364018934,5.220222606800776,0.01,0.07435278956541616,0.16321816749989349,4.913019012337938,0.01,0.14290178750566945,0.41834384329945906,49.70371111341789,0.01,0.14209936511729196,0.33545637435008646,9.586017285279077,0.01,0.08806676477889351,0.14177294519476544,13.285550308515253
6.78,20.42207679525926,22.428725626518823,-2.0066488312595605,0.054095194735162215,4.880599018570302,0.05784139518745307,0.28230065658462045,0.28230065658462045,-1.0506788711032633,1.3329795276878837,-0.0,0,0.01,0.01,0.14546059599673133,0.2866015088662489,19.182747253965573,0.01,0.07936560723373326,0.1756028200021682,5.238604882127269,0.01,0.07436423522944108,0.1632306234831277,4.930276182072064,0.01,0.14289151718629206,0.41833232926151953,49.66245073441228,0.01,0.14208884646307507,0.33544486031214693,9.57278795396297,0.01,0.08806010621698207,0.14176599618750893,13.26094429752584
6.79,20.466429688740742,22.461139175340904,-1.9947094866001605,0.05896599772777086,4.894590524350677,0.057879956875819545,0.28329868847421213,0.28329868847421213,-1.0444274448581554,1.3277261333323676,-0.0,0,0.01,0.01,0.1454729787319317,0.286615188232124,19.219400545048753,0.01,0.0793782545118418,0.1756164993680433,5.255755593636195,0.01,0.07437691260174481,0.1632443028490028,4.946384685905978,0.01,0.1428801898726219,0.418319674851802,49.618455338733206,0.01,0.14207721301388312,0.3354322059024294,9.559229311394098,0.01,0.08805276887889044,0.14175836590235286,13.236146549001774
6.8,20.5136,22.496232807865233,-1.9826328078652316,0.06345011997452459,4.910074754627347,0.05792170173800317,0.28439988544882433,0.28439988544882433,-1.0381041106592526,1.322503996108077,-0.0,0,0.01,0.01,0.14548648087828076,0.2866299989281806,19.25577864466159,0.01,0.0793920562323846,0.1756313100640999,5.271622624687236,0.01,0.07439073390321797,0.1632591135450594,4.961299300425052,0.01,0.1428678802852882,0.4183059626599095,49.57199151278232,0.01,0.14206454185216447,0.3354184937105369,9.545415205461234,0.01,0.08804480298526352,0.14175010601333077,13.211280442767833
6.8100000000000005,20.563650133481485,22.53378808609484,-1.970137952613355,0.06755864541488281,4.929611118660994,0.05796636873139512,0.2857516558066884,0.2857516558066884,-1.031561819748092,1.3173134755547804,-0.0,0,0.01,0.01,0.1455010142010366,0.2866458488198196,19.291803649579197,0.01,0.0794069216323333,0.17564715995573887,5.286227421582478,0.01,0.07440560871145123,0.16327496343669837,4.975043384909741,0.01,0.14285466427938387,0.41829127542462297,49.52329276520956,0.01,0.14205091204480366,0.33540380647525037,9.531394938204018,0.01,0.08803625945187193,0.1417412682288776,13.18641314127209
6.82,20.616640360296298,22.573599233046387,-1.9569588727500884,0.07132450100598042,4.955628371957557,0.05801371192697033,0.2874943967878667,0.2874943967878667,-1.0246612696681734,1.31215566645604,-0.0,0,0.01,0.01,0.14551649308874523,0.28666265111039574,19.327489559499778,0.01,0.07942276243012956,0.17566396224631503,5.29966027447202,0.01,0.07442144940035168,0.16329176572727452,4.987704431644448,0.01,0.1428406142627413,0.41827569105770657,49.47254652096309,0.01,0.14203639984529437,0.3353882221083339,9.517190995296174,0.01,0.08802718689054888,0.14173190126357574,13.16155335367444
6.83,20.672628836,22.615485038084884,-1.942856202084883,0.07480033027219438,4.990315056800225,0.05806351467481967,0.2897552315324934,0.2897552315324934,-1.0172771285752058,1.3070323601076992,-0.0,0,0.01,0.01,0.14553283957891985,0.2866803293654529,19.362939439858383,0.01,0.07943949801288533,0.17568164050137222,5.312073224184579,0.01,0.0744381762750603,0.16330944398233171,4.999427404029955,0.01,0.1428257948778069,0.418259278000461,49.41988349372026,0.01,0.14202107413723725,0.3353718090510883,9.50279800259371,0.01,0.08801762880372041,0.1417220480350822,13.136651777395352
6.84,20.73167161837037,22.659299293151122,-1.9276276747807504,0.07805549878674271,5.035523577838928,0.05811560200574384,0.2926424841402264,0.2926424841402264,-1.0093034903245968,1.3019459744648232,-0.0,0,0.01,0.01,0.14554998787308837,0.2866988219177723,19.398339126380364,0.01,0.07945706009951858,0.1757001330536916,5.323670884388087,0.01,0.07445572217599,0.16332793653465108,5.0104061219474945,0.01,0.1428102591379661,0.4182420911185938,49.365369912248546,0.01,0.14200499232075464,0.3353546221692212,9.488182954451956,0.01,0.08800762109748131,0.14171174321087912,13.111604175141226
6.8500000000000005,20.793822685185187,22.704939305596604,-1.9111166204114163,0.08117238180768344,5.092692018726182,0.0581698507294226,0.2962411345402238,0.2962411345402238,-1.0006583224729764,1.2968994570132002,-0.0,0,0.01,0.01,0.14556788814724086,0.28671808546138033,19.43394765588799,0.01,0.07947539668199607,0.1757193965972996,5.334699472239364,0.01,0.07447403635636271,0.1633472000782591,5.020872961651173,0.01,0.14279404518699823,0.41822416831500964,49.30900294578636,0.01,0.1419881968215456,0.33533669936563704,9.473286705112262,0.01,0.08799719002154065,0.14170101121152998,13.086256936887645
6.86,20.859133952,22.752352128871127,-1.8932181768711247,0.08424211707781165,5.162786899164548,0.058226196804542926,0.30060944605067086,0.30060944605067086,-0.9912867193501645,1.2918961654008354,-0.0,0,0.01,0.01,0.14558650950057941,0.28673809768291797,19.470084708053008,0.01,0.07949447508495319,0.17573940881883726,5.345434372719621,0.01,0.07449308747546969,0.16336721229979675,5.03108717326278,0.01,0.1427771738202384,0.4182055280054871,49.25070952047858,0.01,0.14197071237209888,0.33531805905611445,9.458026657036337,0.01,0.08798635062292327,0.1416898647543278,13.06041486566802
6.87,20.927655289925926,22.801538264130336,-1.8738829742044092,0.08736002979393302,5.246269043123519,0.05828463969017189,0.30577690089615717,0.30577690089615717,-0.9811628309079273,1.2869397318040845,-0.0,0,0.01,0.01,0.14560584192809015,0.28675885882593055,19.507115476186108,0.01,0.07951428402738005,0.17576016996184982,5.356166623735305,0.01,0.0745128655932061,0.1633879734428093,5.041322182537276,0.01,0.14275964686929285,0.41818616756043353,49.19034855113137,0.01,0.14195254417731912,0.3352986986110609,9.44230052153634,0.01,0.08797510577506547,0.14167830399468795,13.033850820374576
6.88,20.999434543407407,22.852552708448663,-1.8531181650412567,0.09062095038705414,5.343083626228426,0.058345243534028285,0.31174351539497647,0.31174351539497647,-0.9702904022545683,1.2820339176495448,-0.0,0,0.01,0.01,0.1456258972488537,0.2867803921353764,19.545433540774162,0.01,0.07953483461688074,0.17578170327129575,5.367188793165522,0.01,0.07453338309832244,0.16340950675225524,5.051852326821086,0.01,0.1427414465105521,0.4181660627690835,49.12771644012271,0.01,0.14193367703426668,0.33527859381971087,9.425990971476649,0.01,0.08796344581609544,0.1416663162936561,13.00631675467305
6.890000000000001,21.074517548000003,22.905503352518394,-1.8309858045183924,0.09411464808201205,5.45267434301754,0.05840813520477488,0.3184805402545755,0.3184805402545755,-0.9587019253836965,1.277182465638272,-0.0,0,0.01,0.01,0.1456467089701481,0.28680274318334414,19.585442478382173,0.01,0.07955616025531109,0.17580405431926344,5.378780810761911,0.01,0.07455467455132771,0.16343185780022293,5.062939563731653,0.01,0.14272253551343486,0.41814516833313886,49.062555529596416,0.01,0.1419140754300262,0.3352576993837662,9.408970957628231,0.01,0.08795134880100972,0.1416538766099301,12.97755561594482
6.9,21.152948148148152,22.960546855929277,-1.8075987077811244,0.09792159400898875,5.574020532557106,0.05847349932429592,0.3259324858440895,0.3259324858440895,-0.946456470167264,1.2723889560113535,-0.0,0,0.01,0.01,0.14566833111526686,0.28682597812983057,19.627537076822986,0.01,0.07957831548252514,0.17582728926574986,5.3911963980014965,0.01,0.07457679547115054,0.16345509274670936,5.074820766403849,0.01,0.14270285839963462,0.4181234193476737,48.994565045514385,0.01,0.14189368459531504,0.33523595039830106,9.391109423671677,0.01,0.08793878134357973,0.14164094848534942,12.947313519357134
6.91,21.234768214962966,23.01788224490225,-1.7831140299392814,0.1021092474933461,5.705695071719919,0.05854157059456637,0.3340203508321611,0.3340203508321611,-0.9336363228283562,1.2676566736605173,-0.0,0,0.01,0.01,0.14569083608865105,0.28685018102175297,19.672085120625873,0.01,0.07960137383078288,0.1758514921576723,5.404650786746506,0.01,0.0745998201406829,0.16347929563863178,5.087696261587364,0.01,0.14268234344206923,0.418100733680882,48.92341395242815,0.01,0.14187243244680153,0.33521326473150936,9.372277133414192,0.01,0.08792569999659634,0.14162748556539523,12.915351595235958
6.92,21.320017663999998,23.077742579787277,-1.757724915787278,0.10672902938092822,5.845939933772404,0.058612623835226994,0.3426458783015337,0.3426458783015337,-0.9203426137448417,1.2629884920463754,-0.0,0,0.01,0.01,0.14571431169364185,0.2868754502766257,19.719410735920867,0.01,0.07962542480449594,0.175876761412545,5.419310413903964,0.01,0.07462383854850387,0.16350456489350448,5.101720258587861,0.01,0.1426609053940142,0.4180770151234484,48.84875505409274,0.01,0.14185023231059235,0.33518954617407576,9.352352319800938,0.01,0.08791205309480563,0.14161343357221928,12.88145692653718
6.93,21.408734473037033,23.140385122771,-1.731650649733969,0.11181410883559008,5.992755555067957,0.05868696224652839,0.35169661901294647,0.35169661901294647,-0.9066901599647048,1.2583867789776513,-0.0,0,0.01,0.01,0.145738857454298,0.28690189453245457,19.769780227420657,0.01,0.07965057013695077,0.17590320566837386,5.435285211336674,0.01,0.07464895262084696,0.16353100914933336,5.11699374708751,0.01,0.1426384488070016,0.41805215714506505,48.77023963141983,0.01,0.14182698628503304,0.33516468819569245,9.331225879320517,0.01,0.08789778296478022,0.1415987326282444,12.845452046934161
6.94,21.500954699851857,23.206080496386676,-1.7051257965348194,0.11737808740584894,6.143999586900654,0.05876490448353934,0.3610515488711221,0.3610515488711221,-0.8928017793067056,1.2538533281778277,-0.0,0,0.01,0.01,0.14576458042188206,0.28692962807081973,19.82339119811936,0.01,0.07967691950609046,0.17593093920673905,5.452623974375158,0.01,0.07467527192781684,0.16355874268769854,5.133560307598645,0.01,0.14261487177197105,0.4180260470714042,48.68753190677972,0.01,0.14180258907446727,0.33513857812203157,9.30880586630465,0.01,0.08788282839090106,0.1415833198143036,12.807202556046203
6.95,21.596712500000002,23.2751013583534,-1.6783888583533972,0.12341461895727526,6.297490256631798,0.0588467711687793,0.37058696806962865,0.37058696806962865,-0.8788023512116655,1.2493893192812942,-0.0,0,0.01,0.01,0.14579159066760897,0.28695876603489756,19.880365524147944,0.01,0.07970458591409853,0.17596007717081685,5.471313096004719,0.01,0.07470290906970635,0.16358788065177635,5.151405088619846,0.01,0.14259006990280437,0.4179985704805297,48.600322659556696,0.01,0.14177693210798623,0.3351111015311571,9.285021086465244,0.01,0.0878671272172097,0.14156713183814015,12.766622519503626
6.96,21.696040144592594,23.347711127296474,-1.65167098270388,0.12989795894244202,6.451109435822876,0.05893287148084952,0.3801824032902452,0.3801824032902452,-0.8648129042349906,1.2449953075252358,-0.0,0,0.01,0.01,0.14581999667512735,0.28698941966802427,19.940746484723192,0.01,0.07973368094927422,0.17599073080394356,5.49127871612568,0.01,0.07473197496193067,0.16361853428490306,5.170456978396544,0.01,0.14256394037510972,0.41796961561346196,48.50834138673475,0.01,0.14174990774894955,0.3350821466640893,9.259823643793197,0.01,0.08785061896140245,0.14155010768705745,12.723677450021844
6.97,21.798968038074072,23.424153277759373,-1.6251852396853006,0.13678439381200008,6.602900616327596,0.05902349043702066,0.3897262413844097,0.3897262413844097,-0.8509450016196513,1.240671243004061,-0.0,0,0.01,0.01,0.14584990084834873,0.28702169179164616,20.004500050880168,0.01,0.07976431015260978,0.17602300292756545,5.512392083758019,0.01,0.07476257423978369,0.16365080640852495,5.190593763436634,0.01,0.1425363858357349,0.41793907759895754,48.41136649664236,0.01,0.1417214134020836,0.3350516086495849,9.23319035492806,0.01,0.08783324731963328,0.14153219114241306,12.678384799664462
6.98,21.905524736000004,23.504641683599953,-1.5991169475999514,0.1440144631133805,6.751157320208297,0.05911887744038302,0.399120842194139,0.399120842194139,-0.8372956758018235,1.2364165179959625,-0.0,0,0.01,0.01,0.145881395342416,0.28705567272496474,20.07152005117503,0.01,0.07979656870501683,0.17605698386088403,5.534477696055816,0.01,0.07479480099653596,0.16368478734184352,5.211649850006378,0.01,0.14250731800931488,0.41790686230659946,48.30923313564029,0.01,0.14169135533467034,0.33501939335722686,9.205123005378036,0.01,0.08781496244872412,0.1415133330430641,12.630812025105552
6.99,22.015736962814817,23.589352429325416,-1.5736154665105977,0.15151585441038737,6.894497997542062,0.05921923659054163,0.4082869080894589,0.4082869080894589,-0.8239431315274948,1.2322300396169537,-0.0,0,0.01,0.01,0.14591455840806483,0.28709143682352817,20.141636690224644,0.01,0.0798305376342614,0.17609274795944746,5.557323591048937,0.01,0.07482873505046655,0.16372055144040695,5.233425955882986,0.01,0.14247666084616142,0.4178728896637682,48.201838368802825,0.01,0.14165965204575812,0.3349854207143955,9.175647478722698,0.01,0.08779572292525717,0.14149349319908658,12.58107240626013
7.0,22.12962962962963,23.67841743278601,-1.5487878031563802,0.15920682549608015,7.031924169806212,0.05932471916524559,0.4171669265650563,0.4171669265650563,-0.8109433973942598,1.228110323959316,-0.0,0,0.01,0.01,0.14594945141314355,0.28712903978195464,20.214627720881186,0.01,0.07986628071395435,0.1761303509178739,5.580693052576689,0.01,0.07486443890901157,0.1637581543988334,5.255700076230607,0.01,0.1424443530797548,0.4178370962995332,48.0891435594716,0.01,0.14162623704122676,0.33494962735016054,9.144811839716773,0.01,0.08777549729805856,0.14147264187527378,12.529318899162314
7.01,22.247225852,23.771920133920492,-1.5246942819204923,0.1669999899142074,7.162859419759251,0.059435418573572464,0.42572754779704747,0.42572754779704747,-0.7983280591752973,1.2240556069723447,-0.0,0,0.01,0.01,0.1459861166709272,0.2871685168085844,20.290231474966987,0.01,0.0799038421916936,0.1761698279445037,5.60433694570927,0.01,0.07490195556270239,0.1637976314254632,5.278238997162042,0.01,0.14241035009064662,0.4177994374105093,47.97117391433921,0.01,0.141591060901555,0.3349119684611367,9.112683493478606,0.01,0.08775426517085848,0.1414507607851002,12.475736381246525
7.0200000000000005,22.368546967703708,23.86989340708693,-1.5013464393832223,0.17480629066277198,7.287167769614996,0.05955136796438474,0.43396080926654745,0.43396080926654745,-0.7861031574099209,1.2200639666764683,-0.0,0,0.01,0.01,0.1460245761648494,0.2872098817388955,20.368160940437257,0.01,0.0799432454415842,0.1762111928748148,5.628005935949929,0.01,0.07494130719989722,0.16383899635577429,5.300809668969056,0.01,0.1423746250054011,0.41775988777882395,47.84801527615593,0.01,0.14155409256187684,0.3348724188294513,9.079345574901202,0.01,0.08773201777444371,0.14142784355903282,12.420532701199111
7.03,22.49361255451852,23.97231975307201,-1.478707198553491,0.18253898302081475,7.405150981879569,0.05967254055180138,0.44188417225842036,0.44188417225842036,-0.7742492786309985,1.2161334508894188,-0.0,0,0.01,0.01,0.146064831215496,0.28725312711171247,20.448118121364526,0.01,0.07998449259025744,0.17625443824763176,5.651461940941827,0.01,0.07498249488780635,0.16388224172859125,5.323189843331192,0.01,0.14233716899299512,0.41771844190922147,47.719808353519284,0.01,0.1415153197590105,0.3348309729598488,9.04489274531238,0.01,0.08770875801138196,0.14140389567525014,12.363928975495405
7.04,22.622440448,24.079133725206315,-1.456693277206314,0.19011745049213544,7.517525313663856,0.05979885259736758,0.4495393881287644,0.4495393881287644,-0.7627228163674993,1.2122622044962637,-0.0,0,0.01,0.01,0.14610686309044413,0.2872982251893073,20.52980801230136,0.01,0.08002756511779165,0.17629953632522657,5.674488297990668,0.01,0.07502549921847747,0.16392733980618607,5.345177504920865,0.01,0.1422979907556482,0.4176751132897419,47.58674067469771,0.01,0.14147474863628587,0.33478764434036923,9.00942658822663,0.01,0.08768449998038198,0.14137893386501535,12.306149583282782
7.05,22.75504675925926,24.19022644602583,-1.4351796867665731,0.19747068760679576,7.625379208283663,0.05993016887126838,0.4569902636598987,0.4569902636598987,-0.7514583267545277,1.2084485904144264,-0.0,0,0.01,0.01,0.14615063451309926,0.28734512986106786,20.612951636966343,0.01,0.08007242538822819,0.17634644099698715,5.696898280590664,0.01,0.07507028187271197,0.16397424447794662,5.366598765883514,0.01,0.14225711524521414,0.4176299328171822,47.449036638527375,0.01,0.14143240253294725,0.3347424638678096,8.973050803754244,0.01,0.08765926801057425,0.1413529850281739,12.24741230219053
7.0600000000000005,22.891445892740748,24.305451980334585,-1.414006087593836,0.20454029940777713,7.730114272970966,0.0600663103068883,0.4643194426279803,0.4643194426279803,-0.7403718561526734,1.2046912987806537,-0.0,0,0.01,0.01,0.14619609198524264,0.28739377933207416,20.697297722941812,0.01,0.080119019021074,0.17639509046799345,5.718541741531538,0.01,0.07511678801258254,0.16402289394895295,5.387314022939923,0.01,0.14221458166890563,0.4175829464635248,47.30694610900432,0.01,0.14138832001944887,0.33469547751415213,8.935866402816805,0.01,0.08763309525751894,0.14132608471559877,12.187919003420596
7.07,23.031650564000003,24.424635250829557,-1.3929846868295512,0.2112828894165793,7.833372629032061,0.060207063468527264,0.47162436304875754,0.47162436304875754,-0.7293650764511328,1.2009894394998903,-0.0,0,0.01,0.01,0.14624316880146523,0.2874440994641515,20.782632693224834,0.01,0.08016727797732605,0.1764454106000708,5.739309783969895,0.01,0.07516494937623724,0.1640732140810303,5.4072222883825205,0.01,0.14217044087815106,0.41753421229154,47.160732058961294,0.01,0.1413425522719135,0.3346467433421674,8.897967098582958,0.01,0.08760602193171156,0.14129827525406047,12.127847288450809
7.08,23.175671817481486,24.54758111683455,-1.3719092993530637,0.21767173509390342,7.936954298283562,0.06035219137497631,0.4790125847444504,0.4790125847444504,-0.7183300293731842,1.1973426141176347,-0.0,0,0.01,0.01,0.14629178860359848,0.28749600760912797,20.868788744793427,0.01,0.08021712420274164,0.17649731874504723,5.75913745750265,0.01,0.07521468791853801,0.16412512222600673,5.426263691703678,0.01,0.1421247522606943,0.4174837969556553,47.01065780981274,0.01,0.14129515990721853,0.33459632800628264,8.859435083439736,0.01,0.08757809324598857,0.14126960360416388,12.0673434016625
7.09,23.323519044296294,24.67408418792147,-1.350565143625176,0.22369768144299734,8.042728683161958,0.0605014451651977,0.4865967084028858,0.4865967084028859,-0.7071542555678828,1.1937509639707686,-0.0,0,0.01,0.01,0.14634186930086324,0.2875494167532883,20.955649851360906,0.01,0.08026847364844983,0.17655072788920764,5.77800454285528,0.01,0.07526591981890447,0.16417853137016714,5.444420207725427,0.01,0.14207758027758036,0.41743177184676317,46.85697443607152,0.01,0.14124620942348093,0.3345443028973905,8.820337365563702,0.01,0.087549357179894,0.14124011905307596,12.00651669782878
7.1000000000000005,23.475200000000008,24.803938914489777,-1.3287389144897674,0.22936921833766374,8.152544393264334,0.06065457605907957,0.4944891239762742,0.49448912397627426,-0.695726068716655,1.1902151926929292,-0.0,0,0.01,0.01,0.1463933271675378,0.28760423977935146,21.043155577983576,0.01,0.08032124047524467,0.17660555091527078,5.795934531251557,0.01,0.07531855966423258,0.16423335439623027,5.461714704920612,0.01,0.14202899080242615,0.4173782090558129,46.69990890268818,0.01,0.14119576940808062,0.33449074010644025,8.780722819205197,0.01,0.08751986216624799,0.1412098708502338,11.945435878928814
7.11,23.630720822370378,24.936949488232646,-1.3062286658622682,0.23471174402473233,8.268141664002263,0.060811347057771616,0.502796832252463,0.502796832252463,-0.683939730096883,1.186736562349346,-0.0,0,0.01,0.01,0.14644608092490893,0.2876603936483421,21.13130263589698,0.01,0.08037534124330538,0.1766617047842614,5.8129919303513224,0.01,0.07537252461025044,0.1642895082652209,5.478208431144259,0.01,0.14197904742949657,0.41732317733982616,46.5396534778797,0.01,0.1411439066858826,0.3344357083904535,8.74062007690638,0.01,0.08748965480755122,0.14117890589578255,11.884127143072666
7.12,23.790086049185188,25.072939097499145,-1.2828530483139575,0.2397660544561619,8.391071409139244,0.060971543845032034,0.5116165783291281,0.5116165783291281,-0.6717002853697335,1.1833168636988616,-0.0,0,0.01,0.01,0.14650005561812676,0.2877178033087851,21.220144147123197,0.01,0.08043069889353893,0.17671911444470442,5.829278047185893,0.01,0.07542773832911145,0.16434691792566392,5.493997071766904,0.01,0.1419278079189533,0.4172667382746926,46.37635691308921,0.01,0.14109068258331653,0.3343792693253199,8.700036359813202,0.01,0.08745877772734065,0.1411472665880461,11.822574311299325
7.13,23.953298635999996,25.21175811556256,-1.2584594795625643,0.24458613389807565,8.522624562816665,0.06113498439274029,0.5210305196329819,0.5210305196329819,-0.658927842639031,1.179958362272013,-0.0,0,0.01,0.01,0.1465551861109728,0.28777640515458414,21.30978663782495,0.01,0.080487246339782,0.17677771629050346,5.844925417528202,0.01,0.07548413456399888,0.16440551977146295,5.509205534367994,0.01,0.14187532094187133,0.4172089427713672,46.21011780565366,0.01,0.14103614947905543,0.3343214738219946,8.658957304456917,0.01,0.08742726765429452,0.14111498892798416,11.760720914814916
7.140000000000001,24.120359973925936,25.353290852404974,-1.2329308784790387,0.24923635484053322,8.663774820639885,0.06130152683846327,0.5311026246898582,0.5311026246898582,-0.6455610983689597,1.176663723058818,-0.0,0,0.01,0.01,0.1466114200417634,0.2878361498752133,21.400384843046908,0.01,0.08054492951193883,0.1768374610111326,5.8600910768122,0.01,0.07554166013228367,0.1644652644920921,5.523981640058239,0.01,0.14182162327425274,0.41714982811595847,46.040980460319666,0.01,0.14098034779920748,0.33426235916658587,8.617347801509968,0.01,0.08739515382509215,0.1410821009657348,11.698474141228502
7.15,24.291269907407415,25.49746057048798,-1.2061906630805668,0.25378822285998326,8.81513721215129,0.061471075287737466,0.5418759632398881,0.5418759632398881,-0.631559954327085,1.173435917566973,-0.0,0,0.01,0.01,0.14666872011060564,0.28789700457144074,21.49213448517757,0.01,0.08060370971769358,0.17689831570736,5.874948902404796,0.01,0.07560027724628848,0.1645261191883195,5.538488936122286,0.01,0.14176673756873764,0.4170894156702032,45.86893344729088,0.01,0.14092330359459435,0.3342019467208306,8.575153815801,0.01,0.08736245677631493,0.14104862165753596,11.63571045374132
7.16,24.466026752,25.64423254882464,-1.178205796824636,0.258316823232501,8.976944161914057,0.06164358329451287,0.5533710051751402,0.5533710051751402,-0.6169071126201975,1.1702781177953376,-0.0,0,0.01,0.01,0.14672706560070314,0.2879589540453384,21.58526328190199,0.01,0.08066356522339863,0.17696026518125768,5.889681300298979,0.01,0.07565996505365943,0.16458806866221715,5.552898887266657,0.01,0.14171067080587396,0.41702770933799405,45.693910922921454,0.01,0.14086502681067412,0.33414024038862145,8.53230510942761,0.01,0.08732918757677555,0.14101456018138958,11.572282618005115
7.17,24.64462731214815,25.793615073430306,-1.1489877612821562,0.2628971395483253,9.149039859939235,0.061819054885091054,0.5655849972474694,0.5655849972474694,-0.6016085849847674,1.1671935822322368,-0.0,0,0.01,0.01,0.14678645307285543,0.28802200121306615,21.68002053955357,0.01,0.08072449199159507,0.1770233123489854,5.904470556506592,0.01,0.0757207203362205,0.1646511158299449,5.567382748649731,0.01,0.14165341349490393,0.4169646948674143,45.51579664116311,0.01,0.14080551032822014,0.3340772259180417,8.48871874384408,0.01,0.08729534753048447,0.1409799157377364,11.50802780152324
7.18,24.827066898962958,25.945658331271456,-1.1185914323084998,0.267600419550407,9.330892902397132,0.06199754310835768,0.5784924349558349,0.5784924349558349,-0.5856931043514779,1.1641855393073128,-0.0,0,0.01,0.01,0.1468468962110497,0.2880861666308912,21.776665784639317,0.01,0.08078650355174795,0.1770874777668105,5.919490217810441,0.01,0.07578255734534053,0.16471528124777,5.58210346643539,0.01,0.14159493965863149,0.41690034001799614,45.334430448231146,0.01,0.14074472981656364,0.33401287106862354,8.444303195488017,0.01,0.08726092835803807,0.14094467783822784,11.442776354045373
7.19,25.013339348000006,26.100451284200055,-1.0871119362000494,0.2724907596233788,9.521626318753528,0.062179146212326696,0.5920465950529136,0.5920465950529136,-0.5692104787326419,1.1612570737855554,-0.0,0,0.01,0.01,0.1469084248363789,0.2881514871670025,21.8754569674588,0.01,0.08084963002049046,0.1771527983029218,5.934896898902638,0.01,0.07584550679156524,0.1647806017838813,5.597207982275789,0.01,0.1415352075998515,0.4168345955817182,45.14961692772778,0.01,0.14068264440288172,0.3339471266323456,8.398962885806384,0.01,0.08722591284162283,0.14090882706258123,11.376360840814883
7.2,25.20343703703704,26.258116694094035,-1.0546796570569954,0.27762206703594955,9.7200633088128,0.06236400165817997,0.6061820443084158,0.6061820443084158,-0.5522289770834765,1.1584110213918923,-0.0,0,0.01,0.01,0.14697108314470397,0.28821801389180474,21.976638824784697,0.01,0.08091391632629763,0.177219325027724,5.950822924648283,0.01,0.0759096140448479,0.1648471285086835,5.61282032836771,0.01,0.14147416140996466,0.4167673972057796,44.961135756328424,0.01,0.14061919812261378,0.33387992825640694,8.3526029032255,0.01,0.08719027589718245,0.14087233624160525,11.308624885027509
7.21,25.39735090385185,26.418804555845846,-1.0214536519939947,0.2830355389451926,9.924786307327466,0.06255227828267282,0.6208179949920084,0.6208179949920084,-0.5348318815144665,1.1556498765064749,-0.0,0,0.01,0.01,0.1470349272588428,0.2882858092955445,22.080432003153067,0.01,0.08097941972943667,0.17728712043146377,5.967370199261312,0.01,0.07597493663749914,0.16491492391242327,5.62903588258762,0.01,0.1414117331456591,0.41669866792755017,44.76875324811015,0.01,0.1405543220795714,0.33381119897817757,8.305133683717125,0.01,0.08715398601762323,0.14083517200486675,11.239431385495305
7.22,25.595070463999996,26.582684266839134,-0.9876138028391405,0.2887577705154501,10.134206405762722,0.06274416700322698,0.6358623391683489,0.6358623391683489,-0.5171133779305537,1.1529757170989026,-0.0,0,0.01,0.01,0.1471000222170697,0.28835494397259404,22.18702351408214,0.01,0.08104620675974743,0.1773562551085133,5.984605644584162,0.01,0.0760415411934268,0.1649840585894728,5.645917104853033,0.01,0.14134784556865734,0.4166283212991976,44.572234512768695,0.01,0.14048793721149483,0.333740852349825,8.256475419068686,0.01,0.08711700701417022,0.1407972966150614,11.168669709386835
7.23,25.796583828592603,26.749935916818234,-0.9533520882256339,0.29479957285028313,10.346639716356707,0.06293987052344517,0.6512161641002266,0.6512161641002266,-0.4991739861090233,1.15039015020925,-0.0,0,0.01,0.01,0.14716643854497466,0.2884254929350911,22.296559016589853,0.01,0.0811143497209234,0.1774268040710104,6.0025584672625,0.01,0.0761094999329691,0.1650546075519699,5.663490996697799,0.01,0.14128241531798277,0.4165562649529132,44.37135563198398,0.01,0.14041995752927042,0.3336687960035406,8.206561977918907,0.01,0.08707929996990857,0.14075866999870743,11.096261516920618
7.24,26.001877722074077,26.92074111823477,-0.9188633961606915,0.30115554656808113,10.560386982402633,0.06313959253746691,0.666778531106872,0.666778531106872,-0.48111574917183264,1.1478942802787047,-0.0,0,0.01,0.01,0.14723424857611675,0.28849753173392106,22.40913730657008,0.01,0.08118392292929999,0.17749884286984036,6.021219404704206,0.01,0.07617888692146135,0.16512664635079985,5.681748421436188,0.01,0.14121535636514349,0.41648240443855006,44.16591526907417,0.01,0.1403502936770111,0.3335949354891774,8.155344152557646,0.01,0.08704082531071297,0.14071925187481876,11.022164950716393
7.25,26.2109375,27.095273812953085,-0.8843363129530862,0.30780442063877234,10.77381263302247,0.06334352694808669,0.6824512908534957,0.6824512908534957,-0.46303741067935,1.1454887015328457,-0.0,0,0.01,0.01,0.14730352269755304,0.28857113257167194,22.524807247333317,0.01,0.08125499886675908,0.17757244370759123,6.0405419722634255,0.01,0.07624977424070441,0.16520024718855075,5.70064530185144,0.01,0.14114658359081056,0.4164066471545381,43.955745167024915,0.01,0.14027885664657003,0.3335191782051655,8.102792082469392,0.01,0.0870015448945368,0.1406790038800274,10.946377012416166
7.26,26.42374716681481,27.2736914863691,-0.8499443195542911,0.3147101303573475,10.985419554851646,0.06355184760565305,0.6981437094340928,0.6981437094340928,-0.44502980504535605,1.1431735144794488,-0.0,0,0.01,0.01,0.14737432569869016,0.28864636059009485,22.643567216673173,0.01,0.08132764443058138,0.17764767172601412,6.060445601949083,0.01,0.07632222826513065,0.1652754752069736,5.72010558842959,0.01,0.14107601631734273,0.41632890619040397,43.740719055968476,0.01,0.14020556147425847,0.33344143724103137,8.048896750529176,0.01,0.08696142402050802,0.14063789159024437,10.86893404637289
7.2700000000000005,26.64028939362964,27.456127195302113,-0.815837801672473,0.3218235747157319,11.193916102791276,0.06376469904341364,0.7137766914117074,0.7137766914117074,-0.42717167404251466,1.140948365454222,-0.0,0,0.01,0.01,0.1474467133958447,0.2887232705040789,22.765366989402988,0.01,0.08140191745763588,0.17772458163999824,6.080820440904718,0.01,0.07639630621847679,0.16535238512095773,5.740025777592279,0.01,0.1410035816348474,0.4162491039048992,43.52075957689095,0.01,0.1401303307496338,0.3333616349555266,7.9936704964704495,0.01,0.08692043326434919,0.14059588634519513,10.789910348600863
7.28,26.860545536000004,27.64268277309078,-0.7821372370907733,0.3290849633684711,11.398272284591584,0.06398218863215861,0.7292864073934443,0.7292864073934443,-0.4095260996905653,1.1388125070840096,-0.0,0,0.01,0.01,0.1475207296906525,0.28880190373588516,22.890111836054604,0.01,0.08147786368633636,0.17780321487180442,6.101533478454229,0.01,0.07647205317238695,0.16543101835276391,5.760280667588296,0.01,0.14092921736901456,0.4161671750771251,43.29584292911782,0.01,0.14005309777591377,0.3332797061277525,7.937146541482265,0.01,0.08687855005597162,0.1405529667926272,10.709415011977805
7.29,27.084495651703705,27.833423516532466,-0.7489278648287594,0.3364266380168969,11.597762608807335,0.06420438050562446,0.74462716354977,0.74462716354977,-0.3921377130357867,1.1367648765855567,-0.0,0,0.01,0.01,0.14759640419871267,0.28888228617838246,23.017668509890065,0.01,0.08155551429792209,0.17788359731430176,6.122435603503939,0.01,0.076549499626238,0.16551140079526125,5.780729978811443,0.01,0.14085287455606704,0.4160830694883173,43.0660010587601,0.01,0.13997380923826264,0.3331956005389447,7.879377564718579,0.01,0.08683575992817673,0.14050912008310518,10.627587201462166
7.3,27.312118518518513,28.02837458759293,-0.7162560690744133,0.343776233231641,11.791993754804876,0.06443129152172253,0.7597733872381645,0.7597733872381645,-0.3750308007822134,1.1348041880203779,-0.0,0,0.01,0.01,0.14767375055664322,0.2889644266855369,23.14787272247586,0.01,0.0816348841498874,0.17796573782145622,6.143369163745868,0.01,0.07662865977869113,0.16559354130241571,5.80122543849052,0.01,0.14077451931298432,0.415996753818126,42.831321318637606,0.01,0.13989242725903586,0.33310928486875335,7.820433414822895,0.01,0.08679205738156948,0.1404643426633672,10.54459012131975
7.3100000000000005,27.54339165200001,28.227519281546037,-0.6841276295460275,0.35106002810567866,11.980915973507152,0.06466288942734465,0.7747206448332002,0.7747206448332002,-0.3582083891832666,1.1329290340164668,-0.0,0,0.01,0.01,0.14775276548247887,0.2890483163538462,23.28053767262057,0.01,0.08171597078025303,0.1780496274897655,6.164175603685618,0.01,0.07670953056748026,0.165677430970725,5.821617936220736,0.01,0.1406941340186473,0.4159082127701505,42.59194364305393,0.01,0.13980893074702652,0.33302074382077784,7.760398075798702,0.01,0.08674744632926101,0.14041864063540005,10.460603987830218
7.32,27.77829132325927,28.4307992260258,-0.6525079027665319,0.3582063330592434,12.164817920913741,0.06489909329070168,0.7894856531137805,0.7894856531137805,-0.34165233895676994,1.1311379920705504,-0.0,0,0.01,0.01,0.14783342862771515,0.28913392862134457,23.415463190988632,0.01,0.0817987542236036,0.17813523975726384,6.184702794209983,0.01,0.0767920915164916,0.16576304323822333,5.841764390777709,0.01,0.14061171775257372,0.41581744937591447,42.34805538891639,0.01,0.1397233159796495,0.33292998042654187,7.699366035639328,0.01,0.08670194010485749,0.14037202966884318,10.375818355622783
7.33,28.016792576740745,28.63811648618597,-0.6213239094452281,0.3651487557733333,12.344305423640238,0.06513977615948946,0.8041052921402968,0.8041052921402968,-0.32532443823546975,1.1294297303757665,-0.0,0,0.01,0.01,0.14791570322113484,0.28922122017284807,23.552445084535957,0.01,0.08188319764036857,0.17822253130876736,6.204811723676246,0.01,0.07687630539017055,0.16585033478972683,5.861534022112734,0.01,0.14052728597122455,0.41572448446307575,42.09988409496913,0.01,0.13963559639152714,0.3328370155137031,7.637438227965219,0.01,0.08665556103768388,0.14032453447511067,10.290424162118402
7.34,28.258869248,28.84933746360535,-0.5904682156053531,0.3718291965810682,12.520265437415793,0.06538476980028642,0.8186346734639139,0.8186346734639139,-0.30916843472067523,1.1278031081845892,-0.0,0,0.01,0.01,0.14799953746672342,0.2893101326029149,23.691284302149175,0.01,0.0819692487217102,0.17831144373883417,6.224382289374662,0.01,0.07696211961667017,0.16593924721979364,5.880813786132703,0.01,0.14044086943614945,0.41562935531105527,41.847688500373984,0.01,0.13954580157872742,0.33274188636168267,7.5747177312443945,0.01,0.08660833961926721,0.1402761878718502,10.204605855787639
7.3500000000000005,28.504493981481495,29.064298394515674,-0.5598044130341793,0.37820043646389645,12.693817148622438,0.06563387127899348,0.8331443607717651,0.8331443607717651,-0.2931129052392206,1.1262572660109857,-0.0,0,0.01,0.01,0.14808486662232637,0.2894005947531732,23.831795586608486,0.01,0.0820568417955502,0.1784019058890925,6.243317999445479,0.01,0.07704946840481804,0.16602970937005201,5.899512795280149,0.01,0.14035251244213612,0.4155321135540042,41.591748239821875,0.01,0.13945397556350433,0.3326446446046316,7.511305417514582,0.01,0.08656031330390422,0.14022702948512059,10.118533959526431
7.36,28.753638248296305,29.282812179934098,-0.5291739316377899,0.38422819963395993,12.866252752826727,0.06588685105804881,0.847716878800705,0.847716878800705,-0.2770748226840847,1.1247917014847897,-0.0,0,0.01,0.01,0.1481716156539171,0.2894925256097566,23.97381532157548,0.01,0.08214590052649158,0.1784938367456759,6.261549461774354,0.01,0.07713827544765113,0.1661216402266354,5.917565608798966,0.01,0.14026227042564263,0.415432822425598,41.3323526918127,0.01,0.13936017439832682,0.3325453534762253,7.447295742901528,0.01,0.08651152500282852,0.14017710415316353,10.0323583939862
7.37,29.006272364000004,29.50467621960526,-0.4984038556052541,0.38989259685291683,13.038970896149307,0.06614346221738136,0.8624426788229869,0.8624426788229869,-0.2609636485483824,1.1234063273713693,-0.0,0,0.01,0.01,0.14825970233390195,0.28958583762097856,24.11720832223102,0.01,0.0822363410751915,0.17858714875689782,6.279036593964372,0.01,0.07722845707844077,0.16621495223785732,5.9349343291422505,0.01,0.14017020706272712,0.41533155347107087,41.069789497619354,0.01,0.139264463218783,0.3324440845216982,7.382772865968083,0.01,0.08646202134532951,0.14012646010911825,9.94620284732496
7.38,29.262365506370365,29.72968087608767,-0.4673153697173033,0.3951888842144608,13.213406065883538,0.06640345035575891,0.8774157537263811,0.8774157537263811,-0.24468575540224635,1.1221015091286275,-0.0,0,0.01,0.01,0.14834904063197435,0.28968044027626133,24.261873353705568,0.01,0.08232807556231843,0.17868175141218062,6.2957695355534335,0.01,0.07731992572498762,0.1663095548931401,5.9516094840212865,0.01,0.14007639099011282,0.41522838287771446,40.80433328767858,0.01,0.1391669128811933,0.3323409139283418,7.317807267058545,0.01,0.08641185079053172,0.1400751470298704,9.860160429772174
7.390000000000001,29.5218857331852,29.95761816705124,-0.4357324338660399,0.4001275039363766,13.390957354749743,0.0666665636997374,0.8927291114908908,0.8927291114908908,-0.22814896886072522,1.120878080351616,-0.0,0,0.01,0.01,0.1484395442345157,0.28977624377564404,24.407747194780683,0.01,0.08242101566943016,0.17877755491156333,6.3117682815555245,0.01,0.07741259349536311,0.16640535839252282,5.967609708515364,0.01,0.13998089230170777,0.4151233875944219,40.5362351484055,0.01,0.13906759634116064,0.3322359186450493,7.252453022402026,0.01,0.08636106167995083,0.1400232140439874,9.774290795430378
7.4,29.784800000000008,30.188290274349857,-0.40349027434984697,0.40473340738624863,13.57291999564431,0.06693256294028464,0.9084703218919108,0.9084703218919108,-0.21126701361540157,1.1197373355073124,-0.0,0,0.01,0.01,0.1485311300239191,0.28987316261553536,24.554807099235102,0.01,0.08251507620441093,0.17887447375145463,6.327081087883903,0.01,0.07750637572368908,0.16650227723241412,5.982980271027905,0.01,0.13988377898480678,0.41501664142263467,40.26571333378888,0.01,0.13896658494273129,0.332129172473262,7.186745860835959,0.01,0.08630970032310172,0.13997070779306964,9.688618850166336
7.41,30.051074177925933,30.4215174683214,-0.3704432903954674,0.4090446945538506,13.760422875895793,0.06720123033278257,0.9247173471595636,0.9247173471595636,-0.1939636532796718,1.1186810004392354,-0.0,0,0.01,0.01,0.14862372135262747,0.28997111892099275,24.70307154787712,0.01,0.0826101784625952,0.17897243005691205,6.34178172776431,0.01,0.07760119430809617,0.16660023353787154,5.997790513970355,0.01,0.1397851134645628,0.4149082112643892,39.992945673037156,0.01,0.1388639447934966,0.33202074231501655,7.120702098966808,0.01,0.08625780920624343,0.13991767063777436,9.603135095919184
7.42,30.32067307140741,30.65714507475522,-0.3364720033478118,0.41311063683793964,13.954374904441007,0.0674723776338538,0.9415348531968162,0.9415348531968162,-0.17617632897602098,1.1177111821728372,-0.0,0,0.01,0.01,0.14871725095787763,0.2900700453675437,24.852599234612555,0.01,0.0827062532260967,0.179071356503463,6.355965707100379,0.01,0.07769698068441398,0.1666991599844225,6.012130307879259,0.01,0.13968494942169446,0.4147981537076141,39.71806404839467,0.01,0.13875973339835987,0.3319106847582415,7.054318512870805,0.01,0.08620542540791078,0.13986413909237091,9.51779758965263
7.43,30.59356043599999,30.89504915882063,-0.3014887228206429,0.41698917968304794,14.155422640955834,0.06774585250657127,0.9589711744023734,0.9589711744023734,-0.1578591261255835,1.116830300527957,-0.0,0,0.01,0.01,0.1488116633815342,0.29016988755585565,25.003486291730265,0.01,0.0828032432625123,0.17917119869177497,6.369745578357519,0.01,0.07779367829780205,0.16679900217273447,6.026105648374687,0.01,0.13958332903675547,0.41468651211438734,39.4411512194175,0.01,0.13865399671373754,0.3317990431650147,6.987573162266812,0.01,0.08615257929449908,0.13981014256029534,9.432535422020596
7.44,30.86969899614816,31.135140662808187,-0.26544166666002744,0.4207440467241102,14.363921026991894,0.06802154310131173,0.9770560732413669,0.9770560732413669,-0.13898493165596215,1.116041004897329,-0.0,0,0.01,0.01,0.14890691678405144,0.290270605729455,25.155861832844717,0.01,0.08290110520912501,0.17927191686537428,6.3832455272431385,0.01,0.07789124445948627,0.16689972034633377,6.039833559198724,0.01,0.1394802807950176,0.41457331435501477,39.162240154912794,0.01,0.13854676676501496,0.3316858454056421,6.9204271379139275,0.01,0.08609929355534413,0.1397557024283395,9.347253549464698
7.45,31.149050462962965,31.377367809803786,-0.2283173468408214,0.4244415863127971,14.579918413674392,0.06829938060911167,0.9957993969853429,0.9957993969853429,-0.11954668325370621,1.1153460802390491,-0.0,0,0.01,0.01,0.14900298407130638,0.29037217575788543,25.30988197371347,0.01,0.08299981075875991,0.17937348689380472,6.396595443437384,0.01,0.07798965150579466,0.16700129037476424,6.053436500533224,0.01,0.13937581795993564,0.41445857130052943,38.88131590784572,0.01,0.13843805994394418,0.33157110235115683,6.852827156952296,0.01,0.08604558262013304,0.13970083155955015,9.261838747558627
7.46,31.43157555200001,31.6217166697007,-0.19014111770069295,0.4281475135422702,14.803156389224938,0.0685793396834443,1.015190690403806,1.015190690403806,-0.09955765641897485,1.1147483468227808,-0.0,0,0.01,0.01,0.14909985328637965,0.29047458934358633,25.46572257571911,0.01,0.08309934709711884,0.17947590047950562,6.409924722389944,0.01,0.07808888721035934,0.16710370396046512,6.067036516471767,0.01,0.13926993779148883,0.41434227614997576,38.598319937959694,0.01,0.13832787607055536,0.33145480720060316,6.784708886635776,0.01,0.0859914524829082,0.1396455342054962,9.176166396942124
7.47,31.717234001037028,31.86820987305529,-0.15097587201825943,0.43192370546689896,15.033084204546759,0.06886143672992555,1.0351997768070398,1.0351997768070398,-0.0790507817336461,1.1142505585406859,-0.0,0,0.01,0.01,0.1491975272537272,0.29057785344856785,25.62357103708755,0.01,0.08319971657716073,0.17957916458448714,6.423356075594786,0.01,0.07818895443607643,0.16720696806544663,6.080749384952526,0.01,0.13916262154999012,0.4142244046284721,38.313156659812456,0.01,0.1382161982676338,0.3313369356790995,6.716000837076629,0.01,0.08593690093729026,0.139589806338234,9.090107768461543
7.48,32.00598458785187,32.1169035477409,-0.11091895988902727,0.4358252038707555,15.268886908536647,0.06914572616640532,1.0557782730434861,1.0557782730434861,-0.0580770315885315,1.1138553046320177,-0.0,0,0.01,0.01,0.1492960224989283,0.29068198897475456,25.783617524003702,0.01,0.08330093565225999,0.17968330011067385,6.436999645993666,0.01,0.07828987004954176,0.16731110359163334,6.094679051922357,0.01,0.1390538352880332,0.4141049160496315,38.025701877701216,0.01,0.1381029936567116,0.3312174471002589,6.646628631188908,0.01,0.0858819182078088,0.13953363638210245,9.003537447326941
7.49,32.297785148,32.3678826386584,-0.0700974906583987,0.43989756886939185,15.50952566772345,0.0694322948530824,1.0768619591928243,1.0768619591928243,-0.03670296028125075,1.113564919474075,-0.0,0,0.01,0.01,0.14939536750163548,0.2907870287677739,25.9460460796814,0.01,0.08340303312482344,0.1797883399036932,6.450947728497587,0.01,0.07839166315553905,0.1674161433846527,6.108912634717146,0.01,0.1389435313950394,0.413983755193692,37.73581267104105,0.01,0.1379882148448269,0.3310962862443194,6.5765194373931894,0.01,0.08582648794336065,0.13947700630637688,8.916340526222198
7.5,32.59259259259259,32.62125562694479,-0.028663034352201938,0.4441842053110271,15.753782133163135,0.06972125586710688,1.0983734749809237,1.0983734749809237,-0.015007929691744915,1.1133814046726687,-0.0,0,0.01,0.01,0.14949560046970345,0.2908930153720671,26.111035461591065,0.01,0.08350604788776371,0.17989432650798637,6.46527656665787,0.01,0.07849437283711216,0.16752212998894586,6.1235225908089435,0.01,0.1388316507036387,0.41386085453398214,37.44333133528484,0.01,0.1378718020500141,0.3309733855846095,6.505603113826898,0.01,0.08577023440990536,0.13941989284720857,8.85402442213843
7.51,32.89036292607407,32.87717635581499,0.013186570259080115,0.4488033265167762,16.00009235939811,0.07001277317053844,1.1202108370662052,1.1202108370662052,0.006904472041995291,1.1133063650242099,-0.0,0,0.01,0.01,0.14959677408641153,0.29100001011939586,26.27893736256374,0.01,0.08361003324792106,0.18000132125531512,6.480169175410875,0.01,0.07859805280588532,0.16762912473627462,6.138686946139384,0.01,0.13871811652568908,0.413736123286335,37.147954927210606,0.01,0.13775367871397812,0.3308486543369624,6.433741033478812,0.01,0.08571274815038482,0.13936226262167242,8.8436062719214
7.5200000000000005,33.19105126400001,33.13585106337765,0.05520020062236524,0.45379244061112717,16.246497780855634,0.07030706926812588,1.1422436448430706,1.1422436448430704,0.028902757458650896,1.1133408873844197,-0.0,0,0.01,0.01,0.1496989637707409,0.2911080960039024,26.450047597140074,0.01,0.08371506573775585,0.18010940713982174,6.495754068721534,0.01,0.07870277999683756,0.16773721062078123,6.154524103579592,0.01,0.13860282519399791,0.41360944340478956,36.849382595128766,0.01,0.1376337408039924,0.33072197445541696,6.360800192927859,0.01,0.08565468683353203,0.1393040705978769,8.834151245204714
7.53,33.49461185081483,33.397485935488476,0.09712591532634819,0.4591307235067723,16.49105416469962,0.07060436524475275,1.164340411515453,1.164340411515453,0.05085501034373996,1.113485401171713,-0.0,0,0.01,0.01,0.1498022491512585,0.29121735570916935,26.624473469470914,0.01,0.08382122724391468,0.18021866684508864,6.512008073020872,0.01,0.07880863605608507,0.16784647032604813,6.1710099825665266,0.01,0.13848566676273685,0.4134806948017772,36.54743338966126,0.01,0.13751187442328983,0.3305932258524046,6.286734930670084,0.01,0.08559602861369713,0.13924527193581238,8.823995835931369
7.54,33.80099807762963,33.66226917865321,0.13872889897641436,0.46477679171571523,16.731969450188316,0.07090486038714527,1.1863779578675824,1.1863779578675824,0.07263828164415065,1.1137396762234317,-0.0,0,0.01,0.01,0.14990670380159268,0.2913278641105271,26.802254854812254,0.01,0.08392859390383604,0.18032917524644634,6.528857715402599,0.01,0.07891569663533433,0.16795697872740584,6.188074932382616,0.01,0.13836653604787166,0.41334976419255187,36.241986273710616,0.01,0.13738796905987014,0.33046229524317927,6.211537736973801,0.01,0.08553673200921008,0.13918582601120394,8.813202830986771
7.55,34.11016249999999,33.930360164097486,0.17980233590250297,0.47067150945698233,16.967685293013176,0.07120871996944922,1.208247150559917,1.208247150559917,0.0941442829282646,1.1141028676316524,-0.0,0,0.01,0.01,0.15001239053977306,0.29143968375314677,26.983373859307708,0.01,0.0840372311002031,0.18044099488906606,6.546194777839176,0.01,0.07902402652651047,0.16806879837002556,6.20561662881148,0.01,0.1382453379878213,0.4132165506754305,35.93298416817384,0.01,0.13726192384077274,0.33032908172605785,6.135231128553413,0.01,0.08547676136682546,0.13912569882969766,8.801892859712035
7.5600000000000005,34.422056855703715,34.20188009235563,0.22017676334808647,0.47674089569468464,17.196945541750647,0.07151606485958255,1.2298578727505483,1.2298578727505483,0.11528428370425448,1.1145735890462938,-0.0,0,0.01,0.01,0.15011935754246628,0.2915528609829783,27.16775711244379,0.01,0.08414718942577673,0.18055417211889754,6.563882882736273,0.01,0.07913367567186251,0.16818197559985704,6.2235060961686335,0.01,0.1381219923157243,0.41308097071507677,35.62044004153492,0.01,0.1371336525498097,0.3301935017657041,6.057866472546323,0.01,0.0854160892867318,0.13906486508526075,8.790217777828401
7.57,34.73663208251853,34.47690451602018,0.25972756649835077,0.4828997034006042,17.418849252036313,0.07182696331826943,1.2511430462724773,1.2511430462724773,0.1359930358076622,1.115150010464815,-0.0,0,0.01,0.01,0.15022763518874396,0.29166742287045805,27.355280225195138,0.01,0.08425850139502504,0.1806687340063773,6.58176483397682,0.01,0.07924467591526921,0.1682965374873368,6.241594610899527,0.01,0.13799643755959798,0.41294296233971384,35.3044397266976,0.01,0.137003087920711,0.33005549339034124,5.979522143381847,0.01,0.08535469836103686,0.13900330978937162,8.778352686188674
7.58,35.053838336000005,34.75545806045228,0.29838027554772434,0.48905550787511604,17.632885907550058,0.07214142536013649,1.272061522583325,1.272061522583325,0.1562315469394715,1.1158299756438534,-0.0,0,0.01,0.01,0.15033723377393599,0.29178337506675633,27.54577435634997,0.01,0.08437117903952648,0.18078468620267563,6.599670726368403,0.01,0.07935703863688649,0.16841248968363512,6.259721340827575,0.01,0.13786863418591352,0.4128024883542337,34.98514125258053,0.01,0.13687018506281481,0.3299150194048611,5.900300467824298,0.01,0.0852925824204641,0.1389410293977993,8.766487209449457
7.59,35.373625007259264,35.03751157797383,0.33611342928542925,0.4951131090096113,17.838951396032,0.07245939992314043,1.292599713414547,1.292599713414547,0.17598858003599616,1.116611133378551,-0.0,0,0.01,0.01,0.15044814219827132,0.29190070068772356,27.73903447918227,0.01,0.08448521249783954,0.18090201182364285,6.617426365984144,0.01,0.0794707533799245,0.16852981530460234,6.277721281981344,0.01,0.1377385667361547,0.4126595384154852,34.66277076337714,0.01,0.13673492385986746,0.32977206946611254,5.820323575133001,0.01,0.08522974723733887,0.13887803238581606,8.754816242723006
7.6000000000000005,35.69594074074076,35.32298185544296,0.37295888529779697,0.5009790391907308,18.03734424006598,0.0727807749576088,1.3127718919691636,1.3127718919691636,0.19528081569043287,1.1174910762787307,-0.0,0,0.01,0.01,0.1505603276871402,0.29201936027145964,27.934828904832962,0.01,0.08460056966187968,0.18102067140737896,6.6348615523712535,0.01,0.07958578752959385,0.16864847488833845,6.295433072158891,0.01,0.13760624485204734,0.4125141298678506,34.33761525481901,0.01,0.13659731022533267,0.3296266609184779,5.73972836190645,0.01,0.08516621065586455,0.13881433924907755,8.743530620447878
7.61,36.020733452000016,35.611733874702345,0.40899957729766984,0.5065659648324407,18.228742547127336,0.0731053804070798,1.3326191582504647,1.3326191582504647,0.2141516778932817,1.118467480357183,-0.0,0,0.01,0.01,0.15067373654927055,0.29213929280438816,28.132909618925954,0.01,0.0847171968896737,0.18114060394030743,6.651817828623484,0.01,0.07970208705250523,0.16876840742126692,6.312706312440044,0.01,0.13747170313628604,0.4123663072938225,34.010012496688994,0.01,0.13645737615003303,0.32947883834444985,5.658660817784006,0.01,0.08510200214800422,0.13874998193462335,8.732808149468063
7.62,36.34795034548148,35.90358550555031,0.4443648399311682,0.5117967751842871,18.414163072186913,0.07343299391629378,1.352207124853543,1.3522071248535432,0.23266888610689374,1.1195382387466493,-0.0,0,0.01,0.01,0.15078829592861445,0.29226041776017475,28.33302300571087,0.01,0.0848350207420394,0.18126172889609404,6.66815537790094,0.01,0.07981957825299983,0.16888953237705354,6.3294080952756815,0.01,0.13733499984952227,0.4122161407934197,33.68033863268201,0.01,0.1363151785339972,0.3293286718440471,5.5772699794405085,0.01,0.08503716182051284,0.1386850027332687,8.722805413420758
7.63,36.67753793229629,36.19831439692065,0.47922353537564083,0.5166081668960962,18.594904632562514,0.07376334897334387,1.3716224395377572,1.3716224395377572,0.2509208563605736,1.1207015831771836,-0.0,0,0.01,0.01,0.15090391645779014,0.29238263804807973,28.5349205600652,0.01,0.08495395065097638,0.18138394918399905,6.683758823091283,0.01,0.07993817045365355,0.16901175266495855,6.345428510007836,0.01,0.1371962144988403,0.4120637230655476,33.3489940494826,0.01,0.1361707968513953,0.32917625411617496,5.495701789966653,0.01,0.08497173892452371,0.13861945268986348,8.713650704299164
7.640000000000001,37.00944204800002,36.495666728971514,0.5137753190285049,0.5209535563050589,18.772478837484897,0.07409614507901058,1.3909683154349368,1.3909683154349368,0.26901212797595053,1.1219561874589863,-0.0,0,0.01,0.01,0.15102049567786255,0.29250584372455074,28.738369213167083,0.01,0.0850738823828486,0.18150715486047003,6.69854176043772,0.01,0.08005775946297959,0.16913495834142953,6.360684964963464,0.01,0.13705544442557058,0.41190916542130934,33.01638818353467,0.01,0.1360243297528799,0.3290216964719367,5.414093140112513,0.01,0.08490578994237667,0.1385533896103543,8.705438375000861
7.65,37.343607870370384,36.79536740148499,0.5482404688853965,0.5248051826975404,18.948531660229296,0.07443105944197632,1.410359286340697,1.410359286340697,0.28705803824183085,1.1233012480988662,-0.0,0,0.01,0.01,0.15113792205313475,0.2926299162860376,28.94316091923799,0.01,0.08519470212196076,0.18163122742195686,6.712449922074456,0.01,0.08017823165627944,0.16925903090291636,6.375125224129558,0.01,0.13691280054869806,0.4117525929112664,32.682923983667344,0.01,0.13587589076099038,0.3288651239618938,5.332566357775454,0.01,0.08483937634602798,0.13848687576327365,8.698224836555136
7.66,37.679979937185195,37.09713116649158,0.582848770693618,0.528155303675541,19.124759763983793,0.07476775962838908,1.4299154409842274,1.4299154409842272,0.30517890269415204,1.1247365382900754,-0.0,0,0.01,0.01,0.15125607938215285,0.2927547333338595,29.149121167926182,0.01,0.08531629097163253,0.18175604446977878,6.725462914319233,0.01,0.08029946846739774,0.16938384795073827,6.388729104070282,0.01,0.13676840246197364,0.4115941387931926,32.348982768219514,0.01,0.1357256032590479,0.32870666984381997,5.251224393257522,0.01,0.08477256213647091,0.13841997538731937,8.69202634927844
7.67,38.018502164,37.400674168687694,0.6178279953123067,0.5310164266650762,19.302825679317,0.07510591655152525,1.4497564146794213,1.4497564146794213,0.3234939818758753,1.126262432803546,-0.0,0,0.01,0.01,0.15137485138855,0.29288017338481354,29.356116103558318,0.01,0.08543852965161786,0.1818814845207328,6.737594519200817,0.01,0.08042135107107981,0.1695092880016923,6.401508814300237,0.01,0.136622373115985,0.4114339386016029,32.01491020367637,0.01,0.13557359500989105,0.3285464696522302,5.170146920373969,0.01,0.08470541128342633,0.13835275212542378,8.686818681196446
7.68,38.359117861925924,37.70572533835801,0.653392523567919,0.5334205666549333,19.484275916965935,0.07544521717423287,1.4699954280381704,1.4699954280381702,0.34211552532524503,1.1278799027129254,-0.0,0,0.01,0.01,0.15149412626842698,0.2930061205949781,29.564057954088348,0.01,0.08556130316343138,0.18200743173089737,6.748891579601843,0.01,0.08054376502845915,0.16963523521185686,6.413507954989723,0.01,0.13647483333902263,0.4112721241031918,31.68100408726297,0.01,0.13541999246590147,0.3283846551538192,5.089387537589583,0.01,0.08463798518865936,0.13828526650867948,8.682538629600336
7.69,38.70176975540741,38.012037089336665,0.6897326660707479,0.535417567301763,19.6704658904736,0.07578537631415773,1.4907336597843455,1.4907336597843455,0.3611431794447939,1.1295904803395516,-0.0,0,0.01,0.01,0.15161380097492674,0.293132469169222,29.772908506564214,0.01,0.08568450519901508,0.18213378030514127,6.759431518429789,0.01,0.0806666046721201,0.16976158378610076,6.424799214593778,0.01,0.1363258964611574,0.41110881743168465,31.34750453774159,0.01,0.13526491514451633,0.328221348482312,5.008972209199586,0.01,0.08457034029444417,0.1382175736105514,8.67908732648466
7.7,39.04640000000001,38.31939480895603,0.7270051910439875,0.5370725682677113,19.86249513383385,0.07612614698872218,1.5120552241210148,1.5120552241210146,0.3806590278842392,1.1313961962367756,-0.0,0,0.01,0.01,0.1517337850352121,0.2932591272450915,29.982680417687664,0.01,0.08580804208284533,0.18226043838101078,6.769318573979202,0.01,0.0807897770218577,0.16988824186197027,6.435480840698452,0.01,0.13617566330365496,0.41094412569051053,31.01458708814125,0.01,0.13510847034287002,0.32805665674113793,4.9288990344437185,0.01,0.08450252595102038,0.1381497209830437,8.676335174521967
7.71,39.39295020014814,38.62762468651205,0.7653255136360929,0.5384627437117004,20.06115575238392,0.07646732881119783,1.5340229932501943,1.534022993250194,0.4007235018739974,1.133299491376197,-0.0,0,0.01,0.01,0.15185400371940497,0.2933860200662867,30.19343622207251,0.01,0.08593183606217435,0.18238733120220604,6.778678871044675,0.01,0.08091320504684373,0.17001513468316554,6.445671994065866,0.01,0.136024217780461,0.41077813629192506,30.68235903510677,0.01,0.134950748451055,0.32789066734255246,4.849139373396334,0.01,0.08443458264372722,0.13808174697232237,8.674128190470011
7.72,39.74136142696295,38.93659950876721,0.8047619181957468,0.539673472976229,20.26689636969989,0.0768087740473333,1.5566754639009983,1.5566754639009983,0.42137235501543135,1.135303108885567,-0.0,0,0.01,0.01,0.15197440041392193,0.29351309229655864,30.40528499774228,0.01,0.08605582779329025,0.18251440343247793,6.787654492037189,0.01,0.08103683012309858,0.17014220691343743,6.4555071395790575,0.01,0.13587162333050112,0.41061091326735816,30.350859237032395,0.01,0.13479181909619536,0.3277234443179855,4.769640294305884,0.01,0.08436654066251136,0.13801367949239476,8.67229546889928
7.73,40.091574236000014,39.246242151439546,0.8453320845604665,0.5407941326889095,20.47980306286318,0.07715039105896394,1.5800248151104619,1.5800248151104619,0.4426148444498179,1.137409970660644,-0.0,0,0.01,0.01,0.15209493809138394,0.2936403093677902,30.61837676462045,0.01,0.08617997791176557,0.18264162050370944,6.796396763599172,0.01,0.08116061357526574,0.17026942398466893,6.465129678002863,0.01,0.1357179203601603,0.4104424947373116,30.020061375415356,0.01,0.13463172831026024,0.32755502578793894,4.6903282403494355,0.01,0.0842984192745623,0.13794553531274018,8.67065742400456
7.74,40.443528685037045,39.55652660946806,0.8870020755689855,0.5419137181181577,20.69959795011272,0.07749214499092377,1.6040562456039635,1.6040562456039635,0.4644332007210705,1.139623044882893,-0.0,0,0.01,0.01,0.15221559981390784,0.2937676578040856,30.83289482055472,0.01,0.08630426761964377,0.18276896894000488,6.805059028252888,0.01,0.08128453723669057,0.17039677242096438,6.474685075234737,0.01,0.13556312482643953,0.41027289167236636,29.689880510503805,0.01,0.1344704968651934,0.32738542272299376,4.611113748193291,0.01,0.08423022643602515,0.13787731989040106,8.669034423994518
7.75,40.797164351851855,39.86747653030573,0.9296878215461247,0.543116509593094,20.92565524715909,0.07783405569380289,1.6287286159366992,1.6287286159366992,0.4867834050502007,1.1419452108864985,-0.0,0,0.01,0.01,0.15233638825391407,0.29389514451443066,31.04904634977285,0.01,0.08642869827021982,0.18289645565034995,6.813789221805018,0.01,0.081408603009536,0.17052425913130945,6.484313795538819,0.01,0.135407228035407,0.41010208801273995,29.360182584239666,0.01,0.13430811986197272,0.32721461906336735,4.531896990476884,0.01,0.08416195905230986,0.13780902775027581,8.667255405633801
7.76,41.152420351999986,40.1791613373206,0.9732590146793876,0.5444779966397659,21.15703378023906,0.0781761930107007,1.6539763563378835,1.6539763563378833,0.5095972284261341,1.1443791279117494,-0.0,0,0.01,0.01,0.15245732426431466,0.29402279509728607,31.267051757638637,0.01,0.08655328997924461,0.1830241062332054,6.822722617474039,0.01,0.08153283145484941,0.17065190971416488,6.494144384320508,0.01,0.13525019767056937,0.40993004214581497,29.03079636245169,0.01,0.1341445675985667,0.32704257319644237,4.452573863918445,0.01,0.08409360376977587,0.13774064339054268,8.665166048415513
7.7700000000000005,41.50923535659261,40.49169014825113,1.017545208341484,0.5460612583809239,21.39252417306964,0.07851866968424105,1.6797125392573968,1.6797125392573968,0.5327854252035169,1.14692711405388,-0.0,0,0.01,0.01,0.15257844457578656,0.29415065124874307,31.48713328004532,0.01,0.08667807933780113,0.18315196238466236,6.8319751190444835,0.01,0.0816572594888711,0.17077976586562185,6.5042870666596615,0.01,0.13509198000483627,0.40975668967285633,28.701527174997235,0.01,0.13397978767862348,0.3268692207234837,4.373042308616993,0.01,0.08402513825585917,0.13767214266466898,8.66263610205563
7.78,41.86754761007409,40.8052038005206,1.062343809553485,0.5479139745298894,21.630708246387098,0.07886163225429542,1.7058329591265347,1.7058329591265347,0.5562419179466371,1.1495910411798975,-0.0,0,0.01,0.01,0.15269979874059714,0.29427876740915127,31.709503474236744,0.01,0.08680311634463779,0.18328007854507056,6.841637480791771,0.01,0.08178193730430702,0.17090788202603005,6.514828223359626,0.01,0.13493250319103706,0.4095819473314505,28.37217171650553,0.01,0.13381370826138786,0.3266944783820779,4.293208525837819,0.01,0.08395653290129809,0.1376034945685951,8.659565498279644
7.79,42.227294948,41.11986538567879,1.1074295623212091,0.5500662084086275,21.8700276138696,0.07920525041147322,1.7322210136623757,1.7322210136623757,0.5798487628927451,1.1523722507696306,-0.0,0,0.01,0.01,0.15282144547815796,0.29440720681926746,31.934354211838542,0.01,0.08692846071247069,0.18340851795518676,6.851770796648428,0.01,0.08190692467181697,0.17103632143614625,6.5258260723083445,0.01,0.13477168147251894,0.4094057178824988,28.04253311805101,0.01,0.13364624229694508,0.3265182489331262,4.212992763482729,0.01,0.08388775285815905,0.13753466334256387,8.655888937332087
7.8,42.588414814814804,41.43584976487394,1.1525650499408606,0.5525290637458208,22.10885805259047,0.07954970534194777,1.7587531435305213,1.7587531435305213,0.6034816489464268,1.1552714945840945,-0.0,0,0.01,0.01,0.15294344860543768,0.2945360371842266,32.16184676220971,0.01,0.08705417773199582,0.1835373483201459,6.862403534814712,0.01,0.08203228680591267,0.1711651518011054,6.537307819246095,0.01,0.1346094201099231,0.40922789572285867,27.712435494980383,0.01,0.133477292542289,0.326340426773486,4.1323343612894226,0.01,0.08381876031182262,0.13746561078263145,8.651578719868539
7.8100000000000005,42.95084428162964,41.75333258283381,1.1975116987958279,0.5552942728071051,22.345585988600554,0.07989517764240874,1.7853045620829608,1.7853045620829608,0.6270156592541343,1.1582889028288266,-0.0,0,0.01,0.01,0.15306587275424582,0.29466532616075714,32.3921034777002,0.01,0.08718033389771288,0.1836666372966764,6.873530300411848,0.01,0.08215808999944875,0.1712944407776359,6.54926845239943,0.01,0.13444562078504962,0.4090483729492844,27.381737217320975,0.01,0.13330675711530493,0.32616090399991177,4.051195790112423,0.01,0.08374951687469372,0.13739629864777536,8.646645688608595
7.82,43.31452006400001,42.072479317447964,1.2420407465520396,0.5583347270875074,22.578683379732563,0.08024183539812771,1.8117549952629421,1.8117549952629421,0.6503310141378449,1.1614239811250973,-0.0,0,0.01,0.01,0.15318877908630527,0.2947951368893575,32.62520148069825,0.01,0.08730699251015175,0.18379644802527678,6.885112396156032,0.01,0.08228439724095549,0.17142425150623627,6.561671247853197,0.01,0.1342801872194294,0.408867045577768,27.050342233158204,0.01,0.13313453531737318,0.3259795766283954,3.969565478570106,0.01,0.08367998598459558,0.1373266910451198,8.641138248253217
7.83,43.679378539703706,42.393434895186374,1.2859436445173307,0.5616059157682984,22.806777400486762,0.08058982300209791,1.837994153953475,1.8379941539534748,0.6733185177576884,1.1646756361957866,-0.0,0,0.01,0.01,0.1533122212155482,0.29492552378849757,32.861168618369376,0.01,0.08743420946914042,0.18392683492441683,6.897080130817467,0.01,0.08241126402867156,0.17155463840537633,6.574449938109022,0.01,0.13411303073485098,0.40868381961550626,26.718208894246594,0.01,0.13296053344213174,0.32579635066613366,3.8874592911022656,0.01,0.08361013519176028,0.13725675667815784,8.635139536259151
7.84,44.04535576651851,42.716314370086856,1.3290413964316565,0.5650481936725354,23.028711631069843,0.08093925125020342,1.8639266766756437,1.8639266766756437,0.6958844478910686,1.168042228784575,-0.0,0,0.01,0.01,0.15343624153529328,0.29505652881272476,33.09998180880448,0.01,0.08756202946227479,0.18405783994864405,6.9093367101351735,0.01,0.08253873458425673,0.17168564342960355,6.587512387001746,0.01,0.13394407548599074,0.40849861669056786,26.38535587823624,0.01,0.13278467028850852,0.32561114774119526,3.8049205986667842,0.01,0.08353993822491153,0.13718647085077257,8.628762916008291
7.8500000000000005,44.41238750000002,43.04119510795217,1.3711923920478513,0.5685897615532239,23.243595908600867,0.08129018917898248,1.8894763086099877,1.8894763086099877,0.7179546575859574,1.1715216510240303,-0.0,0,0.01,0.01,0.15356086812650563,0.29518817835177835,33.341567766351055,0.01,0.08769048273218842,0.18418948948769762,6.921763446957488,0.01,0.08266683864828712,0.1718172929686571,6.600745521538434,0.01,0.13377326311119192,0.4083113789662305,26.051864962345398,0.01,0.13260688211030897,0.3254239100168579,3.72201896108047,0.01,0.08346937673874458,0.13711581713284018,8.62214604978731
7.86,44.78040921125927,43.36811084081853,1.4122983704407408,0.5721502088886233,23.45084258925282,0.08164265802251527,1.9145891218542046,1.9145891218542046,0.7394776975422446,1.17511142431196,-0.0,0,0.01,0.01,0.15368611239331137,0.2953204809147946,33.58580597490896,0.01,0.08781958257655074,0.18432179205071392,6.934225955894577,0.01,0.08279558900977503,0.17194959553167338,6.6140212038287665,0.01,0.13360055657545714,0.40812207310164683,25.71788056924299,0.01,0.1324271267616571,0.32523460415227423,3.638847513060603,0.01,0.08339844166149543,0.13704478861052694,8.615443876863372
7.87,45.14935610474075,43.6970478636491,1.452308241091652,0.5756444442447771,23.650187664801976,0.08199662755795796,1.9392356296265791,1.9392356296265791,0.7604268168269079,1.1788088127996712,-0.0,0,0.01,0.01,0.1538119675348956,0.2954534257041409,33.83253368267396,0.01,0.08794932369743697,0.18445473684006017,6.9465809576400135,0.01,0.08292497988462537,0.17208254032101966,6.627202688578527,0.01,0.13342594301846225,0.4079306930662201,25.383606167810758,0.01,0.1322453868361068,0.32504322411684744,3.5555192099099493,0.01,0.08332713408140847,0.13697338866517522,8.608820868688301
7.88,45.51916313600001,44.027943573714914,1.4912195622850914,0.5789878876272532,23.841695715760256,0.08235201502662505,1.9634116838445108,1.9634116838445106,0.7808007369607051,1.1826109468838057,-0.0,0,0.01,0.01,0.15393840792339442,0.29558698215284557,34.08155316550263,0.01,0.08807968147562496,0.1845882932887649,6.9586836239259275,0.01,0.08305498621714728,0.17221609676972438,6.640151630952397,0.01,0.13324943546557544,0.4077372616500175,25.049297423295194,0.01,0.1320613130311466,0.32484979270064485,3.47522742031062,0.01,0.08325546563248123,0.13690163124059368,8.602442525825316
7.890000000000001,45.8897650294815,44.36071245819228,1.5290525712892202,0.5822274469703236,24.025582324562308,0.08270871348202698,1.9871250047210756,1.9871250047210756,0.8006100541524663,1.1865149505686092,-0.0,0,0.01,0.01,0.15406539539086808,0.29572111052948996,34.33284250083387,0.01,0.08821061736402902,0.18472242166540925,6.970525462567149,0.01,0.08318556936086365,0.17235022514636875,6.6528653432734925,0.01,0.1330710664487778,0.4075418158449672,24.715098982366413,0.01,0.13186909697904856,0.3246543468955946,3.4476501368555716,0.01,0.08318345523659773,0.1368295351655717,8.596301995598001
7.9,46.261096296296316,44.69533553281057,1.5657607634857462,0.5854727679809115,24.201620129676478,0.08306668763118215,2.010348419480366,2.010348419480366,0.8198304186409944,1.1905180008393716,-0.0,0,0.01,0.01,0.15419291260355586,0.29585579798286854,34.58666687417757,0.01,0.08834211135101537,0.18485710911878783,6.982313276884502,0.01,0.08331671006291762,0.17248491259974733,6.665542651322881,0.01,0.13289084468608625,0.4073443542680263,24.38087071743037,0.01,0.13167282637157698,0.3244568853186537,3.43749847686697,0.01,0.08311111067667959,0.13675710478101322,8.590152509876312
7.91,46.63309125200001,45.031808537097476,1.6012827149025326,0.5887022700787549,24.369487007001386,0.0834259178807566,2.0330468218422624,2.0330468218422624,0.838429668909686,1.1946171529325766,-0.0,0,0.01,0.01,0.1543209534295206,0.2959910375507985,34.84301728335683,0.01,0.08847415694207612,0.18499234868671777,6.994039801415603,0.01,0.08344840199555227,0.17262015216767726,6.678171784962495,0.01,0.13270876047027333,0.4071448670308485,24.046668942369234,0.01,0.1314743026301562,0.32425739808147586,3.429292640710701,0.01,0.08303834693853525,0.13668418613673267,8.579056943346313
7.92,47.00568403437038,45.370126522811496,1.6355575115588834,0.5919166930597596,24.528868762870058,0.08378638377571412,2.055185211749957,2.055185211749957,0.8563759104728319,1.198809301277125,-0.0,0,0.01,0.01,0.15444951069332877,0.2961268219375379,35.10192143120096,0.01,0.08860674679543173,0.18512813307345719,7.0057121148223205,0.01,0.08358063786241676,0.17275593655441668,6.690759793569236,0.01,0.1325248051753381,0.40694334474009486,23.712538434127104,0.01,0.13127372321576755,0.3240558757907222,3.4212683577477,0.01,0.08296468939128859,0.1366102964745826,8.562440072204687
7.930000000000001,47.378808621185215,45.710256368305316,1.6685522528799017,0.5950269097027682,24.67963871164986,0.08414803481214965,2.0767430974591887,2.0767430974591887,0.8736519166296997,1.2030911808294893,-0.0,0,0.01,0.01,0.15457856969961298,0.2962631325090031,35.363217655125204,0.01,0.08873986702255703,0.1852644436449224,7.017210859290202,0.01,0.0837134035135791,0.1728922471258819,6.703189197048513,0.01,0.13233897895801544,0.4067397949970163,23.378677879780472,0.01,0.1310711100174553,0.3238523260476437,3.41330377509482,0.01,0.08289002679321628,0.13653540084515117,8.545768421958394
7.94,47.75239884800002,46.052111670635924,1.7002871773640946,0.5979403535256143,24.822018189749862,0.08451076413730985,2.0977277246459654,2.0977277246459654,0.8902682842333276,1.2074594404126378,-0.0,0,0.01,0.01,0.1547080960131698,0.2963999293386436,35.62667727071009,0.01,0.08887348410375019,0.1854012404745629,7.0283821696881015,0.01,0.08384666499835863,0.1730290439555224,6.7153123867994235,0.01,0.13215130934813193,0.40653425792523823,23.045375497728426,0.01,0.1308664917232997,0.32364678897586563,3.405495916259856,0.01,0.08281436624732942,0.13645951037608425,8.529329766036994
7.95,48.12638842592593,46.3955545886589,1.7308338372670309,0.6005700612793438,24.956559135668964,0.08487441110275273,2.118173259790927,2.118173259790927,0.9062624779571227,1.2119107818338044,-0.0,0,0.01,0.01,0.154838035566409,0.2965371521098144,35.89204381372276,0.01,0.08900754425816894,0.1855384632457337,7.039079419730247,0.01,0.08398036817650013,0.17316626672669316,6.726988799431759,0.01,0.13196185320674453,0.40632680580501734,22.712961629830772,0.01,0.13065992670235263,0.32343933685564474,3.3979625485104474,0.01,0.08273772846033527,0.13638264839355194,8.51331077365611
7.96,48.500710959407414,46.74040023569057,1.7603107237168372,0.6028387780554509,25.084110453985126,0.08523876649947515,2.1381386338342816,2.1381386338342816,0.9216965396106913,1.21644209422359,-0.0,0,0.01,0.01,0.15496831634034583,0.29667472203484285,36.159043155043015,0.01,0.08914197505557464,0.18567603317076217,7.049170559530523,0.01,0.08411444036101975,0.17330383665172167,6.738091618633728,0.01,0.13177069540451913,0.40611754112780757,22.381794862334228,0.01,0.13045150426059302,0.3232300721784349,3.3908149726525165,0.01,0.08266014599393169,0.1363048498968778,8.497884680710158
7.97,48.87529996399998,47.08642328183679,1.7888766821631914,0.6046825596757579,25.20577078118888,0.08560358007416845,2.1577042173986376,2.1577042173986376,0.9366536404769943,1.2210505769216435,-0.0,0,0.01,0.01,0.15509885089739045,0.2968125446434934,36.42739416616544,0.01,0.08927668794001829,0.18581385577941267,7.058543836424021,0.01,0.08424879285433773,0.17344165926037214,6.74851324728397,0.01,0.1315779461304694,0.4059065932264041,22.05224789339816,0.01,0.13024134216560265,0.32301912427703144,3.3841504933868998,0.01,0.08258166228813159,0.13622616048179662,8.483204225150132
7.98,49.25008888414816,47.43336642826806,1.816722455880102,0.6060537074479129,25.322830196323583,0.08596856993263102,2.1769674986247844,2.1769674986247844,0.951233653500756,1.2257338451240285,-0.0,0,0.01,0.01,0.15522953963032252,0.29695051329540684,36.696819562631596,0.01,0.08941158150401957,0.18595182443132616,7.067112421969983,0.01,0.08438332422848563,0.17357962791228565,6.75816975966864,0.01,0.13138373701209105,0.405694113641913,21.72469286588631,0.01,0.13002958257170752,0.32280664469254033,3.378047772724702,0.01,0.08250233018138681,0.13614663476019387,8.469394589195478
7.99,49.62501111096297,47.7809503332139,1.8440607777490745,0.6069229033858232,25.436703874835626,0.08633343335503156,2.1960379787497946,2.1960379787497946,0.9655479653582622,1.2304900133915324,-0.0,0,0.01,0.01,0.15536027456100363,0.29708851323957974,36.96705652218555,0.01,0.08954654534359621,0.18608982437549906,7.074817837381267,0.01,0.08451792418031018,0.17371762785645856,6.7670042183925725,0.01,0.1311882162343935,0.40548027044753987,21.39948682684169,0.01,0.12981638676735094,0.32259280149816727,3.3725633360360066,0.01,0.08242220998134019,0.1360663343483083,8.45654763349793
8.0,50.0,48.12888450362439,1.8711154963756058,0.6072804490384887,25.548861007625696,0.08669785848623399,2.215031536123594,2.215031536123594,0.9797137829052704,1.2353177532183235,-0.0,0,0.01,0.01,0.15549094349834128,0.2972264260197611,37.2378666648116,0.01,0.08968146429979047,0.18622773715568042,7.081632095854182,0.01,0.08465247776772751,0.1738555406366399,6.7749887741253145,0.01,0.13099154289173423,0.40526524180024076,21.07695799931068,0.01,0.1296019290234479,0.3223777728508681,3.3677291521668504,0.01,0.08234136717613783,0.13598532551733097,8.444717694350345
8.01,50.37498888903704,48.47687862318024,1.8981102658568003,0.6071365538092035,25.66075246887958,0.08706153632850104,2.2340645332860323,2.2340645332860323,0.9938482111531821,1.24021632213285,-0.0,0,0.01,0.01,0.15562143435013345,0.2973641340100218,37.509044986361175,0.01,0.0898162228765034,0.1863654451459411,7.087558521172397,0.01,0.08478686981741342,0.17399324862690058,6.782125504845303,0.01,0.13079388084403812,0.40504920903037783,20.7573935147213,0.01,0.12938638984374232,0.3221617400810052,3.3635513537634982,0.01,0.08225986989531414,0.13590367661834257,8.433919139170069
8.02,50.74991111585184,48.824653769486545,1.9252573463652922,0.6065206644928032,25.77374070761395,0.08742417245593961,2.253247952457113,2.253247952457113,1.008062389268497,1.245185563188616,-0.0,0,0.01,0.01,0.15575163937870576,0.2975015248606475,37.78042735379499,0.01,0.08995070961912029,0.18650283599656678,7.092631238173267,0.01,0.08492098928910496,0.17413063947752627,6.788445985476929,0.01,0.13059539237384224,0.40483234960402037,20.441029186453708,0.01,0.12916994894586936,0.32194488065464777,3.3600101398552598,0.01,0.08217778624318121,0.13582145540636997,8.424125800859978
8.03,51.12470003599998,49.17195298189451,1.9527470541054617,0.6054798742221058,25.88903516337723,0.0877854978903467,2.2726818417177634,2.2726818417177634,1.0224559665828048,1.2502258751349584,-0.0,0,0.01,0.01,0.15588145919582957,0.2976384956411204,38.05189620249005,0.01,0.09008482124370736,0.18663980677703967,7.096913363998324,0.01,0.08505473338705019,0.17426761025799914,6.794009610696796,0.01,0.13039623195109504,0.4046148303007935,20.12804181120675,0.01,0.12895277831558044,0.3217273613514209,3.357060860052409,0.01,0.08209518163561527,0.13573872639512766,8.41527233145975
8.040000000000001,51.49928904059263,49.51855067615259,1.9807383644400312,0.6040764937840579,26.00763617878302,0.08814527862549178,2.2924503373692495,2.2924503373692495,1.0371121824013774,1.2553381549678724,-0.0,0,0.01,0.01,0.15601080630786437,0.29777495648392777,38.323384129810464,0.01,0.09021846632199289,0.18677626761984706,7.100493962995159,0.01,0.0851880112246043,0.17440407110080655,6.79890072671126,0.01,0.13019654040802522,0.4043968009413881,19.818544366489952,0.01,0.12873503567356492,0.3215093319920155,3.3546362349459615,0.01,0.08201211627252651,0.13565554837416105,8.407257431265664
8.05,51.87361157407412,49.864260461370954,2.0093511127031647,0.6023849090636223,26.13028991987181,0.08850332335882789,2.312617498238336,2.312617498238336,1.0520937823584564,1.2605237158798794,-0.0,0,0.01,0.01,0.15613960804649685,0.2979108335593755,38.59487515586362,0.01,0.0903515683519303,0.18691214469529477,7.103483865604005,0.01,0.0853207468725681,0.17453994817625426,6.803224664464839,0.01,0.12999643980675354,0.4041783889730868,19.5125843337589,0.01,0.12851685867428286,0.3212909200237141,3.352649622397981,0.01,0.08192864287285558,0.13557197221340794,8.399948824093853
8.06,52.24760115200001,50.20894099570351,2.038660156296497,0.6004878830564974,26.257456244494026,0.088859489082413,2.3332241464895542,2.3332241464895542,1.0674399616978825,1.2657841847916715,-0.0,0,0.01,0.01,0.15626780875252388,0.29804607124613797,38.866403523645154,0.01,0.09048406807597421,0.18704738238205726,7.106010494249098,0.01,0.0854528816542093,0.17467518586301675,6.807102808877746,0.01,0.12979602924850775,0.4039596951799579,19.21014522266374,0.01,0.12829836012010157,0.32107222623058523,3.3509991948484124,0.01,0.08184480478678974,0.13548803906681114,8.393189764849986
8.07,52.62119137881482,50.552499615661425,2.068691763153397,0.5984724875858248,26.3892908079903,0.08921368429365756,2.354285858877566,2.354285858877566,1.083164474277405,1.271121384600161,-0.0,0,0.01,0.01,0.15639537111817495,0.2981806334031506,39.13805003132311,0.01,0.0906159249475492,0.18718194453906992,7.108211886590928,0.01,0.0855843755882733,0.1748097480200294,6.810666885309577,0.01,0.12959538182695918,0.40374079072870483,18.91115120940274,0.01,0.12807962442358742,0.32085332177933223,3.3495728498337667,0.01,0.08176063458156468,0.1354037790671499,8.386806786469355
8.08,52.99431596562964,50.89489358507483,2.0994223805548065,0.596425867089635,26.525641996188114,0.08956586970581619,2.3757921948937106,2.3757921948937106,1.0992549879221625,1.2765372069715482,-0.0,0,0.01,0.01,0.15652227663554188,0.29831450369355667,39.40993602428109,0.01,0.09074711768858686,0.18731581482947596,7.110230156072973,0.01,0.08571520792371509,0.17494361831043548,6.8140526933054195,0.01,0.12939454287166827,0.40352171569434814,18.61547463972782,0.01,0.12786070548863004,0.32063424674497554,3.348253636446744,0.01,0.0816761531736384,0.1353192105796931,8.380618323574097
8.09,53.36690874799999,51.23612892770225,2.130779820297751,0.5944310436517062,26.666062561441258,0.0899160564618068,2.3977071868886246,2.3977071868886246,1.1156737049774657,1.282033481911159,-0.0,0,0.01,0.01,0.1566485251426829,0.2984476849584283,39.682215312027566,0.01,0.09087764392535538,0.18744899609434762,7.112204676549389,0.01,0.08584537675426007,0.1750767995753071,6.817393563757642,0.01,0.12919352956380872,0.40330247913551653,18.322945994203177,0.01,0.12764162611039218,0.3204150101861439,3.3469254473772327,0.01,0.08159136955244359,0.13523434005394058,8.374443795281847
8.1,53.738903703703684,51.576256926267945,2.162646777435745,0.592562968460216,26.809835141444232,0.09026430197670533,2.4199710551530087,2.4199710551530087,1.1323592047169628,1.287611850436046,-0.0,0,0.01,0.01,0.1567741335027256,0.2985801976845016,39.955064404878705,0.01,0.09100751893398755,0.1875815088204209,7.114265315843597,0.01,0.08597489774509952,0.1752093123013804,6.820813853029571,0.01,0.12899233193854243,0.4030830607111441,18.03336577982988,0.01,0.1274223789185645,0.3201955917617714,3.345478702696467,0.01,0.0815062811108656,0.13514916248218653,8.368112693848369
8.11,54.11023497051849,51.91536848416589,2.1948664863525997,0.5908850103594101,26.956010195040136,0.09061070364801277,2.4425030513155925,2.4425030513155925,1.1492294048559615,1.293273646459631,-0.0,0,0.01,0.01,0.1568991334926977,0.2987120776538329,40.22867157373794,0.01,0.09113677356907897,0.18771338878975216,7.116526065489384,0.01,0.08610380204597783,0.17534119227071165,6.824422809548526,0.01,0.12879091522014738,0.4028634137530528,17.7465177074397,0.01,0.1272029288119811,0.3199759448036802,3.3438157410079503,0.01,0.08142087456671337,0.13506366244263313,8.36147321431213
8.120000000000001,54.48083686400005,52.253586648418164,2.227250215581882,0.5894460479963924,27.103454323764907,0.09095539077290545,2.465205279313631,2.465205279313631,1.1661854858297205,1.2990197934839107,-0.0,0,0.01,0.01,0.15702356901589465,0.2988433729019339,40.50322531343424,0.01,0.09126545148658223,0.1878446840378532,7.1190794145372855,0.01,0.08623213350271586,0.1754724875188127,6.828309149194934,0.01,0.12858922337076373,0.4026434696364353,17.46218244621457,0.01,0.12698321675923893,0.31975600068706267,3.3418556389094163,0.01,0.08133512742945875,0.13497781567503017,8.354399975031509
8.13,54.85064389525928,52.59105767860052,2.2595862166587652,0.5882782997077192,27.250906488135737,0.09129851509334455,2.4879672973143814,2.4879672973143814,1.1831165764013218,1.3048507209130595,-0.0,0,0.01,0.01,0.15714749278261297,0.2989741401426843,40.778902826705355,0.01,0.09139360580428914,0.1879754512786036,7.121991789795754,0.01,0.08635994531114984,0.1756032547595631,6.8325366510864045,0.01,0.12838718367471982,0.4024231432264769,17.180151220996592,0.01,0.1267631647732839,0.3195356742771043,3.339538202534716,0.01,0.08124900993904112,0.1348915911099536,8.346800421428904
8.14,55.21959078874076,52.92794111219889,2.2916496765418777,0.5873959866441979,27.397039294325314,0.09164024044936347,2.510671268532631,2.510671268532631,1.1999049647375648,1.310766303795066,-0.0,0,0.01,0.01,0.15727096262762108,0.29910444084168697,41.05585913939674,0.01,0.09152129536806757,0.18810575197760626,7.12530033240187,0.01,0.08648729628213549,0.17573355545856575,6.8371410345648185,0.01,0.12818471213074764,0.4022023391275328,16.900238536641584,0.01,0.12654268181126957,0.3193148701781602,3.336826915349277,0.01,0.08116248738001326,0.13480495325027986,8.338619573792768
8.15,55.58761250000002,53.26439931926784,2.3232131807321856,0.5867948819152984,27.54052233433252,0.09198073205554368,2.5331974055039557,2.5331974055039557,1.2164315768852019,1.3167658286187538,-0.0,0,0.01,0.01,0.1573940376477584,0.29923433713370473,41.334217407833506,0.01,0.09164858080862717,0.188235648269624,7.129011203152603,0.01,0.08661424690260026,0.1758634517505835,6.842128303345654,0.01,0.12798171938638553,0.4019809584239068,16.622293375348427,0.01,0.1263216703071001,0.31909348947453414,3.3337106826205463,0.01,0.08107552265592159,0.13471786478628234,8.329842870375119
8.16,55.95464423348149,53.600587056685654,2.354057176795832,0.5864527541151302,27.680084518642943,0.09232014592443698,2.5554294419618655,2.5554294419618655,1.2325814554586856,1.32284798650318,-0.0,0,0.01,0.01,0.1575167743489311,0.2993638877839087,41.61406089361564,0.01,0.09177552058120432,0.188365198919828,7.1330995132075605,0.01,0.08674085538491941,0.1759930024007875,6.847474650376939,0.01,0.12777811692423746,0.4017589055799712,16.346208312603217,0.01,0.12610003301494901,0.3188714366305986,3.3302042813180806,0.01,0.08098807899642309,0.1346302893148485,8.320496963579071
8.17,56.320621460296294,53.93664152444017,2.383979935856123,0.5863306698234583,27.814572444820644,0.09265861894366678,2.5772598692456503,2.5772598692456503,1.248248975465177,1.3290108937804732,-0.0,0,0.01,0.01,0.15763922298834204,0.2994931443869043,41.89542696844002,0.01,0.09190216717886343,0.1884944555228236,7.137510871387881,0.01,0.08686717389485171,0.1761222590037831,6.853127915495603,0.01,0.12757382319955166,0.40153609516282385,16.071926127141836,0.01,0.12587767982896422,0.31864862621345125,3.3263474994475972,0.01,0.08090012266375046,0.13454219402899,8.310648441530732
8.18,56.685479936,54.272673394251946,2.4128065417480555,0.5863750787488883,27.943002091244885,0.09299626007210011,2.598594689672647,2.598594689672647,1.2633425510148477,1.3352521386577991,-0.0,0,0.01,0.01,0.15776142428534745,0.29962214798240183,42.178303383931215,0.01,0.09202856369921686,0.18862345911832112,7.142164434932638,0.01,0.08699324513704294,0.17625126259928064,6.85901048786876,0.01,0.12736876943310507,0.40131245806268745,15.799443629753455,0.01,0.12565453424775447,0.3184249891133148,3.3222030249198102,0.01,0.08081162552588977,0.13445355224614017,8.300400562035724
8.19,57.04915571837035,54.60875922663155,2.4403964917388055,0.586520569008763,28.064601497978853,0.09333314305746818,2.619357466461696,2.619357466461696,1.2777886150488227,1.3415688514128734,-0.0,0,0.01,0.01,0.15788340665361567,0.2997509262429506,42.46262691152769,0.01,0.09215474092481987,0.18875223737886987,7.146957258021921,0.01,0.08711909945727946,0.17638004085982933,6.865023456484606,0.01,0.1271629047822044,0.40108794691380856,15.52881259401357,0.01,0.12543053917174427,0.3182004779644359,3.3178532147337094,0.01,0.08072256737105353,0.13436434565240987,8.289888192008016
8.2,57.411585185185174,54.944935619353565,2.466649565831612,0.5866931501752206,28.178842575967472,0.09366930099672494,2.639492486987625,2.639492486987625,1.2915346924995075,1.3479577944881176,-0.0,0,0.01,0.01,0.15800518407942238,0.29987949135868885,42.748284334403095,0.01,0.09228071505029603,0.18888080249460815,7.151769659797115,0.01,0.0872447525932772,0.1765086059755676,6.871051742733033,0.01,0.12695620064465446,0.40086254045999986,15.26013782808393,0.01,0.1252056617559512,0.3179750715106272,3.3133959351135513,0.01,0.08063293785123285,0.1342745661544416,8.279271236586037
8.21,57.772705052000035,55.28119534226376,2.4915097097362775,0.5868138993156221,28.28546074575114,0.09400472296563937,2.658966901359803,2.658966901359803,1.3045514334091879,1.354415467950615,-0.0,0,0.01,0.01,0.1581267547374421,0.3000078387082405,43.03511566609175,0.01,0.09240648615579539,0.18900914984415979,7.156471287023595,0.01,0.08737020417224799,0.17663695332511928,6.8769699046448425,0.01,0.12674865389408926,0.40063624666192804,14.993572571253374,0.01,0.12497989708836359,0.3177487777125554,3.308939708172562,0.01,0.0805427379610673,0.13418421724996196,8.268726912953609
8.22,58.132452389925966,55.61748561481215,2.5149667751138107,0.5868027910703103,28.384461718380773,0.09433935284048822,2.6777717492376545,2.6777717492376545,1.3168335241199935,1.360938225117661,-0.0,0,0.01,0.01,0.15824810039804513,0.3001359463655342,43.3229193815345,0.01,0.09253203748842662,0.18913725750145352,7.160927527306466,0.01,0.08749543701554574,0.176765060982413,6.882648284152487,0.01,0.12654028889790625,0.4004091044051079,14.729311524529393,0.01,0.12475327052247225,0.3175216354557353,3.3045984283640415,0.01,0.08045198098104543,0.13409331485160964,8.258441271341201
8.23,58.49076464340743,55.953708578537395,2.537056064870035,0.5865825272065058,28.476115362934635,0.09467309032739564,2.6959218419284494,2.6959218419284494,1.3283994491901885,1.367522392738261,-0.0,0,0.01,0.01,0.15836918664080338,0.3002637754513924,43.61145937693628,0.01,0.09265733557282717,0.18926508658731164,7.165005935184221,0.01,0.08762041727034336,0.17689289006827114,6.887959174759585,0.01,0.12633115822857627,0.40018118373536626,14.467581926649727,0.01,0.12452583855874862,0.31729371478599366,3.30048592220988,0.01,0.08036069284005604,0.13400188752501083,8.2486003893844
8.24,58.847579648000014,56.28972391182779,2.5578557361722214,0.5860821840683861,28.560937225445784,0.09500579410901037,2.713454521601072,2.713454521601072,1.3392901316168604,1.374164389984212,-0.0,0,0.01,0.01,0.1584899638496187,0.3003912712981945,43.90047332327548,0.01,0.09278233113115673,0.18939258243411375,7.168582360784708,0.01,0.08774509534761964,0.17702038591507324,6.892782712874161,0.01,0.12612134204243877,0.3999525846191547,14.208633162545661,0.01,0.12429768824074958,0.3170651156697821,3.29671061878063,0.01,0.08026891188034616,0.13390997613018588,8.239381666718735
8.25,59.20283564814816,56.625353433480065,2.5774822146680942,0.5852405075859136,28.639658842973663,0.09533728691879212,2.730427372368902,2.730427372368902,1.349566531726606,1.3808608406422962,-0.0,0,0.01,0.01,0.15861036892755961,0.3005183653576638,44.18968204120368,0.01,0.09290696075363271,0.1895196764935831,7.171546512523631,0.01,0.08786940760682778,0.1771474799745426,6.89701223551724,0.01,0.12591094616420165,0.39972343429634255,13.95272544040297,0.01,0.1240689351036396,0.3168359653469699,3.2933705788604515,0.01,0.0801766880367322,0.1338176328839555,8.23094562733582
8.26,59.55647131496295,56.96038744941059,2.5960838655523584,0.5840087043809429,28.71318850678832,0.09566736226473846,2.746915006654643,2.746915006654643,1.3593063333537136,1.3876086733009294,-0.0,0,0.01,0.01,0.15873032763590644,0.30064497774760024,44.47879949918246,0.01,0.09303114922524545,0.18964628888351953,7.17380673494804,0.01,0.08799327869241497,0.17727409236447902,6.900558893856433,0.01,0.12570009897719808,0.399493883359849,13.700118096649932,0.01,0.12383971978279797,0.3166064144104763,3.290549100946337,0.01,0.08008408147014467,0.13372491988879306,8.223428600728157
8.27,59.90842576399998,57.294592517459456,2.6138332465405245,0.5823526031118607,28.7825645471705,0.09599579245088717,2.763005092474443,2.763005092474443,1.368599887506745,1.3944052049676978,-0.0,0,0.01,0.01,0.15884975743363097,0.30077102030473457,44.76754302055748,0.01,0.09315481238423112,0.18977233144065386,7.175293834464101,0.01,0.08811662439757248,0.17740013492161336,6.903355360595337,0.01,0.12548894727608603,0.3992641007566725,13.451058087305308,0.01,0.12361020345446504,0.3163766318072999,3.2883110855756756,0.01,0.07999116072196309,0.1336319071992863,8.216936603378405
8.28,60.25863857303701,57.62772024208061,2.6309183309564017,0.5802540913631394,28.848903521409547,0.09632233748956545,2.7787938211931236,2.7787938211931236,1.377545616787892,1.4012482044052317,-0.0,0,0.01,0.01,0.15896857067183298,0.3008963999890502,45.055643277166894,0.01,0.0932778603646263,0.18989771112496953,7.175963834989492,0.01,0.08823935490758103,0.17752551460592902,6.905358515654796,0.01,0.1252776512874264,0.39903426795575647,13.2057692010443,0.01,0.12338056233598714,0.3161467990063838,3.286700298978,0.01,0.07989800047886751,0.13353867051981078,8.211540682127728
8.290000000000001,60.60704979985189,57.95951666661759,2.6475331332343046,0.5777117687161851,28.91334587435533,0.09664675446244549,2.7943810394065807,2.7943810394065807,1.3862451069174098,1.4081359324891711,-0.0,0,0.01,0.01,0.15908667798343368,0.30102102247084694,45.34285364917608,0.01,0.09340020105977977,0.1900223336067662,7.175799590460946,0.01,0.08836137825985962,0.1776501370877257,6.90655103699873,0.01,0.12506637910213295,0.3988045725672864,12.964442486216242,0.01,0.12315098151745858,0.31591710361791375,3.285737635007853,0.01,0.0798046790569553,0.1334452886450855,8.207273914266723
8.3,60.95360000000005,58.28973180775199,2.663868192248057,0.574740794539101,28.977001701723026,0.0969688068753164,2.8098652818400947,2.8098652818400947,1.3947981238163365,1.415067158023758,-0.0,0,0.01,0.01,0.15920399170221317,0.3011447957260491,45.628958544381895,0.01,0.09352174363659876,0.19014610686196837,7.1748112210843376,0.01,0.08848260385087602,0.1777739103429279,6.906941861271901,0.01,0.12485530079032844,0.3985752017234844,12.727228322588388,0.01,0.12292164842729317,0.3156877327741118,3.2854204321256364,0.01,0.0797112757276708,0.13335184076802598,8.204130187017377
8.31,61.29823024459261,58.61812887555834,2.680101369034267,0.5713719477622018,29.040899180873673,0.09728827356038872,2.8253389439485064,2.8253389439485064,1.403297795305667,1.4220411486428397,-0.0,0,0.01,0.01,0.159320429147199,0.30126763346796054,45.91378029914522,0.01,0.09364240193167779,0.19026894460387983,7.173035376455871,0.01,0.0886029458215464,0.17789674808483932,6.906565513688095,0.01,0.12464458248241123,0.39834633554140253,12.494230490795923,0.01,0.12269274624999268,0.31545886659202993,3.28572286072162,0.01,0.07961786801591522,0.1332584037860132,8.202064803881507
8.32,61.64088213807407,58.94449274335148,2.6963893947225928,0.5676499536378609,29.10593804850922,0.09760495671012615,2.840883823232356,2.840883823232356,1.4118261856129877,1.4290576376193682,-0.0,0,0.01,0.01,0.15943591561819376,0.3013894582545801,46.19718432935723,0.01,0.09376209756996864,0.19039076939049937,7.170533363136187,0.01,0.0887223261623307,0.17801857287145886,6.905480339897285,0.01,0.12443438069953619,0.3981181409829577,12.265502500203484,0.01,0.12246444761437966,0.3152306720335851,3.2865973553187415,0.01,0.07952452910207429,0.13316504973691537,8.200996888201963
8.33,61.98149783600001,59.26863727308424,2.7128605629157705,0.5636311673883105,29.172850211494207,0.09791868867627972,2.8565672376590423,2.8565672376590423,1.4204504691116093,1.436116768547433,-0.0,0,0.01,0.01,0.15955038696523657,0.30151020412909063,46.479082265946055,0.01,0.09388076266360183,0.19051151526500992,7.167388208849855,0.01,0.0888406773962227,0.17813931874596944,6.903765706370045,0.01,0.12422483720232678,0.3978907664066055,12.041046331691303,0.01,0.12223690885486035,0.3150032974572329,3.2879770263324954,0.01,0.07943132545446094,0.13307184348980466,8.200813477027046
8.34,62.320020062814805,59.590411162318965,2.7296089004958395,0.5593807349860899,29.24216919233145,0.09822933723426058,2.8724388990548313,2.8724388990548313,1.4292198781618404,1.4432190208929911,-0.0,0,0.01,0.01,0.15966379161804173,0.30162981867621075,46.75943289478271,0.01,0.0939983419718045,0.19063112981213007,7.163700771922476,0.01,0.08895794472120129,0.17825893329308956,6.9015182717589285,0.01,0.12401607459923818,0.39766433706955606,11.820813638797416,0.01,0.12201026511774178,0.3147768681201834,3.289778947090722,0.01,0.07933831480702436,0.13297884080254616,8.201375122738874
8.35,62.656392129629644,59.90970205470187,2.746690074927772,0.5549693755417034,29.314209654844944,0.09853680909273894,2.888528680463981,2.888528680463981,1.4381635601801812,1.4503651202838002,-0.0,0,0.01,0.01,0.15977609198969908,0.3017482644074354,47.03824082374457,0.01,0.0941147944312706,0.19074957554335467,7.159585043026089,0.01,0.08907408752214656,0.17837737902431416,6.898847469710745,0.01,0.12380819291702093,0.39743895179101635,11.604709332906008,0.01,0.121784626540847,0.3145514828416437,3.2919081743811445,0.01,0.07924554457967273,0.13288608683989486,8.202522748839742
8.36,62.990557951999975,60.22643874354779,2.7641192084521884,0.5504699466343631,29.38905775127561,0.09884105151727511,2.904845371238006,2.904845371238006,1.4472894331533048,1.4575559380847012,-0.0,0,0.01,0.01,0.15988726520068772,0.3018655194222272,47.31555291490845,0.01,0.09423009399831626,0.19086683055814652,7.155162825943817,0.01,0.0891890801942322,0.17849463403910604,6.895870382821635,0.01,0.12360126728721389,0.397214680928071,11.392597360857655,0.01,0.12156007567995675,0.3143272119786984,3.2942623261071375,0.01,0.07915305081608777,0.13279361522235938,8.204085442694366
8.370000000000001,63.322462067703725,60.54059139311617,2.7818706745875517,0.5459539625353542,29.46657250389376,0.09914205203035704,2.9213764643373237,2.9213764643373237,1.4565840790868556,1.4647923852504678,-0.0,0,0.01,0.01,0.15999730310293828,0.301981577328211,47.59145264094919,0.01,0.09434422977808375,0.1909828884641303,7.150558022128782,0.01,0.08930291225376417,0.17861069194508977,6.892706225193926,0.01,0.12339534684701625,0.39699156574955985,11.18430837224498,0.01,0.12133666629280583,0.31410409680018725,3.2967365094571566,0.01,0.07906085768765311,0.13270144764911432,8.205888816118835
8.38,63.65204965451854,60.85216979957379,2.799879854944761,0.541488235208169,29.54639790753183,0.09943983624373912,2.938088969517321,2.938088969517321,1.4660136638714194,1.472075305645902,-0.0,0,0.01,0.01,0.16010621161762703,0.3020964464395601,47.866052642432095,0.01,0.094457205450299,0.19109775757547934,7.1458907768679625,0.01,0.08941558774670146,0.17872556105643883,6.889470683703969,0.01,0.12319045489309431,0.39676961922319387,10.979648875616881,0.01,0.12111442352373274,0.31388215027382127,3.299228369907859,0.01,0.07896897758348542,0.13260959410913073,8.207763528456972
8.39,63.979266548000034,61.16121980853198,2.8180467394680466,0.537131799281754,29.627984938914643,0.0997344639678271,2.9549311963295066,2.9549311963295066,1.4755258223642476,1.479405373965259,-0.0,0,0.01,0.01,0.16021400943294828,0.30221014830724324,48.1394858681987,0.01,0.09456903803404852,0.19121145944316256,7.141271767893511,0.01,0.08952712399806144,0.17883926292412206,6.886270390891053,0.01,0.12298659026588335,0.396548828160902,10.778411404068876,0.01,0.1208933454630933,0.3136613592115293,3.301643017862019,0.01,0.07887741177708225,0.1325180536650268,8.209553550010654
8.4,64.30405925925925,61.467818093627635,2.8362411656316193,0.5329332654353026,29.71062220738022,0.10002602382272137,2.971835404703288,2.971835404703288,1.4850524016262079,1.4867830030770803,-0.0,0,0.01,0.01,0.16032072613776088,0.30232271566593655,48.41189576447006,0.01,0.09467975606423908,0.19132402680185584,7.1367969261088255,0.01,0.08963754977558835,0.17895183028281536,6.883197811206918,0.01,0.12278372988279167,0.3963291566007441,10.58038515739053,0.01,0.12067340598869725,0.3134416876513714,3.30389758834599,0.01,0.0787861516313733,0.1324268157655409,8.211123749343903
8.41,64.62637499274076,61.77206557655396,2.854309416186792,0.5289287228196993,29.79347360007783,0.10031462664264508,2.9887211805793106,2.9887211805793106,1.4945129154940995,1.494208265085211,-0.0,0,0.01,0.01,0.16042639989237129,0.3024341899087137,48.68342603268937,0.01,0.09478939727853133,0.19143550104463297,7.1325428688194785,0.01,0.08974690296712728,0.17906330452559246,6.880326813344522,0.01,0.12258183228429617,0.39611055024413877,10.385366564595415,0.01,0.12045455873513766,0.31322308129476617,3.3059252017473666,0.01,0.07869518027749231,0.13233586201652378,8.212366417966674
8.42,64.94616166400004,62.07407982959446,2.872081834405579,0.5251402816827256,29.875620979885127,0.10060039801680185,3.005499361575559,3.005499361575559,1.5038185319128772,1.5016808296626818,-0.0,0,0.01,0.01,0.16053107475766423,0.30254461822090845,48.954210496817254,0.01,0.09489800593449728,0.1915459293568277,7.12856329640168,0.01,0.08985522789199231,0.1791737328377872,6.877709172649983,0.01,0.12238084200985028,0.3958929417176469,10.19316921975977,0.01,0.12023674198394899,0.31300547276827423,3.3076781206954378,0.01,0.07860447467975154,0.13224516831828942,8.213206399032122
8.43,65.26336791748147,62.37398684432825,2.889381073153222,0.5215753139663056,29.95610979861297,0.10088347034307173,3.022076314462172,3.022076314462172,1.5128763921399258,1.509199922322246,-0.0,0,0.01,0.01,0.16063479781748138,0.30265405051792116,49.2243636052646,0.01,0.09500562989168877,0.19165536165384048,7.124886554099447,0.01,0.08996257238138997,0.17928316513479997,6.875372199587008,0.01,0.12218069458299625,0.3956762563915107,10.003632685796397,0.01,0.12001988422554054,0.31278878744213806,3.30912993928837,0.01,0.07851400798122077,0.13215470726014708,8.213604561386909
8.44,65.57794314429626,62.671912573041396,2.906030571254858,0.5182264141828115,30.033995399005953,0.1011639747851788,3.0383583532432143,3.0383583532432143,1.5215940489602686,1.5167643042829457,-0.0,0,0.01,0.01,0.16073761623603738,0.3027625363377407,49.49397204464507,0.01,0.095112317601645,0.19176384747366,7.121514494169259,0.01,0.09006898477108934,0.17939165095461945,6.873317625561873,0.01,0.12198132185877006,0.39546041846418784,9.816629732416384,0.01,0.11980391011470667,0.3125729495148152,3.310276693605085,0.01,0.07842375201183417,0.13206445065173017,8.213559451091061
8.45,65.88983749999997,62.967974651869014,2.9218628481309534,0.5150720672722066,30.10838779870224,0.1014420335188761,3.0542560842752726,3.0542560842752726,1.5298838097475254,1.524372274527747,-0.0,0,0.01,0.01,0.16083957439207647,0.3028701218374718,49.76308786563148,0.01,0.09521811515031983,0.1918714329733911,7.118422695368336,0.01,0.0901745109507386,0.1794992364543506,6.871521801400683,0.01,0.12178265747250226,0.39524535701403696,9.632071670694748,0.01,0.11958874652641084,0.31235788806466436,3.311136843263222,0.01,0.07833367983457185,0.13197437206576523,8.213107053731878
8.46,66.1990019223704,63.26227469725908,2.9367272251113197,0.5120779762290102,30.17849287433761,0.10171775262910103,3.0696884729109613,3.0696884729109613,1.5376667793344767,1.5320216935764845,-0.0,0,0.01,0.01,0.1609407112245544,0.3029768470344923,50.03172342474034,0.01,0.0953230634920002,0.19197815817041158,7.115562013429845,0.01,0.09027919160856333,0.17960596165137105,6.869937182988981,0.01,0.12158464212793275,0.39503101172610056,9.449911560407978,0.01,0.11937432841796966,0.3121435427767279,3.3117501380170116,0.01,0.07824376820516313,0.13188444926826073,8.212318704922016
8.47,66.50538814918518,63.554891531440134,2.9504966177450487,0.5091989717104146,30.243648085794256,0.10199121597967038,3.0845864439313866,3.0845864439313866,1.5448764164582296,1.539710027473157,-0.0,0,0.01,0.01,0.1610410579113792,0.30308274341764524,50.299848337409976,0.01,0.09542719600184625,0.1920840545535645,7.112861355599457,0.01,0.09038305979799773,0.179711858034524,6.868495000717003,0.01,0.12138722847401213,0.3948173380227967,9.270145188852066,0.01,0.11916060421747061,0.3119298690734241,3.312175446085916,0.01,0.07815399982676859,0.13179466641947649,8.211297285833881
8.48,66.80894873600002,63.84587564050309,2.963073095496925,0.5063813999641982,30.30335118605155,0.10226248032238436,3.0988958543658995,3.0988958543658995,1.5514614448104513,1.5474344095554482,-0.0,0,0.01,0.01,0.16114063598394715,0.3031878320330554,50.567388527212174,0.01,0.09553053645635981,0.19218914316897467,7.11023150175778,0.01,0.09048613893477064,0.17981694664993414,6.867108941316923,0.01,0.12119038534309749,0.3946043113608317,9.09280984263964,0.01,0.11894754048531628,0.311716842411459,3.3124876770270633,0.01,0.07806436529276506,0.13170501594192477,8.210171928923549
8.49,67.10963707392594,64.13524510347094,2.974391970455007,0.5035658652921191,30.35728073416623,0.10253157184648742,3.1125797106591535,3.1125797106591535,1.557387993879653,1.5551917167795004,-0.0,0,0.01,0.01,0.16123945595691486,0.30329212212390716,50.834227350129325,0.01,0.09563309752831324,0.19229343325982645,7.107569739849032,0.01,0.09058844131004729,0.17992123674078592,6.865679618022908,0.01,0.12099410115714108,0.39439193050078303,8.917981008669264,0.01,0.11873512563463554,0.3115044615514104,3.312773977695883,0.01,0.0779748646273631,0.13161549996925737,8.20909153042883
8.5,67.40740740740739,64.42298315583483,2.9844242515725674,0.5006901895917178,30.405307647770268,0.10279848429579623,3.125619540738165,3.125619540738165,1.5626408839892658,1.5629786567488988,-0.0,0,0.01,0.01,0.16133751652610773,0.3033956103752013,51.10020867808774,0.01,0.09573487985613262,0.1923969215111206,7.104765048216674,0.01,0.09068996717861558,0.18002472499208008,6.864099571283527,0.01,0.12079838635110807,0.39418021960819016,8.745767240626998,0.01,0.11852337254484173,0.3112927506588175,3.313129412224446,0.01,0.07788550835441978,0.13152613131125793,8.20821741749394
8.51,67.70221485200001,64.70903747027523,2.993177381724776,0.49769244465753965,30.447497475556045,0.10306317870319986,3.1380158733884596,3.1380158733884596,1.5672240122196146,1.570791861168845,-0.0,0,0.01,0.01,0.16143480435904448,0.30349828078454133,51.36514174466828,0.01,0.09583587171880367,0.19249959192046065,7.10170354269576,0.01,0.09079070445218347,0.18012739540142014,6.862258528261428,0.01,0.1206032747120465,0.3939692291029453,8.576303508092957,0.01,0.11831231995834413,0.3110817601535727,3.3136523548376347,0.01,0.07779631804840054,0.1314369338941887,8.207715547212109
8.52,67.99401541214814,64.99332115458115,3.0006942575669924,0.4945139129151474,30.484103517456603,0.1033255847144448,3.149787820436867,3.149787820436867,1.5711598392069237,1.578627981229943,-0.0,0,0.01,0.01,0.16153129447369355,0.30360010514986047,51.628807490490274,0.01,0.09593604931754814,0.1926014162857798,7.09827391084146,0.01,0.09089062899810821,0.18022921976673928,6.860048653719394,0.01,0.12040882358549604,0.39375903523451866,8.409743404093904,0.01,0.11810203261052503,0.310871566285146,3.314439827851855,0.01,0.07770732634683876,0.1313479426612811,8.207748622696878
8.53,68.2827659989629,65.27571538598455,3.0070506129783476,0.4911018388662169,30.515551349099354,0.10358560339880107,3.160971799543555,3.160971799543555,1.574488019117577,1.5864837804259777,-0.0,0,0.01,0.01,0.16162695117317416,0.3037010441361001,51.890966095177,0.01,0.09603537763632448,0.19270235527201937,7.094372576136033,0.01,0.09098970551481733,0.18033015875297886,6.857369544499628,0.01,0.12021511295563068,0.3935497384212318,8.246250623102796,0.01,0.11789260010462667,0.31066226947185915,3.315583007948368,0.01,0.07761857642962863,0.13125920294402374,8.208468499782304
8.540000000000001,68.56842444800003,65.55607352588167,3.012350922118355,0.4874118462485987,30.542415697742317,0.1038431113767333,3.171619475015143,3.171619475015143,1.5772632544935772,1.5943562205215658,-0.0,0,0.01,0.01,0.1617217294784925,0.30380104885649917,52.151365346221425,0.01,0.09613381182609478,0.19280235999241843,7.089908367028633,0.01,0.091087888928242,0.18043016347337792,6.8541327503769125,0.01,0.12002224345904174,0.393341460449684,8.085990136035798,0.01,0.11768413460318697,0.31045399150031133,3.317163103953626,0.01,0.07753012099586945,0.1311707693399175,8.210009229427575
8.55,68.85094953703707,65.83422649252256,3.016723044514506,0.4834099140508231,30.565390951919277,0.10409796603701575,3.1817950292210013,3.1817950292210013,1.5795524924269677,1.6022425367940336,-0.0,0,0.01,0.01,0.16181557697922572,0.3039000628815058,52.40974947120878,0.01,0.09623129903408531,0.19290137401742505,7.084806504570452,0.01,0.09118512623006045,0.18052917749838454,6.850265641111455,0.01,0.11983033344182606,0.3931343406829481,7.929119483643365,0.01,0.11747676746326795,0.31024687173357546,3.319247781770498,0.01,0.07744202079259402,0.13108270415541992,8.212481039277028
8.56,69.13030100385188,66.10998911455088,3.0203118893010004,0.4790738271688175,30.58525685232313,0.10435001157025557,3.1915719064191572,3.1915719064191572,1.5814316071629886,1.6101402992561684,-0.0,0,0.01,0.01,0.16190843600429936,0.30399802457033165,52.66586804782122,0.01,0.09632778058003985,0.19299933570625094,7.07901176437291,0.01,0.09128135865951201,0.18062713918721043,6.845714479487189,0.01,0.11963951521333605,0.3929285314709899,7.775780587551915,0.01,0.11727064499135095,0.31004106252161723,3.3218882793685562,0.01,0.0773543427704924,0.130995075492859,8.215965506142005
8.57,69.40643956400004,66.38316714754487,3.0232724164551654,0.47439404359605125,30.60284109663904,0.10459908551430448,3.2010291928480186,3.2010291928480186,1.582981735556035,1.6180474572919834,-0.0,0,0.01,0.01,0.16200024600236376,0.304094869607551,52.919484605666845,0.01,0.09642319436754666,0.1930961807434703,7.072490710188189,0.01,0.09137652411680033,0.18072398422442978,6.840446599752858,0.01,0.11944993068557787,0.3927241929919404,7.626092441500412,0.01,0.11706592353319743,0.3098367240425678,3.325117319218081,0.01,0.07726715795874117,0.13090795507625938,8.2205121126101
8.58,69.67932692859259,66.6535646105931,3.0257623179995035,0.46937394840959407,30.61898068985016,0.10484502549067332,3.2102478109257744,3.2102478109257744,1.5842854449560106,1.6259623659697637,-0.0,0,0.01,0.01,0.16209094601422241,0.30419053362035914,53.17038454582328,0.01,0.0965174774104263,0.19319184475627843,7.065232936162915,0.01,0.09147055968816185,0.18081964823723792,6.834451628781024,0.01,0.11926172661324229,0.3925214877768306,7.480144996744092,0.01,0.11686276414243231,0.309634018827458,3.328947889027059,0.01,0.07718053916349005,0.13082141592254762,8.226136317922899
8.59,69.94892582207407,66.92099109135629,3.0279347307177833,0.4640294941710251,30.634483881865304,0.10508767581018959,3.2193067107899394,3.2193067107899394,1.585422917595396,1.6338837931945436,-0.0,0,0.01,0.01,0.16218047711847466,0.30428495475133227,53.41838202871227,0.01,0.09661056835209661,0.1932862658872516,7.057251291813396,0.01,0.0915634041607275,0.18091406936821108,6.82774172284057,0.01,0.11907504966463908,0.3923205751821065,7.337994496898568,0.01,0.11666132708788761,0.30943310623273385,3.3333729251430357,0.01,0.07709455860187153,0.1307355299709494,8.232819207723297
8.6,70.21519999999998,67.18526867620807,3.029931323791913,0.45838825636551117,30.650094458181776,0.10532689364045787,3.2282792390668993,3.2282792390668993,1.5864683312843786,1.6418109077825205,-0.0,0,0.01,0.01,0.1622687847359058,0.3043780760666757,53.663325520357716,0.01,0.0967024098596734,0.193379387202595,7.048581098561532,0.01,0.0916550004092434,0.18100719068355453,6.820350826383432,0.01,0.11889004155782983,0.3921216060731928,7.199660450861775,0.01,0.1164617664632225,0.3092341371238202,3.3383658973044574,0.01,0.07700928558524275,0.13065036578424846,8.240508720890416
8.61,70.47811426681477,67.44623818632121,3.03187608049357,0.45248795981418294,30.666459992646395,0.1055625544561521,3.237229852951145,3.237229852951145,1.5874866035122026,1.6497432494389423,-0.0,0,0.01,0.01,0.162355820687833,0.30446984769064245,53.90510174059242,0.01,0.09679295078391752,0.19347115882656174,7.039278399917945,0.01,0.09174529754614055,0.18109896230752123,6.812332991681945,0.01,0.11870683448902251,0.3919247179686461,7.065124359287126,0.01,0.11626422515303099,0.30903724901927343,3.343882258673696,0.01,0.07692478436167205,0.13056598643089537,8.249122385485391
8.620000000000001,70.73763449362963,67.70376443963903,3.033870053990602,0.44637455632798545,30.68410544357691,0.10579455653415033,3.2462113280503275,3.2462113280503275,1.5885306455938242,1.6576806824565034,-0.0,0,0.01,0.01,0.1624415449179873,0.3045602285724333,54.143637825734885,0.01,0.09688214799035436,0.19356153970835258,7.029417320120587,0.01,0.09183425274071542,0.18118934318931207,6.8037598302009386,0.01,0.11852554706234776,0.3917300308687445,6.9343302323296365,0.01,0.11606883038818622,0.30884256191937187,3.349861691629884,0.01,0.07684111221863078,0.13048244764695743,8.258551431929002
8.63,70.99372763600002,67.95774031049679,3.035987325503232,0.4400999540582846,30.703413188000564,0.10602282430678205,3.2552625820499186,3.2552625820499186,1.5896392463654463,1.6656233356844725,-0.0,0,0.01,0.01,0.16252592680578212,0.3046491878116008,54.37890159918206,0.01,0.09696996778511474,0.19365049894752007,7.019086638513668,0.01,0.0919218326314514,0.18127830242847956,6.794717198611228,0.01,0.11834628090254246,0.39153764395602175,6.807186856182649,0.01,0.11587569009078234,0.30865017500664915,3.3562310478892967,0.01,0.07675831793291987,0.13039979636208546,8.268666090842594
8.64,71.24636175170367,68.20808942058198,3.038272331121697,0.4337195140588436,30.724610258299833,0.10624731044534486,3.2644072044258095,3.2644072044258095,1.5908356725095096,1.6735715319162998,-0.0,0,0.01,0.01,0.16260894602001655,0.3047367054907608,54.61089993503085,0.01,0.09705638688026848,0.19373801662668014,7.008385719304241,0.01,0.09200801427677327,0.18136582010763963,6.785301254433292,0.01,0.11816911809632001,0.39134763331011424,6.683571685863029,0.01,0.11568489016747124,0.30846016436074164,3.3629078518897706,0.01,0.07667644063676494,0.130318069654802,8.279321828748897
8.65,71.49550601851851,68.45476736378976,3.0407386547287523,0.427289438770229,30.74776318760238,0.10646799660956119,3.2736527468092405,3.2736527468092405,1.592127036530393,1.6815257102788472,-0.0,0,0.01,0.01,0.16269059288510962,0.30482277298909727,54.839675296205385,0.01,0.09714139286654606,0.19382408412501656,6.997419967053565,0.01,0.09209278561268733,0.18145188760597603,6.775614046726794,0.01,0.11799411956618712,0.3911600507277121,6.563336165162215,0.01,0.1154964928614446,0.30827258177833944,3.3698042101713335,0.01,0.07659550914770191,0.13023729418046354,8.290366228669768
8.66,71.741130752,68.69776143985874,3.043369312141255,0.4208641800363726,30.77278050218537,0.10668489286364458,3.282990790992097,3.282990790992097,1.593504445530598,1.689486345461499,-0.0,0,0.01,0.01,0.16277086825572068,0.3049073927755051,55.06530062475314,0.01,0.09722498418523072,0.1939087039114244,6.98629600574282,0.01,0.09217614540967582,0.1815365073923839,6.765758834555438,0.01,0.11782132443430617,0.3909749236830355,6.446312205258582,0.01,0.11531053622028212,0.30808745473366284,3.3768309481401495,0.01,0.07651554178645882,0.13015748609138206,8.301646188635077
8.67,71.98320742325929,68.93708894381773,3.0461184794415526,0.4144939907647764,30.799422538552587,0.10689803582294133,3.292397773852101,3.292397773852101,1.594943906162949,1.6974538676891522,-0.0,0,0.01,0.01,0.16284978291893723,0.30499057770500587,55.28787285111322,0.01,0.09730716961452761,0.19399188884092516,6.975116800567874,0.01,0.09225810274476022,0.18161969232188466,6.755835347071398,0.01,0.11765075038600338,0.39079225640800674,6.332319495463457,0.01,0.11512703468207539,0.3079047874586341,3.3839017810519216,0.01,0.07643654668274548,0.1300786514440573,8.313015091046973
8.68,72.22170867674077,69.17279412664233,3.0489145500984525,0.4082227346997478,30.82731792650916,0.10710748565369113,3.3018365125553553,3.3018365125553553,1.596407925335388,1.705428587219967,-0.0,0,0.01,0.01,0.16292735656500776,0.30507234986509196,55.50750536440002,0.01,0.09738796730782444,0.19407366100101126,6.963976953994819,0.01,0.09233867602675783,0.18170146448197078,6.745935211425896,0.01,0.11748239499501469,0.39061203201703465,6.221173276737155,0.01,0.11494598072837389,0.30772456306766205,3.3909373199657513,0.01,0.07635852254495613,0.13000078706457707,8.324339593145462
8.69,72.456608348,69.40494400375894,3.051664344241067,0.4020860535868738,30.855985782977537,0.10731332209956453,3.3112583410282523,3.3112583410282523,1.5978477141816083,1.713410626846644,-0.0,0,0.01,0.01,0.16300361638686786,0.30515273903883083,55.724319841750926,0.01,0.09746740344099064,0.19415405017475013,6.952958408190543,0.01,0.092417891632469,0.18178185365570962,6.736137775186364,0.01,0.11731623792781135,0.39043421555186064,6.112692184709018,0.01,0.1147673475022216,0.30754674660248804,3.3978687174500712,0.01,0.07628145984749649,0.12992388182122108,8.335505704664266
8.700000000000001,72.68788148148154,69.63362323921775,3.0542582422637845,0.3961099711695251,30.884862417684502,0.10751563974999356,3.3206057414278822,3.3206057414278822,1.59920587601033,1.721399865417552,-0.0,0,0.01,0.01,0.16307859538459893,0.3052317808679694,55.93843786657214,0.01,0.0975455105424069,0.19423309200388872,6.942126772769382,0.01,0.09249578222802358,0.18186089548484824,6.726506537104704,0.01,0.11715224390443381,0.3902587577796738,6.006705766233353,0.01,0.11459109224526369,0.3073712888303012,3.404640772776853,0.01,0.07620534236989092,0.1298479182342774,8.346423853313809
8.71,72.91550434829627,69.85892837215484,3.0565759761414237,0.39030999012477335,30.913331171639896,0.10771454279515576,3.329815333428428,3.329815333428428,1.6004194386308246,1.7293958947976036,-0.0,0,0.01,0.01,0.16315233046280278,0.30530951481121804,56.14997277063622,0.01,0.09762232559212089,0.19431082594713733,6.931528469015376,0.01,0.09257238486223161,0.18193862942809683,6.717086372594097,0.01,0.1169903662599879,0.3900855995447146,5.903061293360845,0.01,0.1144171603716468,0.30719813059534196,3.4112143423500774,0.01,0.07613014900595387,0.12977287433797913,8.357032691501209
8.72,73.13945446400001,70.08096167695392,3.058492787046097,0.38469071253832865,30.940753899648033,0.10791013952967395,3.3388210704643226,3.3388210704643226,1.601423078473565,1.7373979919907576,-0.0,0,0.01,0.01,0.1632248604162078,0.3053859819999015,56.35902211368988,0.01,0.09769788798491526,0.1943872931358208,6.921188840108847,0.01,0.09264773892704735,0.18201509661678028,6.707901699520168,0.01,0.11683055092577493,0.38991467645129135,5.801629540127021,0.01,0.11424548996981557,0.3070272075019187,3.4175679370597734,0.01,0.07605585574985048,0.129698725698967,8.367301464839985
8.73,73.35971060637041,70.29982495845495,3.059885647915467,0.37924598823677064,30.96650257237731,0.10810253687119818,3.3475574861024713,3.3475574861024713,1.602152378719346,1.7454051073831254,-0.0,0,0.01,0.01,0.1632962239014145,0.3054612230950511,56.565661168423155,0.01,0.09777223745587407,0.19446253423097037,6.911111323834235,0.01,0.09272188408389988,0.18209033771192987,6.6989556777729495,0.01,0.11667274063296829,0.3897459236453771,5.702309248554954,0.01,0.11407601650740164,0.3068584546960045,3.4236984321593567,0.01,0.0759824377592955,0.12962544749020724,8.377230841402858
8.74,73.57625283318515,70.51561357860582,3.06063925457934,0.3739595696288485,30.9899895115367,0.10829183515125826,3.3559628355225546,3.3559628355225546,1.6025469662458325,1.753415869276722,-0.0,0,0.01,0.01,0.16336645749054776,0.3055352762468402,56.76993771277024,0.01,0.09784541206617242,0.1945365873827595,6.901277723465211,0.01,0.09279485825360075,0.182164390863719,6.690230476780935,0.01,0.11651687913539381,0.38957928046291546,5.605030086425677,0.01,0.11390867750972819,0.30669181151354286,3.4296208640829806,0.01,0.0759098713946373,0.12955301651894716,8.386852184139578
8.75,73.7890625,70.72841099183606,3.0606515081639434,0.3688062279458393,31.010694879437757,0.10847812341497166,3.363981986315679,3.363981986315679,1.6025533822077276,1.7614286041079512,-0.0,0,0.01,0.01,0.16343559389593892,0.3056081752493661,56.97186835137456,0.01,0.09791744634141668,0.1946094863852854,6.891649549126905,0.01,0.09286669576195314,0.1822372898662449,6.6816885832468245,0.01,0.11636291525142642,0.38941469472521395,5.5097539854810815,0.01,0.1137434169889703,0.30652722577584135,3.435367338885103,0.01,0.0758381361360763,0.12948141311194214,8.396225332225772
8.76,73.99812227792592,70.93828403456797,3.0598382433579494,0.36375326502992456,31.028190214420583,0.10866147543478381,3.3715689287700616,3.3715689287700616,1.6021275577510719,1.7694413710189898,-0.0,0,0.01,0.01,0.16350366044426884,0.30567994797168957,57.17143650000773,0.01,0.09798836964526933,0.19468125910760886,6.8821703408446675,0.01,0.09293742572341121,0.18230906258856835,6.6732750620160655,0.01,0.11621080653791353,0.3892521264843477,5.416474838526097,0.01,0.11358018941811535,0.3063646575349751,3.44098512489792,0.01,0.07576721628943707,0.12941062277041607,8.405435034421375
8.77,74.20341617140741,71.14527894029197,3.0581372311154515,0.3587559243630961,31.042158196613965,0.1088419464017779,3.3786889186313678,3.3786889186313678,1.6012369098236223,1.7774520088077455,-0.0,0,0.01,0.01,0.16357067843411455,0.30575061725391584,57.368706967924254,0.01,0.09805820512861746,0.19475192838983515,6.872818595636527,0.01,0.09300707102600322,0.18237973187079468,6.664973007322558,0.01,0.11606052243994025,0.38909155123248895,5.325218126719245,0.01,0.11341896308521045,0.30620408228311635,3.4465354502721737,0.01,0.07569710241582925,0.12934063759873643,8.414590918122055
8.78,74.40492953600001,71.34935636444591,3.055573171554109,0.35350923452712674,31.05272036728931,0.10901951663789525,3.385352564733606,3.385352564733606,1.5998943713767422,1.7854581933568636,-0.0,0,0.01,0.01,0.16363671703350224,0.30582026634796744,57.564628057347655,0.01,0.09812700977237522,0.1948215774838867,6.864273042343733,0.01,0.09307569020303667,0.1824493809648462,6.6574574485264835,0.01,0.11591206087911145,0.38893301054674917,5.23633954478298,0.01,0.11325974275767524,0.3060455415973765,3.452332245021312,0.01,0.07562780554011078,0.1292714784403293,8.424391802624042
8.790000000000001,74.60264909614821,71.55030687283667,3.0523422233115403,0.3478469468326327,31.060861633318297,0.1091940190225921,3.391660316046659,3.391660316046659,1.5982026508329117,1.7934576652137473,-0.0,0,0.01,0.01,0.16370177942532446,0.3058888725340507,57.757243029458664,0.01,0.0981948113796185,0.19489018366997,6.855158604701725,0.01,0.09314330867347104,0.18251798715092948,6.649329579536634,0.01,0.11576551226813656,0.3887766783604337,5.150535871396792,0.01,0.11310264841347405,0.3058892094110611,3.458836476408631,0.01,0.07555939414687038,0.12920322395029737,8.435562677318785
8.8,74.79656296296301,71.74789417416316,3.048668788799839,0.34178955365226693,31.067706378122182,0.10936526443680213,3.3977279234882563,3.3977279234882563,1.5962792450203445,1.8014486784679118,-0.0,0,0.01,0.01,0.16376578907931758,0.3059563537727095,57.946191457782696,0.01,0.09826154441863301,0.1949576649086288,6.845059957392788,0.01,0.09320985839300344,0.1825854683895883,6.640222918996341,0.01,0.1156193002167365,0.3886227502028958,5.083188323618992,0.01,0.11294786446641104,0.3057352812535231,3.466144347929633,0.01,0.07549195608478276,0.12913596241645856,8.44813662701571
8.81,74.98666065200001,71.94195869346504,3.044701958534975,0.3356162382353097,31.073997863110282,0.10953313143798324,3.403632292243669,3.403632292243669,1.5942022175506554,1.8094300746930134,-0.0,0,0.01,0.01,0.16382868646828289,0.30602265416747265,58.13177765065222,0.01,0.09832714239487654,0.19502396530339186,6.834291472398881,0.01,0.0932752731726545,0.18265176878435135,6.630466913681088,0.01,0.11546908250570997,0.3884713624439928,5.073000804776979,0.01,0.11279555811026347,0.3055838934946201,3.4739939630574437,0.01,0.07542556288573551,0.12906975645525523,8.461480185932
8.82,75.17293310103707,72.13251698908687,3.040416111950212,0.32957142017493585,31.079601051823396,0.10969765131870043,3.4093592393072383,3.4093592393072383,1.5919581535264715,1.8174010857807665,-0.0,0,0.01,0.01,0.1638904676613277,0.306087777994869,58.3145926533588,0.01,0.098391587345739,0.19508908913078832,6.823457468906522,0.01,0.09333953690124672,0.1827168926117478,6.620652614931081,0.01,0.11531914144705331,0.38832251414571195,5.082515185455397,0.01,0.11264578650602688,0.3054350451963393,3.481889461225067,0.01,0.07536022915730053,0.12900460867770294,8.474738934735594
8.83,75.35537268785191,72.31966426204417,3.03570842580774,0.3237146382843952,31.08399397233383,0.10985892271160992,3.414854091374771,3.414854091374771,1.5894932148263718,1.8253608765483988,-0.0,0,0.01,0.01,0.1639511598859672,0.30615175646928117,58.49488072908345,0.01,0.09845490016945727,0.19515306760520046,6.812823353604959,0.01,0.09340267168082123,0.18278087108615992,6.611026495748678,0.01,0.11517110226816636,0.38817614245288984,5.097044549218843,0.01,0.1124985139360648,0.3052886735035172,3.489598622876161,0.01,0.07529593418584749,0.128940494482649,8.487635330867015
8.84,75.53397324800002,72.50350859856002,3.03046464944001,0.318042865258115,31.08659779458712,0.11001705446064468,3.420055922563248,3.420055922563248,1.5867475799407171,1.833308342622531,-0.0,0,0.01,0.01,0.164010796802823,0.3062146252923256,58.6727347390746,0.01,0.09851711383111418,0.19521593642824495,6.802445280239182,0.01,0.09346471080264507,0.18284373990920444,6.601636844331284,0.01,0.1150253499255114,0.38803217374690335,5.112600689932129,0.01,0.11235367293121817,0.3051447047975307,3.4970683712545547,0.01,0.07523264892372218,0.12887738438792554,8.500137797921202
8.85,75.70873009259253,72.68414875486619,3.024581337726359,0.3125298086782805,31.08688788278269,0.11017214648720398,3.424909165653221,3.424909165653221,1.5836670851309864,1.8412420805222345,-0.0,0,0.01,0.01,0.16406940992617544,0.3062764170556132,58.84817834511162,0.01,0.09857826128116084,0.1952777281915325,6.792296431233926,0.01,0.0935256871388336,0.182905531672492,6.592455261405016,0.01,0.11488193678033591,0.387890541038695,5.1281441110215,0.01,0.11221119404455747,0.30500307208932237,3.504319280772952,0.01,0.07517034580637642,0.12881525165221122,8.512304551104048
8.86,75.87964002607407,72.86166500010401,3.017975025970067,0.30713818125940645,31.08443926152249,0.11032428204606749,3.429368444332061,3.429368444332061,1.5802080283841713,1.8491604159478896,-0.0,0,0.01,0.01,0.16412702522606687,0.3063371580986749,59.02118838822004,0.01,0.09863837069348268,0.19533846923459414,6.782312781483203,0.01,0.09358562862152166,0.18296627271555363,6.5834186762472,0.01,0.11474083412980873,0.38775119123181656,5.143461475961632,0.01,0.11207101795022571,0.3048637222824439,3.511404344770489,0.01,0.07510900263297864,0.1287540754821985,8.524235685709042
8.870000000000001,76.04670136399994,73.0361144338643,3.0105869301356396,0.3018247020174415,31.0789496505695,0.11047352388494115,3.433401086541073,3.433401086541073,1.5763396304512622,1.8570614560898104,-0.0,0,0.01,0.01,0.16418366143729599,0.3063968668938332,59.19170197782046,0.01,0.09869746326984548,0.19539817802975248,6.772409703769153,0.01,0.09364455613868394,0.18302598151071198,6.574444501063895,0.01,0.11460200323834796,0.38761408891263016,5.158581173932023,0.01,0.11193310101818386,0.30472661996325756,3.518393756910955,0.01,0.07504860451149403,0.1286938427261162,8.536055281577527
8.88,76.20991395081478,73.20752849306831,3.0023854577464677,0.2965431888712917,31.070251567913676,0.11061991230678163,3.4369885037922554,3.4369885037922554,1.5720453495501885,1.8649431542420667,-0.0,0,0.01,0.01,0.16423932914468983,0.3064555531788932,59.359620656853274,0.01,0.09875555208501122,0.19545686431481255,6.762490210551985,0.01,0.09370248241850494,0.18308466779577204,6.565438332358532,0.01,0.11446541640036337,0.3874792184354301,5.173608250642992,0.01,0.1117974182543851,0.30459174948605744,3.525367614727893,0.01,0.07498914494904221,0.12863454882269068,8.547901337260871
8.89,76.36927917762966,73.37591204648007,2.9933671311495975,0.2912471309179135,31.058316551088737,0.11076346459786943,3.4401267457759395,3.4401267457759395,1.5673233647861218,1.8728033809898177,-0.0,0,0.01,0.01,0.1642940304004005,0.3065132176331586,59.524814915118014,0.01,0.09881264154506238,0.19551452876907788,6.75245102714605,0.01,0.0937594115113601,0.18314233225003737,6.5562997636174485,0.01,0.1143310635833187,0.38734658476184003,5.188673879442409,0.01,0.11166396474126498,0.3044591158124674,3.532410781096915,0.01,0.07493062636818652,0.12857619820371397,8.55991766192002
8.9,76.52480000000006,73.54124389062983,2.983556109370225,0.2858920416390968,31.043252461411964,0.11090417564616971,3.4428263236088226,3.4428263236088226,1.562186325795074,1.8806399978137482,-0.0,0,0.01,0.01,0.16434775880231373,0.30656985203404485,59.68712976438921,0.01,0.09886872733921444,0.1955711631699642,6.742188085855577,0.01,0.09381533876041126,0.18319896665092367,6.546927698370744,0.01,0.11419895434849534,0.38721621319128413,5.203916259191423,0.01,0.1115327558971149,0.3043287442419115,3.539608352692725,0.01,0.07487306012579438,0.1285188042077136,8.572246362919786
8.91,76.67648095570371,73.70347853096888,2.973002424734828,0.28043760179992816,31.025294479945845,0.11104201963696128,3.445111358884653,3.445111358884653,1.5566604294419295,1.8884509294427234,-0.0,0,0.01,0.01,0.16440049999572387,0.3066254398553429,59.8463913485688,0.01,0.09892379683713096,0.1956267509912622,6.731601708131887,0.01,0.09387025121538171,0.18325455447222172,6.537225376750458,0.01,0.1140691177288069,0.38708814806601216,5.21947035225502,0.01,0.11140382667263861,0.3042006791166395,3.5470414390101976,0.01,0.07481646607084132,0.128462388539235,8.585020797518144
8.92,76.8243281825185,73.8625491115218,2.961779070996703,0.27484952949493985,31.004790499519263,0.11117695269735563,3.447018126756474,3.447018126756474,1.550783895166541,1.8962342315899332,-0.0,0,0.01,0.01,0.16445223255621558,0.30667995726097536,60.002414333412034,0.01,0.09897782988963547,0.19568126839689468,6.720601386676294,0.01,0.0939241284476377,0.18330907187785417,6.527105017061676,0.01,0.11394160085470377,0.3869624505518115,5.235460454994078,0.01,0.11127722978021162,0.30407498160243884,3.554783300330321,0.01,0.07476087168123242,0.12840698031638131,8.598359172160377
8.93,76.96834943600004,74.01837131685794,2.949978119142099,0.26910110706125967,30.982181805274024,0.11130891633020162,3.4485930822903414,3.4485930822903414,1.5446049312245758,1.903988151065766,-0.0,0,0.01,0.01,0.16450292919908216,0.30673337443441323,60.1550097459008,0.01,0.09903079997995974,0.19573468557033252,6.709110004842853,0.01,0.09397694371339213,0.18336248905129202,6.516491911166106,0.01,0.11381646663058051,0.3868391956282205,5.251994131792253,0.01,0.11115303307491617,0.30395172667884784,3.562895970470923,0.01,0.07470631083375057,0.1283526147640566,8.6123590267517
8.94,77.10855410725925,74.17084803298356,2.9377060742756926,0.26317430645381806,30.95798011177618,0.11143784144909424,3.449890479280327,3.449890479280327,1.538179303558438,1.911711175721889,-0.0,0,0.01,0.01,0.16455255824806228,0.30678565717096606,60.30399290843832,0.01,0.09908267565964124,0.19578696830688533,6.6970673380706325,0.01,0.09402866539877913,0.18341477178784482,6.505327822117758,0.01,0.11369379065524544,0.3867184684532009,5.2691572636348525,0.01,0.11103131623769152,0.3038309995038283,3.571427488883888,0.01,0.07465282227576324,0.12829933162454182,8.627092817140497
8.950000000000001,77.24495324074081,74.31987452558273,2.925078715158075,0.2570604733637385,30.932742154317157,0.11156365280546122,3.450969706025094,3.450969706025094,1.5315676337854134,1.919402072239681,-0.0,0,0.01,0.01,0.16460108528636805,0.3068367686503131,60.449191113740845,0.01,0.09913342219231748,0.19583807978623244,6.68443271414325,0.01,0.09407925866978599,0.18346588326719193,6.493573564202501,0.01,0.1135736575699623,0.3866003602913755,5.287010261191137,0.01,0.11091216693806007,0.30371289134200286,3.580409841536223,0.01,0.0746004478791766,0.12824717336818733,8.642604759538054
8.96,77.37755955199997,74.46534387738308,2.9122156746168963,0.25076055160688404,30.907043104086966,0.11168627358790369,3.4518924719161888,3.4518924719161888,1.5248325615075808,1.927059910408608,-0.0,0,0.01,0.01,0.16464847490687376,0.30688667130072605,60.59045070087809,0.01,0.09918300332146161,0.19588798243664535,6.671186747281119,0.01,0.09412868724296476,0.18351578591760484,6.48121068246864,0.01,0.11345615702804697,0.3864849642100213,5.305585534123802,0.01,0.11079567667285044,0.3035974952606487,3.5898576777198956,0.01,0.07454923076513827,0.12819618329418264,8.658909042316628
8.97,77.50638744548145,74.60715242215625,2.8992350233252093,0.24428485121753254,30.88145008811561,0.11180562997362849,3.452719981600931,3.452719981600931,1.518035908384785,1.9346840732161459,-0.0,0,0.01,0.01,0.16469469247627566,0.3069353286647863,60.72764322151682,0.01,0.09923138307507987,0.1959366398007056,6.657332100269484,0.01,0.09417691518995557,0.1835644432816651,6.46824218675202,0.01,0.11334137948887275,0.38637237075222847,5.324886278815558,0.01,0.1106819364866852,0.3034849018028558,3.599767835913755,0.01,0.0744992133916815,0.12814640361417778,8.675989449832441
8.98,77.6314530322963,74.7452049209889,2.8862481113074137,0.23765238501319333,30.856497046074452,0.11192165542170278,3.4535102299115343,3.4535102299115343,1.5112359771534645,1.9422742527580699,-0.0,0,0.01,0.01,0.16473970583004022,0.30698270717901927,60.86067042648957,0.01,0.09927852752162297,0.19598401831493853,6.64289326663428,0.01,0.09422390869020435,0.18361182179589802,6.4546923317736145,0.01,0.1132294120401886,0.3862626637918456,5.344886598402101,0.01,0.11057103277933081,0.303375194842473,3.6101196781076808,0.01,0.07445043569574133,0.128097873609885,8.693800381863454
8.99,77.75277414800003,74.87941924634978,2.873354901650248,0.2308898181214679,30.83266205131001,0.11203429451724917,3.4543155410072774,3.4543155410072774,1.5044851083634403,1.9498304326438372,-0.0,0,0.01,0.01,0.16478348682084634,0.3070287777865491,60.98946785531209,0.01,0.09932440639665538,0.19603008892246843,6.627915401140646,0.01,0.09426963765165082,0.18365789240342792,6.440605470191254,0.01,0.11312033444446747,0.3861559167604373,5.365532917448435,0.01,0.11046304339457848,0.30326844781106466,3.620876199485702,0.01,0.0744029333758597,0.12805062794982244,8.712269193050476
9.0,77.87037037037038,75.00973036994644,2.8606400004239414,0.22403009216614278,30.81034806926904,0.11214350620340524,3.455180459835147,3.455180459835147,1.497827601649493,1.9573528581856543,-0.0,0,0.01,0.01,0.1648260126526126,0.30707351731223803,61.11400687596959,0.01,0.09936899452877403,0.19607482844815724,6.612462261740849,0.01,0.09431407712819546,0.18370263192911673,6.426044039521852,0.01,0.11301421558782673,0.38605218941331737,5.386746603319874,0.01,0.11035803416588974,0.3031647204639447,3.6319858495550785,0.01,0.07435673639276168,0.12800469524042885,8.731299720966472
9.01,77.98426303718516,75.13609348974063,2.848169547444527,0.21711079970226757,30.78986793148771,0.11224926627235529,3.456140083932217,3.456140083932217,1.4912980877383153,1.9648419961939017,-0.0,0,0.01,0.01,0.16486726694454742,0.30711690954322307,61.234295094930175,0.01,0.09941227300530152,0.19611822067914236,6.596613359419839,0.01,0.09435720847485962,0.18374602416010186,6.41108577664903,0.01,0.11291111048492143,0.3859515252710749,5.408427659112109,0.01,0.11025605606677798,0.3030640563217023,3.6433849722651592,0.01,0.07431186775234114,0.1279600968734207,8.750776820692115
9.02,78.09447526399995,75.258486177691,2.835989086308963,0.21017239442653549,30.771434077862633,0.11235156902619864,3.4572188998341047,3.4572188998341047,1.4849204132015115,1.9722984866325932,-0.0,0,0.01,0.01,0.1649072404842998,0.3071589459736091,61.350375137736755,0.01,0.0994542300326976,0.19616025710952842,6.580460443931443,0.01,0.09439902019603322,0.1837880605904879,6.395820284720152,0.01,0.11281105796156472,0.38585394983650184,5.430459309925467,0.01,0.11015714308034327,0.3029664808871292,3.65500074700656,0.01,0.07426834262012816,0.12791684621519012,8.770571679573443
9.03,78.20103196192598,75.37690948041647,2.824122481509508,0.20325632821652545,30.755153375549764,0.1124504280608156,3.4584301621566085,3.4584301621566085,1.4787070734580077,1.9797230886986008,-0.0,0,0.01,0.01,0.16494593164545152,0.3071996261894749,61.46232188205161,0.01,0.09949486146265359,0.19620093732539418,6.56410348256805,0.01,0.09443950845827859,0.18382874080635364,6.380345106100771,0.01,0.11271407910043539,0.38575946964638863,5.452713266711281,0.01,0.11006131086433443,0.30287200069701603,3.6667544906463267,0.01,0.07422616779884325,0.12787494816611703,8.790547651268756
9.040000000000001,78.30395985540744,75.49138795743002,2.8125718979774192,0.19640320694173147,30.741027071751475,0.11254587616912468,3.459775826129051,3.459775826129051,1.4726592020631601,1.9871166240658908,-0.0,0,0.01,0.01,0.16498334646145554,0.30723895788842137,61.57023830542458,0.01,0.09953417097163189,0.19624026902434066,6.547646313896046,0.01,0.09447867725599984,0.18386807250530016,6.364761479602625,0.01,0.11262017649601691,0.38566807217538074,5.475055421425429,0.01,0.10996855624756142,0.3027806032260081,3.6785651639819457,0.01,0.07418534158209225,0.12783439909881772,8.810566323942483
9.05,78.40328750000008,75.601968693226,2.8013188067740673,0.18965105325873813,30.728955692136154,0.11263796440206927,3.461247017363596,3.461247017363596,1.4667670972873892,1.994479920076207,-0.0,0,0.01,0.01,0.1650194983648329,0.3072769565457048,61.674250182592495,0.01,0.09957216989835412,0.1962782676816241,6.531192177467054,0.01,0.09451653823506073,0.1839060711625836,6.3491699790278675,0.01,0.11252933432486993,0.3855797265671692,5.49735170592564,0.01,0.10987885755248192,0.3026922576177966,3.6903529156350117,0.01,0.07414585397857788,0.12779518716557783,8.83049352718488
9.06,78.49904530014817,75.70871936774348,2.790325932404685,0.18303375652500467,30.718748468405185,0.11272676036432604,3.4628249972899185,3.4628249972899185,1.4610112417272747,2.001813755562644,-0.0,0,0.01,0.01,0.165054407616189,0.30731364475566747,61.774499926656695,0.01,0.09960887675964228,0.19631495589158676,6.514839331279641,0.01,0.09455311019535027,0.18394275937254628,6.3336662407405,0.01,0.11244151919842854,0.38549438512885525,5.519473836957775,0.01,0.1097921756993613,0.3026069161794826,3.7020424935208607,0.01,0.07410768728335931,0.1277572929474724,8.850204985915434
9.07,78.59126552696289,75.81172551222659,2.779540014736304,0.176579778056896,30.710136678281643,0.11281234585529491,3.4644825602136864,3.4644825602136864,1.4553637484424065,2.00911881177128,-0.0,0,0.01,0.01,0.16508810046162833,0.3073490512918895,61.87113991196309,0.01,0.09964431647936037,0.1963503624278088,6.498676969421133,0.01,0.0945884183076331,0.18397816590876828,6.318336988372745,0.01,0.11235668172955883,0.3854119854893449,5.5413046725643476,0.01,0.10970845601145528,0.30252451653997225,3.713566359723043,0.01,0.0740708169565643,0.1277206904018668,8.86959134903295
9.08,78.67998233600002,75.91108711227771,2.768895223722316,0.1703111649491946,30.702790117815386,0.11289481399292142,3.466185779414474,3.466185779414474,1.4497901489009823,2.016395630513492,-0.0,0,0.01,0.01,0.1651206080688085,0.30738320994154605,61.96432563869553,0.01,0.09967851937737615,0.19638452107746537,6.482781641462216,0.01,0.09462249309216061,0.18401232455842487,6.303256551995337,0.01,0.11227475871274396,0.3853324532937698,5.562742922562477,0.01,0.10962763060985015,0.30244498434439715,3.724867359152744,0.01,0.074035212756334,0.12768534805188084,8.888562354911468
9.09,78.76523178503703,76.00691474542674,2.75831703961029,0.16424290846144357,30.696335806329603,0.11297426597720457,3.467896005909869,3.467896005909869,1.4442514246518723,2.023644581257997,-0.0,0,0.01,0.01,0.1651519653006628,0.3074161581783289,62.05420909974826,0.01,0.09971151997498269,0.19641746931424822,6.4672143518504726,0.01,0.09465536921597678,0.18404527279520771,6.288484055675069,0.01,0.11219567579229875,0.38525570528448594,5.58370698752738,0.01,0.10954962126227712,0.30236823633511334,3.7359008156479856,0.01,0.07400084006227897,0.12765123035158413,8.90704994361242
9.1,78.84705185185175,76.09932545584853,2.7477263960032023,0.15838266456449313,30.690377952948317,0.11305080766117935,3.4695720150076594,3.4695720150076594,1.438706176626403,2.0308658383812563,-0.0,0,0.01,0.01,0.16518220939140205,0.3074479357436491,62.140932689027146,0.01,0.0997433556797352,0.19644924687956833,6.452018482769824,0.01,0.09468708417227288,0.18407705036052782,6.274061412958749,0.01,0.1121193504744759,0.3851816526060242,5.604137746125222,0.01,0.10947434253337979,0.30229418365665156,3.7466359600790837,0.01,0.07396766131878062,0.1276182991545682,8.925010184360152
9.11,78.92548245200007,76.18843857356394,2.7370438784361326,0.15273083566609627,30.684518192178682,0.11312454609950987,3.4711721927723667,3.4711721927723667,1.4331128235079782,2.0380593692643885,-0.0,0,0.01,0.01,0.16521137859161722,0.30747858320753146,62.22462394887842,0.01,0.09977406541598033,0.19647989434345084,6.437218639073024,0.01,0.09471767690834235,0.18410769782441033,6.260012225357554,0.01,0.1120456953283443,0.38511020416680336,5.624000167200173,0.01,0.10940170507512699,0.3022227352174307,3.757056631741182,0.01,0.07393563752431116,0.1275865152112848,8.942423952511186
9.120000000000001,79.00056545659254,76.27437167975265,2.726193776839902,0.1472809948004703,30.678375123675703,0.11319558623882325,3.472656656979003,3.472656656979003,1.4274317235970746,2.0452249333819283,-0.0,0,0.01,0.01,0.1652395108481621,0.3075081405787124,62.30539139698255,0.01,0.09980368826743205,0.19650945171463172,6.422820462107144,0.01,0.09474718646861559,0.1841372551955912,6.246341627916991,0.01,0.11197462121715329,0.38504126989435195,5.643283687426056,0.01,0.10933161889547101,0.30215380094497934,3.7671612345052496,0.01,0.07390472969357842,0.127555839622098,8.95929635844686
9.13,79.07234471007408,76.35723690443643,2.715107805637643,0.14202061757693427,30.67160226466427,0.11326402790021292,3.4739892146491678,3.4739892146491678,1.4216271226492538,2.052362091999914,-0.0,0,0.01,0.01,0.16526664258019347,0.30753664602820935,62.383321603608316,0.01,0.09983226219509095,0.19653795716412867,6.408811404283705,0.01,0.09477565071603374,0.18416576064508816,6.23303707198725,0.01,0.11190604040641898,0.38497476373263184,5.662001363122813,0.01,0.10926399645067067,0.3020872947832592,3.7769619700018113,0.01,0.07387490022353642,0.12752623517812897,8.975654997479355
9.14,79.14086604799999,76.43713771897752,2.7037283290224714,0.13693207368914112,30.663903636839766,0.11332996318396694,3.4751390702397607,3.4751390702397607,1.4156688426266006,2.05947022761316,-0.0,0,0.01,0.01,0.1652928076056295,0.30756413478247424,62.458477615678895,0.01,0.09985982288785418,0.1965654459183935,6.395162402137058,0.01,0.09480310518890449,0.184193249399353,6.220069982415016,0.01,0.11183986940669012,0.384910606248842,5.680187871278194,0.01,0.10919875542125702,0.30202313729946934,3.7864834086762746,0.01,0.07384611410176321,0.1274976675302319,8.991547149900459
9.15,79.20617731481491,76.51416635517415,2.692010959640757,0.1319938193497136,30.655046355694395,0.11339347440085301,3.4760822141913947,3.4760822141913947,1.4095336423651017,2.066548571826293,-0.0,0,0.01,0.01,0.16531803626283334,0.30759063823170213,62.53089874774833,0.01,0.09988640279470054,0.19659194936762145,6.381830336714571,0.01,0.09482958214176522,0.18421975284858094,6.207398178807045,0.01,0.11177603142704585,0.38484872674152387,5.697896495249924,0.01,0.10913582105239936,0.30196125779215127,3.795760493252549,0.01,0.07381833990586753,0.12747010613726556,9.007036110634317
9.16,79.26832838162963,76.58840194708165,2.6799264345479767,0.12718172499322694,30.64486976017903,0.11345463260473133,3.476802439860953,3.476802439860953,1.4032061998228351,2.073596240038118,-0.0,0,0.01,0.01,0.1653423547611092,0.3076161832866112,62.600601689172336,0.01,0.09991203037684339,0.19661749442253054,6.368761129899698,0.01,0.09485510980815366,0.18424529790349004,6.194968911659717,0.01,0.11171445833874308,0.3847890647703846,5.715195280994447,0.01,0.10907512796514929,0.30190159582101195,3.8048360958937626,0.01,0.07379155055480692,0.1274435249575421,9.022196865710471
9.17,79.32737116400006,76.65990945304456,2.6674617109554926,0.12247046912866161,30.633290805143382,0.11351349676950241,3.4772919568488714,3.4772919568488714,1.3966796858116393,2.080612271037232,-0.0,0,0.01,0.01,0.16536578478124755,0.3076407920036945,62.66758281247315,0.01,0.09993672960629975,0.1966421031396138,6.355893296076054,0.01,0.09487971191114454,0.18426990662057327,6.182722336125434,0.01,0.11165509207573632,0.38473157105938127,5.732162586905779,0.01,0.10901662137421353,0.30184410211000867,3.813758268662835,0.01,0.07376572378657797,0.12741790286121735,9.03711135626824
9.18,79.38335963970376,76.72873937581947,2.654620263884285,0.11783492927642877,30.620305628270003,0.11357011362107072,3.4775515893145355,3.4775515893145355,1.3899559198482447,2.0875956694662907,-0.0,0,0.01,0.01,0.16538834333452812,0.30766448148530184,62.731821515808484,0.01,0.09996051972455595,0.1966657926212212,6.34316175211387,0.01,0.09490340743468298,0.18429359610218068,6.170595230843829,0.01,0.11159788542855983,0.38467620775662803,5.748882272823364,0.01,0.10896025767895524,0.30178873880725543,3.8225773362450033,0.01,0.07374084235093721,0.12739322375569914,9.051863580001347
9.19,79.43634986651851,76.79492826005333,2.6414216064651863,0.11325150427692453,30.60598738800221,0.11362451810369753,3.477590568049595,3.477590568049595,1.3830451189840631,2.094545449065532,-0.0,0,0.01,0.01,0.16541004287593786,0.30768726404759295,62.793284391530555,0.01,0.0999834152620795,0.1966885751835122,6.330501684823488,0.01,0.09492621065580213,0.1843163786644717,6.158524766009581,0.01,0.11154280221874383,0.384622948066003,5.765438780938745,0.01,0.10890600442563904,0.30173547911663035,3.831342980432277,0.01,0.07371689391991318,0.12736947643018137,9.066534775273704
9.200000000000001,79.48639999999999,76.85849991054474,2.6279000894552564,0.10869930855414131,30.59048064049342,0.11367673443125717,3.4774259438938846,3.4774259438938846,1.3759652692334323,2.1014606746604523,-0.0,0,0.01,0.01,0.16543089165547972,0.3077091476370286,62.851929985096845,0.01,0.1000054263069752,0.1967104587729479,6.31785228282899,0.01,0.09494813142538608,0.1843382622539074,6.146452133083844,0.01,0.11148981687098806,0.3845717752944994,5.7819123541967095,0.01,0.10885383966898288,0.3016843063451268,3.840101458326423,0.01,0.07369387073219821,0.1273466541385065,9.081198916444192
9.21,79.5335703112593,76.9194672432073,2.614103068052006,0.10416118769576957,30.573992674491503,0.11372677764874999,3.477081666726406,3.477081666726406,1.3687411657197868,2.1083405010066194,-0.0,0,0.01,0.01,0.1654508942808763,0.3077301364651905,62.907713893820606,0.01,0.10002655899971466,0.19673144760110975,6.305160157638091,0.01,0.09496917567383567,0.18435925108206924,6.1343258661369875,0.01,0.11143891342829487,0.38452268138510526,5.798374618015379,0.01,0.10880375078845803,0.30163521243573266,3.848893081946297,0.01,0.07367176899946881,0.12732475395114687,9.095918721872644
9.22,79.57792320474078,76.97783465474205,2.6000885499987243,0.09962451543367348,30.55678234712513,0.11377465560894678,3.476587388061706,3.476587388061706,1.3614031812264882,2.115184206835218,-0.0,0,0.01,0.01,0.16547005245615332,0.30775023182275135,62.96059395134219,0.01,0.10004681622110104,0.19675154295867064,6.292382304017397,0.01,0.09498934610831769,0.18437934643963014,6.122104709864726,0.01,0.11139008407987398,0.38447566502627717,5.814884721305855,0.01,0.10875573283828603,0.30158819607690457,3.857750067399043,0.01,0.07365058811277135,0.12730377591670577,9.110742341427605
9.23,79.61952323599995,77.03360077765228,2.585922458347673,0.0950817441899651,30.539147056268277,0.11382037125397965,3.475977055724335,3.475977055724335,1.3539858329829846,2.12199122274135,-0.0,0,0.01,0.01,0.1654883658538522,0.30776943302671017,63.01053525160507,0.01,0.10006619843288606,0.19677074416262946,6.279488480212397,0.01,0.0950086430606447,0.18439854764358896,6.109759918925599,0.01,0.11134332729181474,0.3844307294451048,5.831486195516151,0.01,0.1087097865287655,0.3015432604957322,3.866694838570816,0.01,0.07363032969494071,0.12728372208061617,9.125700850259532
9.24,79.65843712948148,77.08676147500174,2.5716756544797468,0.0905306941860585,30.52140854366362,0.11386392508249096,3.4752873758278144,3.4752873758278144,1.3465262239215492,2.1287611519062652,-0.0,0,0.01,0.01,0.16550583307419545,0.3077877384507497,63.057514783472286,0.01,0.1000847046250236,0.19678904958666898,6.266462922035,0.01,0.0950270654395184,0.18441685306762848,6.097276905917246,0.01,0.11129864564547588,0.3843878800015377,5.848204648475894,0.01,0.10866591594974631,0.3015004110521651,3.875738844916417,0.01,0.07361099655032405,0.12726459541341895,9.140806632087397
9.25,79.69473379629628,77.13731292447923,2.5574208718170555,0.0859745790848134,30.503898246150076,0.11390531767976063,3.4745562201988176,3.4745562201988176,1.3390624371729443,2.1354937830258733,-0.0,0,0.01,0.01,0.16552245264251608,0.3078051465868749,63.101525473402425,0.01,0.1001023333205882,0.1968064577227942,6.253305339205799,0.01,0.09504461173803565,0.1844342612037537,6.084656188636955,0.01,0.11125604349777528,0.3843471217053299,5.865046365615329,0.01,0.10862412615437411,0.30145965275595726,3.8848819266846313,0.01,0.07359259156572402,0.12724639870303214,9.156052691139344
9.26,79.72848435200008,77.18525464379812,2.543229708201963,0.08142177865922912,30.48694290070741,0.11394455219092822,3.4738210564915044,3.4738210564915044,1.3316319612797667,2.1421890952117377,-0.0,0,0.01,0.01,0.16553822399664447,0.30782165708730364,63.14257946735856,0.01,0.10011908358892917,0.19682296822322295,6.240031176295439,0.01,0.09506128104701228,0.18445077170418245,6.071913620269915,0.01,0.11121552458087904,0.38430845677570646,5.881997846766167,0.01,0.10858442072257149,0.30142098782633386,3.8941122349031594,0.01,0.07357511661644317,0.12722913346477857,9.17141288772339
9.27,79.75976213437038,77.23059231881238,2.5291698155580016,0.07688538050156979,30.47085106465038,0.1139816366256238,3.4731174737244817,3.4731174737244817,1.3242702187063449,2.148847255018137,-0.0,0,0.01,0.01,0.16555314841860655,0.3078372717387784,63.18071052310039,0.01,0.1001349560195721,0.19683858287469772,6.2266711529890335,0.01,0.09507707402672727,0.1844663863556572,6.059079917594048,0.01,0.11117708965630772,0.3842718823564725,5.899026263863573,0.01,0.10854679941930748,0.30138441340709987,3.9034066885247993,0.01,0.07355857152871458,0.1272127989197699,9.186843051010769
9.28,79.78864272118513,77.27334031125217,2.5153024099329473,0.07238252280912379,30.45590113878472,0.1140165858953984,3.47247786821201,3.47247786821201,1.3170092621003415,2.1554686061116684,-0.0,0,0.01,0.01,0.16556722986969263,0.3078519953267971,63.215975429294225,0.01,0.10014995361349927,0.19685330646271637,6.213270128557649,0.01,0.0950919937939013,0.18448110994367586,6.046199531639958,0.01,0.11114073433059188,0.384237388486947,5.916080784803242,0.01,0.10851125605300416,0.30134991953757434,3.9127319280805937,0.01,0.07354295314487058,0.12719739108678546,9.202282884316508
9.290000000000001,79.81520394799992,77.3135237436934,2.5016802043065294,0.06793357838839247,30.442331383288813,0.11404942350248089,3.4719303443355707,3.4719303443355707,1.3098766919134008,2.16205365242217,-0.0,0,0.01,0.01,0.16558047569440043,0.30786583635438547,63.248454415869496,0.01,0.10016408255442413,0.19686714749030476,6.199885362681628,0.01,0.0951060466867885,0.18449495097126425,6.033328931787612,0.01,0.11110644712696127,0.3842049564124788,5.933094672553822,0.01,0.10847777662513453,0.30131748746310616,3.922045704579359,0.01,0.07352825453065816,0.12718290202538998,9.217658545035105
9.3,79.83952592592594,77.35118008408462,2.488345841841318,0.06356122588340773,30.4303322992999,0.11408018281860291,3.4714978719349694,3.4714978719349694,1.3028948360532322,2.168603035881737,-0.0,0,0.01,0.01,0.1655928971665538,0.3078788075885443,63.278250569693014,0.01,0.10017735283013958,0.19688011872446357,6.186584268606856,0.01,0.09511924287878773,0.18450792220542306,6.020534397581483,0.01,0.11107420789098534,0.3841745572983615,5.949988037299107,0.01,0.1084463378440695,0.3012870883489888,3.9312986248650668,0.01,0.07351446435556798,0.12716931925912422,9.232885753884519
9.31,79.86169105940738,77.38636017951582,2.475330879891566,0.059289457643936484,30.420041619926813,0.1141089079148419,3.471197727973887,3.471197727973887,1.2960802179118835,2.1751175100620035,-0.0,0,0.01,0.01,0.16560450985962394,0.30789092641694094,63.305488317934994,0.01,0.10018977868252245,0.19689223755286023,6.173441774650162,0.01,0.09513159681953684,0.18452004103381972,6.007889432114729,0.01,0.11104398658858716,0.3841461513887938,5.96667109382827,0.01,0.10841690605556126,0.30125868243942117,3.940436160726385,0.01,0.07350156646738176,0.12715662539767814,9.24787326800071
9.32,79.88178406400007,77.41912871749147,2.4626553465085976,0.055142574515646144,30.41154201946233,0.11413565392648366,3.4710412353040687,3.4710412353040687,1.289443324152506,2.1815979111515627,-0.0,0,0.01,0.01,0.1656153338324621,0.30790221500726983,63.330311086529214,0.01,0.1002013788738606,0.19690352614318912,6.1605374252004035,0.01,0.09514312749157326,0.18453132962414862,5.995471925590965,0.01,0.11101574253351262,0.38411968762931,5.983047757341592,0.01,0.10838943662001836,0.3012322186799373,3.9494008193126464,0.01,0.07348953967187404,0.1271447979665342,9.262526539911537
9.33,79.89989198414816,77.44956412132312,2.45032786282503,0.05114421619673911,30.404861515598174,0.11416048695966638,3.4710337965619074,3.4710337965619074,1.282988668789582,2.1880451277723254,-0.0,0,0.01,0.01,0.16562539363084455,0.307912700271497,63.35287827969474,0.01,0.10021217676637209,0.19691401140741624,6.147952362421596,0.01,0.09515385847987196,0.18454181488837573,5.983361207469431,0.01,0.11098942405926616,0.38409510374800926,5.999019399260584,0.01,0.10836387374407887,0.3012076347986366,3.9581343673092575,0.01,0.07347835771825917,0.1271338094421915,9.276751380662878
9.34,79.91610421096311,77.47775791299159,2.4383462979715125,0.04731647183372393,30.399976412993656,0.11418348356793925,3.471175207218802,3.471175207218802,1.2767151361025286,2.194460071116273,-0.0,0,0.01,0.01,0.16563471811396757,0.3079224136464339,63.37336175733574,0.01,0.10022220022066734,0.19692372478235323,6.135766333567338,0.01,0.09516381786045978,0.18455152826331273,5.971635129096379,0.01,0.11096496862881909,0.3840723267690963,6.0144885810179085,0.01,0.10834015075203633,0.3011848578197237,3.9665800012381585,0.01,0.07346798948106731,0.1271236274812652,9.290457450526057
9.35,79.93051249999995,77.5038136006958,2.42669889930415,0.04367910951257322,30.396816523300053,0.11420472984587718,3.4714602192181783,3.4714602192181783,1.2706165724213925,2.200843646796786,-0.0,0,0.01,0.01,0.16564334012291868,0.3079313907103324,63.391942007343694,0.01,0.10023148132706756,0.1969327018462517,6.12405486598255,0.01,0.09517303792245918,0.1845605053272112,5.9603673157136186,0.01,0.11094230335507563,0.38405127391273536,6.029362588754182,0.01,0.10831819076245605,0.30116380496336276,3.9746843613597176,0.01,0.0734583993201393,0.12711421532296496,9.303561414257713
9.36,79.94321098903698,77.52784516824235,2.4153658207946354,0.040248955631349635,30.395272301793046,0.11422432020272226,3.471879316048944,3.471879316048944,1.2646825863900513,2.2071967296588926,-0.0,0,0.01,0.01,0.16565129601483877,0.30793967066207945,63.40880421861813,0.01,0.10024005599079283,0.19694098179799877,6.112886742017517,0.01,0.09518155474498617,0.18456878527895826,5.9496247168351335,0.01,0.11092134588704824,0.3840318538188949,6.043556605280163,0.01,0.10829790771773566,0.3011443848695222,3.9823992967943322,0.01,0.07344954759275733,0.12710553233709887,9.315989620009661
9.370000000000001,79.95429621585191,77.54997525862487,2.4043209572270383,0.037039446287920205,30.395203467725906,0.11424235589103125,3.47241965194025,3.47241965194025,1.258899509349407,2.213520142590843,-0.0,0,0.01,0.01,0.165658625091704,0.3079472956948287,63.42413445813858,0.01,0.10024796339779755,0.19694860683074797,6.102321889314639,0.01,0.09518940765604511,0.18457641031170746,5.9394655672387655,0.01,0.11090200560169171,0.3840139680204008,6.056996377318988,0.01,0.10827920770015366,0.3011264990710281,3.9896833043522064,0.01,0.07344139128590077,0.1270975346841206,9.327680189564225
9.38,79.96386713600002,77.57033315406814,2.393533981931888,0.0340603632972792,30.396448627123316,0.11425894337310727,3.4730661024300473,3.4730661024300473,1.2532514622924573,2.21981464013759,-0.0,0,0.01,0.01,0.16566536895621747,0.30795431029933373,63.438116140516485,0.01,0.10025524539225948,0.19695562143525303,6.09240977893298,0.01,0.0951966386047265,0.18458342491621252,5.9299378479624965,0.01,0.11088418502994224,0.3839975125822463,6.069620264808158,0.01,0.10826199045764023,0.30111004363287364,3.9965025822560025,0.01,0.07343388473245863,0.12709017605004433,9.338584441542206
9.39,79.97202514059262,77.58905265923975,2.3829724813528683,0.03131775780009703,30.398835393945298,0.11427419261139689,3.473802370969854,3.473802370969854,1.247721473520802,2.226080897449052,-0.0,0,0.01,0.01,0.16567157082910747,0.30796076053378696,63.450926954352305,0.01,0.10026194579930457,0.19696207166970625,6.083188395616165,0.01,0.09520329148050795,0.18458987515066574,5.921078308817331,0.01,0.11086778143805973,0.383982379820533,6.081380593547329,0.01,0.10824615105640918,0.30109491087116036,4.002831661591447,0.01,0.07342698037305248,0.12708340841737917,9.348667606587217
9.4,79.97887407407399,77.60626999333377,2.372604080740222,0.02881405514837915,30.402190508271993,0.11428821536811212,3.4746120964717635,3.4746120964717635,1.2422925916551075,2.232319504816656,-0.0,0,0.01,0.01,0.16567727486219183,0.307966693296629,63.46273637690629,0.01,0.10026810972743397,0.19696800443254828,6.074683812991666,0.01,0.09520941141424757,0.18459580791350777,5.912912082854846,0.01,0.11085268848204077,0.38396846001517093,6.092244270682968,0.01,0.10823158157579474,0.3010809910657983,4.008653601410947,0.01,0.073420629524938,0.1270771828335559,9.357908831402655
9.41,79.98452025200004,77.6221217906576,2.362398461342443,0.02654832631691888,30.406349476870528,0.11430112359436191,3.47547990960914,3.47547990960914,1.2369489418342083,2.2385309677749317,-0.0,0,0.01,0.01,0.16568252547996754,0.30797215563669794,63.47370387008607,0.01,0.10027378288435403,0.19697346677261726,6.066910373186446,0.01,0.09521504409459017,0.18460127025357675,5.905452890500594,0.01,0.11083879785360165,0.3839556430353641,6.102192662148246,0.01,0.10821817276300606,0.3010681740859915,4.013959756717314,0.01,0.07341478312115092,0.12707145014050675,9.366300505531596
9.42,79.98907247881486,77.63674329879863,2.352329180016219,0.02451670387686988,30.411165309496067,0.11431302798052335,3.476392390944745,3.476392390944745,1.2316766784606425,2.2447157124841026,-0.0,0,0.01,0.01,0.16568736677939824,0.30797719413145425,63.483977809649026,0.01,0.1002790109376087,0.1969785052673735,6.059871438026608,0.01,0.09522023513109883,0.184606308748333,5.8987037995239895,0.01,0.1108260008407839,0.38394381980546577,6.111220769712571,0.01,0.10820581557170732,0.30105635085609317,4.018749150479699,0.01,0.07340939238646126,0.12706616163289144,9.373846977802627
9.43,79.99264206562962,77.65026684919742,2.3423752164322003,0.022712914871607155,30.416515990099253,0.11432403672807233,3.4773388911921064,3.4773388911921064,1.2264647953157004,2.250874095876406,-0.0,0,0.01,0.01,0.16569184201322715,0.3079818543590972,63.4936951580522,0.01,0.1002838389477565,0.1969831654950165,6.053560649232839,0.01,0.09522502949166763,0.18461096897597598,5.892658478018822,0.01,0.11081418973419692,0.3839328835503513,6.119335780486491,0.01,0.10819440251784287,0.3010454146009787,4.023027500123194,0.01,0.07340440942152035,0.12706126961764921,9.380562757324702
9.44,79.99534284799985,77.66282065793648,2.3325221900633633,0.021128898944131252,30.422310401364367,0.11433425458935657,3.478312182626024,3.478312182626024,1.2213057627730395,2.2570064198529844,-0.0,0,0.01,0.01,0.165695993176831,0.30798618048452175,63.50298185230007,0.01,0.10028831089705631,0.1969874916204411,6.047963610052683,0.01,0.09522947103690348,0.1846152951014006,5.887302853533113,0.01,0.11080325902072234,0.3839227307732834,6.126555091353538,0.01,0.10818382879830438,0.3010352618239108,4.026805964511499,0.01,0.07339978767251167,0.12705672785375882,9.386470315252831
9.450000000000001,79.99729120370372,77.67452799576765,2.3227632079360823,0.019755477861815605,30.428492509188946,0.11434378220663613,3.4793089203469596,3.4793089203469596,1.2161959716801096,2.26311294866685,-0.0,0,0.01,0.01,0.1656998607126607,0.3079902149725836,63.511953843751115,0.01,0.10029246933100992,0.1969915261085029,6.043059882034883,0.01,0.09523360216847694,0.18461932958946242,5.882617073560369,0.01,0.11079310631949689,0.3839132619344977,6.132903933382448,0.01,0.10817399313213573,0.3010257929851251,4.0300996885415445,0.01,0.07339548227028382,0.12705249185793072,9.391597617104317
9.46,79.99860607051856,77.6855067468685,2.313099323650075,0.018583042152690212,30.43504370590659,0.11435271576594609,3.480329902225683,3.480329902225683,1.2111359737004324,2.2691939285252505,-0.0,0,0.01,0.01,0.16570348334001966,0.3079939984354017,63.5207186981776,0.01,0.10029635512395642,0.196995309571321,6.038825178858245,0.01,0.09523746360224117,0.1846231130522805,5.878577651589985,0.01,0.11078363302942748,0.3839043818145986,6.138412735691352,0.01,0.10816479829919845,0.30101691286522597,4.032926228645411,0.01,0.07339145022998428,0.12704851906906925,9.395975521416233
9.47,79.99940896399997,77.69586935652406,2.3035396074759147,0.017602221801497175,30.441983302711986,0.11436114696574917,3.4813801264103277,3.4813801264103277,1.206130518016575,2.275249608393753,-0.0,0,0.01,0.01,0.1657068980116321,0.30799756961377733,63.5293776433763,0.01,0.10030000737355035,0.19699888074969654,6.035233634944508,0.01,0.09524109427053057,0.18462668423065604,5.875159679326291,0.01,0.11077474467260011,0.3838959995625181,6.1431143742145435,0.01,0.10815615136677113,0.3010085306131454,4.03530394386389,0.01,0.073387650509259,0.12704476887136776,9.39963517914743
9.48,79.9998239952593,77.70572314977657,2.29410084548273,0.01680451067618025,30.44936724840037,0.11436916328566937,3.482468654777615,3.482468654777615,1.2011883937937795,2.2812802609838356,-0.0,0,0.01,0.01,0.1657101399924534,0.3080009654865414,63.53802793692819,0.01,0.10030346342269508,0.19700227662246064,6.0322600293347035,0.01,0.09524453135179207,0.18463008010342014,5.872338988820948,0.01,0.1107663509329671,0.3838880284425169,6.14704144851792,0.01,0.10814796360966436,0.3010005594931443,4.037250433838437,0.01,0.0733840439298005,0.12704120248250064,9.402605559768931
9.49,79.99997788874083,77.71517098685857,2.284806901882265,0.016182818329764325,30.457285229540144,0.1143768485274647,3.483608299256901,3.483608299256901,1.1963220963040966,2.2872862029528043,-0.0,0,0.01,0.01,0.16571324305073884,0.3080042214960539,63.54676542090119,0.01,0.10030675900164183,0.1970055326319732,6.029881854652218,0.01,0.09524781041986743,0.1846333361129327,5.870094157861451,0.01,0.11075836540391636,0.3838803853078714,6.1502237200673555,0.01,0.10814015014340311,0.30099291635849873,4.038781097817985,0.01,0.0733805929731127,0.12703778271927568,9.404911216095421
9.5,80.0,77.72431220755954,2.275687792440458,0.01573192777608879,30.46585637334199,0.11438428358932992,3.4848151552001445,3.4848151552001445,1.1915473417658196,2.293267813434325,-0.0,0,0.01,0.01,0.1657162397467418,0.30800737187336064,63.55568712969984,0.01,0.10030992847776654,0.19700868300927993,6.0280811354329655,0.01,0.09525096570009373,0.18463648649023942,5.868408266256251,0.01,0.11075070507110915,0.38387298983996354,6.152685829312292,0.01,0.10813262930226356,0.3009855208905909,4.03990787824325,0.01,0.07337726146657357,0.12703447365807313,9.406570381278257
9.51,79.99997788874074,77.73324380605047,2.266734082690285,0.01544884347376932,30.475020391710594,0.11439154742600134,3.4860847404467203,3.4860847404467203,1.1868591903035663,2.299225550143154,-0.0,0,0.01,0.01,0.16571916180072038,0.308010450042855,63.564893824580395,0.01,0.1003130051962135,0.19701176117877436,6.026845918613462,0.01,0.09525403041512874,0.18463956465973386,5.867270329029823,0.01,0.11074328956779293,0.3838657636001047,6.154445388069551,0.01,0.10812532180397895,0.3009782946507321,4.040638239505361,0.01,0.07337401418002265,0.12703124021125395,9.407593469710163
9.52,79.99982399525925,77.74206083339952,2.257763161859722,0.015329773743022001,30.483924585212403,0.11439871737929204,3.487321873235366,3.487321873235366,1.182162027140694,2.305159846094672,-0.0,0,0.01,0.01,0.16572204031263474,0.30801348876084367,63.57448318411793,0.01,0.10031602177711366,0.19701479989676293,6.026166075416723,0.01,0.09525703707851789,0.18464260337772243,5.866670896600109,0.01,0.11073604045603919,0.38385862970547097,6.155516636721278,0.01,0.1081181500522462,0.3009711607560983,4.04097851975836,0.01,0.07337081656807361,0.12702804798261805,9.407991436469999
9.53,79.999408964,77.75085229335787,2.2485566706421323,0.015357505792548616,30.491549975436367,0.1144058658432322,3.488412175841983,3.488412175841983,1.1773415196116077,2.3110706562303753,-0.0,0,0.01,0.01,0.16572490483085262,0.3080165187009306,63.584511821818815,0.01,0.1003190096638017,0.1970178298368499,6.026008799103901,0.01,0.09526001699893194,0.1846456333178094,5.866577110318866,0.01,0.11072888191329733,0.38385151615117796,6.1559349420292175,0.01,0.10811103938409095,0.3009640472018053,4.040952577225769,0.01,0.07336763572520727,0.12702486475433375,9.407815091344572
9.540000000000001,79.99860607051852,77.75969290880055,2.2389131617179645,0.015499582322408268,30.49695331959774,0.1144130535732118,3.489249553974876,3.489249553974876,1.1722921901464423,2.3169573638284335,-0.0,0,0.01,0.01,0.16572778081906203,0.3080195656161627,63.59497357933121,0.01,0.10032199713037868,0.19702087675208205,6.026297747901066,0.01,0.09526299821038099,0.18464868023304154,5.866912661709063,0.01,0.11072174466067182,0.3838443624743966,6.155782228042546,0.01,0.10810392312213363,0.30095689352502397,4.040616273077152,0.01,0.07336444313921985,0.1270216634696256,9.407172037052066
9.55,79.9972912037037,77.76863505703427,2.228656146669427,0.015710644918919665,30.499306056548146,0.11442032313570161,3.4897404544049,3.4897404544049,1.1669216296257345,2.3228188247791657,-0.0,0,0.01,0.01,0.16573068696914153,0.3080226475592155,63.60579512678018,0.01,0.10032500664220727,0.1970239586951348,6.026910519490345,0.01,0.0952660027978682,0.18465176217609433,5.867556196260686,0.01,0.11071457171525353,0.3838371262834499,6.155194175550716,0.01,0.10809674900576641,0.3009496573340773,4.040058335615038,0.01,0.07336121767927367,0.127018425155518,9.406221819744706
9.56,79.995342848,77.77770221665254,2.217640631347466,0.015935335486258115,30.497926181353456,0.11442769359024638,3.489807352217866,3.489807352217866,1.1611539192905718,2.328653432927294,-0.0,0,0.01,0.01,0.16573363295725785,0.3080257726233737,63.61683730971229,0.01,0.10032805237856315,0.19702708375929306,6.027685242199134,0.01,0.0952690444289829,0.18465488724025256,5.8683482354856125,0.01,0.11070732419964638,0.3838297885654386,6.154355515216203,0.01,0.10808948506802027,0.30094231961606593,4.039395220336404,0.01,0.07335794811343019,0.1270151412994511,9.405165484551528
9.57,79.99264206562964,77.78688417290097,2.2057578927286663,0.016111521356415387,30.492301823779023,0.11443515660407128,3.4893913344227605,3.4893913344227605,1.1549321318990136,2.334459202523747,-0.0,0,0.01,0.01,0.16573661775924312,0.3080289372894445,63.62789961434757,0.01,0.10033113823244888,0.19703024842536387,6.028430272296577,0.01,0.0952721263836021,0.18465805190632337,5.869100812102075,0.01,0.11069998630081385,0.38382235757233224,6.1534900111240525,0.01,0.10808212429610292,0.3009348886229596,4.0387641282824855,0.01,0.07335463501095942,0.12701181559017544,9.40423362286808
9.58,79.98907247881482,77.79613411252771,2.1929383662871094,0.016173660628363576,30.482105857923674,0.11444267410504055,3.4884537067337065,3.4884537067337065,1.1482198435504642,2.3402338631832422,-0.0,0,0.01,0.01,0.16573962857629723,0.30803212542377856,63.63872722402557,0.01,0.10033425640625661,0.19703343655969788,6.028935077866177,0.01,0.09527524018746696,0.18466124004065737,5.869608119201426,0.01,0.1106925689618853,0.38381487117917173,6.15284803756489,0.01,0.1080746878440357,0.30092740222979913,4.038315318504173,0.01,0.07335129197065941,0.12700846497522167,9.403673740263379
9.59,79.98452025200001,77.80536764024545,2.179152611754564,0.016056143099166777,30.467201344627156,0.11445017749792244,3.4869766017575192,3.4869766017575192,1.1410016393565248,2.3459749624009945,-0.0,0,0.01,0.01,0.16574264038852496,0.3080353079385288,63.64902013819573,0.01,0.1003373866505763,0.19703661907444808,6.028981372708114,0.01,0.09527836489094517,0.18466442255540758,5.869657335483294,0.01,0.11068511211815198,0.383807397687806,6.152693273861692,0.01,0.10806722670973183,0.3009199287384334,4.038204270954424,0.01,0.07334794615414214,0.12700512002288394,9.403737615732844
9.6,79.97887407407407,77.81446365928207,2.1644104147920014,0.015696457426277816,30.447638041991382,0.11445756839557944,3.484962613675075,3.484962613675075,1.133282643077298,2.351679970597777,-0.0,0,0.01,0.01,0.16574561612356906,0.30803844309439943,63.65844380923508,0.01,0.10034049615175261,0.19703975423031875,6.028353851837065,0.01,0.09528146699526738,0.18466755771127827,5.869039024785826,0.01,0.11067768541877228,0.38380003512191124,6.153289494671566,0.01,0.10805982187683683,0.30091256617253864,4.03858411054509,0.01,0.07334463813637876,0.1270018246089544,9.40466924034598
9.61,79.97202514059259,77.8232669781371,2.1487581624555,0.015038052791126194,30.423640610690043,0.11446472075100969,3.4824335267317137,3.4824335267317137,1.1250871429185505,2.357346383813163,-0.0,0,0.01,0.01,0.1657485074002714,0.30804147739845816,63.66664075420547,0.01,0.10034354004067063,0.19704278853437746,6.02685002608831,0.01,0.0952845009964894,0.18467059201533692,5.867556636354189,0.01,0.11067038746783943,0.38379290912389097,6.154888168805517,0.01,0.10805258299431604,0.3009054401745183,4.039598627449126,0.01,0.07334142111587978,0.12699863497741623,9.406693835000095
9.620000000000001,79.963867136,77.83159243630324,2.132274699696768,0.014032784224762541,30.395589480197,0.11447148421961328,3.4794282415282143,3.4794282415282143,1.116456422000458,2.3629718195277563,-0.0,0,0.01,0.01,0.16575125578348524,0.3080443470256877,63.67324261666437,0.01,0.10034646246678877,0.197045658161607,6.024288775757071,0.01,0.09528741048962086,0.18467346164256648,5.8650347472322055,0.01,0.110663343692019,0.38378616962029977,6.157717406624557,0.01,0.10804564572989481,0.30089870067092717,4.041376160339891,0.01,0.07333835955317818,0.12699561824935884,9.410008350439153
9.63,79.95429621585185,77.8392302851258,2.115065930726058,0.012642854482773679,30.363995620052517,0.11447768853516872,3.476000033275599,3.476000033275599,1.1074459316378404,2.3685541016377587,-0.0,0,0.01,0.01,0.1657537944665459,0.3080469796734462,63.67788218215274,0.01,0.10034919815759603,0.19704829080936553,6.02051735974284,0.01,0.095290129752068,0.18467609429032503,5.861325799193143,0.01,0.11065670300237695,0.38377998646828626,6.161972652896732,0.01,0.10803916798653813,0.30089251751891366,4.044024540925501,0.01,0.07333552732812319,0.1269928504749162,9.414773753317963
9.64,79.94321098903703,77.84595251755907,2.0972584714779523,0.010842191139753708,30.329470669278788,0.11448314864894839,3.4722132990749635,3.4722132990749635,1.0981219677790155,2.374091331295948,-0.0,0,0.01,0.01,0.1657560502830061,0.3080492967433643,63.68020488581574,0.01,0.10035167436509189,0.19705060787928355,6.015416723694714,0.01,0.09529258570745494,0.18467841136024304,5.856315184505892,0.01,0.11065063346598555,0.38377454433008024,6.1678093932710825,0.01,0.10803332521286013,0.30088707538070764,4.047627232458864,0.01,0.07333300552332221,0.1269904143385434,9.421109304247047
9.65,79.93051249999999,77.85151981326686,2.078992686733135,0.008617224545106992,30.292694012233035,0.11448767035990916,3.4681399663861296,3.4681399663861296,1.0885580252512872,2.3795819411348424,-0.0,0,0.01,0.01,0.1657579459394173,0.308051215735761,63.67987938963806,0.01,0.10035381308810412,0.1970525268716803,6.008905042649031,0.01,0.09529470015853492,0.18468033035263978,5.8499246217204695,0.01,0.11064531723784296,0.38377003704500756,6.175338027003964,0.01,0.1080283050676154,0.30088256809563496,4.052240734688059,0.01,0.07333087995249284,0.12698839663809858,9.429088941546441
9.66,79.91610421096297,77.85568875372388,2.0604154572390843,0.005967059547104444,30.254378448556892,0.11449105615522952,3.463855741895293,3.463855741895293,1.0788310106341936,2.3850247312610993,-0.0,0,0.01,0.01,0.16575940235632663,0.30805265273755533,63.67660685073536,0.01,0.10035553345250818,0.19705396387347462,6.000939507818802,0.01,0.0952963921714934,0.18468176735443412,5.84211383239694,0.01,0.11064094502499199,0.3837666617785054,6.184620957745258,0.01,0.10802430171465918,0.3008791928291327,4.057893274549341,0.01,0.07332923855830276,0.12698688566280414,9.438739799225752
9.67,79.89989198414816,77.85821896561406,2.041673018534097,0.002903060531096334,30.2152360892801,0.11449311098443347,3.459436378990806,3.459436378990806,1.0690174926765361,2.39041888631427,-0.0,0,0.01,0.01,0.16576034100522033,0.3080535248858494,63.6701285517707,0.01,0.10035675413061762,0.19705483602176876,5.991516424070614,0.01,0.09529758049339918,0.18468263950272826,5.832880583047818,0.01,0.11063771036233047,0.3837646132251647,6.19567186874968,0.01,0.10802151002791376,0.30087714427579204,4.064584755971908,0.01,0.07332816880445372,0.1269859685942098,9.450042809660712
9.68,79.881784064,77.85887986926225,2.0229041947377384,-0.0005521056131023332,30.175946024166333,0.11449364770629242,3.4549541332949953,3.4549541332949953,1.0591901595173425,2.395763973777653,0.0,0,0.01,0.01,0.1657606861346477,0.3080537526956805,63.660231624173704,0.01,0.10035739568582062,0.1970550638315998,5.980669727586151,0.01,0.09529818588952475,0.18468286731255928,5.822259197072248,0.01,0.11063580397389308,0.3837640781283724,6.208457077495383,0.01,0.10802011997640097,0.3008766091789997,4.0722879025121,0.01,0.07332775518148264,0.1269857290479509,9.462935270254556
9.69,79.8616910594074,77.85745671089836,2.0042343485090393,-0.004365038947000549,30.13712529698819,0.11449249195016806,3.4504745754666266,3.4504745754666266,1.049414650891387,2.4010599245752395,0.0,0,0.01,0.01,0.16576030464524288,0.30805326214110074,63.651852210607544,0.01,0.10035732289565588,0.19705457327702008,5.9700214880125495,0.01,0.09529806509176526,0.18468237675797958,5.812213962287302,0.01,0.11063538299555231,0.3837652303778419,6.223136884686532,0.01,0.1080201783617298,0.3008777614284692,4.082151086716354,0.01,0.07332798117444375,0.12698624487363708,9.484414752980385
9.700000000000001,79.83952592592593,77.85376210555816,1.9857638203677643,-0.008467361025559329,30.099273383965333,0.11448949145189194,3.4460505028016577,3.4460505028016577,1.0397435049719617,2.406306997829696,0.0,0,0.01,0.01,0.16575917913325727,0.30805198863577826,63.641193070320945,0.01,0.1003563508892377,0.19705329977169755,5.962719339114626,0.01,0.09529706535400627,0.18468110325265705,5.805225810687919,0.01,0.11063614956248857,0.38376822164514707,6.243917225773716,0.01,0.10802150845885142,0.3008807526957744,4.097145607697888,0.01,0.07332892252650723,0.1269875839571444,9.513918908173604
9.71,79.815203948,77.84765798934295,1.9675459586570596,-0.012764476741756873,30.062666585102757,0.11448453384858007,3.4417103702407736,3.4417103702407736,1.0302046548862176,2.411505715354556,0.0,0,0.01,0.01,0.16575727229317483,0.30804988460138816,63.62746781864982,0.01,0.10035456183774345,0.19705119573730742,5.955412287126713,0.01,0.09529525445852055,0.18467899921826691,5.798108613732722,0.01,0.11063824903326337,0.3837731635940479,6.270504993525596,0.01,0.10802445984297802,0.3008856946446753,4.1151389042043025,0.01,0.07333070495221676,0.12698979625199155,9.545843935291309
9.72,79.78864272118518,77.83905542289583,1.9495872982893654,-0.017181526686756956,30.02735790624006,0.11447754649838664,3.437458260935294,3.437458260935294,1.0208015223063072,2.416656738628987,0.0,0,0.01,0.01,0.16575455367706501,0.30804691940087126,63.61069839136583,0.01,0.10035193440791322,0.19704823053679055,5.94787173102255,0.01,0.0952926063294355,0.18467603401775004,5.7907508902386455,0.01,0.11064196457632716,0.38378012802934613,6.300945063457182,0.01,0.10802926421166703,0.30089265907997353,4.134695878404897,0.01,0.07333337878584502,0.1269929138429786,9.578840614178015
9.73,79.75976213437036,77.82790214663889,1.9318599877314637,-0.02166390555775223,29.99323551379306,0.1144684863647067,3.4332802704440577,3.4332802704440577,1.011519524203539,2.4217607462405186,0.0,0,0.01,0.01,0.16575100520374939,0.30804307504925826,63.59091573828226,0.01,0.10034844762369133,0.19704438618517756,5.940182960775919,0.01,0.09528910004007235,0.18467218966613705,5.783243484694938,0.01,0.11064749237472711,0.3837891569679739,6.333809326120728,0.01,0.10803605218790246,0.3009016880186013,4.155019982731811,0.01,0.07333697085702716,0.1269969554533311,9.61230892396152
9.74,79.728484352,77.81417235641845,1.9143119955815455,-0.026172950077249943,29.960070793101806,0.11445733171133622,3.4291497608611694,3.4291497608611694,1.0023314169996334,2.426818343861536,0.0,0,0.01,0.01,0.16574661773844424,0.3080383426894929,63.568155400949685,0.01,0.1003440899236549,0.19703965382541222,5.932419957932756,0.01,0.09528472432118297,0.18466745730637174,5.775657957416939,0.01,0.11065496448396263,0.38380027091611835,6.3680613287957,0.01,0.10804489601894965,0.3009128019667457,4.175644604583003,0.01,0.07334149527009173,0.12700193014986016,9.64587478353442
9.75,79.69473379629629,77.79785841611988,1.8968753801764144,-0.03068328269156036,29.927557335240703,0.11444407537518515,3.4250316274694623,3.4250316274694623,0.9932016265229282,2.431830000946534,0.0,0,0.01,0.01,0.16574138833673532,0.30803271973570856,63.5424525710033,0.01,0.10033885681517574,0.19703403087162782,5.924633360299291,0.01,0.09527947489121572,0.18466183435258732,5.768042830962983,0.01,0.11066446578014237,0.3838134755802779,6.402962262099325,0.01,0.10805583237997764,0.3009260066309053,4.196289102506034,0.01,0.07334695770394578,0.1270078403476929,9.679294701894642
9.76,79.65843712948148,77.77896384670235,1.879473282779135,-0.03518088106284403,29.89534398618852,0.11442871907720642,3.4208859187120186,3.4208859187120186,0.9840899096328704,2.4367960090791483,0.0,0,0.01,0.01,0.16573531792017557,0.30802620745640696,63.51383732233,0.01,0.10033274838725212,0.19702751859232626,5.916853326274169,0.01,0.09527335196636476,0.18465532207328575,5.760426846796494,0.01,0.11067604703201651,0.38382876754562983,6.438003604319233,0.01,0.10806887590681184,0.3009412985962572,4.2167887356819,0.01,0.07335335837084295,0.12701468435293203,9.712425490308584
9.77,79.619523236,77.75749732656062,1.862025909439387,-0.03966141784609888,29.86306321161675,0.11441126855375633,3.416670944942085,3.416670944942085,0.9749544863147719,2.441716458627313,0.0,0,0.01,0.01,0.1657284092876601,0.308018808906286,63.48233050341867,0.01,0.10032576715983753,0.1970201200422053,5.909092564295993,0.01,0.09526635812437272,0.18464792352316478,5.752821903277623,0.01,0.110689735304373,0.38384613913510796,6.4728568454626645,0.01,0.10808402819496535,0.3009586701857353,4.237057856922593,0.01,0.07336069444764075,0.12702245853841304,9.745205775809644
9.78,79.57792320474074,77.73346761020672,1.8444555945340333,-0.04412868536750939,29.83035520994397,0.11439172943085943,3.4123459220023387,3.4123459220023387,0.9657546909434522,2.4465912310588864,0.0,0,0.01,0.01,0.1657206654284294,0.3080105271747496,63.44794050774928,0.01,0.10031791625278168,0.19701183831066887,5.901349148927075,0.01,0.0952584964872545,0.18463964179162837,5.74522577002134,0.01,0.11070554239937168,0.38386558252350594,6.507334273404394,0.01,0.10810128436987419,0.30097811357413334,4.257068132585351,0.01,0.07336896213064058,0.12703115918553862,9.7776405506452
9.790000000000001,79.53357031125925,77.70687933920256,1.8266909720566977,-0.04859304021683754,29.796887884954945,0.11437010381878376,3.407873160878957,3.407873160878957,0.9564531563653533,2.451420004513604,0.0,0,0.01,0.01,0.16571208812682878,0.3080013639421863,63.41066101155094,0.01,0.1003091978607045,0.19700267507810557,5.893609250748258,0.01,0.09524976920894576,0.18463047855906506,5.737624724095792,0.01,0.1107234717461481,0.3838870931270045,6.5413571571801254,0.01,0.10812063815195162,0.3009996241776319,4.27683367757349,0.01,0.07337815834692468,0.12704078400111563,9.809786981575401
9.8,79.4864,77.67772973812565,1.808670261874364,-0.05306985958042508,29.76237269669348,0.11434638762023133,3.403219804873902,3.403219804873902,0.9470175345784715,2.4562022702954307,0.0,0,0.01,0.01,0.16570267685623288,0.30799131834156773,63.370469692536396,0.01,0.10029961202983678,0.19699262947748702,5.88584982071918,0.01,0.09524017626412253,0.18462043295844652,5.729996145785597,0.01,0.1107435239801447,0.38391067227354364,6.574929144767219,0.01,0.10814208581720584,0.301023203324171,4.296399559947491,0.01,0.07338828213008997,0.12705133331149926,9.84174107391531
9.81,79.43634986651853,77.64600618428291,1.7903436822356182,-0.05757802822223304,29.726576426336788,0.11432056854270665,3.3983591178870425,3.3983591178870425,0.9374217599187196,2.460937357968323,0.0,0,0.01,0.01,0.16569242795874023,0.30798038612149353,63.32732789318569,0.01,0.10028915573369317,0.19698169725741285,5.8780412119508885,0.01,0.09522971453505662,0.18460950073837235,5.722311055801742,0.01,0.11076570136270923,0.3839363291630284,6.60811359632368,0.01,0.10816562923104528,0.30104886021365573,4.315832171105163,0.01,0.07339933566489086,0.12706281093802657,9.873625164779813
9.82,79.38335963970371,77.61168462515738,1.7716750145463296,-0.06213848696600544,29.689328959359084,0.1142926247941619,3.393271335142473,3.393271335142473,0.9276468683745565,2.4656244667679164,0.0,0,0.01,0.01,0.1656813341026754,0.3079685591017073,63.2811811535542,0.01,0.10027782224047045,0.19696987023762658,5.8701496948591165,0.01,0.09521837718928447,0.18459767371858607,5.7145365502960574,0.01,0.1107900111470376,0.3839640821385221,6.641014110064964,0.01,0.10819127804521955,0.3010766131891495,4.33521085758946,0.01,0.07341132500901328,0.12707522476324057,9.905576355712192
9.83,79.327371164,77.57472879861423,1.7526423653857675,-0.06677287720129348,29.650527280977382,0.1142625244260346,3.3879440976874835,3.3879440976874835,0.9176813965776942,2.4702627011097893,0.0,0,0.01,0.01,0.16566938400382067,0.3079558249055528,63.23196050969337,0.01,0.1002656007590066,0.1969571360414721,5.862139811488198,0.01,0.09520615333476876,0.1845849395224316,5.706638080572535,0.01,0.11081646797860495,0.3839939593051366,6.673757809959011,0.01,0.10821905112015542,0.301106490355764,4.3546205999640915,0.01,0.07342426050656388,0.12708858700442852,9.937736043685709
9.84,79.26832838162963,77.53509019135231,1.7332381902773186,-0.07150231472169023,29.61013597128885,0.11423022527224373,3.382372502342093,3.382372502342093,0.9075213942494154,2.4748511080926776,0.0,0,0.01,0.01,0.16565656238990784,0.30794216694709253,63.17958443224011,0.01,0.10025247634351103,0.1969434780830118,5.853976514344147,0.01,0.09519302793261024,0.1845712815639713,5.698581524161253,0.01,0.11084509541448787,0.3840259985493008,6.706481143466532,0.01,0.10824897723269825,0.3011385295999282,4.374145687206585,0.01,0.0734381569149358,0.12710291421819436,9.970240717279802
9.85,79.20617731481482,77.49270865319143,1.7134686616233927,-0.07634632189800586,29.568184573931408,0.11419567541839919,3.376558808315989,3.376558808315989,0.8971700932520643,2.4793887150639247,0.0,0,0.01,0.01,0.16564285018199354,0.307927564644426,63.12396126414392,0.01,0.10023843003098257,0.19692887578034526,5.845627040480895,0.01,0.09517898194109914,0.18455667926130476,5.690334999259427,0.01,0.11087592664904107,0.38406024702569325,6.739318038565442,0.01,0.10828109513674572,0.30117277807632065,4.3938643975919565,0.01,0.07345303327347762,0.12711822706635567,10.003214168904423
9.86,79.14086604799999,77.44751356996365,1.6933524780363447,-0.08132194086991565,29.524762284565018,0.11415881412357382,3.3705118496863604,3.3705118496863604,0.8866372841561754,2.483874565530185,0.0,0,0.01,0.01,0.165628224861392,0.3079119938256357,63.06499200949624,0.01,0.10022343917983641,0.19691330496155504,5.837062480907914,0.01,0.09516399265953977,0.18454110844251453,5.681870383723335,0.01,0.11090900453901263,0.3840967601911875,6.772390322830294,0.01,0.10831545305433904,0.30120929124181484,4.4138447133163,0.01,0.07346891254823865,0.12713454987887496,10.03676124098036
9.870000000000001,79.07234471007408,77.39942548695356,1.672919223120517,-0.08644304288117714,29.480010459385944,0.11411957310824512,3.3642462088517253,3.3642462088517253,0.87593845690076,2.4883077519509653,0.0,0,0.01,0.01,0.1656126609871713,0.3078954272900508,63.002573324091664,0.01,0.10020747797412327,0.19689673842597005,5.828259017346467,0.01,0.09514803423619236,0.18452454190692957,5.6731645114312,0.01,0.11094438102702073,0.3841356004739511,6.805800329313589,0.01,0.10835210768421118,0.30124813152457847,4.434141088916208,0.01,0.07348582109160941,0.12715191005347737,10.070963178182843
9.88,79.0005654565926,77.34835806851967,1.6522073880729222,-0.09171984073625469,29.43411347663042,0.11407787811686149,3.357781209664915,3.357781209664915,0.8650937654294455,2.4926874442354694,0.0,0,0.01,0.01,0.16559613082701938,0.3078778354853439,62.9366005636428,0.01,0.10019051805506501,0.19687914662126318,5.819198811808075,0.01,0.09513107830206732,0.18450695010222268,5.664200031959089,0.01,0.11098211606712219,0.3841768356709395,6.8396256125428705,0.01,0.10839112282206886,0.3012893667215669,4.454792272952212,0.01,0.07350378795869021,0.12717033733388866,10.105874602888825
9.89,78.925482452,77.29422027789663,1.6312621741033757,-0.09715860320278182,29.387288494637257,0.11403365066207098,3.351139790102963,3.351139790102963,0.8541268770403465,2.4970129130626164,0.0,0,0.01,0.01,0.16557860506359462,0.30785918726042066,62.8669707574696,0.01,0.10017252924054305,0.19686049839633993,5.80987054844211,0.01,0.09511309469127087,0.1844883018772994,5.654965933084105,0.01,0.11102227615929508,0.3842205371683093,6.873915678213695,0.01,0.10843256769128069,0.30133306821893663,4.475820153686784,0.01,0.07352284412358467,0.12718986300918703,10.141522070872936
9.9,78.84705185185186,77.23691866407547,1.610133187776392,-0.10276156254226536,29.339774639095776,0.11398680985985898,3.344347313117723,3.344347313117723,0.8430637656699047,2.501283547447818,0.0,0,0.01,0.01,0.16556005353928746,0.30783945065506174,62.79358539058089,0.01,0.1001534802936463,0.19684076179098103,5.800269640614059,0.01,0.09509405220911678,0.18446856527194053,5.645457738783839,0.01,0.1110649326006315,0.38426677807686194,6.908690596487228,0.01,0.10847651508381842,0.30137930912748934,4.497229566512419,0.01,0.07354302163851768,0.1272105190756636,10.177904104407663
9.91,78.76523178503703,77.17635964966813,1.5888721353689064,-0.1085269996483571,29.291822121520003,0.11393727427033812,3.337430370937582,3.337430370937582,0.831931504661414,2.505498866276168,0.0,0,0.01,0.01,0.16554044600447612,0.30781859368970516,62.71635289695245,0.01,0.10013333970330132,0.1968199048256244,5.79039812839668,0.01,0.09507391941117613,0.18444770830658389,5.635677407217216,0.01,0.1111101595596222,0.38431563136886776,6.943941326418983,0.01,0.10852303940915324,0.30142816241949516,4.519008967533854,0.01,0.07356435277680165,0.12723233739997777,10.214992544892164
9.92,78.679982336,77.11245172414996,1.5675306118500425,-0.11444948582329455,29.243681743699646,0.11388496366722103,3.3304156328770094,3.3304156328770094,0.8207571090775345,2.509658523799475,0.0,0,0.01,0.01,0.16551975283768633,0.3077965851223799,62.635190787625,0.01,0.10011207644318458,0.1967978962582992,5.78026430185058,0.01,0.09505266535964502,0.18442569973925868,5.625632963119836,0.01,0.11115803207592463,0.3843671680940155,6.979631533885377,0.01,0.10857221474342936,0.30147969914464284,4.541131847606003,0.01,0.07358686919738677,0.12725534891851073,10.252735022015413
9.93,78.59126552696296,77.04510746006598,1.5461580668969799,-0.1205202562132423,29.195595182531044,0.1138298006694531,3.323328780053554,3.323328780053554,0.8095664707086914,2.5137623093448624,0.0,0,0.01,0.01,0.16549794571029142,0.30777339514436186,62.55002735983209,0.01,0.10008966067930267,0.1967747062802812,5.769882093230801,0.01,0.09503026032761773,0.1844025097612407,5.615337906456362,0.01,0.1112086240813466,0.38442145574143405,7.015700643897182,0.01,0.10862411296288092,0.3015339867920614,4.563558737575286,0.01,0.07361060116426896,0.12727958290294733,10.291058304324908
9.94,78.49904530014817,76.97424528483796,1.5248000153102028,-0.1267276874084413,29.147786380221284,0.11377171218042663,3.3161935627470953,3.3161935627470953,0.7983834210486895,2.517810141698406,0.0,0,0.01,0.01,0.16547499817326383,0.30774899599132366,62.46080295479372,0.01,0.10006606440155218,0.19675030712724292,5.759270286259806,0.01,0.09500667642678869,0.18437811060820242,5.604810444093786,0.01,0.11126200652848017,0.38447855680240867,7.052067836225758,0.01,0.10867880203454307,0.301591087853036,4.58623964092038,0.01,0.07363557684867177,0.1273050663165593,10.329872279304988
9.950000000000001,78.40328749999999,76.89979095688102,1.5034965431189753,-0.13305785063022477,29.100454290349635,0.11371063059295157,3.30903100789702,3.30903100789702,0.7872289490933704,2.5218020588036496,0.0,0,0.01,0.01,0.16545088614871767,0.30772336245230203,62.36747075237495,0.01,0.1000412619599403,0.19672467358822138,5.748451592912163,0.01,0.09498188813947765,0.18435247706918087,5.59407259339974,0.01,0.1113182457016733,0.3845385275752617,7.0886366757458426,0.01,0.10873634452439122,0.30165105862588903,4.609116725687127,0.01,0.07366182173597763,0.1273318232797334,10.369074309514597
9.96,78.3039598554074,76.82167871105395,1.4822811443534523,-0.1394951121207839,29.053767154340793,0.11364649473112175,3.301858795825029,3.301858795825029,0.7761205922759129,2.5257382035491163,0.0,0,0.01,0.01,0.16542558831431806,0.3076964722644468,62.26999710971062,0.01,0.1000152304916991,0.1966977834003661,5.737451647949034,0.01,0.0949558727414144,0.18432558688132558,5.58314920646387,0.01,0.11137740177120492,0.3846014172405178,7.125300068431112,0.01,0.10879679636877844,0.3017139482911451,4.632127113623315,0.01,0.07368935815316079,0.1273598746572692,10.408553723931389
9.97,78.20103196192592,76.73985205435552,1.4611799075703915,-0.1460227536090144,29.00785840870376,0.11357925051284108,3.2946908170431883,3.2946908170431883,0.7650720105326925,2.529618806510496,0.0,0,0.01,0.01,0.1653990863738534,0.3076683063870008,62.16836146670785,0.01,0.09998795023100873,0.19666961752292014,5.726297969196802,0.01,0.09492861060718594,0.18429742100387964,5.572066961468755,0.01,0.11143952763617808,0.38466726722147637,7.161945251221199,0.01,0.10886020594013933,0.3017797982721037,4.6552056194831755,0.01,0.0737182049262583,0.12738923777411296,10.448196227806113
9.98,78.094475264,76.6542642077018,1.4402110562981911,-0.15262358780886204,28.962824253460685,0.11350885132865475,3.287536912244025,3.287536912244025,0.7540927456808655,2.5334441665631595,0.0,0,0.01,0.01,0.16537136521218343,0.30763884915312056,62.062555855510666,0.01,0.09995940469826546,0.19664016028903986,5.715018927477223,0.01,0.09490008539544811,0.18426796376999935,5.560853363711673,0.01,0.11150466808545752,0.3847361108331084,7.198458557088331,0.01,0.10892661342308681,0.3018486418837357,4.6782873155395075,0.01,0.07374837717145268,0.12741992626069637,10.487888046612827
9.99,77.98426303718517,76.56487820317219,1.4193848340129822,-0.15928054658321594,28.918722848397472,0.11343525814333598,3.2804027914835556,3.2804027914835556,0.7431881611919922,2.5372146302915635,0.0,0,0.01,0.01,0.16534241293726032,0.30760808830282416,61.952584061529386,0.01,0.09992958077062805,0.1966093994387434,5.703642765020535,0.01,0.09487028411577443,0.18423720291970289,5.549535793906976,0.01,0.1115728592897234,0.3848079732111217,7.234729742005325,0.01,0.10899605050289127,0.30192050426174905,4.701309822740581,0.01,0.07377988621783128,0.12745195002406057,10.527519656720342
10.0,77.87037037037037,76.4716666580156,1.3987037123547739,-0.16597722247229527,28.875575047421034,0.11335843933621076,3.2732901223112782,3.2732901223112782,0.7323595512137548,2.5409305710975234,0.0,0,0.01,0.01,0.16531222081586708,0.30757601490446784,61.83846049250173,0.01,0.09989846863984278,0.1965773260403871,5.692196695196312,0.01,0.094839197083255,0.1842051295213466,5.538140635533541,0.01,0.11164412862216654,0.38488287150332573,7.270655713400207,0.01,0.1090685403554363,0.3019954025539531,4.724215258054078,0.01,0.07381273965498579,0.12748531533657867,10.566988993977995
10.01,77.75277414800001,76.37461125679144,1.3781628912085715,-0.1726983475769335,28.83336653317721,0.11327837030431918,3.266196771265412,3.266196771265412,0.7216044024118196,2.5445923688535923,0.0,0,0.01,0.01,0.16528078311307307,0.30754262317563075,61.720208817976676,0.01,0.09986606166700802,0.19654393431155004,5.680706110146046,0.01,0.0948068177705891,0.18417173779250953,5.526692506990963,0.01,0.11171849479122062,0.3849608152972192,7.3061435547985365,0.01,0.10914409791650538,0.3020733463478466,4.7469517948600215,0.01,0.07384694149442236,0.1275200250304032,10.606204068517327
10.02,77.63145303229629,76.27370198118761,1.3577510511086814,-0.17943019718371356,28.79205117461969,0.11319503285915195,3.2591171787934603,3.2591171787934603,0.7109167879278089,2.5482003908656514,0.0,0,0.01,0.01,0.16524809684813735,0.30750791021710394,61.59786044481224,0.01,0.09983235614695143,0.19650922135302318,5.669193916541103,0.01,0.09477314257040094,0.18413702483398267,5.515213618098894,0.01,0.11179596825658016,0.38504180725110304,7.341112794115875,0.01,0.1092227303989449,0.30215433830173044,4.7694748180371995,0.01,0.0738824924303322,0.12755607878280145,10.645084948287806
10.03,77.5063874454815,76.16893613327848,1.3374513122030087,-0.18616090893567325,28.751555399560452,0.1131084144528348,3.252042844297124,3.252042844297124,0.7002878694918335,2.5517549748052906,0.0,0,0.01,0.01,0.16521416148167556,0.30747187567582207,61.47145289612154,0.01,0.09979735099723781,0.19647318681174136,5.657680013415009,0.01,0.0947381704828249,0.18410099029270083,5.503723264474763,0.01,0.11187655188998724,0.3851258438910155,7.375496909747142,0.01,0.10930443801901743,0.3022383749416429,4.791747676392854,0.01,0.07391939018265131,0.12759347347531214,10.68356510353774
10.040000000000001,77.377559552,76.06031720226376,1.3172423497362402,-0.19288071173229424,28.711783352392,0.11301850727327012,3.2449628956408714,3.2449628956408714,0.6897064814881215,2.55525641415275,0.0,0,0.01,0.01,0.1651789785503606,0.307434521354046,61.34102815985906,0.01,0.09976104738849988,0.19643583248996524,5.646180920101816,0.01,0.09470190274505737,0.18406363597092473,5.492237467532887,0.01,0.111960241835092,0.3852129165323902,7.409244106783863,0.01,0.10938921488814778,0.3023254475830176,4.8137420517608245,0.01,0.07395762990352138,0.12763220360815558,10.72159212910862
10.05,77.24495324074074,75.94785362709844,1.2970996136422897,-0.1995820618409571,28.672622594040142,0.11292530724989693,3.2378647160923197,3.2378647160923197,0.6791597695321294,2.5587049465601903,0.0,0,0.01,0.01,0.1651425512662449,0.3073958507829082,61.20663107057221,0.01,0.09972344833379448,0.1963971619188275,5.634709556698776,0.01,0.09466434242055964,0.184024965399787,5.480768762416642,0.01,0.11204702851613382,0.3853030122835235,7.44231742460578,0.01,0.10947705002321849,0.3024155433341509,4.835437976599141,0.01,0.07399720462723174,0.12767226175055443,10.759127881817497
10.06,77.10855410725925,75.8315575079441,1.2769965993151515,-0.206259686877948,28.63395009656062,0.11282881301244276,3.2307346012524554,3.2307346012524554,0.6686338558446048,2.5621007454078506,0.0,0,0.01,0.01,0.16510488409800642,0.30735586877860355,61.068307783050294,0.01,0.09968455825505346,0.19635717991452278,5.623275174246438,0.01,0.09462549396594358,0.1839849833954823,5.469326131146575,0.01,0.11213689774314474,0.38539611508765215,7.474694256750741,0.01,0.10956792842748862,0.30250864613827955,4.856823540470379,0.01,0.07403810574344814,0.12771363900752988,10.796148085411104
10.07,76.968349436,75.71144331812427,1.256906117875736,-0.21291054132430073,28.595638288359858,0.11272902484435894,3.2235584190488202,3.2235584190488202,0.6581145043617465,2.565443914687074,0.0,0,0.01,0.01,0.1650659823510518,0.3073145809990597,60.92610439008432,0.01,0.09964438254444713,0.19631589213497905,5.611883427155903,0.01,0.09458536279330243,0.18394369561593854,5.457915073696966,0.01,0.11222983186162316,0.3854922067616093,7.506365375576483,0.01,0.10966183219493174,0.3026047378122366,4.877894331147436,0.01,0.07408032347396865,0.12775632548431284,10.8326414675457
10.08,76.82432818251851,75.5875266653637,1.2368015171548161,-0.21953368002481957,28.557560917361005,0.1126259436706292,3.2163222472492623,3.2163222472492623,0.6475877600403801,2.568734487208882,0.0,0,0.01,0.01,0.1650258517624921,0.30727199351790613,60.780065728661306,0.01,0.09960292713764349,0.19627330465382545,5.600536576086293,0.01,0.09454395484490159,0.18390110813478494,5.446537805541301,0.01,0.11232581089689145,0.3855912679915553,7.537333559307007,0.01,0.10975874159313564,0.3027037990421827,4.8986526589344015,0.01,0.07412384733433856,0.127800310730689,10.868608501414387
10.09,76.67648095570371,75.45982314667947,1.2166578090242348,-0.2261300586150841,28.51959851798307,0.11251957011641785,3.2090129651362824,3.2090129651362824,0.6370405391271983,2.571972426009084,0.0,0,0.01,0.01,0.16498449812559618,0.3072281124310192,60.6302344096413,0.01,0.09956019811458088,0.19622942356693848,5.589233805908735,0.01,0.09450127619576465,0.18385722704789798,5.435193566729929,0.01,0.1124248136473155,0.3856932792500305,7.567611919143093,0.01,0.10985863608367534,0.30280581030065784,4.91910661362618,0.01,0.07416866656333539,0.12784558414933156,10.904059830225126
10.1,76.5248,75.32834733555184,1.1964526644481572,-0.23270227196310608,28.48164329280868,0.11240990366870697,3.2016187788710977,3.2016187788710977,0.6264611501663775,2.57515762870472,0.0,0,0.01,0.01,0.16494192695647614,0.3071829435089296,60.476650095821434,0.01,0.0995162013415295,0.19618425464484895,5.577971640269881,0.01,0.09445733269784193,0.18381205812580845,5.42387902454623,0.01,0.11252681868591145,0.385798221603403,7.59722202088612,0.01,0.10996149524384409,0.30291075265403034,4.93926900310037,0.01,0.07421477050551922,0.127892135354384,10.939014455855508
10.11,76.36927917762964,75.1931119331591,1.176167244470536,-0.23925424343332177,28.443603250340264,0.11229694196781974,3.1941296635591496,3.1941296635591496,0.6158397291035977,2.578289934455552,0.0,0,0.01,0.01,0.16489814321354102,0.30713649190599795,60.31934904273852,0.01,0.09947094216597786,0.19613780304191725,5.566744431901307,0.01,0.09441212967720136,0.18376560652287677,5.412588749493554,0.01,0.11263180523627615,0.38590607738448957,7.626191890037339,0.01,0.11006729955957284,0.30301860843511697,4.959156220946292,0.01,0.07426214893464753,0.12793995446915632,10.973497773866056
10.120000000000001,76.20991395081481,75.05412710776872,1.155786843046076,-0.24579087902245927,28.405405475157604,0.11218068024973119,3.186537708972619,3.186537708972619,0.6051685758715486,2.58136913310107,0.0,0,0.01,0.01,0.16485315107775586,0.3070887619346007,60.15836390565599,0.01,0.09942442517332518,0.19609007307052007,5.555544906220556,0.01,0.0943656716931265,0.18371787655147956,5.40131574277446,0.01,0.11273975389595292,0.38601683071149384,7.65455398246158,0.01,0.11017603106604505,0.30312936176212124,4.97878708828319,0.01,0.07431079230866697,0.12798903235468537,11.007539535989054
10.13,76.04670136399999,74.91140003812477,1.135301325875218,-0.2523177011352517,28.366998444817224,0.11206111095354908,3.178837360143817,3.178837360143817,0.5944423841633895,2.5843949759804277,0.0,0,0.01,0.01,0.16480695379906266,0.3070397569097149,59.99372380547579,0.01,0.09937665401158646,0.19604106804563423,5.5443647348942635,0.01,0.09431796236523157,0.18366887152659372,5.390051992662437,0.01,0.11285064718799,0.38613046784119764,7.682343195074749,0.01,0.11028767381966965,0.30324299889182504,4.998181711864951,0.01,0.07436069195011263,0.12803936076398073,11.041171818248547
10.14,75.87964002607407,74.76493466816528,1.1147053579087962,-0.2588404769375296,28.328353347557023,0.11193822350174182,3.171025548455154,3.171025548455154,0.5836583605539092,2.5873671879012448,0.0,0,0.01,0.01,0.16475955361153471,0.30698947906634527,59.825454636782815,0.01,0.09932763128743105,0.1959907902022646,5.533195116025826,0.01,0.09426900427182296,0.1836185936832241,5.378789037063088,0.01,0.11296446992929862,0.38624697735129765,7.709594982622098,0.01,0.11040221419245108,0.30335950840192505,5.017360396963438,0.01,0.0744118401489486,0.1280909324199052,11.074427067666761
10.15,75.70873009259259,74.61473167196034,1.0939984206322526,-0.26536485584267744,28.28946439482731,0.11181200425384877,3.163101713253534,3.163101713253534,0.5728162335495202,2.590285479704014,0.0,0,0.01,0.01,0.16471095171708405,0.30693792954932764,59.65357959193327,0.01,0.09927735853397877,0.19593924068524693,5.522027338381302,0.01,0.09421879891984627,0.18356704416620642,5.3675185103825935,0.01,0.11308120941220383,0.38636635015364706,7.736343637837333,0.01,0.11051964098714002,0.30347888120427446,5.036342649189965,0.01,0.0744642301880562,0.12814374101772266,11.107336294016676
10.16,75.533973248,74.46078861968806,1.073184628311928,-0.2718960297764855,28.250348161386302,0.11168243662778198,3.1550677182468028,3.1550677182468028,0.5619181573750409,2.593149560871762,0.0,0,0.01,0.01,0.16466114833489326,0.3068851084722579,59.4781198678806,0.01,0.0992258362479831,0.1958864196081772,5.510853308699131,0.01,0.09416734678397425,0.1835142230891367,5.356232654382254,0.01,0.11320085540306599,0.38648857934668085,7.7626207826805,0.01,0.11063994537860518,0.3036011103973082,5.055146294425476,0.01,0.07451785629460303,0.12819778115625263,11.139927464094269
10.17,75.35537268785185,74.30310032805474,1.0522723597971186,-0.27843842846924,28.21104202177016,0.11154950137665565,3.1469276708443408,3.1469276708443408,0.5509685191857039,2.595959151658637,0.0,0,0.01,0.01,0.16461014281131053,0.30683101503974575,59.29909551632739,0.01,0.0991730639914333,0.1958323261756651,5.499666023353801,0.01,0.09411464740980498,0.1834601296566246,5.34492477485136,0.01,0.11332339996880154,0.3866136599212482,7.788454108372764,0.01,0.11076312069340512,0.3037261909718756,5.073786740434463,0.01,0.07457271352330042,0.1282530482042146,11.172224145981238
10.18,75.17293310103705,74.14165937207565,1.0312737289613985,-0.28499546020910926,28.17160178409275,0.11141317700357822,3.1386876560454455,3.1386876560454455,0.5399736617908801,2.5987139942545654,0.0,0,0.01,0.01,0.1645579337828092,0.3067756477249652,59.11652639382957,0.01,0.09911904055030472,0.19577695886088445,5.488459968622098,0.01,0.09406069957385234,0.18340476234184394,5.3335896288591504,0.01,0.11344883714834361,0.38674158833923045,7.81386639117101,0.01,0.11088916204534086,0.30385411938985785,5.092276397503626,0.01,0.07462879757998352,0.12830953811062004,11.2042444390951
10.19,74.98666065200001,73.97645672977931,1.0102039222206989,-0.2915693063398622,28.13209864926134,0.11127344029220053,3.1303553993428768,3.1303553993428768,0.5289415367793571,2.6014138625635197,0.0,0,0.01,0.01,0.16450451938284386,0.3067190044926382,58.930433166066685,0.01,0.09906376414124962,0.19572031562855755,5.477231437162883,0.01,0.09400550149108804,0.18334811910951704,5.322223730616036,0.01,0.11357716249137276,0.38687236200852343,7.838874799732226,0.01,0.11101806584965217,0.3039848930591508,5.110624268884322,0.01,0.07468610459594803,0.12836724716990944,11.236000213302429
10.200000000000001,74.79656296296294,73.80748252734615,0.989080435616787,-0.2981607753942386,28.092615644938157,0.11113026692717813,3.121939875304598,3.121939875304598,0.5178813050571818,2.604058570247416,0.0,0,0.01,0.01,0.16444989748208916,0.306661083056213,58.74083832057636,0.01,0.09900723265551659,0.19566239419213224,5.4659787521779055,0.01,0.0939490510593085,0.18329019767309174,5.310825567690085,0.01,0.1137083724908646,0.38700597868107744,7.863490498547606,0.01,0.11114982924233437,0.3041185097317048,5.128835714950241,0.01,0.07474463086498795,0.12842617175387702,11.267496667423675
10.21,74.60264909614813,73.63472684955101,0.9679222465971119,-0.3047692202237824,28.053243698339404,0.1109836321761823,3.1134508799653045,3.1134508799653045,0.5068029031926025,2.606647976772702,0.0,0,0.01,0.01,0.16439406595065675,0.3066018811570954,58.547767143244684,0.01,0.09894944392835381,0.19560319229301468,5.4547023945965005,0.01,0.09389134612858141,0.18323099577397417,5.299395723134312,0.01,0.11384246393902896,0.38714243580264207,7.887718540783375,0.01,0.11128444943368744,0.30425496685326947,5.146912388253654,0.01,0.0748043725560625,0.12848630802324548,11.298732204442356
10.22,74.404929536,73.45818057919669,0.9467489568033088,-0.3113925189206454,28.014077519899182,0.11083351160374096,3.1048985858698446,3.1048985858698446,0.4957165945811792,2.6091819912886653,0.0,0,0.01,0.01,0.16433702293047578,0.3065413968534163,58.35124861771696,0.01,0.09889039602161397,0.19554270798933557,5.443405032710469,0.01,0.09383238478350647,0.18317051147029506,5.287936903007079,0.01,0.11397943323798224,0.3872817298436173,7.9115580332356545,0.01,0.11142192302661322,0.3043942608942447,5.164852330206791,0.01,0.07486532541495387,0.12854765163203308,11.32969860853541
10.23,74.20341617140741,73.2778362294943,0.9255799419131194,-0.318027117827038,27.975211470895985,0.11067988178701899,3.096293098565625,3.096293098565625,0.4846325243040539,2.6116605742615713,0.0,0,0.01,0.01,0.16427876710608394,0.30647962880592045,58.15131621116257,0.01,0.09883008750723837,0.19548093994183982,5.43209145749794,0.01,0.09377216562599872,0.1831087434227993,5.276453872501502,0.01,0.11411927569696877,0.38742385563998827,7.935002546585672,0.01,0.11156224533032232,0.3045363866906156,5.182650214320407,0.01,0.0749274844681691,0.1286101974376083,11.36038149777879
10.24,73.99812227792592,73.09368873499952,0.9044335429264009,-0.3246681325862561,27.93673558254476,0.11052272100461827,3.0876440325693864,3.0876440325693864,0.473560295686295,2.6140837368830914,0.0,0,0.01,0.01,0.16421929796258952,0.3064165765491594,57.94800851630201,0.01,0.09876851773973792,0.19541788768507865,5.420768430467779,0.01,0.09371068804675536,0.18304569116603814,5.26495330732843,0.01,0.11426198484715401,0.3875688057717823,7.958040736083406,0.01,0.11170540969905238,0.30468133682240967,5.200297716009855,0.01,0.07499084374171067,0.12867393922858175,11.39076101686981
10.25,73.7890625,72.9057361696405,0.8833263303594999,-0.33130950108812063,27.898731882245855,0.11036200987152676,3.0789601233914956,3.0789601233914956,0.4625085850299726,2.616451538361523,0.0,0,0.01,0.01,0.1641586160205031,0.3063522407371951,57.741369726090156,0.01,0.09870568710667554,0.19535355187311443,5.409444454036977,0.01,0.09364795247446533,0.18298135535407392,5.2534435701389075,0.01,0.11440755180301383,0.38771657000392823,7.980657131571588,0.01,0.11185140692319996,0.3048291010545556,5.217783985157035,0.01,0.07505539600623433,0.1287388694814891,11.4208127266914
10.26,73.57625283318518,72.7139803644116,0.8622724687735823,-0.33794418036891677,27.861271165331342,0.1101977318963483,3.0702488901686427,3.0702488901686427,0.45148480888197007,2.6187640812866726,0.0,0,0.01,0.01,0.1640967230384315,0.30628662335443435,57.53144992571133,0.01,0.09864159724743565,0.19528793449035364,5.398129477007502,0.01,0.09358396059310918,0.18291573797131314,5.241934424204856,0.01,0.11455596469625888,0.3878671348109609,8.002833051638161,0.01,0.11200022469706322,0.3049796658615883,5.235096195039847,0.01,0.07512113255859386,0.12880497915563804,11.450508642178407
10.27,73.35971060637038,72.5184274022691,0.841283204101291,-0.3445643780964748,27.824410328581045,0.11002987394076645,3.0615163609299323,3.0615163609299323,0.4404948555988497,2.6210215053310826,0.0,0,0.01,0.01,0.16403362217623382,0.30621972788393487,57.31830519403835,0.01,0.0985762512321827,0.19522103901985416,5.386834549866422,0.01,0.09351871551931916,0.18284884250081365,5.230436698647112,0.01,0.11470720820421405,0.3880204830028636,8.024547594795852,0.01,0.11215184718333795,0.305133014053491,5.252220139927839,0.01,0.07518804304790912,0.12887225753359885,11.479818367041581
10.28,73.13945446400001,72.31908797342773,0.8203664905722876,-0.3511618082426626,27.78819035597389,0.1098584265656694,3.0527668696146,3.0527668696146,0.42954289000552315,2.623223979609077,0.0,0,0.01,0.01,0.16396931811307683,0.3061515594274897,57.101997514717226,0.01,0.09850965369478534,0.195152870563409,5.3755714457947725,0.01,0.09345222193364607,0.18278067404436849,5.21896192065402,0.01,0.1148612631898122,0.3881765934646566,8.045778660829617,0.01,0.11230625468979374,0.30528912451528395,5.269140853631308,0.01,0.07525611535217855,0.12894069211270004,11.508710273184109
10.290000000000001,72.91550434829628,72.11597758038712,0.7995267679091628,-0.3577279599415683,27.752635018670347,0.10968338425329995,3.0440029307944076,3.0440029307944076,0.4186312367353029,2.6253716940591048,0.0,0,0.01,0.01,0.16390381711681298,0.3060821247739174,56.88259450522914,0.01,0.09844181091553791,0.19508343590983673,5.36435226418179,0.01,0.09338448616163451,0.18271123939079623,5.207521930978276,0.01,0.1150181064650746,0.3883354410173244,8.066503957775296,0.01,0.11246342346839293,0.3054479720679518,5.285843222426839,0.01,0.07532533550917452,0.12901026855063408,11.537152674241531
10.3,72.68788148148147,71.90911658836731,0.7787648931141566,-0.36425436836025143,27.717750321205372,0.10950474550000562,3.0352251947562934,3.0352251947562934,0.4077603445135125,2.627464850242781,0.0,0,0.01,0.01,0.16383712706317913,0.3060114324141747,56.660168978683295,0.01,0.09837273085166474,0.195012743550094,5.353189033248641,0.01,0.09331551620275878,0.18264054703105348,5.19612849880462,0.01,0.11517771068437102,0.3884969964025266,8.086701953970078,0.01,0.11262332564171786,0.30560952745315395,5.302312567926033,0.01,0.0753956877030114,0.12908097066597907,11.565114946100495
10.31,72.45660834799999,71.69853012315755,0.7580782248424424,-0.37073287666272037,27.683524695469263,0.1093225127794473,3.0264324823005833,3.0264324823005833,0.39692883033523474,2.6295036519653485,0.0,0,0.01,0.01,0.1637692574053676,0.30593949250408586,56.43479835990318,0.01,0.0983024231157538,0.19494080364000518,5.342093327873796,0.01,0.09324532170742708,0.18256860712096468,5.184792951585492,0.01,0.11534004436811907,0.3886612263884581,8.106352740023851,0.01,0.11278592925617097,0.3057737574390855,5.3185351784405155,0.01,0.07546715430545126,0.12915278049218532,11.59256855233903
10.32,72.22170867674073,71.4842478244472,0.7374608522935429,-0.3771558788070861,27.649929914379083,0.10913669238128217,3.0176218954296017,3.0176218954296017,0.38613359931257696,2.6314882961170247,0.0,0,0.01,0.01,0.16370021909650515,0.30586631677756815,56.206563982397455,0.01,0.09823089890436243,0.19486762791348747,5.331075917416045,0.01,0.09317391390435044,0.18249543139444693,5.1735258341543515,0.01,0.11550507205212367,0.38882809398941265,8.12543877193861,0.01,0.11295119845621587,0.30594062504004005,5.334498770942672,0.01,0.075539715968805,0.1292256783814531,11.619487938879782
10.33,71.98320742325926,71.26630346828419,0.7169039549750662,-0.3835165339467946,27.61692266929293,0.10894729413518484,3.0087889971601105,3.0087889971601105,0.3753700330465226,2.633418964113588,0.0,0,0.01,0.01,0.16363002446939526,0.30579191841513964,55.975550296768745,0.01,0.09815817088097979,0.194793229551059,5.320146456683816,0.01,0.09310130548250518,0.18242103303201848,5.162336609841674,0.01,0.11567275455269868,0.3889975587872264,8.143945473562757,0.01,0.11311909376914223,0.3061100898378538,5.350192869710957,0.01,0.07561335176527911,0.12929964315301254,11.645851269340941
10.34,71.741130752,71.04474358319948,0.6963871688005185,-0.3897475615701116,27.584400875625807,0.10875433897337015,2.9999232832051375,2.9999232832051375,0.36462746892631737,2.63529581427882,0.0,0,0.01,0.01,0.16355868561456047,0.30571630783020154,55.74165824256271,0.01,0.0980842524425429,0.19471761896612083,5.30922836574295,0.01,0.09302750979237037,0.18234542244708032,5.151144473052201,0.01,0.11583917148068525,0.38916957027492316,8.202154945398307,0.01,0.11328957029910733,0.30628210132555056,5.365560230616852,0.01,0.07568803796947456,0.12937464919983072,11.671505970496199
10.35,71.49550601851853,70.81967854916036,0.6758274693581657,-0.39575009829304664,27.5519449510141,0.1085579037128918,2.990981387095084,2.990981387095084,0.35386243547163243,2.6371189516234517,0.0,0,0.01,0.01,0.16348613256457792,0.30563940228261033,55.5040757515994,0.01,0.0980090908763806,0.19464071341852965,5.297609385408529,0.01,0.0929524717356948,0.18226851689948914,5.139255132036914,0.01,0.11600291427773686,0.3893440283617583,8.314143822103576,0.01,0.11346254811975359,0.30645655941238564,5.380397407263634,0.01,0.07576373264462626,0.12945064931386724,11.696026736584136
10.36,71.24636175170372,70.5912588589976,0.65510289270611,-0.40144583110404364,27.51893316212556,0.10835810090256826,2.981899336312633,2.981899336312633,0.34301107251182295,2.63888826380081,0.0,0,0.01,0.01,0.16341235423687941,0.30556120494055816,55.26388971691602,0.01,0.0979326525824651,0.19456251607647748,5.286208706326079,0.01,0.0928761599764863,0.18219031955743697,5.127592600686489,0.01,0.11616778575948168,0.38952080213905904,8.439312586788027,0.01,0.11363790928770721,0.30663333318968644,5.394572354936109,0.01,0.07584037833765662,0.12952758295770522,11.719162709214217
10.370000000000001,70.99372763599999,70.35967093433997,0.6340567016600119,-0.4068074271523061,27.484559702838894,0.10815507557522948,2.972594631812447,2.972594631812447,0.3319913126490781,2.640603319163369,0.0,0,0.01,0.01,0.16333740460976198,0.30548177375032537,55.02136415455473,0.01,0.09785498690025395,0.19448308488624463,5.275218839897949,0.01,0.09279862525195055,0.18211088836720413,5.116323304188545,0.01,0.11633453407664077,0.3896997333919161,8.568281834494975,0.01,0.11381550446192239,0.3068122644425435,5.407993668740381,0.01,0.0759179045878145,0.12960537786438703,11.740765223646784
10.38,70.73763449362961,70.12510226866031,0.6125322249693086,-0.41185063174843073,27.448008647147734,0.10794897498121218,2.9629843987350464,2.9629843987350464,0.3207211230084317,2.6422632757266147,0.0,0,0.01,0.01,0.16326133938687304,0.3054011674577216,54.77669174079769,0.01,0.09777615179245505,0.19440247859364088,5.264636621731478,0.01,0.0927199255321892,0.18203028207460037,5.105441252535933,0.01,0.1165031975595567,0.3898806637315626,8.699013226631607,0.01,0.11399517361171489,0.30699319478219,5.420675487963074,0.01,0.07599623846977947,0.1296839618855757,11.760893344829626
10.39,70.4781142668148,69.8877257485374,0.5903885182773991,-0.4166088815931527,27.4085332572413,0.10773993481970874,2.9529935866389967,2.9529935866389967,0.3091267052973401,2.6438668813416566,0.0,0,0.01,0.01,0.1631842103013827,0.3053194402223718,54.53002313705409,0.01,0.09769620218702812,0.19432075135829108,5.25442212826554,0.01,0.0926401155256545,0.18194855483925057,5.094907358012455,0.01,0.11667366769466085,0.39006344670682414,8.831122310713381,0.01,0.11417676376744883,0.3071759777574515,5.432681250452788,0.01,0.07607531146031314,0.12976326825497977,11.779685479441257
10.4,70.2152,69.64769194737802,0.5675080526219809,-0.42112617660348173,27.36549603116092,0.10752807232189446,2.9425590363631873,2.9425590363631873,0.29714652149504417,2.645412514868143,0.0,0,0.01,0.01,0.16310606242198986,0.305236638921034,54.28147033996196,0.01,0.09761518655639918,0.1942379500569533,5.244517921620152,0.01,0.09255924341702296,0.1818657535379128,5.084665938550929,0.01,0.11684581731364314,0.39024795366481213,8.964609019667876,0.01,0.11436013749644945,0.30736048471543953,5.444097541090441,0.01,0.07615506246108968,0.1298432381102243,11.79731920885627
10.41,69.94892582207407,69.4051241194355,0.5438017026385692,-0.4254537380921563,27.31839568306334,0.10731348162450755,2.931632153145444,2.931632153145444,0.28473390566982504,2.646898247475619,0.0,0,0.01,0.01,0.16302693239413876,0.30515280135179795,54.031106588506674,0.01,0.09753314491457893,0.19415411248771725,5.234855006926035,0.01,0.09247734890056264,0.1817819159686767,5.074650222858793,0.01,0.1170195312885868,0.3904340774720693,9.099576505280647,0.01,0.11454517762752138,0.30754660852269666,5.455024034206284,0.01,0.07623543957027165,0.12992382207082256,11.813995725648091
10.42,69.67932692859259,69.16011485934384,0.5192120692487611,-0.4296473079150268,27.266886104948597,0.10709623055228525,2.920180720738478,2.920180720738478,0.27185880373451043,2.6483219170039676,0.0,0,0.01,0.01,0.16294684721904792,0.3050679549927587,53.77896692599624,0.01,0.09745010744049715,0.19406926612867798,5.225356762897066,0.01,0.09239446182274347,0.18169706960963747,5.064786113227953,0.01,0.1171947150512065,0.3906217349111964,9.236167403018108,0.01,0.1147317902241742,0.30773426596182374,5.465567687182431,0.01,0.07631640120659682,0.1300049812308469,11.829929226791279
10.43,69.40643956400001,68.91272428332924,0.4937152806707731,-0.4337644894421298,27.210787892861863,0.10687635870473731,2.9081899274760277,2.9081899274760277,0.25850871645338724,2.6496812110226404,0.0,0,0.01,0.01,0.16286582351672946,0.30498211627300786,53.52505027291902,0.01,0.0973660936141669,0.19398342740892716,5.215942639994988,0.01,0.09231060133453715,0.18161123088988662,5.0549957591282855,0.01,0.11737129750340339,0.39081086787746955,9.374546214282198,0.01,0.11491990626839797,0.30792339892809695,5.475837811648307,0.01,0.07639791669504108,0.13008668762404904,11.845337155112789
10.44,69.13030100385187,68.66297972896318,0.4673212748887012,-0.4378620961462837,27.150092308151443,0.10665387686649905,2.895662601947667,2.895662601947667,0.24468884734275997,2.650973754604907,0.0,0,0.01,0.01,0.1627838672775082,0.30489529036215957,53.2693230818811,0.01,0.09728111186198862,0.19389660149807883,5.206531869781131,0.01,0.09222577555176911,0.18152440497903832,5.045201146606024,0.01,0.11754923185911213,0.3910014433919723,9.514890817434084,0.01,0.1151094821394251,0.3081139744425997,5.485941345796326,0.01,0.07647996633231834,0.1301689241723689,11.860430709169718
10.450000000000001,68.850949537037,68.41087694661644,0.4400725904205537,-0.44199359368983254,27.084957663050943,0.10642876773969033,2.8826186683601946,2.8826186683601946,0.23042146951857356,2.652197198841621,0.0,0,0.01,0.01,0.1627009741016596,0.30480747147646803,53.01172441868639,0.01,0.09719515971235763,0.1938087826123873,5.1970471075649085,0.01,0.09213998172460287,0.18143658609334679,5.035327621735057,0.01,0.11772849517184805,0.3911934524665368,9.65738549326739,0.01,0.11530049892341684,0.30830598351716415,5.495978324984971,0.01,0.0765625409490801,0.1302516841369895,11.875405812114852
10.46,68.56842444799997,68.15638269907267,0.4120417489273142,-0.44620674095459406,27.01569841221818,0.10620098794578468,2.8690938614229373,2.8690938614229373,0.21574455523372338,2.653349306189214,0.0,0,0.01,0.01,0.16261712990861144,0.3047186436797224,52.75217221718286,0.01,0.09710822444580704,0.1937199548156417,5.187417865215408,0.01,0.09205320689990722,0.18134775829660119,5.025307208267906,0.01,0.11790908675230578,0.39138690789926056,9.80221412239119,0.01,0.11549296061790494,0.3084994389498879,5.506037703340901,0.01,0.07664564100241163,0.13033497010985706,11.890434890783913
10.47,68.28276599896296,67.8994386265683,0.38332737239466164,-0.4505415298320534,26.94276754398037,0.10597047119023388,2.8551377718045403,2.8551377718045403,0.200709742839158,2.6544280289653823,0.0,0,0.01,0.01,0.16253231207725918,0.30462878213600214,52.490570398315825,0.01,0.09702028420336703,0.19363009327192143,5.177583585932812,0.01,0.09196542903968291,0.18125789675288093,5.0150815759685266,0.01,0.11809102560206126,0.3915818411239567,9.949553531174802,0.01,0.11568689133636918,0.30869437217458406,5.516193708944883,0.01,0.076729275251065,0.1304187926026158,11.905659829744625
10.48,67.99401541214814,67.6399661813804,0.35404923076774913,-0.45502850926550314,26.866733152678155,0.10573713243315966,2.840811321411091,2.840811321411091,0.185379743731513,2.655431577679578,0.0,0,0.01,0.01,0.16244649096049574,0.30453785475202316,52.22681650832962,0.01,0.09693130949725681,0.19353916588794245,5.167496226337693,0.01,0.09187661853923815,0.18116696936890195,5.004604529627782,0.01,0.11827434700454706,0.391778298276098,10.099567235107576,0.01,0.11588233165832253,0.3088908293267254,5.5265029070431355,0.01,0.07681345908283958,0.13050316830642864,11.92118642800684
10.49,67.70221485200001,67.3778723925207,0.3243424594793016,-0.4596875601741154,26.788250317273977,0.105500872867151,2.826183791056139,2.826183791056139,0.16982531465790318,2.656358476398236,0.0,0,0.01,0.01,0.1623596317013667,0.30444582413050314,51.96080951448662,0.01,0.09684126505108716,0.19344713526642243,5.157122234350488,0.01,0.09178674007197805,0.1810749387473819,4.993843911424947,0.01,0.11845909844330267,0.39197633566903767,10.252399868798605,0.01,0.1160793343042986,0.30908886671966507,5.537002117844312,0.01,0.0768982125772695,0.13058811810905474,11.937080618036157
10.5,67.40740740740742,67.11305618916869,0.29435121823873195,-0.46452716623481927,26.708029599473193,0.10526158547063486,2.811329540437193,2.811329540437193,0.1541219374656677,2.6572076029715253,0.0,0,0.01,0.01,0.16227169626609675,0.304352649743497,51.69245739831633,0.01,0.09675011188333334,0.1933539608794163,5.146443840914548,0.01,0.0916957546743893,0.1809817643603758,4.982782838057969,0.01,0.11864533504293236,0.39217601489608306,10.408172565758338,0.01,0.1162779593412649,0.3092885459467104,5.547707292624184,0.01,0.07698355839662924,0.13067366496425944,11.953366615603661
10.51,67.10963707392594,66.84541499239346,0.26422208153248755,-0.4695442023702727,26.62680359950036,0.10501916088372582,2.796324571035298,2.796324571035298,0.13834635837644438,2.6579782126588536,0.0,0,0.01,0.01,0.16218264560109352,0.30425829022650697,51.42168420529834,0.01,0.09665780953850905,0.19325960136242626,5.135459617567148,0.01,0.09160362197561421,0.18088740484338578,4.971420227061558,0.01,0.11883311474599455,0.39237739778558967,10.566979494630894,0.01,0.1164782691410397,0.30948992883621707,5.558613397926583,0.01,0.07706951960382322,0.1307598317128425,11.970027062563178
10.52,66.80894873600002,66.57485127896177,0.23409745703824236,-0.4747242394100579,26.545293065743873,0.10477349334356263,2.781243086326635,2.781243086326635,0.12257314187589907,2.658669944450736,0.0,0,0.01,0.01,0.16209244181717902,0.3041627056905943,51.14843624434984,0.01,0.09656431836555235,0.19316401682651357,5.124184288096596,0.01,0.09151030247123701,0.1807918203074731,4.959770601822483,0.01,0.11902249344771769,0.3925805414374125,10.728885684026991,0.01,0.11668032332152074,0.30969307248803984,5.569695297724013,0.01,0.07715611750680883,0.13084663895422383,11.987005111510685
10.53,66.50538814918521,66.30127882842703,0.2041093207581773,-0.48004234087741315,26.46417404565026,0.10452448641796745,2.766154200597297,2.766154200597297,0.10687139043718208,2.659282810160115,0.0,0,0.01,0.01,0.16200105030476628,0.30406585995072116,50.872687177239285,0.01,0.09646960174252278,0.19306717108664045,5.11264781853646,0.01,0.09141575974063045,0.18069497456759995,4.94786319961588,0.01,0.1192135203093226,0.39278549356006764,10.893926185032537,0.01,0.11688417389759823,0.30989802461069504,5.580909563234616,0.01,0.07724336962583588,0.1309341030627901,12.004208292503261
10.540000000000001,66.19900192237034,66.02462838445855,0.17437353791179747,-0.4854643071756455,26.38404749262806,0.10427205828932613,2.751118938059662,2.751118938059662,0.0913017709473607,2.659817167112301,0.0,0,0.01,0.01,0.16190844168832288,0.3039677225739334,50.594441795398645,0.01,0.09637362815068416,0.1929690337098527,5.100893843567891,0.01,0.091319962511312,0.1805968371908122,4.935740439612324,0.01,0.11940623345966646,0.3929922883095826,11.06210653874304,0.01,0.11708986085563262,0.31010481936020995,5.592197086022111,0.01,0.07733128787220438,0.1310222344344337,12.021513906727835
10.55,65.88983749999997,65.74485249222211,0.14498500777786363,-0.49094830439176546,26.305412613019314,0.10401614636393952,2.7361876485196377,2.7361876485196377,0.07591397255259924,2.6602736759670385,0.0,0,0.01,0.01,0.16181459353691316,0.3038682706603686,50.313738344748074,0.01,0.09627637300910696,0.19286958179628788,5.088977516886123,0.01,0.09122288648192188,0.1804973852772474,4.923455836183459,0.01,0.11960065627426963,0.39320094280434237,11.233404444181764,0.01,0.11729740834290908,0.31031347385496977,5.603486327098392,0.01,0.07741987701585787,0.13111103603642354,12.038775618294522
10.56,65.57794314429628,65.46192931388299,0.11601383041328982,-0.49644680008755127,26.228645056108213,0.10375671101442964,2.7213979453866686,2.7213979453866686,0.06074469955686723,2.6606532458298013,0.0,0,0.01,0.01,0.1617194917594036,0.3037674902829254,50.03064932627427,0.01,0.09617782019260793,0.19276880141884464,5.076962896938613,0.01,0.09112451582719765,0.18039660489980414,4.911071465725883,0.01,0.11979679439144086,0.3934114544567088,11.407772466629922,0.01,0.117506821632593,0.3105239855073362,5.61469700669399,0.01,0.0775091335045311,0.13120050231859073,12.055830868407428
10.57,65.26336791748147,65.175865272023,0.08750264545847447,-0.50190871721341,26.153980827696483,0.10349373830253948,2.7067732473512547,2.7067732473512547,0.04581627802366928,2.6609569693275854,0.0,0,0.01,0.01,0.1616231316274885,0.3036653775271343,49.74528076749631,0.01,0.09607796317057979,0.19266668866305361,5.064919996699223,0.01,0.0910248443231037,0.1802944921440131,4.8986551116936,0.01,0.11999463358859831,0.39362379922341306,11.585141590981785,0.01,0.11771808498689719,0.3107363302740404,5.625744027705952,0.01,0.07759904468007177,0.1312906185265104,12.072508716857158
10.58,64.94616166399999,64.8866964237946,0.059465240205380195,-0.5072817098985861,26.081506553885802,0.10322724157507607,2.6923219776798994,2.6923219776798994,0.031135926962195803,2.6611860507177036,0.0,0,0.01,0.01,0.16152551838637288,0.303561939090629,49.45777002561057,0.01,0.09597680572137716,0.1925632502265483,5.052921636353082,0.01,0.09092387604740748,0.1801910537075078,4.886277222206714,0.01,0.12019413859987674,0.3938379308344693,11.76542540944047,0.01,0.1179311604982945,0.3109504618850967,5.636541429733501,0.01,0.07768958841878036,0.13138136043872756,12.08863772351808
10.59,64.62637499274076,64.59448852475339,0.03188646798736305,-0.5125144614537543,26.011156446652688,0.10295726187497067,2.6780374459488523,2.6780374459488523,0.016695715596337646,2.6613417303525146,0.0,0,0.01,0.01,0.16142666743106662,0.3034571924209037,49.168282244040896,0.01,0.0958743621957008,0.192458503556823,5.04104024125028,0.01,0.09082162562975969,0.1800863070377825,4.87400781779797,0.01,0.12039525291090732,0.3940537810164505,11.948524734658161,0.01,0.11814598794277004,0.3111663120670779,5.647006187747966,0.01,0.077780733203031,0.13147269453090213,12.104053511644418
10.6,64.30405925925928,64.29933579823424,0.004723461025038174,-0.5175589054719096,25.942716037130303,0.1026838671605205,2.6638984073397927,2.6638984073397927,0.0024731984092962733,2.6614252089304964,0.0,0,0.01,0.01,0.16132660404505494,0.30335116538998713,48.87700563913836,0.01,0.09577065732209035,0.19235247652590642,5.029344724461172,0.01,0.0907181180449672,0.17998028000686592,4.861913483743795,0.01,0.12059789952061396,0.39427126068224205,12.134332443409377,0.01,0.11836248563254828,0.3113837917328694,5.657061695896496,0.01,0.07787243861194501,0.1315645785508691,12.118605700683405
10.61,63.97926654800002,64.0013584816318,-0.022091933631773662,-0.5223722753428273,25.875832456717735,0.10240715037689169,2.6498702655223476,2.6498702655223476,-0.011567309400195569,2.661437574922543,0.0,0,0.01,0.01,0.16122536271689641,0.3032438955245062,48.58414584050488,0.01,0.09566572556742488,0.1922452066604255,5.017897584826474,0.01,0.09061338796287528,0.179873010141385,4.850054573141552,0.01,0.12080198261533238,0.3944902620176223,12.322738376168232,0.01,0.11858055221066119,0.3116027930682497,5.66664080872549,0.01,0.0779646562003559,0.13165696247079225,12.132163951391915
10.620000000000001,63.65204965451848,63.700699272838044,-0.0486496183195606,-0.5269188956268993,25.810030770673027,0.10212722647294083,2.6359068577900957,2.6359068577900957,-0.0254728805854465,2.661379738375542,0.0,0,0.01,0.01,0.1611229860683278,0.30313542882858524,48.28991954597058,0.01,0.09555961008445193,0.19213673996450453,5.006752338182308,0.01,0.0905074786873173,0.17976454344546403,4.8384827340238585,0.01,0.1210073900596898,0.3947106613569046,12.51363413940316,0.01,0.11880006928823868,0.311823192407532,5.675688345223699,0.01,0.07805733071853412,0.13174978976657511,12.14462292557288
10.63,63.322462067703675,63.39751884634234,-0.0750567786386656,-0.5311716402916312,25.744735613954376,0.10184422850145274,2.6219527365770574,2.6219527365770574,-0.03929963739555786,2.6612523739726153,0.0,0,0.01,0.01,0.16101952344402148,0.3030258182543898,47.99454777856797,0.01,0.09545236129607093,0.19202712939030908,4.995951382477622,0.01,0.09040044073419876,0.17965493287126857,4.82723885730595,0.01,0.1212139965733598,0.3949323227069369,12.706917675842137,0.01,0.11902090478933428,0.3120448537575643,5.68416299258616,0.01,0.07815040161084698,0.13184299896112298,12.155906020958945
10.64,62.990557951999975,63.091990647259415,-0.10143269525943906,-0.5351129974140092,25.67929715457494,0.10155830298017081,2.60794584074216,2.60794584074216,-0.053110035043477666,2.6610558757856375,0.0,0,0.01,0.01,0.16091502922757198,0.30291512189017766,47.69824904816381,0.01,0.09534403518165184,0.19191643302609696,4.985524377732476,0.01,0.09029233011423143,0.17954423650705645,4.816351523227855,0.01,0.12142166743451702,0.39515510175233176,12.902497481478353,0.01,0.11924291683897438,0.3122676328029591,5.6920385743928055,0.01,0.07824380472029933,0.1319365253574849,12.165967796389163
10.65,62.6563921296296,62.78429520122139,-0.12790307159178757,-0.5387356970913874,25.613020224857543,0.10126960472285049,2.5938204339296984,2.5938204339296984,-0.06696989168072154,2.66079032561042,0.0,0,0.01,0.01,0.16080956095998855,0.3028034009478223,47.40123272222511,0.01,0.09523469134343288,0.19180471208374164,4.9754871997682955,0.01,0.09018320639848279,0.17943251556470113,4.805836002622015,0.01,0.12163026253062269,0.39537885015597185,13.100296356679113,0.01,0.11946595800907504,0.3124913812065992,5.699304671426007,0.01,0.07833747411817345,0.1320303028807613,12.17479505169305
10.66,62.32002006281482,62.474614197372546,-0.15459413455773027,-0.5420428783534793,25.54519532387363,0.1009782913725538,2.5795101765829105,2.5795101765829105,-0.08094529956910623,2.6604554761520167,0.0,0,0.01,0.01,0.16070317734540102,0.3026907176403835,47.10369290015251,0.01,0.09512439094043651,0.19169202877630281,4.965841503306619,0.01,0.09007313065418583,0.1793198322572623,4.795693846772749,0.01,0.12183964056570759,0.39560341995836823,13.30025458379769,0.01,0.11968987972464655,0.31271595100899563,5.705966602568446,0.01,0.07843134397404355,0.13212426594422752,12.182406570414555
10.67,61.98149783600001,62.16312460976233,-0.18162677376232103,-0.5450477910838666,25.475130111786765,0.10068451788238779,2.5649511932963502,2.5649511932963502,-0.09509955635782052,2.6600507496541708,0.0,0,0.01,0.01,0.16059593623346655,0.30257713304499545,46.80580306197073,0.01,0.09501319458294012,0.19157844418091477,4.956574905797376,0.01,0.08996216334373817,0.17920624766187426,4.78591307624473,0.01,0.12204966323077657,0.39582866787777743,13.502332428255116,0.01,0.11991453662961159,0.3129411989284048,5.712044789338793,0.01,0.07852535038137956,0.13221835125551706,12.188851573392899
10.68,61.64088213807407,61.8499931188118,-0.2091109807377298,-0.547773049496791,25.40217999361968,0.10038843119112051,2.550084998393947,2.550084998393947,-0.10949025347843477,2.659575251872382,0.0,0,0.01,0.01,0.16048789266881067,0.3024627050468478,46.50771172676753,0.01,0.09490116028203845,0.1914640161827671,4.947661778777914,0.01,0.08985036228121032,0.17909181966372656,4.776468955291061,0.01,0.12226019915014509,0.39605445932014616,13.706511867045803,0.01,0.12013979071750243,0.3131669903707735,5.717573541730425,0.01,0.07861943305770884,0.13231249948287502,12.194206967637117
10.69,61.298230244592624,61.535371079309186,-0.2371408347165635,-0.5502494736662886,25.32577642855808,0.10009016533229188,2.5348611499030387,2.5348611499030387,-0.12416665070195121,2.65902780060499,0.0,0,0.01,0.01,0.16037909709466816,0.3023474864562663,46.209539309744116,0.01,0.094788341546125,0.1913487975921856,4.939064609401754,0.01,0.08973778073787453,0.1789766010731451,4.7673253152023145,0.01,0.12247112743086727,0.3962806719236132,13.912797461370726,0.01,0.12036551504678142,0.31339320297424056,5.722599316563386,0.01,0.07871353684562864,0.1324066567092176,12.198573510295441
10.700000000000001,60.95359999999997,61.219390255171895,-0.265790255171923,-0.552514574040537,25.24545170100736,0.099789837195782,2.519239515177502,2.519239515177502,-0.1391674521739783,2.6584069673514805,0.0,0,0.01,0.01,0.1602695937907844,0.3022315233829575,45.911376311122034,0.01,0.09467478570927094,0.1912328345188768,4.930735871531278,0.01,0.0896244657813274,0.17886063799983629,4.7584363675069445,0.01,0.12268234066404862,0.39650719848570537,14.121216310549512,0.01,0.12059159688269905,0.31361972953633277,5.727178513492542,0.01,0.07880761295146028,0.13250077561263113,12.202071041932337
10.71,60.60704979985183,60.90215950512027,-0.2951097052684394,-0.5546107498975595,25.160859047926486,0.099487543131051,2.503192049744881,2.503192049744881,-0.1545190803457297,2.6577111300906107,0.0,0,0.01,0.01,0.16015941961487706,0.30211485393967313,45.61328290766815,0.01,0.09456053256576052,0.19111616507559243,4.922620324291705,0.01,0.08951045692198903,0.17874396855655192,4.749748927293344,0.01,0.12289374725461183,0.3967339491514307,14.331817053848448,0.01,0.12081794013631075,0.313846480202058,5.731374888559646,0.01,0.07890161987147441,0.13259481632547962,12.204832977062518
10.72,60.258638573037004,60.583762559058364,-0.3251239860213598,-0.5565832854997546,25.071787247089084,0.09918335654268819,2.4867040136904595,2.4867040136904595,-0.1702345209984224,2.656938534688882,0.0,0,0.01,0.01,0.16004860310299895,0.30199750733238995,45.3152899514134,0.01,0.09444561337091716,0.19099881846830924,4.9146576371244,0.01,0.08939578512658056,0.17862662194926873,4.741204948793716,0.01,0.12310527298864427,0.3969608527757735,14.544667924870158,0.01,0.12104446700511347,0.3140733838264008,5.735256680672775,0.01,0.07899552397075522,0.13268874693981553,12.207000271673015
10.73,59.90842576399999,60.26425697438912,-0.35583121038913174,-0.5584782366174681,24.978169023666357,0.0988773265832421,2.46977457600448,2.46977457600448,-0.18631278607941004,2.65608736208389,0.0,0,0.01,0.01,0.15993716396762014,0.30187950337626884,45.01740131331879,0.01,0.0943300502514563,0.19088081451218816,4.906785225116003,0.01,0.08928047224125257,0.17850861799314766,4.732744260779391,0.01,0.12331686178330264,0.39718785741295837,14.759853907727848,0.01,0.12127111875715539,0.3143003884635857,5.738893561488339,0.01,0.07908929969619162,0.1327825436435558,12.20871511553247
10.74,59.55647131496295,59.943674307067695,-0.3872029921047412,-0.5603403046402293,24.880082916102168,0.09856947799769068,2.4524167855794525,2.4524167855794525,-0.20273901257404026,2.655155798153493,0.0,0,0.01,0.01,0.1598251130139208,0.3017608524569959,44.71959744584707,0.01,0.09421385604971828,0.19076216359291523,4.898941167622673,0.01,0.0891645308481425,0.17838996707387472,4.724307379120172,0.01,0.12352847560179808,0.39741492992543814,14.97747309227652,0.01,0.12149785563973368,0.31452746097606554,5.742353532597207,0.01,0.07918292942202766,0.13287619048909652,12.210114617705504
10.75,59.202835648148145,59.62202147649587,-0.4191858283477152,-0.5622107954315508,24.77774854308968,0.098259812120767,2.4346569166196,2.4346569166196,-0.21948518647102233,2.6541421030906225,0.0,0,0.01,0.01,0.1597124524755388,0.3016415559365558,44.42183998069488,0.01,0.09409703460615444,0.1906428670724751,4.89106707798465,0.01,0.08904796455917607,0.1782706705534346,4.715838268966574,0.01,0.12374009355361518,0.39764205474596154,15.197632372977049,0.01,0.12172465593320021,0.3147545857965889,5.745699903589663,0.01,0.0792764029431017,0.13296967881289334,12.211324765093881
10.76,58.847579648000014,59.29928324902352,-0.4517036010235034,-0.5641257554104512,24.67151551681654,0.09794830897525798,2.4165332247290183,2.4165332247290183,-0.23651145242924887,2.653044677158267,0.0,0,0.01,0.01,0.15959917675175325,0.3015216069820332,44.12407712991892,0.01,0.09397958146431364,0.19052291811795247,4.883110792870885,0.01,0.08893076873084099,0.178150721598912,4.707286930012799,0.01,0.1239517102362577,0.39786923186437984,15.42044267770178,0.01,0.12195151420826535,0.3149817629150072,5.748988488511853,0.01,0.07936971664661382,0.1330630063402309,12.212454931147986
10.77,58.49076464340742,58.97542571442016,-0.48466107101274397,-0.5661143683156971,24.561846538658028,0.0976349303689083,2.398094176533688,2.398094176533688,-0.2537679433624329,2.651862119896121,0.0,0,0.01,0.01,0.15948527350974512,0.3014009917766785,43.82624962258055,0.01,0.09386148496326364,0.1904023029125978,4.875028757259051,0.01,0.0888129315644161,0.1780301063935573,4.698611685614496,0.01,0.12416333340795419,0.3980964741453028,15.646013944808557,0.01,0.12217843887992673,0.3152090051959302,5.752265154720231,0.01,0.07946287240729795,0.13315617602324648,12.213593194642034
10.78,58.13245238992595,58.650400585566764,-0.5179481956408127,-0.5681976832170956,24.44929547794624,0.09731962384211418,2.379396239118431,2.379396239118431,-0.2711970410608777,2.650593280179309,0.0,0,0.01,0.01,0.1593707250990262,0.3012796910551215,43.52829688651507,0.01,0.09374272766479574,0.1902810021910408,4.866787994703901,0.01,0.08869443553864065,0.1779088056720003,4.689781069984215,0.01,0.12437498110953046,0.39832380411172985,15.87445008523271,0.01,0.12240544918131799,0.31543633516235725,5.755563845985633,0.01,0.07955587626263468,0.13324919467162596,12.214802694330919
10.790000000000001,57.77270505199997,58.324150115812174,-0.5514450638121989,-0.5703877282748173,24.334481459713746,0.09700232728032736,2.360501334752211,2.360501334752211,-0.28873596022179315,2.649237294974004,0.0,0,0.01,0.01,0.15925551021113962,0.3011576818901013,43.23016317763101,0.01,0.09362328804772424,0.19015899302602057,4.858367572365924,0.01,0.08857525910687984,0.17778679650698004,4.680775226911616,0.01,0.1245866783768653,0.3985512503520919,16.10584416908672,0.01,0.12263257170512014,0.3156637814027192,5.7589051805992,0.01,0.07964873693373187,0.13334207144378282,12.21611919607165
10.8,57.411585185185146,57.996612402510266,-0.58502721732512,-0.5726870463582403,24.218060163076547,0.09668297397574607,2.3414740804897827,2.3414740804897827,-0.3063195346831127,2.6477936151728954,0.0,0,0.01,0.01,0.15913960570695598,0.30103493964704986,42.93180336641233,0.01,0.09350314238978906,0.19003625078296918,4.8497594949169684,0.01,0.08845537857916275,0.17766405426392867,4.671586757366702,0.01,0.12479845370200222,0.39877884372281786,16.340274062936302,0.01,0.12285983667769675,0.3158913747734452,5.7622956961995,0.01,0.07974146426335575,0.1334348162714167,12.217549986441616
10.81,57.04915571837036,57.66772683026823,-0.6185711118978721,-0.5750886688601784,24.100693650586383,0.09636149790372406,2.3223789406892754,2.3223789406892754,-0.3238830768102041,2.6462620174994798,0.0,0,0.01,0.01,0.15902298852677413,0.3009114400157985,42.63318811308804,0.01,0.0933822667496184,0.18991275115171777,4.840968989743798,0.01,0.08833477010154671,0.17754055463267726,4.662220980677904,0.01,0.12501033541037407,0.3990066135250273,16.577798715881855,0.01,0.12308727414107001,0.31611914457565465,5.76572777766125,0.01,0.0798340676450893,0.1335274382919646,12.219074135841476
10.82,56.68547993599999,57.33743940390414,-0.651959467904149,-0.5775765238554711,23.98302010600061,0.09603783897111491,2.3032774229810977,2.3032774229810977,-0.34136517913433084,2.644642602115429,0.0,0,0.01,0.01,0.15890563759527945,0.3007871610258392,42.33430819679423,0.01,0.09326063895724124,0.18978847216175848,4.832014175993905,0.01,0.08821341164142746,0.17741627564271797,4.65269560304914,0.01,0.12522234812327235,0.3992345838321152,16.818455252901487,0.01,0.1233149102198145,0.3163471148827426,5.769180265834026,0.01,0.07992655451665832,0.13361994436159585,12.220644099470976
10.83,56.3206214602963,57.00570772899127,-0.6850862686949691,-0.5801262551048155,23.86562485208875,0.09571194799669978,2.2842254447518644,2.2842254447518644,-0.358710331467893,2.6429357762197574,0.0,0,0.01,0.01,0.15878753563429018,0.3006620849530349,42.03517780895492,0.01,0.09313824052187948,0.18966339608895422,4.822925140360733,0.01,0.08809128488778009,0.1772911995699137,4.643039816302067,0.01,0.12543450946857782,0.3994627701350796,17.062256986855726,0.01,0.12354276364383625,0.3165753011857069,5.772619706071067,0.01,0.08001892898618007,0.13371233771622254,12.222188552438293
10.84,55.95464423348149,56.67250541659652,-0.7178611831150312,-0.5827064101740529,23.749013952914243,0.09538379119760759,2.2652709880338415,2.2652709880338415,-0.37587123652857657,2.641142224562418,0.0,0,0.01,0.01,0.15866867080104297,0.3005362000312869,41.735836673009906,0.01,0.0930150583701415,0.18953751116720619,4.81374247094839,0.01,0.08796837697981877,0.17716531464816568,4.63329287709793,0.01,0.12564682718912681,0.3996911764550627,17.30919241058931,0.01,0.12377084268408922,0.3168037075056901,5.776002160095104,0.01,0.08011119065269354,0.13380461683980713,12.223616291031528
10.85,55.58761250000002,56.3378257173643,-0.7502132173642726,-0.5852799398948766,23.633591580743893,0.09505335397944928,2.2464521463301814,2.2464521463301814,-0.39281072204959355,2.639262868379775,0.0,0,0.01,0.01,0.1585490380782551,0.30040950189213,41.43635091009197,0.01,0.0928910863360232,0.1894108130280493,4.804515325800462,0.01,0.08784468198594292,0.1770386165090088,4.623502240969533,0.01,0.12585929677756552,0.3999197930486793,17.559225182206795,0.01,0.12399914263721501,0.3170323240993067,5.779275475497726,0.01,0.08020333367220218,0.13389677458849142,12.22482098094086
10.86,55.21959078874076,56.00168422701743,-0.7820934382766652,-0.5878059381703687,23.519642152814455,0.09472064386055358,2.2277956480844017,2.2277956480844017,-0.40950316668512565,2.6372988147695273,0.0,0,0.01,0.01,0.15842864035392565,0.3002819946680555,41.136812629515504,0.01,0.09276632633588935,0.1892833058039748,4.795299133267,0.01,0.0877202020666713,0.17691110928493428,4.613721345167184,0.01,0.12607189974013952,0.40014859480248977,17.812295072918687,0.01,0.1242276439678696,0.31726112585311717,5.7823818863042336,0.01,0.08029534610811132,0.13398879760628862,12.225686497417906
10.870000000000001,54.850643895259225,55.664120548886274,-0.8134766536270444,-0.590241541218872,23.40731802591701,0.0943856924006836,2.2093159191191796,2.2093159191191796,-0.42593537981692187,2.6352512989361014,0.0,0,0.01,0.01,0.1583074891432459,0.3001536917109506,40.837338281585026,0.01,0.09264078917629662,0.18915500284686984,4.786153036359755,0.01,0.08759494826999766,0.17678280632782933,4.604007148498016,0.01,0.12628460256088447,0.4003775403798751,18.068319810305038,0.01,0.12445631118543998,0.31749007143050245,5.785260806636841,0.01,0.08038720959097766,0.1340806660538991,12.226092583844855
10.88,54.48083686399997,55.32519884723939,-0.8443619832394257,-0.5925438990928724,23.296633286781915,0.09404855605012438,2.1910147214511024,2.1910147214511024,-0.4421069005859146,2.633121622037017,0.0,0,0.01,0.01,0.15818560492142947,0.300024615894696,40.53806586589479,0.01,0.09251449495945831,0.18902592703061527,4.777137202335821,0.01,0.08746894092455258,0.17665373051157476,4.594417544875859,0.01,0.1264973564036901,0.40060657214812856,18.32719772066866,0.01,0.12468509249652691,0.3177191031987559,5.7878516774976845,0.01,0.08047889929759604,0.13417235365731128,12.225920553448244
10.89,54.1102349705185,54.985007275824834,-0.8747723053063402,-0.5946721299000134,23.187463904191294,0.09370931588407232,2.172881379548387,2.172881379548387,-0.458029707985701,2.6309110875340878,0.0,0,0.01,0.01,0.15806301705400794,0.2998947994898952,40.23915113849726,0.01,0.09238747306958192,0.18889611062581455,4.76831012171817,0.01,0.08734220961437271,0.17652391410677404,4.585008769958551,0.01,0.12671009755440013,0.40083561687743385,18.58881105214796,0.01,0.1249139202377211,0.31794814792806125,5.790096733025855,0.01,0.08057038424434629,0.13426382806792125,12.225058771846006
10.9,53.738903703703684,54.64365631692649,-0.9047526132227997,-0.5965891686407198,23.079554225847065,0.09336807623771386,2.1548935784913397,2.1548935784913397,-0.47372736050281916,2.628620938994159,0.0,0,0.01,0.01,0.1579397633294027,0.2997642836181024,39.94076300453883,0.01,0.09225976174242134,0.18876559475402171,4.7597260182489025,0.01,0.08721479273814711,0.1763933982349812,4.575832917427418,0.01,0.12692274857025476,0.40106458716817645,18.853029843753717,0.01,0.125142712056637,0.3181771182188038,5.791943565568668,0.01,0.08066162787513495,0.13435505151163618,12.223407683101245
10.91,53.36690874799999,54.30127611518367,-0.9343673671836732,-0.5982634278706067,22.972529520848745,0.09302496230708134,2.1370186927752677,2.1370186927752677,-0.4892336094163774,2.626252302191645,0.0,0,0.01,0.01,0.15781588911657912,0.2996331173119348,39.64307831707599,0.01,0.09213140723933556,0.18863442844785414,4.751432483306988,0.01,0.087086736674696,0.17626223192881363,4.566935673657691,0.01,0.12713522007128392,0.4012933835303111,19.119716193196496,0.01,0.12537137277468252,0.3184059145809385,5.793347386474073,0.01,0.08075258891088267,0.13444598169146474,12.22088417565645
10.92,52.99431596562962,53.958012935305796,-0.9636969696761759,-0.5996701962679031,22.86591399875744,0.09268011682758394,2.1192155807743265,2.1192155807743265,-0.5045905533702366,2.623806134144563,0.0,0,0.01,0.01,0.15769144618753708,0.2995013562252801,39.3462763275296,0.01,0.09200246266510355,0.1885026673611994,4.743468436005382,0.01,0.08695809459430946,0.17613047084215888,4.558354367561005,0.01,0.12734741307927502,0.4015218970097131,19.388728766562856,0.01,0.12559979683427497,0.3186344280603405,5.794272899497183,0.01,0.08084322241594208,0.1345365728970103,12.217425123373145
10.93,52.62119137881483,53.61402491168853,-0.9928335328737017,-0.6007927132735451,22.759153489933354,0.09233369598397405,2.1014367591921084,2.1014367591921084,-0.5198464221856036,2.621283181377712,0.0,0,0.01,0.01,0.15756649125954836,0.2993690610536512,39.0505330465007,0.01,0.0918729864849157,0.18837037218957048,4.735862494178744,0.01,0.08682892497164532,0.17599817567052997,4.550116416873963,0.01,0.12755922178600243,0.401750012232837,19.659927385028773,0.01,0.1258278712075964,0.3188625432834644,5.794695724564945,0.01,0.08093348102760389,0.13462677726556302,12.212989978668507
10.94,52.247601152000016,53.26947728910434,-1.0218761371043177,-0.6016228727820908,22.65164175977055,0.09198586474055864,2.0836308550658433,2.0836308550658433,-0.5350530942009402,2.6186839492667837,0.0,0,0.01,0.01,0.15744108432473702,0.29923629573789956,38.756015776148224,0.01,0.09174304080961744,0.18823760687381885,4.728631822602148,0.01,0.08669928986943043,0.17586541035477835,4.54223823397786,0.01,0.12777053661454238,0.4019776107236021,19.93317751788071,0.01,0.12605547862464195,0.31909014177422945,5.794603329945317,0.01,0.08102331628835038,0.1347165461334899,12.207562336660198
10.950000000000001,51.87361157407403,52.92453737571441,-1.050925801640371,-0.6021615257814328,22.542749261249963,0.09163679180707336,2.06574522081222,2.06574522081222,-0.550263462983559,2.616008683795779,0.0,0,0.01,0.01,0.15731528684423826,0.2991031255343627,38.46287806592901,0.01,0.09161268952879772,0.18810443667028195,4.721781503954612,0.01,0.08656925307261186,0.17573224015124145,4.534724634276599,0.01,0.12798124742642078,0.4022045743359451,20.208354507727943,0.01,0.12628250096605093,0.31931710538657243,5.793995449975594,0.01,0.08111268001699636,0.13480583141359476,12.201150430740855
10.96,51.49928904059256,52.579369441628494,-1.0800804010359373,-0.6024183701497757,22.431853014019314,0.09128664447252524,2.047728590950725,2.047728590950725,-0.5655287755301364,2.6132573664808616,0.0,0,0.01,0.01,0.15718915989030546,0.2989696150406182,38.17125532305743,0.01,0.09148199637819812,0.1879709261765375,4.715304455778884,0.01,0.0864388781593721,0.17559872965749698,4.527568768727582,0.01,0.1281912467233897,0.40243078864234466,20.485347354795774,0.01,0.12650882266142716,0.319543319692972,5.792883983356587,0.01,0.08120152565441612,0.1348945869341449,12.193786559750771
10.97,51.12470003599998,52.23412979755521,-1.109429761555233,-0.6024114347175272,22.3183662402419,0.09093558354558934,2.029533657840578,2.029533657840578,-0.5808960647626327,2.6104297226032105,0.0,0,0.01,0.01,0.1570627623220585,0.29883582626803423,37.88126127793363,0.01,0.09135102303082923,0.1878371374039535,4.709181893804172,0.01,0.08630822659822047,0.175464940884913,4.520752580197168,0.01,0.12840043269581014,0.4026561461228947,20.76406189398485,0.01,0.12673433393660705,0.3197686771735221,5.791292383698528,0.01,0.08128980952213938,0.13498276967829648,12.185525485377344
10.98,50.74991111585184,51.888962278650084,-1.1390511627982431,-0.6021661833360156,22.20176639157767,0.09058375863540954,2.0111194480944192,2.0111194480944192,-0.5964057941849787,2.6075252422793977,0.0,0,0.01,0.01,0.1569361490789379,0.2987018168501043,37.592985464362954,0.01,0.09121982729996017,0.18770312798602357,4.703384319121633,0.01,0.08617735595905025,0.1753309314669831,4.514247761303441,0.01,0.12860871197958887,0.4028805490109125,21.044423212858675,0.01,0.1269589337632844,0.31999308006153987,5.789254569960836,0.01,0.08137749193750966,0.13507034086849307,12.17644187528506
10.99,50.37498888903703,51.543994338875606,-1.1690054498385776,-0.6017142821963456,22.081620268993394,0.09023130399099479,1.9924533911052549,1.9924533911052549,-0.6120898222032178,2.6045432133084727,0.0,0,0.01,0.01,0.15680936967039727,0.2985676384692033,37.30649182621704,0.01,0.09108846153682429,0.18756894960512258,4.697872984457663,0.01,0.08604631832063343,0.17519675308608207,4.508017170175253,0.01,0.12881600199974888,0.40310391166902126,21.32637718207524,0.01,0.12718253238091273,0.32021644271964866,5.786813400129563,0.01,0.08146453813701408,0.13515726684874454,12.166626902510872
11.0,50.0,51.19933393193364,-1.199333931933638,-0.6010920891721593,21.95760506573164,0.08987833509144827,1.9735129859035103,1.9735129859035105,-0.6279697782939464,2.6014827641974567,0.0,0,0.01,0.01,0.15668246693115695,0.29843333557415685,37.021818508364746,0.01,0.09095697129668628,0.18743464671007617,4.69260177402966,0.01,0.08591515894775291,0.17506245019103567,4.5020166406692,0.01,0.12902223280009809,0.4033261623932282,21.60989100251171,0.01,0.12740505328293486,0.32043869344385556,5.784018766981002,0.01,0.08155091896937351,0.13524351972807347,12.1561841450332
11.01,49.62501111096296,50.85506731746022,-1.2300562064972569,-0.6003389367558526,21.829524348665696,0.08952494614416043,1.9542869916669352,1.9542869916669352,-0.644055923639052,2.598342915305987,0.0,0,0.01,0.01,0.15655547609886633,0.29829894444734056,36.73897883292196,0.01,0.09082539433425736,0.18730025558325988,4.6875194128683795,0.01,0.08578391529845267,0.17492805906421938,4.4961971058489585,0.01,0.12922734828401328,0.40354724457057234,21.894952714774476,0.01,0.12762643458598463,0.3206597756211997,5.780925390122301,0.01,0.08163661133151592,0.13532907776032083,12.145224959545043
11.02,49.25008888414816,50.51125788744034,-1.2611690032921752,-0.5994952895773248,21.697318226357023,0.08917120860545771,1.9347760897414819,1.9347760897414819,-0.6603465459463098,2.5951226356877917,0.0,0,0.01,0.01,0.15642842425586412,0.29816449266355194,36.45796340435035,0.01,0.09069375997391595,0.18716580379947126,4.68257190597199,0.01,0.08565261640632062,0.17479360728043075,4.4905069388257814,0.01,0.12943130681980874,0.4037671171470721,22.181569665446222,0.01,0.1278466297304489,0.32087964819769943,5.777590392961224,0.01,0.08172159833306378,0.13541392544833447,12.133863529183166
11.03,48.87529996400002,50.16794605977872,-1.2926460957786965,-0.5986008630555317,21.56106722261231,0.08881717079004568,1.9149929899264133,1.9149929899264133,-0.6768279130316468,2.59182090295806,0.0,0,0.01,0.01,0.15630133015958947,0.2980299989644119,36.1787432326311,0.01,0.09056208888252348,0.1870313101003312,4.677705096103741,0.01,0.08552128266503686,0.1746591135812907,4.484894404074972,0.01,0.12963408119419204,0.4039857543954587,22.46976597744802,0.01,0.12806560749225782,0.32109828544608604,5.774070766061755,0.01,0.08180586918785722,0.13549805337371057,12.122211804626046
11.040000000000001,48.50071095940737,49.82515023594731,-1.324439276539938,-0.5976927911497121,21.420989669214254,0.08846285858424593,1.8949619798422936,1.8949619798422936,-0.6934747835506083,2.588436763392902,0.0,0,0.01,0.01,0.156174204467918,0.29789547355244456,35.901273714283946,0.01,0.09043039325366536,0.18689678468836382,4.6728672222244265,0.01,0.08538992602346973,0.1745245881693233,4.479310106076052,0.01,0.12983565792753585,0.4042031450049698,22.759579125669404,0.01,0.12828335131755467,0.3213156760555972,5.770420828076226,0.01,0.08188941884370263,0.13558145776607863,12.110374568789195
11.05,48.12638842592588,49.482868770018406,-1.3564803440925237,-0.596803928376228,21.277432736274953,0.08810827722599357,1.8747179421851445,1.8747179421851445,-0.7102514472900046,2.584969389475149,0.0,0,0.01,0.01,0.1560470503471426,0.297760918789209,35.62549927009391,0.01,0.09029867739280624,0.18676222992512834,4.668011359098015,0.01,0.08525855058029787,0.17439003340608783,4.473709320872064,0.01,0.13003603599378266,0.40441929054675824,23.051055769752843,0.01,0.128499858022575,0.3215318215973856,5.766689800859088,0.01,0.08197224737341481,0.13566413983783307,12.09844485631383
11.06,47.752398848000006,49.141082849556554,-1.3886840015565534,-0.5959613643885664,21.130857518206586,0.0877534140643867,1.8543048893307414,1.8543048893307414,-0.7271132429079574,2.581418132238699,0.0,0,0.01,0.01,0.15591986443239655,0.29762633026287993,35.351358407804845,0.01,0.09016693867405623,0.18662764139879923,4.663097623053206,0.01,0.08512715354840371,0.17425544487975872,4.468054100672206,0.01,0.1302352250144774,0.40463420339677614,23.344247039174576,0.01,0.12871513592932118,0.32174673444740354,5.762919615073834,0.01,0.08205435916078832,0.13574610492066,12.086499947436291
11.07,47.37880862118518,48.799760147015824,-1.4209515258306493,-0.5951852188463472,20.981818872719042,0.0873982421656973,1.833774086914697,1.8337740869146968,-0.7440084791094626,2.5777825660241596,0.0,0,0.01,0.01,0.15579263809388783,0.29749169817341364,35.07878895930313,0.01,0.09003516882190697,0.18649300930933294,4.6580950392038885,0.01,0.08499572654202933,0.17412081279029246,4.46231505167698,0.01,0.13043324301954098,0.4048479042220333,23.639203498140635,0.01,0.12892920253226092,0.32196043527266066,5.759143055600517,0.01,0.0821357619239343,0.1358273614487369,12.074598132247612
11.08,47.00568403437036,48.45885906542551,-1.453175031055142,-0.5944877705793,20.83094095581707,0.08704272459337879,1.81318185663812,1.81318185663812,-0.7608806669904922,2.574062523628612,0.0,0,0.01,0.01,0.15566535894816005,0.29735700896872486,34.80773323630402,0.01,0.08990335545623274,0.18635832010464415,4.652982981332672,0.01,0.08486425712472492,0.17398612358560364,4.4564727007538,0.01,0.1306301138859791,0.4050604191548334,23.935970036761013,0.01,0.12914208181128894,0.3221729502054608,5.755382342080256,0.01,0.08221646562509358,0.1359079198397211,12.062776404892945
11.09,46.63309125200001,48.118333375855556,-1.4852421238555504,-0.5938729588963527,20.678889595616724,0.08668681915859971,1.7925871627758763,1.792587162775876,-0.7776709575177831,2.5702581202936594,0.0,0,0.01,0.01,0.15553801254238844,0.29722224715382484,34.5381428558692,0.01,0.08977148382677784,0.1862235582897441,4.64775211650679,0.01,0.0847327305441635,0.1738513617707036,4.45051838671201,0.01,0.13082586457897175,0.40527177679215276,24.234580938690595,0.01,0.1293538013207405,0.32238430784278016,5.751648219061379,0.01,0.08229648132031143,0.13598779132835323,12.051049200822645
11.1,46.261096296296316,47.778137027584975,-1.5170407312886613,-0.5933362771210864,20.526342792717315,0.08633048341662194,1.7720490960705795,1.7720490960705795,-0.794320669435491,2.5663697655060704,0.0,0,0.01,0.01,0.15541058413196956,0.29708739718716076,34.2699830070269,0.01,0.08963953865481647,0.18608870832308003,4.642404811062154,0.01,0.08460113157148745,0.17371651180403952,4.444454635536888,0.01,0.1310205223271584,0.4054820051632584,24.53505536429193,0.01,0.12956438919274452,0.3225945362138858,5.747939603743684,0.01,0.0823758200040834,0.13606698680854767,12.039408235163414
11.11,45.88976502948151,47.43822890572421,-1.5484638762426968,-0.5928650599372193,20.373960718504772,0.08597367967383474,1.7516243725000211,1.7516243725000211,-0.8107737896588718,2.562398162158893,0.0,0,0.01,0.01,0.1552830604677087,0.29695244537477733,34.00323596084044,0.01,0.08950750599505704,0.18595375651069662,4.636954981592883,0.01,0.08446944635836834,0.1735815599916561,4.4382950048462515,0.01,0.13121411186511867,0.4056911288077949,24.83739346381214,0.01,0.1297738711953009,0.3228036598584223,5.7442438089079495,0.01,0.08245449150320591,0.13614551573824188,12.027823441755174
11.120000000000001,45.51916313599996,47.09857731542428,-1.579414179424315,-0.5924391477961407,20.222356602036125,0.08561637977084775,1.7313649627014351,1.7313649627014351,-0.8269793305091633,2.5583442932105984,0.0,0,0.01,0.01,0.1551554315089039,0.29681738167351857,33.73790366622681,0.01,0.08937537503035263,0.18581869280943789,4.631427402295876,0.01,0.08433766422457495,0.17344649629039738,4.4320634093428,0.01,0.1314066528710264,0.40589916609906207,25.141573299235343,0.01,0.12998226798109194,0.32301169714968947,5.740537326657816,0.01,0.08253250347067169,0.13622338515714622,12.016244953320841
11.13,45.14935610474072,46.7591639863981,-1.6098078816573802,-0.5920318943302552,20.07206985109007,0.08525856941858038,1.7113159607737574,1.7113159607737571,-0.8428934357842954,2.554209396558053,0.0,0,0.01,0.01,0.15502769198252503,0.2966822013192296,33.47400932092311,0.01,0.08924313971536366,0.18568351245514889,4.625856506851455,0.01,0.08420577929254308,0.17331131593610838,4.425792964569364,0.01,0.13159815771649053,0.4061061269335169,25.447548710132093,0.01,0.13018959265239777,0.32321865798414423,5.736787127559478,0.01,0.08260986052472333,0.1363005988611288,12.004606008679405
11.14,44.78040921125924,46.41998741546923,-1.639578204209992,-0.591611467211087,19.923542646566936,0.0849002518861067,1.691513789157122,1.6915137891571217,-0.8584811402220094,2.5499949293791313,0.0,0,0.01,0.01,0.1548998427162743,0.2965469062045316,33.21159785799334,0.01,0.08911080019279105,0.18554821734045088,4.620284747379302,0.01,0.08407379189300794,0.17317602082141037,4.419524409537795,0.01,0.13178862962923074,0.40631201088843044,25.755248211114914,0.01,0.13039584875108617,0.3234245419390578,5.732952402238368,0.01,0.0826865635704237,0.13637715676863293,11.992826626399475
11.15,44.41238749999998,46.08106539702712,-1.6686778970271372,-0.5911423798601246,19.777101087339865,0.0845414508700152,1.6719848199266676,1.6719848199266674,-0.8737177037513533,2.545702523678021,0.0,0,0.01,0.01,0.15477189168420247,0.29641150594279314,32.950735340930116,0.01,0.08897836391678314,0.18541281707871243,4.614760593576356,0.01,0.08394170967681731,0.17304062055967195,4.413304188201581,0.01,0.13197806134829485,0.40651680592608175,26.06457495971817,0.01,0.1306010287612665,0.3236293369767091,5.728986650351339,0.01,0.08276260933170924,0.136453054504687,11.980817848623781
11.16,44.04535576651851,45.74243663002576,-1.697080863507246,-0.5905871814016844,19.63294175274398,0.08418221241371389,1.6527444729355663,1.652744472935566,-0.8885894622236978,2.541333935159264,0.0,0,0.01,0.01,0.1546438547172089,0.29627601856981595,32.69150731194333,0.01,0.08884584643207714,0.18527732970573524,4.609336270916262,0.01,0.08380954838204716,0.17290513318669473,4.407182284658219,0.01,0.13216643432704336,0.40672048769606506,26.375407786365834,0.01,0.1308051131868769,0.32383301874669246,5.724840006629309,0.01,0.08283799011134263,0.13652828321723193,11.968486335942206
11.17,43.679378539703706,45.40416133368208,-1.7247827939783762,-0.5899082256334691,19.491124301817134,0.08382260578963821,1.6337968287480549,1.6337968287480549,-0.9030941591000907,2.5368909878481456,0.0,0,0.01,0.01,0.15451575584653096,0.29614047085179523,32.43401618624845,0.01,0.08871327177370543,0.18514178198771453,4.604065347122534,0.01,0.08367733222182662,0.17276958546867405,4.401209916670519,0.01,0.13235371851234073,0.4069230194585296,26.687603234367213,0.01,0.13100807023845865,0.324035550509157,5.720461685924194,0.01,0.08291269378499397,0.13660282962918555,11.95573908466393
11.18,43.314520064,45.0663208502865,-1.7518007862865044,-0.5890694368212382,19.351570453147293,0.0834627233056536,1.6151347702608942,1.6151347702608942,-0.9172407467917509,2.532375517052645,0.0,0,0.01,0.01,0.15438762726549154,0.2960048981865122,32.178377828019826,0.01,0.08858067246991548,0.1850062093224315,4.5990002808486015,0.01,0.08354509387608713,0.17263401280339102,4.395437196292519,0.01,0.1325398727006339,0.4071243526218189,27.000998518471185,0.01,0.13120985613405667,0.3242368836724463,5.7158024286425535,0.01,0.08298670402442015,0.1366766763184437,11.942488041034299
11.19,42.95084428162966,44.72901646642232,-1.7781721847926655,-0.5880331675307334,19.214068049816543,0.08310267926700408,1.5967405345582948,1.5967405345582948,-0.9310487787603916,2.5277893133186864,0.0,0,0.01,0.01,0.15425950893501383,0.29586934418647903,31.924720345224774,0.01,0.08844808916455527,0.18487065532239833,4.594191628269922,0.01,0.08341287410541497,0.17249845880335782,4.389912514042939,0.01,0.1327248454244565,0.4073244277375242,27.31541314164168,0.01,0.13141041597465303,0.3244369587881516,5.710815738255039,0.01,0.08306000439447915,0.13674981812896278,11.92964711982469
11.200000000000001,42.58841481481477,44.392401804830754,-1.8039869900159888,-0.5866312663463397,19.078054525685513,0.08274264486098229,1.5785686902572524,1.5785686902572522,-0.9445653791676323,2.5231340694248847,0.0,0,0.01,0.01,0.15413145736662248,0.2957338737756828,31.673381617203198,0.01,0.08831557787643435,0.18473518491160207,4.589821300291389,0.01,0.08328072938045387,0.17236298839256156,4.384814482910517,0.01,0.13290856558701455,0.40752315570438785,27.630449556818427,0.01,0.1316096756695552,0.3246356867550152,5.705347653977918,0.01,0.0831328863978117,0.13682267300757067,11.927450997308204
11.21,42.227294947999965,44.0567198876267,-1.8294249396267346,-0.5847792594212359,18.942363070719914,0.08238288846356634,1.5605265840914966,1.5605265840914966,-0.95788465843755,2.5184112425290466,0.0,0,0.01,0.01,0.15400356439557672,0.2955985882773824,31.424714421107318,0.01,0.0881832303057791,0.18459989941330168,4.586069937925791,0.01,0.08314875207880662,0.17222770289426118,4.380312082745185,0.01,0.1330909151579041,0.40772039677638927,27.945618598255148,0.01,0.13180751342583458,0.3248329278270166,5.699214273544108,0.01,0.08320563057341765,0.1368953940421797,11.925577544249002
11.22,41.86754761007404,43.72222771502397,-1.8546801049499266,-0.5824809727675122,18.805707032148646,0.0820236954942243,1.542513587158553,1.5425135871585531,-0.971108232078306,2.513621819236859,0.0,0,0.01,0.01,0.15387593124256216,0.2954635951915997,31.178904940097322,0.01,0.08805115104234136,0.18446490632751897,4.5829538043340525,0.01,0.08301704667739059,0.17209270980847846,4.3764184333601195,0.01,0.13327176088610698,0.40791600581374393,28.26062627335106,0.01,0.13200378664530968,0.3250285368643713,5.692390418088924,0.01,0.08327819998060791,0.13696792583468337,11.92253258583741
11.23,41.50923535659257,43.389176049785085,-1.8799406931925187,-0.5797432304064335,18.666811488154575,0.08166534675141536,1.5244316329234473,1.524431632923447,-0.9843346451530199,2.5087662780764672,0.0,0,0.01,0.01,0.15374865764485357,0.29532900003851925,30.93611251813543,0.01,0.08791944381058099,0.18433031117443854,4.580462896189192,0.01,0.08288571656992429,0.17195811465539804,4.373124169137396,0.01,0.1334509739993269,0.4081098442142872,28.57521449971004,0.01,0.13219672429163948,0.32522237526491454,5.701645682864985,0.01,0.08335054048731008,0.1370402141130272,11.918305161687655
11.24,41.15242035199999,43.05785491996222,-1.9054345679622224,-0.5764006536695044,18.52410952274691,0.08130816740386357,1.506161398083009,1.506161398083009,-0.9976832067676933,2.5038446048507024,0.0,0,0.01,0.01,0.15362185388776037,0.2951949247456128,30.696756426791957,0.01,0.08778822082008704,0.1841962358815321,4.578768065020932,0.01,0.08275487413911561,0.17182403936249158,4.370598879922773,0.01,0.1336284180870306,0.40830175352661524,28.88885227664977,0.01,0.1323827796523285,0.3254142845772426,5.761953187791897,0.01,0.08342259300814014,0.13711219584243323,11.912576205318622
11.25,40.79716435185184,42.72863968210625,-1.9314753302544092,-0.5723926851584702,18.37542575172768,0.08095257714817711,1.4875380707973354,1.4875380707973354,-1.0113181180195285,2.498856188816864,0.0,0,0.01,0.01,0.15349566476201437,0.2950615264059646,30.461249820986243,0.01,0.08765762891401742,0.18406283754188393,4.5780346968344405,0.01,0.08262466669784804,0.17169064102284343,4.3689961725341115,0.01,0.13380391429125404,0.4084915294918774,29.200919452160882,0.01,0.13256612609585067,0.3256040605425048,5.828506984753976,0.01,0.08349427953677423,0.1371837891579157,11.905034446705374
11.26,40.44352868503704,42.401889138026704,-1.9583604529896637,-0.567802587569507,18.21864806294008,0.08059898065917635,1.4684044628612483,1.4684044628612483,-1.0253951353655177,2.493799598226766,0.0,0,0.01,0.01,0.1533702349218407,0.294928956109287,30.229726520518515,0.01,0.08752781895761767,0.18393026724520625,4.578190482837223,0.01,0.08249524452601367,0.17155807072616575,4.3682430383211175,0.01,0.1339772823803302,0.4086789815056395,29.511110592596033,0.01,0.13274722754647458,0.3257915125562669,5.894570551853722,0.01,0.08356551984738245,0.13725491545858265,11.895812714088738
11.27,40.09157423600003,42.077903006989324,-1.9863287709892978,-0.5627485736216242,18.0520180348731,0.08024772118694885,1.4486333101242688,1.448633310124269,-1.0400393124256702,2.488672622549939,0.0,0,0.01,0.01,0.15324568845915815,0.2947973415759151,30.002204248733882,0.01,0.08739892194404766,0.1837986527118344,4.579090367358706,0.01,0.08236673763228881,0.1714264561927939,4.3682004128787755,0.01,0.13414837284389858,0.40886395656875874,29.8192665222988,0.01,0.132925980262309,0.32597648761938613,5.95961716526626,0.01,0.0836362445727386,0.13732550869235116,11.885180617002565
11.28,39.74136142696299,41.756907902805644,-2.0155464758426564,-0.5573670104591747,17.8742362697795,0.07989906463806339,1.4281347590751294,1.4281347590751294,-1.0553376669126813,2.4834724259878107,0.0,0,0.01,0.01,0.15312212262151972,0.29466678126654067,29.778610499590567,0.01,0.08727104152402443,0.18366809240246,4.58055741486262,0.01,0.08223924858855026,0.17129589588341948,4.368699478869774,0.01,0.13431707596509987,0.40904634637649284,30.12533573693139,0.01,0.13310226902699432,0.32615887742712024,6.023701681491896,0.01,0.08370639926145572,0.1373955184764421,11.873468493435329
11.290000000000001,39.392950200148114,41.43904922551213,-2.0460990253640086,-0.5518048021701405,17.684530237385314,0.07955318995387613,1.4068607932197799,1.4068607932197799,-1.0713349444334674,2.4781957376532473,0.0,0,0.01,0.01,0.15299960424734482,0.2945373408699433,29.558790146250203,0.01,0.08714425008269854,0.18353865200586264,4.582394550267703,0.01,0.08211284868698872,0.17116645548682213,4.369552454293242,0.01,0.13448332573657837,0.40922609084915257,30.429369851395748,0.01,0.1332760189161761,0.3263386218997799,6.086964450249176,0.01,0.08377594648403443,0.13746491194548374,11.86104632414176
11.3,39.046399999999956,41.12438720981451,-2.0779872098145473,-0.5462121773171715,17.482695216103767,0.0792101839588026,1.3848075041632575,1.3848075041632575,-1.0880315587678224,2.47283906293108,0.0,0,0.01,0.01,0.15287816780666447,0.2944090514751371,29.34251512255602,0.01,0.08701858655393808,0.18341036261105634,4.584394227911962,0.01,0.08198757580636179,0.17103816609201583,4.370561776279978,0.01,0.13464710135911617,0.40940317921307323,30.731517845191817,0.01,0.13344720130071025,0.32651571026370063,6.149580890308798,0.01,0.08384486699651153,0.13753367470233108,11.84830635614517
11.31,38.7017697554074,40.81289711076506,-2.1111273553576555,-0.5407354384971281,17.269107437042422,0.07887004071897546,1.3620152067398978,1.3620152067398978,-1.105383698397343,2.467398905137241,0.0,0,0.01,0.01,0.15275781502381852,0.29428190943561333,29.12949751979514,0.01,0.08689405587939919,0.1832832205715326,4.586348419647187,0.01,0.08186343391867636,0.1709110240524921,4.371529615118474,0.01,0.1348084265792472,0.40957764872784364,31.03201540067033,0.01,0.13361583382657796,0.326690179778471,6.2117487617813065,0.01,0.08391316001810893,0.1376018108692455,11.835644708564372
11.32,38.359117861925924,40.504473473039496,-2.1453556111135748,-0.5355099614400387,17.04470882868557,0.07853266540936693,1.3385664154432464,1.3385664154432466,-1.123305571202008,2.4618719866452543,0.0,0,0.01,0.01,0.15263851608313378,0.2941558779176696,28.91940557822676,0.01,0.08677063011308611,0.1831571890535889,4.588058705498305,0.01,0.08174039423728936,0.1707849925345484,4.372267475781566,0.01,0.1349673669643812,0.4097495811702223,31.33116940841141,0.01,0.1337819779257974,0.3268621122208497,6.273677502046221,0.01,0.08398084262449099,0.13766934224466634,11.82344226910142
11.33,38.018502164,40.19893824410277,-2.1804360801027705,-0.5306537811622651,16.810964124867734,0.0781978824779285,1.3145817969770792,1.3145817969770792,-1.1416736618121648,2.456255458789244,0.0,0,0.01,0.01,0.1525202123494182,0.2940308900468347,28.711881739210142,0.01,0.08664825110666098,0.183032201182754,4.589345983050723,0.01,0.08161839793975927,0.1706600046637135,4.372605422460692,0.01,0.13512402528330894,0.4099190972826916,31.629338392713617,0.01,0.1339457343254214,0.32703162833331895,6.335576927951607,0.01,0.08404794829170043,0.13773630661183733,11.81204578532391
11.34,37.679979937185195,39.89605230504647,-2.216072367861273,-0.5262620762576355,16.56979251294511,0.07786544768275287,1.2902143120307976,1.2902143120307976,-1.1603327784493855,2.450547090480183,0.0,0,0.01,0.01,0.1524028204613588,0.29390685348770645,28.50656179343627,0.01,0.08652683463463261,0.18290816462362575,4.5900592848369595,0.01,0.08149736032264995,0.1705359681045852,4.3724004400907175,0.01,0.13527853524115666,0.4100863494883019,31.926909956765435,0.01,0.13410723682486148,0.32719888053892926,6.397645640836424,0.01,0.08411452466540893,0.13780275528704897,11.801750193980645
11.35,37.34360787037036,39.59552982828734,-2.2519219579169723,-0.5224028144646663,16.323477293745114,0.07753506338779045,1.2656418466796857,1.2656418466796855,-1.1791035799082505,2.4447454265879363,0.0,0,0.01,0.01,0.1522862375890722,0.29378365622240815,28.30309410155052,0.01,0.08640627574872647,0.18278496735832744,4.590083219163539,0.01,0.08137717617597322,0.17041277083928694,4.371543473306701,0.01,0.13543105388873708,0.41025151325176545,32.22427658583121,0.01,0.13426664465911725,0.32736404430239285,6.460059810184223,0.01,0.0841806306666243,0.13786875003224947,11.792783256547807
11.36,37.009442048000025,39.29705473826644,-2.287612690266414,-0.5191137608690637,16.074558116482354,0.07720639634561567,1.24105870502177,1.2410587050217698,-1.197791203666625,2.438849908688395,0.0,0,0.01,0.01,0.15217034759127307,0.2936611732354987,28.10115787032744,0.01,0.08628645509193886,0.18266248437141794,4.589343614171662,0.01,0.08125772610660151,0.17029028785237743,4.369964745822167,0.01,0.13558175308259143,0.41041477752541256,32.52181126997266,0.01,0.13442413382181376,0.32752730857603995,6.522963052693377,0.01,0.08424633307609783,0.13793435948709654,11.785293497561383
11.370000000000001,36.677537932296275,39.00029845644758,-2.3227605241513016,-0.5164009787435468,15.825711180605824,0.07687909708016055,1.2166663862163773,1.2166663862163773,-1.2161945664536844,2.4328609526700617,0.0,0,0.01,0.01,0.15205502776565977,0.29353927377143785,27.90047953829323,0.01,0.08616724585802261,0.1825405849073571,4.587811043443314,0.01,0.08113888349577364,0.1701683883883166,4.367637058079306,0.01,0.1357308104115511,0.41057633475499955,32.81984440159823,0.01,0.1345798877646832,0.32768886580562695,6.586458073078662,0.01,0.08431170276388278,0.13799965529758657,11.77934226841759
11.38,36.34795034548145,38.70493805950224,-2.3569877140207867,-0.514238876476693,15.57962332445433,0.07655281991344604,1.1926640986762758,1.1926640986762758,-1.2341158811615172,2.426779979837793,0.0,0,0.01,0.01,0.15194015586012488,0.2934178288064842,27.700846452951062,0.01,0.08604852105354004,0.1824191399424035,4.585502037201768,0.01,0.08102052174781815,0.170046943423363,4.364576881365925,0.01,0.13587840002659718,0.41073637093300025,33.11864326934549,0.01,0.13473408791571254,0.3278489019836276,6.650600611534783,0.01,0.0843768107466834,0.13806470813123434,11.774900495947229
11.39,36.02073345199997,38.4106739712648,-2.389940519264821,-0.5125717767769152,15.338866132158737,0.07622724266044613,1.1692394707921627,1.1692394707921627,-1.2513699296398229,2.4206094004319856,0.0,0,0.01,0.01,0.1518256170032953,0.2932967183709672,27.502117195253504,0.01,0.08593016070832049,0.1822980295068865,4.582477925284364,0.01,0.08090252147656217,0.169925832987846,4.360843202081331,0.01,0.13602468381185012,0.4108950561757203,33.418395229659076,0.01,0.1348869044648661,0.32800758722634765,6.715396064824405,0.01,0.084441724263032,0.13812958377193357,11.771850346270641
11.4,35.69594074074075,38.1172463440297,-2.421305603288951,-0.5113169105826182,15.105776091343772,0.07590208504476753,1.146559901552391,1.146559901552391,-1.2677926492313951,2.414352550783786,0.0,0,0.01,0.01,0.1517113102207592,0.2931758383699855,27.304228110846186,0.01,0.08581205868639852,0.18217714950590477,4.578841403770635,0.01,0.08078477728275013,0.16980495298686427,4.356534208189362,0.01,0.13616980331500347,0.4110525362663453,33.71919532680506,0.01,0.13503848785279188,0.3281650673169727,6.780798935466521,0.01,0.08450650305457737,0.13819433948124688,11.769991677891394
11.41,35.373625007259264,37.824449359951444,-2.4508243526921807,-0.5103686715313445,14.882346448498073,0.07557712496170396,1.12476495726151,1.12476495726151,-1.2832486302761192,2.408013587537629,0.0,0,0.01,0.01,0.15159715422730027,0.2930551065795103,27.10719582477261,0.01,0.0856941287725866,0.1820564177154296,4.574731052686172,0.01,0.0806672037994216,0.1696842211963891,4.351782037999471,0.01,0.13631387281564233,0.41120892555102256,34.02103879490861,0.01,0.13518896136359868,0.3283214566016499,6.846715044440043,0.01,0.08457119603091515,0.13825902079758326,11.769052816139979
11.42,35.05383833599995,37.53214279373943,-2.4783044577394855,-0.5096039103459281,14.67013577300786,0.07525221182923653,1.103960164754048,1.103960164754048,-1.2976371796322006,2.4015973443862486,0.0,0,0.01,0.01,0.15148309222392695,0.2929344675386594,26.91111573124176,0.01,0.08557630974824613,0.18193577867457872,4.5703141460868375,0.01,0.08054974072103548,0.1695635821555382,4.34674591864236,0.01,0.13645697385099798,0.41136430150242564,34.32381855451742,0.01,0.1353384151680417,0.328476832553053,6.913006245600542,0.01,0.08463583847595096,0.13832365892157705,11.768704894177134
11.43,34.73663208251853,37.240260317122534,-2.5036282346040024,-0.5088880041541538,14.470197399033612,0.07492727641493756,1.084212480296102,1.084212480296102,-1.3108966781919862,2.395109158488088,0.0,0,0.01,0.01,0.1513690954792008,0.29281389611497277,26.71615664952782,0.01,0.08545856922135925,0.18181520725089204,4.565778179458116,0.01,0.08043235658394961,0.16944301073185153,4.341604099751608,0.01,0.13659915144341622,0.41151870117889344,34.627327543925965,0.01,0.13548690209010453,0.32863123222952084,6.979497227525659,0.01,0.08470044992672274,0.13838826880634542,11.768578803641518
11.44,34.422056855703744,36.9488141863568,-2.5267573306530564,-0.5080814048431889,14.283032913862263,0.07460233669972184,1.0655476305331617,1.0655476305331617,-1.3230070445639663,2.388554675097128,0.0,0,0.01,0.01,0.15125516553464333,0.2926933995849269,26.522552011385443,0.01,0.08534090603795456,0.18169471072084623,4.5613215884125555,0.01,0.08031505112792901,0.16932251420180572,4.336545033151682,0.01,0.13674041218602803,0.411672119711688,34.93126551992373,0.01,0.13563443528139563,0.32878465076231533,7.045983894593144,0.01,0.08476503282228043,0.1384528480367426,11.768283696572068
11.450000000000001,34.11016249999999,36.657896128502514,-2.547733628502521,-0.5070463536473858,14.108571748861356,0.07427749952962834,1.047949431439777,1.047949431439777,-1.3339902084345312,2.3819396398743082,0.0,0,0.01,0.01,0.15114133494082824,0.29257301814349984,26.330588089086184,0.01,0.08522335117120518,0.18157432927941913,4.5571441474692005,0.01,0.08019785613757166,0.16920213276037863,4.331758262201526,0.01,0.13688072424772435,0.41182451085299215,35.23524982462017,0.01,0.1357809878888722,0.3289370419036195,7.112242785462972,0.01,0.08482957198233936,0.13851737654391844,11.76742597744454
11.46,33.8009980776296,36.36767442226703,-2.566676344637423,-0.5056534463206888,13.94617774914105,0.07395295800574356,1.0313610974228633,1.0313610974228633,-1.3439085914092719,2.375269688832135,0.0,0,0.01,0.01,0.15102766650100855,0.29245282383108345,26.14058988401895,0.01,0.0851059670577945,0.18145413496700272,4.553437521961921,0.01,0.08008083473561585,0.1690819384479622,4.327425468531259,0.01,0.1370200192610804,0.4119757895179041,35.53882953291716,0.01,0.13592649469812718,0.32908832056853143,7.178041005491459,0.01,0.08489403493491852,0.1385818171621474,11.765627805338031
11.47,33.49461185081482,36.07838734696077,-2.5837754961459476,-0.503787744074078,13.794682392577993,0.07362898476145119,1.015688459672184,1.015688459672184,-1.3528616862029053,2.3685501458750893,0.0,0,0.01,0.01,0.15091425106959905,0.29233291794020533,25.952905374497842,0.01,0.08498884542504712,0.18133422907612465,4.5503764062831715,0.01,0.07996407917366892,0.16896203255708414,4.323712085423913,0.01,0.13715819596303708,0.41212583615962384,35.841502348547024,0.01,0.13607085563330806,0.32923836721025124,7.243146203885034,0.01,0.08495837307109684,0.13864611699571433,11.762544265546067
11.48,33.19105126399998,35.790333340929166,-2.5992820769291844,-0.5013541492426318,13.652443138291307,0.07330592146707943,1.00080492452935,1.00080492452935,-1.3609809129147243,2.3617858374440743,0.0,0,0.01,0.01,0.1508012040204342,0.29221342703519904,25.767888869195627,0.01,0.08487210372350297,0.18121473817111833,4.548110625314589,0.01,0.07984770723666275,0.16884254165207782,4.320759833221202,0.01,0.13729512537323565,0.4122745027326923,36.14273358536796,0.01,0.13621394090196348,0.3293870337833197,7.307336198151717,0.01,0.08502252356540295,0.13871020952626384,11.757878538436008
11.49,32.89036292607406,35.50385836157951,-2.6134954355054454,-0.4982818003472682,13.517424249219637,0.07298416507672023,0.9865579228171071,0.986557922817107,-1.368423010062394,2.354980932879501,0.0,0,0.01,0.01,0.15068866056149177,0.2920944977821654,25.58588423249404,0.01,0.08475588034488551,0.18109580891808472,4.546758510267775,0.01,0.07973185744214302,0.1687236123990442,4.318680469744204,0.01,0.13743065722347123,0.4124216199283517,36.441976537819535,0.01,0.13635559749424617,0.3295341509789791,7.370407920426221,0.01,0.08508641196411164,0.13877401735700404,11.751394564862442
11.5,32.59259259259261,35.219341066395636,-2.6267484738030253,-0.4945272874626348,13.387296394262851,0.07266415148305147,0.9727765331412246,0.9727765331412246,-1.3753622846879643,2.348138817829189,0.0,0,0.01,0.01,0.15057677012601595,0.2919762908415176,25.407208740995863,0.01,0.08464032886185079,0.18097760197743687,4.546401791168018,0.01,0.07961668327144396,0.16860540545839636,4.317550983326878,0.01,0.1375646272972372,0.41256700531196067,36.73869350275897,0.01,0.13649565668515995,0.32967953636258807,7.432185420627856,0.01,0.08514995531255304,0.13883745546092083,11.742926860590348
11.51,32.297785148,34.9371765325772,-2.639391384577193,-0.4900765438603381,13.259550435215374,0.07234633736666733,0.9592799091164321,0.9592799091164321,-1.381982097289317,2.341262006405749,0.0,0,0.01,0.01,0.1504656901123191,0.29185897411864686,25.232138298096572,0.01,0.08452561157094947,0.18086028525456616,4.547082180091854,0.01,0.07950234671436257,0.16848808873552565,4.317410391561041,0.01,0.13769686530302264,0.41271047195712396,37.03237666456549,0.01,0.1366339421486565,0.3298230030077513,7.492526704237876,0.01,0.08521306566787361,0.13890043477700575,11.732387257110938
11.52,32.005984587851856,34.65775929771422,-2.6517747098623685,-0.4849453316426172,13.131620085688485,0.07203118111098167,0.945886104672832,0.945886104672832,-1.3884659912464703,2.3343520959193023,0.0,0,0.01,0.01,0.15035557927405133,0.2917427156977487,25.060894675910305,0.01,0.08441189265181559,0.18074402683366797,4.548799753633339,0.01,0.0793890114400707,0.1683718303146275,4.318258246823312,0.01,0.13782720288986497,0.4128518371560408,37.32256800579609,0.01,0.13677027827449537,0.3299643682066682,7.551329208669044,0.01,0.08527565382660415,0.1389628659824752,11.719768439447133
11.53,31.71723400103709,34.381466532097285,-2.6642325310601893,-0.47917830500748876,13.00100763527975,0.07171912369780978,0.9324208747907978,0.9324208747907978,-1.3949888911722719,2.3274097659630697,0.0,0,0.01,0.01,0.15024659107799232,0.29162767679809437,24.893635370689022,0.01,0.0842993312722173,0.18062898793401366,4.551513180221104,0.01,0.07927683592321189,0.16825679141497316,4.320054890129201,0.01,0.1379554814184391,0.41299093079076654,37.60887737031129,0.01,0.13690449828256981,0.33010346184139394,7.608533737208733,0.01,0.08533763308761975,0.13902466326089238,11.705144219901767
11.540000000000001,31.431575551999984,34.10864214328486,-2.6770665912848797,-0.4728467020470176,12.86540669944716,0.07141057049947844,0.9187260321153337,0.9187260321153337,-1.4017087893918745,2.320434821507208,0.0,0,0.01,0.01,0.15013886734664428,0.2915140050901662,24.73044654966716,0.01,0.08418807496944646,0.18051531622608546,4.555141776397873,0.01,0.0791659668546046,0.16814311970704496,4.322723436667111,0.01,0.13808155912438652,0.4131276029748575,37.89099780170146,0.01,0.1370364517532762,0.3302401340254849,7.66412668236192,0.01,0.0853989228709467,0.13908574788647937,11.688666541095293
11.55,31.149050462962933,33.83958256552422,-2.690532102561288,-0.46604478148297773,12.722816011865804,0.07110587483993427,0.9046669629512416,0.9046669629512416,-1.4087593146090072,2.3134262775602488,0.0,0,0.01,0.01,0.15003253248797208,0.29140182869094833,24.571339434428822,0.01,0.08407825362349529,0.18040313982686765,4.559569314238127,0.01,0.0790565331506314,0.16803094330782714,4.326153417576733,0.01,0.13820531735051128,0.41326173061756566,38.16871732215129,0.01,0.13716601123389577,0.33037426166819306,7.71814039080309,0.01,0.08545945202130635,0.13914605145385436,11.670559256724317
11.56,30.86969899614812,33.57452490247203,-2.704825906323908,-0.4588851812863517,12.571638635992054,0.07080532411113201,0.8901389482294468,0.8901389482294468,-1.4162435327577572,2.306382480987204,0.0,0,0.01,0.01,0.14992768858516023,0.29129125112395643,24.41625031130078,0.01,0.08396997430724473,0.18029256225987572,4.564649438336348,0.01,0.07894864084490719,0.16792036574083521,4.3302059421491785,0.01,0.13832666557804754,0.4133932226208805,38.441926418129405,0.01,0.13729307763658413,0.3305057536715079,7.770651558950798,0.01,0.08551916164181492,0.1392055185996731,11.651108807830143
11.57,30.59356043599996,33.31363797513416,-2.720077539134191,-0.4514934285679318,12.410761633292159,0.0705091291055754,0.8750719943003187,0.8750719943003187,-1.4242292690230962,2.299301263323415,0.0,0,0.01,0.01,0.1498244115765691,0.29118234748176747,24.265044187492915,0.01,0.08386331725490903,0.18018365861768676,4.5702124848190415,0.01,0.07884236910163096,0.16781146209864625,4.334720181992827,0.01,0.1384455450511868,0.413522023490194,38.71062066566803,0.01,0.13741758420973157,0.33063455454082136,7.821777607768356,0.01,0.08557800732700598,0.13926410908747028,11.630652006408738
11.58,30.32067307140742,33.0570166835067,-2.7363436120992817,-0.44400187158261395,12.239612164118963,0.07021741706705074,0.8594339520668888,0.8594339520668888,-1.4327461649114104,2.292180116978299,0.0,0,0.01,0.01,0.1497227487022049,0.2910751619691482,24.117521929801278,0.01,0.08375833313438093,0.18007647310506747,4.576073427950173,0.01,0.07873776753427152,0.167704276586027,4.3395209154233925,0.01,0.13856193085993093,0.41364811521859746,38.974898158380185,0.01,0.13753949893734185,0.3307606462692248,7.871671070083765,0.01,0.08563596069411078,0.13932179915827456,11.609561262137687
11.59,30.051074177925926,32.804679927051,-2.7536057491250703,-0.436543332740796,12.058187169935444,0.06993022877716147,0.8432317874314188,0.8432317874314188,-1.4417845987223232,2.285016386153742,0.0,0,0.01,0.01,0.149622717330598,0.29096970693632873,23.973430540175404,0.01,0.08365504174465392,0.179971018072248,4.582040615685681,0.01,0.0786348549486797,0.1675988215532075,4.3444268096318694,0.01,0.13867583242062226,0.413771517388965,39.23495168613712,0.01,0.13765882529694953,0.33088404843959235,7.920512131507044,0.01,0.08569301014581637,0.1393785820857756,11.588227738591666
11.6,29.784800000000022,32.556572154061776,-2.771772154061752,-0.4292447944098683,11.867055129778914,0.0696475197946886,0.8265109570559377,0.8265109570559377,-1.4512965061041927,2.2778074631601304,0.0,0,0.01,0.01,0.1495243052121284,0.29086596343803905,23.83247605096172,0.01,0.08355343218939022,0.17986727457395835,4.587924898945302,0.01,0.07853361955959318,0.16749507805491787,4.349259064989435,0.01,0.13878729236783457,0.41389228552304785,39.49105593319697,0.01,0.13777560138203962,0.3310048165736752,7.968499589808326,0.01,0.08574916083483794,0.13943446791413835,11.567043091737274
11.61,29.521885733185226,32.31256843215312,-2.790682698967899,-0.42222142609396524,11.667329821764996,0.06936916575863326,0.8093529363666612,0.8093529363666611,-1.461198044262948,2.270550980629609,0.0,0,0.01,0.01,0.1494274721349806,0.29076388327847336,23.694338374003642,0.01,0.08345346450548617,0.17976519441439265,4.59354871707536,0.01,0.07843402065734763,0.16739299789535214,4.35385000633284,0.01,0.13889638394264583,0.41401050778887466,39.743550295298704,0.01,0.13788989746697175,0.331123038839502,8.01584062575623,0.01,0.0858044250518268,0.13948948239692743,11.547082665503646
11.620000000000001,29.26236550637038,32.072491340837566,-2.8101258344671844,-0.41552229432460613,11.460550819371308,0.0690949812696322,0.7918665442041286,0.7918665442041286,-1.4713784462041657,2.2632449904082943,0.0,0,0.01,0.01,0.1493321548600831,0.2906633960215504,23.55874932586847,0.01,0.08335507440559452,0.17966470715746966,4.598796914253428,0.01,0.07833599348595337,0.16729251063842915,4.358093250631584,0.01,0.13900320522381565,0.4141262961243608,39.99275346297744,0.01,0.13800181078832977,0.33123882717498815,8.06270648347865,0.01,0.08585810363818612,0.1395436632576012,11.58724194325295
11.63,29.006272363999987,31.836160126473395,-2.8298877624734073,-0.4091447626809955,11.24830878583617,0.06882477583122631,0.7741623306655878,0.7741623306655878,-1.4817257675116857,2.2558880981772735,0.0,0,0.01,0.01,0.1492382852972711,0.2905644295425759,23.42557141171288,0.01,0.08325819123468625,0.17956574067849515,4.603667961658065,0.01,0.07823946750967613,0.16719354415945464,4.361988725036791,0.01,0.1391078595803266,0.4142397621591699,40.2388356126383,0.01,0.138111447720594,0.3313522932097973,8.109155843048542,0.01,0.08591078610678893,0.13959704913483217,11.64357763308674
11.64,28.753638248296326,31.603376027538555,-2.8497377792422305,-0.4031429326916007,11.032360025551407,0.06855833707389046,0.7563602573522681,0.7563602573522681,-1.4921192119874471,2.248479469339715,0.0,0,0.01,0.01,0.14914579036395395,0.29046690389311525,23.294563261304262,0.01,0.0831627397151841,0.17946821502903454,4.608088210927159,0.01,0.07814436739963566,0.16709601850999403,4.365464580397476,0.01,0.13921045312070163,0.4143510242294556,40.48208350928509,0.01,0.13821891739830358,0.3314635552800829,8.155296262679357,0.01,0.08596270870985538,0.13964968290314403,11.700647132451074
11.65,28.504493981481488,31.373911828381893,-2.8694178469004044,-0.3975580659998095,10.81471079345505,0.06829541871889995,0.7385952019628195,0.7385952019628194,-1.5024236713169588,2.2410188732797782,0.0,0,0.01,0.01,0.14905458533128657,0.2903707269221712,23.165473876852772,0.01,0.08306863275558816,0.17937203805809046,4.611981884255501,0.01,0.07805060595483687,0.16699984153904995,4.368449279384645,0.01,0.13931110233417543,0.4144602121984926,40.722823299510516,0.01,0.13832433881236478,0.33157274324912,8.201257057736782,0.01,0.08601392503512537,0.1397016140544261,11.758124705227656
11.66,28.25886924799999,31.147523166634475,-2.8886539186344846,-0.39240872751411027,10.597532379599034,0.06803575343510575,0.7210110999989494,0.7210110999989494,-1.512495654924244,2.2335067549231935,0.0,0,0.01,0.01,0.1489645774548745,0.29027579901103645,23.038082760570713,0.01,0.08297577470743438,0.17927711014695574,4.6153040502774125,0.01,0.07795808757332816,0.16690491362791524,4.370900881353646,0.01,0.1394099306353837,0.41456746186841525,40.96136054191878,0.01,0.13842783877655926,0.3316799929190426,8.24714601389778,0.01,0.08606448682928858,0.1397528961620577,11.816159665037416
11.67,28.016792576740713,30.923961835569035,-2.90716925882832,-0.38768991368356076,10.38305825512162,0.06777906807196339,0.7037540122690498,0.7037540122690498,-1.522190264379522,2.2259442766485718,0.0,0,0.01,0.01,0.14887567115059278,0.2901820186584059,22.912211492332847,0.01,0.08288406666007676,0.17918332979432522,4.618044570823484,0.01,0.07786671356345617,0.1668111332752847,4.37281036897313,0.01,0.13950706270071123,0.4146729086000178,41.19795897175956,0.01,0.13852954651110042,0.3317854396506452,8.293037195433755,0.01,0.08611444755673818,0.13980358387806824,11.874850891461842
11.68,27.778291323259232,30.702989133022005,-2.924697809762772,-0.38337361662520514,10.173478349802862,0.0675250990388329,0.6869651331398605,0.6869651331398605,-1.5313681921868139,2.2183333253266744,0.0,0,0.01,0.01,0.14878777328924128,0.2900892880984307,22.787731698881334,0.01,0.08279341191668806,0.17909059923435003,4.620228408038128,0.01,0.07777638760556163,0.16671840271530952,4.374201874575225,0.01,0.13960261873707075,0.41477668107500076,41.432824762819216,0.01,0.1386295877651034,0.3318892121256281,8.338965994690072,0.01,0.08616385966646023,0.13985372990333444,11.93422230577741
11.69,27.543391651999997,30.484388564156728,-2.940996912156734,-0.3794105014772434,9.970835989822087,0.06727360702821726,0.6707741021220968,0.6707741021220968,-1.5399023822436435,2.2106764843657403,0.0,0,0.01,0.01,0.1487007983019363,0.28999751865909695,22.664570300005444,0.01,0.08270372129191732,0.17899882979501622,4.621914061044606,0.01,0.07768702102613978,0.1666266332759757,4.37513116446928,0.01,0.1396967090767134,0.4148788955179069,41.666094285211166,0.01,0.1387280791612319,0.3319914265685343,8.384927043301817,0.01,0.08621277171622461,0.13990338208860703,11.99422022932556
11.700000000000001,27.31211851851846,30.26797729254391,-2.9558587740254514,-0.3757325889439946,9.776932454863294,0.06702439037587377,0.6552929375333072,0.6552929375333072,-1.547684034921215,2.2029769724545223,0.0,0,0.01,0.01,0.14861467284979307,0.2899066356043207,22.542711877947063,0.01,0.08261491797282329,0.17890794674023996,4.623190323300923,0.01,0.07759853762859431,0.16653575022119946,4.375682542573432,0.01,0.1397894293559057,0.4149796506448753,41.8978257484819,0.01,0.13882512307852124,0.3320921816955027,8.430874435474216,0.01,0.08626122570761495,0.13995258080531484,12.054715485941905
11.71,27.08449565170374,30.05361580503584,-2.9691201533320983,-0.3722567989021756,9.59324365696618,0.06677729642838932,0.6406108753909963,0.6406108753909963,-1.55462767688892,2.1952385522799163,0.0,0,0.01,0.01,0.14852933983765632,0.2898165822325626,22.42219812623823,0.01,0.0825269417131544,0.17881789336848194,4.624171564330637,0.01,0.07751087785232058,0.16644569684944144,4.375964367049434,0.01,0.1398808564984782,0.41507902356544446,42.12799500862582,0.01,0.13892080331579829,0.33219155461607186,8.476724109656972,0.01,0.08630925476671189,0.14000135670977668,12.115509411512111
11.72,26.86054553599999,29.8412153494164,-2.980669813416413,-0.36888917307400193,9.420852802080319,0.06653223039313592,0.6267903491278279,0.6267903491278279,-1.5606750647676437,2.1874654138954717,0.0,0,0.01,0.01,0.1484447615861973,0.28972732304378,22.303124482439696,0.01,0.08243975216627208,0.1787286341796993,4.624991812991547,0.01,0.07742400206728414,0.16635643766065877,4.376103443417408,0.01,0.13997104568350308,0.4151770668135186,42.35649557869507,0.01,0.13901518173316912,0.332289597864146,8.52235816906927,0.01,0.08635688128009712,0.1400497290039023,12.176343302139415
11.73,26.64028939362958,29.630742816405082,-2.9904534227755035,-0.3655295661218563,9.26040209495507,0.0662891612727121,0.6138642879226377,0.6138642879226377,-1.5657977506489957,2.1796620385716334,0.0,0,0.01,0.01,0.14836092201952092,0.2896388458337268,22.185634184462916,0.01,0.08235333120589984,0.17864015696964608,4.625797974458988,0.01,0.0773378928552906,0.1662679604506056,4.376238608792472,0.01,0.1400600284261241,0.41527380662605795,42.58314266572979,0.01,0.139108296019083,0.33238633767668535,8.567630822655033,0.01,0.0864041155726766,0.14009770427043292,12.236910675623069
11.74,26.42374716681485,29.42222286356974,-2.998475696754889,-0.36207657637201845,9.112065629594202,0.06604812462957148,0.6018348463362726,0.6018348463362726,-1.5699982034821158,2.1718330498183884,0.0,0,0.01,0.01,0.1482778277743591,0.2895511626275929,22.069910104073756,0.01,0.08226768413431915,0.17855247376351216,4.626742544178297,0.01,0.07725255617960337,0.16618027724447165,4.376513850379912,0.01,0.1401478118441533,0.41536924252601515,42.80768088152304,0.01,0.13920015867340624,0.33248177357664255,8.612375557671815,0.01,0.0864509551868213,0.1401452759325272,12.296871607422899
11.75,26.2109375,29.215737211933142,-3.004799711933141,-0.3584324801052793,8.975544612881206,0.06580922207962311,0.5906736087146642,0.5906736087146642,-1.5733094500863136,2.163983058800978,0.0,0,0.01,0.01,0.14819550818953584,0.289464309421166,21.956164800424627,0.01,0.08218283973211188,0.1784656205570853,4.627976189417498,0.01,0.07716802139894685,0.1660934240380448,4.377071307648938,0.01,0.14023437912351244,0.415463348202626,43.02979514342374,0.01,0.1392907572352584,0.3325758792532534,8.656413121840675,0.01,0.08649738479260242,0.1401924243574105,12.355868354472
11.76,26.001877722074088,29.011421180336896,-3.0095434582628076,-0.3545079368611454,8.850085038662614,0.06557261756910374,0.5803232416942703,0.5803232416942703,-1.575793269856276,2.1561165115505463,0.0,0,0.01,0.01,0.1481140141881475,0.2893783447545037,21.844629300415917,0.01,0.08209884915943476,0.17837965589042296,4.62964055545126,0.01,0.07708434013761319,0.16600745937138245,4.378044494122924,0.01,0.1403196911362486,0.4155560736204745,43.24912419013036,0.01,0.13938005572156748,0.3326686046711018,8.699559893270154,0.01,0.08654337672797698,0.1402391175932455,12.413541488279137
11.77,25.796583828592592,28.809457651918954,-3.0128738233263612,-0.35022624701248545,8.734516902733299,0.0653385306400663,0.5707005002754166,0.5707005002754166,-1.577537044925848,2.1482375452012645,0.0,0,0.01,0.01,0.14803341611731444,0.2892933471979565,21.735541151389366,0.01,0.08201578377346684,0.1782946583338758,4.631861623023381,0.01,0.07700158407775695,0.1659224618148353,4.379552045729392,0.01,0.14040368910897547,0.41564734823175725,43.46527607789452,0.01,0.1394679971821022,0.3327598792823846,8.74163624253563,0.01,0.08658889213721829,0.14028531269872194,12.46954580989803
11.78,25.595070463999985,28.610068785698907,-3.0149983216989225,-0.3455269661779262,8.627313063828275,0.06510722702983786,0.5617004303041535,0.5617004303041535,-1.5786494296724818,2.1403498599766353,0.0,0,0.01,0.01,0.14795380065904534,0.28920941188088567,21.62913230718544,0.01,0.08193373197758036,0.17821072301680496,4.634743901205843,0.01,0.07691984179052108,0.16583852649776445,4.381692262313422,0.01,0.14048629819021868,0.4157370851164791,43.677844984167834,0.01,0.13955450722269505,0.33284961616710645,8.782474532979988,0.01,0.08663388264721804,0.14033095759736441,12.523565394281844
11.790000000000001,25.397350903851788,28.41350588912174,-3.016154985269954,-0.34036871276258296,8.526664948896117,0.06487900707272877,0.5532015555262197,0.5532015555262197,-1.5792550573020532,2.132456612828273,0.0,0,0.01,0.01,0.1478752669685518,0.2891266462373636,21.52561740262809,0.01,0.0818527952626364,0.17812795737328294,4.638365689873386,0.01,0.07683921476710648,0.16575576085424243,4.384538661749135,0.01,0.1405674317247808,0.41582518583514244,43.88642862162374,0.01,0.1396394983035127,0.3329377168857698,8.821926453463277,0.01,0.08667829249590293,0.14037599336442974,12.575327197161702
11.8,25.203437037037006,28.220037950056213,-3.0166009130192064,-0.33473104370034185,8.43057150927527,0.06465419247277725,0.5450717930161955,0.5450717930161955,-1.5794885445255669,2.1245603375417623,0.0,0,0.01,0.01,0.14779792223136834,0.2890451651786288,21.425182945779174,0.01,0.08177308363759635,0.1780464763145481,4.642775592195368,0.01,0.07675981284729327,0.16567427979550758,4.388136715468017,0.01,0.14064699601376543,0.41591154574950007,44.090645550457964,0.01,0.13972287458587349,0.33302407680012747,8.859869424887986,0.01,0.08672206100611457,0.1404203568345171,12.624612739696756
11.81,25.013339347999985,28.02993938559671,-3.0166000375967266,-0.3286153177047559,8.336937193318233,0.06443311208992114,0.5371748086637063,0.5371748086637063,-1.5794880861554284,2.1166628948191346,0.0,0,0.01,0.01,0.14772187685634997,0.28896508592751263,21.327977913206492,0.01,0.08169471067373522,0.17796639706343192,4.647990402713358,0.01,0.07668174926963656,0.16559420054439142,4.392501882512303,0.01,0.1407248953214223,0.4159960595502031,44.29015167169651,0.01,0.1398045370806551,0.3331085906008304,8.896211864097856,0.01,0.08676512528284173,0.1404639834035522,12.671267461730269
11.82,24.827066898962926,27.843477597485148,-3.0164106985222228,-0.32204451317659005,8.243674243722486,0.06421608742529217,0.5293765059405124,0.5293765059405124,-1.5793889484478452,2.1087654543883576,0.0,0,0.01,0.01,0.14764723953691256,0.28888652276432536,21.234106171948653,0.01,0.08161778840296512,0.17788783390024465,4.653994441736598,0.01,0.07660513558342519,0.16551563738120412,4.3976190076969885,0.01,0.14080103688487644,0.41607862672614637,44.4846551923527,0.01,0.13988438884427284,0.33319115777677377,8.930897125746018,0.01,0.08680742300233973,0.14050680989027026,12.715207401509927
11.83,24.64462731214809,27.660900928569536,-3.016273616421447,-0.3150620173161339,8.148804383015422,0.06400341850216291,0.5215513372183955,0.5215513372183955,-1.5793171724277228,2.1008685096461184,0.0,0,0.01,0.01,0.14757411241709953,0.28880958193610207,21.14362107367947,0.01,0.08154242231543621,0.17781089307202133,4.6607403527045985,0.01,0.07653007666683283,0.16543869655298082,4.4034430985115955,0.01,0.14087533568973254,0.41615915671881537,44.67392938147457,0.01,0.1399623399741686,0.3332716877694427,8.963905976455019,0.01,0.08684889515877625,0.14054877732015186,12.756422924497432
11.84,24.466026751999976,27.482427591188692,-3.016400839188715,-0.3077294517492518,8.05055493989968,0.06379537081669646,0.5135881376710876,0.5135881376710876,-1.5793837861128923,2.09297192378398,0.0,0,0.01,0.01,0.14750258659204113,0.28873435697152156,21.056522472934653,0.01,0.08146870669452688,0.17773566810744085,4.668151325252986,0.01,0.07645666608835881,0.16536347158840034,4.409901444586194,0.01,0.14094771879255852,0.4162375735252276,44.85782249179414,0.01,0.14003831217362137,0.333350104575855,8.995257490466908,0.01,0.0868894886376513,0.14058983349911086,12.794979294089416
11.85,24.291269907407465,27.30823608773288,-3.0169661803254124,-0.30012364582793927,7.947444703875342,0.06359216397782691,0.5053952068135528,0.5053952068135528,-1.5796797980398625,2.0850750048534152,0.0,0,0.01,0.01,0.14743273815447774,0.28866092462263215,20.97275631381306,0.01,0.08139672050895527,0.17766223575855145,4.6761246528764175,0.01,0.07638498203004725,0.16529003923951094,4.416896992822785,0.01,0.14101812899888938,0.41631381954387314,45.03626431120139,0.01,0.1401122426837926,0.33342635059450054,9.02500829633198,0.01,0.0869291584950804,0.14062993525494505,12.831013961616119
11.86,24.120359973925932,27.138457568188347,-3.018097594262413,-0.29233290946915413,7.838355274241608,0.0633939625707158,0.4969044008712453,0.4969044008712453,-1.5802722049919709,2.077176605863216,0.0,0,0.01,0.01,0.14736462497110622,0.2885893416227156,20.892216811369067,0.01,0.08132652405296566,0.1775906527586349,4.684536480285991,0.01,0.07631508396201384,0.1652184562395944,4.42431284049345,0.01,0.1410865277408494,0.41638785849769777,45.20926893599665,0.01,0.1401840874171995,0.3335003895483251,9.053250154248396,0.01,0.08696786983754048,0.14066905024118667,12.864730559364991
11.870000000000001,23.95329863600006,26.973170472780577,-3.019871836780517,-0.28445279086082653,7.722584375913399,0.06320086966721739,0.4880740486361921,0.4880740486361921,-1.5812011962020645,2.0692752448382565,0.0,0,0.01,0.01,0.14729828433593284,0.2885196424087122,20.814751129157703,0.01,0.08125815648779314,0.17752095354463146,4.69324754264142,0.01,0.07624701021992877,0.16514875702559095,4.432017658776399,0.01,0.1411528970397278,0.41645967731461886,45.376933523690965,0.01,0.14025382316898893,0.3335722083652462,9.080105905655524,0.01,0.08700559921702872,0.14070715821977153,12.896389712829825
11.88,23.790086049185213,26.8123976945548,-3.022311645369588,-0.2765815287827333,7.599878516587896,0.06301292327502313,0.4788905618652497,0.4788905618652497,-1.5824786769919963,2.061369238857246,0.0,0,0.01,0.01,0.14723373160434614,0.2884518379086101,20.740166328854514,0.01,0.08119163439274801,0.17745314904452944,4.702109648924124,0.01,0.07618077659216747,0.16508095252548893,4.439871812174043,0.01,0.1412172404837412,0.41652928689705615,45.539432982544106,0.01,0.14032144882816505,0.33364181794768355,9.105723910602151,0.01,0.08704233548072499,0.14074425176482425,12.926296944714094
11.89,23.630720822370325,26.656106372459632,-3.025385550089306,-0.2688154232664371,7.470443411302737,0.0628300958712287,0.46936867573273977,0.46936867573273977,-1.5840881697395464,2.053456845472286,0.0,0,0.01,0.01,0.14717095986339232,0.2883859154414664,20.668238248556644,0.01,0.0811269513845041,0.1773872265773857,4.710972617662974,0.01,0.07611637597356481,0.1650150300583452,4.447733897882491,0.01,0.14127958319765999,0.41659672176510776,45.697010777922536,0.01,0.140386985558091,0.3337092528157351,9.130271171244045,0.01,0.08707808004096831,0.1407803363585644,12.95478811728541
11.9,23.475199999999944,26.504210296469655,-3.0290102964697114,-0.2612443509856316,7.334931742708054,0.06265229701343365,0.45955032211740754,0.45955032211740754,-1.5859860825061811,2.0455364046235887,0.0,0,0.01,0.01,0.14710994064312008,0.2883218397229445,20.598721860965046,0.01,0.08106407881098059,0.1773231508588638,4.719691339125411,0.01,0.07605377909056102,0.1649509543398233,4.4554673973746075,0.01,0.14133997082697097,0.41666203861087664,45.84996626744614,0.01,0.14045047596211585,0.333774569661504,9.153925426019784,0.01,0.08711284655934355,0.14081542988038837,12.982213036478637
11.91,23.32351904429629,26.356574779047865,-3.0330557347515734,-0.253947642880932,7.194408992262067,0.062479378870063676,0.44950220517373474,0.44950220517373474,-1.5881042690373226,2.0376064742110573,0.0,0,0.01,0.01,0.147050625623377,0.28825955491523214,20.531362579273395,0.01,0.08100296747415724,0.17726086605115143,4.728132618111099,0.01,0.0759929362505937,0.16488866953211093,4.462947113971825,0.01,0.14139846760296748,0.4167253138516812,45.998639198937546,0.01,0.14051198229432332,0.3338378449023086,9.176866580314465,0.01,0.08714666006659211,0.14084956152003592,13.008918003666215
11.92,23.1756718174815,26.21302372831735,-3.0373519108358487,-0.24699052150821932,7.05029919988804,0.062311144369311844,0.43931221129106746,0.43931221129106746,-1.5903537415748037,2.029665952865871,0.0,0,0.01,0.01,0.14699294924260245,0.28819898760970747,20.465907923662385,0.01,0.08094355028683099,0.17720029874562673,4.736181449549553,0.01,0.07593378001944597,0.16482810222658623,4.47006506897804,0.01,0.14145515359496658,0.41678664031521495,46.14339219687359,0.01,0.14057158381565804,0.33389917136584235,9.199267906414278,0.01,0.0871795555666017,0.14088277017383216,13.03522822757587
11.93,23.031650563999957,26.073348553746754,-3.0416979897467997,-0.24042126555649584,6.90431352142916,0.062147357540326076,0.4290848409867658,0.4290848409867658,-1.5926293431712313,2.021714184157997,0.0,0,0.01,0.01,0.1469368320723535,0.2881400505863426,20.402118940777566,0.01,0.08088574572413737,0.1771413617222619,4.743746398121529,0.01,0.07587622868633732,0.16476916520322138,4.476735547405802,0.01,0.14151012129034127,0.41684612322816195,46.28459220485755,0.01,0.1406293734308345,0.33395865427878935,9.221287488551427,0.01,0.08721157619669206,0.14091510240784363,13.061431079415483
11.94,22.89144589274075,25.93731845021623,-3.0458725574754797,-0.23426923062444252,6.758365296861003,0.06198775551746219,0.4189358957195206,0.4189358957195206,-1.5948151417226204,2.013751037442141,0.0,0,0.01,0.01,0.14688218478564533,0.28808264715779336,20.339780784345773,0.01,0.0808294618937767,0.17708395829371265,4.750763793972237,0.01,0.07582019033998792,0.16471176177467214,4.482899023454862,0.01,0.14156347167100872,0.4169038757096105,46.42259192697879,0.01,0.1406854537704492,0.3340164067602379,9.243060399618884,0.01,0.08724277103672759,0.14094661009213746,13.087761173991792
11.950000000000001,22.755046759259198,25.804691545149478,-3.0496447858902815,-0.22854381088940193,6.614475972892302,0.06183206160363501,0.40898668583164044,0.40898668583164044,-1.5967902759018875,2.005776961733528,0.0,0,0.01,0.01,0.14682891252041216,0.2880266758801684,20.27871191696554,0.01,0.0807746010210697,0.17702798701608766,4.757200518127118,0.01,0.0757655673514519,0.16465579049704715,4.488524754393336,0.01,0.14161530997541544,0.4169600139905428,46.55771231054791,0.01,0.14073993290473272,0.3340725450411701,9.264692069691373,0.01,0.08727319267536145,0.1409773478251477,13.114388178117514
11.96,22.622440448000035,25.675226358735063,-3.052785910735029,-0.22323437830096704,6.474676612393068,0.061679998745422314,0.39935804532941965,0.39935804532941965,-1.5984349650245988,1.9977930103540185,0.0,0,0.01,0.01,0.1467769194227504,0.28797203539776595,20.21877147750718,0.01,0.08072106412749855,0.17697334653368524,4.7630552297216555,0.01,0.07571226104246301,0.16460115001464473,4.493611905823305,0.01,0.14166574134709956,0.4170146525898631,46.69022703478349,0.01,0.14079291988965376,0.33412718364049043,9.286253241711302,0.01,0.087302894652266,0.14100737027580085,13.141408089973748
11.97,22.49361255451855,25.548693020369168,-3.0550804658506174,-0.21831118708203445,6.34090985791868,0.061531302762171385,0.39016444425523145,0.39016444425523145,-1.599636391273664,1.9898008355288954,0.0,0,0.01,0.01,0.14672611314879075,0.2879186291861277,20.159864468464765,0.01,0.08066875567499707,0.176919940322047,4.768357976933004,0.01,0.07566017631206842,0.1645477438030065,4.498189155982043,0.01,0.14171486657399732,0.41706789967553604,46.82034982276449,0.01,0.14084452035198058,0.3341804307261634,9.307776810767763,0.01,0.08733192890005809,0.14103672957316918,13.168838508404525
11.98,22.368546967703693,25.42488370505541,-3.0563367373517165,-0.21372718426486034,6.214937101968595,0.06138573469363427,0.38150848007906846,0.38150848007906846,-1.6002941734934584,1.9818026535725268,0.0,0,0.01,0.01,0.14667640910916913,0.2878663699664591,20.101944544582125,0.01,0.08061758795308349,0.17686768110237838,4.773168227201225,0.01,0.075609225999561,0.16449548458333788,4.502312814934896,0.01,0.1417627781165002,0.4171198528266551,46.94822519318333,0.01,0.1408948323169353,0.3342323838772825,9.329256719069651,0.01,0.08736034330857652,0.14106547286910479,13.19661814423191
11.99,22.247225851999968,25.30362179986628,-3.0563959478663123,-0.20942062413059226,6.098255270785321,0.06124309168359247,0.37347600665865643,0.37347600665865643,-1.6003251760464032,1.9738011827050597,0.0,0,0.01,0.01,0.1466277342556675,0.28781518358407576,20.045014318606697,0.01,0.08056748500154227,0.17681649471999505,4.777571442562381,0.01,0.07555933477769028,0.16444429820095458,4.506063579064626,0.01,0.14180955660692068,0.41717059538941054,47.0739230358213,0.01,0.1409439424699896,0.3342831264400379,9.350648941318264,0.01,0.08738817952724037,0.14109364018891804,13.224610542502077
12.0,22.129629629629623,25.184769379714602,-3.0551397500849813,-0.20531834777559826,5.992027081124491,0.06110321589700302,0.3661321243986386,0.3661321243986386,-1.5996674324261888,1.9657995568248274,0.0,0,0.01,0.01,0.1465800302346816,0.2877650121727754,19.98912323212137,0.01,0.08051838588678699,0.17676632330869468,4.781674405159964,0.01,0.07551044239583846,0.16439412678965418,4.509542115414572,0.01,0.14185526797898335,0.4172201935882237,47.1974371541003,0.01,0.14099192302325675,0.33433272463885105,9.371874458903536,0.01,0.0874154711087438,0.14112126266942138,13.252611715477052
12.01,22.015736962814838,25.068232659589345,-3.052495696774505,-0.20133956013684642,5.897027917176813,0.060966001070689835,0.35951821031248943,0.35951821031248943,-1.5982830093502072,1.9578012196626966,0.0,0,0.01,0.01,0.14653325576529136,0.28771581646421296,19.934363161232667,0.01,0.08047024718382313,0.17671712760013228,4.785599560917675,0.01,0.0754625061268192,0.16434493108109177,4.512863728987349,0.01,0.1418999613542184,0.41726869451447357,47.318687691536084,0.01,0.1410388293274225,0.3343812255651009,9.392823999880694,0.01,0.08744224207990875,0.14114836126347477,13.280361156888643
12.02,21.905524736000046,24.953965192333527,-3.0484404563334797,-0.19739991669919316,5.813611638493705,0.060831396416951934,0.35365011419541603,0.35365011419541603,-1.5961596904205293,1.9498098046159453,0.0,0,0.01,0.01,0.14648738813906478,0.2876675771444713,19.88086203185351,0.01,0.08042304455606107,0.17666888828039054,4.789478692149155,0.01,0.07541550231136708,0.16429669176135003,4.516152405683897,0.01,0.14194366777418801,0.4173161250712662,47.437527163278794,0.01,0.14108469833337808,0.33442865612189354,9.413364225847547,0.01,0.08746850600399386,0.14117494596665456,13.307555537567255
12.030000000000001,21.798968038074076,24.841968691795014,-3.0430006537209393,-0.1934157213082492,5.74169671116545,0.06069940772960009,0.34851758973073554,0.34851758973073554,-1.593311416433107,1.9418290061638426,0.0,0,0.01,0.01,0.14644242378226882,0.287620295206866,19.828775803234596,0.01,0.08037677337001747,0.17662160634278531,4.793446251303681,0.01,0.07536942693914163,0.1642494098237448,4.519534543168039,0.01,0.14198639982526334,0.41736249190586017,47.55374965916506,0.01,0.14112954796541902,0.3344750229564875,9.433344983303966,0.01,0.08749426557423404,0.14120101559600595,13.333864278799803
12.040000000000001,21.69604014459256,24.732291475405255,-3.0362513308126946,-0.18930803510268426,5.680773094640742,0.0605700956766,0.3440849698594448,0.3440849698594448,-1.5897774792222323,1.9338624490816771,0.0,0,0.01,0.01,0.14639837786672502,0.2875739912983574,19.778279239844053,0.01,0.08033144832895553,0.17657530243427672,4.797632689172834,0.01,0.07532429525194927,0.16420310591523624,4.523132682443284,0.01,0.14202815215846853,0.4174077823139778,47.66710267302434,0.01,0.14117337742230052,0.3345203133646052,9.45260720728293,0.01,0.08751951275211756,0.14122655812427348,13.358946162551579
12.05,21.596712499999946,24.62502463264472,-3.028312132644776,-0.18500650425360143,5.629929354619661,0.06044357139651483,0.34029303690328816,0.34029303690328816,-1.585620524782278,1.9259135616855663,0.0,0,0.01,0.01,0.14635528300094336,0.2875287041044987,19.72955593011449,0.01,0.08028710215647732,0.176530015240418,4.802158094158324,0.01,0.07528014040162966,0.1641578187213775,4.527059536894653,0.01,0.1420689028631544,0.41745196605462953,47.77730094121097,0.01,0.1412161683762039,0.33456449710525693,9.470991066001437,0.01,0.08754422943725765,0.1412515515467514,13.38246615655681
12.06,21.500954699851835,24.520296131415652,-3.019341431563815,-0.1804527303335722,5.587898545497396,0.060319989641405246,0.3370619823816263,0.3370619823816263,-1.5809234766800284,1.9179854590616547,0.0,0,0.01,0.01,0.14631318707629073,0.28748448786253183,19.68278802787595,0.01,0.0802437834057966,0.1764857989984511,4.80712642851987,0.01,0.07523701123948187,0.1641136024794106,4.53141258651085,0.01,0.1421086156123653,0.4174949979723853,47.884041633517114,0.01,0.14125788699548672,0.3346075290230127,9.488343960308963,0.01,0.08756838863004437,0.14127596523310826,13.404111691777723
12.07,21.408734473037114,24.41826316847033,-3.0095286954332154,-0.17560303084678078,5.553120548987122,0.06019953982134458,0.33429530162147714,0.33429530162147714,-1.5757855400567773,1.9100808416782544,0.0,0,0.01,0.01,0.1462721503818603,0.2874414091320761,19.63814618986228,0.01,0.0802015535108436,0.1764427202679954,4.812620606783485,0.01,0.07519496935420104,0.1640705237489549,4.536269466650349,0.01,0.1421472424619122,0.4175368212881514,47.98702022367084,0.01,0.14129848667756595,0.33464935233877874,9.504528032622773,0.01,0.08759195602485917,0.14129976169430408,13.423607715048073
12.08,21.320017663999984,24.319103148722004,-2.9990854847220194,-0.17043046762457773,5.5238178021737525,0.0600824354004374,0.3318844262628906,0.3318844262628906,-1.57031748771508,1.9022019139779707,0.0,0,0.01,0.01,0.1462322421346945,0.28739954298615467,19.595780162990884,0.01,0.08016048322968956,0.17640085412207399,4.818698614478189,0.01,0.07515408550928253,0.16402865760303348,4.5416843366024775,0.01,0.14218472715616062,0.41757737139099105,48.085946367250344,0.01,0.1413379113456303,0.33468990244161845,9.519426888954497,0.01,0.08761489195164386,0.1413228986759566,13.440729933734643
12.09,21.234768214962966,24.223003738169012,-2.9882355232060487,-0.16492605611707067,5.498080729747378,0.059968902167159666,0.3297138653893663,0.3297138653893663,-1.564636461150029,1.8943503265393953,0.0,0,0.01,0.01,0.14619353659767742,0.28735896881064343,19.555810439544175,0.01,0.08012064865753542,0.17636027994656273,4.825390815015891,0.01,0.07511443565725787,0.16398808342752222,4.547685365992224,0.01,0.14222100877271135,0.41761657994350954,48.18055912723726,0.01,0.1413760991387811,0.3347291109941369,9.532951287904972,0.01,0.08763715356797039,0.14134533147504974,13.455315764238486
12.1,21.15294814814827,24.130152473767946,-2.9772043256196756,-0.15909910760278304,5.473958740218745,0.05985916594982045,0.32766660463322395,0.32766660463322395,-1.5588605396004214,1.8865271442336453,0.0,0,0.01,0.01,0.1461561089746707,0.2873197659165472,19.518321348751517,0.01,0.08008212700455705,0.1763210770524665,4.832698541014775,0.01,0.07507609672584237,0.163948880533426,4.554273428784282,0.01,0.1422560255262496,0.41765437910250947,48.270640911151,0.01,0.14141298631066537,0.33476691015313687,9.545043598595758,0.01,0.08765869719314849,0.14136701536731544,13.46727258508108
12.11,21.074517547999925,24.040726429271803,-2.9662088812718785,-0.1529766973479674,5.449552379290028,0.0597534403688604,0.32562950313288797,0.32562950313288797,-1.5531033384027553,1.8787328415356432,0.0,0,0.01,0.01,0.14612003128063777,0.2872820091761042,19.483355890223713,0.01,0.08004499234251389,0.17628332031202348,4.840594014546652,0.01,0.07503914237938329,0.163911123792983,4.561422046071663,0.01,0.14228971854908518,0.4176907056552702,48.356029520374484,0.01,0.14144851114703358,0.3348032367058976,9.555680874091543,0.01,0.08767948067074814,0.14138790802839762,13.476582980315774
12.120000000000001,20.99943454340746,23.954882428157195,-2.955447884749733,-0.14660229300202066,5.423102173704374,0.059651915210572955,0.32349843104408715,0.32349843104408715,-1.5474688937995422,1.8709673248436294,0.0,0,0.01,0.01,0.14608536838329264,0.2872457648903373,19.45091253956417,0.01,0.08000931152291019,0.1762470760262566,4.849021589466578,0.01,0.07500363895761267,0.1638748795072161,4.569078570644264,0.01,0.14232203547200148,0.4177255048797127,48.43662776643026,0.01,0.14148261771762094,0.3348380359303401,9.56487642925069,0.01,0.08769946564634337,0.14140797183322706,13.483306744416476
12.13,20.92765528992592,23.872748263689072,-2.945092973763153,-0.1400336171681306,5.393069856104284,0.0595547459719167,0.321182905289092,0.321182905289092,-1.5420470750855397,1.8632299803746317,0.0,0,0.01,0.01,0.14605217440234888,0.28721108708246756,19.420944170510833,0.01,0.07997514045879307,0.17621239821838686,4.857900257904974,0.01,0.07496964178277687,0.16384020169934635,4.577166558358436,0.01,0.14235293364323517,0.41775873395330265,48.51241018548935,0.01,0.141515259291474,0.33487126500393005,9.572679854908849,0.01,0.08771861965315686,0.1414271759248387,13.487579511745006
12.14,20.859133952000004,23.79441533336369,-2.935281381363687,-0.13333985428202727,5.358208035609603,0.0594620450649311,0.31861000768069414,0.31861000768069414,-1.5369097373185099,1.855519744999204,0.0,0,0.01,0.01,0.14602048963327702,0.2871780143892118,19.393359142862252,0.01,0.07994252094256239,0.17617932552513113,4.867127312554294,0.01,0.0749371920063235,0.16380712900609062,4.585589223857038,0.01,0.14238238284463867,0.41779036475984266,48.58342648526501,0.01,0.14154640126607612,0.33490289581047006,9.579175446904971,0.01,0.0877369179092063,0.14144549795588346,13.48960798149198
12.15,20.793822685185095,23.71993302292247,-2.926110337737376,-0.12659834288737973,5.317614957038128,0.059373875084715505,0.3157274062077966,0.3157274062077966,-1.5321077901048148,1.8478351963126114,0.0,0,0.01,0.01,0.1459903381355446,0.2871465676914708,19.368024504728158,0.01,0.07991147814444692,0.17614787882739008,4.876583007234028,0.01,0.0749063141384702,0.16377568230834957,4.594233831968277,0.01,0.14241036739098928,0.41782038597406734,48.64980149031262,0.01,0.14157602348783696,0.3349329170246947,9.584479081647846,0.01,0.08775434474488174,0.1414629254227322,13.489661834692429
12.16,20.731671618370378,23.64930508730232,-2.9176334689319408,-0.11989091851473895,5.2707717488920025,0.0592902444410345,0.31250534538470576,0.31250534538470576,-1.5276693119773816,1.8401746573620874,0.0,0,0.01,0.01,0.1459617260919258,0.2871167485887389,19.344771154564754,0.01,0.07988201890194657,0.17611805972465824,4.886136011521131,0.01,0.07487701436953742,0.16374586320561774,4.6029768321594275,0.01,0.1424368875295298,0.4178488043396637,48.71173151030761,0.01,0.14160412187304647,0.33496133539029105,9.588733630769518,0.01,0.08777089459879253,0.14147945653258562,13.488062587800307
12.17,20.672628835999944,23.582488176580053,-2.909859340580108,-0.11330008833296863,5.217560457910429,0.05921110553549932,0.3089375229111826,0.3089375229111826,-1.523598787891018,1.8325363108022006,0.0,0,0.01,0.01,0.14593464100723824,0.28708853877957574,19.323400709120985,0.01,0.07985413087123215,0.17608984991549506,4.895649413526964,0.01,0.07484927975258267,0.16371765339645455,4.611689504255478,0.01,0.14246196009058845,0.41787564509533015,48.76947723694454,0.01,0.14163070927257085,0.33498817614595755,9.59210307540733,0.01,0.08778657254123005,0.14149510056734027,13.485169789843795
12.18,20.61664036029624,23.51939254912292,-2.902752188826677,-0.10690522561827907,5.158262157735115,0.059136355539896095,0.30504082492781537,0.30504082492781537,-1.51987749193493,1.8249183168627454,0.0,0,0.01,0.01,0.1459090517736708,0.28706190036574647,19.303693732823596,0.01,0.0798277825691652,0.17606321150166576,4.904986990870378,0.01,0.07482307827456386,0.16369101498262525,4.6202438517456565,0.01,0.1424856183750152,0.4179009515439531,48.82335346788732,0.01,0.14165581555877912,0.3350134825945805,9.594765552710484,0.01,0.08780139430762528,0.14150987773296936,13.481365139841742
12.19,20.563650133481488,23.459884907115853,-2.896234773634363,-0.1007789694172794,5.093535444435611,0.05906583970306269,0.300853948082902,0.300853948082902,-1.5164649813201687,1.8173189294030707,0.0,0,0.01,0.01,0.14588490958771824,0.2870367770524379,19.285418909362352,0.01,0.07980292429132477,0.17603808818835723,4.914019447120418,0.01,0.07479835980006141,0.16366589166931672,4.628518457771673,0.01,0.14250791129871287,0.41792478380010095,48.87371614825051,0.01,0.14167948694797758,0.3350373148507283,9.596905638106469,0.01,0.08781538584782735,0.14152381850855897,13.47703526193368
12.200000000000001,20.513600000000007,23.403793186850354,-2.8901931868503468,-0.09498400264605592,5.024376632907249,0.05899935699039287,0.29643499061908285,0.29643499061908285,-1.513301613877387,1.8097366044964698,0.0,0,0.01,0.01,0.1458621496627283,0.2870130961735772,19.268342682884047,0.01,0.07977948984933353,0.17601440730949644,4.922630302759094,0.01,0.07477505782963326,0.16364221079045593,4.636404011525522,0.01,0.14252890184738823,0.4179472167889784,48.920947394497276,0.01,0.14170178460470115,0.33505974783960574,9.598706229754772,0.01,0.08782858241979767,0.14153696253357456,13.472554008630484
12.21,20.46642968874071,23.350913042876392,-2.8844833541356834,-0.08957036090287372,4.9520638868842015,0.05893666774795986,0.29185814396796483,0.29185814396796483,-1.510311952459118,1.8021700964270828,0.0,0,0.01,0.01,0.1458406936432215,0.28699077143193236,19.252238868999164,0.01,0.07975739903192926,0.17599208256785168,4.930721138712196,0.01,0.07475309197623224,0.16361988604881117,4.643808221563531,0.01,0.14254866492457774,0.41796833760404817,48.96543930625066,0.01,0.1417227826044749,0.33508086865467557,9.600340448692304,0.01,0.08784102727737556,0.14154935709416172,13.468265250130543
12.22,20.422076795259212,23.301015686063725,-2.8789388908045117,-0.08457339565431107,4.878088299277617,0.058877502988158796,0.28720965841722035,0.28720965841722035,-1.507408878247567,1.7946185366647873,0.0,0,0.01,0.01,0.1458204525943422,0.2869697062103526,19.236897738281577,0.01,0.07973656066052884,0.17597101734627194,4.9382159182292495,0.01,0.07473237102967643,0.16359882082723143,4.650659859101247,0.01,0.1425672847019344,0.41798824235913534,49.007577461880636,0.01,0.14174256535817473,0.3351007734097627,9.601963991865146,0.01,0.08785277002020606,0.14156105528814297,13.464467131040317
12.23,20.38047676400005,23.253856674709898,-2.873379910709845,-0.08001248082922617,4.804075546427034,0.05882157482042359,0.28258328919712516,0.28258328919712516,-1.5044982030764242,1.7870814922735494,0.0,0,0.01,0.01,0.1458013304136507,0.28694979728483894,19.222134107076062,0.01,0.07971687608311151,0.17595110842075823,4.945064158996512,0.01,0.07471279645255235,0.16357891190171772,4.6569117180558495,0.01,0.14258485160174064,0.4180070326926879,49.04772502309298,0.01,0.1417612246230921,0.3351195637433153,9.603708369603385,0.01,0.08786386468894189,0.1415721139629349,13.461398725963326
12.24,20.34156287051851,23.20918521793634,-2.8676223474178326,-0.07589051322557273,4.731702140370845,0.05876858750244084,0.2780754512718706,0.2780754512718706,-1.5014835499862966,1.7795590012581672,0.0,0,0.01,0.01,0.14578322749422223,0.2869309387533499,19.207794031042827,0.01,0.07969824293137424,0.17593224988926923,4.951242789735703,0.01,0.07469426613240393,0.16356005337022872,4.662542337544481,0.01,0.14260145905683186,0.41802481209596487,49.08620833604897,0.01,0.14177885624254863,0.3351373431465922,9.60567542088336,0.01,0.08787436769980282,0.14158259153016312,13.459229897883946
12.25,20.30526620370372,23.166753533390512,-2.8614873296867906,-0.07219421671421616,4.662610482750582,0.058718248566343285,0.2737803212941865,0.2737803212941865,-1.4982712622140493,1.7720515835082358,0.0,0,0.01,0.01,0.14576604445850153,0.28691302598701485,19.193759780799102,0.01,0.0796805589561229,0.1759143371229341,4.956756599954199,0.01,0.07467667820543442,0.1635421406038936,4.667556402679361,0.01,0.1426172002019143,0.41804168224262916,49.12330481344826,0.01,0.14179555676679154,0.33515421329325656,9.607933429465975,0.01,0.0878843357190414,0.14159254576493305,13.458054967171138
12.26,20.271515647999916,23.126325807095064,-2.854810159095149,-0.06889522026919741,4.598326882294993,0.05867027948102572,0.2697851233293609,0.2697851233293609,-1.4947751038678048,1.7645602271971657,0.0,0,0.01,0.01,0.1457496857819159,0.28689595941291746,19.179952880293474,0.01,0.07966372575512301,0.17589727054883675,4.961637272499881,0.01,0.07465993476656464,0.16352507402979624,4.671983815607606,0.01,0.1426321646521604,0.4180577394943421,49.15923372354812,0.01,0.14181142011240416,0.3351702705449695,9.610515066119774,0.01,0.08789382357953897,0.1416020316964051,13.457890548674566
12.27,20.24023786562962,23.087686331268216,-2.847448465638595,-0.0659518425005727,4.540186448299881,0.05862442534488245,0.2661658214902034,0.2661658214902034,-1.4909205301876232,1.7570863516778266,0.0,0,0.01,0.01,0.14573406313372603,0.28687964794944915,19.166335099204787,0.01,0.07964765221601187,0.17588095908536844,4.9659410696735,0.01,0.07464394528939709,0.1635087625663279,4.675877504776119,0.01,0.14264643551972325,0.41807307174569763,49.194150313569516,0.01,0.14182653441517443,0.33518560279632503,9.613417264988472,0.01,0.08790288233857037,0.14161109968978242,13.45867763663286
12.280000000000001,20.21135727881477,23.050646444047416,-2.839289165232648,-0.06331148248481672,4.489268338854915,0.058580463160426144,0.2629834185415578,0.2629834185415578,-1.4866483304853306,1.7496317490268884,0.0,0,0.01,0.01,0.14571909827937693,0.28686401193554917,19.15290740254212,0.01,0.0796322575137704,0.17586532307146846,4.969745318571914,0.01,0.07462862959680423,0.16349312655242795,4.6793101104505945,0.01,0.142660086806482,0.4180877557528776,49.228143476691926,0.01,0.14184097922206323,0.335200286803505,9.616603016704547,0.01,0.08791155756786168,0.14161979380851164,13.460287737984402
12.290000000000001,20.184796052000085,23.015049960280383,-2.8302539082802944,-0.06091348977763659,4.446344256809073,0.05853820831979184,0.26028102636659955,0.26028102636659955,-1.4819174810078621,1.7421985073744617,0.0,0,0.01,0.01,0.14570472541266274,0.2868489854226973,19.139706966544736,0.01,0.07961747352663896,0.17585029655861661,4.973143904492247,0.01,0.07461392024744415,0.1634781000395761,4.682369743437189,0.01,0.14267318129231965,0.4181018550647849,49.26123695467196,0.01,0.14185482315168152,0.33521438611541227,9.620004939228574,0.01,0.08791988795480042,0.14162815053016228,13.462532602675443
12.3,20.16047407407406,22.98077686116774,-2.8203027870936808,-0.058692366620660914,4.411842384746048,0.05849751902357616,0.2580818338307016,0.2580818338307016,-1.476707086138721,1.7347889199694226,0.0,0,0.01,0.01,0.14569089281595593,0.28683451773171026,19.126802463255448,0.01,0.079603246564852,0.17583582886762958,4.97624202845407,0.01,0.07459976423411076,0.16346363234858907,4.68515505779776,0.01,0.14268576901334631,0.4181154186445224,49.29339387076791,0.01,0.14186812212996985,0.33522794969514974,9.623530381176975,0.01,0.08792790427762809,0.14163619787096415,13.465176897039077
12.31,20.138308940592626,22.947745098336085,-2.809436157743461,-0.056581143136964676,4.38582817115391,0.05845829845978854,0.2563880522226638,0.2563880522226638,-1.4710173323160651,1.727405384538729,0.0,0,0.01,0.01,0.14567756378094598,0.28682057421346063,19.114287893063892,0.01,0.07958953834151657,0.17582188534937995,4.979150514190469,0.01,0.07458612392479542,0.16344968883033945,4.687769905408672,0.01,0.14269788639490955,0.4181284802345365,49.324524223624756,0.01,0.14188091827947846,0.33524101128516387,9.627067730483528,0.01,0.08793562879846807,0.14164395495334733,13.467953027645471
12.32,20.118215935999935,22.915910460439406,-2.797694524439468,-0.05451476194905393,4.368002561121286,0.05842049467962586,0.2551808703825782,0.2551808703825782,-1.4648694274945706,1.7200502978771488,0.0,0,0.01,0.01,0.145664716759003,0.28680713619168846,19.102275301961104,0.01,0.07957632615255628,0.17580844732760775,4.981979960659649,0.01,0.0745729772148641,0.16343625080856725,4.690317849845012,0.01,0.14270955607151217,0.4181410584823304,49.35449484989703,0.01,0.14189323950811975,0.3352535895329578,9.630493549083178,0.01,0.08794307509709257,0.14165143202908326,13.470577253271504
12.33,20.100108015851852,22.885264543179655,-2.7851565273278034,-0.052433311977945554,4.357717442775719,0.058384098217063404,0.25442140318122797,0.25442140318122797,-1.4583045475584477,1.7127259507396757,0.0,0,0.01,0.01,0.14565234474760397,0.2867942001052477,19.09088675812196,0.01,0.07956360227101145,0.17579551124116696,4.984835029915165,0.01,0.07456031689697186,0.16342331472212646,4.6928968110017575,0.01,0.14272078739167882,0.4181531578071762,49.38314128215717,0.01,0.14190509980824959,0.3352656888578036,9.633680132957924,0.01,0.08795024834651535,0.14165863094881012,13.47276621692567
12.34,20.083895789036905,22.855830952436335,-2.77193516339943,-0.05028496171769472,4.354007288479983,0.05834913760485758,0.2540525704080714,0.2540525704080714,-1.451381857593812,1.7054344280018834,0.0,0,0.01,0.01,0.14564045395544797,0.2867817759046096,19.08024598102422,0.01,0.0795513725982836,0.1757830870405289,4.987809139373567,0.01,0.07454814929241875,0.16341089052148838,4.6955940921290695,0.01,0.14273157757225358,0.4181647699534956,49.41028088549145,0.01,0.14191650024144428,0.335277301004123,9.636503103533283,0.01,0.0879571460099547,0.14166554604783227,13.474253077135941
12.35,20.069487500000047,22.82765995107774,-2.7581724510776944,-0.04802845930874145,4.355635238651905,0.05831567303585547,0.2540018004406748,0.2540018004406748,-1.4441757182732395,1.6981775187139143,0.0,0,0.01,0.01,0.1456290618222798,0.28676988479158094,19.070470017355156,0.01,0.07953965464941136,0.17577119592750023,4.990979795456107,0.01,0.07453649222188491,0.16339899940845973,4.698482010872947,0.01,0.14274191343544065,0.4181758761451567,49.43572664369077,0.01,0.14192743055047066,0.3352884071957841,9.638848665484096,0.01,0.08796375891855611,0.14167216539902647,13.474802502658903
12.36,20.056789010963012,22.800821829539142,-2.74403281857613,-0.04563508934267282,4.361151233474654,0.05828378850141862,0.2541844161145377,0.2541844161145377,-1.4367722240080105,1.6909566401225482,0.0,0,0.01,0.01,0.14561819449856953,0.28675855642052533,19.061661343313492,0.01,0.07952847497962176,0.17575986755644463,4.994404765577104,0.01,0.07452537242334854,0.16338767103740412,4.701614318426189,0.01,0.14275177363476935,0.41818644972825664,49.4593009761424,0.01,0.1419378713097029,0.335298980778884,9.640620210273633,0.01,0.08797007267151517,0.14167847236727482,13.474223901532127
12.370000000000001,20.04570378414808,22.775399335506343,-2.7296955513582613,-0.04309000345375922,4.3689592691275365,0.05825358280486407,0.25450753055519937,0.25450753055519937,-1.429265248447309,1.6837727790025083,0.0,0,0.01,0.01,0.14560788391381124,0.28674782570268126,19.053900744432983,0.01,0.07951786618391495,0.17574913683860055,4.998119240471405,0.01,0.07451482254920265,0.16337694031956004,4.705023548765101,0.01,0.142761131254442,0.4181964591691685,49.480848992855485,0.01,0.14194779650031927,0.3353089902197959,9.641743997423138,0.01,0.08797606928574316,0.1416844473867421,13.472382370123391
12.38,20.03613286399999,22.75147953679972,-2.7153466727997353,-0.0403928721883972,4.377390461779817,0.05822515989441469,0.2548742595574156,0.2548742595574156,-1.421752193202856,1.6766264527602717,0.0,0,0.01,0.01,0.14559816457935393,0.2867377293715059,19.047241283528702,0.01,0.07950786361929935,0.1757390405074252,5.002134091295358,0.01,0.0745048778921488,0.1633668439883847,4.708719395507272,0.01,0.14276995665118034,0.41820587126054387,49.50025063283203,0.01,0.14195717637830707,0.3353184023111712,9.64217370070458,0.01,0.08798172901162199,0.14169006987308608,13.469206963742003
12.39,20.027974859407376,22.72914551229075,-2.701170652883371,-0.03755783808578143,4.384778362637861,0.05819861898537257,0.25518804526246663,0.25518804526246663,-1.4143296465317907,1.6695176917942574,0.0,0,0.01,0.01,0.14558907028169396,0.2867283024756994,19.041703615983973,0.01,0.07949850200979787,0.1757296136116187,5.006435277512393,0.01,0.07449557299967452,0.16335741709257823,4.712688168552402,0.01,0.14277822039926136,0.4182146543810611,49.51743117917967,0.01,0.14196598049238066,0.3353271854316885,9.641893660633254,0.01,0.08798703222511911,0.14169532017765823,13.464695999869571
12.4,20.02112592592601,22.708468267654112,-2.6873423417281015,-0.034612782954361765,4.38953289331265,0.05817404494412826,0.25535688381929944,0.25535688381929944,-1.407089159742299,1.6624460435615984,0.0,0,0.01,0.01,0.1455806308247039,0.2867195749673686,19.037272850911712,0.01,0.07948981209714004,0.1757208861032879,5.010984413353249,0.01,0.07448693833946453,0.16334868958424742,4.7168933375372575,0.01,0.14278589619806828,0.4182227816551535,49.53236970347629,0.01,0.14197418070562456,0.3353353127057808,9.640920736381963,0.01,0.08799196130475713,0.1417001814901646,13.45891921288565
12.41,20.015479747999958,22.689499256029574,-2.6740195080296147,-0.031597954539191175,4.390209369026418,0.05815149938719906,0.25529725743261533,0.25529725743261533,-1.4001133403302717,1.655410597762887,0.0,0,0.01,0.01,0.1455728689743381,0.28671156854569907,19.033897087710866,0.01,0.0794818174951239,0.17571287968161836,5.015720453306649,0.01,0.07447899717295223,0.16334068316257785,4.721277124717772,0.01,0.1427929636068962,0.41823023386653335,49.54510506488505,0.01,0.14198175407876698,0.3353427649171607,9.63930469988438,0.01,0.08799650240460781,0.14170464160006324,13.452016684438652
12.42,20.01092752118515,22.6722638491405,-2.6613363279553512,-0.028564027684909857,4.385569346487861,0.05813101290775515,0.2549375882885412,0.2549375882885412,-1.3934724427726946,1.6484100310612357,0.0,0,0.01,0.01,0.1455657977472583,0.286704293901914,19.031487682351955,0.01,0.07947453189331725,0.1757056050378333,5.020562411334088,0.01,0.07447176278172725,0.1633334085187928,4.725763066913067,0.01,0.14279941048336847,0.4182370019935687,49.55573917933655,0.01,0.1419886854838133,0.3353495330441961,9.637127164068604,0.01,0.08800064704133481,0.14170869443502435,13.444194584853562
12.43,20.00735793437038,22.656756053813314,-2.649398119442938,-0.02556970129548557,4.3746304631923305,0.05811257878204868,0.25422105743461443,0.25422105743461443,-1.3872216114127578,1.6414426688473722,0.0,0,0.01,0.01,0.14555941816620874,0.2866977484899257,19.029921218033067,0.01,0.07946795673673482,0.17569905962584495,5.025412984868747,0.01,0.0744652361723472,0.16332686310680444,4.730259425186416,0.01,0.14280523501878017,0.4182430892546693,49.564437382212645,0.01,0.1419949698333572,0.33535562030529664,9.634499087692532,0.01,0.08800439342389464,0.14171234130664775,13.435717878634964
12.44,20.00465715200015,22.642934704662373,-2.6382775526622217,-0.02267895358676181,4.356703006313952,0.058096148431756,0.2531076645278929,0.2531076645278929,-1.3813988962624157,1.6345065607903086,0.0,0,0.01,0.01,0.14555371758076896,0.2866919149199981,19.0290430742927,0.01,0.07946207948335322,0.17569322605591742,5.030162914530873,0.01,0.07445940436023779,0.1633210295368769,4.734663283153181,0.01,0.1428104472849616,0.41824851257679935,49.57142583484533,0.01,0.14200061383207133,0.3353610436274267,9.631556952593584,0.01,0.08800774746819504,0.1417155918087508,13.426900274618259
12.450000000000001,20.002708796296282,22.630721289127596,-2.6280124928313153,-0.01995809322967612,4.331411633529808,0.05808162882927611,0.2515754428054868,0.2515754428054868,-1.3760241235035098,1.6275995663089966,0.0,0,0.01,0.01,0.14554866862352905,0.28668676004127314,19.028672410474865,0.01,0.07945687251204896,0.1756880711771924,5.034695875246751,0.01,0.07445423930404219,0.1633158746581519,4.738865141754444,0.01,0.1428150702316986,0.41825330342882217,49.57698606715455,0.01,0.14200563718139247,0.33536583447944956,9.628457765235305,0.01,0.08801072345507807,0.14171846433115545,13.418091834925677
12.46,20.00139392948144,22.61999947980403,-2.618605550322587,-0.01747275218153769,4.298701429156053,0.05806888193597332,0.24962078576766267,0.24962078576766264,-1.3710986599238162,1.6207194456914789,0.0,0,0.01,0.01,0.14554422884016646,0.2866822347447382,19.02860830812425,0.01,0.07945229272121461,0.17568354588065746,5.038893666365378,0.01,0.07444969752945597,0.16331134936161695,4.742753791912364,0.01,0.14281914010017552,0.41825750799224704,49.581446899695,0.01,0.14201007319497908,0.33537003904287443,9.625373092068713,0.01,0.08801334430762044,0.1417209861711283,13.409664790404594
12.47,20.000591036000035,22.610616365173055,-2.6100253291730207,-0.015284966837681994,4.258828274836625,0.05805772616314388,0.24725788575631924,0.2472578857563192,-1.3666060666355406,1.6138639523918599,0.0,0,0.01,0.01,0.14554034099891744,0.2866782744828616,19.028636757171892,0.01,0.07944828182452143,0.1756795856187809,5.042641449666735,0.01,0.0744457204478481,0.16330738909974035,4.74622122908561,0.01,0.14282270624512802,0.4182611866736333,49.58517413843042,0.01,0.14201396880991335,0.33537371772426067,9.622482393834424,0.01,0.08801564148207594,0.14172319324447344,13.401998232038189
12.48,20.000176004740702,22.602385287675762,-2.602209282935059,-0.013450487548070239,4.212334300373815,0.05804793974724619,0.24451732766335765,0.24451732766335763,-1.3625135943953244,1.607030922058682,0.0,0,0.01,0.01,0.1455369340521534,0.28667480046746463,19.028538126568318,0.01,0.07944476731671285,0.17567611160338392,5.045832777137342,0.01,0.07444223534149144,0.1633039150843434,4.749167367262129,0.01,0.14282583038528093,0.4182644129939353,49.5885585733792,0.01,0.1420173840057229,0.33537694404456264,9.619965973220788,0.01,0.08801765448497535,0.14172512941774662,13.395462446115836
12.49,20.00002211125917,22.595090121710797,-2.5950680104516266,-0.012016442899436312,4.160009912717369,0.058039265839683135,0.24144392121992042,0.24144392121992042,-1.358774432866785,1.6002183540867054,0.0,0,0.01,0.01,0.1455339246918109,0.2866717214751977,19.02809473553392,0.01,0.07944166405057908,0.175673032611117,5.048374156933377,0.01,0.07443915695564686,0.1633008360920765,4.751504316320298,0.01,0.1428285853271322,0.41826727191898183,49.5920029240031,0.01,0.14202039066911834,0.33537980296960923,9.61799788730414,0.01,0.08801943004613426,0.14172684550113124,13.39040371999411
12.5,20.0,22.58849075741327,-2.5884907574132687,-0.011019465253292606,4.102844539488801,0.05803141903176677,0.2380938906932708,0.2380938906932708,-1.3553305912291007,1.5934244819223715,0.0,0,0.01,0.01,0.14553121941280875,0.28666893616184336,19.0270981387183,0.01,0.0794388763379223,0.17567024729776265,5.050188927014731,0.01,0.07443638960960682,0.16329805077872214,4.753160006748754,0.01,0.14283105323025452,0.4182698577207362,49.59590844872991,0.01,0.14202307096600722,0.3353823887713636,9.616739195505675,0.01,0.08802102099286009,0.14172839795729508,13.387130453870592
12.51,20.0,22.582329502236288,-2.5823295022362878,-0.010484359018268757,4.042170267439687,0.05802409297134851,0.23454326340394105,0.23454326340394105,-1.3521045655622848,1.5866478289662258,0.0,0,0.01,0.01,0.14552871697565176,0.2866663357639549,19.025355758406352,0.01,0.07943630046373154,0.17566764689987419,5.051220241310117,0.01,0.07443382971545892,0.1632954503808337,4.754080979185709,0.01,0.14283332350214564,0.4182722714797733,49.600661962526466,0.01,0.14202551530308746,0.33538480253040065,9.616331910380927,0.01,0.08802248488383708,0.14172984739424443,13.38590136341646
12.52,20.0,22.576338545952886,-2.576338545952888,-0.010421725666278832,3.980207876468411,0.0580169692432428,0.23091959795078054,0.23091959795078054,-1.348967708187634,1.5798873061384144,0.0,0,0.01,0.01,0.14552631125667764,0.28666380724934054,19.02269937221823,0.01,0.07943382759630183,0.1756651183852598,5.051435075920623,0.01,0.07443136869308005,0.1632929218662193,4.754236209676448,0.01,0.14283549034760645,0.41827461816970773,49.606620468408735,0.01,0.14202781992180155,0.3353871492203351,9.616892281710152,0.01,0.08802388242048184,0.1417312568081702,13.386911337975425
12.530000000000001,20.0,22.57025001668057,-2.5702500166805704,-0.010821321236405116,3.9193891871410136,0.05800972932924568,0.22736270588202245,0.22736270588202245,-1.3457797617154537,1.5731424675974761,0.0,0,0.01,0.01,0.14552389492650808,0.28666123756115747,19.01900216562532,0.01,0.0794313475278698,0.17566254869707676,5.050834052550282,0.01,0.07442889673280956,0.16329035217803625,4.753626565441156,0.01,0.14283764964752008,0.4182770027238078,49.61408429259137,0.01,0.14203008388426797,0.33538953377443514,9.61849861408408,0.01,0.08802527542715444,0.14173268921706472,13.390262112498874
12.540000000000001,20.0,22.563808152970005,-2.563808152970005,-0.01165129475733611,3.8620477263373094,0.05800206908300215,0.224006759024868,0.224006759024868,-1.3424068097640307,1.5664135687888987,0.0,0,0.01,0.01,0.14552136417679237,0.28665851875516185,19.014189771392758,0.01,0.07942875349830018,0.17565982989108114,5.049455971313655,0.01,0.07442630763069283,0.16328763337204064,4.752288832237696,0.01,0.1428398948825881,0.4182795252698699,49.62327429194113,0.01,0.14203240512500093,0.3353920563204973,9.62118042281768,0.01,0.08802672421765267,0.14173420479684495,13.395942731309336
12.55,20.0,22.55678113563754,-2.556781135637541,-0.012860111142531076,3.810310669571836,0.05799371279934635,0.22097406264743413,0.22097406264743413,-1.3387274720926445,1.5597015347400787,0.0,0,0.01,0.01,0.14551862352495679,0.2866555529933947,19.00824363639411,0.01,0.07942594713081366,0.17565686412931397,5.0473760729885235,0.01,0.07442350370340546,0.16328466761027347,4.750293946975815,0.01,0.14284231283763457,0.4182822764963409,49.634320652164064,0.01,0.14203487609322046,0.33539480754696827,9.624914748252204,0.01,0.08802828482310934,0.14173585809775172,13.403828499048597
12.56,20.0,22.54897155499063,-2.548971554990631,-0.014379377388306438,3.766002847540601,0.05798442566081323,0.21836951215162892,0.21836951215162892,-1.3346383852279864,1.5530078973796153,0.0,0,0.01,0.01,0.14551559016026505,0.28665225696194047,19.00120063740269,0.01,0.07942284291326734,0.17565356809785976,5.04470163165936,0.01,0.0744204002343376,0.16328137157881925,4.747742830080184,0.01,0.1428449796216425,0.4182853335525244,49.647258883108,0.01,0.14203757954058477,0.33539786460315174,9.629627599777024,0.01,0.08803000642555912,0.14173769558183333,13.413689627604915
12.57,20.0,22.54022504532236,-2.5402250453223605,-0.016127404151736743,3.730567020101401,0.05797402400578656,0.21627598197855424,0.21627598197855424,-1.330058723474921,1.5463347054534753,0.0,0,0.01,0.01,0.14551219760667353,0.2866485655151341,18.9931500148012,0.01,0.07941937198613788,0.17564987665105342,5.041566033817095,0.01,0.07441692922134469,0.1632776801320129,4.744760816845937,0.01,0.14284795725133917,0.4182887566686262,49.66203095176581,0.01,0.14204058477885598,0.3354012877192536,9.635198689192135,0.01,0.08803192915523189,0.14173975359137161,13.425205516153845
12.58,20.0,22.530436719476402,-2.530436719476403,-0.018013315315363918,3.7050037065041,0.05796238298285291,0.21475084378928022,0.21475084378928022,-1.3249335680468204,1.5396844118361006,0.0,0,0.01,0.01,0.14550839854253356,0.2866444343911803,18.98422790276424,0.01,0.07941548507064432,0.1756457455270996,5.038121739100751,0.01,0.07441304226239369,0.16327354900805913,4.741491046730253,0.01,0.14285129096234567,0.4182925866420789,49.67849097530898,0.01,0.14204394461839626,0.3354051176927063,9.641468611492938,0.01,0.08803408235522746,0.1417420568343413,13.437983223500767
12.59,20.0,22.519555148869852,-2.519555148869852,-0.019941499921606043,3.689832865285865,0.05794944128957357,0.21382375299522227,0.21382375299522227,-1.3192359910006441,1.5330597439958664,0.0,0,0.01,0.01,0.14550416666174365,0.2866398418916783,18.974609811830895,0.01,0.07941115441640437,0.1756411530275976,5.034532526491524,0.01,0.07440871246074975,0.1632689565085571,4.738087188486731,0.01,0.14285500736858026,0.41829684329198236,49.69641486205454,0.01,0.14204769313963453,0.33540937434260976,9.64824782449265,0.01,0.08803648338936647,0.14174461744656314,13.451578818849313
12.6,20.0,22.507583754851815,-2.5075837548518156,-0.021816191678441527,3.685078671291467,0.05793520283664569,0.21349578029026794,0.21349578029026794,-1.3129677837505955,1.5264635640408635,0.0,0,0.01,0.01,0.14549949750883245,0.286634789468417,18.964501493640725,0.01,0.07940637469702332,0.17563610060433626,5.030965441381139,0.01,0.07440393528024146,0.16326390408529576,4.734705890094341,0.01,0.14285911354624115,0.4183015249351906,49.7155131629868,0.01,0.14205184440030705,0.33541405598581797,9.655326792763214,0.01,0.08803913704099615,0.1417474346619937,13.465520273543172
12.61,20.0,22.494579600239227,-2.494579600239228,-0.023545961702094366,3.6902775817072637,0.057919735323940735,0.21373990080435679,0.21373990080435679,-1.3061588243177535,1.5198987251221103,0.0,0,0.01,0.01,0.14549440827005602,0.2866293012127354,18.954128665276723,0.01,0.07940116283296168,0.1756306123486547,5.027582846588788,0.01,0.07439872833189001,0.1632584158296142,4.731499330435663,0.01,0.14286359707113194,0.4183066088879013,49.735446328775424,0.01,0.14205639213075907,0.3354191399385286,9.662486668631464,0.01,0.08804203552088075,0.14175049509383064,13.479330615599682
12.620000000000001,20.0,22.480649689911512,-2.4806496899115116,-0.025047919793298176,3.704508855433642,0.05790316585690695,0.2145027906745547,0.2145027906745547,-1.298865140325967,1.5133679310005217,0.0,0,0.01,0.01,0.14548893655164852,0.2866234222934416,18.94372609304648,0.01,0.0793955567715935,0.17562473342936089,5.024534946998152,0.01,0.07439313012345562,0.16325253691032038,4.728608218213205,0.01,0.1428684269896706,0.41831205294797286,49.75584155919361,0.01,0.14206131041737988,0.3354245839986002,9.66950992359828,0.01,0.0880451590723224,0.1417537736010607,13.492550211578642
12.63,20.0,22.4659450014536,-2.4659450014536013,-0.0262514375108753,3.7264457238590443,0.057885673864493434,0.21570782184504078,0.21570782184504078,-1.291165783453851,1.5068736052988918,0.0,0,0.01,0.01,0.1454831382226978,0.28661721643662835,18.933526536245548,0.01,0.07938961330228465,0.17561852757254764,5.021953109085221,0.01,0.07438719785100587,0.16324633105350714,4.726155538222803,0.01,0.142873555657483,0.4183177977679099,49.77631046586327,0.01,0.14206655532275367,0.3354303288185373,9.676190417538312,0.01,0.08804847713291712,0.14175723468885607,13.504757232080737
12.64,20.0,22.450652566532966,-2.4506525665329684,-0.027101231603929615,3.754424536086499,0.05786748169789983,0.21725909312813152,0.21725909312813152,-1.283158683253491,1.5004177763816224,0.0,0,0.01,0.01,0.14547708444177856,0.28661076258282836,18.923750034731917,0.01,0.07938340502753312,0.17561207371874762,5.019944239166206,0.01,0.07438100435441723,0.16323987719970712,4.724241291428632,0.01,0.14287892133770003,0.4183237699885163,49.79646682387852,0.01,0.14207206734347907,0.3354363010391437,9.68234248700046,0.01,0.08805194998632468,0.14176083436787024,13.515585564662446
12.65,20.0,22.434986007109746,-2.434986007109745,-0.02755967786692403,3.7865284457358253,0.05784884338856075,0.2190462910437021,0.2190462910437021,-1.2749556919216531,1.4940019829653552,0.0,0,0.01,0.01,0.1454708580217836,0.2866041508921623,18.914593992661562,0.01,0.0793770166479431,0.17560546202808158,5.01858642254768,0.01,0.07437463439503514,0.16323326550904108,4.722938417771607,0.01,0.1428844514161825,0.41832988597036835,49.815943748025454,0.01,0.14207777456577497,0.33544241702099575,9.687808733530401,0.01,0.08805553081536813,0.14176452237788498,13.524739633973661
12.66,20.0,22.41917499451671,-2.419174994516708,-0.027608261948572677,3.8206815960266085,0.0578300321200695,0.22095013941877717,0.22095013941877717,-1.2666770650869696,1.4876272045057468,0.0,0,0.01,0.01,0.14546454931498276,0.2865974782951147,18.906224467477614,0.01,0.07937054074758898,0.17559878943103405,5.017925963982171,0.01,0.07436818044209878,0.16322659291199354,4.722290033000175,0.01,0.1428900660645413,0.41833605593578194,49.8344096840475,0.01,0.1420835963472564,0.3354485869864093,9.692466285343336,0.01,0.08805916805064064,0.1417682446661506,13.532005755451893
12.67,20.0,22.403454141459527,-2.4034541414595267,-0.027248113702980584,3.854749319819274,0.05781132701928625,0.22284817350544328,0.22284817350544328,-1.2584456456748687,1.481293819180312,0.0,0,0.01,0.01,0.1454582518191733,0.28659084380428207,18.898769019233253,0.01,0.07936407328606468,0.1755921549402014,5.0179759099903825,0.01,0.07436173817390437,0.16321995842116088,4.7223080549742384,0.01,0.14289568216497386,0.41834218831875025,49.851582653368254,0.01,0.1420894473320948,0.33545471936937765,9.696231384064008,0.01,0.08806280789723346,0.1417719460007387,13.53725978159269
12.68,20.0,22.38805185545725,-2.3880518554572485,-0.02649961379735879,3.886639623808306,0.05779299989464502,0.2246205633692766,0.2246205633692766,-1.250381027582661,1.4750015909519376,0.0,0,0.01,0.01,0.145452057715198,0.28658434381019415,18.892311411004624,0.01,0.07935770901349605,0.17558565494611347,5.018716076458778,0.01,0.07435540190933172,0.16321345842707297,4.722973241432989,0.01,0.1429012173039635,0.41834819411484836,49.8672422345362,0.01,0.14209524159674666,0.3354607251654757,9.69906221049392,0.01,0.08806639691654357,0.141775572594682,13.540470902832785
12.69,20.0,22.37317967646167,-2.373179676461672,-0.02540110381343194,3.914401188515708,0.05777530254370298,0.22615571294392556,0.22615571294392556,-1.2425939728700985,1.468749685814024,0.0,0,0.01,0.01,0.1454460535458107,0.28657806758182847,18.886888376988242,0.01,0.07935153702471219,0.17557937871774773,5.02009455062051,0.01,0.0743492601849953,0.16320718219870722,4.724236610357243,0.01,0.14290659364453703,0.41835399102732684,49.88123881473521,0.01,0.14210089672431223,0.3354665220779542,9.700959912067667,0.01,0.08806988454042232,0.14177907461781153,13.54170154944215
12.700000000000001,20.0,22.35902259164632,-2.3590225916463208,-0.024006772207735352,3.93631329818223,0.057758455217455894,0.22735537535493444,0.22735537535493444,-1.2351813405947394,1.4625367159496738,0.0,0,0.01,0.01,0.14544031623597098,0.28657209317983345,18.882488590856113,0.01,0.07934563665874823,0.17557340431575277,5.022030584268182,0.01,0.07434339168302626,0.16320120779671227,4.726022164957786,0.01,0.14291174149834424,0.41835950721913906,49.893499710005585,0.01,0.1421063376164701,0.33547203826976646,9.701967835392958,0.01,0.08807322540095375,0.14178240847999424,13.5411034222739
12.71,20.0,22.345730767970075,-2.3457307679700756,-0.022383826375846,3.95096351719447,0.05774263676732455,0.22813905125431133,0.22813905125431133,-1.2282217579923889,1.4563608092467002,0.0,0,0.01,0.01,0.14543490963566852,0.2865664839683283,18.879053874495096,0.01,0.07934007393043555,0.1755677951042476,5.024418744388286,0.01,0.0743378616948935,0.1631955985852071,4.728230797634514,0.01,0.14291660243821386,0.4183646845026339,49.904031842041164,0.01,0.14211149987145422,0.33547721555326127,9.702169006540153,0.01,0.08807638137043011,0.14178553878162203,13.538909770868726
12.72,20.0,22.33341307048154,-2.3334130704815417,-0.020609093869473055,3.9573095403116776,0.057727976914725664,0.22844747378753616,0.22844747378753616,-1.2217722266692022,1.4502197004567383,0.0,0,0.01,0.01,0.14542988173921964,0.2865612858804614,18.87648258828297,0.01,0.07933489865298482,0.17556259701638072,5.027134138635691,0.01,0.07433271927869088,0.1631904004973402,4.73074520130591,0.01,0.14292113181771235,0.4183694808279497,49.91292077861381,0.01,0.1421163325830228,0.33548201187857707,9.70168194540291,0.01,0.08807932322194818,0.1417884398442029,13.535424149212709
12.73,20.0,22.322132644831154,-2.3221326448311554,-0.018765221853251947,3.9547224374116317,0.05771455097676746,0.22824502971295968,0.22824502971295968,-1.2158658096104324,1.4441108393233921,0.0,0,0.01,0.01,0.14542526270093448,0.28655652555512806,18.87463504242678,0.01,0.0793301423755333,0.17555783669104735,5.030038486840736,0.01,0.07432799523230293,0.16318564017200682,4.733435572904261,0.01,0.142925300595069,0.4183738719663154,49.92032609481301,0.01,0.1421208004470177,0.33548640301694277,9.700654952303127,0.01,0.08808203184061232,0.14179109675494284,13.531006015237423
12.74,20.0,22.311904740388673,-2.3119047403886746,-0.016936661726010688,3.9430094514637903,0.05770237725995373,0.22752101890792686,0.22752101890792686,-1.2105104913674132,1.43803151027534,0.0,0,0.01,0.01,0.14542106372773075,0.28655220941917625,18.87334066941376,0.01,0.07932581721928376,0.17555352055509557,5.03298676851531,0.01,0.0743237009644898,0.16318132403605506,4.736165855025311,0.01,0.14292909639306411,0.41837785232382985,49.92647318934942,0.01,0.14212488509713125,0.3354903833744572,9.699259066064592,0.01,0.08808449893762212,0.14179350588328957,13.526053696725016
12.75,20.0,22.302696840728384,-2.302696840728384,-0.015205634414394199,3.9224155413510196,0.0576914172028566,0.2262897114390503,0.2262897114390503,-1.2056892463794529,1.4319789578185032,0.0,0,0.01,0.01,0.1454172768865559,0.28654832374318634,18.872406606411552,0.01,0.07932191565205722,0.1755496348791056,5.035834142814792,0.01,0.07431982830215463,0.1631774383600651,4.738800230184786,0.01,0.14293252376253102,0.41838143486302204,49.93164188428714,0.01,0.14212858562819045,0.33549396591364944,9.697679960678151,0.01,0.08808672724346522,0.14179567485333847,13.520985412914044
12.76,20.0,22.29443105651541,-2.2944310565154122,-0.01364827060202589,3.8936039312721533,0.057681578215133214,0.2245892197004249,0.2245892197004249,-1.201361291886181,1.4259505115866058,0.0,0,0.01,0.01,0.14541387582043255,0.28654483565178906,18.87162726022897,0.01,0.07931841119592707,0.17554614678770833,5.038442815340353,0.01,0.0743163502269888,0.16317395026866782,4.741209561589751,0.01,0.14293560365349917,0.4183846501516648,49.93615233276022,0.01,0.14213191830210983,0.3354971812022922,9.696109116999857,0.01,0.08808873018093205,0.14179762198246995,13.516219200134199
12.77,20.0,22.2869886276443,-2.2869886276442988,-0.012331109072399562,3.8576169742645794,0.05767271903084673,0.2224792598853862,0.2224792598853862,-1.1974644452417889,1.419943705127175,0.0,0,0.01,0.01,0.14541081732371558,0.2865416950238753,18.870794372370533,0.01,0.07931526001829403,0.17554300615979457,5.040688519162757,0.01,0.07431322249053449,0.16317080964075406,4.743277467880463,0.01,0.14293837213329266,0.4183875445989912,49.940348939529045,0.01,0.14213491546732263,0.3355000756496186,9.694734669073862,0.01,0.08809053104262789,0.14179937522222497,13.512152719178713
12.780000000000001,20.0,22.280216282323753,-2.280216282323752,-0.011308115998595167,3.8158195985782695,0.05766465727544566,0.22003792937694455,0.22003792937694455,-1.1939184535240215,1.413956382900966,0.0,0,0.01,0.01,0.14540804368685803,0.2865388371762364,18.869707073254208,0.01,0.07931240331544949,0.1755401483121557,5.042466288378685,0.01,0.07431038601560579,0.16316795179311522,4.744905729975901,0.01,0.14294087842380843,0.4183901779767681,49.94458314390308,0.01,0.1421376237558345,0.33550270902739543,9.693732372343645,0.01,0.08809216172006057,0.14180097066093447,13.509144000516644
12.790000000000001,20.0,22.273934115648135,-2.273934115648137,-0.010618359567461636,3.769828428077514,0.05765717884397885,0.21735767188878086,0.21735767188878086,-1.190629118744565,1.4079867906333459,0.0,0,0.01,0.01,0.1454054856856072,0.2865361861882695,18.86818141613298,0.01,0.07930977036135946,0.17553749732418877,5.043695233122788,0.01,0.07430776995597206,0.1631653008051483,4.746018757294512,0.01,0.14294318235955655,0.4183926203548927,49.94919600599175,0.01,0.14214010165208327,0.33550515140552006,9.693257164446075,0.01,0.08809366105129038,0.14180245066777628,13.5074941899361
12.8,20.0,22.267944583213794,-2.2679445832137946,-0.010284439447801443,3.7214303079285638,0.057650048608193435,0.21454063814408597,0.21454063814408597,-1.187493006895537,1.402033645039623,0.0,0,0.01,0.01,0.14540306606080555,0.2865336586971268,18.866058913633925,0.01,0.07930728206481953,0.17553496983304612,5.044322074926821,0.01,0.07430529525695537,0.1631627733140056,4.746566887898755,0.01,0.1429453513927854,0.4183949486067896,49.95450156156305,0.01,0.14214241655367238,0.335507479657417,9.693435780779028,0.01,0.08809507287072792,0.14180386177376353,13.507433281155706
12.81,20.0,22.262042159624,-2.2620421596240003,-0.0103117313565512,3.6724943946135795,0.057643021915779254,0.21169367487428703,0.21169367487428703,-1.1844025051308582,1.3960961800051452,0.0,0,0.01,0.01,0.1454007033142107,0.28653116797339906,18.863213661080557,0.01,0.07930485485665478,0.17553247910931835,5.044323268329056,0.01,0.07430287853848533,0.16316028259027784,4.746528360424376,0.01,0.14294745729117922,0.4183972426577379,49.960771862399184,0.01,0.14214464146498443,0.3355097737083653,9.69436084289163,0.01,0.08809644385727719,0.1418052523959311,13.509109660265578
12.82,20.0,22.25602318913195,-2.2560231891319535,-0.010688465628891825,3.6248821701310567,0.05763585631835229,0.20892318792863063,0.20892318792863063,-1.1812509795508603,1.390174167479491,0.0,0,0.01,0.01,0.1453983156338918,0.2865286280778749,18.859557716293676,0.01,0.07930240471620373,0.17552993921379417,5.043705614288358,0.01,0.07430043611010946,0.16315774269475367,4.745909870581488,0.01,0.14294957268636757,0.41839958165853375,49.968224499882396,0.01,0.14214685147992145,0.33551211270916115,9.696086757565467,0.01,0.08809782128510472,0.14180667051625262,13.512584050075725
12.83,20.0,22.249695456721366,-2.249695456721367,-0.011386617588529194,3.5803597146802835,0.057628322966369355,0.2063301259733734,0.2063301259733734,-1.1779377866083633,1.3842679125817368,0.0,0,0.01,0.01,0.1453958247602228,0.28652595790034296,18.85504450869268,0.01,0.0792998511433783,0.17552726903626223,5.04250535711255,0.01,0.07429788792489074,0.16315507251722172,4.744745705967974,0.01,0.14295176763714548,0.41840204026724737,49.97701323133838,0.01,0.14214912021883067,0.33551457131787477,9.698627653664547,0.01,0.08809925078451723,0.1418081614264857,13.517828150951736
12.84,20.0,22.242887031843235,-2.242887031843237,-0.012363548844540334,3.540516334425082,0.057620217138018105,0.20400531997027316,0.20400531997027316,-1.1743729036784218,1.378378223648695,0.0,0,0.01,0.01,0.14539315961019922,0.28652308489147565,18.84967016292272,0.01,0.07929712088907065,0.17552439602739497,5.040785842607429,0.01,0.0742951612859542,0.16315219950835447,4.743095533486436,0.01,0.14295410636941483,0.4184046852133672,49.98722211039533,0.01,0.1421515163864185,0.33551721626399456,9.701957451689646,0.01,0.08810077421857551,0.14180976564441633,13.524727959057405
12.85,20.0,22.2354539818583,-2.2354539818582997,-0.013564304327183366,3.5066932162931947,0.05761136742281362,0.20202539132295527,0.20202539132295527,-1.1704809678073476,1.3725063591303028,0.0,0,0.01,0.01,0.1453902594931715,0.28651994831773203,18.84347273562987,0.01,0.07929415127203321,0.1755212594536513,5.038633893874695,0.01,0.07429219413509336,0.1631490629346108,4.741040987242485,0.01,0.14295664434526673,0.41840757230188896,49.99886328756083,0.01,0.14215410061164435,0.3355201033525163,9.706012020554603,0.01,0.08810242777421722,0.1418115170963297,13.533091435271642
12.86,20.0,22.22728661503533,-2.227286615035329,-0.014924441436912884,3.479925203017272,0.05760164315557374,0.20044940975228842,0.20044940975228842,-1.166204544538978,1.3666539542912663,0.0,0,0.01,0.01,0.14538707677411453,0.286516501895707,18.836529470513035,0.01,0.07929089293360138,0.1755178130316263,5.036155127013059,0.01,0.07428893777630587,0.1631456165125858,4.738681266138162,0.01,0.14295942579657905,0.41841074399089484,50.01187841944885,0.01,0.14215692271703786,0.33552327504152224,9.71069324162997,0.01,0.08810424035510864,0.1418134416456937,13.542659930892603
12.870000000000001,20.0,22.218313990044678,-2.218313990044678,-0.016373246186795885,3.4608980857682683,0.05759095978821798,0.19931644248860092,0.19931644248860092,-1.1615064890799705,1.3608229315685714,0.0,0,0.01,0.01,0.145383578869873,0.2865127156948857,18.828952270384484,0.01,0.0792873119114032,0.175514026830805,5.03346847741478,0.01,0.07428535891702677,0.1631418303117645,4.736127995379347,0.01,0.14296248183467536,0.4184142276462074,50.02614342546496,0.01,0.14216001954382973,0.3355267586968348,9.715874685334969,0.01,0.08810623234774519,0.14181555602988458,13.553122574793008
12.88,20.0,22.208506516103547,-2.2085065161035495,-0.017837177278441547,3.4499230369584417,0.05757928199048153,0.19864409139048855,0.19864409139048855,-1.1563713077326832,1.3550153991231717,0.0,0,0.01,0.01,0.1453797494978238,0.2865085772345706,18.82088166101446,0.01,0.07928339094788328,0.17550988837048995,5.030700236370981,0.01,0.07428144094453497,0.16313769185144944,4.733499632891652,0.01,0.14296582921814785,0.41841803454240156,50.041476173127904,0.01,0.1421634134314863,0.33553056559302896,9.721408520715224,0.01,0.08810841481327453,0.1418178672462711,13.56413270317478
12.89,20.0,22.19787656088842,-2.1978765608884214,-0.019243372858726522,3.446928989165077,0.057566624380966554,0.19842806638713073,0.19842806638713073,-1.1508054761973774,1.3492335425845081,0.0,0,0.01,0.01,0.14537558913330909,0.28650409173999947,18.81247957842018,0.01,0.07927912998726411,0.17550540287591873,5.027977907112179,0.01,0.07427718439273573,0.16313320635687822,4.730915710091557,0.01,0.14296946982743614,0.4184221596426062,50.05764656460554,0.01,0.14216711141700558,0.3355346906932336,9.727133229702185,0.01,0.08811078913612597,0.14182037240716397,13.575325372387466
12.9,20.0,22.18647707763719,-2.1864770776371887,-0.020523056099615297,3.451472942230683,0.057553049901808075,0.19864279447894284,0.19864279447894284,-1.1448367207245784,1.3434795152035213,0.0,0,0.01,0.01,0.14537111467020164,0.286499281562486,18.80392134806339,0.01,0.07927454585361378,0.17550059269840526,5.025424180900225,0.01,0.07427260659341087,0.16312839617936475,4.728491188280051,0.01,0.14297339085907024,0.4184265821519545,50.074388435087364,0.01,0.1421711051824908,0.3355391132025819,9.732881685355819,0.01,0.08811334713792963,0.14182305906101778,13.58633502627896
12.91,20.0,22.174398354299367,-2.174398354299368,-0.021614684289236196,3.4627673809630006,0.05753866595866559,0.19924301562579338,0.19924301562579338,-1.138512315974105,1.3377553315998985,0.0,0,0.01,0.01,0.14536635831628353,0.2864941848070288,18.795387242789783,0.01,0.07926967114114516,0.17549549594294808,5.023151310457102,0.01,0.07426774054426051,0.16312329942390758,4.7263311898754905,0.01,0.1429775657166543,0.41843126680309634,50.09141265191844,0.01,0.1421753717412571,0.3355437978537237,9.73848917335192,0.01,0.0881160716426045,0.14182590595583267,13.596812475997101
12.92,20.0,22.16176307225062,-2.161763072250617,-0.022466701169944668,3.4797232390423924,0.057523618548201864,0.20016627225598804,0.20016627225598804,-1.13189649776404,1.332062770020028,0.0,0,0.01,0.01,0.1453613657900812,0.28648885324657447,18.787054007805192,0.01,0.07926455238399821,0.17549016438249376,5.021256123401521,0.01,0.0742626330619125,0.16311796786345323,4.7245263313146175,0.01,0.14298195554172596,0.4184361657985464,50.108420810805214,0.01,0.14217987481540278,0.33554869684917377,9.743800980224215,0.01,0.08811893745705024,0.141828884200846,13.606440472433617
12.93,20.0,22.14871993647997,-2.148719936479971,-0.02303977299626851,3.5010061766859333,0.057508084683594064,0.20133615968664054,0.20133615968664054,-1.1250671278445674,1.326403287531208,0.0,0,0.01,0.01,0.14535619391691,0.28648334963352956,18.779086728004213,0.01,0.0792592476049863,0.17548466076944885,5.0198158763104175,0.01,0.07425734232000109,0.16311246425040835,4.7231488450763095,0.01,0.142986511297416,0.4184412213053351,50.125118951292144,0.01,0.1421845668236701,0.33555375235596246,9.748679231254965,0.01,0.0881219127126632,0.14183195876511556,13.614947287568612
12.94,20.0,22.135436200300784,-2.1354362003007847,-0.023308414264794554,3.5251033739727435,0.05749226350142708,0.20266617204621062,0.20266617204621062,-1.1181117798457745,1.320777951891985,0.0,0,0.01,0.01,0.14535090774785123,0.28647774454491703,18.771631387242525,0.01,0.07925382336976486,0.17547905568083633,5.018885103671816,0.01,0.07425193489908066,0.16310685916179582,4.722249635006424,0.01,0.14299117629289476,0.4184463683736935,50.14123074912456,0.01,0.14218939136952732,0.3355588994243208,9.7530087260977,0.01,0.08812496049681606,0.14183509023719448,13.62211785687942
12.950000000000001,20.0,22.12208945312204,-2.1220894531220402,-0.023261938221747994,3.5503975998846977,0.057476366487691236,0.20406395362799223,0.20406395362799223,-1.111123439364764,1.3151873929927562,0.0,0,0.01,0.01,0.14534557734518855,0.2864721129167592,18.764808432813776,0.01,0.07924835149351772,0.17547342405267854,5.018493568105382,0.01,0.07424648249547268,0.16310122753363804,4.72185636438058,0.01,0.14299588901805488,0.41845153813431013,50.156509683331414,0.01,0.1421942860972482,0.33556406918493753,9.756701584358138,0.01,0.08812804069118253,0.14183823675932086,13.62780215847037
12.96,20.0,22.108859067881045,-2.1088590678810464,-0.022904698898351606,3.575245017712019,0.05746060729441012,0.20543574994404667,0.20543574994404667,-1.1041960258518857,1.3096317757959324,0.0,0,0.01,0.01,0.14534027439071134,0.28646653043508985,18.758707612047772,0.01,0.07924290556075439,0.17546784157100914,5.018645370317801,0.01,0.07424105844935419,0.16309564505196864,4.721972631325294,0.01,0.1430005861464315,0.418456661118645,50.170749718488125,0.01,0.1421991857693238,0.3355691921692724,9.759700571602794,0.01,0.088131111925827,0.14184135604284043,13.631920613700167
12.97,20.0,22.09591771432533,-2.0959177143253305,-0.0222556242710147,3.5980530454345168,0.05744519163034836,0.20669084669114435,0.20669084669114435,-1.0974199489755283,1.3041107956666727,0.0,0,0.01,0.01,0.14533506877880134,0.2864610699550158,18.75338429304112,0.01,0.0792375574246876,0.17546238109093507,5.019319230522168,0.01,0.0742357342580177,0.16309018457189456,4.722578242532462,0.01,0.1430052055602388,0.4184616705441829,50.18379409080867,0.01,0.14220402541219337,0.3355742015948102,9.761981027675624,0.01,0.08813413355454573,0.1418444073691922,13.63446638916351
12.98,20.0,22.083423335145138,-2.0834233351451377,-0.021347072818223695,3.617354614852868,0.05743030769885595,0.20774578858687676,0.20774578858687676,-1.0908779073349184,1.2986236959217952,0.0,0,0.01,0.01,0.14533002535420617,0.28645579811533806,18.748857418637016,0.01,0.07923237385076533,0.17545710925125735,5.020469907761803,0.01,0.07423057623811564,0.16308491273221684,4.7236305536902705,0.01,0.1430096892544364,0.4184665054112674,50.1955418431218,0.01,0.1422087433788802,0.3355790364618948,9.763551364084835,0.01,0.08813706755805399,0.14184735348281577,13.635504567313923
12.99,20.0,22.071511954505578,-2.0715119545055787,-0.020223076824953674,3.6318753687834757,0.057416117623719225,0.20852818336876067,0.20852818336876067,-1.08464112301636,1.2931693063851206,0.0,0,0.01,0.01,0.14532520094505721,0.28645077230462745,18.74510917307563,0.01,0.07922741345944988,0.17545208344054675,5.022030680247329,0.01,0.0742256424910401,0.16307988692150624,4.725066804419598,0.01,0.14301398598641415,0.41847111326992,50.20595182423315,0.01,0.1422132841860458,0.3355836443205473,9.764452138726242,0.01,0.08813988028706174,0.14185016228868413,13.63516823986901
13.0,20.0,22.060291644129677,-2.060291644129676,-0.01893706384900142,3.6405906966667754,0.057402750251400354,0.20897991852833453,0.20897991852833453,-1.0787661822417043,1.2877461007700388,0.0,0,0.01,0.01,0.1453206418254964,0.28644603811588665,18.742086365891872,0.01,0.07922272410679211,0.17544734925180594,5.023916768439208,0.01,0.07422098030890395,0.16307515273276543,4.726807336582671,0.01,0.1430180535533964,0.41847545253310947,50.215043955422225,0.01,0.14221760099829112,0.3355879835837368,9.76475375685775,0.01,0.08814254396668342,0.14185280827753305,13.633651670534778
13.01,20.0,22.04983791285493,-2.0498379128549313,-0.017549171465200835,3.642770021543023,0.05739029564772292,0.20905964851301606,0.20905964851301606,-1.0732926213458143,1.2823522698588303,0.0,0,0.01,0.01,0.1453163817200422,0.2864416274019248,18.73970346010843,0.01,0.07921834081857046,0.1754429385378441,5.026029544242718,0.01,0.07421662413571405,0.1630707420188036,4.728759548751552,0.01,0.14302186060001984,0.4184794942363772,50.22289767314565,0.01,0.1422216576530478,0.3355920252870046,9.764552889881505,0.01,0.08814503789643553,0.14185527361576333,13.631200775688256
13.02,20.0,22.040190714368602,-2.040190714368603,-0.01612328854983918,3.638006392320588,0.05737880152226158,0.2087444467216819,0.2087444467216819,-1.0682413600304193,1.2769858067521012,0.0,0,0.01,0.01,0.1453124404346211,0.28643755701351353,18.737847094543845,0.01,0.07921428436587474,0.17543886814943283,5.028261335148527,0.01,0.07421259417038466,0.16306667163039232,4.730822407133008,0.01,0.14302538788259492,0.4184832231713667,50.22964758078154,0.01,0.14222543014383013,0.33559575422199406,9.763967749385674,0.01,0.08814734929560927,0.14185754885377674,13.628101283781504
13.030000000000001,20.0,22.03135318808087,-2.031353188080871,-0.01472396800059579,3.6262301727637407,0.0573682717185471,0.20803055786510427,0.20803055786510427,-1.063614042086845,1.2716445999519492,0.0,0,0.01,0.01,0.145308823168322,0.28643382826875274,18.736381877383177,0.01,0.0792105605383621,0.17543513940467206,5.0305006034622535,0.01,0.07420889566657952,0.16306294288563156,4.732891306285547,0.01,0.14302862894312235,0.4184866383513449,50.235476478742285,0.01,0.14222890750662592,0.3355991694019723,9.763132402625398,0.01,0.08814947376128758,0.141859633225346,13.624665051722504
13.040000000000001,20.0,22.023292163739782,-2.023292163739783,-0.013413360261752933,3.6077064138280543,0.05735866680741337,0.20693323012973153,0.20693323012973153,-1.0593932996117834,1.266326529741515,0.0,0,0.01,0.01,0.14530552052689358,0.2864304271664999,18.735157163969017,0.01,0.07920716013753266,0.1754317383024192,5.032637259796508,0.01,0.07420551895053136,0.1630595417833787,4.7348630533104465,0.01,0.14303159017398853,0.4184897527987939,50.240606083781095,0.01,0.14223209208252394,0.33560228384942126,9.762190364859809,0.01,0.08815141532487532,0.14186153453058276,13.621215130447768
13.05,20.0,22.01594037561051,-2.0159403756105094,-0.012248314070088945,3.5830163054996813,0.05734990671943423,0.20548565089461857,0.20548565089461857,-1.0555439123488375,1.261029563243456,0.0,0,0.01,0.01,0.14530250922538426,0.28642732532096643,18.73401448092501,0.01,0.07920405967789908,0.17542863645688572,5.034567859107104,0.01,0.07420244014360451,0.16305643993784522,4.736640739086817,0.01,0.14303429028222925,0.4184925926771153,50.24528588353544,0.01,0.14223499915810822,0.33560512372774265,9.761287749956,0.01,0.08815318611186775,0.1418632686151548,13.618070270936377
13.06,20.0,22.009200251053144,-2.0092002510531435,-0.011277780597438607,3.5530238833422443,0.05734187525551926,0.2037370522984916,0.2037370522984916,-1.0520147913832205,1.255751843681712,0.0,0,0.01,0.01,0.14529975343476143,0.28642448156044187,18.732795224978027,0.01,0.07920122275052256,0.17542579269636116,5.036200428786362,0.01,0.07419962254310342,0.16305359617732065,4.738138261439821,0.01,0.14303675918920364,0.418495195818948,50.24978069005162,0.01,0.14223765601262886,0.33560772686957535,9.760566298010177,0.01,0.08815480562786408,0.14186485847760272,13.615529631798479
13.07,20.0,22.002949065153103,-2.002949065153103,-0.010540640208375357,3.5188298706495593,0.05733442622721383,0.20175009162487356,0.20175009162487356,-1.0487416780999221,1.2504917697247957,0.0,0,0.01,0.01,0.14529720669741036,0.2864218441022492,18.731348251159645,0.01,0.07919860197266253,0.17542315523816848,5.03745869292027,0.01,0.07419701858429036,0.16305095871912798,4.739284279081299,0.01,0.1430390364264252,0.41849760973114725,50.254357543161944,0.01,0.14224010042652807,0.3356101407817746,9.760156622161,0.01,0.08815629971073802,0.14186633305394622,13.613858477540337
13.08,20.0,21.997045191262846,-1.9970451912628475,-0.010064048338635303,3.4817151317331927,0.05732739090439004,0.1995976443745986,0.1995976443745986,-1.0456504169596976,1.2452480613342962,0.0,0,0.01,0.01,0.14529481431055108,0.28641935318998213,18.729536973491577,0.01,0.07919614142070257,0.17542066432590142,5.038285485399699,0.01,0.07419457228022099,0.16304846780686091,4.740025402239764,0.01,0.1430411691101968,0.4184998891798438,50.25927266176687,0.01,0.14224237872871837,0.3356124202304712,9.760172020994212,0.01,0.08815769920369798,0.14186772574340678,13.613275632762047
13.09,20.0,21.991335129829245,-1.9913351298292457,-0.009862369831853504,3.4430766656436913,0.057320586391336865,0.1973591734650253,0.1973591734650253,-1.0426606357844725,1.2400198092494978,0.0,0,0.01,0.01,0.14529251605604288,0.2864169440590443,18.727245630999963,0.01,0.07919377942231441,0.17541825519496354,5.038645186020588,0.01,0.0741922220150668,0.16304605867592303,4.740328465026817,0.01,0.14304320959574815,0.41850209347712886,50.264759140834926,0.01,0.14224454347932305,0.33561462452775626,9.760703184543775,0.01,0.08815903841607435,0.14186907275029537,13.61394337692732
13.1,20.0,21.985660966817566,-1.9856609668175653,-0.009936740993005868,3.4043593625401307,0.057313824515276564,0.19511685509156385,0.19511685509156385,-1.0396896509790117,1.2348065060705755,0.0,0,0.01,0.01,0.14529024914071448,0.2864145500834059,18.724384421808416,0.01,0.07919145156896193,0.17541586121932518,5.038525066072548,0.01,0.0741899035520189,0.16304366470028467,4.74018177394344,0.01,0.14304521292503736,0.4185042836029785,50.271016042909814,0.01,0.14224665089972807,0.3356168146536058,9.761814079388017,0.01,0.08816035344755963,0.14187041132443504,13.615960329035538
13.11,20.0,21.979867899585024,-1.979867899585023,-0.010275267304810742,3.3669868677005574,0.0573069207954353,0.19295164974658663,0.19295164974658663,-1.0366564080690939,1.2296080578156805,0.0,0,0.01,0.01,0.14528795120386112,0.2864121059508051,18.720893273939115,0.01,0.07918909380194772,0.17541341708672437,5.037935489644654,0.01,0.07418755310925725,0.16304122056768386,4.73959528305537,0.01,0.1430472341906524,0.4185065193015308,50.27819943828256,0.01,0.14224875817215538,0.3356190503521582,9.76353923327798,0.01,0.08816168045691287,0.14187177798562736,13.619357690893414
13.120000000000001,20.0,21.973811472423026,-1.9738114724230256,-0.010853833895870238,3.3322948520723683,0.05729970306619695,0.1909395055527634,0.1909395055527634,-1.0334852702225716,1.224424775775335,0.0,0,0.01,0.01,0.14528556324812744,0.2864095507154509,18.716744098768547,0.01,0.0791866454245188,0.1754108618513702,5.036908979835904,0.01,0.07418511035706246,0.1630386653323297,4.738599705456051,0.01,0.14304932594090497,0.41850885628958145,50.28641581680145,0.01,0.14225092073604417,0.3356213873402088,9.765882556462314,0.01,0.08816305395760453,0.14187320681659246,13.624099006587135
13.13,20.0,21.967364185456695,-1.9673641854566946,-0.011637477030585049,3.3014697840473235,0.05729201935365681,0.18914787076315243,0.18914787076315243,-1.0301094786610698,1.2192573494242223,0.0,0,0.01,0.01,0.14528303235650797,0.28640683058632965,18.71194145618615,0.01,0.07918405189895453,0.17540814172224894,5.03549822053776,0.01,0.07418252119580222,0.16303594520320844,4.737244628192281,0.01,0.14305153574802631,0.41851134370731924,50.29571813906047,0.01,0.14225318970793838,0.33562387475794664,9.76881774225346,0.01,0.08816450522044547,0.141874727903696,13.630083374587805
13.14,20.0,21.960421177593833,-1.960421177593834,-0.012582239488820228,3.2754959532591617,0.05728374464914636,0.18763267378581006,0.18763267378581006,-1.0264741282451069,1.214106802030917,0.0,0,0.01,0.01,0.14528031407115508,0.28640390132481747,18.706521643674236,0.01,0.07918126730058166,0.17540521246073676,5.0337731201130556,0.01,0.07417974018774871,0.16303301594169625,4.735595749848712,0.01,0.14305390405239943,0.4185140219273953,50.30610463070307,0.01,0.14225560954513597,0.3356265529780227,9.772290192004613,0.01,0.0881660608570386,0.14187636599600878,13.637151838471679
13.15,20.0,21.952904734472202,-1.9529047344722013,-0.013637411821905034,3.2551130376614434,0.057274786283264136,0.1864359035599259,0.1864359035599259,-1.0225385278297656,1.2089744313896915,0.0,0,0.01,0.01,0.14527737432828994,0.2864007301465008,18.70055029957514,0.01,0.07917825631950207,0.17540204128242012,5.03181710930057,0.01,0.07417673253466851,0.16302984476337962,4.733731402859913,0.01,0.1430564623813271,0.4185169208191748,50.317520265085896,0.01,0.14225821606113184,0.33562945186980214,9.776220318541776,0.01,0.08816774164820902,0.14187813944136837,13.64509650148409
13.16,20.0,21.944767433042145,-1.9447674330421452,-0.014748045900260189,3.240785957326731,0.057265087676235775,0.18558389198622893,0.18558389198622893,-1.0182778467643139,1.2038617387505428,0.0,0,0.01,0.01,0.14527419086670165,0.28639729704771183,18.694118679605282,0.01,0.07917499572442185,0.17539860818363115,5.029722879369532,0.01,0.07417347551680487,0.16302641166459064,4.731738553939238,0.01,0.14305923202160556,0.4185200585415293,50.32986073955483,0.01,0.1422610348832746,0.3356325895921567,9.780508005269692,0.01,0.08816956166889599,0.1418800594438046,13.653671774203104
13.17,20.0,21.93599380235997,-1.9359938023599723,-0.015857617376349907,3.232688151100176,0.05725463032125585,0.18508636503514464,0.18508636503514464,-1.0136839844815766,1.1987703495167212,0.0,0,0.01,0.01,0.145270754053862,0.2863935955059592,18.68733882209554,0.01,0.07917147523008,0.1753949066418785,5.027587786661057,0.01,0.07416995933598718,0.16302271012283798,4.729708494607633,0.01,0.14306222320210266,0.41852344091101096,50.3429786374678,0.01,0.142264080420808,0.3356359719616383,9.785037941822678,0.01,0.08817152774597595,0.14188212967069805,13.66260708092487
13.18,20.0,21.92660045199444,-1.926600451994438,-0.01691070984241973,3.2306987740731787,0.05724343394284746,0.18493629186289628,0.18493629186289628,-1.008765637731417,1.1937019295943132,0.0,0,0.01,0.01,0.14526706710221937,0.2863896325337513,18.6803378600287,0.01,0.07916769773901625,0.1753909436696706,5.025509155947114,0.01,0.07416618733478182,0.16301874715063008,4.727732439484649,0.01,0.143065434816852,0.4185270613640575,50.35669138552414,0.01,0.14226735538568705,0.3356395924146849,9.789685524318822,0.01,0.0881736392689078,0.14188434622114704,13.671620319879745
13.19,20.0,21.916634691784804,-1.9166346917848058,-0.017855595467248294,3.2344136722554793,0.05723155485823318,0.1851105235179089,0.1851105235179089,-1.0035475778877472,1.188658101405656,0.0,0,0.01,0.01,0.1452631456773839,0.2863854280958452,18.673251765838543,0.01,0.07916367895836589,0.17538673923176454,5.023579708784835,0.01,0.07416217559342314,0.16301454271272403,4.725897243957133,0.01,0.14306885469226344,0.4185309015034182,50.370790564479506,0.01,0.14227085088064412,0.33564343255404555,9.794322999145892,0.01,0.08817588835581565,0.14188669795001596,13.680431389453213
13.200000000000001,20.0,21.906171736276978,-1.9061717362769766,-0.018646594426908074,3.243169371463293,0.05721908265240576,0.185571176321509,0.185571176321509,-0.9980691871947084,1.1836403635162174,0.0,0,0.01,0.01,0.14525901692830678,0.28638101392933013,18.66621882902612,0.01,0.07915944642161846,0.17538232506524942,5.021883325895804,0.01,0.07415795193534003,0.16301012854620892,4.724281436748908,0.01,0.14307246037539376,0.4185349321916152,50.38505210625364,0.01,0.14227454704052614,0.3356474632422426,9.798825541159,0.01,0.08817826036053307,0.1418891671257837,13.688775147976378
13.21,20.0,21.895310650985557,-1.8953106509855582,-0.019246107993388665,3.2560787439119507,0.05720613535347215,0.18626768134579064,0.18626768134579064,-0.992382336234453,1.1786500175802437,0.0,0,0.01,0.01,0.14525471799592404,0.2863764318328929,18.659373167384928,0.01,0.0791550379725017,0.17537774296881217,5.02049132708121,0.01,0.07415355439911006,0.16300554644977167,4.722951738930295,0.01,0.14307622039525328,0.4185391151292446,50.39924690716552,0.01,0.1422784141855818,0.3356516461798719,9.803076985457452,0.01,0.08818073469009396,0.14189173038529226,13.696413254190153
13.22,20.0,21.884169253001826,-1.8841692530018246,-0.019626237052289275,3.2720765097505393,0.057192853360761485,0.18713939200735485,0.18713939200735485,-0.9865487138917167,1.1736881058990716,0.0,0,0.01,0.01,0.14525029407992837,0.28637173151498213,18.65283856181578,0.01,0.07915049979215928,0.1753730426509014,5.019459420512279,0.01,0.07414902925845034,0.1630008461318609,4.721960211277824,0.01,0.14308009592714946,0.4185434048343895,50.41315139920746,0.01,0.14228241442071832,0.33565593588501685,9.806974971181749,0.01,0.08818328588793907,0.14189435993545704,13.703144429981721
13.23,20.0,21.87287822312057,-1.8728782231205714,-0.019769918299841666,3.289972310994729,0.05717939243144761,0.18811861785896422,0.18811861785896422,-0.9806367444706487,1.168755362329613,0.0,0,0.01,0.01,0.14524579616238636,0.2863669681094253,18.64672288320096,0.01,0.07914588407056367,0.17536827924534462,5.018825437780588,0.01,0.07414442869138904,0.16299608272630411,4.7213421387637995,0.01,0.14308404277215364,0.41854775092228863,50.42655764477917,0.01,0.14228650359411507,0.335660281972916,9.81043530063554,0.01,0.08818588492637566,0.14189702494144923,13.70881278394686
13.24,20.0,21.861574718805844,-1.8615747188058458,-0.01967153352490979,3.3085087786305944,0.05716591606991434,0.18913393515577137,0.18913393515577137,-0.9747182434514884,1.1638521786072598,0.0,0,0.01,0.01,0.14524127850106516,0.2863621994806057,18.64111334909705,0.01,0.07914124643783685,0.17536351061652497,5.018607933479263,0.01,0.07413980821425933,0.16299131409748446,4.72111472574241,0.01,0.1430880135507192,0.4185521005723578,50.43928255133533,0.01,0.14229063351301197,0.3356646316229852,9.813395363251644,0.01,0.08818850064307582,0.1418996930332403,13.713313930023258
13.25,20.0,21.850395795707012,-1.8503957957070127,-0.019336972225809948,3.3264218136397763,0.05715258768627054,0.1901136143855704,0.1901136143855704,-0.9688649730044319,1.1589785873900023,0.0,0,0.01,0.01,0.14523679601402897,0.2863574834480498,18.6360728091043,0.01,0.07913664328026733,0.17535879458396905,5.018805690007037,0.01,0.07413522400505403,0.16298659806492855,4.721276639784232,0.01,0.1430919600017483,0.41855640106314473,50.451175841013466,0.01,0.14229475430463034,0.3356689321137721,9.815816518648596,0.01,0.08819110125097193,0.1419023318579909,13.716598724330039
13.26,20.0,21.8394719494101,-1.8394719494101024,-0.018783153286977092,3.3425002290585017,0.05713956289547697,0.19098900206643443,0.19098900206643443,-0.9631452604585455,1.15413426252498,0.0,0,0.01,0.01,0.14523240168001272,0.2863528750619311,18.631637211847096,0.01,0.0791321290689998,0.17535418619785037,5.01939813034431,0.01,0.0741307302436684,0.16298198967880986,4.721808406585328,0.01,0.14309583527616185,0.4185606022549657,50.462126456070145,0.01,0.14229881680629286,0.3356731333055931,9.817685375102029,0.01,0.08819365584894918,0.14190491060474997,13.718674528014317
13.27,20.0,21.828921078619512,-1.8289210786195136,-0.018037036441599822,3.355641957944747,0.057126982316373295,0.19169769879158982,0.19169769879158982,-0.9576208374310974,1.1493185362226872,0.0,0,0.01,0.01,0.14522814407623216,0.28634842405654626,18.62781435439149,0.01,0.0791277538265757,0.17534973519246558,5.020346604856393,0.01,0.07412637659359035,0.16297753867342507,4.722673623987127,0.01,0.14309959611714437,0.4185646589047468,50.472067136234585,0.01,0.14230277487077184,0.3356771899553742,9.81901393914101,0.01,0.08819613586224692,0.14190740143032152,13.719603984969485
13.280000000000001,20.0,21.818843146603964,-1.8188431466039627,-0.017134177660938197,3.3649042206626154,0.057114965201147526,0.19218638746833971,0.19218638746833971,-0.9523440445671921,1.1445304320355318,0.0,0,0.01,0.01,0.14522406516684766,0.28634417259852135,18.62458395844032,0.01,0.07912356084793339,0.17534548373444067,5.021596483080745,0.01,0.07412220594088843,0.16297328721540016,4.723820930171201,0.01,0.14310320482731495,0.4185685327076263,50.480976970153,0.01,0.1423065874802835,0.3356810637582537,9.81983864983593,0.01,0.08819851634628165,0.14190978072083146,13.719501384460212
13.290000000000001,20.0,21.80931578072549,-1.8093157807254907,-0.016116903362794588,3.3695453572650034,0.05710360418187902,0.1924131843541489,0.1924131843541489,-0.9473555274585471,1.139768711812696,0.0,0,0.01,0.01,0.14522019844171646,0.28634015343087216,18.621899058181725,0.01,0.07911958477860426,0.17534146456679142,5.023079948685227,0.01,0.07411825249236954,0.16296926804775091,4.725186630374938,0.01,0.14310663093552622,0.41857219397460754,50.48888180122759,0.01,0.14231022057467874,0.33568472502523494,9.82021834849049,0.01,0.08820077709537984,0.14191203013220863,13.71852676237795
13.3,20.0,21.800391002011136,-1.8003910020111342,-0.015032195433226528,3.3690564533582816,0.05709296136383966,0.19234940992417904,0.19234940992417904,-0.9426825242512243,1.1350319341754034,0.0,0,0.01,0.01,0.1452165674870255,0.2863363884938437,18.61968862466096,0.01,0.07911585013437003,0.17533769962976298,5.024719366299854,0.01,0.0741145403162376,0.16296550311072247,4.726697858740586,0.01,0.14310985249205432,0.41857562287421873,50.49585245761024,0.01,0.14231364851540898,0.3356881539248461,9.820231272043012,0.01,0.08820290350822045,0.1419141373640603,13.716877981381659
13.31,20.0,21.79209322035705,-1.7920932203570499,-0.01392939166776149,3.3631814005794207,0.057083065928025256,0.1919807056171834,0.1919807056171834,-0.9383378159369637,1.1303185215541471,0.0,0,0.01,0.01,0.14521318504777542,0.2863328880796707,18.617861293433698,0.01,0.07911237032449205,0.17533419921559001,5.026431063602169,0.01,0.07411108238639773,0.1629620026965495,4.728276128146007,0.01,0.14311285693974982,0.41857881018781684,50.50200087492355,0.01,0.14231685512581313,0.33569134123844424,9.81997119645112,0.01,0.08820488717409379,0.1419160966347321,13.714781118799708
13.32,20.0,21.78441856883123,-1.7844185688312337,-0.012857813723049078,3.3519246099241005,0.057073913331210466,0.19130745467955956,0.19130745467955956,-0.9343193777949027,1.1256268324744623,0.0,0,0.01,0.01,0.14521005261793585,0.2863296505521992,18.616310009248412,0.01,0.07910914721586458,0.1753309616881185,5.028129352405751,0.01,0.07410788016679758,0.16295876516907798,4.729841102441395,0.01,0.1431156415293552,0.4185817575518286,50.50747428382856,0.01,0.1423198342691925,0.3356942886024559,9.819542893761646,0.01,0.08820672615777929,0.1419179088400302,13.712479576534623
13.33,20.0,21.777335585714294,-1.7773355857142938,-0.011864436641655084,3.335546207523023,0.05706546611433331,0.19034449907819806,0.19034449907819806,-0.9306107365072896,1.1209552355854877,0.0,0,0.01,0.01,0.14520716056858,0.2863266626349757,18.61491735651435,0.01,0.07910617124928297,0.17532797377089498,5.029730599821515,0.01,0.07410492374608071,0.16295577725185448,4.731314413701685,0.01,0.1431182132687086,0.41858447718472835,50.51244773665458,0.01,0.142322589948031,0.33569700823535575,9.819057101660354,0.01,0.08820842497527528,0.14191958139344046,13.71022240448538
13.34,20.0,21.770787188577618,-1.770787188577618,-0.01099171037271997,3.314545155513483,0.05705765625306691,0.18912017811855653,0.18912017811855653,-0.9271820037843947,1.1163021819029513,0.0,0,0.01,0.01,0.14520448879866218,0.2863239002442836,18.613561310403735,0.01,0.07910342209271229,0.1753252113802029,5.031157156281357,0.01,0.0741021925066075,0.1629530148611624,4.732623343129469,0.01,0.1431205884170234,0.4185869911207797,50.51711534084587,0.01,0.14232513592965085,0.3356995221714071,9.818625234077333,0.01,0.08820999426711801,0.14192112776092186,13.708252388273655
13.35,20.0,21.764693824003317,-1.7646938240033168,-0.010275634666578437,3.2896313225851017,0.057050388911828495,0.1876747463300128,0.1876747463300128,-0.9239915255540165,1.1116662718840293,0.0,0,0.01,0.01,0.14520200786856347,0.28632132981801833,18.612121123003813,0.01,0.07910086979125754,0.17532264095393763,5.032340952310453,0.01,0.07409965628683468,0.16295044443489712,4.7337041892088525,0.01,0.1431227915559688,0.4185893299953781,50.52168064340338,0.01,0.1423274949247069,0.33570186104600547,9.818354082783472,0.01,0.08821145018995266,0.14192256671774503,13.706794486959602
13.36,20.0,21.75895762245357,-1.7589576224535675,-0.009744174780115371,3.2616880488315982,0.05704354739777344,0.18605825681027643,0.18605825681027643,-0.9209880574459828,1.1070463142562592,0.0,0,0.01,0.01,0.14519968055426793,0.28631891006848886,18.610483053903813,0.01,0.07909847635066729,0.17532022120440813,5.033226591120603,0.01,0.07409727697333258,0.16294802468536762,4.734505161098669,0.01,0.14312485428805333,0.4185915314471904,50.52634666289193,0.01,0.14232969736443202,0.3357040624978178,9.81834076938707,0.01,0.08821281355975859,0.14192392136766316,13.70604520772872
13.370000000000001,20.0,21.753467342881276,-1.7534673428812777,-0.009416087375156316,3.2317271811328525,0.057036999057629385,0.18432802018478978,0.18432802018478978,-0.9181133537842395,1.1024413739690293,0.0,0,0.01,0.01,0.145197463741106,0.2863165940682927,18.608545665248204,0.01,0.07909619767172542,0.17531790520421198,5.03377378886403,0.01,0.07409501043942741,0.16294570868517147,4.73498865864378,0.01,0.1431268136290767,0.41859363821925455,50.53130608800809,0.01,0.1423317798397547,0.3357061692698819,9.818668202222414,0.01,0.08821410879113202,0.141925217975347,13.706163469597408
13.38,20.0,21.748103858007532,-1.748103858007532,-0.009300204831745151,3.2008388777794883,0.05703060182002628,0.18254576752870177,0.18254576752870177,-0.9153050396714063,1.097850807200108,0.0,0,0.01,0.01,0.14519531056128152,0.28631433156421626,18.60622442759054,0.01,0.07909398573769326,0.17531564270013555,5.0339590481047924,0.01,0.07409280873246916,0.16294344618109505,4.735132832180573,0.01,0.14312871017451137,0.41859569605401703,50.536732150751845,0.01,0.1423337832796949,0.33570822710464443,9.819401271522882,0.01,0.08821536268582635,0.14192648467097047,13.7072634335052
13.39,20.0,21.742745910218954,-1.7427459102189549,-0.009395203097596347,3.170138680898506,0.057024211060989566,0.18077465723216346,0.18077465723216346,-0.9124996247695877,1.0932742820017511,0.0,0,0.01,0.01,0.14519317266954238,0.2863120714052629,18.603455422770903,0.01,0.07909179094672406,0.1753133825411822,5.033776490579455,0.01,0.07409062240170282,0.1629411860221417,4.734932353443474,0.01,0.14313058612905236,0.418597751485396,50.54277063836181,0.01,0.14233575095726703,0.3357102825360234,9.82058397919027,0.01,0.08821660312996774,0.14192775009078784,13.709409667628508
13.4,20.0,21.737275860512685,-1.737275860512686,-0.00968985439757876,3.1407144265368574,0.057017686461369864,0.1790762704369796,0.1790762704369796,-0.9096355134409234,1.088711783877903,0.0,0,0.01,0.01,0.1451910025467577,0.28630976396773,18.600197980915986,0.01,0.07908956447629432,0.1753110751036493,5.033237820223241,0.01,0.0740884028540611,0.1629388785846088,4.73439837098901,0.01,0.14313248329381603,0.4185998496340191,50.54953343410911,0.01,0.1423377264180324,0.3357123806846465,9.822237647961028,0.01,0.08821785776274378,0.14192904201929424,13.71261487928575
13.41,20.0,21.731585158879717,-1.7315851588797193,-0.010163742871691186,3.1135755065642328,0.05701089853220482,0.17750773727709168,0.17750773727709168,-0.9066558690336068,1.0841636063106985,0.0,0,0.01,0.01,0.1451887557219413,0.28630736346276525,18.596436147121302,0.01,0.07908726056731491,0.17530867459868454,5.032371433734922,0.01,0.07408610462601646,0.16293647807964404,4.733557667056056,0.01,0.14313444110651213,0.41860203210974645,50.55709387991951,0.01,0.14233975142910424,0.3357145631603738,9.824360292548965,0.01,0.088219152679761,0.14193038609712696,13.71684029158284
13.42,20.0,21.725579283322553,-1.7255792833225518,-0.010788399651220556,3.0896068221605626,0.05700373450654548,0.1761191270200524,0.1761191270200524,-0.9035111999454781,1.0796303269655305,0.0,0,0.01,0.01,0.14518639280926665,0.2863048300197566,18.592178935405755,0.01,0.07908483862155107,0.1753061411556759,5.0312207405021665,0.01,0.07408368746577652,0.16293394463663535,4.73245107437703,0.01,0.14313649482628507,0.41860433511860917,50.56548414183115,0.01,0.14234186404461827,0.33571686616923657,9.826927167083769,0.01,0.08822051123168816,0.1419318046543983,13.721998586025505
13.43,20.0,21.71918192508588,-1.719181925085881,-0.011528795027695524,3.0695294893968876,0.05699610333259394,0.17495121996010932,0.17495121996010932,-0.9001615510056937,1.075112770965803,0.0,0,0.01,0.01,0.14518388126743204,0.28630213145171923,18.58745938912869,0.01,0.07908226501689303,0.17530344258763852,5.029841793445804,0.01,0.07408111813115857,0.16293124606859805,4.731131248669175,0.01,0.1431386739469463,0.4186067878598061,50.57469464215508,0.01,0.1423440968774151,0.3357193189104335,9.829892434694601,0.01,0.08822195297337371,0.14193331572195278,13.727959185343046
13.44,20.0,21.712338237853825,-1.7123382378538257,-0.012345110027183368,3.0538699912951457,0.05698793955094181,0.17403375846036295,0.17403375846036295,-0.8965782047504117,1.0706119632107747,0.0,0,0.01,0.01,0.1451811968037206,0.286299244625791,18.58233252498766,0.01,0.07907951456023277,0.17530055576171027,5.0283003650234495,0.01,0.07407837182379015,0.16292835924266977,4.729659922937516,0.01,0.1431410009103584,0.41860941128303986,50.58467550946893,0.01,0.14234647565611963,0.3357219423336672,9.833191842061375,0.01,0.08822349281063024,0.14193493226354936,13.734555526036026
13.450000000000001,20.0,21.705017016449673,-1.7050170164496723,-0.01319469845923332,3.0429390384489987,0.05697920589565426,0.1733842499997097,0.1733842499997097,-0.892744822187313,1.0661290721870227,0.0,0,0.01,0.01,0.14517832436343167,0.2862961563821032,18.576872288585058,0.01,0.07907657151638786,0.17529746751802253,5.026668626363635,0.01,0.07407543319901388,0.16292527099898202,4.728104791862477,0.01,0.14314349017635591,0.4186122172580655,50.59533989707074,0.01,0.14234901813237794,0.33572474830869287,9.836746229196475,0.01,0.08822514038171866,0.1419366616606939,13.741593876242133
13.46,20.0,21.69721172351183,-1.6972117235118331,-0.014034143719438282,3.0368209238550885,0.05696989452199488,0.17300736771421144,0.17300736771421144,-0.8886579803618744,1.0616653480760858,0.0,0,0.01,0.01,0.14517525866608091,0.2862928639666337,18.571167691633676,0.01,0.07907343017270134,0.175294175102553,5.025021601441181,0.01,0.07407229691205709,0.16292197858351248,4.726536187347541,0.01,0.1431461476875814,0.4186152081878061,50.60656893713483,0.01,0.14235173338538665,0.33572773923843346,9.840465666094227,0.01,0.08822689969876367,0.14193850546936582,13.748863195761633
13.47,20.0,21.688940338122656,-1.6889403381226569,-0.014821312417326125,3.0353736593511966,0.056960026829656445,0.1728949650746766,0.1728949650746766,-0.8843270930996,1.0572220581742766,0.0,0,0.01,0.01,0.14517200427183524,0.2862893749670702,18.56531833256916,0.01,0.07907009492157027,0.17529068610298948,5.023433572431338,0.01,0.07406896768359612,0.16291848958394897,4.725023710222536,0.01,0.1431489707479152,0.4186183770748118,50.61821803551098,0.01,0.1423546215509155,0.33573090812543915,9.844253985350523,0.01,0.08822876906149368,0.14194045945480857,13.756145512392955
13.48,20.0,21.680244055829863,-1.680244055829865,-0.015517309203512521,3.0382396827291798,0.05694965191637408,0.17302669236994161,0.17302669236994161,-0.879773730338837,1.0528004227087786,0.0,0,0.01,0.01,0.14516857518400406,0.2862857067641196,18.559429523287964,0.01,0.0790665798661286,0.17528701790003887,5.021974607279047,0.01,0.07406545989072069,0.16291482138099836,4.723632978130984,0.01,0.14315194831283146,0.41862170802923987,50.63012416966148,0.01,0.14235767398084953,0.3357342390798672,9.848013472924572,0.01,0.08823074124247561,0.14194251389749335,13.763226298678427
13.49,20.0,21.671184922413516,-1.6711849224135158,-0.01608824372741245,3.044866446787379,0.0569388437597821,0.17337117488302944,0.17337117488302944,-0.8750303791740549,1.0484015540570844,0.0,0,0.01,0.01,0.14516499401500665,0.28628188553302897,18.55360725476594,0.01,0.07906290797655234,0.17528319666894826,5.020707367639058,0.01,0.07406179671141153,0.16291100014990775,4.7224226375547325,0.01,0.14315506167009653,0.4186251771859536,50.64211382951445,0.01,0.14236087381802498,0.33573770823658095,9.851649486752736,0.01,0.08823280393007607,0.1419446541508957,13.769904368817098
13.5,20.0,21.66184253179479,-1.6618425317947905,-0.016506731061413545,3.054535763375081,0.05692769728259756,0.17388768727628467,0.17388768727628467,-0.8701387148849293,1.044026402161214,0.0,0,0.01,0.01,0.14516129076310144,0.28627794485035796,18.54795323440103,0.01,0.07905910984495942,0.17527925598627722,5.01968433589534,0.01,0.07405800887098968,0.16290705946723671,4.721441769666652,0.01,0.14315828547077403,0.41862875397971844,50.654011233835114,0.01,0.14236419695098237,0.33574128503034584,9.855074791739863,0.01,0.08823494040336,0.14194686142040563,13.77600087114034
