time_s,reference_deg,angle_deg,error_deg,velocity_rad_s,tension_N,moment_arm_m,torque_raw_Nm,torque_applied_Nm,P_Nm,I_Nm,damping_Nm,saturated,fixed_excitation,TRIlong_activation,TRIlong_fiber_length_m,TRIlong_path_length_m,TRIlong_tendon_force_N,TRIlat_activation,TRIlat_fiber_length_m,TRIlat_path_length_m,TRIlat_tendon_force_N,TRImed_activation,TRImed_fiber_length_m,TRImed_path_length_m,TRImed_tendon_force_N,BIClong_activation,BIClong_fiber_length_m,BIClong_path_length_m,BIClong_tendon_force_N,BICshort_activation,BICshort_fiber_length_m,BICshort_path_length_m,BICshort_tendon_force_N,BRA_activation,BRA_fiber_length_m,BRA_path_length_m,BRA_tendon_force_N
0.0,20.0,20.0,0.0,0.0,0.0,0.05493894325960825,0.0,0.0,0.0,0.0,-0.0,0,0.01,0.01,0.14449698969461744,0.28557755705985177,17.765272954750962,0.01,0.07837730793289602,0.17457886819577106,5.008801194362888,0.01,0.07337894399239878,0.16220667167673056,4.705842639257135,0.01,0.1437280109365457,0.41925147468481194,52.46657298089497,0.01,0.1429595690143474,0.33636400573543934,10.228364055807457,0.01,0.08862232607374275,0.1423410529757139,14.367740812850883
0.01,20.0,19.996694908744242,0.0033050912557583776,-0.011476427973297364,0.03150163798264206,0.0549349762608944,0.0017305417347557306,0.0017305417347557308,0.0017305417347557306,0.0,0.0,0,0.01,0.01,0.144496206330054,0.28557616552756554,17.745716500710028,0.01,0.07837652926844095,0.17457747666348483,4.994548735460727,0.01,0.07337812333605628,0.16220528014444432,4.691936645161755,0.01,0.14372854048992448,0.4192526862854817,52.49024574590727,0.01,0.1429599472239544,0.336365217336109,10.239864216199607,0.01,0.08862269226711311,0.14234184006434275,14.404706192819603
0.02,20.0,19.9870118238251,0.01298817617490086,-0.022234756015887393,0.12381969937545767,0.05492335368875103,0.006800593142433087,0.006800593142433087,0.006800593142433087,0.0,0.0,0,0.01,0.01,0.1444930363304797,0.28557208872625706,17.717840199204172,0.01,0.07837332540641338,0.17457339986217638,4.9756218147089095,0.01,0.07337484586597652,0.16220120334313587,4.6741546377390435,0.01,0.14373092452354383,0.41925623535460094,52.53070274635114,0.01,0.14296190325015642,0.3363687664052283,10.261867718998348,0.01,0.08862434760063825,0.14234414610762586,14.461940730039515
0.03,20.0,19.97152650458261,0.028473495417389062,-0.0317279224636806,0.2715372171201742,0.05490476589421092,0.014908687337548687,0.014908687337548687,0.014908687337548687,0.0,0.0,0,0.01,0.01,0.14448748471506012,0.2855655691683912,17.68947559842198,0.01,0.07836767534915078,0.17456688030431047,4.958376901901611,0.01,0.07336913606793119,0.16219468378526997,4.6580326536285375,0.01,0.14373531390116312,0.419261909165502,52.57533592782138,0.01,0.14296584348764785,0.3363744402161294,10.285843220003256,0.01,0.0886274031826638,0.14234783418564603,14.517672982969094
0.04,20.0,19.951087014411282,0.04891298558871808,-0.0395324176986259,0.466666765988178,0.054880229816405696,0.025610779365110026,0.025610779365110026,0.025610779365110026,0.0,0.0,0,0.01,0.01,0.144479856991819,0.28555696405048064,17.662131346701564,0.01,0.07835988816288715,0.17455827518639994,4.943764690175451,0.01,0.07336130921888154,0.16218607866735943,4.644384398700081,0.01,0.14374148475262033,0.4192693945863836,52.62104889428332,0.01,0.14297168050066075,0.33638192563701097,10.308670836654537,0.01,0.08863170584759443,0.14235270259884983,14.567607229713788
0.05,20.0,19.926756694276385,0.07324330572361565,-0.045317996658640204,0.69916848660143,0.054851020794818794,0.038350105197657025,0.038350105197657025,0.038350105197657025,0.0,0.0,0,0.01,0.01,0.14447055574378348,0.2855467212069814,17.637038554670674,0.01,0.07835037528343762,0.17454803234290067,4.932386348584574,0.01,0.07335177826599475,0.16217583582386016,4.633766883506178,0.01,0.14374910592755188,0.41927829958702145,52.66572460356162,0.01,0.14297913004382928,0.33639083063764885,10.32885073318864,0.01,0.0886370266073353,0.14235849837841763,14.609594532244365
0.06,20.0,19.899758871191235,0.1002411288087645,-0.04885565478934143,0.9574510497597042,0.054818606467696845,0.052486132308860456,0.052486132308860456,0.052486132308860456,0.0,0.0,0,0.01,0.01,0.14446005356072117,0.28553535579340883,17.615292593052065,0.01,0.07833962064913624,0.17453666692932812,4.924672154015722,0.01,0.07334102741777064,0.16216447041028761,4.626581338913466,0.01,0.1437577827807389,0.4192881741191815,52.70743087832463,0.01,0.1429878084768377,0.33640070516980886,10.34545171716388,0.01,0.08864309164222595,0.14236493038227624,14.64206929866129
0.07,20.0,19.871416665044556,0.12858333495544363,-0.05002539208477497,1.2289239638458225,0.05478457473831374,0.06732607674501623,0.06732607674501623,0.06732607674501623,0.0,0.0,0,0.01,0.01,0.1444488692031306,0.2855234249117563,17.597818977781706,0.01,0.07832815609437091,0.17452473604767557,4.920880299496313,0.01,0.07332958776160249,0.16215253952863506,4.623068256799435,0.01,0.14376708042369746,0.4192985326818146,52.74439773405121,0.01,0.14299727590550895,0.336411063732442,10.357830036750261,0.01,0.08864959826849264,0.14237168357142674,14.663907474112113
0.08,20.0,19.843089512702285,0.156910487297714,-0.04881973714685425,1.5005899933006186,0.05475055771024087,0.08215813902761548,0.08215813902761548,0.08215813902761548,0.0,0.0,0,0.01,0.01,0.14443754245822238,0.28551150086603905,17.585338288007886,0.01,0.07831653548857966,0.1745128120019583,4.921093295150766,0.01,0.07331801148720236,0.1621406154829178,4.623303767552355,0.01,0.14377654585133662,0.41930887787969895,52.775068911211264,0.01,0.14300706504050398,0.3364214089303263,10.365558385325214,0.01,0.08865623012128299,0.14237843409248344,14.67442333104864
0.09,20.0,19.816109091415633,0.18389090858436596,-0.045342305232359076,1.7596546329765814,0.05471815478674908,0.09628505457843273,0.09628505457843273,0.09628505457843273,0.0,0.0,0,0.01,0.01,0.14442660856153736,0.2855001441812137,17.57833781562119,0.01,0.07830530842215974,0.17450145531713304,4.925219300648368,0.01,0.0733068456796693,0.16212925879809253,4.627200811822659,0.01,0.14378572987127605,0.419318723935622,52.7981590435748,0.01,0.14301670599255542,0.3364312549862494,10.368409830541204,0.01,0.08866267236778032,0.14238486453437704,14.673377103214168
0.1,20.0,19.791717515223265,0.20828248477673533,-0.03980132136150739,1.9941256269629064,0.0546888583813875,0.10905645400766995,0.10905645400766995,0.10905645400766995,0.0,0.0,0,0.01,0.01,0.14441657331339391,0.28548987759644306,17.577051635285287,0.01,0.07829499460482008,0.17449118873236236,4.932998697944252,0.01,0.07329660685084763,0.16211899221332185,4.634515241779052,0.01,0.14379420801281528,0.41932761909654476,52.812707924879895,0.01,0.1430257489733275,0.3364401501471721,10.366354727552126,0.01,0.08866862640834708,0.14239067867563643,14.660980621295534
0.11,20.0,19.77101062167696,0.22898937832303753,-0.032498352653450274,2.193373876956397,0.054663985640849136,0.11989855811495809,0.11989855811495809,0.11989855811495809,0.0,0.0,0,0.01,0.01,0.14440789000585758,0.28548116221669007,17.581450405636257,0.01,0.07828606013056122,0.17448247335260936,4.944015936155318,0.01,0.07328775735818539,0.16211027683356885,4.6448568858594665,0.01,0.1438015995279911,0.4193351659455131,52.818128027140865,0.01,0.14303378473748998,0.3364476969961405,10.359559140605223,0.01,0.08867382342623359,0.14239561504616047,14.63789756080695
0.12,20.0,19.754888953402244,0.24511104659775704,-0.02381274393550392,2.348627283460576,0.05464461934338994,0.12833984388420316,0.12833984388420316,0.12833984388420316,0.0,0.0,0,0.01,0.01,0.144400939192586,0.28547437691409194,17.591242060579397,0.01,0.07827889667386954,0.17447568805001124,4.957716748871541,0.01,0.07328068477046008,0.16210349153097073,4.657705680329161,0.01,0.1438075837241774,0.41934103875057627,52.81424118098175,0.01,0.14304046217573269,0.33645356980120367,10.348380906587963,0.01,0.08867803620093327,0.14239945867320408,14.60523438901003
0.13,20.0,19.74401869092666,0.2559813090733418,-0.014182476175650759,2.4533712421754865,0.054631560728657304,0.1340315000068515,0.1340315000068515,0.1340315000068515,0.0,0.0,0,0.01,0.01,0.14439601220039683,0.2854698019220122,17.6058842644277,0.01,0.07827380453968626,0.17447111305793148,4.973430841059757,0.01,0.07327568509792665,0.16209891653889097,4.672432962892794,0.01,0.1438119130305363,0.41934499713442547,52.80130004180994,0.01,0.14304550250706882,0.3364575281850528,10.333361138121502,0.01,0.08868108869316445,0.14240205046125326,14.564517246464447
0.14,20.0,19.73880432389712,0.26119567610287947,-0.004082365428381178,2.5036337572440535,0.05462529645293724,0.13676173619903753,0.13676173619903753,0.13676173619903753,0.0,0.0,0,0.01,0.01,0.14439329910537552,0.28546760736645405,17.62460901820768,0.01,0.07827098030433334,0.17446891850237337,4.990399987580855,0.01,0.07327295061908237,0.16209672198333286,4.688327871133353,0.01,0.14381442237475212,0.4193468955244742,52.77999016234432,0.01,0.14304870967595543,0.33645942657510153,10.315209322133148,0.01,0.08868286302528601,0.14240329376674313,14.517649918393138
0.15,20.0,19.73937421378269,0.2606257862173096,0.0059981249821279255,2.4981398927147835,0.05462598109524987,0.1364633425527273,0.1364633425527273,0.1364633425527273,0.0,-0.0,0,0.01,0.01,0.14439283334721978,0.285467847213509,17.64807682357107,0.01,0.0782704652981187,0.1744691583494283,5.008905439984151,0.01,0.07327250888208059,0.1620969618303878,4.706045479865738,0.01,0.14381501095269283,0.4193466880581336,52.7522351136394,0.01,0.14304997673959605,0.336459219108761,10.294780752170249,0.01,0.08868328811584887,0.14240315788157523,14.468214760675666
0.16,20.0,19.74557356737849,0.2544264326215109,0.015557488591257643,2.438385652835318,0.054633428656194326,0.13321736860046618,0.13321736860046618,0.13321736860046618,0.0,-0.0,0,0.01,0.01,0.14439422393552523,0.2854704563217482,17.687262162860314,0.01,0.07827183916672541,0.1744717674576675,5.037794807870646,0.01,0.07327398119895176,0.16209957093862698,4.733898045859357,0.01,0.14381337525530266,0.4193444310003302,52.730579050417376,0.01,0.14304890786716332,0.33645696205095754,10.278336299249796,0.01,0.0886821446255719,0.14240167972498918,14.43875963926091
0.17,20.0,19.756969850747737,0.24303014925226155,0.024135725954837005,2.3285818296571907,0.0546471191011095,0.12725028858195597,0.12725028858195597,0.12725028858195597,0.0,-0.0,0,0.01,0.01,0.14439765117913358,0.28547525271473356,17.73017337167729,0.01,0.07827528760487275,0.17447656385065285,5.068112297049994,0.01,0.07327755253256066,0.16210436733161235,4.762400537055129,0.01,0.14380994005548953,0.4193402808639889,52.70567074152928,0.01,0.14304564944705842,0.33645281191461623,10.266004936362652,0.01,0.08867973319861733,0.1423989625419569,14.411873053794967
0.18,20.0,19.772888271253418,0.22711172874658228,0.03134632510971291,2.1752990634459883,0.054666241113230755,0.11891542309572345,0.11891542309572345,0.11891542309572345,0.0,-0.0,0,0.01,0.01,0.1444030171666324,0.2854819524943748,17.770752337749098,0.01,0.07828072918193411,0.17448326363029412,5.0950151219090065,0.01,0.07328310442381933,0.16211106711125362,4.78740937131191,0.01,0.1438049479710168,0.41933448178927285,52.677567025122535,0.01,0.1430407052473662,0.3364470128399002,10.254191059670934,0.01,0.08867622744512645,0.14239516740810015,14.386447594873774
0.19,20.0,19.79245725566874,0.2075427443312595,0.03688651977087401,1.9870109655745873,0.05468974691074954,0.10866912681615826,0.10866912681615826,0.10866912681615826,0.0,-0.0,0,0.01,0.01,0.14441003241784517,0.285490188952821,17.8066229269841,0.01,0.07828787355696412,0.1744915000887403,5.11682358869728,0.01,0.07329033236587544,0.16211930356969978,4.807553062253148,0.01,0.1437986751133151,0.41932734941248406,52.64764765213573,0.01,0.14303437457412055,0.3364398804631114,10.243119107763787,0.01,0.08867182268417018,0.14239050233606929,14.363593758090904
0.2,20.0,19.814657147847935,0.18534285215206445,0.040540977010537,1.7736048248542402,0.054716410946104035,0.09704529045271748,0.09704529045271748,0.09704529045271748,0.0,-0.0,0,0.01,0.01,0.14441831986241474,0.28549953303749626,17.836289696030057,0.01,0.07829633559104293,0.17450084417341552,5.1327026401249025,0.01,0.07329884654103519,0.162128647654375,4.822114612466949,0.01,0.1437914500604957,0.4193192535960263,52.61735124396848,0.01,0.14302699330338633,0.3364317846466537,10.233256661180675,0.01,0.08866675100550327,0.1423852106103938,14.344287828553965
0.21,20.0,19.838371811724354,0.16162818827564665,0.04218757607088006,1.5458669892820358,0.054744892070309865,0.0846283214832999,0.0846283214832999,0.0846283214832999,0.0,-0.0,0,0.01,0.01,0.14442745037060797,0.28550951504334043,17.85866499111059,0.01,0.07830567531869001,0.1745108261792597,5.142200023921398,0.01,0.07330820588996853,0.1621386296602192,4.830692608813558,0.01,0.14378363752668905,0.4193106000407238,52.588103386858386,0.01,0.14301893637965155,0.33642313109135114,10.225025905524943,0.01,0.08866126951574271,0.14237955843664188,14.329320953006944
0.22,20.0,19.862442973854876,0.13755702614512375,0.0418007403130361,1.3149478741962357,0.0547737989299045,0.07202469046452997,0.07202469046452997,0.07202469046452997,0.0,-0.0,0,0.01,0.01,0.14443696732870634,0.2855196474675288,17.873000536741017,0.01,0.07831542427477006,0.17452095860344807,5.145148171466038,0.01,0.0733179426839508,0.16214876208440754,4.83314030071595,0.01,0.1437756206834662,0.41930181076315026,52.56125264151505,0.01,0.14301060086617948,0.3364143418137776,10.218768613221021,0.01,0.08865564768543029,0.14237382195350518,14.319271321867843
0.23,20.0,19.885725339312497,0.11427466068750279,0.039450715256927116,1.091827644817132,0.05480175621300466,0.05983407241788752,0.05983407241788751,0.05983407241788752,0.0,-0.0,0,0.01,0.01,0.14444640954556892,0.28552944820212284,17.878885305879813,0.01,0.078325109302895,0.1745307593380421,5.141635096466903,0.01,0.07332758577670963,0.1621585628190016,4.829546777309729,0.01,0.14376778295084314,0.4192933041042053,52.53800915021374,0.01,0.14300238709354565,0.33640583515483263,10.214730956028902,0.01,0.08865015445015625,0.14236827408240968,14.314483475505726
0.24,20.0,19.907140054152656,0.092859945847344,0.035298506620198636,0.8868064674781809,0.054827468823111555,0.048621353947793655,0.048621353947793655,0.048621353947793655,0.0,-0.0,0,0.01,0.01,0.1444553332204049,0.2855384630437511,17.876251322050162,0.01,0.07833427512116851,0.17453977417967037,5.131988167518216,0.01,0.07333668290711479,0.16216757766062986,4.820224435798494,0.01,0.1437604900285295,0.4192854751391796,52.51938918179221,0.01,0.14299467986070274,0.336398006189807,10.213053056918413,0.01,0.08864504562412058,0.1423631717948068,14.315056412982624
0.25,20.0,19.925724064223342,0.07427593577665745,0.02958662349615624,0.7090418281809197,0.0548497810472647,0.03889078902907572,0.03889078902907572,0.03889078902907572,0.0,-0.0,0,0.01,0.01,0.14446333227917157,0.28554628648712305,17.865376414541796,0.01,0.07834250508627054,0.17454759762304234,5.116759815446673,0.01,0.07334482127956105,0.1621754011040018,4.805696827140732,0.01,0.1437540729917604,0.4192786774057642,52.50616863566305,0.01,0.1429878306212502,0.33639120845639153,10.213762972528441,0.01,0.08864055219441931,0.14235874437849072,14.32084149551298
0.26,20.0,19.9406730789796,0.05932692102039989,0.022626027491185363,0.5661525334533121,0.05486772798988106,0.03106350320629836,0.031063503206298363,0.03106350320629836,0.0,-0.0,0,0.01,0.01,0.14447005624550577,0.2855525798341544,17.84687997358255,0.01,0.07834943935989819,0.17455389097007365,5.09671177317267,0.01,0.07335164557836071,0.16218169445103314,4.7866845683546195,0.01,0.14374881325842648,0.4192732068406784,52.49884821731078,0.01,0.14298214150170127,0.33638573789130577,10.216775658192132,0.01,0.08863687002756682,0.14235518324266325,14.331450818392428
0.27,20.0,19.95137614089196,0.048623859108041276,0.014779905464440015,0.4639053473993394,0.05488057690337125,0.025459393093834604,0.025459393093834604,0.025459393093834604,0.0,-0.0,0,0.01,0.01,0.14447522491746523,0.28555708577226935,17.821708393373587,0.01,0.07835478977177698,0.17455839690818864,5.072795247485933,0.01,0.07335687269432484,0.16218620038914813,4.764087001221976,0.01,0.1437449301633608,0.4192692887300079,52.49763250103505,0.01,0.14297785192554846,0.3363818197806353,10.221897334472162,0.01,0.0886341514530669,0.14235263372945872,14.346276375545933
0.28,20.0,19.95744020921035,0.042559790789648326,0.00644507247899611,0.40599607549052263,0.054887856539637445,0.02228425434717962,0.02228425434717962,0.02228425434717962,0.0,-0.0,0,0.01,0.01,0.14447863929130447,0.2855596387471026,17.791107025863912,0.01,0.07835835084499361,0.1745609498830219,5.046124416643949,0.01,0.07336030261703869,0.1621887533639814,4.7389571412817455,0.01,0.14374257175528957,0.4192670683355535,52.50242436858063,0.01,0.1429751284977711,0.33637959938618084,10.228835392372872,0.01,0.08863249909771316,0.14235118930166304,14.364519845369289
0.29,20.0,19.958703672445928,0.041296327554071866,-0.0019680386990607347,0.3939324729685062,0.05488937324988437,0.021622706544018322,0.021622706544018322,0.021622706544018322,0.0,0.0,0,0.01,0.01,0.14448018836945684,0.28556017066836875,17.756576105224724,0.01,0.07836000664902136,0.17456148180428804,5.01794094606319,0.01,0.0733618251458994,0.16218928528524754,4.712467747470621,0.01,0.1437418085973371,0.41926660566569257,52.5128586456929,0.01,0.14297405863991058,0.3363791367163199,10.237213609419523,0.01,0.08863196183104426,0.1423508883569459,14.385267489507878
0.3,20.0,19.955239842364865,0.044760157635133795,-0.010051434603722797,0.42700686665776527,0.054885215117925795,0.023436363733342902,0.023436363733342902,0.023436363733342902,0.0,0.0,0,0.01,0.01,0.14447962853584354,0.2855587123893257,17.72732138526136,0.01,0.07835951523307494,0.174560023525245,4.994973162974319,0.01,0.0733611864278725,0.1621878270062045,4.6920764145529406,0.01,0.14374242402886991,0.4192678740545046,52.53553814390123,0.01,0.14297443454714504,0.336380405105132,10.249535593475047,0.01,0.08863238738404498,0.14235171341211095,14.420372520170034
0.31,20.0,19.947335154786696,0.052664845213303724,-0.017476086968262722,0.502503576388933,0.05487572579864941,0.02757524847075976,0.02757524847075976,0.02757524847075976,0.0,0.0,0,0.01,0.01,0.14447697269504986,0.2855553845281564,17.706865640249383,0.01,0.07835683216440192,0.17455669566407567,4.981195376499867,0.01,0.0733584405354672,0.16218449914503516,4.679410722354306,0.01,0.14374445908620295,0.41927076816101383,52.56538831367751,0.01,0.1429761269891145,0.33638329921164123,10.266139789646338,0.01,0.08863380292638065,0.14235359629351643,14.461488236081738
0.32,20.0,19.93545678148911,0.06454321851088946,-0.023922913388937535,0.6160015914887255,0.054861465704660786,0.033794750185475175,0.033794750185475175,0.033794750185475175,0.0,0.0,0,0.01,0.01,0.1444726631210336,0.2855503838230599,17.6868351914789,0.01,0.07835244235240968,0.1745516949589792,4.969345406403964,0.01,0.07335401111193321,0.16217949843993867,4.668347020660726,0.01,0.14374788437133218,0.4192751159839727,52.59746024995258,0.01,0.1429792416589313,0.33638764703460006,10.283195205255204,0.01,0.08863619090560154,0.142356425833577,14.500385347527045
0.33,20.0,19.92024678404819,0.07975321595181126,-0.029109518187685868,0.761419507618087,0.05484320509862801,0.04175868622239509,0.04175868622239509,0.04175868622239509,0.0,0.0,0,0.01,0.01,0.14446694929077247,0.28554398065535563,17.667759790369637,0.01,0.07834660631600392,0.17454529179127493,4.959488100188467,0.01,0.0733481505347581,0.1621730952722344,4.659142322790852,0.01,0.1437525158386914,0.4192806812587383,52.6299405050516,0.01,0.14298365871003454,0.3363932123093657,10.29909067810018,0.01,0.08863942421690021,0.14236004923338763,14.534788176610133
0.34,20.0,19.902490094521895,0.09750990547810533,-0.03281920133194971,0.9313081150424568,0.05482188578880175,0.0510560671170418,0.0510560671170418,0.0510560671170418,0.0,0.0,0,0.01,0.01,0.14446013019972087,0.28553650555026844,17.65048598033152,0.01,0.07833963009813365,0.17453781668618773,4.952010417951154,0.01,0.07334116518882552,0.16216562016714722,4.652167280215667,0.01,0.1437581077752395,0.4192871754908997,52.66134050683481,0.01,0.1429891542332761,0.33639970654152707,10.312927871420541,0.01,0.08864333224160797,0.14236427965341894,14.563249276550426
0.35000000000000003,20.0,19.88307459680577,0.11692540319422842,-0.03490882542849153,1.1172188292623086,0.05479857333702464,0.06122199794883543,0.061221997948835434,0.06122199794883543,0.0,0.0,0,0.01,0.01,0.14445254999422769,0.28552833235249125,17.63577011825525,0.01,0.078331866149325,0.17452964348841052,4.947195467801824,0.01,0.07333340754549895,0.16215744696937,4.647686254783199,0.01,0.1437643739606107,0.4192942728717075,52.690279969508545,0.01,0.14299544631437777,0.3364068039223349,10.32409318435769,0.01,0.0886477157487998,0.1423689056870044,14.584676428198927
0.36,20.0,19.86294756774001,0.1370524322599866,-0.03531373053390888,1.310109820435927,0.054774404866471525,0.07176048572409777,0.07176048572409777,0.07176048572409777,0.0,0.0,0,0.01,0.01,0.14444458117256467,0.2855198598732469,17.624238626121095,0.01,0.07832369634882377,0.1745211710091662,4.945201098189128,0.01,0.07332525880973191,0.1621489744901257,4.645846040716337,0.01,0.14377100318713038,0.41930162645638946,52.71551047560144,0.01,0.14300221909489993,0.33641415750701686,10.332150249386157,0.01,0.08865235760053582,0.1423737017090651,14.598304886233723
0.37,20.0,19.84307026361352,0.1569297363864817,-0.03404925681250946,1.5007747127379776,0.0547505345935766,0.08216821782692563,0.08216821782692563,0.08216821782692563,0.0,0.0,0,0.01,0.01,0.14443660658983082,0.2855114927634884,17.616362983944963,0.01,0.07831551352665189,0.1745128038994077,4.946056654122117,0.01,0.07331711048178767,0.1621406073803672,4.646673162574172,0.01,0.14377767477379125,0.41930888490687607,52.73595919573201,0.01,0.14300914128983822,0.3364214159575034,10.336816534685306,0.01,0.08865703347998181,0.14237843867996292,14.603706914890918
0.38,20.0,19.82437267322658,0.17562732677341958,-0.031208645906958377,1.6802755386000747,0.05472807950104424,0.09195825326016482,0.09195825326016482,0.09195825326016482,0.0,0.0,0,0.01,0.01,0.14442900134931586,0.28550362246574595,17.612441048545087,0.01,0.07830770284862826,0.17450493360166527,4.949664706566359,0.01,0.07330934582107616,0.16213273708262477,4.650075490491455,0.01,0.14378407393894882,0.41931570903663673,52.750770799055054,0.01,0.1430158830448241,0.33642824008726413,10.337959851733064,0.01,0.08866152261122587,0.14238289492566455,14.600798887136254
0.39,20.0,19.807710497578267,0.19228950242173332,-0.0269573842765232,1.8403601588601155,0.05470806762671203,0.10068254802842569,0.10068254802842569,0.10068254802842569,0.0,0.0,0,0.01,0.01,0.14442211540696767,0.2854966091119231,17.61258537114927,0.01,0.07830062392908657,0.1744979202478424,4.955807253142548,0.01,0.07330232205847133,0.16212572372880188,4.6558480373134765,0.01,0.14378990638001826,0.419321787407014,52.759343931163194,0.01,0.1430221316162075,0.3364343184576414,10.335597634963124,0.01,0.08866561802481324,0.14238686640311143,14.589841766801113
0.4,20.0,19.793826321975374,0.20617367802462697,-0.02152424638861639,1.9738441961070998,0.054691391340411115,0.10795228537429258,0.10795228537429258,0.10795228537429258,0.0,0.0,0,0.01,0.01,0.144416257674544,0.28549076519305056,17.616719243961743,0.01,0.07829459448245568,0.17449207632896988,4.964156267930462,0.01,0.07329635416351966,0.16211987980992937,4.663682841258787,0.01,0.1437949114295301,0.4193268502835965,52.761359959368626,0.01,0.1430276055179385,0.3364393813342239,10.32989431172715,0.01,0.08866913591423965,0.14239017597925407,14.571433453366108
0.41000000000000003,20.0,19.783316750632814,0.21668324936718533,-0.0151894610204587,2.0749385679598875,0.05467876775401112,0.1134550840613191,0.11345508406131911,0.1134550840613191,0.0,0.0,0,0.01,0.01,0.14441168233256454,0.2854863417432853,17.6245810056289,0.01,0.07828987624584226,0.1744876528792046,4.9742884584462015,0.01,0.07329170089429479,0.16211545636016408,4.673182805712925,0.01,0.1437988732511299,0.41933068135168283,52.75680158393243,0.01,0.14303206665117568,0.33644321240231023,10.321155156539811,0.01,0.08867192367882132,0.14239268129662883,14.546491136488243
0.42,20.0,19.77660698918264,0.22339301081736165,-0.008270570131116895,2.1395059816440005,0.05467070807220152,0.1169683069411881,0.1169683069411881,0.1169683069411881,0.0,0.0,0,0.01,0.01,0.1444085779565674,0.28548351765983315,17.635736842529994,0.01,0.07828666379186185,0.17448482879575244,4.9857040037726446,0.01,0.07328855374471828,0.16211263227671194,4.6838792851460855,0.01,0.14380162965368443,0.4193331267038548,52.745958948932596,0.01,0.14303533000075766,0.33644565775448215,10.309815714689814,0.01,0.08867386631952665,0.14239428086499814,14.51622158538736
0.43,20.0,19.773933999006186,0.22606600099381466,-0.0011066718868829755,2.165233223830595,0.05466749725711123,0.11836788132476517,0.11836788132476517,0.11836788132476517,0.0,0.0,0,0.01,0.01,0.14440705992452813,0.28548239262822567,17.649601926462463,0.01,0.0782850767096284,0.174483703764145,4.99784888689095,0.01,0.0732870292627116,0.16211150724510448,4.695253051250315,0.01,0.14380307822492314,0.41933410074410626,52.7294212492496,0.01,0.1430372706024488,0.33644663179473366,10.296426095818461,0.01,0.08867489093914058,0.14239491810479127,14.482077582910108
0.44,20.0,19.775338598717937,0.22466140128206397,0.005954937935826103,2.1517137261629777,0.05466918447615876,0.11763243463548678,0.11763243463548678,0.11763243463548678,0.0,-0.0,0,0.01,0.01,0.14440707135611475,0.28548298380793413,17.668649739414334,0.01,0.07828506182736668,0.17448429494385342,5.012453490469417,0.01,0.07328706500489697,0.16211209842481292,4.709384694924185,0.01,0.143803110496266,0.4193335889153188,52.71046431872415,0.01,0.14303782295720546,0.33644611996594614,10.281695756054017,0.01,0.08867492153568832,0.14239458324775833,14.449900013526157
0.45,20.0,19.780660941955368,0.219339058044633,0.012562937365125778,2.1004928921528574,0.05467557765232203,0.11484566223305404,0.11484566223305405,0.11484566223305404,0.0,-0.0,0,0.01,0.01,0.14440840044657627,0.2854852239318107,17.697779220604808,0.01,0.0782863830697466,0.17448653506773,5.0337498127181615,0.01,0.07328846318102104,0.16211433854868948,4.7297706369759975,0.01,0.14380161808914896,0.41933164930584244,52.69488762811675,0.01,0.14303662063715794,0.33644418035646984,10.271497395302813,0.01,0.0886738768290244,0.14239331441990433,14.430182757227966
0.46,20.0,19.78954997854083,0.21045002145916847,0.018403908837762436,2.0149738511427753,0.05468625486041034,0.11019137356065634,0.11019137356065632,0.11019137356065634,0.0,-0.0,0,0.01,0.01,0.14441116979331925,0.28548896528335477,17.72803572538399,0.01,0.0782891747585705,0.17449027641927403,5.054862844691376,0.01,0.07329134127984563,0.16211807990023352,4.7495598772843035,0.01,0.14379890247228552,0.41932840927539305,52.676626428352264,0.01,0.14303400319401494,0.33644094032602045,10.26289016839323,0.01,0.08867197199541502,0.14239119537734432,14.411349066728597
0.47000000000000003,20.0,19.801490689356534,0.19850931064346697,0.023218596683296067,1.900148032782815,0.05470059711377329,0.10393923199778166,0.10393923199778166,0.10393923199778166,0.0,-0.0,0,0.01,0.01,0.14441526307106825,0.285493991148474,17.756186081064605,0.01,0.07829332872106581,0.17449530228439333,5.073237038844002,0.01,0.07329556980791009,0.16212310576535283,4.76661979209809,0.01,0.1437951315237997,0.419324055699006,52.65634424123001,0.01,0.14303024731081132,0.3364365867496334,10.254631016228654,0.01,0.08866932599675019,0.14238834899381286,14.393741011993939
0.48,20.0,19.81583718796146,0.18416281203854,0.026807873459238272,1.7622669983354537,0.05471782822080852,0.09642742289411921,0.09642742289411921,0.09642742289411921,0.0,-0.0,0,0.01,0.01,0.1444204579722764,0.28550002973307786,17.78073232634983,0.01,0.07829862084439283,0.17450134086899713,5.08785472665403,0.01,0.07330091679138102,0.16212914434995662,4.780104910984447,0.01,0.1437905111308316,0.4193188231259618,52.63504027932198,0.01,0.14302556850673107,0.3364313541765892,10.24698224699361,0.01,0.088666084014983,0.14238492934336797,14.37813729277689
0.49,20.0,19.8318478584877,0.16815214151229946,0.029036013552251428,1.6084945024748158,0.054737057089475745,0.08804425541007188,0.08804425541007188,0.08804425541007188,0.0,-0.0,0,0.01,0.01,0.144426478364479,0.28550676893756183,17.80065318562125,0.01,0.0783047691564161,0.17450808007348115,5.098159672514182,0.01,0.07330709751159158,0.16213588355444064,4.789529600617598,0.01,0.14378528154909323,0.41931298120117877,52.61373780186382,0.01,0.14302021243913743,0.33642551225180617,10.240274198016788,0.01,0.08866241529363683,0.14238111329713218,14.36520438006664
0.5,20.0,19.848722702473736,0.15127729752626184,0.029834471378402075,1.4465390910558675,0.05475732266782627,0.07920860776057026,0.07920860776057026,0.07920860776057026,0.0,-0.0,0,0.01,0.01,0.14443301575758352,0.28551387206385415,17.815203307868646,0.01,0.07831145764392358,0.1745151831997734,5.103848378081213,0.01,0.07331379529441089,0.1621429866807329,4.794623869502842,0.01,0.14377970534425083,0.41930682124078317,52.59343650063326,0.01,0.14301444957250453,0.3364193522914105,10.234793552311784,0.01,0.08865850453099437,0.14237709159822126,14.355469352208262
0.51,20.00002211125926,19.865642256351467,0.1343798549077918,0.029203376726092873,1.2844862711544747,0.05477764073847005,0.07036112749479684,0.07036112749479684,0.07036112749479684,0.0,-0.0,0,0.01,0.01,0.14443974608106983,0.2855209941886664,17.8238912953304,0.01,0.07831835400436819,0.17452230532458568,5.104826687372887,0.01,0.0733206784005279,0.16215010880554517,4.795308021607721,0.01,0.14377405462595658,0.41930064215861595,52.57506716313561,0.01,0.14300856244357174,0.3364131732092433,10.230765123153317,0.01,0.08865454281601805,0.14237305957121388,14.349300797763549
0.52,20.00017600474074,19.881806979789335,0.11836902495140385,0.027211641095988746,1.1310440093819747,0.05479705123692358,0.06197787653331954,0.061977876533319536,0.06197787653331954,0.0,-0.0,0,0.01,0.01,0.14444634576597912,0.2855277987412867,17.82648733054901,0.01,0.07832512628804249,0.17452910987720596,5.101197991261108,0.01,0.07332741638559569,0.16215691335816546,4.79168578140569,0.01,0.14376859799703048,0.41929473612367624,52.55944709984138,0.01,0.14300283211649958,0.3364072671743036,10.2283411111464,0.01,0.08865071843113854,0.14236920773077671,14.346892419192951
0.53,20.000591036,19.896477180517394,0.10411385548260677,0.0239986959882726,0.994512802169773,0.054814666170788104,0.05451388725351114,0.05451388725351114,0.05451388725351114,0.0,-0.0,0,0.01,0.01,0.144452507630226,0.2855339743136531,17.823044462328188,0.01,0.07833145919036032,0.17453528544957242,5.093264924371376,0.01,0.07333369626749497,0.16216308893053188,4.784047745956445,0.01,0.1437635872936784,0.4192893739204341,52.54723265586103,0.01,0.14299752439947044,0.3364019049710615,10.227589503214551,0.01,0.08864720758245412,0.14236571227427042,14.348242585455433
0.54,20.001393929481484,19.909011534963167,0.09238239451831654,0.01976787596316994,0.8822097276542833,0.054829715815132206,0.04837130865662953,0.04837130865662953,0.04837130865662953,0.0,-0.0,0,0.01,0.01,0.14445795643553302,0.2855392508847764,17.813910847712233,0.01,0.07833706993421669,0.17454056202069568,5.081526293268397,0.01,0.07333923832790787,0.1621683655016552,4.7728688040264435,0.01,0.14375924447673386,0.41928479073462543,52.538881314843906,0.01,0.14299287611885472,0.3363973217852528,10.228487454682075,0.01,0.08864416530008257,0.14236272591917926,14.353148885586403
0.55,20.002708796296297,19.918900479927128,0.08380831636917134,0.014775170118536044,0.8001579249664423,0.05484158872474248,0.04388193183585298,0.04388193183585298,0.04388193183585298,0.0,-0.0,0,0.01,0.01,0.1444624628774116,0.28554341388950044,17.799722752754466,0.01,0.0783417225255895,0.17454472502541973,5.06666162971034,0.01,0.07334381025944857,0.16217252850637923,4.7587934705562285,0.01,0.1437557499691622,0.4192811737566614,52.534626644697624,0.01,0.14298908270803282,0.3363937048072888,10.230921489176726,0.01,0.08864171739556437,0.14236036996927232,14.36121740001555
0.56,20.004657152,19.925792471176347,0.07886468082365167,0.009315600924910575,0.752845092530477,0.054849863174930624,0.04129345031721465,0.04129345031721465,0.04129345031721465,0.0,-0.0,0,0.01,0.01,0.14446585503175896,0.28554631528527774,17.781383362149924,0.01,0.07834523940391569,0.17454762642119703,5.049507496463632,0.01,0.07334723868310208,0.16217542990215653,4.742613472308524,0.01,0.14375323323555014,0.41927865237734735,52.53446525678696,0.01,0.1429862880128437,0.3363911834279747,10.234692762221258,0.01,0.08863995400619232,0.14235872808208885,14.371881730151202
0.5700000000000001,20.007357934370372,19.929511952339833,0.07784598203053596,0.0037079374058411104,0.7430600623795021,0.054854328660740845,0.0407600608764358,0.0407600608764358,0.0407600608764358,0.0,-0.0,0,0.01,0.01,0.1444680267350596,0.2855478811274108,17.76002910953114,0.01,0.07834750997021432,0.17454919226333007,5.031026914089652,0.01,0.07334941753056748,0.16217699574428956,4.7252387181107425,0.01,0.14375176605913464,0.41927729144193704,52.538156085732645,0.01,0.14298457683368937,0.33638982249256444,10.239526673586722,0.01,0.08863892501470805,0.14235784200828772,14.384430344067455
0.58,20.010927521185184,19.930068305901326,0.08085921528385648,-0.0017214547754541545,0.7718127562883079,0.05485499659538067,0.0423377861184665,0.0423377861184665,0.0423377861184665,0.0,0.0,0,0.01,0.01,0.14446894261644116,0.28554811534409774,17.736983187866283,0.01,0.07834849572669701,0.17454942648001703,5.012271447547921,0.01,0.07335031302505457,0.1621772299609765,4.70766113349151,0.01,0.14375135644877177,0.41927708786392237,52.54531429442891,0.01,0.14298397053918246,0.33638961891454977,10.245086416554289,0.01,0.08863863604618993,0.14235770947226095,14.398171340897045
0.59,20.015479748,19.92765664729532,0.08782310070468102,-0.00665255736954671,0.8383282855182749,0.05485210125027407,0.04598406799821708,0.04598406799821708,0.04598406799821708,0.0,0.0,0,0.01,0.01,0.14446847607088514,0.28554710007257583,17.719202266839417,0.01,0.0783480704357849,0.17454841120849512,4.998338696644548,0.01,0.07334979381758637,0.16217621468945462,4.695423526468715,0.01,0.1437518116294919,0.41927797030364267,52.56016118814587,0.01,0.14298426960192911,0.33639050135427007,10.253143371012882,0.01,0.08863895128332588,0.1423582839865541,14.420959412286765
0.6,20.021125925925926,19.922639331077033,0.09848659484889391,-0.0108229009220913,0.9402214845048065,0.054846077573824,0.05156746047572658,0.05156746047572658,0.05156746047572658,0.0,0.0,0,0.01,0.01,0.14446676069489847,0.28554498787031946,17.707217497703628,0.01,0.07834633446384892,0.17454629900623872,4.990406741072137,0.01,0.07334802234463435,0.1621741024871982,4.688134186268136,0.01,0.14375313227485706,0.4192798059859079,52.57806291673299,0.01,0.1429853821890913,0.33639233703653526,10.263135025586823,0.01,0.0886398708978726,0.14235947925162187,14.445204649842877
0.61,20.027974859407408,19.91552403433405,0.11245082507335652,-0.013979516859868448,1.073700967796076,0.054837534927704976,0.05887911432342796,0.058879114323427954,0.05887911432342796,0.0,0.0,0,0.01,0.01,0.14446414257947712,0.28554199248147266,17.696449020171446,0.01,0.07834366531133487,0.17454330361739198,4.984283921201377,0.01,0.07334533338823818,0.16217110709835147,4.682441515883883,0.01,0.14375522247267844,0.4192824088322167,52.59588665175926,0.01,0.14298730332008883,0.336394939882844,10.272560039259236,0.01,0.08864132950580604,0.1423611743637079,14.466021590147259
0.62,20.036132864,19.906954296547696,0.1291785674523042,-0.0159061231999842,1.2336519694506138,0.05482724579257962,0.06763773975156873,0.06763773975156873,0.06763773975156873,0.0,0.0,0,0.01,0.01,0.14446086987356502,0.2855383848451177,17.687489199408112,0.01,0.07834031946019172,0.17453969598103697,4.980150194794799,0.01,0.07334197955525067,0.16216749946199646,4.678612329147055,0.01,0.14375788956181432,0.41928554306926336,52.612132790481574,0.01,0.14298987871567093,0.33639807411989076,10.280289991426882,0.01,0.08864319305213682,0.1423632160513107,14.481710546624122
0.63,20.04570378414815,19.897681748264063,0.14802203588408677,-0.01644137651702425,1.4138937117220716,0.054816112489868854,0.07750415675047528,0.07750415675047528,0.07750415675047528,0.0,0.0,0,0.01,0.01,0.14445723140540814,0.28553448139478543,17.68106273891552,0.01,0.07833659258791453,0.1745357925307047,4.978312121931209,0.01,0.0733382566675147,0.1621635960116642,4.676937854522472,0.01,0.14376089634344974,0.4192889335371616,52.625479473450085,0.01,0.14299288326511642,0.33640146458778897,10.285630013850067,0.01,0.08864529599274926,0.1423654252738584,14.491074546447178
0.64,20.056789010962962,19.888532861158218,0.16825614980474432,-0.015485009852081627,1.6074903635810949,0.05480512730937044,0.08809871402464808,0.08809871402464808,0.08809871402464808,0.0,0.0,0,0.01,0.01,0.14445354933269877,0.2855306300539192,17.677812758531232,0.01,0.0783328146841576,0.17453194118983853,4.978986957135638,0.01,0.07333449447870564,0.16215974467079802,4.677621152336102,0.01,0.14376397609651229,0.41929227796346535,52.63468787734155,0.01,0.14299605105047028,0.33640480901409275,10.288074760238393,0.01,0.08864745189230089,0.1423676051300509,14.493185636810626
0.65,20.0694875,19.880372922623565,0.1891145773764371,-0.01300140491673773,1.8070912698793113,0.0547953292744895,0.09902016116209222,0.09902016116209222,0.09902016116209222,0.0,0.0,0,0.01,0.01,0.14445016516365722,0.285527195067275,17.678271113351126,0.01,0.07832933583671077,0.1745285062031943,4.982289235751267,0.01,0.07333104228255419,0.1621563096841538,4.680768947886576,0.01,0.1437668449515516,0.41929526018239605,52.63863239676738,0.01,0.14299909277261424,0.3364077912330234,10.287251186293393,0.01,0.08864946205669481,0.14236954943559854,14.487382409047353
0.66,20.08389578903704,19.87406878718662,0.20982700185041753,-0.009020273666267441,2.005286627117652,0.054787759400888245,0.1098651612563406,0.10986516125634062,0.1098651612563406,0.0,0.0,0,0.01,0.01,0.144447424999562,0.285524541322975,17.68283803701179,0.01,0.07832651108214643,0.17452585245889432,4.9882280139480155,0.01,0.07332825380130482,0.1621536559398538,4.686389219756522,0.01,0.14376921436252568,0.41929756371295157,52.636340044483234,0.01,0.14300171006287354,0.33641009476357897,10.282909120620097,0.01,0.08865112426939642,0.14237105160271235,14.47328425512821
0.67,20.100108015851852,19.87045210123977,0.2296559146120837,-0.0036343333807110287,2.194962698850342,0.05478341648483444,0.1202475556997945,0.1202475556997945,0.1202475556997945,0.0,0.0,0,0.01,0.01,0.14444566481051058,0.2855230188795601,17.691767271088267,0.01,0.07832468527983444,0.1745243300154794,4.996708231620788,0.01,0.07332647212499352,0.1621521334964389,4.694392478332796,0.01,0.14377080340025855,0.41929888507394664,52.627026909253736,0.01,0.14300360876473991,0.33641141612457404,10.2749221658496,0.01,0.08865224146587115,0.1423719134173428,14.450801128523226
0.68,20.118215936,19.870284692903404,0.24793124309659742,0.0030057143308999273,2.3696399385993328,0.054783215459592416,0.1298164953179426,0.1298164953179426,0.1298164953179426,0.0,-0.0,0,0.01,0.01,0.14444518529187828,0.2855229484092425,17.705530630186086,0.01,0.07832416929473063,0.17452425954516185,5.007768869914358,0.01,0.07332600238880944,0.16215206302612134,4.7049384928162015,0.01,0.14377134856648263,0.41929894623370084,52.6101905994557,0.01,0.1430045113013573,0.3364114772843282,10.26328893904656,0.01,0.08865262892693006,0.14237195330918498,14.420227819221962
0.6900000000000001,20.138308940592594,19.874224701835587,0.26408423875700754,0.010685647082704926,2.523806650797103,0.054787946621943626,0.13827418406797798,0.13827418406797798,0.13827418406797798,0.0,-0.0,0,0.01,0.01,0.14444598260053348,0.2855246069554062,17.73338938927594,0.01,0.07832495218688493,0.17452591809132553,5.028366171931851,0.01,0.07332684822011148,0.16215372157228503,4.725008389663735,0.01,0.14377038104026482,0.4192975067464472,52.59377759771092,0.01,0.14300394697079008,0.33641003779707457,10.251196722466632,0.01,0.08865195673581189,0.14237101445038283,14.396790974938169
0.7000000000000001,20.160474074074074,19.88279350696785,0.27768056710622413,0.019148084721758604,2.653246090436463,0.05479823581699609,0.14539320494426022,0.14539320494426022,0.14539320494426022,0.0,-0.0,0,0.01,0.01,0.14444840804085482,0.28552821402590367,17.770811654742097,0.01,0.07832738335221026,0.17452952516182293,5.055172449491724,0.01,0.07332937935079327,0.16215732864278243,4.750505519320597,0.01,0.1437678588613502,0.41929437559764193,52.57260622903982,0.01,0.14300160059679992,0.3364069066482693,10.240360318765589,0.01,0.08865019399560616,0.14236897266404286,14.37228489149932
0.71,20.184796052,19.896360173728972,0.28843587827102823,0.028119737568084103,2.7551943727545654,0.054814525680937774,0.15102467270133035,0.15102467270133035,0.15102467270133035,0.0,-0.0,0,0.01,0.01,0.14445273779610018,0.28553392505791186,17.81366854766791,0.01,0.07833175950886342,0.17453523619383116,5.084606599227281,0.01,0.07333386810505989,0.16216303967479065,4.778246974924233,0.01,0.14376369055909458,0.4192894166967083,52.54513092618277,0.01,0.14299753898865042,0.3364019477473356,10.227978325010024,0.01,0.08864727936919327,0.142365740152406,14.344391177631406
0.72,20.211357278814816,19.915136680363148,0.29622059845167054,0.03732483727958009,2.8283922361824922,0.05483706986327716,0.15510074265629004,0.15510074265629004,0.15510074265629004,0.0,-0.0,0,0.01,0.01,0.14445910917226953,0.2855418294145678,17.860309501711523,0.01,0.07833822820690858,0.1745431405504871,5.115176335393601,0.01,0.0733404498226645,0.1621709440314466,4.806958076284905,0.01,0.14375779299365832,0.41928255051591956,52.51148533190631,0.01,0.14299168492996048,0.3363950815665469,10.21402212280644,0.01,0.08864315593832858,0.14236126664660892,14.313701519272836
0.73,20.24023786562963,19.9391785418199,0.30105932380973294,0.046492591518180984,2.873081390990933,0.054865933775325275,0.15763429332922796,0.15763429332922796,0.15763429332922796,0.0,-0.0,0,0.01,0.01,0.14446758255121886,0.2855519506466807,17.90949295701905,0.01,0.07834685471225002,0.17455326178260003,5.145832567171183,0.01,0.07334918302975754,0.16218106526355952,4.835699224438347,0.01,0.1437501343141329,0.41927375386233046,52.471979765565614,0.01,0.142983997633416,0.33638628491295786,10.198737741545356,0.01,0.08863780329340008,0.14235553925796124,14.280882471890624
0.74,20.271515648,19.968390536760545,0.3031251112394581,0.05536752339148819,2.8909479375869287,0.05490100151390427,0.1587159370980784,0.1587159370980784,0.1587159370980784,0.0,-0.0,0,0.01,0.01,0.14447815304764122,0.28556424889528975,17.960073604801508,0.01,0.07835763595049203,0.17456556003120904,5.175683128255612,0.01,0.0733600598990339,0.16219336351216854,4.863652773355405,0.01,0.1437407328885859,0.4192630578961771,52.42706885546153,0.01,0.14297448783172337,0.3363755889468045,10.18240969462793,0.01,0.08863123676693113,0.1423485811002272,14.24662113251504
0.75,20.305266203703702,20.002538523582942,0.3027276801207621,0.06372007410588769,2.8850036601911007,0.054941990139605254,0.15850784265094453,0.15850784265094453,0.15850784265094453,0.0,-0.0,0,0.01,0.01,0.14449075579038942,0.28557862585098864,18.010988368698687,0.01,0.07837050655088244,0.1745799369869079,5.203964058842316,0.01,0.0733730114049535,0.1622077404678674,4.890115155798422,0.01,0.1437296539390714,0.4192505440246143,52.377325008806984,0.01,0.1429632157297148,0.33636307507524166,10.165332331236417,0.01,0.08862350494254101,0.14234044844927712,14.21159412530851
0.76,20.34156287051852,20.041267012970987,0.300295857547533,0.07135604203191258,2.859409268124423,0.05498847089918841,0.15723454332912945,0.15723454332912945,0.15723454332912945,0.0,-0.0,0,0.01,0.01,0.1445052722988628,0.28559493213202025,18.061286054784414,0.01,0.07838534561175901,0.17459624326793957,5.230051844530051,0.01,0.07338791394747315,0.16222404674889906,4.914512550386579,0.01,0.14371700427677472,0.41923633776583413,52.32340738234346,0.01,0.142950285897151,0.33634886881646153,10.147795513702384,0.01,0.08861468577247485,0.142331226522449,14.176437903647463
0.77,20.380476764,20.084121655771355,0.2963551082286454,0.07812430483368327,2.8192489822104307,0.05503989636600248,0.15517117181082007,0.15517117181082007,0.15517117181082007,0.0,-0.0,0,0.01,0.01,0.14452153891182898,0.28561297672972397,18.11015679414061,0.01,0.07840198549118368,0.17461428786564326,5.253475544774492,0.01,0.073404598131139,0.16224209134660275,4.936412749118907,0.01,0.1437029253686265,0.41922060085312673,52.266027780322375,0.01,0.14293584030048295,0.3363331319037541,10.130071808776348,0.01,0.08860488149211286,0.1423210240825055,14.141721801777026
0.78,20.422076795259258,20.130575567476665,0.2915012277825936,0.08392250147630236,2.77026834796816,0.05509563218462656,0.1526296859523668,0.1526296859523668,0.1526296859523668,0.0,-0.0,0,0.01,0.01,0.1445393570156796,0.285632538070199,18.156954686734544,0.01,0.07842022242510976,0.17463384920611832,5.273922517100206,0.01,0.07342285935703996,0.16226165268707782,4.95553045826882,0.01,0.14368758504930973,0.41920352192963817,52.205914844481356,0.01,0.14292004985896029,0.33631605298026557,10.112404712573632,0.01,0.08859421258258911,0.14230996712831337,14.107924747301846
0.79,20.466429688740742,20.180058257616494,0.28637143112424696,0.08870045450487224,2.7185885715247364,0.05515499192247816,0.14994373070298828,0.14994373070298828,0.14994373070298828,0.0,-0.0,0,0.01,0.01,0.14455850456337418,0.2856533761764455,18.20121351808668,0.01,0.07843982844812056,0.17465468731236475,5.2912380805360755,0.01,0.07344246968313317,0.16228249079332424,4.971727012818313,0.01,0.14367116824689838,0.41918530624126477,52.143777958747755,0.01,0.1429031049084362,0.3362978372918921,10.094998225588173,0.01,0.08858281107128654,0.1422981919707262,14.075416316335385
0.8,20.5136,20.231985832800703,0.28161416719929794,0.09246120376107425,2.6704113408522554,0.0552172734143751,0.147452833136687,0.147452833136687,0.147452833136687,0.0,-0.0,0,0.01,0.01,0.14457874830820916,0.28567524537271743,18.242656300888818,0.01,0.07846056401581683,0.17467655650863673,5.305420414685659,0.01,0.07346319035937952,0.16230435998959625,4.985005773004631,0.01,0.14365386713050823,0.4191661647782962,52.08027236550208,0.01,0.14288520499574056,0.33627869582892356,10.07800813385018,0.01,0.08857081348408516,0.14228583801505876,14.044442692362201
0.81,20.56365013348148,20.285791096173877,0.27785903730760386,0.09525962058382322,2.6317280741792546,0.055281794935654854,0.14548665172318342,0.14548665172318342,0.14548665172318342,0.0,-0.0,0,0.01,0.01,0.14459985616383972,0.28569790695257075,18.281199192840752,0.01,0.07848219072098911,0.17469921808849004,5.3166117585323045,0.01,0.07348478444008778,0.16232702156944953,4.9955041316469435,0.01,0.1436358711148345,0.419146303344754,52.01596702005657,0.01,0.14286654845535385,0.3362588343953814,10.061535338330943,0.01,0.08855835377403104,0.14227304058114335,14.015117984655761
0.8200000000000001,20.616640360296298,20.340952178199657,0.2756881820966405,0.0971986768995217,2.608046872573654,0.055347929560129176,0.1443499945927218,0.1443499945927218,0.1443499945927218,0.0,-0.0,0,0.01,0.01,0.1446216091192018,0.2857211412361898,18.316949942825666,0.01,0.07850448352059819,0.1747224523721091,5.325086521213058,0.01,0.0735070288983526,0.1623502558530686,5.003482628888872,0.01,0.14361735716660282,0.41912591204424954,51.951316668408936,0.01,0.14284732223236918,0.3362384430948769,10.045621540098077,0.01,0.0885455565480535,0.1422599240873773,13.987421239493914
0.8300000000000001,20.672628836,20.397018407102465,0.2756104288975347,0.09842355187682351,2.604149211376574,0.05541513615365693,0.14430928311287117,0.14430928311287117,0.14430928311287117,0.0,-0.0,0,0.01,0.01,0.1446438121782231,0.2857447584725263,18.350200664270595,0.01,0.07852724193830654,0.17474606960844555,5.33123650434892,0.01,0.07352972571205636,0.16237387308940504,5.009311301534287,0.01,0.14359848084896668,0.4191051556592079,51.8866395042983,0.01,0.14282769240839754,0.3362176867098353,10.030247527546928,0.01,0.08853253089617331,0.14224659590593958,13.961199320836313
0.84,20.73167161837037,20.453632261862566,0.278039356507807,0.09911386364385288,2.6238866745390332,0.05548298562139786,0.14558106663562664,0.14558106663562664,0.14558106663562664,0.0,-0.0,0,0.01,0.01,0.1446663038563554,0.2857686080976596,18.381414532082974,0.01,0.07855029977415807,0.17476991923357887,5.335553158253389,0.01,0.07355271145512426,0.16239772271453834,5.013453156635828,0.01,0.14357936850985714,0.4190841653642968,51.82210153825566,0.01,0.14280779585820985,0.3361966964149242,10.015334220426809,0.01,0.08851936509663338,0.14223314116276278,13.936175639786393
0.85,20.793822685185184,20.51054644243869,0.28327624274649216,0.09947440793039383,2.670025920067197,0.0555511812613478,0.1483230938581498,0.1483230938581498,0.1483230938581498,0.0,-0.0,0,0.01,0.01,0.14468896384575164,0.28579258594104373,18.4112060039277,0.01,0.07857353293583645,0.174793897076963,5.338606694890322,0.01,0.07357586500878917,0.1624217005579225,5.016444588213197,0.01,0.14356011096883256,0.41906303215451957,51.757708497579806,0.01,0.14278773341402887,0.33617556320514697,10.000746504082915,0.01,0.08850612242664675,0.1422196187090165,13.911964470698418
0.86,20.859133952,20.567635332920748,0.2914986190792524,0.09972486250551592,2.7441476721047335,0.055619572368504164,0.15262832003849147,0.15262832003849147,0.15262832003849147,0.0,-0.0,0,0.01,0.01,0.14471171855446163,0.28581663907259813,18.4403143946908,0.01,0.07859686510102348,0.17481795020851743,5.341021970619072,0.01,0.0735991131019175,0.16244575368947692,5.018872662054748,0.01,0.14354075898549132,0.41904180228552845,51.69330568653685,0.01,0.14276756484276848,0.33615433333615585,9.986299742016602,0.01,0.08849283825385197,0.14220605843284462,13.888090318363004
0.87,20.927655289925926,20.624900411886692,0.30275487803923606,0.1000889698327253,2.8466029732109046,0.055688160568787344,0.1585220834477563,0.1585220834477563,0.1585220834477563,0.0,-0.0,0,0.01,0.01,0.14473454432779045,0.2858407681009925,18.469571070272966,0.01,0.07862027102333768,0.17484207923691178,5.343451319904932,0.01,0.07362243349255601,0.16246988271787127,5.021349465182584,0.01,0.14352132070424084,0.4190204749223191,51.628585795978495,0.01,0.1427473058522925,0.33613300597294643,9.971768696351536,0.01,0.08847951852064265,0.14219246001367883,13.864011510829176
0.88,20.999434543407407,20.682469465536748,0.3169650778706579,0.10078373578691696,2.976527302966382,0.05575709872209103,0.16596252668049594,0.16596252668049594,0.16596252668049594,0.0,-0.0,0,0.01,0.01,0.14475746826711022,0.28586502686065185,18.499861124232186,0.01,0.07864377740043353,0.17486633799657114,5.346544931545579,0.01,0.0736458557099601,0.16249414147753063,5.024484118764603,0.01,0.14350176117009628,0.41899900207859675,51.563104194366126,0.01,0.14272692724076141,0.33611153312922415,9.956898428480795,0.01,0.08846613966543264,0.14217879315010687,13.839146914087976
0.89,21.074517548,20.74058976625629,0.3339277817437119,0.10200917687107974,3.1319105760393677,0.0558266825997224,0.17484417765926352,0.17484417765926352,0.17484417765926352,0.0,-0.0,0,0.01,0.01,0.14478056666817513,0.2858895195547446,18.53208107869651,0.01,0.07866746132755216,0.1748908306906639,5.350919851259657,0.01,0.0736694593827497,0.1625186341716234,5.028853527130346,0.01,0.14348200390439814,0.41897729081019885,51.49630079719291,0.01,0.14270635619448405,0.3360898218608262,9.941416613201875,0.01,0.08845264995515745,0.14216499921989412,13.812904429666812
0.9,21.15294814814815,20.7996156742927,0.35333247385544947,0.10393911182786376,3.3097185713153063,0.05589733589231098,0.1850044506898313,0.1850044506898313,0.1850044506898313,0.0,-0.0,0,0.01,0.01,0.14480396120311614,0.28591439554610854,18.567094803879133,0.01,0.07869144645932795,0.1749157066820278,5.357129185880294,0.01,0.07369337028042691,0.1625435101629873,5.03497340003608,0.01,0.143461934424776,0.41895520751011817,51.42752723705784,0.01,0.142685479631291,0.33606773856074557,9.925046595596154,0.01,0.08843897213561616,0.14215099426138716,13.784709774938193
0.91,21.234768214962966,20.859991385962818,0.37477682900014425,0.10671342815663351,3.5060591085374964,0.05596958941999819,0.19623268878708855,0.19623268878708855,0.19623268878708855,0.0,-0.0,0,0.01,0.01,0.14482781306430578,0.28593984210036666,18.60569036039967,0.01,0.07871589709418643,0.17494115323628595,5.365633476863081,0.01,0.0737177542891168,0.16256895671724544,5.043271445372864,0.01,0.14344140549723083,0.4189325840478558,51.35607777698012,0.01,0.1426641493852854,0.3360451150984832,9.907520464849842,0.01,0.08842500724429424,0.14213667310311112,13.754033987432981
0.92,21.320017664,20.922229773024807,0.39778789097519496,0.11043216464713611,3.7163843718384295,0.05604405567968973,0.20828125266244168,0.20828125266244168,0.20828125266244168,0.0,-0.0,0,0.01,0.01,0.14485231537149498,0.2859660754789309,18.64854072299299,0.01,0.07874101047742245,0.17496738661485017,5.376776405957995,0.01,0.07374280962578648,0.16259519009580967,5.054064791670648,0.01,0.14342024382605295,0.4189092254088934,51.28122224666303,0.01,0.14264218894130284,0.3360217564595208,9.888591421250117,0.01,0.08841063937742079,0.14212191441636576,13.72041815373328
0.93,21.408734473037036,20.986888422738293,0.4218460502987411,0.11515164457978987,3.9357192655415094,0.056121400060532255,0.22087807542739923,0.22087807542739923,0.22087807542739923,0.0,-0.0,0,0.01,0.01,0.14487768421393155,0.2859933308491821,18.696171259921883,0.01,0.07876700768979229,0.17499464198510137,5.3907669149472355,0.01,0.07376875766662203,0.16262244546606086,5.067543591988978,0.01,0.14339825782429372,0.4188849184261466,51.20223924624338,0.01,0.1426194013586935,0.33599744947677396,9.868044773008195,0.01,0.08839574116197187,0.14210658642676327,13.68349404284088
0.9400000000000001,21.500954699851853,21.054544089299412,0.4464106105524415,0.12088277905779964,4.158904649147088,0.05620231017974482,0.23374004909934742,0.23374004909934742,0.23374004909934742,0.0,-0.0,0,0.01,0.01,0.1449041487546663,0.28602185152176024,18.748936388852243,0.01,0.07879412354685734,0.17502316265767953,5.407669427830196,0.01,0.07379583282292829,0.16265096613863902,5.083762354792332,0.01,0.14337524606675184,0.4188594411571426,51.11844794679639,0.01,0.142595577977588,0.33597197220777,9.845707011062927,0.01,0.0883801796560944,0.14209055299667486,13.642999607678304
0.9500000000000001,21.596712500000002,21.125766802300713,0.4709456976992882,0.12759154474322543,4.380843788556251,0.05628746483332126,0.24658659068863387,0.24658659068863387,0.24658659068863387,0.0,-0.0,0,0.01,0.01,0.14493194086291875,0.2860518780395894,18.807007042979034,0.01,0.07882259597831984,0.17505318917550872,5.427403180511641,0.01,0.07382427193957869,0.1626809926564682,5.1026398736863925,0.01,0.1433510060099768,0.4188325724487826,51.02923700320464,0.01,0.14257050747811864,0.33594510349941,9.821452559006515,0.01,0.08836382238899812,0.14207367978212382,13.598788677485143
0.96,21.696040144592594,21.201094848981548,0.4949452956110474,0.135201533053618,4.596740406731131,0.056377504022328113,0.2591527507700825,0.2591527507700825,0.2591527507700825,0.0,-0.0,0,0.01,0.01,0.14496128475992953,0.2860836376310568,18.870369565367813,0.01,0.07885265538310601,0.17508494876697608,5.449750778246293,0.01,0.07385430371370857,0.16271275224793558,5.12396777876996,0.01,0.1433253425687461,0.41880410124405143,50.93408935223031,0.01,0.14254398486364622,0.33591663229467883,9.795207963373864,0.01,0.08834654325372798,0.1420558401743218,13.550834558243752
0.97,21.798968038074072,21.281011760763622,0.51795627731045,0.14359837490016594,4.802317316745324,0.05647300141278585,0.2712012726132046,0.2712012726132046,0.2712012726132046,0.0,-0.0,0,0.01,0.01,0.14499238716190277,0.2861173345034455,18.93883556083647,0.01,0.0788845144612109,0.1751186456393648,5.474375155764889,0.01,0.07388613863177161,0.1627464491203243,5.147426847131201,0.01,0.14329807616329424,0.4187738352183752,50.83260196492256,0.01,0.14251581996069007,0.3358863662690026,9.766953457481094,0.01,0.08832822798243063,0.14203692075640037,13.499227646092333
0.98,21.905524736,21.365926300289352,0.5395984357106477,0.1526357702060557,4.994005740479472,0.05657444042619916,0.2825330802528525,0.2825330802528525,0.2825330802528525,0.0,-0.0,0,0.01,0.01,0.14502542837873517,0.2861531413962882,19.012061247982473,0.01,0.07891835900382518,0.17515445253220752,5.500843273923287,0.01,0.07391995989862674,0.162782256013167,5.172609444180964,0.01,0.14326904989260875,0.41874160838290997,50.72449992608796,0.01,0.14248584506752618,0.33585413943353737,9.736721982963434,0.01,0.08830877896203566,0.14201682603783405,13.444167501971174
0.99,22.015736962814813,21.45615627377136,0.559580689043454,0.16214279611821555,5.169096995679279,0.0566821949513644,0.29299576363160496,0.29299576363160496,0.29299576363160496,0.0,-0.0,0,0.01,0.01,0.1450605547788817,0.28619119274236005,19.089574122248152,0.01,0.07895434007710206,0.17519250387827937,5.528654297044757,0.01,0.0739559157820888,0.16282030735923886,5.199045953141338,0.01,0.14323813554221324,0.4187072873530645,50.60964450159009,0.01,0.14245392143621655,0.33581981840369185,9.704595875532402,0.01,0.08828811918644078,0.1419954822700968,13.385950108365162
1.0,22.12962962962963,21.551916795947466,0.5777128336821659,0.17193213128519674,5.325850187772023,0.056796515429200806,0.3024897323634057,0.3024897323634057,0.3024897323634057,0.0,-0.0,0,0.01,0.01,0.14509787296048282,0.286231579701206,19.17080436063176,0.01,0.07899256796290283,0.1752328908371253,5.557269748895808,0.01,0.07399411372203084,0.16286069431808478,5.226232862565489,0.01,0.14320523819600603,0.41867077604862446,50.48803511283622,0.01,0.14241994433504954,0.33578330709925186,9.670701509879448,0.01,0.08826619518682956,0.14197284019464,13.32495121708245
1.01,22.247225852,21.65331342149577,0.5939124305042295,0.1818088137614297,5.463551768166539,0.05691752080331809,0.3109718214246243,0.3109718214246243,0.3109718214246243,0.0,-0.0,0,0.01,0.01,0.14513744588049907,0.286274347240634,19.25511838734001,0.01,0.07903310812600337,0.17527565837655332,5.586143255707434,0.01,0.07403461645914305,0.1629034618575128,5.253660321506857,0.01,0.14317029928746558,0.4186320186634639,50.35980536240831,0.01,0.1423838465063384,0.3357445497140913,9.635202254114395,0.01,0.0882429788321862,0.14194887662588618,13.261606801331533
1.02,22.368546967703704,21.760340336244372,0.6082066314593331,0.19157914456351743,5.5825252035643445,0.05704519656078648,0.3184562475428726,0.3184562475428726,0.3184562475428726,0.0,-0.0,0,0.01,0.01,0.14517929109259445,0.28631949334915047,19.34185232077343,0.01,0.07907597936833294,0.17532080448506976,5.614747888221875,0.01,0.07407744033151759,0.16294860796602925,5.280837370529091,0.01,0.14313329799322744,0.4185910008155357,50.22521344909554,0.01,0.14234559990532591,0.33570353186616303,9.5982901120851,0.01,0.08821846794505568,0.14192359482539108,13.19639165732918
1.03,22.493612554518517,21.872883581433914,0.6207289730846042,0.20105935559351004,5.6840914209437265,0.05717939881964925,0.32501293028548817,0.32501293028548817,0.32501293028548817,0.0,-0.0,0,0.01,0.01,0.14522338113749214,0.2863669703699555,19.430343525541137,0.01,0.07912115421519567,0.1753682815058748,5.642599695327799,0.01,0.07412255577509794,0.1629960849868343,5.307313602625847,0.01,0.14309425093983466,0.4185477488600864,50.084627481513394,0.01,0.1423052156774148,0.33566027991071373,9.560176440350533,0.01,0.08819268573103517,0.1418970236767005,13.12979717576892
1.04,22.622440448,21.99072907123372,0.6317113767662804,0.21008367833323455,5.770483029747473,0.05731986416062901,0.3307633034063401,0.3307633034063401,0.3307633034063401,0.0,-0.0,0,0.01,0.01,0.14526964602322184,0.28641668835753376,19.519959069807424,0.01,0.07916856146449068,0.17541799949345305,5.6692766467964555,0.01,0.0741698899542442,0.16304580297441254,5.332696580016472,0.01,0.1430532102610849,0.41850232741984894,49.938506353997,0.01,0.14226274240153855,0.33561485847047634,9.521082123399875,0.01,0.08816567907243873,0.14186921572199476,13.06230924213955
1.05,22.75504675925926,22.1135749638002,0.641471795459061,0.21851147802874818,5.84471746109865,0.05746622465820127,0.33587384668320674,0.33587384668320674,0.33587384668320674,0.0,-0.0,0,0.01,0.01,0.14531797763316268,0.28646852027359243,19.6101204219127,0.01,0.07921809072488872,0.1754698314095117,5.694432758292713,0.01,0.0742193313475633,0.1630976348904712,5.35666483094802,0.01,0.14301026010780787,0.4184548352545167,49.78737699182415,0.01,0.14221826269593793,0.33556736630514405,9.481227582535253,0.01,0.08813751578530195,0.1418402441697381,12.994387141305515
1.06,22.89144589274074,22.24104776548597,0.6503981272547723,0.22623315718018278,5.91043599986085,0.05761802734858188,0.34054766308202533,0.34054766308202533,0.34054766308202533,0.0,-0.0,0,0.01,0.01,0.14536823581194408,0.28652230876265466,19.700324131493385,0.01,0.07926959867804831,0.17552361989857396,5.717807585129002,0.01,0.07427073602641455,0.16315142337953348,5.378976613791073,0.01,0.14296551177298564,0.4184053996570034,49.63180890479671,0.01,0.14217188834763,0.33551793070763075,9.440822984299057,0.01,0.088108280982702,0.141810199025665,12.926444249112778
1.07,23.031650564,22.372721392570753,0.6589291714292468,0.2331745822201405,5.971717133309115,0.05777475718699554,0.3450145073663552,0.3450145073663552,0.3450145073663552,0.0,-0.0,0,0.01,0.01,0.14542025580669343,0.28657787418165104,19.790158493483073,0.01,0.07932291672663971,0.1755791853175703,5.739231515717758,0.01,0.07432393529220849,0.1632069887985298,5.399474844588158,0.01,0.14291909765140973,0.4183541696242742,49.47238710481144,0.01,0.14212375418687523,0.3354667006749016,9.400059004545582,0.01,0.08807807272468138,0.1417791825359697,12.858831197141896
1.08,23.175671817481486,22.508138291305755,0.6675335261757284,0.23929984803674784,6.032873638002233,0.05793586240141584,0.34951973697642635,0.34951973697642635,0.34951973697642635,0.0,-0.0,0,0.01,0.01,0.1454738566862032,0.286635023505044,19.87931629332515,0.01,0.07937785963599957,0.1756363346409633,5.758627384076203,0.01,0.07437874428557883,0.1632641381219228,5.418088653349875,0.01,0.1428711643026603,0.41830130810370525,49.30968453570442,0.01,0.14207401098099312,0.33541383915433265,9.359098492621976,0.01,0.08804699716441028,0.1417473041600507,12.791822098800708
1.09,23.323519044296297,22.64683163098453,0.6766874133117674,0.24461226538393954,6.098243339586634,0.05810078105161975,0.3543127010728214,0.3543127010728214,0.3543127010728214,0.0,-0.0,0,0.01,0.01,0.14552885032474824,0.28669355968993054,19.967603712824015,0.01,0.07943423474339585,0.17569487082584984,5.776008890620959,0.01,0.07443497114666948,0.16332267430680933,5.434831999337256,0.01,0.14282186492679488,0.4182469836593107,49.144235221568,0.01,0.14202281766560446,0.335359514709938,9.318069363324085,0.01,0.08801516342033312,0.14171467530926732,12.72560432277499
1.1,23.4752,22.788347541117094,0.6868524588829074,0.24915353412836128,6.171983502880524,0.058268967556365965,0.3596351064877712,0.3596351064877712,0.3596351064877712,0.0,-0.0,0,0.01,0.01,0.1455850505211521,0.28675329106638464,20.05494538738007,0.01,0.0794918512951792,0.1757546022023039,5.791476220436786,0.01,0.07449242629147518,0.1633824056832634,5.449799680783935,0.01,0.14277135159126392,0.41819136193283835,48.97650935146918,0.01,0.1419703332632672,0.33530389298346575,9.277059017965255,0.01,0.08798267841394902,0.14168140409684124,12.660272187980903
1.11,23.63072082237037,22.932266366050357,0.6984544563200145,0.25300114762424336,6.257878362912643,0.058439917961288154,0.36570989814033505,0.36570989814033505,0.36570989814033505,0.0,-0.0,0,0.01,0.01,0.14564228182721786,0.2868140403185851,20.14138550071804,0.01,0.07955052947805863,0.17581535145450441,5.805209125835808,0.01,0.07455093137423896,0.1634431549354639,5.46316096280173,0.01,0.14271976756284233,0.41813459728986047,48.80689147359411,0.01,0.14191670885708632,0.33524712834048787,9.236110555935731,0.01,0.08794964191198551,0.14164759034166352,12.595824829515072
1.12,23.790086049185188,23.07822196000178,0.7118640891834066,0.2562641563751009,6.35916843577251,0.05861319278666828,0.3727311654888299,0.3727311654888299,0.3727311654888299,0.0,-0.0,0,0.01,0.01,0.14570038768208754,0.2868756526427251,20.227084730381996,0.01,0.07961010873539592,0.17587696377864437,5.817457636530423,0.01,0.07461032752962422,0.16350476725960386,5.475150955915196,0.01,0.14266724009781223,0.41807682503828547,48.63566286376324,0.01,0.14186207998821534,0.33518935608891287,9.195220981151746,0.01,0.08791614199994255,0.14161332105517427,12.53216834076852
1.1300000000000001,23.953298636000003,23.225918141505467,0.7273804944945369,0.25907749808184466,6.478409012587076,0.05878843641570795,0.38085553631142466,0.38085553631142466,0.38085553631142466,0.0,-0.0,0,0.01,0.01,0.1457592374890547,0.28693800270795294,20.3123128533811,0.01,0.07967045500122083,0.17593931384387224,5.8285305059845385,0.01,0.07467048252939189,0.16356711732483173,5.48605983349526,0.01,0.14261387402608028,0.41801815458483427,48.46298895945792,0.01,0.1418065598299803,0.33513068563546167,9.154341532379961,0.01,0.08788225119171635,0.1415786666161158,12.46912213381329
1.1400000000000001,24.12035997392593,23.375141565147445,0.745218408778486,0.2615951715488361,6.617363713312426,0.05896539215530127,0.3901954463897278,0.3901954463897278,0.3901954463897278,0.0,-0.0,0,0.01,0.01,0.14581873232671522,0.28700100010516916,20.397436909448903,0.01,0.07973146654145499,0.17600231124108845,5.838781515208238,0.01,0.07473129654457066,0.16363011472204791,5.496219996198574,0.01,0.1425597464301959,0.41795866385383373,48.28891251534071,0.01,0.14175023345743268,0.3350711949044611,9.11338017349852,0.01,0.08784802334821878,0.14154367780381027,12.406429278976573
1.1500000000000001,24.29126990740741,23.525770444010764,0.7654994633966469,0.26398258928195845,6.7769372378119614,0.059143912314738846,0.4008145817556391,0.4008145817556391,0.4008145817556391,0.0,-0.0,0,0.01,0.01,0.14587880905433534,0.28706459304275544,20.48290500515804,0.01,0.0797930781608078,0.1760659041786747,5.848593841167201,0.01,0.07479270627288413,0.1636937076596342,5.505991380041571,0.01,0.14250490266941226,0.41789839523350125,48.1133528496329,0.01,0.14169315348045572,0.3350109262841286,9.072206172931766,0.01,0.08781349153804385,0.14150838381826494,12.343770393164194
1.16,24.466026752,23.67777875989793,0.7882479921020704,0.26640848412193185,6.957149580156025,0.059323962892746315,0.41272568353246164,0.41272568353246164,0.41272568353246164,0.0,-0.0,0,0.01,0.01,0.14593944264866884,0.28712877013458604,20.569226114580502,0.01,0.07985526361169598,0.1761300812705053,5.858362848924934,0.01,0.0748546872692187,0.1637578847514648,5.5157452546117005,0.01,0.14244935393427435,0.41783735324050614,47.936111229509166,0.01,0.1416353372433274,0.3349498842911335,9.030656587263097,0.01,0.08777866692721142,0.14147279136693058,12.280780455976798
1.17,24.64462731214815,23.831235819645546,0.8133914925026038,0.26903676603698834,7.1571520477767265,0.059505622727231776,0.4258907895564362,0.4258907895564362,0.4258907895564362,0.0,-0.0,0,0.01,0.01,0.1460006466925455,0.28719356021946707,20.656946562728788,0.01,0.07991803612476799,0.1761948713553864,5.868477864925728,0.01,0.0749172544005622,0.16382267483634588,5.525847049787953,0.01,0.14239307644212953,0.41777550400808433,47.75688210916089,0.01,0.14157676571724576,0.3348880350587117,8.988544351035614,0.01,0.08774353873511409,0.14143688484580236,12.217067757851778
1.18,24.82706689896296,23.98630124290128,0.8407656560616799,0.2720187246516682,7.375283527563544,0.059689077231235045,0.44022386807899605,0.44022386807899605,0.44022386807899605,0.0,-0.0,0,0.01,0.01,0.14606247202066502,0.287259030247438,20.746624223624835,0.01,0.07998144706558107,0.17626034138335728,5.87930370189193,0.01,0.07498046043240893,0.16388814486431677,5.536638952546903,0.01,0.14233601230270584,0.4177127766114357,47.57526961109892,0.01,0.1415173841289945,0.33482530766206303,8.945667573063158,0.01,0.08770807524250347,0.14140062758947108,12.152234043008342
1.19,25.013339348,24.143215687306796,0.8701236606932046,0.2754859511019606,7.609163641075007,0.059874607098567525,0.45559568335807155,0.45559568335807155,0.45559568335807155,0.0,-0.0,0,0.01,0.01,0.14612500361152023,0.28732528136190155,20.838801772367127,0.01,0.0800455828052394,0.17632659249782082,5.891162893611444,0.01,0.07504439283751949,0.1639543959787803,5.548423191692055,0.01,0.14227807200028544,0.41764906615217234,47.390808353987715,0.01,0.1414571042835012,0.33476159720279974,8.901819559312335,0.01,0.0876722257872916,0.14136396411350566,12.085894817873335
1.2,25.203437037037034,24.302287819215227,0.9011492178218071,0.27954431082671183,7.855817802325471,0.060062572599785743,0.4718406270828629,0.4718406270828629,0.4718406270828629,0.0,-0.0,0,0.01,0.01,0.14618835589284768,0.2873924433922833,20.93398054587122,0.01,0.0801105599712325,0.17639375452820258,5.904319717972344,0.01,0.07510916899683868,0.16402155800916207,5.561447037231387,0.01,0.14221913835989936,0.4175842384368553,47.2029875016443,0.01,0.14139580845546795,0.33469676948748267,8.856799032505913,0.01,0.08763592363764697,0.14132682322586013,12.017698766719676
1.21,25.39735090385185,24.463878211216375,0.9334726926354746,0.2842692398436916,8.111827801035956,0.06025339429123013,0.4887651589183817,0.48876515891838174,0.4887651589183817,0.0,-0.0,0,0.01,0.01,0.14625266669837697,0.28746066804532877,21.03259664208598,0.01,0.08017651931551707,0.17646197918124806,5.918967101056766,0.01,0.07517493003332539,0.16408978266220753,5.575890547371374,0.01,0.14215907179395348,0.41751813600827703,47.011276753664156,0.01,0.14133335465025273,0.33463066705890443,8.810420004725795,0.01,0.08759908959166546,0.14128912184425083,11.947345257838881
1.22,25.595070464,24.628380983219596,0.9666894807804026,0.28970256502473696,8.37350044190716,0.06044753111699734,0.506157428520374,0.506157428520374,0.506157428520374,0.0,-0.0,0,0.01,0.01,0.14631809017316455,0.2875301211406011,21.13500079453128,0.01,0.08024361849754108,0.1765314322765204,5.935217379907645,0.01,0.07524183357975103,0.1641592357574799,5.591857978555652,0.01,0.14209771656660544,0.4174505852262941,46.81515292819484,0.01,0.1412695829707745,0.3345631162769215,8.762520783820221,0.01,0.08756163612074888,0.14125076932558797,11.874599036641724
1.23,25.796583828592592,24.79620409562115,1.0003797329714423,0.29585096876690387,8.63704602658742,0.060645456988974486,0.5237976033172004,0.5237976033172004,0.5237976033172004,0.0,-0.0,0,0.01,0.01,0.1463847889710077,0.2876009742746934,21.24144329466695,0.01,0.08031202412804718,0.17660228541061268,5.953097654075862,0.01,0.07531004582873028,0.16423008889157217,5.609373531875618,0.01,0.14203490776890002,0.417381404050543,46.614125801799936,0.01,0.14120432277850753,0.33449393510117037,8.712971654817897,0.01,0.08752347185120361,0.1412116720929186,11.799301376770067
1.24,26.001877722074074,24.96774924802212,1.0341284740519545,0.30268613540565464,8.898758106324902,0.060847636979825905,0.5414684028249406,0.5414684028249406,0.5414684028249406,0.0,-0.0,0,0.01,0.01,0.14645292611822952,0.2876733963178086,21.352064826064513,0.01,0.08038190345286869,0.17667470745372787,5.972550098339002,0.01,0.07537973324513313,0.16430251093468737,5.628381766106655,0.01,0.14197047866981624,0.41731041015173465,46.40776196256432,0.01,0.1411374003045651,0.33442294120236205,8.661680867513393,0.01,0.08748450616637483,0.14117173833568622,11.721377183841406
1.25,26.2109375,25.143392334819026,1.0675451651809722,0.31014653561771094,9.155185979802694,0.06105450425778103,0.5589653413846407,0.5589653413846407,0.5589653413846407,0.0,-0.0,0,0.01,0.01,0.14652265693180877,0.2877475451455848,21.466893575346266,0.01,0.08045341607247644,0.17674885628150414,5.993437186997209,0.01,0.07545105433568806,0.16437665976246363,5.648752608296807,0.01,0.14190426809749127,0.4172374289714762,46.19570558674736,0.01,0.14106864635223199,0.3343499600221036,8.608598671508014,0.01,0.08744465371015805,0.1411308825604724,11.640837795685158
1.26,26.423747166814813,25.323465362120743,1.1002818046940739,0.31814073008682003,9.403291862969928,0.06126643883293725,0.5761062057509037,0.5761062057509037,0.5761062057509037,0.0,-0.0,0,0.01,0.01,0.14659412137529848,0.2878235599893453,21.585848465884343,0.01,0.08052670609111925,0.1768248711252646,6.015551354763031,0.01,0.07552415186665459,0.1644526746062241,5.670290495873139,0.01,0.1418361275104181,0.4171623013616012,45.97769524856422,0.01,0.1409979037347909,0.33427483241222855,8.553719259265126,0.01,0.08740383858168616,0.14108902978123777,11.557779477104441
1.27,26.64028939362963,25.50824064331625,1.1320487503133827,0.3265520080310756,9.640585495721052,0.061483749077766846,0.5927393395816716,0.5927393395816716,0.5927393395816716,0.0,-0.0,0,0.01,0.01,0.1466674372129518,0.28790155475119883,21.708747894392854,0.01,0.08060189506817023,0.1769028658871181,6.038628254448807,0.01,0.07559914589740047,0.1645306693680776,5.6927468487773245,0.01,0.14176592743899155,0.41708489046086045,45.75357609877624,0.01,0.14092503411090943,0.3341974215114878,8.497080595488331,0.01,0.0873619980295818,0.14104611915939103,11.472377844106264
1.28,26.860545536,25.697917969195693,1.1626275668043093,0.33524412191413117,9.865230133390558,0.06170665683663538,0.6087503704555658,0.6087503704555658,0.6087503704555658,0.0,-0.0,0,0.01,0.01,0.14674269428169123,0.28798161257910715,21.835322998272666,0.01,0.08067907610405071,0.17698292371502644,6.06236251938008,0.01,0.07567612795618338,0.16461072719598593,5.715834843415797,0.01,0.14169356301147384,0.4170050875071193,45.523306984130166,0.01,0.14084992391241408,0.33411761855774663,8.43876221848923,0.01,0.08731908548115755,0.14100210693338627,11.38487865619561
1.29,27.084495651703705,25.892615299690135,1.1918803520135695,0.34406783792503237,10.076115339646375,0.061935286758624614,0.6240670929739744,0.6240670929739744,0.6240670929739744,0.0,-0.0,0,0.01,0.01,0.14681995014389457,0.2880637819340418,21.96523427793038,0.01,0.08075830933553248,0.1770650930699611,6.086424828249205,0.01,0.07575515662630732,0.16469289655092062,5.739245367088312,0.01,0.14161895832306975,0.4169228163343648,45.28696231390477,0.01,0.1407724891038035,0.3340353473849922,8.378881190014711,0.01,0.0872750727758258,0.14095696851333808,11.295585573104896
1.3,27.312118518518517,26.092363355354394,1.2197551631641235,0.35286799304241734,10.272893675924326,0.0621696602836662,0.6386623099624383,0.6386623099624383,0.6386623099624383,0.0,-0.0,0,0.01,0.01,0.14689922731437544,0.288148074309747,22.098090348580914,0.01,0.08083961904338852,0.1771493854456663,6.110479102916826,0.01,0.075836254739241,0.1647771889266258,5.762663070445927,0.01,0.14154206946007886,0.41683803636340055,45.04472870328703,0.01,0.14069267856705087,0.33395056741402795,8.317586441384847,0.01,0.08722995151101275,0.14091069965659528,11.204845581723303
1.31,27.543391652,26.297104305091445,1.2462873469085558,0.36149073371163754,10.455980183616441,0.062409694493058145,0.6525545288849721,0.6525545288849721,0.6525545288849721,0.0,-0.0,0,0.01,0.01,0.1469805121762237,0.2882344636885221,22.233467676996536,0.01,0.08092299249346098,0.17723577482444144,6.134198820695319,0.01,0.07591940829034786,0.16486357830540094,5.785781581377471,0.01,0.1414628860508457,0.41675074396083267,44.79689663152771,0.01,0.1406104759668122,0.33386327501146007,8.255051815643155,0.01,0.0871837334512239,0.14086331668349789,11.113032859926864
1.32,27.77829132325926,26.506694559671427,1.2715967635878327,0.36979060819651094,10.626515384494553,0.06265520581100797,0.6658065084693487,0.6658065084693487,0.6658065084693487,0.0,-0.0,0,0.01,0.01,0.1470637556166849,0.2883228877369649,22.370930327730076,0.01,0.08100838054510759,0.1773241988728842,6.157281649797012,0.01,0.0760045671072273,0.1649520023538437,5.808317156660784,0.01,0.14138143127936606,0.416660972110781,44.54384754433042,0.01,0.14052590001785253,0.3337735031614084,8.191468139896262,0.01,0.08713644999470455,0.14081485573682992,11.020531862211588
1.33,28.016792576740745,26.72091149558873,1.2958810811520114,0.37763719431623843,10.786294286784909,0.06290591832298702,0.678521747412193,0.678521747412193,0.678521747412193,0.0,-0.0,0,0.01,0.01,0.14714887533048296,0.2884132506668657,22.510048951317817,0.01,0.08109569997369018,0.17741456180278498,6.179461871953667,0.01,0.0760916472150445,0.16504236528374444,5.830020283377105,0.01,0.14129776036389063,0.4165687884156818,44.28603700345293,0.01,0.14043900314610666,0.33368131946630913,8.127034682074047,0.01,0.08708815073551043,0.14076537113199825,10.927720396601318
1.34,28.258869248000007,26.939463757855524,1.3194054901444823,0.3849209662936076,10.93766548810718,0.06316147626826697,0.6908390991573243,0.6908390991573243,0.6908390991573243,0.0,-0.0,0,0.01,0.01,0.14723575965824257,0.2885054276114869,22.65041844758846,0.01,0.08118483737100733,0.1775067387474062,6.20052029658911,0.01,0.07618053476208198,0.16513454222836568,5.850684961500341,0.01,0.14121195756962213,0.4164742915145325,44.0239746410638,0.01,0.14034986860503448,0.33358682256515987,8.061950355335416,0.01,0.08703890119992407,0.14071493288592357,10.834953419270333
1.35,28.504493981481485,27.16200463039923,1.342489351082256,0.3915581384248834,11.08340583189898,0.06342146007658982,0.702925780480424,0.702925780480424,0.702925780480424,0.0,-0.0,0,0.01,0.01,0.14732427275579452,0.28859927029931115,22.791673898602223,0.01,0.08127565441344554,0.17760058143523047,6.220291566567182,0.01,0.07627109129597426,0.16522838491618996,5.870155575746695,0.01,0.14112413188940268,0.4163776060766891,43.75820180945861,0.01,0.14025860617742017,0.33349013712731645,7.996405033563549,0.01,0.0869887798733015,0.1406636235493911,10.742548212225108
1.36,28.7536382482963,27.38814782545782,1.3654904228384779,0.3974942685191158,11.226577136278172,0.06368540516049548,0.7149691134894304,0.7149691134894304,0.7149691134894304,0.0,-0.0,0,0.01,0.01,0.14741426082942405,0.2886946137488822,22.933504471004007,0.01,0.08136799422547264,0.17769592488480151,6.238668891065696,0.01,0.07636316011991168,0.165323728365761,5.888331385890355,0.01,0.14103441158673458,0.41627887659429014,43.48926792333102,0.01,0.1401653466569191,0.3333914076449175,7.930571334312016,0.01,0.08693787466501662,0.14061153449858457,10.65077153374307
1.37,29.006272364000004,27.617484934855522,1.3887874291444822,0.4027064593504104,11.3703722282014,0.06395282255252831,0.72716739746636,0.72716739746636,0.72716739746636,0.0,-0.0,0,0.01,0.01,0.14750555912512467,0.28879128366226153,23.075665037203038,0.01,0.08146168851844135,0.17779259479818083,6.255606317092016,0.01,0.07645657341101693,0.16542039827914032,5.905168731215325,0.01,0.14094293784898299,0.41617826025372084,43.217706565966125,0.01,0.14007023536076255,0.3332907913043482,7.864597210877927,0.01,0.08688627898381357,0.1405587618653608,10.559829244397132
1.3800000000000001,29.26236550637038,27.849603711551264,1.4127617948191131,0.40720405992594744,11.517957857228089,0.06422322039623818,0.7397203459793428,0.7397203459793428,0.7397203459793428,0.0,-0.0,0,0.01,0.01,0.14759799932851436,0.2888891041631551,23.21798527181345,0.01,0.08155656515323964,0.1778904152990744,6.2711186780252826,0.01,0.07655115975187828,0.1655182187800339,5.920681067265938,0.01,0.14084985784251497,0.4160759192132494,42.944012465368125,0.01,0.1399734249722949,0.3331884502638768,7.7985996720136095,0.01,0.08683408761245907,0.14050540230138417,10.469858814973362
1.3900000000000001,29.521885733185186,28.084106313435917,1.4377794197492695,0.4110278377604428,11.672322029556653,0.0644961252658092,0.7528195437611501,0.7528195437611501,0.7528195437611501,0.0,-0.0,0,0.01,0.01,0.1476914170173879,0.28898790551067793,23.36037596561565,0.01,0.0816524557610806,0.1779892166465972,6.285279353372983,0.01,0.0766467517119231,0.1656170201275567,5.934936948051696,0.01,0.1407553174932682,0.41597201264713435,42.668620433912615,0.01,0.1398750680467838,0.33308454369776175,7.732659913919571,0.01,0.08678139257833699,0.14045154877772584,10.380925014219008
1.4000000000000001,29.784800000000004,28.320626645501815,1.464173354498188,0.41424766553622994,11.836132911353818,0.06477110230348174,0.7666393756789053,0.7666393756789053,0.7666393756789053,0.0,-0.0,0,0.01,0.01,0.14778565881129307,0.2890875314220542,23.502832288258972,0.01,0.08174920305988057,0.17808884255797347,6.298215958167635,0.01,0.07674319311824902,0.16571664603893296,5.948056052762554,0.01,0.14065945433357882,0.4158666889335415,42.391887300547,0.01,0.13977530953387363,0.33297921998416885,7.666820102913463,0.01,0.08672827921514077,0.14039728661855058,10.29301895579919
1.41,30.051074177925926,28.558845981842467,1.4922281960834596,0.4169588370273904,12.011615734498662,0.06504777322658571,0.7813288563825577,0.7813288563825577,0.7813288563825577,0.0,-0.0,0,0.01,0.01,0.1478805888816425,0.2891878456575234,23.645433746567534,0.01,0.08184666752369797,0.1781891567934427,6.310104072266919,0.01,0.07684034567526961,0.16581696027440218,5.960203350376952,0.01,0.14056239075734617,0.4157600783625709,42.114077744471984,0.01,0.13967427967340443,0.3328726094131983,7.601081986723846,0.01,0.08667482260014596,0.14034268995507887,10.20606055130587
1.42,30.32067307140741,28.79850613400582,1.5221669374015894,0.41927719422606724,12.200453144386417,0.06532583136441916,0.7970047446796846,0.7970047446796846,0.7970047446796846,0.0,-0.0,0,0.01,0.01,0.14797609452057242,0.28928873755762774,23.788340645099534,0.01,0.08194473309833546,0.17829004869354706,6.321159133730157,0.01,0.07693809462790482,0.16591785217450655,5.97158151166814,0.01,0.14046422800991137,0.41565228672060295,41.835354764912985,0.01,0.13957208760715006,0.33276481777123035,7.535407437760176,0.01,0.08662108453214422,0.14028781876465815,10.119904274535983
1.43,30.593560436,29.039419553408504,1.554140882591496,0.42133330647326417,12.403713214063375,0.06560505303440411,0.8137462632321668,0.8137462632321668,0.8137462632321668,0.0,-0.0,0,0.01,0.01,0.1480720905151942,0.2893901262752758,23.931786970147808,0.01,0.08204331170550049,0.17839143741119512,6.33162666585346,0.01,0.07703635321216948,0.1660192408921546,5.982421724511427,0.01,0.14036504120648546,0.415543390068171,41.55577529778558,0.01,0.13946881601739897,0.3326559211187984,7.469720943964091,0.01,0.08656711118791179,0.14023271663045603,10.034347992160834
1.44,30.869698996148145,29.28147590712858,1.5882230890195645,0.42326598958260725,12.621807972918763,0.06588530474967197,0.831591664787592,0.831591664787592,0.831591664787592,0.0,-0.0,0,0.01,0.01,0.14816852213359283,0.28949196350998946,24.07606978725245,0.01,0.08214234633834104,0.17849327464590875,6.341771086299087,0.01,0.07713506569738866,0.16612107812686827,5.992973146554893,0.01,0.14026487562476223,0.41543343097212737,41.275291227729745,0.01,0.13936451705533917,0.33254596202275477,7.403913965579085,0.01,0.0865129315613762,0.1401774093214322,9.949144465324444
1.45,31.149050462962965,29.524644840892552,1.624405622070411,0.425215485531769,12.85448382540526,0.06616654595730105,0.8505367947910603,0.8505367947910603,0.8505367947910603,0.0,-0.0,0,0.01,0.01,0.14826536659696662,0.2895942346262647,24.221535455668377,0.01,0.08224181261973523,0.17859554576218398,6.351863453608732,0.01,0.07723420889291216,0.16622334924314347,6.0034913336101425,0.01,0.14016374445575505,0.41532241638169015,40.99375575711059,0.01,0.13925920976013575,0.3324349474323175,7.337850974608288,0.01,0.08645855675108093,0.14012190425162438,9.864014983722955
1.46,31.43157555200001,29.7689748314764,1.6626007205236075,0.4273166391792794,13.100843730440936,0.0664488272272301,0.8705357015750104,0.8705357015750104,0.8705357015750104,0.0,-0.0,0,0.01,0.01,0.14836263298539826,0.2896969581181433,24.368563199945623,0.01,0.08234171876816097,0.17869826925406257,6.362168628130632,0.01,0.07733379206582455,0.16632607273502206,6.014226099813323,0.01,0.14006162812510536,0.41521031725588947,40.71093480077594,0.01,0.1391528790965851,0.3323228483065168,7.271376894914286,0.01,0.08640398012004843,0.14006619083447544,9.778664469275002
1.47,31.717234001037035,30.014588223149126,1.702645777887911,0.42969240656859414,13.359399539099023,0.066732284034964,0.8915032445797233,0.8915032445797233,0.8915032445797233,0.0,-0.0,0,0.01,0.01,0.14846036059946452,0.2898001834636739,24.517546811008998,0.01,0.08244210399093675,0.1788014945995932,6.372932441971195,0.01,0.07743385529133096,0.16642929808055273,6.025409378139585,0.01,0.13995847521906155,0.4150970699616591,40.426522796662155,0.01,0.1390454766592332,0.33220960101228647,7.204325573017283,0.01,0.08634917830978056,0.1400102417041598,9.692797291911042
1.48,32.00598458785185,30.26167272901258,1.744311858839269,0.43244800978270787,13.628151508676975,0.06701712649498562,0.913319553549834,0.913319553549834,0.913319553549834,0.0,-0.0,0,0.01,0.01,0.14855861587281372,0.2899039874916263,24.668875443701328,0.01,0.08254303539782194,0.17890529862754564,6.384369562967241,0.01,0.07753446633087072,0.16653310210850514,6.037243735407458,0.01,0.13985420496939704,0.4149825793724861,40.14016207797015,0.01,0.13893692300826815,0.33209511042311346,7.136528840778821,0.01,0.08629411304903817,0.1399540147338989,9.606132985464633
1.49,32.297785148,30.510469848325688,1.7873152996743145,0.43566601726318116,13.904690783599289,0.06730362559528508,0.9358361025175777,0.9358361025175777,0.9358361025175777,0.0,-0.0,0,0.01,0.01,0.14865748799868128,0.2900084694544898,24.822914603825122,0.01,0.0826446035962796,0.17900978059040915,6.3966527784100595,0.01,0.07763571620137193,0.16663758407136864,6.049892232930009,0.01,0.13974871117420146,0.41486672351234094,39.85146476057309,0.01,0.13882711152188962,0.3319792545629683,7.067825688478214,0.01,0.0862387336602687,0.13989745574326215,9.51842104631041
1.5,32.59259259259259,30.76126079637052,1.8313317962220654,0.4394025783399718,14.186319611088994,0.06759209664686947,0.9588830862161069,0.958883086216107,0.9588830862161069,0.0,-0.0,0,0.01,0.01,0.1487570834930628,0.2901137450627733,24.979988450408825,0.01,0.08274691719028768,0.1791150561986926,6.4099043973794245,0.01,0.07773771365947202,0.16674285967965213,6.063470296000439,0.01,0.139641867360977,0.41474935951336644,39.560035973201025,0.01,0.1387159135755858,0.33186189056399384,6.998071055333424,0.01,0.08618298013397593,0.1398405017543174,9.429454042706531
1.51,32.890362926074076,31.014350656943225,1.8760122691308512,0.4436849796403377,14.470183288147066,0.0678828807876201,0.9822777271243,0.9822777271243,0.9822777271243,0.0,-0.0,0,0.01,0.01,0.1488575199662457,0.290219939782945,25.140364466374834,0.01,0.08285009645487629,0.17922125091886434,6.424190367322705,0.01,0.0778405788743838,0.16684905439982384,6.078040154645719,0.01,0.13953353293850246,0.4146303305925541,39.265497205572125,0.01,0.138603184794676,0.33174286164318145,6.927143766258988,0.01,0.08612678661552313,0.13978308463181768,9.339078360484676
1.52,33.191051263999995,31.270051543970784,1.9209997200292113,0.44851062284275695,14.753407352459838,0.0681763254618105,1.00583310133197,1.00583310133197,1.00583310133197,0.0,-0.0,0,0.01,0.01,0.14895891941037426,0.29032718173288263,25.304241376805997,0.01,0.08295426649633594,0.1793284928688019,6.439517524873933,0.01,0.07794443660013602,0.1669562963497614,6.093608249075388,0.01,0.13942356003741466,0.41450947370541674,38.96750857182809,0.01,0.13848877207574176,0.3316220047560441,6.854953197191014,0.01,0.08607008513102873,0.1397251349264638,9.247202051500526
1.53,33.49461185081481,31.528665595148286,1.9659462556665268,0.45384745193371784,15.033233357614389,0.06847276483190327,1.0293670523590537,1.0293670523590537,1.0293670523590537,0.0,-0.0,0,0.01,0.01,0.14906140133195064,0.2904355945232515,25.471740938324796,0.01,0.08305955023142288,0.1794369056591708,6.455834169620852,0.01,0.0780494091803551,0.1670647091401303,6.110125772718471,0.01,0.13931180070840235,0.4143866275053369,38.66578887818824,0.01,0.13837252103741574,0.33149915855596424,6.7814443317947495,0.01,0.08601280936990122,0.13966658573329843,9.153799425500928
1.54,33.80099807762963,31.79046861622374,2.010529461405887,0.45963578761970914,15.307146722275583,0.0687725010673924,1.0527107642964295,1.0527107642964295,1.0527107642964295,0.0,-0.0,0,0.01,0.01,0.14916507606353935,0.29054529039055915,25.642903919306814,0.01,0.08316606152651085,0.17954660152647844,6.473033890704957,0.01,0.07815560972530998,0.16717440500743797,6.127492280792735,0.01,0.1391981141323636,0.41426164022653766,38.36013253318422,0.01,0.1382542835427191,0.33137417127716506,6.706600972443129,0.01,0.0859548983414405,0.13960737637956175,9.058912219036861
1.55,34.1101625,32.05569515111997,2.054467348880034,0.4657914603532671,15.572990607788816,0.06907578739835946,1.0757165883802688,1.0757165883802688,1.0757165883802688,0.0,-0.0,0,0.01,0.01,0.1492700385780354,0.2906563639483879,25.817690278202182,0.01,0.08327389882875538,0.17965767508430716,6.490962323681082,0.01,0.0782631357910125,0.16728547856526665,6.145562055247722,0.01,0.13908237349896205,0.41413437711614676,38.05042253226888,0.01,0.13813392493409707,0.33124690816677416,6.630446978880403,0.01,0.08589629973162896,0.13954745576748961,8.962647370011556
1.56,34.42205685570371,32.32452567380969,2.0975311818940185,0.4722100744675302,15.829060536549918,0.06938281372309019,1.098264758618961,1.098264758618961,1.098264758618961,0.0,-0.0,0,0.01,0.01,0.14937636310208355,0.29076888684891583,25.995983265685624,0.01,0.08338313959599966,0.17977019798483512,6.509426302289519,0.01,0.07837206386396305,0.16739800146579462,6.164152718742663,0.01,0.13896447222806005,0.4140047270654131,37.736638969672924,0.01,0.13801133063802748,0.3311172581160404,6.5530455197394515,0.01,0.0858369728031094,0.1394867852167832,8.865171610552341
1.57,34.73663208251852,32.597076760922334,2.1395553215961853,0.4787767587334462,16.074173350501642,0.06969369573693356,1.1202685467125872,1.1202685467125872,1.1202685467125872,0.0,-0.0,0,0.01,0.01,0.14948409881228764,0.2908829037136623,26.177600522363928,0.01,0.0834938358167264,0.1798842148495816,6.528207055094934,0.01,0.07848244494142018,0.16751201833054108,6.183057854736757,0.01,0.13884432920740633,0.4138726079971259,37.418860143743444,0.01,0.13788641180450767,0.3309851390477533,6.474495230223696,0.01,0.08577665269082586,0.13942534061606807,8.783873951657945
1.58,35.053838336000005,32.8734184483202,2.180419887679804,0.48545836931461106,16.307523560097977,0.07000849511404701,1.1416651834793257,1.1416651834793257,1.1416651834793257,0.0,-0.0,0,0.01,0.01,0.14959327272491532,0.29099843944748305,26.36247583004399,0.01,0.08360601643307483,0.17999975058340234,6.547187585620446,0.01,0.07859430728942123,0.16762755406436183,6.202171889134425,0.01,0.13872188597396534,0.41373795914350253,37.09713063648134,0.01,0.1377591042009464,0.3308504901941299,6.394857577232335,0.01,0.08571464661762589,0.13936310844016345,8.767558097548251
1.59,35.373625007259264,33.15359919073807,2.220025816521195,0.4921733671095531,16.528484038238155,0.070327248200012,1.1624027993271113,1.1624027993271113,1.1624027993271113,0.0,-0.0,0,0.01,0.01,0.14970390292272043,0.29111550971040023,26.55053556397711,0.01,0.083719700816026,0.18011682084631953,6.566265195361868,0.01,0.07870766993878238,0.16774462432727902,6.221395686932128,0.01,0.1385970925621699,0.41360072935278813,36.77152661718401,0.01,0.1376293541084092,0.33071326040341553,6.314183747726148,0.01,0.08565179775918354,0.1393000800817769,8.754612489101651
1.6,35.695940740740745,33.437598027289155,2.2583427134515897,0.49878170088398494,16.73697034838905,0.07064991184371702,1.1824654796445921,1.1824654796445921,1.1824654796445921,0.0,-0.0,0,0.01,0.01,0.14981598376847857,0.29123410096869273,26.741490887769654,0.01,0.0838348848620068,0.18023541210461202,6.585199923716342,0.01,0.07882252800762701,0.16786321558557152,6.240499666001061,0.01,0.1384699249879949,0.41346090096484645,36.44232043706479,0.01,0.1374971318623233,0.33057343201547384,6.23262538403514,0.01,0.0855881564674745,0.13923626256753321,8.741909558384139
1.61,36.02073345200001,33.7253138785641,2.2954195734359053,0.5051446722484423,16.93351162556227,0.07097635178760515,1.2018788781354095,1.2018788781354095,1.2018788781354095,0.0,-0.0,0,0.01,0.01,0.14992947774667373,0.29135416611863557,26.934999535926405,0.01,0.08395153199155643,0.18035547725455486,6.603741805130175,0.01,0.07893884412418943,0.16798328073551436,6.259247018354333,0.01,0.13834039492344932,0.41331849601891624,36.10988454316434,0.01,0.1373624438221439,0.3304310270695436,6.15037029996422,0.01,0.08552374430390053,0.13917168087221146,8.7296948274416
1.62,36.34795034548148,34.01656885521363,2.331381490267852,0.5111329186996905,17.11921230308344,0.07130634705294915,1.2207084937567847,1.2207084937567847,1.2207084937567847,0.0,-0.0,0,0.01,0.01,0.15004431617346325,0.29147562598046955,27.130697246282317,0.01,0.08406957358425268,0.18047693711638885,6.621658410645505,0.01,0.07905654904333188,0.16810474059734837,6.277417518489303,0.01,0.13820854988524486,0.4131735756706964,35.774667873670126,0.01,0.13722533370258486,0.33028610672132375,6.067620996153456,0.01,0.0854585996618098,0.1391063770757051,8.718233041706325
1.6300000000000001,36.6775379322963,34.31111535753194,2.3664225747643646,0.5166324783167475,17.29568544090095,0.07163959861137781,1.239055962694795,1.239055962694795,1.239055962694795,0.0,-0.0,0,0.01,0.01,0.15016040183806198,0.2915983723782719,27.328213818067205,0.01,0.08418891159456013,0.18059968351419123,6.638745438629585,0.01,0.07917554430092173,0.16822748699515072,6.294817302330927,0.01,0.1380744713251019,0.4130262376868741,35.43717749825359,0.01,0.13708588094806606,0.3301387687375015,5.9845847748069545,0.01,0.0853927767885569,0.13904040867514897,8.707757093190917
1.6400000000000001,37.009442048,34.60864641852827,2.40079562947173,0.5215500581208232,17.46496281609277,0.07197574167720851,1.257053652053145,1.2570536520531452,1.257053652053145,0.0,-0.0,0,0.01,0.01,0.15027761299762446,0.2917222725688979,27.527188468197355,0.01,0.08430942257938959,0.18072358370481714,6.654834873627867,0.01,0.0792957062576428,0.16835138718577664,6.311286590532126,0.01,0.1379382711151177,0.412876612215324,35.097957892583075,0.01,0.1369441973300112,0.3299891432659514,5.901464768263798,0.01,0.08532634353409879,0.13897384618194408,8.698457262772697
1.6500000000000001,37.34360787037037,34.908808772403006,2.4347990979673644,0.5258172809468125,17.629386598046302,0.07231436099227835,1.2748578265235544,1.2748578265235542,1.2748578265235544,0.0,-0.0,0,0.01,0.01,0.15039580850523449,0.29184717479548195,27.727284463048495,0.01,0.08443096289944209,0.18084848593140124,6.669801198940496,0.01,0.07941689130440412,0.16847628941236073,6.326705609529887,0.01,0.13780008659759696,0.41272485602297854,34.75756860594486,0.01,0.1368004220116593,0.3298373870736059,5.818451318380006,0.01,0.0852593784704279,0.1389067701258469,8.690473088804644
1.6600000000000001,37.679979937185195,35.211218006776,2.4687619304091983,0.5293937147835275,17.791488206088868,0.07265500834064922,1.292640724005949,1.292640724005949,1.292640724005949,0.0,-0.0,0,0.01,0.01,0.1505148338088623,0.29197291468993236,27.92820261880667,0.01,0.08455337482597837,0.18097422582585168,6.683565619467536,0.01,0.07953894196242606,0.16860202930681117,6.340998653985962,0.01,0.13766007442866773,0.41257114546621865,34.416561360402625,0.01,0.13665471531614953,0.32968367651684605,5.735714005915156,0.01,0.08519196753221744,0.13883926761476179,8.683887711168564
1.67,38.018502164,35.51547506082133,2.503027103178664,0.5322685449992115,17.953860446154447,0.07299722143013648,1.3105819265137053,1.310581926513705,1.3105819265137053,0.0,-0.0,0,0.01,0.01,0.15063452752019157,0.29209932220986573,28.12969326801383,0.01,0.0846764932450378,0.18110063334578502,6.6960982923962264,0.01,0.07966169357141951,0.16872843682674452,6.354136280609014,0.01,0.13751840350440242,0.4124156685222535,34.07545765879951,0.01,0.13650725149117984,0.3295281995728808,5.653394669878131,0.01,0.08512420034449635,0.13877142861882558,8.67872486820613
1.68,38.359117861925924,35.82118326981433,2.5379345921115943,0.5344608138714168,18.11902921166357,0.0733405432186613,1.3288594449781987,1.3288594449781987,1.3288594449781987,0.0,-0.0,0,0.01,0.01,0.15075472822819447,0.2922262287714673,28.331566289255488,0.01,0.08480015262648857,0.1812275399073866,6.707418598052256,0.01,0.07978498123480476,0.16885534338834612,6.366135655002918,0.01,0.1373752473052357,0.41225861625968874,33.734727970328024,0.01,0.13635821081402413,0.32937114731031614,5.571601726396025,0.01,0.08505616641659818,0.13870334215931246,8.674948623303603
1.69,38.70176975540741,36.12796513290935,2.5738046224980566,0.5360182203473907,18.289330913515244,0.07368454074901995,1.3476409489692243,1.3476409489692243,1.3476409489692243,0.0,-0.0,0,0.01,0.01,0.15087528122440855,0.2923534742321283,28.53369879661412,0.01,0.0849241939172523,0.1813547853680476,6.717593501525109,0.01,0.07990864668290347,0.1689825888490071,6.377059089892946,0.01,0.13723077602627717,0.41210017415915035,33.39477350607777,0.01,0.13620777141591092,0.32921270520977775,5.49040605109669,0.01,0.08498795138649538,0.13863509258620071,8.672465794505102
1.7,39.046400000000006,36.4354779969215,2.610922003078507,0.537014542779295,18.466801392028948,0.07402882258671238,1.3670755639945642,1.3670755639945642,1.3670755639945642,0.0,-0.0,0,0.01,0.01,0.15099604481521012,0.29248091338592885,28.736040101460944,0.01,0.08504847102666975,0.18148222452184817,6.7267340689807344,0.01,0.08003254472358355,0.16911002800280767,6.387010826113575,0.01,0.1370851488754696,0.4119405137079023,33.055911490711054,0.01,0.1360561012220278,0.32905304475852964,5.409838631526701,0.01,0.08491963349562782,0.1385667561227216,8.671130960129986
1.71,39.39295020014814,36.743427904242495,2.6495222959056464,0.5375458150233864,18.6530813900022,0.07437305403064166,1.38728663005659,1.38728663005659,1.38728663005659,0.0,-0.0,0,0.01,0.01,0.1511168959203624,0.2926084216608033,28.938613607011877,0.01,0.08517285659650305,0.1816097327967226,6.734990222834324,0.01,0.08015654897424249,0.1692375362776821,6.396132128313123,0.01,0.1369385069170646,0.411779784684258,32.718364680452794,0.01,0.1359033504012279,0.32889231573488537,5.329890126224346,0.01,0.08485128046166664,0.13849839784105758,8.670753814396917
1.72,39.74136142696297,37.051580945519966,2.6897804814430044,0.5377254481765096,18.849342771222005,0.07471696938218793,1.40836576671176,1.40836576671176,1.40836576671176,0.0,-0.0,0,0.01,0.01,0.15123773469538368,0.29273589974734826,29.141515385192523,0.01,0.08529724678699677,0.18173721088326758,6.742543856130279,0.01,0.08028055660782993,0.16936501436422707,6.404594803701869,0.01,0.13679096681419933,0.41161810851778036,32.38225567559422,0.01,0.13574964469742362,0.32873063956840776,5.250512385237293,0.01,0.08478294689593886,0.13843006921124004,8.671108551837724
1.73,40.091574236,37.35977158307935,2.731802652920654,0.5376785428901906,19.056238600730005,0.07506038070863809,1.430368524245439,1.430368524245439,1.430368524245439,0.0,-0.0,0,0.01,0.01,0.15135848796577892,0.2928632769437159,29.34490932078026,0.01,0.08542156486158123,0.18186458807963518,6.749600483791324,0.01,0.08040449189670713,0.16949239156059467,6.412593309127669,0.01,0.1366426157821859,0.41145557306065395,32.047606335102174,0.01,0.1355950799733362,0.3285681041112813,5.1716218947755825,0.01,0.08471467238449745,0.13836180633625778,8.671944868351817
1.74,40.44352868503704,37.6679075631048,2.775621121932237,0.5375356775768213,19.273879014755586,0.07540318271458889,1.4533118209684959,1.4533118209684959,1.4533118209684959,0.0,-0.0,0,0.01,0.01,0.1514791113213083,0.29299051306610924,29.549018885263038,0.01,0.08554576341349847,0.18199182420202853,6.756379686853486,0.01,0.08052830839884499,0.16961962768298805,6.420335688940071,0.01,0.1364935080053517,0.41129222903645113,31.71434233334226,0.01,0.13543971823856082,0.32840476008707853,5.093105010104141,0.01,0.08464648031843919,0.1382936289518836,8.673000085048159
1.75,40.797164351851855,37.975971205564505,2.821193146287348,0.5374264834539708,19.501833555050112,0.0757453535306092,1.4771732771223678,1.477173277122368,1.4771732771223678,0.0,-0.0,0,0.01,0.01,0.15159958978519406,0.2931175988467023,29.754115810392168,0.01,0.08566982514479814,0.18211890998262162,6.763104699214986,0.01,0.08065198969810065,0.1697467134635811,6.4280336774050255,0.01,0.13634366269782658,0.41112808834833536,31.38230261975295,0.01,0.13528358536072266,0.32824061939896276,5.014824741091115,0.01,0.08457837752172545,0.1382255402315033,8.674011833992372
1.76,41.15242035199999,38.28401704184346,2.8684033101565305,0.5374733266512605,19.739159380855224,0.0760869514320217,1.5018924611200668,1.5018924611200668,1.5018924611200668,0.0,-0.0,0,0.01,0.01,0.15171993704319345,0.293244554816555,29.960506150005177,0.01,0.08579376217851138,0.18224586595247427,6.769991583866967,0.01,0.08077554868079159,0.16987366943343377,6.435892394095678,0.01,0.1361930639064077,0.4109631243341747,31.05125326897567,0.01,0.135126670574666,0.3280756553848021,4.936628761143354,0.01,0.0845103546853244,0.13815752739624448,8.674730699118026
1.77,41.50923535659259,38.59216595146855,2.9170694051240402,0.5377854099160063,19.984453557610717,0.0764281077015755,1.5273739688582055,1.5273739688582055,1.5273739688582055,0.0,-0.0,0,0.01,0.01,0.15184019328740708,0.2933714287463101,30.16851442379463,0.01,0.085917613955068,0.1823727398822294,6.777238531592932,0.01,0.08089902540115813,0.17000054336318887,6.44410014372824,0.01,0.1360416620660219,0.41079727395646837,30.720904961027085,0.01,0.13496892781464578,0.3279098050070957,4.85835823034811,0.01,0.08444238757697399,0.13808956309104023,8.67493218810748
1.78,41.86754761007408,38.900596121567865,2.9669514885062074,0.5384535822598397,20.23592650815538,0.0767690160376556,1.5534921666414003,1.5534921666414003,1.5534921666414003,0.0,-0.0,0,0.01,0.01,0.1519604217962174,0.29349829178819753,30.3784667020091,0.01,0.08604144383098976,0.18249960292411685,6.785015872510865,0.01,0.08102248365533454,0.17012740640507634,6.452818886834096,0.01,0.13588937723015754,0.4106304418161396,30.390933126617412,0.01,0.13481027880323518,0.327742972866767,4.7798569654349805,0.01,0.08437443895824498,0.13802160744996364,8.674427427634747
1.79,42.227294948,39.20953130676094,3.0177636412390654,0.5395461057096935,20.491492748972902,0.07710991907493113,1.5800973475978386,1.5800973475978386,1.5800973475978386,0.0,-0.0,0,0.01,0.01,0.15208070443174196,0.29362523352548464,30.59067359286407,0.01,0.08616533455862019,0.18262654466140393,6.793457403972891,0.01,0.08114600644412062,0.17025434814236343,6.4621759595408115,0.01,0.13573610381476314,0.4104625057867653,30.060999647431778,0.01,0.1346506177430334,0.32757503683739264,4.7009804591726265,0.01,0.08430646110676104,0.13795361074116175,8.673072028355456
1.8,42.58841481481482,39.51922699513521,3.0691878196796054,0.5411055766249483,20.748874264443224,0.07745109271876811,1.6070229844654538,1.6070229844654536,1.6070229844654538,0.0,-0.0,0,0.01,0.01,0.1522011362868623,0.29375235618684564,30.805414117118463,0.01,0.08628938287749734,0.1827536673227649,6.802653595884561,0.01,0.08126969055647452,0.1703814708037244,6.472257579047617,0.01,0.13558171661897375,0.4102933239848041,29.73077492598082,0.01,0.13448981737787072,0.3274058550354315,4.621604254475873,0.01,0.08423839881308007,0.13788551645465072,8.670772656788207
1.81,42.950844281629635,39.82995518156574,3.120889100063902,0.5431471380154657,21.00571133157307,0.07779282909193261,1.634093711571536,1.634093711571536,1.634093711571536,0.0,-0.0,0,0.01,0.01,0.15232181975289572,0.2938797683207193,31.022921392121603,0.01,0.08641369348866824,0.18288107945663865,6.81264713329432,0.01,0.08139364054593425,0.17050888293759814,6.483104573337928,0.01,0.13542607782349977,0.4101227427260981,29.39995913956698,0.01,0.13432773612312124,0.32723527377672545,4.541631214921265,0.01,0.08417019270021503,0.13781726467641905,8.667490975769987
1.82,43.31452006399999,40.14198850858755,3.1725315554124416,0.5456580525996542,21.259675321755395,0.0781354189478639,1.661133637960921,1.661133637960921,1.661133637960921,0.0,-0.0,0,0.01,0.01,0.15244285830450452,0.2940075782469295,31.24337090585549,0.01,0.08653837271093116,0.1830088893828488,6.823431102056904,0.01,0.0815179623992785,0.17063669286380828,6.4947106256024165,0.01,0.13526904462063138,0.40995060507245745,29.06830156586924,0.01,0.13416422591322,0.3270631361230848,4.460997301471543,0.01,0.08410178270007186,0.13774879558058833,8.6632447635775
1.83,43.679378539703706,40.455584555192786,3.22379398451092,0.5485986377881953,21.508577988357896,0.07847913441719584,1.687974583071079,1.687974583071079,1.687974583071079,0.0,-0.0,0,0.01,0.01,0.15256435030928514,0.2941358876088848,31.46687195860908,0.01,0.08666352213130443,0.1831371987448041,6.834949932038232,0.01,0.081642757209337,0.1707650022257636,6.507023140795391,0.01,0.1351104771006509,0.4097767595463556,28.735617005757163,0.01,0.13399914038087624,0.32688929059698296,4.379675559088331,0.01,0.08403311151574616,0.1376800528682225,8.658106184597955
1.84,44.045355766518526,40.77097103530194,3.274384731216583,0.5519044970395794,21.750471999802933,0.07882421292366902,1.7144638361027675,1.7144638361027675,1.7144638361027675,0.0,-0.0,0,0.01,0.01,0.15268638316513777,0.2942647853396589,31.693462611905222,0.01,0.08678923256017197,0.18326609647557818,6.8471030060940095,0.01,0.0817681151612486,0.17089389995653767,6.519946645433348,0.01,0.13495024600908082,0.4096010685872624,28.401798518441588,0.01,0.13383234296812266,0.3267135996378898,4.297678128506535,0.01,0.08396412790176976,0.1376109869867014,8.652197347664202
1.85,44.41238750000001,41.088332612257545,3.324054887742469,0.5554899203984419,21.983737983953002,0.07917084303469919,1.7404710692434977,1.7404710692434977,1.7404710692434977,0.0,-0.0,0,0.01,0.01,0.15280902804922558,0.294394342330087,31.923108240636022,0.01,0.08691557858443054,0.18339565346600628,6.8597506476097765,0.01,0.08189411012362996,0.17102345694696577,6.53334844668077,0.01,0.13478823999770326,0.4094234163393904,28.06682590878602,0.01,0.13366371457457307,0.32653594739001773,4.215056217748126,0.01,0.08389478960570097,0.1375415579768904,8.64568343877684
1.86,44.78040921125926,41.407799947237905,3.3726092640213605,0.5592522732425725,22.20715408424681,0.0795191529051327,1.7658940812130641,1.7658940812130641,1.7658940812130641,0.0,-0.0,0,0.01,0.01,0.15293233552909055,0.2945246070483327,32.155703562929766,0.01,0.08704261398022634,0.183525918184252,6.872722038295837,0.01,0.08202079510382375,0.1711537216652115,6.547066124993852,0.01,0.1346243720188488,0.40924371539613313,27.73076964874103,0.01,0.13349316037247724,0.32635624644676053,4.131898085203792,0.01,0.08382506583317886,0.13747173781579025,8.638763842826108
1.87,45.14935610474075,41.729441483113405,3.419914621627346,0.5630771484550515,22.419944952095957,0.07986920183617112,1.790663108534798,1.7906631085347977,1.790663108534798,0.0,-0.0,0,0.01,0.01,0.15305633224104492,0.2946556023103762,32.39107784284496,0.01,0.08717036820200483,0.18365691344629548,6.885824508653858,0.01,0.08214819878120565,0.17128471692725497,6.560916332498283,0.01,0.13445858455546078,0.4090619121789976,27.393790158129615,0.01,0.1333206154599111,0.32617444322962497,4.048325192419025,0.01,0.08375493912365656,0.13740151214875346,8.631661763662704
1.8800000000000001,45.519163135999996,42.05325832712112,3.465904808878877,0.5668440249093207,22.621808164320015,0.08022097531228821,1.8147435142692359,1.8147435142692359,1.8147435142692359,0.0,-0.0,0,0.01,0.01,0.15318101878570178,0.2947873233421932,32.62900283445957,0.01,0.08729884410888761,0.1837886344781125,6.898853594230149,0.01,0.08227632327677041,0.171416437959072,6.5747043238462,0.01,0.13429085343663963,0.40887799069559705,27.05613260081619,0.01,0.13314604908054417,0.32599052174622445,3.964486773726934,0.01,0.0836844065541412,0.1373308813363254,8.624612911472381
1.8900000000000001,45.889765029481495,42.37918244266463,3.5105825868168705,0.5704321552440923,22.812917202315585,0.08057438370518634,1.8381367440940222,1.838136744094022,1.8381367440940222,0.0,-0.0,0,0.01,0.01,0.15330636892836863,0.29491973720996334,32.86920296165759,0.01,0.08742801702580842,0.18392104834588266,6.911603259348596,0.01,0.08240514325385173,0.17154885182684215,6.58823365537326,0.01,0.13412119005698753,0.4086919744991335,26.718117560394756,0.01,0.1329694672081181,0.32580450554976087,3.880553137493827,0.01,0.08361348022187139,0.13725986077473867,8.617853847967952
1.9000000000000001,46.26109629629631,42.707078199787624,3.554018096508683,0.5737263988506005,22.993901300664575,0.08092926465385669,1.860879523786143,1.860879523786143,1.860879523786143,0.0,-0.0,0,0.01,0.01,0.15343233012626672,0.2950527836275646,33.11136719760634,0.01,0.08755783516884082,0.18405409476348392,6.923875746376713,0.01,0.08253460637727246,0.1716818982444434,6.601315541795952,0.01,0.13394964189494163,0.40850392675734853,26.380128138385558,0.01,0.13279091337279333,0.3256164578079759,3.7967080591277633,0.01,0.08354218699230653,0.13718848048445237,8.61161056764562
1.9100000000000001,46.63309125200001,43.0367471727799,3.5963440792201062,0.576622721798459,23.165803606097224,0.08128538895211146,1.8830413565098392,1.8830413565098392,1.8830413565098392,0.0,-0.0,0,0.01,0.01,0.15355882533857199,0.29518637708401907,33.35516210735918,0.01,0.08768822139544573,0.18418768821993833,6.9354905964947795,0.01,0.08266463509010148,0.17181549170089783,6.613777442317435,0.01,0.13377629130695262,0.40831394842857244,26.042594164063775,0.01,0.13261046769127408,0.3254264794791998,3.713140650009313,0.01,0.08347056753438103,0.13711678399622795,8.606087852122199
1.92,47.00568403437038,43.36793591919392,3.6377481151764637,0.5790331036897526,23.330020125452357,0.08164246960779183,1.9047204590414157,1.9047204590414157,1.9047204590414157,0.0,-0.0,0,0.01,0.01,0.15368575601245532,0.2953204101705284,33.6002455317473,0.01,0.08781907617464135,0.18432172130644772,6.946292490579021,0.01,0.0827951296021097,0.17194952478740722,6.625470543765428,0.01,0.133601252657199,0.40812217463251776,25.705974316560305,0.01,0.13242824414926233,0.3252347056831451,3.6300370918339087,0.01,0.08339867469903024,0.1370448265974799,8.601459870556667
1.93,47.378808621185186,43.70034633417976,3.678462287005424,0.5808896213585342,23.48822283250431,0.08200017358891874,1.9260383495605582,1.926038349560558,1.9260383495605582,0.0,-0.0,0,0.01,0.01,0.15381300608174986,0.29545475793016196,33.8462804081438,0.01,0.0879502816127844,0.18445606906608125,6.956157660146735,0.01,0.08292597192532035,0.17208387254704074,6.636275902509804,0.01,0.13342466792279922,0.40792876939002687,25.37073703662641,0.01,0.13224438626934892,0.32504130044065427,3.5475726157325695,0.01,0.08332657132793976,0.13697267303154176,8.597862420178897
1.94,47.752398848000006,44.03364809766545,3.7187507503345567,0.5821488187794345,23.642270714286404,0.08235813569522438,1.9471333396304291,1.9471333396304291,1.9471333396304291,0.0,-0.0,0,0.01,0.01,0.15394044677094104,0.2955892830234291,34.09294893701345,0.01,0.08808170632335119,0.18459059415934836,6.964999113660179,0.01,0.0830570307455359,0.17221839764030786,6.646109512017756,0.01,0.13324670098507863,0.40773391895954547,25.03734070894135,0.01,0.13205865504331815,0.32484645001017287,3.4693752985968676,0.01,0.08325432760415721,0.136900394758187,8.595386555136695
1.95,48.12638842592593,44.367518773257714,3.758869652668212,0.5829238909872909,23.793939538798227,0.08271600188617124,1.9681395477706787,1.9681395477706787,1.9681395477706787,0.0,-0.0,0,0.01,0.01,0.15406794825148576,0.29572385199344814,34.34017507602587,0.01,0.08821321633568877,0.18472516312936743,6.972905522367118,0.01,0.08318817260030044,0.17235296661032692,6.65506073390516,0.01,0.13306752364677368,0.40753780867724926,24.706054840840974,0.01,0.1318653818310603,0.3246503397278766,3.4451601317276297,0.01,0.08318201478502305,0.1368280612434639,8.593903598030348
1.96,48.500710959407414,44.701744384295544,3.7989665751118675,0.583403197603049,23.944258613120553,0.08307353672572956,1.9891342472674367,1.9891342472674367,1.9891342472674367,0.0,-0.0,0,0.01,0.01,0.15419541760577365,0.295858375721021,34.58822470108321,0.01,0.08834471238968793,0.1848596868569403,6.98020605896966,0.01,0.08331929964445572,0.17248749033789978,6.663444332940146,0.01,0.13288726526664427,0.40734056334498,24.376789892050063,0.01,0.13166891629361233,0.3244530943956073,3.4385137142695408,0.01,0.08310968413884638,0.1367557182154503,8.593016409688365
1.97,48.87529996399999,45.03617460164766,3.8391253623523354,0.5836586445996647,24.09382114413641,0.08343057446432738,2.010161339096058,2.010161339096058,2.010161339096058,0.0,-0.0,0,0.01,0.01,0.15432279176366112,0.2959927911378778,34.837150423061466,0.01,0.08847612761699856,0.1849941022737971,6.9870396596811215,0.01,0.08345034584866554,0.17262190575475658,6.671387724785046,0.01,0.13270601371673885,0.4071422723479614,24.049575460098943,0.01,0.13147113959870438,0.3242548033985888,3.4341323708476015,0.01,0.08303727933293392,0.13668323643776828,8.587501885504883
1.98,49.25008888414814,45.37071454299301,3.879374341155137,0.5837917292443884,24.242846995674018,0.08378700964778386,2.031235655116287,2.031235655116287,2.031235655116287,0.0,-0.0,0,0.01,0.01,0.15445002807743186,0.29612705776726955,35.08709894086658,0.01,0.0886074161011201,0.18512836890318882,6.993577696600778,0.01,0.08358126602065502,0.1727561723841483,6.679054394440816,0.01,0.13252383011943594,0.40694299366056014,23.72435161647901,0.01,0.13127232683172602,0.3240555247111875,3.4301647021474886,0.01,0.0829643565176063,0.13661016752173583,8.577037983924408
1.99,49.62501111096296,45.70529976684232,3.9197113441206355,0.5838185683031593,24.391353662230635,0.0841427699709158,2.052356060480327,2.052356060480327,2.052356060480327,0.0,-0.0,0,0.01,0.01,0.15457709886959145,0.29626114755672456,35.33807620591655,0.01,0.08873854839285775,0.18526245869264388,6.9998725880485475,0.01,0.08371203108574063,0.17289026217360337,6.686490695699577,0.01,0.13234075397017242,0.40674276807230114,23.401143816863325,0.01,0.13107254825756007,0.3238552991229285,3.426359384773658,0.01,0.08289083004162463,0.13653649666044473,8.566701133536048
2.0,50.0,46.039872997341725,3.960127002658277,0.5837517550877113,24.539311836576527,0.08449779128341323,2.073517649805635,2.073517649805635,2.073517649805635,0.0,-0.0,0,0.01,0.01,0.15470397987959042,0.2963950354862829,35.59006531453494,0.01,0.088869499174315,0.18539634662220214,7.005944519941526,0.01,0.08384261587191626,0.17302415010316163,6.693715184542506,0.01,0.13215681974659965,0.40654163278768474,23.080003035682292,0.01,0.13087184593830256,0.32365416383831214,3.422674920141445,0.01,0.08281671298850315,0.1364622379320288,8.556562348457648
2.0100000000000002,50.37498888903704,46.3743841006691,4.000604788367946,0.5836036171187913,24.686646596492306,0.08485201749271944,2.094711768842148,2.094711768842148,2.094711768842148,0.0,-0.0,0,0.01,0.01,0.15483064971748758,0.29652869954122685,35.84305333767223,0.01,0.08900024609356312,0.18553001067714614,7.011812963252382,0.01,0.083972998150938,0.17315781415810563,6.700746058280271,0.01,0.1319720585637104,0.40633962133708856,22.76097242268104,0.01,0.13067025552369974,0.3234521523877159,3.419093160644546,0.01,0.08274201851522751,0.13638740422909065,8.5466024878675
2.02,50.749911115851845,46.7087897647261,4.041121351125746,0.5833856362701241,24.833240471837428,0.0852054001527987,2.1159261914935836,2.1159261914935836,2.1159261914935836,0.0,-0.0,0,0.01,0.01,0.15495708974588748,0.29666212056585994,36.09703008512546,0.01,0.0891307696320953,0.1856634317017792,7.017496400599769,0.01,0.08410315851525503,0.1732912351827387,6.707600602935289,0.01,0.13178649825380578,0.40613676366913515,22.444087832673063,0.01,0.13046780871335623,0.3232492947197625,3.415599117880089,0.01,0.08266675860556119,0.13631200726582482,8.53680207360942
2.0300000000000002,51.12470003600001,47.04305285937583,4.081647176624184,0.5831079089135925,24.978938485745076,0.08555789771948465,2.137145464104676,2.137145464104676,2.137145464104676,0.0,-0.0,0,0.01,0.01,0.15508328384034228,0.29679528199057853,36.35198666300444,0.01,0.08926105287088354,0.18579659312649785,7.0230114200477685,0.01,0.08423308014204516,0.17342439660745734,6.71429431480386,0.01,0.13160016358072055,0.4059330864441574,22.129379544652323,0.01,0.13026453373591357,0.3230456174947847,3.4121793775887963,0.01,0.08259094412437255,0.1362360576617476,8.527143390978507
2.04,51.49928904059259,47.377141507176475,4.12214753341612,0.5827786766283459,25.123554924167472,0.08590947450896025,2.158351401332228,2.158351401332228,2.158351401332228,0.0,-0.0,0,0.01,0.01,0.15520921803929974,0.29692816944558703,36.607913926511806,0.01,0.08939108114257144,0.18592948058150632,7.02837188180681,0.01,0.08436274844360764,0.17355728406246582,6.720840100434959,0.01,0.1314130766266483,0.40572861351644607,21.816874183937692,0.01,0.13006045577861677,0.32284114456707347,3.408822543845022,0.01,0.08251458495940933,0.13615956509907207,8.517611598874037
2.05,51.87361157407406,47.7110279128101,4.162583661263958,0.582403953157729,25.266881480020004,0.0862600994145941,2.179523708363292,2.179523708363292,2.179523708363292,0.0,-0.0,0,0.01,0.01,0.15533488010209476,0.29706077028173977,36.86480091318513,0.01,0.08952084158748005,0.1860620814176591,7.033588223362718,0.01,0.08449215062228822,0.17368988489861859,6.727247608286134,0.01,0.1312252573340793,0.40552336658096366,21.506596708874348,0.01,0.12985559756550902,0.32263589763159106,3.4055198172802887,0.01,0.08243769023117314,0.1360825385460612,8.508195686215025
2.06,52.24760115200001,48.04468701140338,4.202914140596625,0.5819872649072881,25.408696353495994,0.08660974444910402,2.2006406979611692,2.2006406979611692,2.2006406979611692,0.0,-0.0,0,0.01,0.01,0.1554602589981873,0.29719307302354736,37.122633333386894,0.01,0.08965032263668211,0.18619438415946665,7.0386669378771565,0.01,0.08462127515325496,0.17382218764042615,6.733522725271478,0.01,0.13103672417548434,0.4053173659516357,21.198572356491898,0.01,0.12964998007940784,0.3224298970022631,3.4022654689050102,0.01,0.08236026856026235,0.13600498653516105,8.4988892346237
2.07,52.62119137881483,48.37809500402414,4.243096374790692,0.5815295160774109,25.548773852233822,0.0869583831864298,2.221680066585987,2.221680066585987,2.221680066585987,0.0,-0.0,0,0.01,0.01,0.15558534435387186,0.29732506678230375,37.381392190033054,0.01,0.08977951344866134,0.18632637791822304,7.0436102501138915,0.01,0.08475011122164879,0.17395418139918253,6.7396672616728885,0.01,0.1308474949170585,0.4051106314319296,20.89282844785468,0.01,0.1294436233938216,0.322223162482557,3.3990571634572904,0.01,0.0822823283787364,0.13592691748193075,8.489690949620972
2.08,52.99431596562964,48.71122785317714,4.283088112452496,0.5810289832306653,25.686894020576794,0.08730598918122523,2.2426196914597565,2.2426196914597565,2.2426196914597565,0.0,-0.0,0,0.01,0.01,0.15571012588431424,0.29745674065875877,37.64105259264267,0.01,0.08990840332789406,0.18645805179467806,7.0484160038354435,0.01,0.0848786481424123,0.17408585527563755,6.745678838107472,0.01,0.1306575874383779,0.4049031832340668,20.589395963211324,0.01,0.12923654757324518,0.32201571428469417,3.3958961148129716,0.01,0.08220387826983237,0.1358483400287274,8.480604934356569
2.09,53.36690874799999,49.04405981203023,4.322848935969771,0.5804814377004066,25.822851835831212,0.08765253444352279,2.263438409970181,2.263438409970181,2.263438409970181,0.0,-0.0,0,0.01,0.01,0.1558345928390002,0.29758808316475005,37.901582820480705,0.01,0.09003698115408532,0.18658939430066931,7.053077763867739,0.01,0.08500687479146017,0.1742171977816288,6.751550977935632,0.01,0.13046702056728976,0.40469504290105396,20.288310810713913,0.01,0.12902877359683956,0.32180757395168136,3.392787066849562,0.01,0.08212492731893506,0.13576926339585893,8.471640693115976
2.1,53.7389037037037,49.376562058398115,4.362341645305586,0.5798803880349751,25.956465540255557,0.08799798804197995,2.284116744223473,2.284116744223473,2.284116744223473,0.0,-0.0,0,0.01,0.01,0.15595873348753167,0.2977190816917603,38.16294367677636,0.01,0.09016523484977723,0.18672039282767958,7.057585125085494,0.01,0.08513477907580648,0.17434819630863907,6.757273398024143,0.01,0.13027581488884088,0.40448623418583873,19.989614729770555,0.01,0.12882032425955575,0.32159876523646613,3.3897381022074105,0.01,0.0820454854581347,0.13568969772254025,8.462812865406462
2.11,54.11023497051852,49.708701498383824,4.401533472134697,0.5792174289403826,26.087583728537194,0.08834231490146074,2.3046375367646563,2.3046375367646563,2.3046375367646563,0.0,-0.0,0,0.01,0.01,0.15608253467025046,0.2978497220515759,38.425088161697175,0.01,0.09029315091169332,0.18685103318749519,7.061924210340909,0.01,0.08526234746788267,0.17447883666845465,6.7628324809904985,0.01,0.13008399348856609,0.4042767838442729,19.69335578999482,0.01,0.12861122500612798,0.3213893148949003,3.3867602900048754,0.01,0.08196556378702664,0.1356096543805011,8.454140705164589
2.12,54.48083686400001,50.040439795383755,4.440397068616258,0.5784826782064691,26.21609087881007,0.08868547484998944,2.324986468297748,2.324986468297748,2.324986468297748,0.0,-0.0,0,0.01,0.01,0.1562059814345656,0.2979799881102495,38.68796147594684,0.01,0.09042071402762845,0.1869812992461688,7.0660783301332915,0.01,0.08538956462570596,0.1746091027271283,6.768211903125756,0.01,0.12989158259391112,0.4040667223030674,19.399588468299203,0.01,0.12840150465692318,0.3211792533536948,3.3838671914936227,0.01,0.08188517485359523,0.13552914624445908,8.445647332202851
2.13,54.85064389525925,50.37173266839793,4.478911226861321,0.5776652791079372,26.341911097155727,0.08902742195691642,2.345152434398062,2.345152434398062,2.345152434398062,0.0,-0.0,0,0.01,0.01,0.1563290567732895,0.2981098615316373,38.95150135137185,0.01,0.09054790679613392,0.1871111726675566,7.070028769293577,0.01,0.08551641311598517,0.1747389761485161,6.773393385003298,0.01,0.12969861208277522,0.40385608417030094,19.108373308449465,0.01,0.1281911959902026,0.32096861522092834,3.381074249443969,0.01,0.08180433288101963,0.1354481879058265,8.437358794272729
2.14,55.21959078874076,50.70252948986954,4.517061298871214,0.5767539429400014,26.46500993671395,0.08936810418916084,2.3651277653914295,2.3651277653914295,2.3651277653914295,0.0,-0.0,0,0.01,0.01,0.15645174147601093,0.29823932164114403,39.215638689536156,0.01,0.09067470956092324,0.18724063277706332,7.073755660388858,0.01,0.08564287325192346,0.17486843625802279,6.778357526360394,0.01,0.1295051158348504,0.40364490856397667,18.819776188546058,0.01,0.12798033615263163,0.320757439614604,3.3783980924867576,0.01,0.08172305392893581,0.13536679581884548,8.429302987179211
2.15,55.58761249999999,51.032773198305335,4.554839301694653,0.5757375047964932,26.585394248366224,0.08970746339640581,2.3849082814143308,2.3849082814143308,2.3849082814143308,0.0,-0.0,0,0.01,0.01,0.156574014098807,0.29836834541426255,39.48029847555188,0.01,0.09080110036611332,0.18736965655018184,7.077238900259787,0.01,0.0857689230516721,0.17499746003114133,6.783084683596098,0.01,0.12931113190926996,0.40343323924319563,18.533867241140523,0.01,0.1277689668784977,0.32054577029382303,3.3758557893302443,0.01,0.08164135598095412,0.13528498837170982,8.421508487224019
2.16,55.95464423348149,51.362400525452166,4.592243708029323,0.5746054654797048,26.703110115678985,0.0900454356199252,2.4044931827731455,2.4044931827731455,2.4044931827731455,0.0,-0.0,0,0.01,0.01,0.1566958510517253,0.29849690758833725,39.745400922051026,0.01,0.09092705503241262,0.18749821872425657,7.08045906496869,0.01,0.08589453831739892,0.17512602220521606,6.787555847095636,0.01,0.1291167025406639,0.403221124536286,18.250719487255555,0.01,0.12755713450762035,0.3203336555869134,3.3734640897078614,0.01,0.08155925895389844,0.13520278587895054,8.41400335370113
2.17,56.320621460296294,51.69134252258303,4.629278937713267,0.5733484935341164,26.818239017728363,0.09038195170411213,2.4238847836896604,2.4238847836896604,2.4238847836896604,0.0,-0.0,0,0.01,0.01,0.156817226797735,0.29862498089002065,40.01086278849903,0.01,0.09105254734847432,0.18762629202593994,7.083398279706498,0.01,0.08601969282906283,0.17525409550689944,6.791753476705837,0.01,0.12892187395461888,0.40300861707019664,17.970407258627574,0.01,0.12734488980188988,0.32012114812082404,3.3712386889464008,0.01,0.08147678462811568,0.13512021049526748,8.40681396060045
2.18,56.68547993599999,52.01952535621696,4.665954579783035,0.5719588637455648,26.93089244530154,0.0907169381755079,2.4430881049716726,2.4430881049716726,2.4430881049716726,0.0,-0.0,0,0.01,0.01,0.15693811415153788,0.29875253636541377,40.276598813611336,0.01,0.09117754936613812,0.18775384750133306,7.086041003285129,0.01,0.08614435864151579,0.17538165098229255,6.795662256543812,0.01,0.12872669601232792,0.4027957733151536,17.693004491505896,0.01,0.12713228757024697,0.31990830436578094,3.3691935513048454,0.01,0.08139395650211365,0.1350372860548678,8.399963914218915
2.19,57.04915571837037,52.34687133103405,4.702284387336319,0.5704308119096152,27.04120526498066,0.09105031834186826,2.4621103477242934,2.4621103477242934,2.4621103477242934,0.0,-0.0,0,0.01,0.01,0.1570584846619932,0.29887954379514675,40.542523194456564,0.01,0.09130203178345057,0.18788085493106604,7.088374691915536,0.01,0.08626850646875152,0.1755086584120255,6.799269735114745,0.01,0.1285312217024396,0.40258265296750023,17.41858298008646,0.01,0.12691938612123144,0.3196951840181276,3.367340323842654,0.01,0.08131079957851924,0.13495403784404617,8.393473108976902
2.2,57.4115851851852,52.67330008743696,4.738285097748245,0.5687607900629059,27.149328178763405,0.09138201355410666,2.4809602756166473,2.4809602756166473,2.4809602756166473,0.0,-0.0,0,0.01,0.01,0.15717830905816915,0.29900597217287617,40.808551043976365,0.01,0.09142596439541065,0.18800728330879543,7.0903903132784185,0.01,0.08639210613520668,0.17563508678975492,6.802566822695561,0.01,0.12833550650539854,0.4023693182013742,17.14721067784815,0.01,0.12670624657052434,0.31948184925200157,3.3656878677209905,0.01,0.08122734009172712,0.13487049231801718,8.387356966351103
2.21,57.772705051999985,52.99872991361721,4.773975138382774,0.5669476114618907,27.255419661952256,0.09171194456724407,2.4996475371939395,2.4996475371939395,2.4996475371939395,0.0,-0.0,0,0.01,0.01,0.15729755773633916,0.2991317902230243,41.074599760662814,0.01,0.09154931658950471,0.18813310135894357,7.092082689482541,0.01,0.08651512707117162,0.17576090483990306,6.805548125127662,0.01,0.1281396076615387,0.40215583282603057,16.87895013092844,0.01,0.12649293203777492,0.3192683638766579,3.364241927849157,0.01,0.08114360519045796,0.13478667677573192,8.381625892655885
2.22,58.13245238992595,53.32307910743854,4.809373282487416,0.5649924801268574,27.35963777780926,0.09204003293303899,2.518181962105582,2.518181962105582,2.518181962105582,0.0,-0.0,0,0.01,0.01,0.15741620126372133,0.2992569669321639,41.340590248147606,0.01,0.09167205786139818,0.18825827806808318,7.0934506556378345,0.01,0.08663753882770116,0.17588608154904267,6.808212100978178,0.01,0.12794358337858058,0.4019422613899243,16.61385711954807,0.01,0.12627950677211955,0.3190547924405517,3.3630049549304943,0.01,0.08105962259062484,0.13470261900843375,8.376284980389372
2.23,58.4907646434074,53.646267322121176,4.844497321286225,0.5628989054691953,27.462132263643596,0.09236620235686538,2.5365728658147058,2.5365728658147058,2.5365728658147058,0.0,-0.0,0,0.01,0.01,0.15753421087444566,0.29938147206830895,41.60644793010542,0.01,0.09179415832569264,0.18838278320422824,7.094497029459759,0.01,0.08675931158598577,0.1760105866851877,6.810561037315182,0.01,0.1277474920167752,0.40172866827489234,16.351979571656933,0.01,0.12606603524891574,0.3188411993255197,3.361976086528065,0.01,0.08097542021530928,0.1346183469389431,8.371333965905603
2.24,58.847579648000014,53.96821683161908,4.879362816380931,0.5606725081055277,27.563037260269127,0.09269037995459203,2.554828396356923,2.554828396356923,2.554828396356923,0.0,-0.0,0,0.01,0.01,0.15765155893413227,0.29950527666348653,41.872103515387884,0.01,0.09191558919743446,0.18850658779940582,7.095228395897953,0.01,0.08688041663694697,0.1761343912803653,6.812600847574156,0.01,0.12755139129063456,0.4015151168238526,16.093356798294096,0.01,0.12585258128119947,0.31862764787447995,3.361151286215524,0.01,0.08089102583920114,0.1345338882690348,8.366767443658144
2.25,59.20283564814816,54.28885365657837,4.913981991569795,0.55832072816158,27.662465016670904,0.09301249735146279,2.5729549540980345,2.5729549540980345,2.5729549540980345,0.0,-0.0,0,0.01,0.01,0.15776821935149105,0.29962835343726,42.13749348022512,0.01,0.09203632322200521,0.1886296645731793,7.095654719166357,0.01,0.08700082680878507,0.1762574680541388,6.814340703119637,0.01,0.12735533752496006,0.40130166854335825,15.83801908326365,0.01,0.12563920718819152,0.3184141995939856,3.360523632375053,0.01,0.08080646675453897,0.1344492701517768,8.362575324740382
2.2600000000000002,59.55647131496298,54.608108499560274,4.948362815402706,0.5558524519308943,27.760500846686853,0.09333249157391309,2.5909567113610077,2.5909567113610077,2.5909567113610077,0.0,-0.0,0,0.01,0.01,0.15788416791839222,0.2997506771422086,42.40256024789291,0.01,0.09215633503401557,0.1887519882781279,7.095788802244445,0.01,0.08712051682321575,0.17637979175908738,6.815792517484694,0.01,0.12715938499981574,0.4010883824182403,15.585987641448284,0.01,0.12542597305991451,0.3182009134688677,3.360083741240977,0.01,0.08072176947441291,0.13436451890435466,8.358743515646589
2.27,59.90842576400001,54.925917448374406,4.982508315625596,0.5532775764637532,27.85719954751234,0.09365030569639132,2.6088352534699046,2.6088352534699046,2.6088352534699046,0.0,-0.0,0,0.01,0.01,0.15799938256373514,0.2998722248165618,42.66725206058183,0.01,0.09227560142968853,0.18887353595248108,7.095645620754624,0.01,0.08723946356500671,0.1765013394334406,6.816970308969244,0.01,0.1269635854143557,0.4008753143696554,15.337274941495446,0.01,0.1252129361518134,0.31798784542028274,3.359820302535641,0.01,0.08063695948732864,0.13427965977479336,8.355254782627538
2.2800000000000002,60.25863857303704,55.242222418364776,5.016416154672264,0.5506065343488786,27.95258341444263,0.09396588921798225,2.626589356477924,2.626589356477924,2.626589356477924,0.0,-0.0,0,0.01,0.01,0.15811384351094776,0.2999929759340139,42.931522553189836,0.01,0.09239410154174793,0.18899428706993324,7.095241563783186,0.01,0.08735764625396256,0.17662209055089273,6.817889472708475,0.01,0.12676798749326393,0.4006625168804445,15.091885370427981,0.01,0.1250001504364828,0.31777504793107186,3.3597207008689973,0.01,0.08055206107427686,0.1341947167732038,8.352089757978248
2.29,60.60704979985185,55.55697131769698,5.050078482154877,0.547849802497381,28.046641906307094,0.09427919815730172,2.644214909931609,2.644214909931609,2.644214909931609,0.0,-0.0,0,0.01,0.01,0.1582275333338509,0.30011291244595,43.195330053009776,0.01,0.0925118169107871,0.1891142235818693,7.09459361828063,0.01,0.08747504651346415,0.1767420270628288,6.818565997428716,0.01,0.126572636752312,0.40045003880318797,14.849816201082582,0.01,0.12478766633154632,0.31756256985381537,3.359771692183496,0.01,0.08046709719635133,0.13410971257488652,8.34922803802558
2.3000000000000003,60.95360000000001,55.87011793344463,5.0834820665553755,0.5450174190871838,28.13933293548351,0.09459019486804937,2.6617049858243047,2.6617049858243047,2.6617049858243047,0.0,-0.0,0,0.01,0.01,0.1583404369106667,0.3002320187166416,43.45863664269257,0.01,0.09262873145222739,0.1892333298525609,7.093718536300378,0.01,0.08759164833479938,0.17686113333352038,6.819015664582404,0.01,0.12637757543156705,0.400237925357144,14.611058808756816,0.01,0.12457553061382588,0.3173504564077714,3.3599601020759553,0.01,0.0803820894573745,0.13402466849897915,8.346649318240075
2.31,61.29823024459261,56.1816215498756,5.11660869471701,0.5421185319791539,28.230585679116096,0.09489884759108257,2.6790500477694366,2.6790500477694366,2.6790500477694366,0.0,-0.0,0,0.01,0.01,0.15845254128089242,0.3003502813571495,43.72140703519629,0.01,0.09274483132303436,0.18935159249306877,7.092632024906682,0.01,0.08770743794156996,0.17697939597402826,6.819253268283001,0.01,0.12618284259648313,0.4000262183108688,14.375600072050647,0.01,0.12436378652063826,0.3171387493614962,3.3602735120530016,0.01,0.08029705814220742,0.13393960456252946,8.344334509364
2.32,61.64088213807407,56.49144632313099,5.149435814943084,0.5391609999375206,28.32030473782523,0.09520512977125811,2.696238287726227,2.696238287726227,2.696238287726227,0.0,-0.0,0,0.01,0.01,0.15856383541435742,0.3004676889684505,43.98360731836371,0.01,0.09286010469709814,0.1894690001043698,7.091347997391339,0.01,0.08782240356318162,0.17709680358532928,6.819291893315535,0.01,0.12598847439890856,0.39981495633818864,14.143423884862154,0.01,0.12415247402982853,0.31692748738881604,3.3607009005514312,0.01,0.08021202232763719,0.13385453960611207,8.34226677979977
2.33,61.98149783600001,56.799560447854795,5.181937388145214,0.5361510649961015,28.4083754080151,0.095509019177998,2.713256071659881,2.713256071659881,2.713256071659881,0.0,-0.0,0,0.01,0.01,0.1586743099058165,0.3005842318084629,44.245203632759434,0.01,0.09297454146237874,0.18958554294438218,7.089877921274701,0.01,0.08793653513060026,0.17721334642534167,6.819142285538608,0.01,0.12579450448233517,0.39960417552680355,13.914512702471802,0.01,0.12394163030145937,0.3167167065774309,3.3612332080661345,0.01,0.08012700005914164,0.1337694914835695,8.340432473518472
2.34,62.320020062814805,57.10593516073953,5.214084902075277,0.5330931104775463,28.494669786491425,0.09581049687708453,2.7300884705921913,2.7300884705921913,2.7300884705921913,0.0,-0.0,0,0.01,0.01,0.15878395661172315,0.3006999014009868,44.506160849093284,0.01,0.09308813285637865,0.18970121253690608,7.088230293680139,0.01,0.08804982391099421,0.1773290160178656,6.818812344295406,0.01,0.12560096450888614,0.39939391001154767,13.688849044610093,0.01,0.1237312902563438,0.31650644106217507,3.361863799676967,0.01,0.08004200858360741,0.13368447730532745,8.338821859256141
2.35,62.65639212962963,57.410543632979426,5.245848496650202,0.529989514702766,28.579053393469074,0.09610954610721666,2.7467198498202228,2.7467198498202228,2.7467198498202228,0.0,-0.0,0,0.01,0.01,0.1588927682482284,0.3008146901069615,44.766441310845124,0.01,0.09320087105908526,0.18981600124288078,7.086410268142775,0.01,0.08816226210043672,0.17744380472384025,6.818306760223934,0.01,0.12540788477990297,0.39918419269856475,13.466416882380322,0.01,0.1235214872602099,0.3162967237491921,3.3625888035669242,0.01,0.07995706462538581,0.1335995137221683,8.337429675692272
2.36,62.99055795200002,57.71335980797054,5.277198144029477,0.5268406055582603,28.661391983357696,0.09640615111812677,2.763134486803449,2.763134486803449,2.763134486803449,0.0,-0.0,0,0.01,0.01,0.15900073797086695,0.30092859067977196,45.02600370356774,0.01,0.09331274876411348,0.18992990181569122,7.084419449277347,0.01,0.08827384239540297,0.17755770529665071,6.817626814502565,0.01,0.12521529491781988,0.39897505604264616,13.247202843487466,0.01,0.12331225387752205,0.31608758709327356,3.363407310490881,0.01,0.07987218469103995,0.13351461723446295,8.336255447693834
2.37,63.322462067703725,58.01435724211144,5.308104825592288,0.5236447160696335,28.741558212373118,0.0967002960274805,2.7793171874275435,2.7793171874275435,2.7793171874275435,0.0,-0.0,0,0.01,0.01,0.15910785895677995,0.30104159582658047,45.284802105470874,0.01,0.09342375874933095,0.19004290696249976,7.082255863217192,0.01,0.08838455756431911,0.17767071044345928,6.816770347342619,0.01,0.1250232245744804,0.39876653283789476,13.031197181115251,0.01,0.1231036226560609,0.3158790638885221,3.36432142615993,0.01,0.07978738538686003,0.13342980451075018,8.335303560439987
2.38,63.65204965451853,58.313508005223085,5.338541649295448,0.5203983362124321,28.819437847611507,0.09699196375141246,2.7952538710516195,2.7952538710516195,2.7952538710516195,0.0,-0.0,0,0.01,0.01,0.1592141240096868,0.3011536977968212,45.542785263895254,0.01,0.09353389346775215,0.19015500893274054,7.0799141028400765,0.01,0.08849440003989896,0.17778281241370003,6.815731895012522,0.01,0.12483170413026246,0.39855865698179205,12.818394465078116,0.01,0.12289562690240653,0.31567118803241945,3.3653361759418168,0.01,0.07970268373275949,0.1333450926992617,8.33458309051106
2.39,63.97926654799999,58.61078169305389,5.368484854946108,0.5170963516163776,28.894935232562297,0.09728113505857926,2.810932096867793,2.810932096867793,2.810932096867793,0.0,-0.0,0,0.01,0.01,0.15931952520621426,0.30126488801715784,45.79989613084772,0.01,0.09364314467799989,0.19026619915307713,7.077385638219336,0.01,0.08860336155149096,0.17789400263403662,6.81450298636169,0.01,0.12464076534934397,0.3983514641746354,12.608793969069803,0.01,0.12268830140949036,0.3154639952252628,3.3664592685525387,0.01,0.07961809745652036,0.1332604997165172,8.334107405056962
2.4,64.30405925925925,58.90614459781924,5.397914661440012,0.5137323558027928,28.967977767286445,0.09756778779034708,2.8263415075140963,2.8263415075140963,2.8263415075140963,0.0,-0.0,0,0.01,0.01,0.1594240535997236,0.3013751567894691,46.05607167745093,0.01,0.09375150313124508,0.19037646792538837,7.074659274644781,0.01,0.08871143281425087,0.17800427140634786,6.813072581968818,0.01,0.12445044195908231,0.3981449925200399,12.40239974380713,0.01,0.1224816831003004,0.3152575235706673,3.36770073230825,0.01,0.07953364525350912,0.13317604449842724,8.333893551559663
2.41,64.62637499274076,59.19955907412344,5.426815918617314,0.5102990193210694,29.03851921517511,0.09785189628059511,2.841474170385383,2.841474170385383,2.841474170385383,0.0,-0.0,0,0.01,0.01,0.1595276989945855,0.30148449306496305,46.31124299357394,0.01,0.0938589583283883,0.19048580420088232,7.071721733580914,0.01,0.08881860328879301,0.1781136076818418,6.811427632350808,0.01,0.12426077012564861,0.39793928299755926,12.199220381983011,0.01,0.122275811556466,0.3150518140481866,3.3690724435336543,0.01,0.07944934699885807,0.13309174720135936,8.333961470821176
2.42,64.94616166400004,59.490983127386336,5.455178536613704,0.5067884967599366,29.10654170948491,0.09813343099809992,2.856324802441055,2.856324802441055,2.856324802441055,0.0,-0.0,0,0.01,0.01,0.1596304498001171,0.3015928843035075,46.56533566495664,0.01,0.09396549835751089,0.1905941954394268,7.068558326444384,0.01,0.08892486102122775,0.1782219989203863,6.809553726273402,0.01,0.12407178880351344,0.39773437978517273,11.999268496238484,0.01,0.1220707294065548,0.3148469108358001,3.3705875716980223,0.01,0.07936522390160673,0.13300762934323684,8.33433307388679
2.43,65.26336791748149,59.780370240586414,5.48299767689507,0.5031928511982707,29.172056398519146,0.09841235842312132,2.8708908702305758,2.8708908702305758,2.8708908702305758,0.0,-0.0,0,0.01,0.01,0.15973229296930633,0.30170031642291706,46.81827040736373,0.01,0.0940711098174961,0.19070162755883635,7.065153687138543,0.01,0.08903019256936286,0.17832943103979587,6.807435796415342,0.01,0.12388353994284203,0.39753033041705776,11.802559945091927,0.01,0.12186648255616195,0.31464286146768516,3.3722599694121773,0.01,0.07928129859328147,0.13292371387781113,8.335031229778764
2.44,65.5779431442963,60.06766944330629,5.510273700990002,0.4995044752725694,29.2351027351222,0.09868864115820976,2.8851725630498715,2.8851725630498715,2.8851725630498715,0.0,-0.0,0,0.01,0.01,0.15983321402322004,0.3018067738384747,47.06996392534512,0.01,0.09417577782941321,0.190808084974394,7.061492527286963,0.01,0.08913458301654233,0.1784358884553535,6.805058847621094,0.01,0.12369606854598597,0.39732718577033244,11.609112853391679,0.01,0.12166312024987785,0.31443971682095984,3.3741035375928536,0.01,0.07919759514671042,0.13284002519861818,8.33607871443415
2.45,65.88983749999996,60.35282561531414,5.537011884685813,0.4957164886684933,29.295746480794815,0.0989622382619712,2.8991726432947207,2.8991726432947207,2.8991726432947207,0.0,-0.0,0,0.01,0.01,0.15993319715783233,0.3019122395886062,47.32032995322153,0.01,0.09427948613298659,0.19091355072452548,7.057560377789117,0.01,0.08923801607033371,0.17854135420548498,6.80240867268148,0.01,0.12350942257169852,0.39712499988288263,11.418946482713816,0.01,0.12146069496358503,0.31423753093351,3.376131596656571,0.01,0.07911413902435213,0.13275658907262736,8.337497172366252
2.46,66.19900192237034,60.6357800057996,5.563221916570745,0.4918230934370891,29.35407655420818,0.09923310578409161,2.912896183898064,2.912896183898064,2.912896183898064,0.0,-0.0,0,0.01,0.01,0.16003222542611625,0.3020166955385815,47.56928042826184,0.01,0.09438221726144154,0.1910180066745008,7.053344281926179,0.01,0.08934047423925943,0.1786458101554603,6.799472522022108,0.01,0.12332365269307877,0.3969238296125784,11.232080013017237,0.01,0.12125926213383079,0.3140363606632057,3.378356293668271,0.01,0.07903095695888653,0.13267343250703822,8.33930614089288
2.47,66.50538814918517,60.91647093943236,5.588917209752811,0.48781987099297264,29.41020090541935,0.09950119747082724,2.926350207946833,2.926350207946833,2.926350207946833,0.0,-0.0,0,0.01,0.01,0.16013028098480456,0.3021201226505717,47.81672674039039,0.01,0.09448395278442427,0.191121433786491,7.048833408291295,0.01,0.08944193907719154,0.17874923726745048,6.796239696605179,0.01,0.1231388119222085,0.39672373415573087,11.048531299622045,0.01,0.1210588797388478,0.3138362652063582,3.3807880730599025,0.01,0.07894807677210264,0.13259058355591646,8.341522183201484
2.48,66.808948736,61.19483467207599,5.614114063924012,0.48370400783352224,29.464241638496404,0.09976646560280554,2.939543249939802,2.939543249939802,2.939543249939802,0.0,-0.0,0,0.01,0.01,0.16022734539238834,0.30222250130550377,48.062581000349205,0.01,0.09458467360569357,0.19122381244142306,7.044019556350076,0.01,0.08954239148205033,0.17885161592238255,6.792702037695666,0.01,0.12295495512065266,0.3965247744491842,10.868315668955209,0.01,0.12085960775276836,0.3136373054998116,3.3834352348974375,0.01,0.07886552714106172,0.13250807107621365,8.344158170132467
2.49,67.10963707392594,61.47080635264012,5.638830721285819,0.47947444075461343,29.5163296347751,0.10002886192166703,2.9524848614713273,2.9524848614713273,2.9524848614713273,0.0,-0.0,0,0.01,0.01,0.16032339994282052,0.3023238116600516,48.306757267986974,0.01,0.09468436030001087,0.19132512279597091,7.03889753302265,0.01,0.0896418120331996,0.1789529262769304,6.788854292457253,0.01,0.12277213842015572,0.39632701248568003,10.691444813057558,0.01,0.12066150750037269,0.31343954353630743,3.386303600073011,0.01,0.07878333732297112,0.13242592444506598,8.347222743066524
2.5,67.40740740740739,61.744321043449304,5.663086363958091,0.4751319164371684,29.566598945584484,0.10028833859900899,2.965185086275879,2.965185086275879,2.965185086275879,0.0,-0.0,0,0.01,0.01,0.16041842601809136,0.30242403402085616,48.549172685171506,0.01,0.0947829934721989,0.19142534515677542,7.033465385082377,0.01,0.08974018135049858,0.17905314863773492,6.784694340546558,0.01,0.12259041858175604,0.39613051057582904,10.51792583633579,0.01,0.12046464094406162,0.31324304162645644,3.3893962963442776,0.01,0.07870153685206308,0.13234417325199185,8.350719980889837
2.5100000000000002,67.70221485200001,62.0153147497967,5.686900102203304,0.47067896453330704,29.615181226540027,0.10054484920034958,2.977653930463491,2.977653930463491,2.977653930463491,0.0,-0.0,0,0.01,0.01,0.16051240544239756,0.30252314921772233,48.7897484629792,0.01,0.09488055412074889,0.19152446035364162,7.027724479078235,0.01,0.0898374804574032,0.17915226383460114,6.780223273505993,0.01,0.12240985232398402,0.3959353305920301,10.347760499330194,0.01,0.12026906993746062,0.3130478616426575,3.3927136732111762,0.01,0.07862015522294705,0.13226284698063834,8.354649283916848
2.52,67.99401541214816,62.28372541006403,5.710290002084131,0.4661197875817835,29.662200475652323,0.10079834959839423,2.9899008534024585,2.9899008534024585,2.9899008534024585,0.0,-0.0,0,0.01,0.01,0.16060532082102724,0.3026211389580861,49.02841068034502,0.01,0.0949770239886301,0.19162245009400541,7.021679427648664,0.01,0.08993369113080493,0.1792502535749649,6.775445325681204,0.01,0.12223049565172092,0.3957415332299139,10.180944693501674,0.01,0.12007485548104353,0.3128540642805413,3.396253347406834,0.01,0.07853922157534461,0.13218197469501758,8.359005477137151
2.5300000000000002,68.282765998963,62.549493800836004,5.733272198126992,0.46146007502681197,29.707768315411865,0.10104879879360408,3.00193430311106,3.00193430311106,3.00193430311106,0.0,-0.0,0,0.01,0.01,0.16069715584828645,0.3027179861464274,49.26509086076682,0.01,0.09507238588506117,0.19171929728234668,7.015337868073966,0.01,0.09002879622142085,0.17934710076330618,6.77036766218262,0.01,0.1220524032166564,0.39554917732137573,10.017468168889796,0.01,0.11988205701438914,0.31266170837200313,3.400010374632281,0.01,0.07845876439481461,0.1321015847447201,8.36377912449217
2.54,68.56842444799996,62.8125643166174,5.755860131382558,0.4567067521161718,29.751980026073866,0.10129615960570652,3.013761317306971,3.013761317306971,3.013761317306971,0.0,-0.0,0,0.01,0.01,0.1607878955707187,0.3028136751544395,49.49972630465596,0.01,0.09516662396385324,0.19181498629035884,7.00871010563569,0.01,0.09012277993041551,0.17944278977131833,6.765000035834921,0.01,0.12187562773815437,0.39535831923011094,9.857314523646021,0.01,0.11969073177723129,0.3124708502807383,3.403977537295418,0.01,0.07837881124305499,0.13202170450242948,8.36895703592027
2.5500000000000003,68.85094953703708,63.07288559077422,5.778063946262862,0.45186767735181405,29.794911495510473,0.10154039920701823,3.0253872075919097,3.0253872075919097,3.0253872075919097,0.0,-0.0,0,0.01,0.01,0.16087752659440402,0.3029081920305267,49.73226016700622,0.01,0.09525972394642754,0.191909503166446,7.001808640373924,0.01,0.09021562803044093,0.17953730664740547,6.759354331038578,0.01,0.12170021950985296,0.39516901235594815,9.700461451355896,0.01,0.11950093426747839,0.31228154340657555,3.4081457327050417,0.01,0.07829938852969016,0.1319423601452571,8.374522939951278
2.56,69.13030100385184,63.33041093278212,5.799890071069717,0.4469513043312779,29.836617202450586,0.10178148947687708,3.036815339816834,3.036815339816834,3.036815339816834,0.0,-0.0,0,0.01,0.01,0.16096603722812572,0.3030015246404309,49.96264128220073,0.01,0.09535167328059556,0.1920028357763502,6.994647600955933,0.01,0.09030732802227662,0.17963063925730968,6.753444017361789,0.01,0.12152622601268358,0.3949813067684626,9.546881229498073,0.01,0.11931271581909446,0.31209383781908995,3.4125044416728163,0.01,0.07822052133521493,0.131863576489069,8.380458286858712
2.57,69.40643956400001,63.58509856633198,5.821340997668034,0.441966325160189,29.87712929726949,0.10201940716565855,3.048047018719162,3.048047018719162,3.048047018719162,0.0,-0.0,0,0.01,0.01,0.161053417557504,0.3030936627343331,50.1908237504828,0.01,0.09544246122951781,0.19209497387025237,6.987242113491691,0.01,0.09039786922158384,0.1797227773512119,6.747283539755921,0.01,0.12135369164944206,0.3947952489836344,9.396541420861338,0.01,0.11912612431643342,0.3119077800342618,3.4170422539363985,0.01,0.07814223329208303,0.13178537688221373,8.386743141732637
2.58,69.67932692859259,63.8369116628259,5.842415265766691,0.4369213130886608,29.916457790269085,0.10225413386631875,3.0590814796922494,3.0590814796922494,3.0590814796922494,0.0,-0.0,0,0.01,0.01,0.16113965944864678,0.30318459793942987,50.416766311520774,0.01,0.0955320788887499,0.19218590907534913,6.979607635825782,0.01,0.09048724277378366,0.17981371255630862,6.740887674924559,0.01,0.12118265760987741,0.394610881890064,9.249405749883923,0.01,0.11894120405463732,0.3117234129406914,3.421747424404754,0.01,0.07806454652795049,0.1317077831620258,8.393357122749366
2.59,69.94892582207407,64.08581817479998,5.863107647274085,0.431824381622983,29.954591804378662,0.10248565580069041,3.0699159853137337,3.0699159853137337,3.0699159853137337,0.0,-0.0,0,0.01,0.01,0.1612247564832876,0.3032743236805962,50.64043154106379,0.01,0.0956205191327747,0.19227563481651547,6.971759289258652,0.01,0.09057544159855421,0.17990343829747496,6.734270884806776,0.01,0.12101316186878958,0.39442824482382605,9.105435108018362,0.01,0.11875799574840146,0.3115407758744534,3.4266084331248,0.01,0.0779874816719565,0.13163081567433382,8.400280338523771
2.6,70.21519999999998,64.33179048334301,5.883409516656971,0.4266828761303819,29.991501799770656,0.10271396343642004,3.080546019264969,3.080546019264969,3.080546019264969,0.0,-0.0,0,0.01,0.01,0.16130870383060394,0.30336283503511585,50.861784914637454,0.01,0.09570777649573635,0.19236414617103514,6.9637112194603725,0.01,0.09066246026875317,0.17999194965199464,6.727446697942965,0.01,0.12084523931317082,0.39424737378381325,8.964588636887061,0.01,0.11857653668414664,0.31135990483444065,3.43161452200581,0.01,0.07791105792181441,0.13155449335310107,8.40749427894254
2.61,70.4781142668148,64.57480488218734,5.903309384627462,0.42150311196887014,30.0271426344124,0.10293905095806573,3.090965565768886,3.090965565768886,3.090965565768886,0.0,-0.0,0,0.01,0.01,0.161391498063789,0.30345012853044806,51.08079378814939,0.01,0.09579384699408369,0.19245143966636735,6.955476016656049,0.01,0.0907482948315525,0.18007924314732687,6.72042714793797,0.01,0.1206789219883035,0.3940683017727483,8.826824835240087,0.01,0.11839686100377782,0.31118083282337566,3.4367561827993516,0.01,0.07783529316654368,0.13147883385442724,8.414982616737706
2.62,70.73763449362961,64.81484092843598,5.9227935651936265,0.41629017055405954,30.061457288879417,0.10316091562214702,3.101167458856866,3.101167458856866,3.101167458856866,0.0,-0.0,0,0.01,0.01,0.16147313693185172,0.30353620189646474,51.29742634865593,0.01,0.09587872790136297,0.19253751303238403,6.947064222120511,0.01,0.09083294258208971,0.18016531651334353,6.713222295258735,0.01,0.12051423944722398,0.3938910592432422,8.69210263582369,0.01,0.11821900010207526,0.31100359029386954,3.442025573565637,0.01,0.07776020415704574,0.13140385373658595,8.422731882208106
2.63,70.99372763599997,65.05188069553216,5.941846940467815,0.4110477616654027,30.09438105738134,0.10337955703057619,3.111143782821446,3.111143782821446,3.111143782821446,0.0,-0.0,0,0.01,0.01,0.16155361909894966,0.30362105378542986,51.511650588954,0.01,0.09596241748736792,0.19262236492134915,6.9384839434486345,0.01,0.09091640180189133,0.18025016840230865,6.705839854236383,0.01,0.12035121918334138,0.39371567462362045,8.560382400978906,0.01,0.11804298311465229,0.31082820567424785,3.4474168445740623,0.01,0.077685806714539,0.13132956867568008,8.430731980063882
2.64,71.24636175170367,65.28590796784621,5.960453783857467,0.4057781568627126,30.125845990836982,0.10359497635974306,3.1208863032380174,3.1208863032380174,3.1208863032380174,0.0,-0.0,0,0.01,0.01,0.16163294386473728,0.3037046834741392,51.723433357670075,0.01,0.0960449147351783,0.1927059946100585,6.9297405956994105,0.01,0.09099867147562783,0.180333798091018,6.698284941866156,0.01,0.12018988712245836,0.3935421748949336,8.43162679110413,0.01,0.11786883746954221,0.310654705945561,3.4529263593382424,0.01,0.0776121159652185,0.13125599370496635,8.438976525779099
2.65,71.49550601851853,65.51690741801283,5.978598600505683,0.40048219530760276,30.15578537247697,0.10380717558348079,3.1303869070184787,3.1303869070184787,3.1303869070184787,0.0,-0.0,0,0.01,0.01,0.16171111087970963,0.3037870905630498,51.93273953156612,0.01,0.09612621905025676,0.1927884016989691,6.920836779023439,0.01,0.09107975100037644,0.18041620517992857,6.690559958806984,0.01,0.12003026814813203,0.393370586188739,8.305801467555618,0.01,0.11769658947301731,0.3104831172393664,3.4585528017778824,0.01,0.07753914658846782,0.1311831434649932,8.447462987998058
2.66,71.741130752,65.74486380787187,5.996266944128131,0.395159359744057,30.184138011745116,0.10401615672723072,3.1396380301060423,3.1396380301060423,3.1396380301060423,0.0,-0.0,0,0.01,0.01,0.16178811986932826,0.3038682746869169,52.139531349897496,0.01,0.09620632997571468,0.1928695858228362,6.911772296661397,0.01,0.09115963990148937,0.1804973893037957,6.682664606364276,0.01,0.11987238663331792,0.3932009343749529,8.182875600768124,0.01,0.11752626489927545,0.31031346542558025,3.464297166222144,0.01,0.07746691306555983,0.13111103245144387,8.45619263337819
2.67,71.98320742325929,65.96976125161474,6.013446171644544,0.38980791706043,30.210852157660003,0.10422192118804635,3.148633052599361,3.148633052599361,3.148633052599361,0.0,-0.0,0,0.01,0.01,0.1618639703798688,0.30394823525045456,52.3437679418392,0.01,0.0962852469271278,0.19294954638637388,6.9025443102571415,0.01,0.09123833756841333,0.18057734986733337,6.6745960365726305,0.01,0.11971626695157571,0.39303324561028996,8.062822164850758,0.01,0.11735788955417131,0.3101457766609173,3.4701626327448807,0.01,0.07739542991604752,0.1310396752479778,8.465170279961649
2.68,72.22170867674077,66.19158257568567,6.030126101055099,0.3844251148893494,30.235888857194016,0.10442446915082379,3.157366643215793,3.157366643215793,3.157366643215793,0.0,-0.0,0,0.01,0.01,0.16193866155748513,0.30402697120091415,52.545405067742514,0.01,0.096362968958934,0.19302828233683345,6.893147622746839,0.01,0.09131584302244086,0.18065608581779294,6.666349125970727,0.01,0.11956193394273729,0.39286754682044345,7.94561801092733,0.01,0.11719148978515231,0.30998007787107085,3.4761543358861005,0.01,0.07732471190993323,0.13096908673238325,8.474403874574806
2.69,72.456608348,66.41030880437643,6.046299543623576,0.3790074232360083,30.25922461621003,0.10462379912556988,3.1658350379418576,3.1658350379418576,3.1658350379418576,0.0,-0.0,0,0.01,0.01,0.1620121919700348,0.304104480847334,52.74439508403455,0.01,0.09643949457256572,0.19310579198325328,6.883575073059437,0.01,0.09139215472647721,0.18073359546421278,6.657916857813901,0.01,0.11940941331073156,0.39270386609304325,7.8312437227315845,0.01,0.11702709291285708,0.3098163971436706,3.4822790398424663,0.01,0.07725477424516101,0.13089928224592437,8.483903917943621
2.7,72.6878814814815,66.62591879320543,6.0619626882760675,0.3735508082649165,30.28085325825194,0.10481990762393571,3.1740362413039214,3.1740362413039214,3.1740362413039214,0.0,-0.0,0,0.01,0.01,0.16208455947886377,0.3041807617336747,52.94068713067353,0.01,0.09651482157416183,0.193182072869594,6.873818021761497,0.01,0.09146727044458774,0.1808098763505535,6.649290792521126,0.01,0.11925873193506559,0.3925422329633319,7.7196832684918455,0.01,0.11686472756424382,0.3096547640139593,3.4885447374812406,0.01,0.07718563268191209,0.1308302777178007,8.493682768307306
2.71,72.91550434829632,66.83838902445332,6.077115323843004,0.3680510241922259,30.30078691803918,0.10501278898600194,3.1819701427338565,3.1819701427338565,3.1819701427338565,0.0,-0.0,0,0.01,0.01,0.1621557611651309,0.3042558105702452,53.13422752892197,0.01,0.09658894698709457,0.1932571217061645,6.863866902747056,0.01,0.09154118715647308,0.18088492518712398,6.640461602222065,0.01,0.11910991808206663,0.3923826785801712,7.610923472830273,0.01,0.11670442389240158,0.3094952096307986,3.494960193868839,0.01,0.07711730362749389,0.1307620897390187,8.503753859461433
2.72,73.13945446400004,67.04769357103686,6.091760892963172,0.36250390876218913,30.319056149744455,0.10520243536077228,3.1896385447931164,3.1896385447931164,3.1896385447931164,0.0,-0.0,0,0.01,0.01,0.16222579331250103,0.3043296232249021,53.32496036763934,0.01,0.09666186702177007,0.19333093436082138,6.8537118135221435,0.01,0.09161390102923912,0.18095873784178085,6.631419642819855,0.01,0.11896300150715064,0.3922252357461098,7.504953340430152,0.01,0.11654621367407031,0.3093377667967372,3.501534457200063,0.01,0.07704980416817302,0.13069473558258257,8.51413087263995
2.73,73.3597106063703,67.25380422665079,6.105906379719512,0.35690566803335566,30.335709172900515,0.10538883683638954,3.197045104338978,3.197045104338978,3.197045104338978,0.0,-0.0,0,0.01,0.01,0.16229465144528377,0.30440219477260105,53.512828247618366,0.01,0.09673357710235662,0.19340350590852035,6.843343115384512,0.01,0.09168540744602553,0.18103130938947984,6.62215553569001,0.01,0.11881801344483656,0.3920699388315224,7.401763269545285,0.01,0.11639013028205866,0.3091824698821498,3.508276361055432,0.01,0.07698315204698251,0.13062823316960825,8.524826902912245
2.74,73.57625283318515,67.45669079219374,6.119562040991421,0.3512531371288196,30.35081031907308,0.10557198170907983,3.2041951918609346,3.2041951918609346,3.2041951918609346,0.0,-0.0,0,0.01,0.01,0.16236233041847967,0.3044735195991406,53.69777314656311,0.01,0.09680407194739708,0.1934748307350599,6.832752015002901,0.01,0.0917557010883642,0.1811026342160194,6.612660731416901,0.01,0.1186749864886974,0.39191682356893975,7.301344197616226,0.01,0.11623620853588763,0.30902935461956715,3.515194041784386,0.01,0.07691736558919526,0.13056260098361666,8.535853660215054
2.75,73.7890625,67.65632150129214,6.132740998707854,0.3455440051503978,30.36443777836747,0.10575185687358918,3.211095677984921,3.211095677984921,3.211095677984921,0.0,-0.0,0,0.01,0.01,0.16242882455383512,0.30454359155248867,53.879737362416144,0.01,0.09687334569880035,0.19354490268840796,6.821931100488124,0.01,0.0918247760666865,0.18117270616936745,6.602928029436617,0.01,0.11853395436866715,0.39176592673934646,7.2036867232655695,0.01,0.11608448443980725,0.3088784577899738,3.522294493479263,0.01,0.07685246357967158,0.13049785793773974,8.547220742494526
2.7600000000000002,73.99812227792593,67.85266356156916,6.145458716356767,0.3397769945256049,30.376680774900176,0.10592844831266364,3.2177546593742967,3.2177546593742967,3.2177546593742967,0.0,-0.0,0,0.01,0.01,0.16249412781400813,0.3046124041330305,54.05866448993582,0.01,0.09694139209158838,0.1936137152689498,6.810874807854203,0.01,0.09189262609129328,0.1812415187499093,6.592952030176681,0.01,0.118394951637854,0.3916172857671607,7.108780248729889,0.01,0.1159349948225529,0.30872981681778805,3.529583180725385,0.01,0.07678846509853807,0.130434023201759,8.558935014048256
2.77,74.20341617140738,68.04568378344506,6.157732387962317,0.3339519875343156,30.387636323221475,0.10610174165916351,3.224181138799058,3.224181138799058,3.224181138799058,0.0,-0.0,0,0.01,0.01,0.16255823400539135,0.3046799507125056,54.23450038493277,0.01,0.09700820465509503,0.19368126184842488,6.799579797554909,0.01,0.09195924467443493,0.18130906532938437,6.582729499980393,0.01,0.11825801328503376,0.39147093824460266,7.016612184488154,0.01,0.11578777689759169,0.30858346929523,3.5370637260373123,0.01,0.07672538932353169,0.13037111599769266,8.57100011655744
2.7800000000000002,74.40492953599994,68.23534926489381,6.169580271106121,0.32807009551679905,30.397405732568885,0.10627172280183879,3.2303846759065857,3.2303846759065857,3.2303846759065857,0.0,-0.0,0,0.01,0.01,0.16262113699909295,0.30474622477037383,54.40719407182967,0.01,0.09707377693513293,0.19374753590629312,6.7880452255191495,0.01,0.09202462535298697,0.18137533938725264,6.572259633647356,0.01,0.11812317429213397,0.39132692140904324,6.927167253569927,0.01,0.11564286776596101,0.30843945245967064,3.5447376850118832,0.01,0.07666325530876722,0.1303091553739695,8.58341613311921
2.79,74.6026490961481,68.42162809883772,6.181020997310385,0.3221336691564278,30.40609103225146,0.1064383785046983,3.2363750261390933,3.2363750261390933,3.2363750261390933,0.0,-0.0,0,0.01,0.01,0.16268283095906078,0.3048112201358962,54.576698554247116,0.01,0.0971381027260071,0.19381253127181547,6.776272898281991,0.01,0.0920887619205857,0.18144033475277496,6.561544204493158,0.01,0.11799046915814189,0.3911852715985824,6.840426927120066,0.01,0.11550030388598999,0.30829780264920975,3.552604417756344,0.01,0.07660208175059648,0.1302481599690292,8.596179417930287
2.8000000000000003,74.79656296296295,68.60449006977468,6.192072893188272,0.31614625111479433,30.413791489415694,0.1066016970102889,3.242161785288795,3.242161785288795,3.242161785288795,0.0,-0.0,0,0.01,0.01,0.16274331056637195,0.3048749312243356,54.7429714934039,0.01,0.0972011763011691,0.1938762423602549,6.7642673074715525,0.01,0.09215164865802158,0.1815040458412144,6.550587597297942,0.01,0.1178599314119016,0.3910460237114921,6.756369015546905,0.01,0.11536012053514089,0.3081585547621195,3.5606610604357463,0.01,0.07654188675159412,0.1301881477754387,8.609282596072207
2.81,74.98666065199998,68.78390730775618,6.202753344243803,0.31011247503508327,30.42060038030399,0.1067616685989895,3.247754056384309,3.247754056384309,3.247754056384309,0.0,-0.0,0,0.01,0.01,0.16280257122926545,0.3049373532563577,54.905975726511755,0.01,0.09726299263175893,0.19393866439227697,6.752035544545825,0.01,0.09221328055115854,0.1815664678732365,6.539396724974272,0.01,0.11773159313619046,0.3909092106942882,6.674967431357642,0.01,0.11522235128890133,0.30802174174491553,3.5689025959757292,0.01,0.07648268759352002,0.13012913591531355,8.622714729603333
2.82,75.17293310103705,68.95985487084818,6.21307823018887,0.30403791739306646,30.426602158632196,0.10691828607948582,3.253160154023338,3.253160154023338,3.253160154023338,0.0,-0.0,0,0.01,0.01,0.16286060926953408,0.30499848245088057,55.06567960529866,0.01,0.09732354758323171,0.19399979358679983,6.739587102204073,0.01,0.09227365348661196,0.18162759706775933,6.5279808352065345,0.01,0.11760548452431248,0.39077486308113857,6.596192131024253,0.01,0.11508702754014828,0.3078873941317659,3.57732201832584,0.01,0.07642450052939913,0.1300711404370129,8.63646163826207
2.83,75.35537268785191,69.1323112315205,6.223061456331405,0.2979289107518293,30.4318701409794,0.10707154518973722,3.2583873590080903,3.2583873590080903,3.2583873590080903,0.0,-0.0,0,0.01,0.01,0.16291742207734264,0.30505831618322676,55.22205714409592,0.01,0.09738283808164971,0.19405962731914603,6.726933574034461,0.01,0.09233276441681633,0.18168743080010552,6.516351218297465,0.01,0.11748163348830662,0.3906430086042145,6.520009234350955,0.01,0.1149541780798002,0.3077555396548419,3.5859105803888127,0.01,0.07636734060367037,0.13001417614178779,8.650506355971052
2.84,75.53397324800002,69.30125864777801,6.232714600222016,0.29179232857666215,30.43646480043766,0.10722144489273806,3.263441733329888,3.263441733329888,3.263441733329888,0.0,-0.0,0,0.01,0.01,0.16297300822831856,0.30511685310236347,55.37508797627296,0.01,0.09744086224295556,0.19411816423828276,6.714088268491513,0.01,0.09239061148785911,0.18174596771924226,6.504520831823037,0.01,0.11736006533487028,0.39051367189061226,6.446381311188328,0.01,0.1148238287560324,0.3076262029412396,3.5946581119453893,0.01,0.07631122150776083,0.12995825644738285,8.664829698181071
2.85,75.70873009259259,69.4666834059741,6.242046686618493,0.2856353528255653,30.440432727747414,0.10736798755694682,3.268328002340861,3.268328002340861,3.268328002340861,0.0,-0.0,0,0.01,0.01,0.16302736755877603,0.3051740932031875,55.52475712714538,0.01,0.09749761946053384,0.19417540433910682,6.701065757005366,0.01,0.09244719412545757,0.18180320782006631,6.492503861401819,0.01,0.11724080252141224,0.39038687425685126,6.375267817453238,0.01,0.11469600222505015,0.30749940530747866,3.6035533908971185,0.01,0.07625615547652843,0.1299033932936102,8.679410910191327
2.86,75.87964002607404,69.6285759288151,6.2510640972589595,0.2794652360127926,30.44380628539275,0.1075111790171165,3.2730495075112764,3.2730495075112764,3.2730495075112764,0.0,-0.0,0,0.01,0.01,0.16308050119707376,0.3052300378520983,55.67105462031781,0.01,0.09755311044851132,0.19423134898801758,6.687881378841568,0.01,0.09250251307660311,0.18185915246897708,6.480315239544066,0.01,0.11712386450047504,0.3902626336069253,6.306625655554982,0.01,0.11457071780163128,0.30737516465755266,3.6125845488899606,0.01,0.07620215322888745,0.12984959709274424,8.694228363442392
2.87,76.04670136400003,69.78693074874018,6.259770615259855,0.2732890693404943,30.446603946333756,0.10765102851712119,3.27760822967627,3.27760822967627,3.27760822967627,0.0,-0.0,0,0.01,0.01,0.16313241155127048,0.30528468976639644,55.81397494218786,0.01,0.09760733724043305,0.19428600090231574,6.674550727007132,0.01,0.09255657040658738,0.18191380438327523,6.467970146241752,0.01,0.11700926765631722,0.3901409644347038,6.2404098288260155,0.01,0.1144479914126069,0.3072534954853312,3.621739491137223,0.01,0.076149223953701,0.1297968767253323,8.70926026492273
2.88,76.20991395081484,69.94174635331525,6.268167597499596,0.26711356782974244,30.448831276818197,0.10778754854195106,3.282004879295719,3.282004879295719,3.282004879295719,0.0,-0.0,0,0.01,0.01,0.163183102255319,0.30533805295023214,55.953516395750974,0.01,0.09766030314507783,0.19433936408615143,6.661089140038516,0.01,0.09260936945324821,0.18196716756711093,6.455483515458192,0.01,0.1168970253329477,0.3900218779264237,6.176574155702317,0.01,0.11432783565140593,0.307134408977051,3.631006309922775,0.01,0.07609737533980182,0.12974523957979903,8.724485345098758
2.89,76.36927917762965,70.09302491520594,6.2762542624237,0.260944882206199,30.450482493551778,0.10792075455108308,3.2862390471486536,3.2862390471486536,3.2862390471486536,0.0,-0.0,0,0.01,0.01,0.1632325780779384,0.3053901325918098,56.089680379638075,0.01,0.09771201266314142,0.19439144372772912,6.647511223932173,0.01,0.0926609147422349,0.18201924720868862,6.442869571107462,0.01,0.11678714794857355,0.38990538215430637,6.115072007240344,0.01,0.11421025992698877,0.30701791320493377,3.6403736719857362,0.01,0.07604661364690236,0.12969469163214795,8.73988349139977
2.9,76.52480000000006,70.24077192441933,6.284028075580732,0.25478844568153475,30.4515425006904,0.10805066462970823,3.2903094061994054,3.2903094061994054,3.2903094061994054,0.0,-0.0,0,0.01,0.01,0.1632808447999356,0.30544093492823915,56.22247063103411,0.01,0.09776247137023343,0.19444224606415844,6.633830426612772,0.01,0.09271121186880125,0.18207004954511793,6.430141414321812,0.01,0.11667964318746687,0.38979148234821726,6.055857031323663,0.01,0.11409527069616995,0.3069040133988446,3.6498311615932106,0.01,0.07599694381227359,0.12964523756023277,8.75543629777607
2.91,76.67648095570371,70.38499574460462,6.2914852110990855,0.24864886181245638,30.45198929271228,0.10817729907762222,3.294213953226286,3.294213953226286,3.294213953226286,0.0,-0.0,0,0.01,0.01,0.16332790906704592,0.30549046708574246,56.351892472088224,0.01,0.09781168577303176,0.19449177822166175,6.620058684559292,0.01,0.0927602673530222,0.18211958170262124,6.417310681068905,0.01,0.11657451625685074,0.38968018122893144,5.998883828458569,0.01,0.11398287176467162,0.30679271227955884,3.6593695636321137,0.01,0.07594836958649913,0.12959688088556506,8.771127505485763
2.92,76.8243281825185,70.52570711811137,6.298621064407131,0.24252983742298123,30.45179659596673,0.10830067995784634,3.2979502772812275,3.2979502772812275,3.2979502772812275,0.0,-0.0,0,0.01,0.01,0.1633737782262752,0.3055387369038288,56.47795209805977,0.01,0.0978596631464594,0.19454004803974811,6.606206157375342,0.01,0.09280808847633852,0.18216785152070758,6.404387285445278,0.01,0.116471770193704,0.3895714793841287,5.944108547303351,0.01,0.11387306463942096,0.3066840104347561,3.668981074263401,0.01,0.07590089369041426,0.12954962413451213,8.7869433162107
2.93,76.96834943599995,70.66291864611776,6.3054307898822035,0.23643416225852054,30.450936614984325,0.10842083062816278,3.301515841202136,3.301515841202136,3.301515841202136,0.0,-0.0,0,0.01,0.01,0.1634184601542237,0.30558575275250166,56.60065594247602,0.01,0.09790641136036173,0.19458706388842095,6.592281061609718,0.01,0.09285468310793246,0.18221486736938047,6.391379259611242,0.01,0.1163714062044909,0.3894653756667956,5.891489372864938,0.01,0.11376584891271765,0.306577906717423,3.6786594304594638,0.01,0.07585451798456733,0.12950346901006252,8.802872565362861
2.94,77.10855410725927,70.79664427042763,6.311909836831626,0.23036373472046554,30.449382749601543,0.10853777527871711,3.3049082622518977,3.3049082622518977,3.3049082622518977,0.0,-0.0,0,0.01,0.01,0.16346196308594735,0.3056315233515692,56.72001014958589,0.01,0.09795193870434937,0.1946328344874885,6.5782896101085075,0.01,0.09290005952960806,0.182260637968448,6.378292696395877,0.01,0.11627342401980757,0.3893618675953159,5.840986886300798,0.01,0.11366122265801032,0.3064743986459433,3.688399953915009,0.01,0.07580924364221749,0.1294584165651124,8.81890675056532
2.95,77.24495324074074,70.92689878252249,6.3180544582182545,0.22431963082228382,30.4471121553103,0.10865153849769885,3.3081255784864516,3.3081255784864516,3.3081255784864516,0.0,-0.0,0,0.01,0.01,0.16350429545257228,0.3056760576006977,56.83602017834457,0.01,0.09799625371924275,0.19467736873661698,6.564236057923441,0.01,0.09294422626760562,0.18230517221757647,6.365131795553028,0.01,0.11617782224582036,0.38926095173515085,5.792564282159639,0.01,0.113559182817151,0.30637348278577825,3.698199509073564,0.01,0.07576507131701186,0.12941446736845405,8.835039917427
2.96,77.377559552,71.0536973832396,6.323862168760402,0.21830221151684026,30.444108031499493,0.10876214488496089,3.311166488615349,3.311166488615349,3.311166488615349,0.0,-0.0,0,0.01,0.01,0.16354546573516246,0.3057193644280168,56.94869055477802,0.01,0.09803936504293231,0.19472067556393607,6.550122850631098,0.01,0.09298719193914186,0.18234847904489557,6.351899009498955,0.01,0.11608459869513103,0.38916262404359914,5.746187436312995,0.01,0.11345972556009899,0.3062751550942265,3.7080563792494687,0.01,0.07572200129704211,0.12937162165530597,8.85126841202692
2.97,77.50638744548145,71.17705141461526,6.329336030866198,0.21227456213038534,30.440381238483678,0.10886961533589581,3.314032596111738,3.314032596111738,3.314032596111738,0.0,-0.0,0,0.01,0.01,0.16358548582839422,0.30576145916426845,57.05824400117521,0.01,0.09808128321578775,0.19476277030018777,6.536070507918323,0.01,0.09302896719845999,0.18239057378114726,6.3387188210886745,0.01,0.11599375112474197,0.3890668831887292,5.701848205491423,0.01,0.1133628472745035,0.3061794142393566,3.717990626126845,0.01,0.07568003416449978,0.1293298807753803,8.867647983079465
2.98,77.63145303229633,71.29690251442555,6.3345505178707775,0.20606135966771905,30.436302609064764,0.10897390979858658,3.316762895122709,3.316762895122709,3.316762895122709,0.0,-0.0,0,0.01,0.01,0.16362437900210605,0.30580236211933987,57.16441858331046,0.01,0.09812203072274517,0.19480367325525913,6.522010056167941,0.01,0.0930695748620947,0.18243147673621862,6.325506662049096,0.01,0.11590529696190705,0.3889737817389067,5.659848066005325,0.01,0.11326857183280892,0.306086312789534,3.728253404559453,0.01,0.07563918752961347,0.12928926953209066,8.884700156832555
2.99,77.75277414800003,71.41313830986898,6.339635838131037,0.19965973261415498,30.432522121152857,0.10907494125428596,3.319425562584506,3.319425562584506,3.319425562584506,0.0,-0.0,0,0.01,0.01,0.16366211996128474,0.3058420394393154,57.26658919318992,0.01,0.0981615948457008,0.19484335057523472,6.507388448898101,0.01,0.093109000616514,0.1824711540561942,6.31171861519385,0.01,0.11581929858951674,0.38888341418188177,5.620458824679111,0.01,0.11317697670712164,0.30599594523250917,3.738994553280485,0.01,0.07559950255980531,0.12924983101182777,8.90256540039196
3.0,77.87037037037038,71.5256607225734,6.344709647796975,0.19310415938871867,30.429623651937742,0.10917263522914658,3.3220822031132102,3.3220822031132102,3.3220822031132102,0.0,-0.0,0,0.01,0.01,0.16369867541791247,0.30588045684332055,57.36469910737191,0.01,0.09819994345677605,0.19488176797923978,6.492163339524075,0.01,0.09314721169702286,0.18250957146019928,6.297329101820189,0.01,0.11573583289414503,0.38879586391288157,5.583720702478183,0.01,0.11308814793603209,0.30590839496350897,3.750192259790553,0.01,0.07556101878392185,0.1292116034725173,8.921153149455787
3.0100000000000002,77.98426303718522,71.63439467250886,6.349868364676356,0.18644737711507786,30.428081769649264,0.10926693723661687,3.324783300954912,3.324783300954912,3.324783300954912,0.0,-0.0,0,0.01,0.01,0.16373401895522802,0.30591758791016704,57.45875808062162,0.01,0.09823704762269782,0.19491889904608636,6.476413981762431,0.01,0.0931841792972432,0.18254670252704586,6.282420204102356,0.01,0.11565406494849992,0.38871119639134794,5.557690788409089,0.01,0.11300215913946936,0.3058237274419753,3.761776281768261,0.01,0.07552376856212537,0.12917461733653152,8.940324212981048
3.02,78.09447526399995,71.73932818482496,6.355147079175006,0.17987358096200523,30.4280608059054,0.10935784737084976,3.3275472294031383,3.3275472294031383,3.3275472294031383,0.0,-0.0,0,0.01,0.01,0.16376814072802484,0.3059534277869975,57.54913087708445,0.01,0.09827289135887543,0.1949547389229168,6.460440368877675,0.01,0.09321988807971669,0.18258254240387628,6.267294023916569,0.01,0.11557174516801323,0.3886294277933768,5.562635647396295,0.01,0.11291905327105232,0.3057419588440041,3.773512652267148,0.01,0.0754877675030923,0.12913888146518515,8.959589495212718
3.0300000000000002,78.2010319619259,71.84056171455748,6.360470247368429,0.17354349376925396,30.429168576960112,0.10944546267600389,3.3303344337515184,3.3303344337515184,3.3303344337515184,0.0,-0.0,0,0.01,0.01,0.16380106632309202,0.3059880100604721,57.636370192082225,0.01,0.09830749005153029,0.19498932119639142,6.444713313644214,0.01,0.09325435481564623,0.18261712467735092,6.252412317161991,0.01,0.11549097888919849,0.388550486350661,5.579017589292356,0.01,0.1128388001692259,0.3056630174012883,3.785036097451057,0.01,0.07545299432523309,0.12910436620193938,8.978340092678334
3.04,78.30395985540736,71.93825307602265,6.3657067793847,0.16751113476365506,30.430735266109245,0.10952992907850213,3.333076275503619,3.333076275503619,3.333076275503619,0.0,-0.0,0,0.01,0.01,0.16383284364398726,0.30602138797105377,57.72080846013826,0.01,0.09834088598863246,0.19502269910697312,6.429499845609241,0.01,0.09328762287782617,0.1826505025879326,6.238026695863287,0.01,0.11541259639243143,0.38847425504526556,5.598350363620141,0.01,0.11276130620035123,0.30558678609589296,3.796140193008521,0.01,0.07541940296456966,0.1290710219725435,8.996319403887638
3.0500000000000003,78.40328749999998,72.03257632222244,6.370711177777547,0.1617855953109598,30.43202075236549,0.10961140568082176,3.33569657237472,3.33569657237472,3.33569657237472,0.0,-0.0,0,0.01,0.01,0.16386352770486443,0.30605362037279565,57.802660407191006,0.01,0.09837313307925162,0.19505493150871492,6.414903480610798,0.01,0.09331974663770479,0.1826827349896744,6.22423154821244,0.01,0.11533676451435053,0.38840060360824624,5.617969299804834,0.01,0.11268644976018403,0.30551313465887364,3.806747373864661,0.01,0.07538693890607667,0.12903879325693787,9.013452621794372
3.06,78.49904530014817,72.12370371040848,6.375341589739693,0.15635363876771963,30.432305165275135,0.10969004918554733,3.3381210504086156,3.3381210504086156,3.3381210504086156,0.0,-0.0,0,0.01,0.01,0.16389317387035707,0.30608476556937747,57.882074385045925,0.01,0.09840428791795541,0.1950860767052968,6.400941551454018,0.01,0.09335078275617581,0.18271388018625628,6.211040496674686,0.01,0.11526344471837177,0.3883294026093056,5.637056075393585,0.01,0.11261410237280903,0.305441933659933,3.8168478116369937,0.01,0.07535554665786273,0.12900762475589828,9.029752101871251
3.0700000000000003,78.59126552696289,72.21179568464206,6.379469842320835,0.15118802436145024,30.430938875967737,0.10976600531518228,3.340282598405462,3.340282598405462,3.340282598405462,0.0,-0.0,0,0.01,0.01,0.16392183428193272,0.30611487788505587,57.95914671736357,0.01,0.09843440509415424,0.1951161890209751,6.387580675798884,0.01,0.09338078566861692,0.18274399250193457,6.198419439470267,0.01,0.11519253958886982,0.38826053132978694,5.655398501246437,0.01,0.11254413983104287,0.3053730623804143,3.8264709107047117,0.01,0.07532517367658689,0.12897746484904024,9.045283563672992
3.08,78.67998233600002,72.29699415583137,6.382988180168658,0.14625161754988125,30.42737579672929,0.10983940311257391,3.342124795794723,3.342124795794723,3.342124795794723,0.0,-0.0,0,0.01,0.01,0.16394955552785967,0.3061440053604079,58.03392587340598,0.01,0.09846353434991018,0.19514531649632716,6.374752266141483,0.01,0.09340980482899021,0.18277311997728665,6.186300767475319,0.01,0.11512394180231368,0.38819388307999736,5.672999761729559,0.01,0.11247644895239547,0.30530641413062476,3.835672767930223,0.01,0.07529577292118689,0.1289482679397447,9.060151003997362
3.09,78.76523178503703,72.37941773125881,6.385814053778228,0.14150037114651925,30.42119683115607,0.10991035094097004,3.3436044197566894,3.3436044197566894,3.3436044197566894,0.0,-0.0,0,0.01,0.01,0.1639763769900555,0.3061721881133662,58.10641507095094,0.01,0.09849171863570577,0.1951734992492855,6.362361468389571,0.01,0.09343788281017805,0.182801302730245,6.174591721049734,0.01,0.11505755213693282,0.38812936900304557,5.689951159618826,0.01,0.11241093220460739,0.3052419000536729,3.8445290025530587,0.01,0.07526730467685237,0.12891999614027533,9.07448664616875
3.1,78.84705185185186,72.45915855528352,6.38789329656834,0.13688605571510176,30.41212521991604,0.10997893388080024,3.3446931087357634,3.3446931087357634,3.3446931087357634,0.0,-0.0,0,0.01,0.01,0.1640023297207166,0.30619945725064374,58.176575879505386,0.01,0.09851899276689721,0.195200768386563,6.3502944725821235,0.01,0.09346505399067323,0.1828285718675225,6.163181392614058,0.01,0.11499328711045248,0.3880669206227688,5.706386478418229,0.01,0.11234751091106016,0.3051794516733962,3.853128995198398,0.01,0.07523973781564118,0.12889262040803243,9.088441907053612
3.11,78.92548245200003,72.53628068847856,6.389201763521469,0.13235892538919897,30.400034185044944,0.11004521245163813,3.345378220430333,3.345378220430333,3.345378220430333,0.0,-0.0,0,0.01,0.01,0.16402743581707538,0.3062258343052675,58.244333419624716,0.01,0.09854538260320461,0.19522714544118686,6.338425641322398,0.01,0.09349134376023382,0.18285494892214635,6.151947627727399,0.01,0.11493108260266019,0.3880064911872392,5.722461503007997,0.01,0.11228612722190222,0.3051190222378666,3.861570363096742,0.01,0.07521305052798827,0.12886612115403673,9.102178433018501
3.12,79.00056545659262,72.61081998556615,6.389745471026465,0.12787029166405123,30.384947105060622,0.11010922261757078,3.345662905014233,3.345662905014233,3.345662905014233,0.0,-0.0,0,0.01,0.01,0.16405170828252877,0.3062513311871584,58.30958308223539,0.01,0.0985709047306343,0.19525264232307765,6.3266246702065825,0.01,0.09351676822668542,0.18288044580403712,6.140763974191491,0.01,0.11487089542905006,0.38794805583426695,5.738341314999152,0.01,0.1122267448997763,0.30506058688489435,3.869953479978821,0.01,0.07518723053533953,0.12884048833397177,9.11585921838419
3.13,79.07234471007408,72.68278539582774,6.389559314246343,0.12337491805030426,30.36703063311349,0.11017097700372278,3.3455654335520912,3.3455654335520912,3.3455654335520912,0.0,-0.0,0,0.01,0.01,0.16407515135306008,0.3062759506210714,58.372198451559115,0.01,0.09859556662759046,0.1952772617569907,6.314763599072045,0.01,0.093541334405721,0.1829050652379502,6.129506483502487,0.01,0.11481270349757602,0.3878916106347493,5.754190200137503,0.01,0.11216934896263156,0.3050041416853767,3.878376163029269,0.01,0.07516227480335017,0.12881572104519454,9.129640100457754
3.14,79.14086604799994,72.75216155626836,6.388704491731577,0.11883314046872552,30.346581433325806,0.11023046720697464,3.345117849530006,3.345117849530006,3.345117849530006,0.0,-0.0,0,0.01,0.01,0.16409776125089906,0.30629968702787175,58.43204002749198,0.01,0.09861936728261521,0.19530099816379104,6.3027233922549355,0.01,0.09356504086040839,0.18292880164475053,6.1180600858490966,0.01,0.11475650479764814,0.3878371706123036,5.770162821865991,0.01,0.11211394425936126,0.30494970166293095,3.8869287302636915,0.01,0.07513818879321715,0.12879182667200204,9.143661978237482
3.15,79.20617731481471,72.81891249608066,6.387264818734053,0.11421262908701062,30.32400746379431,0.11028766704085144,3.3443640385112405,3.3443640385112405,3.3443640385112405,0.0,-0.0,0,0.01,0.01,0.16411952731011792,0.3063225277873236,58.488964316330666,0.01,0.09864229821343466,0.19532383892324287,6.290399811626255,0.01,0.09358787873922401,0.18295164240420236,6.106324270603256,0.01,0.11470231538205579,0.3877847668790322,5.786396479925568,0.01,0.11206055309543457,0.3048972979296596,3.8956896302272326,0.01,0.07511498530747578,0.12876881963982711,9.158044073242964
3.16,79.26832838162963,72.88298622791602,6.385342153713601,0.1094897258807124,30.29980494312982,0.11034253651915732,3.343357333460646,3.343357333460646,3.343357333460646,0.0,-0.0,0,0.01,0.01,0.16414043340414464,0.3063444548057533,58.54283286348896,0.01,0.09866434482067796,0.19534576594167255,6.277708351199908,0.01,0.09360983314524929,0.18297356942263204,6.094217849525865,0.01,0.11465016650150107,0.3877344430619591,5.803004592095571,0.01,0.11200921206387106,0.30484697411258643,3.904721814278728,0.01,0.07509268300286855,0.12874671985451555,9.172878491815773
3.17,79.32737116400006,72.94431997018,6.383051193820064,0.10465031430091518,30.274532285857212,0.1103950263577396,3.3421577896654453,3.3421577896654453,3.3421577896654453,0.0,-0.0,0,0.01,0.01,0.16416045959417094,0.3063654463011307,58.593520823999896,0.01,0.09868548799678072,0.19536675743704995,6.264588060600009,0.01,0.09363088475652409,0.18299456091800945,6.081682637046867,0.01,0.11460010107163236,0.38768625122022293,5.820071584353309,0.01,0.11195996826726087,0.3047987822708503,3.914069979068494,0.01,0.07507130465535469,0.1287255509143132,9.188226276585972
3.18,79.38335963970368,73.00284572638068,6.380513913323009,0.09969020097692488,30.248782374206453,0.11044508275984717,3.340829272703838,3.340829272703838,3.340829272703838,0.0,-0.0,0,0.01,0.01,0.16417958391069112,0.30638547871178545,58.64092470234374,0.01,0.09870570590207306,0.1953867898477048,6.2510041458142656,0.01,0.0936510116092757,0.1830145933286643,6.06868594092415,0.01,0.11455216967219081,0.38764024746838643,5.837649334929333,0.01,0.11191287513704917,0.3047527785190138,3.92375876097711,0.01,0.07505087527034904,0.12870533818916932,9.204115059534246
3.19,79.43634986651851,73.05849594289265,6.37785392362586,0.09461501300663255,30.22315454837192,0.11049265224814851,3.3394365053553066,3.3394365053553066,3.3394365053553066,0.0,-0.0,0,0.01,0.01,0.16419778417809144,0.3064045286332796,58.68496894073689,0.01,0.09872497581622529,0.19540583976919895,6.2369492941196745,0.01,0.09367019095213312,0.18303364325015842,6.055221812846333,0.01,0.11450642628991228,0.38759648752582626,5.85575525235991,0.01,0.11186798806617039,0.3047090185764536,3.933791918986909,0.01,0.07503142013460602,0.12868610686424203,9.220538354179443
3.2,79.4864000000001,73.11120897506972,6.375191024930386,0.08943963697614436,30.198227646448135,0.11053768631522416,3.338042214858814,3.338042214858814,3.338042214858814,0.0,-0.0,0,0.01,0.01,0.1642150397942622,0.3064225746908001,58.72561109140663,0.01,0.09874327597406436,0.19542388582671935,6.222443723693704,0.01,0.09368840108046915,0.18305168930767884,6.041311060102741,0.01,0.11446292401893131,0.3875550224062576,5.8743719976970965,0.01,0.11182536007025014,0.304667553456885,3.9441524994174455,0.01,0.07501296290480616,0.1286678800421213,9.23745645241574
3.21,79.53357031125918,73.16093411257087,6.372636198688311,0.08418724641917025,30.1745353141425,0.11058014568339408,3.336704510966597,3.336704510966597,3.336704510966597,0.0,-0.0,0,0.01,0.01,0.16423133338333706,0.3064395992615375,58.762845375428476,0.01,0.09876058730000016,0.19544091039745673,6.207534006992125,0.01,0.09370562306539537,0.18306871387841622,6.027000066303341,0.01,0.11442171092435825,0.38751589444564705,5.893448794019829,0.01,0.11178503768148874,0.30462842549627445,3.954803936025167,0.01,0.07499552382208896,0.12865067699152488,9.254798824093566
3.22,79.57792320474071,73.2076359466462,6.370287258094507,0.07888798209733835,30.15254464070893,0.11062000399278098,3.3354746085477283,3.3354746085477283,3.3354746085477283,0.0,-0.0,0,0.01,0.01,0.1642466522494201,0.3064555899723806,58.79670450508042,0.01,0.0987768949644072,0.19545690110829989,6.192290760509342,0.01,0.09372184230116856,0.18308470458925938,6.012358511406421,0.01,0.11438282625713744,0.38747913384213695,5.912904204787734,0.01,0.11174705725896515,0.30459166489276435,3.965692002610179,0.01,0.07497911813193052,0.12863451161952047,9.27246785607252
3.23,79.619523236,73.2512979030851,6.368225332914908,0.07357736350359291,30.132638971141322,0.11065725077188682,3.3343949870483147,3.3343949870483147,3.3343949870483147,0.0,-0.0,0,0.01,0.01,0.1642609895719318,0.30647054091226134,58.82725972824836,0.01,0.09879218969762976,0.1954718520481806,6.176805333178279,0.01,0.09373704980718833,0.1830996555291401,5.997476119965781,0.01,0.1143462971825118,0.3874447558495868,5.932630207421702,0.01,0.11171144187082237,0.30455728690021416,3.976747502756922,0.01,0.07496375477549139,0.12861939123031332,9.290343713580187
3.24,79.65843712948148,73.2919248122985,6.366512317182976,0.06829451977129829,30.115105507041033,0.11069189358573256,3.3334980541084946,3.3334980541084946,3.3334980541084946,0.0,-0.0,0,0.01,0.01,0.16427434529826115,0.30648445351484227,58.85461913823944,0.01,0.09880646881203234,0.19548576465076156,6.161185661130961,0.01,0.09375124323559958,0.18311356813172106,5.9824586013641,0.01,0.11431213615206913,0.3874127587287107,5.952497340374191,0.01,0.11167819886930919,0.30452528977933807,3.9878895532435794,0.01,0.07494943540261206,0.12860531561708807,9.308290061794274
3.25,79.69473379629628,73.32954444004608,6.365189356250197,0.0630803333205639,30.100128052096874,0.11072395930062341,3.3328053533839275,3.3328053533839275,3.3328053533839275,0.0,-0.0,0,0.01,0.01,0.16428672670593375,0.30649733708508836,58.8789243777952,0.01,0.09881973689884757,0.19549864822100765,6.145551487996602,0.01,0.09376442755190588,0.18312645170196715,5.967422976852521,0.01,0.11428033901232688,0.38738312251856993,5.972360661711531,0.01,0.11164731824088099,0.3044956535691973,3.9990292946780976,0.01,0.07493615373887415,0.12859227651520028,9.32616035190334
3.2600000000000002,79.72848435199998,73.36420795592731,6.3642763960726665,0.057975589926869395,30.08778499597023,0.11075349444962841,3.332327328552802,3.332327328552802,3.332327328552802,0.0,-0.0,0,0.01,0.01,0.1642981486236419,0.3065092089616657,58.90034594600842,0.01,0.09883200618361138,0.19551052009758502,6.1300291759506536,0.01,0.09377661537308804,0.1831383235785445,5.95249251392301,0.01,0.1142508839031511,0.3873558086485366,5.992066226243026,0.01,0.11161877177256195,0.3044683396991639,4.010073846178984,0.01,0.07492389532052117,0.12858025742614218,9.343804354896792
3.27,79.75976213437038,73.39598936920596,6.363772765164414,0.05301922454698064,30.078052375409428,0.11078056472665913,3.3320636280258875,3.3320636280258875,3.3320636280258875,0.0,-0.0,0,0.01,0.01,0.16430863331736498,0.306520094325133,58.91907738727167,0.01,0.09884329654086846,0.1955214054610523,6.1147463515875735,0.01,0.09378782696465036,0.18314920894201178,5.937791507171688,0.01,0.11422373095905594,0.38733076036897823,6.011457768274868,0.01,0.11159251303463626,0.3044432914196056,4.020930311597313,0.01,0.07491263759250111,0.1285692338031389,9.361074620229006
3.2800000000000002,79.78864272118523,73.42498401023713,6.3636587109481,0.0482467435308309,30.070811615806168,0.11080525367750525,3.332003909377874,3.332003909377874,3.332003909377874,0.0,-0.0,0,0.01,0.01,0.16431821006362182,0.3065300256786337,58.93532869635016,0.01,0.09885363518479669,0.19553133681455298,6.099826640335386,0.01,0.09379808991400095,0.18315914029551247,5.923440154176813,0.01,0.11419882278755725,0.38730790393993586,6.0303832700249655,0.01,0.11156847814048713,0.30442043499056326,4.031509644044793,0.01,0.07490235034739624,0.12855917357191643,9.377832546166951
3.29,79.81520394799998,73.45130617838079,6.363897769619198,0.043688891377124554,30.06586135100375,0.11082766069145443,3.332129080205357,3.332129080205357,3.332129080205357,0.0,-0.0,0,0.01,0.01,0.16432691444589875,0.3065390420424562,58.949319309203055,0.01,0.09886305606674312,0.19554035317837548,6.085384741138117,0.01,0.09380743851190985,0.18316815665933497,5.909549772709788,0.01,0.1141760856630589,0.38728715048287576,6.048701103337336,0.01,0.11154658720888791,0.3043996815335031,4.041730184247007,0.01,0.07489299646739635,0.12855003794496903,9.393953774448422
3.3000000000000003,79.839525925926,73.47508611189349,6.364439814032508,0.03937061475515666,30.062932552858467,0.11084789842565212,3.332412893996486,3.332412893996486,3.332412893996486,0.0,-0.0,0,0.01,0.01,0.16433478742187585,0.30654718791574154,58.961271062092706,0.01,0.0988715990228147,0.19554849905166083,6.071522078257447,0.01,0.09381591288590502,0.18317630253262035,5.89621859049142,0.01,0.11415543134378406,0.38726839837277105,6.0662854557314425,0.01,0.11152674642386169,0.30438092942339845,4.051520706750459,0.01,0.0748845329184776,0.12854178247525805,9.40933266329593
3.31,79.86169105940743,73.4964664604592,6.365224598948235,0.03531035907267719,30.06170608144132,0.11086608981500877,3.3328238064174687,3.3328238064174687,3.3328238064174687,0.0,-0.0,0,0.01,0.01,0.1643418742177529,0.3065545120672864,58.971401490809285,0.01,0.09887930872418438,0.1955558232032057,6.058323238158921,0.01,0.09382355793891188,0.18318362668416519,5.883528309738613,0.01,0.1141367593942729,0.3872515360274751,6.083030790801721,0.01,0.11150885056361791,0.3043640670781025,4.060822835862887,0.01,0.07487691193613041,0.1285343582862171,9.423885647409378
3.3200000000000003,79.88178406400007,73.51559845590901,6.366185608091066,0.03151971446422558,30.061831695792133,0.11088236483256514,3.333326989627994,3.333326989627994,3.333326989627994,0.0,-0.0,0,0.01,0.01,0.1643482231114652,0.3065610662225219,58.97991780799115,0.01,0.09888623348935864,0.19556237735844115,6.04585335752857,0.01,0.09383042215292053,0.18319018083940064,5.871541606920747,0.01,0.11411995987784794,0.3872364449392849,6.0988551464865,0.01,0.11149278585391675,0.3043489759899123,4.069592729072077,0.01,0.07487008233569516,0.12852771340953764,9.437553358315146
3.33,79.89989198414816,73.5326379810373,6.367254003110855,0.02800340976646099,30.062947544886637,0.11089685716859346,3.3338863999522106,3.3338863999522106,3.3338863999522106,0.0,-0.0,0,0.01,0.01,0.16435388416874913,0.3065669037152631,58.9870118431218,0.01,0.0988924240211552,0.19556821485118242,6.034156575280133,0.01,0.09383655632082052,0.1831960183321419,5.860300675342881,0.01,0.1141049162727246,0.38722300278996413,6.1137021397719815,0.01,0.11147843299294573,0.30433553384059153,4.077801967454884,0.01,0.0748639908777643,0.12852179416055806,9.450301449240207
3.34,79.91610421096311,73.54774173059864,6.368362480364463,0.024759635835446013,30.064699187464203,0.11090970099163074,3.3344667972849784,3.3344667972849784,3.3344667972849784,0.0,-0.0,0,0.01,0.01,0.16435890799493794,0.306572078170835,58.99285616085137,0.01,0.0988979321315444,0.19557338930675433,6.0232556005014315,0.01,0.0938420122697719,0.18320119278771382,5.849826858051142,0.01,0.11409150846226186,0.3872110864950207,6.1275416191390315,0.01,0.11146567019444248,0.304323617545648,4.08543763749074,0.01,0.07485858362013208,0.128516546483053,9.462120140557131
3.35,79.9305125000001,73.56106364344762,6.369448856552488,0.021780664319761833,30.066757263336218,0.11092102794183435,3.3350356225268674,3.3350356225268674,3.3350356225268674,0.0,-0.0,0,0.01,0.01,0.164363344561257,0.3065766422819965,58.997601495057005,0.01,0.0989028095149419,0.19557795341791584,6.0131523839819705,0.01,0.09384684163671635,0.18320575689887533,5.840121355307562,0.01,0.11407961565398532,0.3872005750349983,6.140368981463722,0.01,0.11145437610296774,0.3043131060856257,4.0925016335343045,0.01,0.07485380719215884,0.12851191720049668,9.473022569889178
3.36,79.94321098903704,73.57275176169647,6.370459227340572,0.01905371542762045,30.06883305163178,0.11093096448760899,3.3355646514344084,3.3355646514344084,3.3355646514344084,0.0,-0.0,0,0.01,0.01,0.16436724215762555,0.3065806467311607,59.00137555453116,0.01,0.09890710662525125,0.19558195786707996,6.003829817993222,0.01,0.09385109475113702,0.18320976134803946,5.831166929476043,0.01,0.11406911909290464,0.3871913519498775,6.152203242948658,0.01,0.11144443244916587,0.3043038830005049,4.099009251906322,0.01,0.07484960993474081,0.12850785511897977,9.483042091256769
3.37,79.95429621585191,73.58294564338476,6.371350572467152,0.01656201880239556,30.070691295043385,0.11093962975175121,3.3360313586513213,3.3360313586513213,3.3360313586513213,0.0,-0.0,0,0.01,0.01,0.16437064651504532,0.30658413930232853,59.004283177541744,0.01,0.09891087170430725,0.19558545043824788,5.9952543326927135,0.01,0.09385481967233107,0.18321325391920737,5.822930475519133,0.01,0.11405990445143062,0.3871833073960216,6.1630840187169165,0.01,0.1114357263324762,0.304295838446649,4.104987183174165,0.01,0.07484594285877989,0.1285043119372853,9.492228716000158
3.38,79.96386713600002,73.59177442136601,6.37209271463401,0.014286005611841422,30.072159834619374,0.11094713388495255,3.336419943381208,3.336419943381208,3.336419943381208,0.0,-0.0,0,0.01,0.01,0.1643736001301392,0.30658716421455545,59.00640774175894,0.01,0.098914149999826,0.19558847535047474,5.98737921144659,0.01,0.09385806141873972,0.18321627883143424,5.815366281158575,0.01,0.11405186379975632,0.38717633969195897,6.173067618774768,0.01,0.11142815204277752,0.30428887074258637,4.110471036611002,0.01,0.0748427603864865,0.1285012429315045,9.500644922425744
3.39,79.97202514059256,73.59935556489178,6.372669575700783,0.012204567410864741,30.073135777372144,0.11095357703402857,3.3367219871294607,3.3367219871294607,3.3367219871294607,0.0,-0.0,0,0.01,0.01,0.16437614181291607,0.3065897616963386,59.007813676629986,0.01,0.09891698320006334,0.1955910728322579,5.98014841510857,0.01,0.09386086141584452,0.18321887631321743,5.80841977023813,0.01,0.11404489708561565,0.3871703563080638,6.182222505815256,0.01,0.11142161235940867,0.30428288735869113,4.11550254857852,0.01,0.07484002085233178,0.12849860739430008,9.508361080511207
3.4,79.97887407407406,73.60579436365855,6.373079710415498,0.010296318113369882,30.073588099425088,0.11095904892132599,3.3369367331639155,3.3369367331639155,3.3369367331639155,0.0,-0.0,0,0.01,0.01,0.16437830646700405,0.30659196780771925,59.0085498806884,0.01,0.09891940910070615,0.19559327894363857,5.9735006880947825,0.01,0.09386325717737608,0.18322108242459806,5.802031507215269,0.01,0.11403891307946364,0.3871652742843419,6.190624381299416,0.01,0.1114160192944015,0.30427780533496923,4.120126634297264,0.01,0.0748376867533054,0.12849636882180585,9.515450741837467
3.41,79.98452025200004,73.61118411869292,6.373336133307118,0.00854079920224155,30.07355676170664,0.11096362902193112,3.3370709958760036,3.3370709958760036,3.3370709958760036,0.0,-0.0,0,0.01,0.01,0.16438012510002337,0.3065938145047492,59.00865381549028,0.01,0.09892146150768169,0.19559512564066853,5.9673737172125465,0.01,0.09386528222271304,0.18322292912162802,5.796141239987602,0.01,0.1140338297689025,0.38716102008860487,6.19835117014722,0.01,0.11141129427510255,0.30427355113923227,4.124388440423643,0.01,0.07483572475067546,0.12849449485355766,9.521986035134374
3.42,79.98907247881486,73.615606991993,6.373465486821854,0.0069195746975368195,30.07314857525384,0.11096738729791517,3.3371387252179385,3.3371387252179385,3.3371387252179385,0.0,-0.0,0,0.01,0.01,0.16438162505099843,0.3065953299298409,59.00815603254612,0.01,0.09892317036816099,0.19559664106576022,5.961708126222813,0.01,0.0938669662219648,0.18322444454671968,5.790691770943587,0.01,0.11402957421320883,0.3871575289530459,6.20547816257395,0.01,0.11140736778826191,0.3042700600036733,4.128330545287377,0.01,0.07483410543710226,0.12849295698221802,9.528033386294833
3.43,79.99264206562968,73.61913543865906,6.373506626970626,0.005417170886627923,30.07253019233242,0.11097038542504609,3.3371602661494637,3.3371602661494637,3.3371602661494637,0.0,-0.0,0,0.01,0.01,0.1643828304122164,0.30659653890185495,59.00708488730313,0.01,0.09892456211160312,0.19559785003777427,5.956451112873428,0.01,0.09386833534987488,0.18322565351873377,5.7856324700365,0.01,0.11402608189382137,0.3871547437495608,6.2120735462819106,0.01,0.11140417853191532,0.3042672748001882,4.131990435979266,0.01,0.07483280289323059,0.12849173005971348,9.533649750458167
3.44,79.99534284799995,73.62183412237395,6.373508725625996,0.004021825846906687,30.07191871255184,0.11097267842806231,3.3371613650028453,3.3371613650028453,3.3371613650028453,0.0,-0.0,0,0.01,0.01,0.16438376261508744,0.30659746357193396,59.00547120337324,0.01,0.09892566017370691,0.19559877470785325,5.951559567424855,0.01,0.09386941282081313,0.18322657818881274,5.780922275557805,0.01,0.11402329561851167,0.38715261348227115,6.218194526578918,0.01,0.11140167214197103,0.30426514453289855,4.135398368704274,0.01,0.07483179406637996,0.12849079163440044,9.53887950623435
3.45,79.99729120370377,73.6237621982511,6.373529005452662,0.0027260247939002134,30.071570476360428,0.11097431662635121,3.3371719834952573,3.3371719834952573,3.3371719834952573,0.0,-0.0,0,0.01,0.01,0.16438444114362724,0.306598124205319,59.00335266946258,0.01,0.0989264856689795,0.19559943534123825,5.947002549617753,0.01,0.09387021957010501,0.1832272388221977,5.776532065446456,0.01,0.11402116405480257,0.3871510914890324,6.223884189050066,0.01,0.1113997995765835,0.3042636225396598,4.138575692700586,0.01,0.07483105801039104,0.12849012115975472,9.543752120287284
3.46,79.99860607051845,73.62497583665059,6.373630233867866,0.0015268087059249335,30.07176866968279,0.1109753477830513,3.3372249865695136,3.3372249865695136,3.3372249865695136,0.0,-0.0,0,0.01,0.01,0.1643848843353184,0.30659854004581216,59.000777777958845,0.01,0.09892705817254355,0.19559985118173145,5.942763041427636,0.01,0.09387077504200944,0.18322765466269098,5.77244632123658,0.01,0.11401963998138304,0.3871501334519514,6.22916921263723,0.01,0.11139851525265686,0.3042626645025788,4.141533690343106,0.01,0.07483057502989916,0.12848969911871372,9.54828064714545
3.47,79.99940896399997,73.62553085765633,6.373878106343641,0.0004258549754137819,30.07281038269182,0.1109758193472707,3.337354772294334,3.337354772294334,3.337354772294334,0.0,-0.0,0,0.01,0.01,0.16438511022736405,0.3065987302182142,58.99780914753268,0.01,0.0989273965689186,0.19560004135413347,5.938838933539752,0.01,0.09387109804192348,0.18322784483509297,5.768664046010914,0.01,0.11401867835443928,0.38714969532001486,6.23405849300082,0.01,0.11139777503494623,0.3042622263706422,4.144272958315399,0.01,0.07483032577423986,0.12848950610915633,9.552461086106893
3.48,79.99982399525919,73.62548534367606,6.374338651583127,-0.0005707187342589544,30.07499377658289,0.11097578067718733,3.3375959132178368,3.3375959132178368,3.3375959132178368,0.0,0.0,0,0.01,0.01,0.16438513228102491,0.30659871462329735,58.9949214888179,0.01,0.09892751992462814,0.19560002575921667,5.93524320675504,0.01,0.09387120760963552,0.18322782924017617,5.765198897874051,0.01,0.11401823428922649,0.3871497312486751,6.238542720347345,0.01,0.11139753417978536,0.3042622622993024,4.146783356340684,0.01,0.07483028600974354,0.12848952193676735,9.556593562662613
3.49,79.99997788874083,73.62490227349548,6.375075615245342,-0.0014511534486532957,30.07860514196636,0.11097528528115833,3.3379817864890327,3.3379817864890327,3.3379817864890327,0.0,0.0,0,0.01,0.01,0.16438496184163162,0.30659851484014455,58.992880327281114,0.01,0.0989274125677237,0.19559982597606385,5.932931995607668,0.01,0.09387108663468947,0.18322762945702334,5.763113085821616,0.01,0.11401822911904902,0.38715019152237007,6.242892145515059,0.01,0.11139766444841906,0.3042627225729974,4.149777170462037,0.01,0.0748304065880509,0.12848972470034972,9.562704035310306
3.5,80.0,73.62385455189799,6.37614544810201,-0.0021921362456064726,30.0838940985272,0.11097439509422824,3.3385419496628788,3.3385419496628788,3.3385419496628788,0.0,0.0,0,0.01,0.01,0.1643846380073599,0.3065981558493014,58.99056843308146,0.01,0.09892711278372715,0.19559946698522077,5.931549374465095,0.01,0.0938707817169276,0.18322727046618026,5.761793798948358,0.01,0.11401850773597408,0.38715101858601797,6.248018631365371,0.01,0.11139810862760428,0.3042635496366453,4.153251669685205,0.01,0.0748306912708906,0.1284900890440927,9.568628159311501
3.5100000000000002,79.99997788874074,73.62242975231524,6.3775481364255135,-0.0027683949373811193,30.090840505850736,0.11097318451115835,3.3392763955516114,3.3392763955516114,3.3392763955516114,0.0,0.0,0,0.01,0.01,0.16438418868491708,0.30659766765758073,58.98811437292859,0.01,0.09892667432162379,0.1955989787935,5.930467128474767,0.01,0.09387034001926399,0.1832267822744595,5.760749875635169,0.01,0.11401907526794539,0.38715214330324343,6.253228378331424,0.01,0.11139887503692095,0.30426467435387083,4.156504084175111,0.01,0.07483112098083974,0.12849058450977704,9.573519193662031
3.52,79.99982399525925,73.62072730586962,6.379096689389627,-0.003163467537201208,30.098539286928705,0.1109717380018543,3.3400872159875705,3.3400872159875705,3.3400872159875705,0.0,0.0,0,0.01,0.01,0.16438364573003364,0.306597084334686,58.98565094812673,0.01,0.0989261308303268,0.1955983954706053,5.929681692151125,0.01,0.09386979458779021,0.18322619895156483,5.759992507830836,0.01,0.11401991875397252,0.387153487177513,6.257908423951443,0.01,0.11139992394514901,0.30426601822814037,4.159182214458383,0.01,0.07483166432235051,0.1284911765158408,9.577139532194362
3.5300000000000002,79.999408964,73.61885030173515,6.380558662264857,-0.0033804935291593488,30.10586999736609,0.11097014314774109,3.3408527031949986,3.3408527031949986,3.3408527031949986,0.0,0.0,0,0.01,0.01,0.16438304256141734,0.30659644120349855,58.98328564242105,0.01,0.09892551689754024,0.19559775233941779,5.929197132892428,0.01,0.09386917994348892,0.18322555582037728,5.759526119437135,0.01,0.1140209976748247,0.38715496882669864,6.261676006270908,0.01,0.11140119167413912,0.30426749987732604,4.161124876709227,0.01,0.07483228613467406,0.12849182921009858,9.57943721018556
3.54,79.99860607051852,73.61689418837634,6.381711882142178,-0.0034425263093066233,30.111762333695452,0.11096848104342358,3.34145652771076,3.34145652771076,3.34145652771076,0.0,0.0,0,0.01,0.01,0.16438241052986413,0.3065957709685781,58.98108638498393,0.01,0.09892486574416848,0.19559708210449742,5.928986210393014,0.01,0.09386852917117872,0.1832248855854569,5.759323678886172,0.01,0.11402225578354434,0.3871565129031436,6.264351781447963,0.01,0.11140260573641914,0.30426904395377097,4.162305725247154,0.01,0.07483295188699504,0.12849250939951698,9.580511427214397
3.5500000000000003,79.9972912037037,73.61493637409212,6.382354829611575,-0.003389074721286416,30.11524751900101,0.1109668174604917,3.3417931742185103,3.3417931742185103,3.3417931742185103,0.0,0.0,0,0.01,0.01,0.16438177548721394,0.3065951001529236,58.97907533644277,0.01,0.09892420565308441,0.19559641128884292,5.9289920911345,0.01,0.09386787032033068,0.1832242147698024,5.7593294896194065,0.01,0.1140236317850828,0.3871580583026858,6.265937021837643,0.01,0.11140409629489292,0.3042705893533132,4.162803852854715,0.01,0.07483363154703525,0.12849319016644714,9.580593789049736
3.56,79.995342848,73.61302792098405,6.382314927015956,-0.0032722578543101237,30.115499346678916,0.11096519578835491,3.3417722812683004,3.3417722812683004,3.3417722812683004,0.0,0.0,0,0.01,0.01,0.16438115501805697,0.30659444625212245,58.977226089579965,0.01,0.09892355693889235,0.19559575738804175,5.929134324476451,0.01,0.09386722339873134,0.18322356086900127,5.759465068179302,0.01,0.11402506872880946,0.38715956472019236,6.26658720575461,0.01,0.11140560521143159,0.3042720957708197,4.162781153402661,0.01,0.07483430281723098,0.12849385375619038,9.580022304634836
3.5700000000000003,79.99264206562964,73.61118750214764,6.3814545634819995,-0.0031527523716931237,30.111864030150485,0.11096363189704046,3.3413217959753516,3.3413217959753516,3.3413217959753516,0.0,0.0,0,0.01,0.01,0.16438055639996974,0.3065938156640305,58.97546362930238,0.01,0.09892292965569655,0.1955951267999498,5.929315461252268,0.01,0.0938665981082353,0.1832229302809093,5.759635557845986,0.01,0.11402652187483846,0.3871610174179585,6.266583010519633,0.01,0.11140709303195886,0.3042735484685859,4.162462127579918,0.01,0.07483495361536692,0.1284944936771284,9.579212978873475
3.58,79.98907247881482,73.60939768677359,6.379674792041223,-0.003095720736317282,30.103878525723093,0.11096211097762129,3.3403899098281165,3.3403899098281165,3.3403899098281165,0.0,0.0,0,0.01,0.01,0.1643799753168644,0.3065932024161018,58.97366683693139,0.01,0.098922322082752,0.19559451355202104,5.929427849899403,0.01,0.09386599235783995,0.18322231703298053,5.759736307304616,0.01,0.11402796487401014,0.38716243015631985,6.26629980584931,0.01,0.11140854403178369,0.3042749612069472,4.162114602310882,0.01,0.07483558375812305,0.12849511599121796,9.57863049649849
3.59,79.98452025200001,73.60760351036068,6.37691674163934,-0.003166906226323998,30.091277530328195,0.11096058632437315,3.338945798014652,3.338945798014652,3.338945798014652,0.0,0.0,0,0.01,0.01,0.16437939531528445,0.3065925876756746,58.971673207392755,0.01,0.09892171998558594,0.1955938988115939,5.9293603014150005,0.01,0.09386539155037434,0.18322170229255338,5.759659320122455,0.01,0.11402939419282476,0.3871638463205352,6.266176696138452,0.01,0.11140996939850506,0.30427637737116253,4.162031018356282,0.01,0.07483620584839441,0.12849573980992743,9.578759097729307
3.6,79.97887407407407,73.60571318489416,6.373160889179924,-0.0034290656667802064,30.073989867325803,0.11095897993538494,3.336979238265574,3.336979238265574,3.336979238265574,0.0,0.0,0,0.01,0.01,0.16437878796016375,0.3065919399934797,58.96928535454088,0.01,0.09892109661493449,0.19559325112939904,5.929004332450779,0.01,0.09386476860416627,0.18322105461035854,5.759299293450165,0.01,0.114030831802503,0.3871653383585426,6.266686079325441,0.01,0.1114114086515713,0.30427786940917,4.162510458282816,0.01,0.07483684540239455,0.12849639704610727,9.580074743161717
3.61,79.97202514059259,73.60360071294399,6.368424427648605,-0.003938886097115708,30.052125429295696,0.11095718473065265,3.3344992328071066,3.3344992328071066,3.3344992328071066,0.0,0.0,0,0.01,0.01,0.16437811361674745,0.3065912161995165,58.96627881474462,0.01,0.09892041337412937,0.19559252733543578,5.928259722264977,0.01,0.0938640846395059,0.18322033081639527,5.758558989868719,0.01,0.11403232622640073,0.38716700571567964,6.268304625756006,0.01,0.11141292944016486,0.304279536766307,4.16384182762612,0.01,0.07483754028337447,0.12849713150370667,9.5830196833048
3.62,79.963867136,73.6011100951174,6.362757040882605,-0.004744499265977062,30.025954220875548,0.1109550681230087,3.3315317960355872,3.3315317960355872,3.3315317960355872,0.0,0.0,0,0.01,0.01,0.1643773227606716,0.30659036284493385,58.96241062460792,0.01,0.09891962105881891,0.19559167398085311,5.927039160330806,0.01,0.09386329023317168,0.1832194774618126,5.757353726327808,0.01,0.11403395209839355,0.38716897151106633,6.271486542632354,0.01,0.11141462590457656,0.30428150256169373,4.166288716434145,0.01,0.07483833953469173,0.12849799741300855,9.58798051350924
3.63,79.95429621585185,73.59806076593078,6.356235449921071,-0.005883669966428845,29.995879317462418,0.11095247663087099,3.328117098993175,3.328117098993175,3.328117098993175,0.0,0.0,0,0.01,0.01,0.16437635769985495,0.3065893180649338,58.95742814737164,0.01,0.09891866155245138,0.19559062920085304,5.925271815760634,0.01,0.0938623271240559,0.18321843268181254,5.755614817099523,0.01,0.1140358084264317,0.38717137824317205,6.276639961747829,0.01,0.11141661582284158,0.3042839092937994,4.170076505590152,0.01,0.07483930172516538,0.1284990575378896,9.59527067705577
3.64,79.94321098903703,73.59425386144281,6.34895712759422,-0.0073826931978693226,29.962405713929048,0.11094924119490876,3.3243061783344263,3.3243061783344263,3.3243061783344263,0.0,0.0,0,0.01,0.01,0.16437515458072932,0.3065880137268422,58.95107765298122,0.01,0.09891746984772842,0.1955893248627615,5.922905724981188,0.01,0.09386113023995639,0.183217128343721,5.75329187116589,0.01,0.11403801578222454,0.3871743828371609,6.284107242067301,0.01,0.11141903679157474,0.3042869138877883,4.175382251994981,0.01,0.07484049293352561,0.12850038099267141,9.605118164903576
3.65,79.93051249999999,73.58947891393571,6.3410335860642855,-0.009255993722943851,29.92610707627386,0.11094518285417923,3.32015742169095,3.32015742169095,3.32015742169095,0.0,0.0,0,0.01,0.01,0.16437364554780487,0.3065863777247125,58.943112216498065,0.01,0.09891597625876627,0.19558768886063171,5.919908965571341,0.01,0.093859629910389,0.1832154923415912,5.750353913919774,0.01,0.11404071265279406,0.38717815135315026,6.294149886502255,0.01,0.1114220417071526,0.30429068240377766,4.182327788606363,0.01,0.07484198450588712,0.1285020409090558,9.617658855849793
3.66,79.91610421096297,73.58352058393506,6.332583627027907,-0.011506382689994592,29.88759233176024,0.11094011845049698,3.315733033485646,3.315733033485646,3.315733033485646,0.0,0.0,0,0.01,0.01,0.16437176092953248,0.30658433628693976,58.933298581102235,0.01,0.09891410869098587,0.19558564742285908,5.916269656753683,0.01,0.09385775413280496,0.18321345090381858,5.7467893734424615,0.01,0.11404405119528237,0.38718285366293836,6.306938614432722,0.01,0.11142579382073657,0.30429538471356576,4.190976312963258,0.01,0.07484385072036982,0.1285041120886091,9.6329355698423
3.67,79.89989198414816,73.57616507567363,6.323726908474519,-0.014125892375882682,29.847473851507583,0.11093386606076319,3.311095666495274,3.311095666495274,3.311095666495274,0.0,0.0,0,0.01,0.01,0.16436943133421456,0.3065818161756054,58.921422729597616,0.01,0.09891179484526237,0.19558312731152475,5.911994894196582,0.01,0.093855430769325,0.18321093079248424,5.742605036640989,0.01,0.11404819263517632,0.3871886583747972,6.322548902492745,0.01,0.111430461638187,0.3043011894254246,4.201332523890719,0.01,0.07484616648639718,0.12850666876403286,9.6509025112993
3.68,79.881784064,73.5672059350351,6.3145781289648895,-0.017097084058877828,29.806338712913806,0.11092624990245221,3.306305376745813,3.306305376745813,3.306305376745813,0.0,0.0,0,0.01,0.01,0.16436658955622127,0.30657874667437063,58.90729401075223,0.01,0.09890896424856667,0.19558005781028995,5.907108783068696,0.01,0.0938525895669765,0.1832078612912494,5.737824134867329,0.01,0.11405330254140461,0.3871957282444363,6.340962014957743,0.01,0.11143621392358566,0.30430825929506367,4.213346123440463,0.01,0.07484900519333793,0.12850978257425394,9.671434405927245
3.69,79.8616910594074,73.5564489942509,6.305242065156505,-0.02039470709840616,29.764724202412197,0.11091710451324395,3.301417025166835,3.301417025166835,3.301417025166835,0.0,0.0,0,0.01,0.01,0.1643631722134703,0.30657506128407547,58.890747768627236,0.01,0.09890555002377825,0.19557637241999468,5.901649773972184,0.01,0.093849163914979,0.18320417590095417,5.732483757743819,0.01,0.11405954620000402,0.38720421625895607,6.362071215293103,0.01,0.11144321504272882,0.30431674730958347,4.226918259641731,0.01,0.07485243680494666,0.12851352083583753,9.694339331889633
3.7,79.83952592592593,73.54371629974676,6.2958096261791665,-0.02398758009734315,29.723098359396808,0.110906278067247,3.296478211667395,3.296478211667395,3.296478211667395,0.0,0.0,0,0.01,0.01,0.16435912106029643,0.3065706990698971,58.87164651401378,0.01,0.0989014903348122,0.19557201020581635,5.8956675287751,0.01,0.09384509227613348,0.18319981368677588,5.726631815257748,0.01,0.11406708429088698,0.38721426252377655,6.385692516205931,0.01,0.11145162085072612,0.3043267935744039,4.241910277814349,0.01,0.07485652627382096,0.12851794516821513,9.719374050088215
3.71,79.815203948,73.52884893304217,6.286355014957835,-0.02784056720796905,29.68184599728959,0.11089363475266045,3.2915277888081484,3.2915277888081484,3.2915277888081484,0.0,0.0,0,0.01,0.01,0.16435438394369303,0.30656560562911084,58.84987975323291,0.01,0.09889672946784406,0.19556691676503019,5.88921954692959,0.01,0.09384031925399072,0.18319472024598968,5.720323771301086,0.01,0.1140760690488893,0.3872259920244767,6.4115790268622925,0.01,0.11146157528655987,0.30433852307510406,4.258154002757272,0.01,0.07486133232545801,0.12852311050463888,9.74626056807061
3.72,79.78864272118518,73.51170870444852,6.276934016736669,-0.031916532996601674,29.641260292656682,0.11087905619481545,3.286594965674632,3.286594965674632,3.286594965674632,0.0,0.0,0,0.01,0.01,0.16434891539377364,0.30655973367244416,58.82536264721662,0.01,0.09889121853348132,0.19556104480836348,5.882367769325676,0.01,0.0938347962814593,0.18318884828932297,5.7136193583955555,0.01,0.11408664106003044,0.38723951328019923,6.43943773148039,0.01,0.11147320778890242,0.30435204433082663,4.275462710150637,0.01,0.0748669066362572,0.1285290644963825,9.774702726279608
3.73,79.75976213437038,73.49217876134291,6.267583373027465,-0.03617817592559704,29.601539728276183,0.11086244196083725,3.2816989800774365,3.2816989800774365,3.2816989800774365,0.0,0.0,0,0.01,0.01,0.1643426768597945,0.306553043233293,58.79803371203266,0.01,0.09888491579668353,0.19555435436921234,5.875175349271295,0.01,0.09382848193833926,0.18318215785017183,5.706579456518526,0.01,0.11409892680668442,0.38725491785607324,6.468947413824087,0.01,0.11148663159447826,0.3043674489067006,4.293641969078368,0.01,0.07487329340574331,0.12853584729597003,9.804401754189216
3.74,79.728484352,73.47016320405527,6.25832114794473,-0.0405896611994745,29.56278992528545,0.11084370922522666,3.2768492903648005,3.2768492903648005,3.2768492903648005,0.0,0.0,0,0.01,0.01,0.16433563662018358,0.3065455015366641,58.767851791016234,0.01,0.09887778665992228,0.19554681267258336,5.867703743317738,0.01,0.0938213419237995,0.18317461615354286,5.699263283156057,0.01,0.1141130370320784,0.3872722806613577,6.499776443488938,0.01,0.11150194292645375,0.30438481171198506,4.312499640100808,0.01,0.07488052930192754,0.12854349168718165,9.835069974268297
3.75,79.69473379629629,73.44558584125062,6.24914795504568,-0.045117996159791195,29.525029710595234,0.11082279170815999,3.272046217794531,3.272046217794531,3.272046217794531,0.0,0.0,0,0.01,0.01,0.16432776940812907,0.30653708257304535,58.734792532323105,0.01,0.09886980333975422,0.19553839370896464,5.860010233175219,0.01,0.09381334872432635,0.18316619718992416,5.691726001511162,0.01,0.11412906594736064,0.38729166092905015,6.531599260420844,0.01,0.11151922102976462,0.3044041919796775,4.331854474338047,0.01,0.07488864374123724,0.12855202351586917,9.866442096459812
3.7600000000000002,79.65843712948148,73.41838824272371,6.240048886757772,-0.04973411354892036,29.488200640067983,0.11079963801997397,3.267281956779897,3.267281956779897,3.267281956779897,0.0,0.0,0,0.01,0.01,0.16431905580323655,0.30652776643135826,58.698844595610105,0.01,0.09886094428735838,0.19552907756727755,5.852145948210123,0.01,0.09380448102788232,0.18315688104823705,5.684016813442968,0.01,0.11414709125662062,0.3873131037518885,6.564110614288793,0.01,0.11153852896671537,0.30442563480251583,4.35154295106063,0.01,0.07489765945151397,0.128561462366371,9.898283808117045
3.77,79.619523236,73.38852726140311,6.230995974596898,-0.05441364819547489,29.452179131871286,0.11077420955675053,3.2625418630568648,3.2625418630568648,3.2625418630568648,0.0,0.0,0,0.01,0.01,0.16430948144471322,0.30651753844992125,58.66000579288798,0.01,0.09885119340974899,0.19551884958584054,5.844154419553029,0.01,0.09379472294102045,0.18314665306680003,5.676177566661664,0.01,0.11416717493051333,0.38733664203851803,6.597036901298316,0.01,0.111559915052508,0.3044491730891454,4.371424185760911,0.01,0.07490759325838119,0.12857182242334636,9.930397597403902
3.7800000000000002,79.57792320474074,73.3559721995012,6.221951005239544,-0.05913740996133971,29.41679035065878,0.11074647809437416,3.2578059281760297,3.2578059281760297,3.2578059281760297,0.0,0.0,0,0.01,0.01,0.16429903612293484,0.3065063882454402,58.618279343036534,0.01,0.09884053915070073,0.19550769938135945,5.836070663894836,0.01,0.09378406306789942,0.18313550286231894,5.668241873866051,0.01,0.11418936462127363,0.38736229875099143,6.630144252103475,0.01,0.11158341478820855,0.3044748298016188,4.3913829136165985,0.01,0.0749184570315759,0.1285831134576683,9.9626259339432
3.79,79.53357031125925,73.32070178798956,6.212868523269691,-0.06389156964378631,29.381823012570038,0.11071642322348452,3.253050351737221,3.253050351737221,3.253050351737221,0.0,0.0,0,0.01,0.01,0.16428771280467666,0.30649430867807853,58.57367039104695,0.01,0.09882897348949211,0.1954956198139978,5.827920769080107,0.01,0.09377249350911364,0.1831234232949573,5.660234716679379,0.01,0.11421369558389913,0.387390089289278,6.663243320633197,0.01,0.1116090531382685,0.3045026203399054,4.411330688955479,0.01,0.07493025872805358,0.12859534187699057,9.99485206321206
3.8000000000000003,79.4864,73.28270113591255,6.20369886408746,-0.06866758492050644,29.34704434367155,0.11068402975706172,3.2482491294167515,3.2482491294167515,3.2482491294167515,0.0,0.0,0,0.01,0.01,0.164275506643383,0.30648129480630987,58.52618291315934,0.01,0.09881649091204671,0.1954826059422292,5.819721934275943,0.01,0.09376000883465954,0.18311040942318868,5.6521724885132425,0.01,0.11424019295185944,0.3874200238985003,6.6961909731933416,0.01,0.11163684700007406,0.3045325549491277,4.4312055333457705,0.01,0.07494300347207007,0.12860851178603988,10.02699875327638
3.81,79.43634986651853,73.24195878837757,6.194391078140955,-0.07346190065556098,29.312214511112867,0.1106492852275627,3.24337558409163,3.24337558409163,3.24337558409163,0.0,0.0,0,0.01,0.01,0.16426241402025157,0.30646734287919125,58.47581709892695,0.01,0.0988030874035946,0.19546865401511052,5.811482904617679,0.01,0.09374660507985785,0.18309645749607,5.644063418268146,0.01,0.11426887421112195,0.3874521099886771,6.728889260928022,0.01,0.11166680772222638,0.3045646410393044,4.450970314877413,0.01,0.07495669461822127,0.12862262600791052,10.05902537178211
3.8200000000000003,79.38335963970371,73.19846401105694,6.184895628646774,-0.0782754624115515,29.277099948842185,0.11061217757296314,3.2384037783627218,3.2384037783627218,3.2384037783627218,0.0,0.0,0,0.01,0.01,0.16424843165516648,0.30645244940648225,58.42256727231221,0.01,0.09878875950519136,0.19545376054240157,5.803204732612112,0.01,0.09373227880624843,0.18308156402336107,5.635908309369169,0.01,0.11429975172247436,0.3874863542734972,6.761282170921682,0.01,0.1116989435440568,0.3045988853241246,4.470610156437287,0.01,0.07497133475082343,0.12863768702505812,10.090923678528013
3.83,79.327371164,73.1522043961031,6.175166767896894,-0.08311308433344054,29.2414851115052,0.11057269309190994,3.233309758786118,3.233309758786118,3.233309758786118,0.0,0.0,0,0.01,0.01,0.16423355581909438,0.3064366103391551,58.36642038635796,0.01,0.0987735034688328,0.19543792147507438,5.7948817949399665,0.01,0.0937170262618724,0.18306572495603388,5.627701525200858,0.01,0.11433283515699279,0.3875227646529401,6.793350697687864,0.01,0.111733261848936,0.3046352957035675,4.490129160892926,0.01,0.07498692658139185,0.1286536978068019,10.122712705119918
3.84,79.26832838162963,73.1031638606461,6.165164520983518,-0.08798271312439215,29.20518230578336,0.11053081472837796,3.228072594549043,3.228072594549043,3.228072594549043,0.0,0.0,0,0.01,0.01,0.16421778167185466,0.30641982038468896,58.30735509996642,0.01,0.0987573145379115,0.19542113152060825,5.786502993112564,0.01,0.09370084266737562,0.18304893500156771,5.619432151810027,0.01,0.11436813373046174,0.3875613517835004,6.825106770973662,0.01,0.1117697711461933,0.3046738828341278,4.509546716022954,0.01,0.07500347371479564,0.12867066249854484,10.154433066537731
3.85,79.20617731481481,73.05132108541332,6.15485622940149,-0.09289462896926674,29.168039363606866,0.11048652072648851,3.222675185698183,3.222675185698183,3.222675185698183,0.0,0.0,0,0.01,0.01,0.16420110274146832,0.3064020724734251,58.24534142209085,0.01,0.09874018637171035,0.19540338360934434,5.778053068302115,0.01,0.09368372164633808,0.18303118709030383,5.611085270530686,0.01,0.1144056581469801,0.3876021302986233,6.856586533939393,0.01,0.11180848271928567,0.3047146613492506,4.528893609559356,0.01,0.07502098126351114,0.12868858695627822,10.186141016604816
3.86,79.14086604799999,72.99664841822138,6.144217629778613,-0.09786062222547036,29.129945032923505,0.11043978367708894,3.2171048279615633,3.2171048279615633,3.2171048279615633,0.0,0.0,0,0.01,0.01,0.1641835105538483,0.3063833573844312,58.18034088739812,0.01,0.0987221106247894,0.1953846685203504,5.769513964617083,0.01,0.09366565481042143,0.1830124720013099,5.602643277012153,0.01,0.11444542218757324,0.3876451196601267,6.887843403484527,0.01,0.11184941190005215,0.30475765071075406,4.5482081505319965,0.01,0.07503945629795954,0.12870747911799035,10.2179025237778
3.87,79.07234471007408,72.93911124575492,6.133233464319163,-0.1028931816691436,29.09083206604547,0.11039056995981517,3.2113535323760267,3.2113535323760267,3.2113535323760267,0.0,0.0,0,0.01,0.01,0.16416499441460067,0.3063636635319968,58.112307209653906,0.01,0.09870307668471881,0.19536497466791605,5.76086618024767,0.01,0.09364663150255692,0.18299277814887555,5.594087188103662,0.01,0.11448744390458149,0.3876903446383746,6.918941274247457,0.01,0.11189257894964164,0.304802875689002,4.567532460183527,0.01,0.07505890812894539,0.1287273492111229,10.249787607263796
3.88,79.0005654565926,72.87866781769372,6.121897638898879,-0.1080047261952994,29.050678080470867,0.11033883956809916,3.2054181080655697,3.2054181080655697,3.2054181080655697,0.0,0.0,0,0.01,0.01,0.16414554133834944,0.3063429769072401,58.041187344465406,0.01,0.09868307156482743,0.19534428804315943,5.752090052550692,0.01,0.09362663869464838,0.18297209152411892,5.585397884432208,0.01,0.11453174640566033,0.3877378354343536,6.949948157764722,0.01,0.11193800954549853,0.304850366484981,4.586909065297314,0.01,0.07507934842552813,0.1287482098020281,10.28186513655044
3.89,78.92548245200001,72.8152694903317,6.110212961668315,-0.11320690725772915,29.009504350249525,0.11028454629032179,3.1993000253743853,3.1993000253743853,3.1993000253743853,0.0,0.0,0,0.01,0.01,0.16412513611542,0.3063212811635018,57.96692288226346,0.01,0.09866207994263464,0.19532259229942106,5.7431669307277735,0.01,0.09360566103030159,0.18295039578038058,5.57655724389808,0.01,0.11457835823166124,0.38778762747023243,6.9809304829198116,0.01,0.11198573489030868,0.30490015852085983,4.606377898667646,0.01,0.0751007911780999,0.12877007569931082,10.314198259537552
3.9,78.84705185185186,72.74886134271637,6.098190509135504,-0.11851000415186667,28.96737275557733,0.11022763820836119,3.193005083948517,3.193005083948517,3.193005083948517,0.0,0.0,0,0.01,0.01,0.1641037615010369,0.3062985578293596,57.8894516853262,0.01,0.09864008432954635,0.1952998689652789,5.734080198214537,0.01,0.09358368099804452,0.1829276724462384,5.56754912946532,0.01,0.11462731335009071,0.38783976088615085,7.011948224361493,0.01,0.1120357914728575,0.3049522919367782,4.625973784914682,0.01,0.07512325252189367,0.12879296372786883,10.346840585559228
3.91,78.76523178503703,72.6793831073023,6.085848677734738,-0.12392242867510103,28.92438117296697,0.11016805846538254,3.186542916138435,3.186542916138435,3.186542916138435,0.0,0.0,0,0.01,0.01,0.1640813985085094,0.30627478662932167,57.808709680140446,0.01,0.09861706535332213,0.19527609776524102,5.724816116153312,0.01,0.09356067921647043,0.1829039012462005,5.558360203619939,0.01,0.11467865080015212,0.38789427978969027,7.043050971768179,0.01,0.11208822052221361,0.30500681084031767,4.6457244643199544,0.01,0.07514675044050859,0.12881689239427563,10.379833209501069
3.92,78.679982336,72.60677034931575,6.073211986684247,-0.12945034995544696,28.880657627206848,0.11010574624800626,3.1799263601767835,3.1799263601767835,3.1799263601767835,0.0,0.0,0,0.01,0.01,0.16405802678524325,0.3062499458895846,57.724632716825376,0.01,0.09859300213182992,0.19525125702550386,5.715364468825649,0.01,0.0935366348097842,0.18287906050646335,5.548980551041046,0.01,0.11473241403658735,0.3879512313105852,7.07427500339205,0.01,0.11214306720545807,0.3050637623612125,4.665649182164917,0.01,0.07517130437225708,0.12884188146682599,10.41320262242048
3.93,78.59126552696296,72.53095582450597,6.060309702456994,-0.13509744454777978,28.83635354917075,0.1100406379240077,3.173170739952973,3.173170739952973,3.173170739952973,0.0,0.0,0,0.01,0.01,0.16403362504884447,0.3062240130047044,57.63715841242575,0.01,0.09856787271471759,0.19522532414062368,5.7057190015537405,0.01,0.09351152585038504,0.18285312762158318,5.539404100374403,0.01,0.11478865002774924,0.38801066451672955,7.105641381415226,0.01,0.11220037962530367,0.3051231955673569,4.685757846493863,0.01,0.07519693474418741,0.12886795149508387,10.446959513973335
3.94,78.49904530014817,72.45187094361759,6.047174356530576,-0.14086477148249393,28.7916364908069,0.10997266827538024,3.1662930889088403,3.1662930889088403,3.1662930889088403,0.0,0.0,0,0.01,0.01,0.16400817156005054,0.3061969649405771,57.54622790177241,0.01,0.09854165456883333,0.1951982760764963,5.6958776507056905,0.01,0.09348532984435431,0.1828260795574558,5.5296288448505075,0.01,0.1148474081686691,0.3880726292484896,7.137155043798866,0.01,0.11226020767741486,0.30518516029911696,4.7060507335876425,0.01,0.07522366245953077,0.12889512329416522,10.481098433713875
3.95,78.4032875,72.36944727353855,6.033840226461447,-0.14675076701955997,28.74668264136167,0.10990177176775365,3.159311354730976,3.159311354730976,3.159311354730976,0.0,0.0,0,0.01,0.01,0.16398164460965758,0.30616877874969384,57.45178743014889,0.01,0.09851432508345577,0.19517008988561313,5.685842574096284,0.01,0.09345802423597958,0.1827978933665726,5.51965686982472,0.01,0.11490873907246892,0.388137174926935,7.168804828054124,0.01,0.11232260182812374,0.3052497059775624,4.726518698780658,0.01,0.07525150836412015,0.1289234174183374,10.515598244037712
3.96,78.30395985540741,72.28361800933352,6.020341846073887,-0.15275134958073747,28.70166946867882,0.10982788380053739,3.152243619287489,3.152243619287489,3.152243619287489,0.0,0.0,0,0.01,0.01,0.16395402299792156,0.30613943207610933,57.353789733382825,0.01,0.09848586207255527,0.19514074321202862,5.675619997393066,0.01,0.09342958690862965,0.18276854669298812,5.509494202423684,0.01,0.11497269330344156,0.38820434938810633,7.200564327691595,0.01,0.11238761187168682,0.3053168804387337,4.747143831532824,0.01,0.07528049271612644,0.12895285364694134,10.550423268539804
3.97,78.20103196192592,72.1943193578549,6.0067126040710175,-0.15886012182554357,28.656768778246736,0.10975094188741527,3.145107364862454,3.145107364862454,3.145107364862454,0.0,0.0,0,0.01,0.01,0.16392528648695082,0.3061089036297935,57.25219516397683,0.01,0.09845624425326671,0.19511021476571283,5.665219898353643,0.01,0.09339999666127599,0.18273801824667232,5.499150504461335,0.01,0.1150393201126619,0.38827419779017663,7.232393453562875,0.01,0.11245528572245979,0.305386728840804,4.767900478940836,0.01,0.07531063468138097,0.12898345050328433,10.585525017363143
3.98,78.094475264,72.10149178186882,5.992983482131185,-0.1650686541721743,28.612140442831798,0.10967088672357127,3.1379188134247182,3.1379188134247182,3.1379188134247182,0.0,0.0,0,0.01,0.01,0.16389541620924195,0.30607717361288406,57.14697253546094,0.01,0.09842545168236666,0.19507848474880332,5.654655555407976,0.01,0.09336923364257951,0.18270628822976281,5.488638634354371,0.01,0.11510866623230881,0.3883467616337104,7.264240551284089,0.01,0.11252566829167118,0.30545929268433775,4.788756551919278,0.01,0.07534195187376007,0.12901522482418126,10.620844356563213
3.99,77.98426303718517,72.00508106315172,5.979181974033449,-0.17136683226056557,28.567927009410965,0.10958766310387197,3.1306923606833337,3.1306923606833337,3.1306923606833337,0.0,0.0,0,0.01,0.01,0.1638643950185728,0.3060442240836253,57.03809966981366,0.01,0.09839346613564552,0.19504553521954457,5.643942990157261,0.01,0.09333727972756871,0.18267333870050406,5.477974106627896,0.01,0.11518077477826053,0.388422077927567,7.296044913696208,0.01,0.11259880049120494,0.3055346089781944,4.809675023540299,0.01,0.07537445995676693,0.12904819139440932,10.65631398170781
4.0,77.87037037037037,71.90503915332185,5.965331217048516,-0.1777432498843241,28.524249340080104,0.10950122066476584,3.1234401212849128,3.1234401212849128,3.1234401212849128,0.0,0.0,0,0.01,0.01,0.16383220777279947,0.30601003924733294,56.92556364621699,0.01,0.09836027141848702,0.1950113503832522,5.6331003350424265,0.01,0.09330411882535489,0.18263915386421167,5.4671744793215575,0.01,0.11525568430231725,0.3885001785247271,7.327739524263177,0.01,0.1126747183983562,0.30561270957535447,4.830615529396645,0.01,0.07540817231873721,0.12908236265666423,10.691861056919725
4.01,77.75277414800001,71.80132479180624,5.95144935619377,-0.18418562871978575,28.48120339188921,0.10941151443150593,3.116171595938342,3.116171595938342,3.116171595938342,0.0,0.0,0,0.01,0.01,0.16379884154156113,0.3059746056673765,56.809360760524285,0.01,0.09832585359955165,0.19497591680329573,5.622147157658738,0.01,0.09326973710991267,0.18260372028425523,5.456258699707776,0.01,0.11533342802602252,0.3885810896438051,7.359253873277395,0.01,0.11275345260633199,0.3056936206944325,4.851535985012166,0.01,0.07544309983019726,0.12911774850382157,10.727409887641846
4.0200000000000005,77.63145303229629,71.69390388089383,5.937549151402472,-0.19068124666839084,28.43885818917099,0.10931850516111309,3.1088934657290523,3.1088934657290523,3.1088934657290523,0.0,0.0,0,0.01,0.01,0.1637642857353371,0.3059379123927969,56.68949621512688,0.01,0.09829020116306308,0.19493922352871623,5.611103772014889,0.01,0.0932341231695445,0.18256702700967573,5.445246437642774,0.01,0.11541403327795685,0.388664831583589,7.390516702751979,0.01,0.11283502777576526,0.3057773626342164,4.872394144277083,0.01,0.07547925068798005,0.12915435615657386,10.762884508618262
4.03,77.50638744548148,71.58274961792249,5.9236378275589985,-0.1972173577051059,28.39725499262238,0.10922215947997291,3.1016095135976585,3.1016095135976585,3.1016095135976585,0.0,0.0,0,0.01,0.01,0.16372853215559946,0.30589995100264633,56.56598356816025,0.01,0.09825330507868206,0.19490126213856565,5.599990565055074,0.01,0.09319726807412185,0.18252906561952514,5.434157433936706,0.01,0.11549752114604526,0.38875141862990814,7.421458556178317,0.01,0.11291946239310578,0.30586394968053554,4.893149034783702,0.01,0.07551663034690853,0.1291921901259525,10.798211085126605
4.04,77.377559552,71.46784239398606,5.90971715801394,-0.20378158768978455,28.356407623654203,0.10912244982284544,3.0943206680683577,3.0943206680683577,3.0943206680683577,0.0,0.0,0,0.01,0.01,0.1636915749688692,0.3058607155703397,56.438843977803,0.01,0.0982151587912134,0.19486202670625907,5.5888273637990125,0.01,0.0931591653624402,0.18248983018721857,5.423010888239395,0.01,0.11558390634632991,0.3888408591467204,7.452014034021807,0.01,0.11300676873282463,0.30595339019734774,4.913762219442559,0.01,0.07555524153631851,0.12923125225697166,10.833320044790183
4.05,77.24495324074076,71.34916947687721,5.895783763863558,-0.2103622925521756,28.316303861529924,0.10901935418715687,3.087025159951289,3.087025159951289,3.087025159951289,0.0,0.0,0,0.01,0.01,0.16365341061022323,0.30582020255416303,56.30810528292171,0.01,0.09817575813533497,0.19482151369008227,5.577632864761788,0.01,0.09311981095495055,0.18244931717104176,5.411824907368865,0.01,0.11567319730024091,0.38893315583673016,7.482123682537864,0.01,0.11309695301223811,0.30604568688735756,4.9341988479404,0.01,0.07559508435551948,0.1292715418467326,10.868147877670237
4.0600000000000005,77.10855410725925,71.2267264217523,5.8818276855069485,-0.21693024846080253,28.276898138089916,0.10891285739234365,3.0797177744116144,3.0797177744116144,3.0797177744116144,0.0,0.0,0,0.01,0.01,0.16361403799566987,0.3057784112773068,56.173821268608066,0.01,0.09813510139183991,0.19477972241322616,5.566435178393542,0.01,0.09307920322280161,0.18240752589418566,5.400627419223594,0.01,0.1157641987079416,0.38902830466094485,7.523751591129879,0.01,0.11319001544653302,0.3061408357115722,4.954416680785917,0.01,0.07563615623709712,0.12931305517782293,10.902603606837895
4.07,76.968349436,71.10056294024544,5.867786495754562,-0.22331853397518403,28.237880170778233,0.10880299109097917,3.0723658246493213,3.0723658246493213,3.0723658246493213,0.0,0.0,0,0.01,0.01,0.16357347091161706,0.30573535944267194,56.03628600461639,0.01,0.09809319861560872,0.19473667057859126,5.555422044723139,0.01,0.09303735270181265,0.18236447405955075,5.389605703600601,0.01,0.11585511477191043,0.3891262592635246,7.594615000294243,0.01,0.11328593574671643,0.306238790314152,4.974161341424986,0.01,0.07567844273870866,0.12935577001585666,10.93607645982268
4.08,76.82432818251851,70.97079655413009,5.853531628388433,-0.2295347127427896,28.198604624843885,0.1086898459808831,3.0649019935501,3.0649019935501,3.0649019935501,0.0,0.0,0,0.01,0.01,0.16353172234076585,0.30569105557865667,55.89518333294481,0.01,0.09805006716969838,0.19469236671457596,5.544367174338271,0.01,0.0929942765220074,0.18232017019553542,5.378523726581989,0.01,0.11594757830509045,0.38922692057315705,7.677495164813384,0.01,0.1133846401993706,0.3063394516237844,4.993183790760419,0.01,0.07572190312491021,0.12939964112912816,10.968210826705047
4.09,76.67648095570371,70.83749828267727,5.83898267302644,-0.2356433961006669,28.15866631474067,0.10857347234289573,3.057284178336326,3.057284178336326,3.057284178336326,0.0,0.0,0,0.01,0.01,0.16348878613056322,0.30564549654322387,55.75076336226381,0.01,0.09800570080797087,0.19464680767914316,5.533351962528038,0.01,0.09294996814278213,0.18227461116010266,5.367477043918392,0.01,0.1160422278381692,0.38933022560826747,7.765408415118208,0.01,0.11348604981065853,0.3064427566588948,5.011636640668704,0.01,0.07576650243579419,0.1294446390276662,10.999430684735243
4.1,76.5248,70.7007316260411,5.824068373958893,-0.24164048579682226,28.117704190852248,0.10845391390801248,3.0494750696056516,3.0494750696056516,3.0494750696056516,0.0,0.0,0,0.01,0.01,0.16344467879648306,0.3055987001825935,55.60312868473263,0.01,0.09796011363711121,0.19460001131851282,5.5224648713225095,0.01,0.09290444215656785,0.1822278147994723,5.356546571430634,0.01,0.1161392574253031,0.3894361171562489,7.855852159768933,0.01,0.11359010129047949,0.3065486482068762,5.029576584974907,0.01,0.07581221314343964,0.12949073672732017,11.029775559446946
4.11,76.36927917762962,70.56055764419882,5.8087215334308,-0.24753682003535712,28.075375679663328,0.10833121228361466,3.04143948269584,3.04143948269584,3.04143948269584,0.0,0.0,0,0.01,0.01,0.16339941663106713,0.30555068351429976,55.45233809264658,0.01,0.09791332276243898,0.19455199465021905,5.511697763139177,0.01,0.09285771566965818,0.18217979813117854,5.345723021985478,0.01,0.1162386995605318,0.389544539830069,7.947955723501377,0.01,0.11369673527947481,0.3066570708806963,5.047040156373281,0.01,0.0758590083313521,0.12953790803041293,11.059298992754327
4.12,76.20991395081481,70.41702880505592,5.792885145758884,-0.25335085600836404,28.031387765473617,0.10820540156191859,3.0331475695009247,3.0331475695009247,3.0331475695009247,0.0,0.0,0,0.01,0.01,0.16335301331249935,0.3055014606178589,55.29842994781519,0.01,0.09786534308424062,0.19450277175377817,5.501025262569043,0.01,0.09280980348058272,0.18213057523473766,5.334981589247267,0.01,0.11634053166103506,0.38965544482026415,8.041468326756021,0.01,0.11380589746537563,0.30676797587089155,5.0640791334869,0.01,0.07590686342243438,0.12958612959173485,11.08809517513263
4.13,76.046701364,70.27018575395947,5.776515610040535,-0.25910513109656513,27.985513485294643,0.10807650544739829,3.0245765006416847,3.0245765006416847,3.0245765006416847,0.0,0.0,0,0.01,0.01,0.1633054787706812,0.3054510415135123,55.14142452618154,0.01,0.09781618581943134,0.19445235264943161,5.49041430148727,0.01,0.09276071667555617,0.18208015613039108,5.324290220087761,0.01,0.11644471697767463,0.38976879236215395,8.136375183084967,0.01,0.11391754140802601,0.3068813234127813,5.080757120873239,0.01,0.07595575750381266,0.12963538198388633,11.116278711138945
4.14,75.87964002607407,70.1200556288391,5.759584397234977,-0.2648241521703548,27.93760071648066,0.10794453571556353,3.0157113383473,3.0157113383473,3.0157113383473,0.0,0.0,0,0.01,0.01,0.16325681857827967,0.3053994315633032,54.98132560045075,0.01,0.09776585776022391,0.19440074269922247,5.479827994920883,0.01,0.0927104619077007,0.18202854618018194,5.313613237571296,0.01,0.11655122034326909,0.38988455299293123,8.232752181882686,0.01,0.11403163046068189,0.30699708404355863,5.097143091562743,0.01,0.0760056740225184,0.12968565023233805,11.143972041524544
4.15,75.70873009259259,69.96665139945038,5.74207869314221,-0.27053283356052743,27.887575849995454,0.10780949155603395,3.006545373118341,3.006545373118341,3.006545373118341,0.0,0.0,0,0.01,0.01,0.16320703368136033,0.30534663121897554,54.818122174886085,0.01,0.09771436092482427,0.1943479423548948,5.469228218955635,0.01,0.092659041059219,0.1819757458358543,5.302913804101915,0.01,0.11666001417304203,0.39000270800796255,8.330710045230337,0.01,0.11414813873795775,0.30711523905858995,5.113306376894828,0.01,0.07605660107584393,0.12973692399989314,11.171297106191329
4.16,75.533973248,69.80997202044338,5.724001227556608,-0.2762551812197619,27.835443378477642,0.1076713596230747,2.9970800342717996,2.9970800342717996,2.9970800342717996,0.0,0.0,0,0.01,0.01,0.16315612039696284,0.30529263604706525,54.65179065945852,0.01,0.0976616925002521,0.19429394718298457,5.458577687850913,0.01,0.09260645119256629,0.18192175066394406,5.292155919876492,0.01,0.11677108054086073,0.3901232492835249,8.430371483357314,0.01,0.11426705132253888,0.3072357803341522,5.1293128760502205,0.01,0.07610853139997097,0.12978919749453421,11.198368944815211
4.17,75.35537268785185,69.65000328721834,5.705369400633517,-0.2820131410409785,27.781281929828427,0.10753011470288762,2.9873244325077097,2.9873244325077097,2.9873244325077097,0.0,0.0,0,0.01,0.01,0.16310407064175725,0.3052374369952968,54.48229750946932,0.01,0.09760784503335157,0.19423874813121608,5.447841749598878,0.01,0.09255268474808971,0.18186655161217558,5.28130615481681,0.01,0.11688441150760942,0.3902461785560446,8.531860415527039,0.01,0.11438836384561737,0.30735870960667194,5.145222055991153,0.01,0.07616146210718111,0.129842469140947,11.225290458956344
4.18,75.17293310103705,69.48671930388424,5.686213797152804,-0.28782560767510657,27.72523717635339,0.10738572092428014,2.9772945819793617,2.9772945819793617,2.9772945819793617,0.0,0.0,0,0.01,0.01,0.16305087236412857,0.30518102087120813,54.309602247053384,0.01,0.09755280683990462,0.19418233200712742,5.436989937866845,0.01,0.09249772995839885,0.18181013548808692,5.270335146349351,0.01,0.11700000852336116,0.39037150623192474,8.63529572385801,0.01,0.11451208153426926,0.30748403728255214,5.161084560573881,0.01,0.07621539420724564,0.12989674104899324,11.252148159799189
4.19,74.98666065199998,69.32008446652115,5.6665761854788315,-0.29370761343447344,27.66751208323647,0.10723813343335936,2.967012352551195,2.967012352551195,2.967012352551195,0.0,0.0,0,0.01,0.01,0.16299651015041874,0.3051233710016211,54.13366073506969,0.01,0.09749656260179337,0.1941246821375404,5.4259972600648165,0.01,0.09244157144944352,0.18175248561849988,5.259218841949925,0.01,0.11711788123929669,0.39049924980645145,8.740786943604904,0.01,0.11463821780845745,0.30761178085707885,5.176940392277921,0.01,0.0762703319479337,0.1299520183142211,11.27900891898364
4.2,74.79656296296295,69.15005585255533,5.646507110407622,-0.2996697190572857,27.60835502655782,0.10708730044120754,2.9565042094165195,2.9565042094165195,2.9565042094165195,0.0,0.0,0,0.01,0.01,0.16294096597187033,0.30506446803704856,53.954428555941455,0.01,0.0974390941181886,0.19406577917296783,5.414845189352877,0.01,0.0923841909942284,0.18169358265392732,5.247939454928301,0.01,0.11723804590042167,0.3906294319793773,8.848431058217232,0.01,0.11476679251441371,0.3077419630300047,5.19281767893069,0.01,0.07632628201292159,0.13000830818933187,11.305917778129205
4.21,74.60264909614816,68.97658589605726,5.626063200090907,-0.30571762234696964,27.548046371327704,0.10693316554281197,2.945799803006246,2.945799803006246,2.945799803006246,0.0,0.0,0,0.01,0.01,0.16288422003482897,0.30500429086100866,53.77186434572805,0.01,0.0973803811724821,0.19400560199692793,5.403522333840839,0.01,0.09232556838084945,0.18163340547788742,5.2364861075856055,0.01,0.11736052343929256,0.3907620785626629,8.958310168620013,0.01,0.11489782988887205,0.3078746096132903,5.208732039470763,0.01,0.07638325261891135,0.13006561916877707,11.332896851576164
4.22,74.404929536,68.7996252220316,5.605304313968405,-0.3118519920774787,27.48688413939188,0.10677567019841384,2.9349304756497197,2.9349304756497197,2.9349304756497197,0.0,0.0,0,0.01,0.01,0.16282625169404305,0.30494281756150665,53.58593293986038,0.01,0.09732040247354497,0.19394412869742594,5.392024768427246,0.01,0.09226568235344661,0.18157193217838544,5.22485514785247,0.01,0.11748533737789686,0.3908972162803298,9.07048998825383,0.01,0.11503135635495879,0.3080097473309572,5.22468654466807,0.01,0.07644125255604792,0.130123960030405,11.3599453149248
4.23,74.20341617140741,68.6191255112279,5.5842906601795175,-0.31806852517798323,27.425169410564397,0.10661475626577864,2.923927752255011,2.923927752255011,2.923927752255011,0.0,0.0,0,0.01,0.01,0.162767040387801,0.304880026420981,53.3966082010376,0.01,0.09725913662839078,0.1938813375569003,5.380356029068521,0.01,0.09220451158321973,0.18150914103785978,5.213050139419064,0.01,0.11761251164202104,0.39103487056074393,9.185019149676167,0.01,0.11516739825345838,0.30814740161137133,5.240672243764455,0.01,0.07650029021627006,0.1301833388780142,11.387040424201038
4.24,73.99812227792592,68.43504227078013,5.563080007145791,-0.324358216076766,27.363192087138508,0.10645036847386027,2.912821880296912,2.912821880296912,2.912821880296912,0.0,0.0,0,0.01,0.01,0.16270656655426763,0.30481589688185906,53.203875418231355,0.01,0.0971965631035988,0.19381720801777838,5.368526783591478,0.01,0.09214203562698377,0.18144501149873787,5.2010815392552106,0.01,0.11774206839018492,0.39117506341785896,9.301929292691637,0.01,0.11530597961197142,0.3082875944684863,5.256669202423798,0.01,0.07656037265293039,0.13024376222679043,11.414139464475403
4.25,73.7890625,68.24733739476399,5.541725105236005,-0.3307078187573263,27.301217613429618,0.10628245673469866,2.9016404798039264,2.9016404798039264,2.9016404798039264,0.0,0.0,0,0.01,0.01,0.16264481249064064,0.3047504104474441,53.007733188675815,0.01,0.09713266313485944,0.1937517215833634,5.356554206655972,0.01,0.09207823583279375,0.1813795250643229,5.188966089452491,0.01,0.11787402595428502,0.39131781151028633,9.42123587417047,0.01,0.11544712004907348,0.3084303425609137,5.272647974768198,0.01,0.07662150471194774,0.1303052341700457,11.441182487879496
4.26,73.57625283318518,68.05598141197733,5.520271421207856,-0.337100474917986,27.23947518085062,0.10611097820073546,2.890407357114715,2.890407357114715,2.890407357114715,0.0,0.0,0,0.01,0.01,0.1625817631204898,0.3046835514819727,52.80819472006851,0.01,0.09706742054760406,0.19368486261789197,5.344461097890216,0.01,0.0920130961558092,0.18131266609885147,5.17672596131128,0.01,0.11800839698059215,0.39146312445600073,9.542939610018518,0.01,0.11559083290122614,0.30857565550662813,5.288571414780548,0.01,0.07668368827009459,0.13036775566064696,11.468095670634986
4.2700000000000005,73.35971060637036,67.8609553351583,5.49875527121207,-0.3435164758663935,27.178147868790084,0.10593589898845102,2.8791415273213317,2.8791415273213317,2.8791415273213317,0.0,0.0,0,0.01,0.01,0.16251740663966083,0.30461530787912383,52.60528851697873,0.01,0.09700082245665949,0.1936166190150431,5.332274791575724,0.01,0.09194660385257371,0.1812444224960026,5.164387698626432,0.01,0.11814518684774723,0.39161100346664873,9.667028436136334,0.01,0.11573712364736516,0.3087235345172761,5.304396721330688,0.01,0.07674692161002565,0.13043132393430926,11.494795100191004
4.28,73.139454464,67.66225204561869,5.4772024183813155,-0.3499341215641968,27.117365076266037,0.10575719550564061,2.867856479968498,2.867856479968498,2.867856479968498,0.0,0.0,0,0.01,0.01,0.1624517350171499,0.3045456715747358,52.39905844252947,0.01,0.09693285981896904,0.19354698271065504,5.32002591283429,0.01,0.09187875002800314,0.18117478619161453,5.1519810134058615,0.01,0.11828439242338214,0.39176144034948934,9.793479860220838,0.01,0.1158859886904435,0.3088739714001167,5.3200776069478035,0.01,0.07681119895462919,0.1304959320948293,11.521190795951217
4.29,72.9155043482963,67.45987716897652,5.4556271793197775,-0.3563306376348846,27.057197493353012,0.10557485533800723,2.856559711212636,2.856559711212636,2.856559711212636,0.0,0.0,0,0.01,0.01,0.16238474433412836,0.3044746388867171,52.18956317269613,0.01,0.09686352782036198,0.1934759500226364,5.30774703923302,0.01,0.09180953001632258,0.18110375350359592,5.1395374910552105,0.01,0.11842600120368055,0.39191441690769624,9.922263570524377,0.01,0.11603741453751264,0.30902694795832364,5.335566482986511,0.01,0.07687651017556289,0.13056156887368492,11.547190770523326
4.3,72.68788148148148,67.2538494204007,5.434032061080791,-0.3626831101657898,26.997654749161665,0.10538887767027816,2.845252533743803,2.845252533743803,2.845252533743803,0.0,0.0,0,0.01,0.01,0.1623164349515119,0.30440221067280704,51.97687508522592,0.01,0.09679282608483027,0.19340352180872633,5.295471327984845,0.01,0.09173894358466224,0.18103132528968582,5.127089263217862,0.01,0.11856999086145217,0.39206990475183,10.053344170356192,0.01,0.11619137740103198,0.30918243580245736,5.350816562167416,0.01,0.07694284068277571,0.130628218568554,11.572704951490243
4.3100000000000005,72.45660834799999,67.04420042061379,5.412407927386193,-0.3689693987315642,26.938685759110356,0.10519927323698537,2.833930163817937,2.833930163817937,2.833930163817937,0.0,0.0,0,0.01,0.01,0.16224681150385012,0.3043283923046466,51.761078647032136,0.01,0.09672075870248281,0.1933297034405659,5.283231167601209,0.01,0.09166699495571828,0.1809575069215254,5.11466770515823,0.01,0.11871632920904833,0.3922278655174839,10.18668391668382,0.01,0.11634784322488415,0.3093403965681113,5.3657837921706895,0.01,0.07701017149376724,0.13069586115753365,11.597648803877254
4.32,72.22170867674073,66.83097400595899,5.3907346707817405,-0.3751689901571718,26.880181682641176,0.10500606381761919,2.822582073196618,2.822582073196618,2.822582073196618,0.0,0.0,0,0.01,0.01,0.16217588272456793,0.3042531934642725,51.542268382902634,0.01,0.09664733407998952,0.1932545046001918,5.271056909357968,0.01,0.09159369265350248,0.1808823080811513,5.102302211110392,0.01,0.11886497456362087,0.3923882514671131,10.322245355572734,0.01,0.11650676811989753,0.30950078251774044,5.380428549709915,0.01,0.07707847947362814,0.13076447257847615,11.621946519357444
4.33,71.98320742325926,66.61422507630364,5.368982346955621,-0.3812637590036898,26.82198129741146,0.104809281309362,2.811192583074844,2.811192583074844,2.811192583074844,0.0,0.0,0,0.01,0.01,0.16210366111445587,0.30417662777635096,51.32054652335203,0.01,0.09657256462461677,0.19317793891227025,5.2589757283811345,0.01,0.09151904918346061,0.18080574239322975,5.090019095669154,0.01,0.11901587648468906,0.39255100643850405,10.459993764008473,0.01,0.11666809917634181,0.30966353748913145,5.394717041588322,0.01,0.0771477377298547,0.13083402515618076,11.645533666922994
4.34,71.741130752,66.39401804268148,5.347112709318518,-0.38723860544773153,26.763878501080104,0.1046089664273543,2.799741667585278,2.799741667585278,2.799741667585278,0.0,0.0,0,0.01,0.01,0.16203016247153168,0.3040987122959741,51.09602044003492,0.01,0.09649646627962011,0.19310002343189342,5.247010657006832,0.01,0.09144308056486684,0.18072782691285294,5.077840662290015,0.01,0.11916897683848161,0.39271606708882295,10.599899325429028,0.01,0.11683177560556338,0.3098285981394503,5.40862237659518,0.01,0.07721791613980099,0.1309044881544354,11.668359229809877
4.3500000000000005,71.49550601851851,66.17042495172281,5.325081066795696,-0.3930819469496704,26.705631570414397,0.10440516709684557,2.7882059265359094,2.7882059265359094,2.7882059265359094,0.0,0.0,0,0.01,0.01,0.1619554053057523,0.3040194668774111,50.868799983704456,0.01,0.09641905793455684,0.1930207780133304,5.235179824651513,0.01,0.09136580573915504,0.1806485814942899,5.065784471868115,0.01,0.11932421113068462,0.39288336437214894,10.741938983033313,0.01,0.1169977301502548,0.3099958954227763,5.422125288486694,0.01,0.07728898198365339,0.13097582842529495,11.690386983103382
4.36,71.24636175170369,65.94352337555465,5.3028383761490385,-0.3987860466511041,26.646973742452886,0.10419793661310985,2.776559680947308,2.776559680947308,2.776559680947308,0.0,0.0,0,0.01,0.01,0.16187941016635785,0.3039389134536356,50.638994840637906,0.01,0.09634036073880435,0.1929402245895549,5.223495929006935,0.01,0.09128724588252736,0.1805680280705144,5.053862835191156,0.01,0.11948151003949886,0.39305282518026713,10.886097930428528,0.01,0.11716589069324067,0.3101653562308945,5.4352145052920555,0.01,0.0773609006521507,0.13104801112466966,11.711596194582789
4.37,70.993727636,65.71339416357264,5.280333472427362,-0.4043471685614267,26.587624636171928,0.10398733165324812,2.7647761409136806,2.7647761409136806,2.7647761409136806,0.0,0.0,0,0.01,0.01,0.16180219891271536,0.3038570752595907,50.406712020611934,0.01,0.09626039735004141,0.19285838639551,5.211965953483638,0.01,0.09120742365460624,0.1804861898764695,5.042082543504577,0.01,0.11964080107457645,0.39322437407150257,11.032370712641436,0.01,0.1173361819884076,0.31033690512212997,5.447886773327621,0.01,0.07743363639604497,0.13112100046138556,11.731981657484573
4.38,70.73763449362963,65.48011915604147,5.257515337588157,-0.40976555701446377,26.527302007180083,0.10377341022865176,2.752828593450436,2.752828593450436,2.752828593450436,0.0,0.0,0,0.01,0.01,0.16172379396129616,0.30377397603387324,50.17205358106702,0.01,0.09617919115155353,0.19277528716979253,5.200591135490141,0.01,0.09112636241695513,0.18040309065075202,5.030444841463233,0.01,0.11980201028458419,0.3933979350106892,11.180761922554453,0.01,0.11750852743464821,0.31051046606131655,5.460146555623532,0.01,0.07750715308355131,0.13119476044641568,11.751553087472624
4.39,70.47811426681483,65.24377895878263,5.234335308032201,-0.4150452453074513,26.46573332332208,0.10355622966779682,2.740691558356605,2.740691558356605,2.740691558356605,0.0,0.0,0,0.01,0.01,0.1616442175417985,0.3036896392337802,49.93511468020823,0.01,0.09609676547287897,0.19269095036969947,5.189367180119827,0.01,0.09104408545590753,0.18031875385065896,5.018945636998975,0.01,0.11996506393678937,0.3935734330449766,11.331286488585038,0.01,0.11768285081441639,0.310685964095604,5.472005434021892,0.01,0.07758141493276238,0.1312692556099521,11.770333936810266
4.4,70.2152,65.00445087333603,5.210749126663965,-0.42019370557520813,26.402666665814056,0.10333584471616236,2.7283418626711575,2.7283418626711575,2.7283418626711575,0.0,0.0,0,0.01,0.01,0.16156349099442,0.3036040872974421,49.69598203531961,0.01,0.09601314284751038,0.19260539843336139,5.1782847039863,0.01,0.09096061524330337,0.18023320191432085,5.007575933199788,0.01,0.12012989009600329,0.3937507958449745,11.483969559702548,0.01,0.11785907792255682,0.3108633268956019,5.483481252244914,0.01,0.07765638718813142,0.13134445165633382,11.78835969717011
4.41,69.94892582207407,64.76220706818941,5.186718753884658,-0.4252213585051482,26.337880497898162,0.103112305833549,2.715759588906741,2.715759588906741,2.715759588906741,0.0,0.0,0,0.01,0.01,0.16148163413793412,0.303517340984141,49.454732843511636,0.01,0.09592834433914788,0.1925186521200603,5.167329884945193,0.01,0.09087597276648016,0.18014645560101977,4.9963224585881,0.01,0.12029642003714633,0.39392995504845,11.638846004047847,0.01,0.11803713801819048,0.31104248609907736,5.494597043917876,0.01,0.07773203671352989,0.1314203160304241,11.805675777743247
4.42,69.67932692859259,64.51711306437036,5.162213864222234,-0.4301409671843737,26.27119189935323,0.10288565775920763,2.7029288586833244,2.7029288586833244,2.7029288586833244,0.0,0.0,0,0.01,0.01,0.16139866473463985,0.3034294188199884,49.21143420071032,0.01,0.09584238896446727,0.1924307299559077,5.156485285523556,0.01,0.09079017695530765,0.1800585334368672,4.9851684645353735,0.01,0.12046458943520869,0.3941108473540552,11.795959547737182,0.01,0.11821696504222065,0.3112233784046826,5.505379794907929,0.01,0.07780833247888373,0.1314968183736757,11.82233505802239
4.43,69.40643956400001,64.2692265934614,5.13721297053862,-0.4349669439427772,26.202462938066013,0.10265593840241707,2.689838421361721,2.689838421361721,2.689838421361721,0.0,0.0,0,0.01,0.01,0.161314598073605,0.303340336671097,48.96614303146383,0.01,0.09575529323568428,0.1923416478070163,5.145730811172839,0.01,0.09070324422935243,0.17996945128797578,4.974094652144048,0.01,0.12063433928798374,0.3942934153248827,11.955361591031027,0.01,0.11839849855497675,0.3114059463755101,5.5158590935340515,0.01,0.07788524592276504,0.13157393085360247,11.838395223885042
4.44,69.13030100385184,64.0185968686195,5.111704135232346,-0.4397146023164987,26.131604936025656,0.10242317810103409,2.6764820264284173,2.6764820264284173,2.6764820264284173,0.0,0.0,0,0.01,0.01,0.16122944668810024,0.3032501074604467,48.71890651950205,0.01,0.0956670708405696,0.19225141859636602,5.135044759471538,0.01,0.09061518818262178,0.17987922207732554,4.96308018611749,0.01,0.12080561654009662,0.39447760787544606,12.117109749467229,0.01,0.11858168436207728,0.31159013892607346,5.526065724962187,0.01,0.0779627511793085,0.1316516283564357,11.853916001647715
4.45,68.85094953703702,63.76526429025373,5.085685246783297,-0.44439938806550705,26.05858048270751,0.10218739927376862,2.6628585682940664,2.6628585682940664,2.6628585682940664,0.0,0.0,0,0.01,0.01,0.16114322021699443,0.3031587410380869,48.469763006190135,0.01,0.09557773247125699,0.19216005217400617,5.12440491321941,0.01,0.09052601941702157,0.17978785565496566,4.952103750096978,0.01,0.12097837439094451,0.3946633804303364,12.281266177392666,0.01,0.11876647481115242,0.31177591148096373,5.536030267289821,0.01,0.07804082516416222,0.13172988853910433,11.868956406683006
4.46,68.568424448,63.509260588488104,5.059163859511902,-0.4490361234659983,25.983403149571025,0.10194861647425617,2.6489720023915964,2.6489720023915964,2.6489720023915964,0.0,0.0,0,0.01,0.01,0.1610559254134032,0.30306624420742434,48.21874330384541,0.01,0.09548728580646862,0.19206755534334363,5.113789629118015,0.01,0.09043574552895,0.17969535882430313,4.941144596838897,0.01,0.12115257228359726,0.39485069475763857,12.447895739759947,0.01,0.11895282875698701,0.3119632258082659,5.545781746174501,0.01,0.07811944752058245,0.131808691743049,11.883572121069694
4.47,68.28276599896297,63.25060938528367,5.032156613679304,-0.45363829786565146,25.90613496080597,0.10170683683720734,2.6348310415413656,2.6348310415413656,2.6348310415413656,0.0,0.0,0,0.01,0.01,0.16096756629736497,0.3029726209034397,47.96587235300155,0.01,0.09539573564496037,0.19197393203935895,5.103178874692084,0.01,0.09034437124664367,0.17960173552031844,4.930183547506589,0.01,0.12132817558586925,0.3950395184945509,12.61706410437964,0.01,0.11914071120728194,0.3121520495451783,5.5553464021330425,0.01,0.0781986004329639,0.13188802077847467,11.897813107828041
4.48,67.99401541214814,62.989327140964214,5.004688271183934,-0.4582174348126337,25.82688177297264,0.10146206088980228,2.6204486510430747,2.6204486510430747,2.6204486510430747,0.0,0.0,0,0.01,0.01,0.16087814444303192,0.30287787251204495,47.711171138479656,0.01,0.09530308418136707,0.19187918364796425,5.092555168977034,0.01,0.09025189870929134,0.1795069871289237,4.919203897261146,0.01,0.12150515498807789,0.39522982439589605,12.788835830197176,0.01,0.1193300926749796,0.31234235544652345,5.564746619693019,0.01,0.07827826832079338,0.13196786059320312,11.911721558047939
4.49,67.70221485200001,62.72542443366862,4.976790418331386,-0.4627825620924536,25.745786805510797,0.10121428368582186,2.605841369447659,2.605841369447659,2.605841369447659,0.0,0.0,0,0.01,0.01,0.16078765938509712,0.30278199831375285,47.45465876936241,0.01,0.09520933140949628,0.19178330944967212,5.081904387460636,0.01,0.09015832787283005,0.1794111129306316,4.908192189120832,0.01,0.12168348565391211,0.3954215893477821,12.963272527196056,0.01,0.11952094827538585,0.31253412039840944,5.574000060339796,0.01,0.07835843743098796,0.1320481978450638,11.925330251447571
4.5,67.40740740740742,62.4589075066274,4.948499900780022,-0.4673398059350177,25.66302264135834,0.1009634962064461,2.591028489096723,2.591028489096723,2.591028489096723,0.0,0.0,0,0.01,0.01,0.16069610912417728,0.3026849960296196,47.19635462246015,0.01,0.0951144756327427,0.19168630716553894,5.07121639843817,0.01,0.09006365702199674,0.17931411064649844,4.897138824556855,0.01,0.1218631461708666,0.3956147931980836,13.140431159886644,0.01,0.11971325661665229,0.31272732424871097,5.583119031965481,0.01,0.07843909535062463,0.13212902040056587,11.938661391354357
4.51,67.10963707392594,62.189780007684966,4.919857066240973,-0.47189212473969344,25.578782078885,0.10070968696077588,2.5760311360024124,2.5760311360024124,2.5760311360024124,0.0,0.0,0,0.01,0.01,0.16060349070684324,0.3025868624432748,46.936280448243096,0.01,0.09501851405690268,0.1915881735791941,5.060485505953912,0.01,0.08996788336385612,0.1792159770601536,4.886038487087982,0.01,0.12204411735445835,0.3958094174622928,13.32036255900227,0.01,0.11990699854015292,0.3129219485129202,5.592110116477249,0.01,0.07852023046503229,0.13221031678527917,11.951725952650152
4.5200000000000005,66.80894873599999,61.91804483856195,4.890903897438041,-0.4764391911950485,25.49326826053116,0.10045284371138334,2.560871292267506,2.560871292267506,2.560871292267506,0.0,0.0,0,0.01,0.01,0.1605098008531018,0.3024875940699269,46.674462342266125,0.01,0.09492144343743628,0.19148890520584622,5.049710683728007,0.01,0.08987100367483508,0.1791167086868057,4.874890364025207,0.01,0.12222638096563467,0.39600544396739495,13.50311019557444,0.01,0.12010215577259381,0.3131179750180223,5.600974065090389,0.01,0.07860183138799018,0.13229207561282563,11.96452355694942
4.53,66.50538814918517,61.64370602820828,4.861682120976888,-0.48097742494471346,25.406684528319296,0.10019295524586237,2.5455708058916393,2.5455708058916393,2.5455708058916393,0.0,0.0,0,0.01,0.01,0.16041503660248901,0.3023871878416416,46.41093249349915,0.01,0.09482326075127807,0.19138849897756088,5.038895594051481,0.01,0.08977301497139055,0.17901630245852038,4.86369816081502,0.01,0.12240991840321991,0.39620285349763407,13.688709258510617,0.01,0.12029870955414963,0.31331538454826147,5.609705958148439,0.01,0.07868388639130917,0.1323742850196089,11.977042864535832
4.54,66.19900192237037,61.36677054529058,4.832231377079792,-0.48550017127689016,25.31922446108457,0.09993001311455965,2.5301504324466606,2.5301504324466606,2.5301504324466606,0.0,0.0,0,0.01,0.01,0.1603191959495874,0.3022856417779754,46.145730633172896,0.01,0.09472396386269974,0.1912869529138947,5.028048395579525,0.01,0.08967391517388001,0.1789147563948542,4.852469912006402,0.01,0.12259470943286496,0.39640162450436955,13.877186062171663,0.01,0.12049663930646796,0.31351415555499695,5.618295613927593,0.01,0.07876638286036908,0.1324569321314152,11.989262448897538
4.55,65.8898375,61.08724996927711,4.802587530722895,-0.4899980149837983,25.23106253303168,0.09966401325739238,2.5146289507901654,2.5146289507901654,2.5146289507901654,0.0,0.0,0,0.01,0.01,0.16022227844072162,0.3021829556121936,45.87890512293001,0.01,0.09462355215348205,0.1911842667481129,5.017181353220405,0.01,0.08957370373399584,0.17881207022907242,4.841217601779214,0.01,0.12278073101082296,0.3966017319378287,14.068557795165246,0.01,0.1206959214010869,0.31371426298845606,5.626728219577152,0.01,0.07884930680030396,0.13254000258587398,12.001152098183129
4.5600000000000005,65.57794314429628,60.805161947453435,4.77278119684285,-0.49445921281543787,25.14234579912913,0.0993949574487222,2.4990223908654996,2.4990223908654996,2.4990223908654996,0.0,0.0,0,0.01,0.01,0.16012428570574816,0.3020791313457385,45.6105136391813,0.01,0.0945220270897021,0.1910804424816578,5.00631027205623,0.01,0.08947238219820455,0.17870824596261728,4.829956615421645,0.01,0.12296795625515883,0.39680314625169655,14.262832606643679,0.01,0.12089652808287375,0.31391567730232395,5.634985147685947,0.01,0.07893264241458438,0.13262348013160447,12.012674469891572
4.57,65.26336791748147,60.52053137610854,4.742836541372927,-0.4988702230704679,25.05318696171638,0.09912285449833257,2.4833434059257353,2.4833434059257353,2.4833434059257353,0.0,0.0,0,0.01,0.01,0.16002522190213161,0.3019741737072057,45.340623429250584,0.01,0.09441939270067742,0.190975484843125,4.995453784501266,0.01,0.08936995468289352,0.17860328832408448,4.8187050500411885,0.01,0.12315635360901497,0.3970058326225132,14.460010012652987,0.01,0.12109842659481973,0.31411836367314055,5.643044914607245,0.01,0.07901637177389026,0.1327073463208572,12.02378701159472
4.58,64.94616166399999,60.23339125753635,4.71277040646364,-0.503216307013144,24.96365910702894,0.09884772115821212,2.4676008145002593,2.4676008145002593,2.4676008145002593,0.0,0.0,0,0.01,0.01,0.15992509405271763,0.3018680904966669,45.069311135251624,0.01,0.09431565594986667,0.1908694016325862,4.984632525829655,0.01,0.0892664282412031,0.1784972051135457,4.807482918528655,0.01,0.12334588623070598,0.39720975041522444,14.66008159313952,0.01,0.1213015785403362,0.31432228146585184,5.6508842319168435,0.01,0.0791004745886047,0.13279158030779187,12.034444051596978
4.59,64.62637499274076,59.94378319977575,4.682591792965008,-0.5074821741193851,24.873792323150948,0.09856958269853937,2.451799329423121,2.451799329423121,2.451799329423121,0.0,0.0,0,0.01,0.01,0.15982391226358825,0.3017608928015257,44.796662200803354,0.01,0.09421082698261293,0.19076220393744497,4.973868237273054,0.01,0.08916181310661739,0.17839000741840447,4.796311284624076,0.01,0.1235365116341891,0.39741485291444856,14.863031940491668,0.01,0.12150593950758624,0.31452738396507596,5.658479100260555,0.01,0.07918492809319982,0.13287615875943645,12.044598959948225
4.6000000000000005,64.30405925925925,59.65175754246443,4.65230171679482,-0.5116526417252486,24.78357232563405,0.09828847313137742,2.4359394826276315,2.4359394826276315,2.4359394826276315,0.0,0.0,0,0.01,0.01,0.15972168981388446,0.3016525950759745,44.52276989433437,0.01,0.0941049192412943,0.19065390621189374,4.963182838119413,0.01,0.08905612280406637,0.17828170969285323,4.785211369057907,0.01,0.12372818159140708,0.39762108732863594,15.068839813057775,0.01,0.12171145896791409,0.3147336183792633,5.665805895398578,0.01,0.07926970704548161,0.13296105588108761,12.054206281236688
4.61,63.97926654799999,59.35737310908166,4.621893438918336,-0.5157132795145037,24.69294112736281,0.09800443507645897,2.420017745563452,2.420017745563452,2.420017745563452,0.0,0.0,0,0.01,0.01,0.15961844311526474,0.30154321508227433,44.247733999235344,0.01,0.09399794944446635,0.19054452621819362,4.952597508649733,0.01,0.08894937412530438,0.17817232969915311,4.7742036670369705,0.01,0.12392084229569811,0.3978283950618674,15.27747944197229,0.01,0.12191808044768443,0.31494092611249475,5.67284239914846,0.01,0.07935478383834893,0.13304624355267758,12.06322374644143
4.62,63.65204965451852,59.060696602464176,4.5913530520543455,-0.5196510104229497,24.601799699006218,0.09771751927938335,2.404026836395168,2.404026836395168,2.404026836395168,0.0,0.0,0,0.01,0.01,0.15951419154448243,0.3014327736982342,43.97165923522245,0.01,0.09388993743267868,0.19043408483415347,4.942131824193551,0.01,0.08884158697141058,0.17806188831511296,4.7633071158494875,0.01,0.12411443477349329,0.39803671223609915,15.488921936514721,0.01,0.12212574196041015,0.31514924328672655,5.679568732761926,0.01,0.07944012871665021,0.1331316915676814,12.07161408052515
4.63,63.32246206770371,58.76180167608605,4.560660391617663,-0.5234546418905256,24.51001247939382,0.09742778380787366,2.3879561969706664,2.3879561969706664,2.3879561969706664,0.0,0.0,0,0.01,0.01,0.1594089571581633,0.3013212946011646,43.69465348606455,0.01,0.09378090588955612,0.19032260573708387,4.931802977504407,0.01,0.0887327840711448,0.1779504092180434,4.752538348285711,0.01,0.12430889552042607,0.3982459704357508,15.70313673199791,0.01,0.12233437667449039,0.3153585014863781,5.685968156652156,0.01,0.07952571008711208,0.13321736796168562,12.079346534896834
4.64,62.99055795200002,58.46076772753422,4.529790224465796,-0.5271153048448785,24.41741351500971,0.09713529296579516,2.3717926152474345,2.3717926152474345,2.3717926152474345,0.0,0.0,0,0.01,0.01,0.15930276430399873,0.301208803843964,43.416825916457924,0.01,0.09367087995220189,0.19021011497988324,4.921625121913638,0.01,0.08862299058932789,0.17783791846084274,4.741911063014198,0.01,0.12450415732824766,0.3984560976370972,15.920093024473747,0.01,0.12254391378171307,0.31556862868772456,5.69202770779602,0.01,0.0796114949053667,0.13330323941397354,12.086398088577655
4.65,62.6563921296296,58.15767847230321,4.498713657326394,-0.5306267821956163,24.323813937885145,0.09684011597682232,2.355520962743445,2.355520962743445,2.355520962743445,0.0,0.0,0,0.01,0.01,0.15919563914703133,0.3010953293436365,43.13828506436263,0.01,0.09355988672976756,0.19009664047955577,4.911608861871808,0.01,0.08851223364417228,0.17772444396051523,4.7314355373716825,0.01,0.12470015026100069,0.398667019277366,16.139761138240438,0.01,0.12275427952333146,0.3157795503279933,5.697738654141499,0.01,0.07969744912098423,0.13338927170255976,12.092754278020806
4.66,62.32002006281482,57.85262036499031,4.467399697824508,-0.5339857137624023,24.22901043442263,0.0965423254994303,2.3391250118891227,2.3391250118891227,2.3391250118891227,0.0,0.0,0,0.01,0.01,0.1590876091332999,0.300980900306242,42.85913699486623,0.01,0.09344795475294192,0.18998221144216135,4.901760910537893,0.01,0.08840054175635871,0.17761001492312084,4.721118301269242,0.01,0.12489680273306027,0.3988786594130584,16.362113775179754,0.01,0.12296539832434038,0.31599119046368573,5.703096753665836,0.01,0.07978353815924508,0.13347543019113853,12.098409632289764
4.67,61.98149783600001,57.545680940832604,4.435816895167407,-0.5371916702260111,24.132794316500995,0.09624199604186794,2.3225882950879018,2.3225882950879018,2.3225882950879018,0.0,0.0,0,0.01,0.01,0.15897870241567974,0.30086554661488224,42.57948359767125,0.01,0.09333511337996588,0.18986685775080153,4.892083926571189,0.01,0.08828794425547304,0.17749466123176103,4.7109619837370325,0.01,0.12509404263812982,0.39909094191400585,16.58712709912451,0.01,0.12317719398278895,0.3162034729646332,5.708102313877423,0.01,0.07986972741724113,0.13356168032546958,12.103367707251289
4.68,61.64088213807407,57.23694715306268,4.403934985011394,-0.5402470946311421,24.034960782381596,0.09593920234963621,2.3058949659664787,2.3058949659664787,2.3058949659664787,0.0,0.0,0,0.01,0.01,0.1588689472681981,0.3007492982087196,42.29942110239881,0.01,0.09322139218646884,0.1897506093446389,4.882576534282999,0.01,0.08817447067106883,0.17737841282559838,4.700965335880131,0.01,0.12529179847717162,0.39930379163914514,16.81478161412331,0.01,0.12338959085968315,0.3164163226897725,5.712760055504527,0.01,0.07995598275180343,0.1336479881168301,12.107640728767485
4.69,61.29823024459258,56.92650378068773,4.371726463904855,-0.5431571159205097,23.935317949463336,0.09563401783858844,2.2890306237512625,2.2890306237512625,2.2890306237512625,0.0,0.0,0,0.01,0.01,0.1587583715153548,0.30063218448115736,42.0190388750055,0.01,0.09310682036686914,0.18963349561707665,4.873233523339386,0.01,0.08806015013603173,0.17726129909803617,4.691123426377322,0.01,0.125490000434548,0.3995171355419239,17.04506280238967,0.01,0.12360251501625717,0.31662966659255126,5.717078791569826,0.01,0.08004227093769369,0.13373432059128762,12.111248870469575
4.7,60.95359999999999,56.614431977088735,4.339168022911249,-0.5459292446778713,23.833695254099492,0.09532651314406779,2.2719830639116214,2.2719830639116214,2.2719830639116214,0.0,0.0,0,0.01,0.01,0.158647002002039,0.30051423372416725,41.738418544695435,0.01,0.09299142617427499,0.18951554486008654,4.864046216469479,0.01,0.08794501082908593,0.17714334834104603,4.681427998173293,0.01,0.1256885813552295,0.399730903657501,17.27796149604176,0.01,0.12381589524900495,0.31684343470812837,5.721070939843817,0.01,0.08012856007640211,0.13382064618562414,12.114219205873653
4.71,60.60704979985185,56.30080802250784,4.306241777344016,-0.5485729664484613,23.729950844902476,0.09501675485062876,2.254742922047569,2.254742922047569,2.254742922047569,0.0,0.0,0,0.01,0.01,0.15853486412754247,0.30039547264340183,41.457633494812185,0.01,0.09287523642380605,0.18939678377932112,4.855002986438954,0.01,0.08782907948123597,0.1770245872602806,4.671867968209613,0.01,0.1258874775815671,0.3999450299302665,17.513473966388748,0.01,0.12402966397864894,0.3170575609808938,5.724751892798697,0.01,0.08021481993865359,0.13390693507364876,12.11658438698635
4.72,60.258638573037054,55.985702333403815,4.272936239633239,-0.551099252456361,23.623977643823267,0.09470480445813195,2.237304183281563,2.237304183281563,2.237304183281563,0.0,0.0,0,0.01,0.01,0.15842198146403236,0.30027592596527686,41.17674873386927,0.01,0.09275827608112407,0.18927723710119615,4.846089897215628,0.01,0.08771238096778626,0.17690504058215564,4.662430045858062,0.01,0.12608662961551997,0.400159452848329,17.75160172529453,0.01,0.12424375795685955,0.31727198389895633,5.728139274376839,0.01,0.08030102222718934,0.13399315941022824,12.118381112074257
4.73,59.90842576399999,55.66917876928499,4.239246994715002,-0.5535200110499392,23.515707811668797,0.09439071762875526,2.2196645358915434,2.2196645358915434,2.2196645358915434,0.0,0.0,0,0.01,0.01,0.15830837547580798,0.30015561615281516,40.895821144800195,0.01,0.09264056795386284,0.18915692728873446,4.837291439018595,0.01,0.08759493800346534,0.17678473076969395,4.65309944082218,0.01,0.12628598258100857,0.4003741158611236,17.992351044616733,0.01,0.12445811876365039,0.317486646911751,5.7312521170570205,0.01,0.08038714075038945,0.13407929348445674,12.119648453057685
4.74,59.55647131496295,55.3512942635632,4.205177051399754,-0.5558475056224964,23.405115428737073,0.09407454374625937,2.201825555286976,2.201825555286976,2.201825555286976,0.0,0.0,0,0.01,0.01,0.15819406535091227,0.3000345632419197,40.61490009316197,0.01,0.09252213249877497,0.18903587437783897,4.828591323085948,0.01,0.08747677095330181,0.17666367785879847,4.643860627558724,0.01,0.12648548647078614,0.4005889675667046,18.235732211600208,0.01,0.12467269307850548,0.317701498617332,5.734109995694972,0.01,0.08047315150163377,0.13416531377778207,12.120426118280157
4.75,59.202835648148145,55.032098789866765,4.170736858281381,-0.5580937659710221,23.292217283528046,0.09375632580429243,2.1837927123388265,2.1837927123388265,2.1837927123388265,0.0,0.0,0,0.01,0.01,0.1580790679514269,0.2999127848041192,40.334028358086655,0.01,0.09240298775199457,0.1889140959400385,4.819973299555056,0.01,0.08735789776647987,0.176541899420998,4.634698130991391,0.01,0.12668509617244403,0.40080396166612153,18.481758549602226,0.01,0.12488743271897819,0.31791649271674893,5.736732156209253,0.01,0.08055903264376145,0.13425119892739382,12.120752728370562
4.76,58.847579648000014,54.71163565980867,4.1359439881913405,-0.5602700200240708,23.17707174922314,0.09343610062529654,2.165575208160131,2.165575208160131,2.165575208160131,0.0,0.0,0,0.01,0.01,0.1579633978832877,0.29979029603597757,40.05324333548483,0.01,0.09228314938410015,0.18879160717189686,4.811421961191499,0.01,0.08723833403469462,0.17641941065285635,4.625597297702136,0.01,0.1268847712784024,0.40101905669302135,18.73044524415826,0.01,0.12510229445123477,0.3181315877436487,5.7391366772887435,0.01,0.08064476440237131,0.1343369295995459,12.120664181662965
4.7700000000000005,58.49076464340739,54.38994213313731,4.100822510270082,-0.5623861716021379,23.05977581480682,0.09311389939639554,2.1471856453233573,2.1471856453233573,2.1471856453233573,0.0,0.0,0,0.01,0.01,0.15784706768097295,0.29966710996954027,39.772578450777914,0.01,0.0921626308759207,0.18866842110545956,4.802923496581048,0.01,0.08711809317080069,0.17629622458641905,4.616545017694971,0.01,0.12708447569454043,0.4012342155367805,18.981808023453162,0.01,0.1253172395873265,0.3183467465874079,5.74133970176482,0.01,0.08073032887581144,0.13442248828154002,12.12019218122028
4.78,58.132452389925916,54.067050307191934,4.065402082733976,-0.5644503474419694,22.94046042130726,0.09278974849420148,2.128639552834284,2.128639552834284,2.128639552834284,0.0,0.0,0,0.01,0.01,0.15773008809719424,0.29954323779268494,39.49206470955119,0.01,0.09204144380551958,0.1885445489286042,4.794466359062576,0.01,0.0869971866980605,0.1761723524095637,4.607530364450723,0.01,0.12728417707104234,0.40144940478659286,19.23586174915199,0.01,0.12553223339339772,0.31856193583722026,5.743354771112708,0.01,0.08081570977335026,0.13450785900464252,12.119362987369282
4.79,57.772705052,53.74298824027146,4.029716811728539,-0.5664685332457224,22.819284329819016,0.09246367055744022,2.1099547886289436,2.1099547886289436,2.1099547886289436,0.0,0.0,0,0.01,0.01,0.1576124684829941,0.29941868926329646,39.211732309315664,0.01,0.0919195982317732,0.18842000039921575,4.786041821842784,0.01,0.08687562463530923,0.17604780388017527,4.5985451250098075,0.01,0.12748384608670107,0.4016645939316124,19.492618977841804,0.01,0.1257472443411733,0.31877712498223976,5.745192291789298,0.01,0.08090089209605035,0.1345930270131065,12.118196448955409
4.8,57.4115851851852,53.417781253451274,3.9938039317339262,-0.5684443141811851,22.696426813279658,0.0921356857552584,2.0911508486355554,2.0911508486355554,2.0911508486355554,0.0,0.0,0,0.01,0.01,0.15749421723964296,0.299293473197025,38.93161223385474,0.01,0.09179710315565878,0.18829478433294428,4.777644395263976,0.01,0.08675341595908104,0.17592258781390377,4.58958419719946,0.01,0.1276834556239957,0.40187975445815455,19.75208855471987,0.01,0.12596224324156885,0.3189922855087819,5.746859155872617,0.01,0.08098586177714918,0.13467797839658924,12.116705352947838
4.8100000000000005,57.04915571837036,53.091453347979765,3.9577023703905914,-0.5703787302726646,22.57207951547035,0.0918058131905273,2.072248115318999,2.072248115318999,2.072248115318999,0.0,0.0,0,0.01,0.01,0.15737534232061065,0.2991675980051922,38.65173775380689,0.01,0.09167396703697085,0.18816890914111153,4.769272088803069,0.01,0.08663056912038337,0.17579671262207103,4.580645837499914,0.01,0.1278829798765021,0.4020948588888509,20.01427429960177,0.01,0.12617720230387075,0.3192073899394783,5.748358531147184,0.01,0.08107060530020518,0.1347626997045227,12.114895116737825
4.82,56.68547993599999,52.76402867096043,3.921451265039569,-0.5722702517238805,22.44643785616144,0.09147407237177754,2.053267080943119,2.053267080943119,2.053267080943119,0.0,0.0,0,0.01,0.01,0.15725585175979337,0.2990410722573334,38.37214576321082,0.01,0.09155019834184883,0.1880423833932527,4.760926507872082,0.01,0.08650709259150419,0.17567018687421218,4.571731750233513,0.01,0.12808239343243646,0.402309879810391,20.279173840859766,0.01,0.12639209416645572,0.3194224108610184,5.749689827626431,0.01,0.08115510931383786,0.13484717756136208,12.112763830851485
4.83,56.3206214602963,52.43553296073796,3.885088499558342,-0.5741148736589504,22.31969237923832,0.09114048468481625,2.03422758145978,2.03422758145978,2.03422758145978,0.0,0.0,0,0.01,0.01,0.15713575420120127,0.2989139052419661,38.09287789031827,0.01,0.09142580609531449,0.18791521637788539,4.752612783168439,0.01,0.08638299541709048,0.17554301985884488,4.562847016164401,0.01,0.12828167037830612,0.4025247889360324,20.546777645885204,0.01,0.12660689094538838,0.3196373199866598,5.750848839033948,0.01,0.08123936026157445,0.13493139830111928,12.110302643283633
4.84,55.95464423348149,52.10599490527511,3.8486493282063776,-0.5759063243126962,22.19202044037934,0.09080507479568763,2.0151480759560747,2.0151480759560747,2.0151480759560747,0.0,0.0,0,0.01,0.01,0.1570150594054803,0.29878610749951706,37.81398133329571,0.01,0.09130080041303339,0.18778741863543635,4.744339338270178,0.01,0.08625828774378577,0.17541522211639582,4.553999866206697,0.01,0.12848078346477385,0.40273955624648206,20.817068287546387,0.01,0.12682156334546005,0.31985208729710946,5.751828049434849,0.01,0.08132334404414306,0.1350153476382169,12.107496460433127
4.8500000000000005,55.58761249999998,51.77544735169896,3.8121651483010175,-0.5776363755947337,22.063578612589982,0.09046787192037521,1.9960450040289202,1.9960450040289204,1.9960450040289202,0.0,0.0,0,0.01,0.01,0.1568937787099406,0.2986576913028592,37.53550938488263,0.01,0.09117519298771397,0.18765900243877848,4.7361175085102865,0.01,0.08613298130394441,0.17528680591973797,4.545201312957851,0.01,0.1286797033730499,0.40295414924821005,21.090019975414904,0.01,0.1270360798744329,0.3200666802988374,5.752617087506944,0.01,0.08140704572959948,0.13509901038956873,12.104324925183432
4.86,55.219590788740724,51.44392831285009,3.7756624758906376,-0.5792952404197023,21.93449615262172,0.09012891090331641,1.9769322494487795,1.9769322494487795,1.9769322494487795,0.0,0.0,0,0.01,0.01,0.1567719254211195,0.29852867106355485,37.25752162574055,0.01,0.09104899750787843,0.18752998219947414,4.727961030943759,0.01,0.08600708983128674,0.1751577856804336,4.536464659240102,0.01,0.12887839811462382,0.4031685323819945,21.36559836884889,0.01,0.12725040619563383,0.32028106343262186,5.753203304282468,0.01,0.08149044932404659,0.13518237026001664,12.100763620620851
4.87,54.85064389525925,51.11148172669565,3.7391621685636003,-0.5808720374351036,21.80486982075749,0.08978823305606726,1.957820733223381,1.9578207332233808,1.957820733223381,0.0,0.0,0,0.01,0.01,0.15664951512220215,0.2983990636455188,36.980083782038975,0.01,0.09092222999006147,0.18740037478143812,4.719885430825872,0.01,0.08588062938970005,0.1750281782623976,4.5278049081935885,0.01,0.12907683259021763,0.40338266660685107,21.64376067697417,0.01,0.12746450464689688,0.3204951976574784,5.753572444945442,0.01,0.08157353761254316,0.13526540969997444,12.096785438221554
4.88,54.480836864000004,50.77815793638404,3.7026789276159575,-0.5823553009467727,21.67476028301295,0.08944588671888377,1.9387181529333375,1.9387181529333377,1.9387181529333375,0.0,0.0,0,0.01,0.01,0.1565265658817013,0.2982688885722425,36.70326725869647,0.01,0.09079490900965757,0.18727019970816178,4.7119073343909195,0.01,0.0857536186005664,0.17489800318912127,4.519238103575602,0.01,0.12927496832583862,0.4035965091758302,21.924456038548836,0.01,0.1276783339455344,0.3207090402264575,5.753709381593562,0.01,0.0816562920762587,0.1353481098405184,12.092362043628455
4.89,54.11023497051853,50.44401387195516,3.6662210985633803,-0.5837335120541298,21.544190251411475,0.08910192752102489,1.919628878280436,1.9196288782804363,1.919628878280436,0.0,0.0,0,0.01,0.01,0.1564030983544583,0.2981381681187427,36.42714837488086,0.01,0.09066705582044345,0.18713947925466198,4.704043740632912,0.01,0.08562607875880957,0.17476728273562148,4.510780631666897,0.01,0.12947276339512565,0.4038100136109203,22.207626163459206,0.01,0.12789184908993984,0.3209225446615477,5.753598872064675,0.01,0.08173869288819352,0.1354304505073918,12.087465370215758
4.9,53.738903703703684,50.10911292866228,3.629790775041413,-0.584995626329921,21.413144437972452,0.08875641832963986,1.9005540054896841,1.900554005489684,1.9005540054896841,0.0,0.0,0,0.01,0.01,0.1562791357710647,0.29800692728478706,36.15180734172281,0.01,0.09053869435802969,0.18700823842070635,4.696311286045185,0.01,0.0854980338330756,0.17463604190166582,4.50244851735536,0.01,0.1296701725282482,0.4040231298748824,22.493206207022222,0.01,0.1281050014590255,0.3211356609255098,5.753226309715864,0.01,0.0818207189860237,0.13551241031164282,12.082069071552848
4.91,53.36690874799999,49.77352455086712,3.5933841971328744,-0.5861315738287809,21.281571314996537,0.0884094288915224,1.881491565873049,1.881491565873049,1.881491565873049,0.0,0.0,0,0.01,0.01,0.15615470381697394,0.2978751936514487,35.87732703386987,0.01,0.09040985112789574,0.186876504787368,4.688725536086284,0.01,0.08536951035085213,0.1745043082683275,4.494256746690569,0.01,0.12986714739885077,0.4042358047287279,22.78112583924885,0.01,0.1283177391014302,0.32134833577935523,5.752578430622826,0.01,0.08190234821703302,0.13559396681106275,12.07614986762005
4.92,52.99431596562962,49.4373235439004,3.5569924217292193,-0.5871327087532698,21.149386591845484,0.08806103518614304,1.8624368768298472,1.8624368768298472,1.8624368768298472,0.0,0.0,0,0.01,0.01,0.1560298304076467,0.2977429971284094,35.60379161511132,0.01,0.09028055498399161,0.1867443082643287,4.68130033529331,0.01,0.08524053717464128,0.17437211174528816,4.486218646419816,0.01,0.13006363707235816,0.40444798225512957,23.071310463444476,0.01,0.12853000719772464,0.32156051330575697,5.751643947561344,0.01,0.08198355754682064,0.13567509673340197,12.069688726469046
4.93,52.62119137881483,49.10058914853623,3.5206022302786013,-0.5879921886648065,21.01647824036824,0.08771131852156677,1.8433830171425158,1.8433830171425158,1.8433830171425158,0.0,0.0,0,0.01,0.01,0.15590454537081547,0.2976103696044158,35.331285084523536,0.01,0.09015083680890108,0.18661168074033505,4.674047244839796,0.01,0.08511114518028949,0.17423948422129454,4.478345347958146,0.01,0.13025958859173578,0.40465960452072364,23.363682532705727,0.01,0.1287417486711021,0.321772135571351,5.750414084352036,0.01,0.08206432332067581,0.1357557762496506,12.06267183185853
4.94,52.24760115199998,48.76340392325952,3.484197228740466,-0.5887052665761855,20.882712830882205,0.08736036441652414,1.824321402911494,1.824321402911494,1.824321402911494,0.0,0.0,0,0.01,0.01,0.15577888005115328,0.29747734451767205,35.05988981213437,0.01,0.09002072911102903,0.18647865565359134,4.666975091890195,0.01,0.08498136685301656,0.17410645913455083,4.4706453589339255,0.01,0.13045494767086058,0.4048706123443152,23.658162908722794,0.01,0.12895290491561248,0.3219831433949426,5.74888298923392,0.01,0.08214462156430656,0.13583598128360108,12.05509129849527
4.95,51.87361157407408,48.42585248785177,3.4477590862223075,-0.5892694834390969,20.747942881346606,0.08700826132150717,1.8052424361039099,1.80524243610391,1.8052424361039099,0.0,0.0,0,0.01,0.01,0.15565286685609578,0.2973439563665284,34.78968513276538,0.01,0.0898902655579938,0.18634526750244768,4.660089649742769,0.01,0.084851235820372,0.1739730709834072,4.463124260339927,0.01,0.13064965946125212,0.40508094613371587,23.954672205396328,0.01,0.1291634166061549,0.3221934771843432,5.7470480117022005,0.01,0.08222442830909281,0.13591568784253552,12.04694560825482
4.96,51.499289040592586,48.08802018761875,3.4112688529738375,-0.5896847532503281,20.612014876702393,0.0866550992388702,1.7861361946537146,1.7861361946537149,1.7861361946537146,0.0,0.0,0,0.01,0.01,0.1555265387641393,0.2972102401834357,34.52074606308451,0.01,0.08975948046821164,0.18621155131935502,4.653393461636414,0.01,0.08472078634411999,0.1738393548003145,4.4557845413638075,0.01,0.13084366935521105,0.4052905467514642,24.25313205988562,0.01,0.12937322455138311,0.32240307780209154,5.744909833452296,0.01,0.0823037199262545,0.1359948723532608,12.038239754020816
4.97,51.12470003600002,47.7499917405923,3.374708295407721,-0.5899533380259889,20.47477758542984,0.08630096830621124,1.766993131476905,1.766993131476905,1.766993131476905,0.0,0.0,0,0.01,0.01,0.15539992881851206,0.29707623099666686,34.2531422001138,0.01,0.08962840828442607,0.18607754213258615,4.646885814405678,0.01,0.08459005279478495,0.17370534561354564,4.448625577641779,0.01,0.13103692378750395,0.40549935636910894,24.553466276283448,0.01,0.12958227054949895,0.32261188741973634,5.742472450371608,0.01,0.08238247345430574,0.13607351198784787,12.028985090379974
4.98,50.74991111585184,47.411849930142296,3.338061185709548,-0.5900797150024969,20.336090287531846,0.08594595740860338,1.7478047497097249,1.7478047497097249,1.7478047497097249,0.0,0.0,0,0.01,0.01,0.15527306962961335,0.29694196330469025,33.9869368503773,0.01,0.08949708305358411,0.18594327444060954,4.640562861494407,0.01,0.08445906913320658,0.17357107792156903,4.441643752225999,0.01,0.13122937099861953,0.40570731927104997,24.85560179180887,0.01,0.12979049820762942,0.32281985032167737,5.7397430088536705,0.01,0.08246066690488209,0.13615158496430677,12.019198903600513
4.99,50.37498888903703,47.07367440265466,3.3013144863823713,-0.5900703433812512,20.195830533074194,0.08559015288348311,1.7285642229347364,1.7285642229347364,1.7285642229347364,0.0,0.0,0,0.01,0.01,0.15514599290902834,0.2968074705873034,33.7221864271123,0.01,0.08936553793697238,0.18580878172322268,4.634417888000783,0.01,0.08432786842293422,0.17343658520418218,4.4348327120534385,0.01,0.13142096172521386,0.40591438257203993,25.159469422484992,0.01,0.12999785368801733,0.3230269136226673,5.736731505694945,0.01,0.08253827953343021,0.1362290708089733,12.00890372497092
5.0,50.0,46.73554062441809,3.2644593755819113,-0.5899333425121107,20.05390107287325,0.08523363737727757,1.709266932045076,1.7092669320450762,1.709266932045076,0.0,0.0,0,0.01,0.01,0.15501872905627967,0.29667278487574056,33.45894014005501,0.01,0.08923380477292345,0.18567409601165988,4.628441704208524,0.01,0.08419648239566059,0.17330189949261937,4.428183746782589,0.01,0.13161164978750625,0.4061204968171792,25.46500435447796,0.01,0.13020428634844594,0.32323302786780655,5.733450366482909,0.01,0.08261529206324969,0.13630595056951922,11.998126422716672
5.01,49.62501111096296,46.397519043896835,3.2274920670661267,-0.5896780973994588,19.910235641965354,0.0848764889053937,1.6899108945690466,1.6899108945690466,1.6899108945690466,0.0,0.0,0,0.01,0.01,0.15489130681685606,0.2965379364010476,33.19723998800713,0.01,0.08910191371177148,0.18553924753696688,4.622623148316881,0.01,0.08406494108924376,0.17316705101792637,4.421686271380936,0.01,0.1318013925488455,0.4063256164393204,25.772146358106248,0.01,0.1304097492499296,0.3234381474899478,5.729913922320756,0.01,0.08269168685386431,0.13638220697009823,11.986897116888429
5.0200000000000005,49.25008888414814,46.05967449553568,3.1904143886124614,-0.5893148106307261,19.764803330319552,0.08451878015735723,1.67049706752868,1.67049706752868,1.67049706752868,0.0,0.0,0,0.01,0.01,0.1547637530265906,0.2964029533362099,32.937121049767185,0.01,0.08896989293920231,0.18540426447212924,4.61694967424435,0.01,0.08393327257431643,0.17303206795308873,4.415328389273364,0.01,0.1319901512291585,0.4065297000559432,26.080839713995797,0.01,0.13061419951143577,0.32364223110657053,5.7261378089796,0.01,0.08276744800754786,0.13645782450307867,11.975247968875179
5.03,48.87529996399999,45.72206586963566,3.1532340943643375,-0.5888540221254658,19.617611341386773,0.08416057807715066,1.6510295109839779,1.6510295109839779,1.6510295109839779,0.0,0.0,0,0.01,0.01,0.15463609245331034,0.29626786164301827,32.67861205510172,0.01,0.08883776849987701,0.18526917277893756,4.611407996768056,0.01,0.0838015027812077,0.17289697625989708,4.409097509445899,0.01,0.13217789106119493,0.4067327105953987,26.39103285394612,0.01,0.13081759849892746,0.3238452416460261,5.7221383157967045,0.01,0.08284256141088642,0.13653278945493733,11.963211902546186
5.04,48.50071095940741,45.3847460602056,3.1159648992018063,-0.5883061193822928,19.46870601444035,0.08380194373571685,1.6315154060293424,1.6315154060293424,1.6315154060293424,0.0,0.0,0,0.01,0.01,0.15450834774204864,0.2961326850296608,32.42173620401848,0.01,0.08870556422841969,0.18513399616558007,4.60598476369369,0.01,0.08366965543411246,0.17276179964653957,4.402980988511356,0.01,0.1323645812860351,0.40693461525058083,26.702677732510214,0.01,0.13101991184395506,0.3240471463012082,5.717931713791934,0.01,0.08291701471138249,0.13660708986704523,11.95082131642684
5.05,48.12638842592594,45.047762189639556,3.078626236286383,-0.5876808611080047,19.31817206769057,0.0834429324987918,1.6119649278443493,1.6119649278443493,1.6119649278443493,0.0,0.0,0,0.01,0.01,0.15438053946521887,0.2959974450197972,32.16651219127806,0.01,0.08857330178976974,0.18499875615571648,4.600667223802758,0.01,0.08353775209436011,0.17262655963667597,4.3969667678598485,0.01,0.13255019499188558,0.4071353852661642,27.015728958242562,0.01,0.13122110929501463,0.32424791631679156,5.713533593408896,0.01,0.08299079723214342,0.13668071543511612,11.93810684631243
5.0600000000000005,47.752398848000006,44.71115646542147,3.041242382578537,-0.5869795996669658,19.166127684199672,0.08308359487391515,1.592390787815775,1.592390787815775,1.592390787815775,0.0,0.0,0,0.01,0.01,0.15425268631910796,0.2958621612771305,31.91296029622456,0.01,0.0884410008559875,0.1848634724130498,4.5954466190228365,0.01,0.08340581234250184,0.17249127589400928,4.391046842249307,0.01,0.13273470876766308,0.40733499535475065,27.330138987845235,0.01,0.13142116438154022,0.324447526405378,5.708956314315501,0.01,0.08306390659307719,0.13675368194053775,11.926539206974887
5.07,47.37880862118518,44.37500556154641,3.003803059638769,-0.5860634520449562,19.01246615433077,0.08272401862012123,1.5727876041652833,1.5727876041652833,1.5727876041652833,0.0,0.0,0,0.01,0.01,0.15412481624642368,0.2957268674498076,31.66131775500425,0.01,0.08830868855952177,0.18472817858572688,4.590463412744065,0.01,0.08327386365237853,0.17235598206668637,4.385360521349835,0.01,0.13291808991175733,0.40753340044190955,27.645637440734518,0.01,0.1316200430132042,0.3246459314925369,5.704087140647666,0.01,0.0831366739754834,0.13682643999571414,11.925784100580863
5.08,47.00568403437036,44.03945494901881,2.9662290853515523,-0.5848847305426281,18.856624456899976,0.0823643659438645,1.5531139172341346,1.5531139172341346,1.5531139172341346,0.0,0.0,0,0.01,0.01,0.15399698487882824,0.2955916251111487,31.411805484061308,0.01,0.08817641999125078,0.18459293624706802,4.585843176417799,0.01,0.08314196166611325,0.1722207397280275,4.38002394685159,0.01,0.13310026841050063,0.4077305160298327,27.961900239486237,0.01,0.13181767365561942,0.32484304708046,5.698793177724142,0.01,0.08320937309114206,0.13689913611627966,11.925541630401474
5.09,46.63309125200001,43.70464874401828,2.9284425079817304,-0.5834659061157034,18.698038821392597,0.08200479880461849,1.5333289115892457,1.5333289115892457,1.5333289115892457,0.0,0.0,0,0.01,0.01,0.15386925063962634,0.29545649561232784,31.16449528852256,0.01,0.08804425598334978,0.18445780674824713,4.581568422855682,0.01,0.08301016706050532,0.17208561022920663,4.375018515700969,0.01,0.1332811675903692,0.40792626007737637,28.27878836554027,0.01,0.1320139734747057,0.3250387911280037,5.6930830817821585,0.01,0.08328198749571315,0.1369717395941425,11.924657067120902
5.1000000000000005,46.26109629629627,43.37071771155791,2.890378584738367,-0.5818171141613528,18.53622451908848,0.08164546595915824,1.513398687984553,1.513398687984553,1.513398687984553,0.0,0.0,0,0.01,0.01,0.15374166709933676,0.2953215352162524,30.919449690492847,0.01,0.08791225268942995,0.18432284635217167,4.577614058807217,0.01,0.08287853571050055,0.17195064983313116,4.370320919861089,0.01,0.1334607190226293,0.40812055994870894,28.596183833822387,0.01,0.13220693066691033,0.3252330909993363,5.70688222372724,0.01,0.08335448896489749,0.1370442224902532,11.923153560116965
5.11,45.88976502948149,43.03783610074366,2.851928928737822,-0.5797632278746099,18.370397506762433,0.0812865641383534,1.493266495180492,1.493266495180492,1.493266495180492,0.0,0.0,0,0.01,0.01,0.1536142992002223,0.2951868180670501,30.6770228998989,0.01,0.08778047513238962,0.1841881292029694,4.574161385737412,0.01,0.08274713298752823,0.1718159326839289,4.36611089764894,0.01,0.1336388446159938,0.40831331939713966,28.91366159030586,0.01,0.1323935573382272,0.32542585044776706,5.770094045343931,0.01,0.08342684415803898,0.13711654729094488,11.92069343215787
5.12,45.51916313599999,42.70626474978068,2.8128983862193087,-0.5772421447037414,18.19917880888643,0.08092838508667745,1.4728301509068609,1.4728301509068609,1.4728301509068609,0.0,0.0,0,0.01,0.01,0.15348724702828,0.29505245377429545,30.437548345177863,0.01,0.0876490238542679,0.18405376491021475,4.571372214367432,0.01,0.08261606003877708,0.17168156839117424,4.362538312908535,0.01,0.13381542103945998,0.4085043943922555,29.23072775239878,0.01,0.13257796327155327,0.3256169254428829,5.8391760981371945,0.01,0.08349900029926219,0.13718865747998116,11.91697421198798
5.13,45.14935610474075,42.3762546178831,2.7731014868576476,-0.574316590317915,18.02123250485943,0.08057121191555329,1.4519925431284864,1.4519925431284864,1.4519925431284864,0.0,0.0,0,0.01,0.01,0.1533606122954003,0.29491854845655696,30.201115081979044,0.01,0.08751800495985776,0.18391985959247623,4.5691928921855585,0.01,0.08248542258308533,0.17154766307343572,4.359548409173448,0.01,0.13399032012575565,0.4086936495118969,29.54717124161998,0.01,0.1327605931878664,0.3258061805625243,5.908159093664285,0.01,0.08357090154547493,0.13726049845338442,11.91209665066168
5.14,44.78040921125928,42.048012435836554,2.7323967754227274,-0.5710740495194232,17.835499373713724,0.08021528167406634,1.4306796060600802,1.4306796060600802,1.4306796060600802,0.0,0.0,0,0.01,0.01,0.15323448129303088,0.2947851907291878,29.967726249666388,0.01,0.0873875097250431,0.1837865018651071,4.567514033177612,0.01,0.08235531118330548,0.17141430534606655,4.357036346560286,0.01,0.13416343649379267,0.4088809773491545,29.862892275101554,0.01,0.1329413836241817,0.32599350839978186,5.976576733826327,0.01,0.08364250016727477,0.13733202501445035,11.906266231820753
5.15,44.41238749999998,41.721691613286296,2.6906958867136823,-0.5676126792059935,17.64126471785208,0.0798607749684172,1.408845071790663,1.408845071790663,1.408845071790663,0.0,0.0,0,0.01,0.01,0.1531089206464994,0.29465244786935485,29.737323413462324,0.01,0.08725760934444643,0.18365375900527411,4.566206459304816,0.01,0.08222579626428671,0.1712815624862336,4.354878965726351,0.01,0.13433469396309106,0.40906630303418023,30.177864388002867,0.01,0.13312025508655215,0.32617883408480763,6.044465545286099,0.01,0.08371375940861195,0.13740320340242287,11.899725799375883
5.16,44.04535576651851,41.397387844195244,2.6479679223232724,-0.5640356453806361,17.438195712412348,0.07950781060251308,1.3864727619520367,1.3864727619520365,1.3864727619520367,0.0,0.0,0,0.01,0.01,0.1529839752886162,0.2945203638744848,29.5097937100296,0.01,0.08712835264828442,0.18352167501040412,4.5651304788803735,0.01,0.0820969258925847,0.1711494784913636,4.352943261782077,0.01,0.13450404767639657,0.40924958595735256,30.492128285972186,0.01,0.13329715637459932,0.3263621170079799,6.111926308886581,0.01,0.08378465471178351,0.13747401230812245,11.892738521692264
5.17,43.679378539703706,41.07513770826631,2.604240831437394,-0.5604460425742517,17.226358982709762,0.07915644345229012,1.3635773107037152,1.3635773107037152,1.3635773107037152,0.0,0.0,0,0.01,0.01,0.15285966760666425,0.29438895873771215,29.28497783881324,0.01,0.08699976510548912,0.1833902698736314,4.5641429162022495,0.01,0.08196872481606444,0.1710180733545909,4.351093048090051,0.01,0.1346714844454074,0.40943081974358086,30.805785904854012,0.01,0.13347206879717927,0.32654335079420826,6.17908043031305,0.01,0.08385517424348418,0.13754444324153844,11.885575006480913
5.18,43.314520064,40.75492014094799,2.5595999230520095,-0.5569419400320595,17.006218669437775,0.07880666547820175,1.340203385731532,1.340203385731532,1.340203385731532,0.0,0.0,0,0.01,0.01,0.15273599769543458,0.2942582288993283,29.062680092609458,0.01,0.0868718489818475,0.18325954003524758,4.563104063894663,0.01,0.08184119465392027,0.17088734351620707,4.3491955713668435,0.01,0.13483702158848176,0.40961003060923906,31.11899155798052,0.01,0.13364500549777686,0.32672256165986646,6.246059995731959,0.01,0.08392531879716916,0.1376145002745357,11.878500358748393
5.19,42.95084428162963,40.43666065402014,2.514183627609489,-0.5536117346107481,16.778615226011105,0.07845840978609653,1.3164234690456178,1.3164234690456178,1.3164234690456178,0.0,0.0,0,0.01,0.01,0.15261294468525002,0.2941281488356055,28.842680035834107,0.01,0.08674458461959067,0.1831294599715248,4.561884445433465,0.01,0.08171431520425958,0.1707572634524843,4.347127939596084,0.01,0.13500070437153947,0.4097872742235021,31.431940291655383,0.01,0.1338160090341629,0.32689980527412943,6.3130002218541,0.01,0.0839951010908548,0.13768419917996755,11.87176136022704
5.2,42.588414814814804,40.12023806856045,2.468176746254353,-0.5505300286875312,16.5447260749148,0.078111557510669,1.2923343222989725,1.2923343222989723,1.2923343222989725,0.0,0.0,0,0.01,0.01,0.15249046906936317,0.2939986736957991,28.62474522291754,0.01,0.08661793276389568,0.18299998483171837,4.560371068927541,0.01,0.08158804679353159,0.17062778831267786,4.344783056607971,0.01,0.13516260220604115,0.40996263125799287,31.744854039330242,0.01,0.1339851476271235,0.3270751623086202,6.380031901688031,0.01,0.08406454450056389,0.13775356601504826,11.865574384690994
5.21,42.227294948000015,39.805493403319204,2.4218015446808145,-0.5477542274366352,16.306010147812007,0.07776594715949535,1.2680523235369434,1.2680523235369434,1.2680523235369434,0.0,0.0,0,0.01,0.01,0.1523685159075457,0.29386974284778805,28.408644286928904,0.01,0.08649183781245826,0.18287105398370737,4.558472852575615,0.01,0.0814623335428178,0.17049885746466686,4.34207475982953,0.01,0.13532280381075595,0.41013620186730376,32.057966341826365,0.01,0.13415251030570607,0.3272487329179311,6.447274017752298,0.01,0.08413368129554129,0.13782263522333033,11.860114703137407
5.22,41.86754761007409,39.49224046103322,2.375307149040866,-0.5453220117875378,16.064139124311374,0.07742138593816479,1.2437079149076835,1.2437079149076835,1.2437079149076835,0.0,0.0,0,0.01,0.01,0.15224701874113933,0.29374128414967926,28.194159715924126,0.01,0.08636623182057593,0.18274259528559852,4.556124938577754,0.01,0.0813371073825544,0.17037039876655802,4.338941893327846,0.01,0.1354814115881062,0.410308099389216,32.37150649855758,0.01,0.1343182012013757,0.3274206304398434,6.5148269295137595,0.01,0.08420255046451158,0.13789144735233458,11.85550779235921
5.23,41.50923535659257,39.18027757880754,2.328957777785029,-0.5432497975811174,15.820918818138754,0.07707766248508167,1.2194394408683762,1.2194394408683762,1.2194394408683762,0.0,0.0,0,0.01,0.01,0.15212590402193402,0.293613218731288,27.981099663131673,0.01,0.08624103905917689,0.1826145298672073,4.5532916697304495,0.01,0.08121229261260288,0.1702423333481668,4.335351103583122,0.01,0.13563853549801033,0.41047844358475793,32.68568404305049,0.01,0.1344823332762493,0.3275909746353853,6.582766538180566,0.01,0.08427119524099018,0.1379600465014665,11.85182316550334
5.24,41.15242035199999,38.86939995992653,2.2830203920734635,-0.5415322409058441,15.578204605549045,0.07673456038251096,1.1953866819556136,1.1953866819556136,1.1953866819556136,0.0,0.0,0,0.01,0.01,0.15200509583457558,0.2934854660473053,27.76930820352162,0.01,0.08611618089867465,0.1824867771832246,4.5499680768658415,0.01,0.08108781078042208,0.17011458066418408,4.3312982162874425,0.01,0.1357942867309233,0.4106473537533638,33.00067439498774,0.01,0.13464502179213622,0.3277598848039912,6.65113977447013,0.01,0.0843396604490842,0.13802847762648246,11.849071099901215
5.25,40.79716435185184,38.559411985201585,2.237752366650252,-0.5401427972043268,15.337815031303794,0.07639187178088352,1.1716843992702675,1.1716843992702675,1.1716843992702675,0.0,0.0,0,0.01,0.01,0.151884520680743,0.29335794895402334,27.55867354752603,0.01,0.08599158077847877,0.18235926008994266,4.546179810279426,0.01,0.08096358563745687,0.16998706357090215,4.326808133529994,0.01,0.13594877148634316,0.4108149420569203,33.31660643792865,0.01,0.13480637783492064,0.32792747310754766,6.719961664894702,0.01,0.08440798979871894,0.13809678383198704,11.847202457750697
5.26,40.44352868503704,38.250138912471066,2.1933897725659692,-0.5390352903075997,15.101447757756018,0.07604941047692147,1.1484561993253728,1.1484561993253728,1.1484561993253728,0.0,0.0,0,0.01,0.01,0.15176411209341722,0.2932305985639355,27.349133845436373,0.01,0.08586716902088906,0.1822319096998548,4.54198153778866,0.01,0.08083954793315931,0.1698597131808143,4.32193327585879,0.01,0.1361020851531395,0.4109813073688663,33.633552620778005,0.01,0.13496650220219333,0.32809383841949363,6.789214120454001,0.01,0.08447622326047649,0.13816500378213997,11.846111595325475
5.2700000000000005,40.091574235999985,37.94143741183256,2.1501368241674244,-0.5381463996751704,14.870601850027064,0.0757070238216908,1.1258090085028782,1.1258090085028782,1.1258090085028782,0.0,0.0,0,0.01,0.01,0.15164381486092327,0.2931033586468669,27.140680353143964,0.01,0.0857428872587565,0.18210466978278617,4.537453918684222,0.01,0.08071563981708177,0.1697324732637457,4.316750675768033,0.01,0.13625430716399942,0.41114652993197365,33.951522001819704,0.01,0.13512547994091542,0.328259060982601,6.858846471183961,0.01,0.08454439464520237,0.1382331693521649,11.845642156807031
5.28,39.74136142696296,37.63320444892721,2.1081569780357494,-0.5373989320187729,14.6465100325584,0.07536460289958341,1.1038284124685283,1.1038284124685283,1.1038284124685283,0.0,0.0,0,0.01,0.01,0.15152358866224322,0.29297618937151754,26.933357872913774,0.01,0.08561869226794759,0.18197750050743683,4.532699340093985,0.01,0.08059181864143858,0.1696053039883963,4.311357902100598,0.01,0.13640549675913083,0.4113106670629212,34.27045646656836,0.01,0.13528337578692382,0.3284231981135486,6.928777654329856,0.01,0.08461252950250737,0.13830130362993592,11.845595369681703
5.29,39.39295020014815,37.32538411527984,2.0675660848683104,-0.5367057089340507,14.430084034623604,0.07502209050952723,1.0825750705056159,1.0825750705056159,1.0825750705056159,0.0,0.0,0,0.01,0.01,0.15140341094606352,0.292849070215875,26.72726252194679,0.01,0.0854945590270208,0.18185038135179427,4.527836664319811,0.01,0.08046805998812745,0.16947818483275376,4.305868053150341,0.01,0.13655568984589594,0.4114737500858144,34.59023017325148,0.01,0.1354402307106743,0.3285862811364417,6.998899865026038,0.01,0.08468064343583596,0.13836941935867197,11.845740317345976
5.3,39.04640000000002,37.01797210863627,2.0284278913637532,-0.5359738764283669,14.221875494825486,0.07467948659049436,1.0620823603075003,1.0620823603075003,1.0620823603075003,0.0,0.0,0,0.01,0.01,0.15128327892444615,0.29272200191701214,26.522537010094123,0.01,0.08537048286591224,0.18172331305293143,4.5229952792409645,0.01,0.08034435978371264,0.16935111653389093,4.300404096817675,0.01,0.13670489708375363,0.4116357826133704,34.91065212490176,0.01,0.13559605971601574,0.32874831366399776,7.069083404900708,0.01,0.08474874091074014,0.13843751788957975,11.84582557145652
5.3100000000000005,38.7017697554074,36.71101768214542,1.9907520732619841,-0.5351094261011603,14.022054149921363,0.07433685085901594,1.0423553480797498,1.0423553480797498,1.0423553480797498,0.0,0.0,0,0.01,0.01,0.15116321059592513,0.2925950073781911,26.319363719983944,0.01,0.08524648061080961,0.1815963185141104,4.51830876713421,0.01,0.08022073541127596,0.1692241219950699,4.2950928575852245,0.01,0.13685310326083788,0.41179674022684953,35.23147164106329,0.01,0.13575085097400663,0.32890927127747693,7.139182419769872,0.01,0.0848168146084581,0.1385055886882862,11.845591526789923
5.32,38.359117861925924,36.40462300351195,1.9544948584139696,-0.5340217115447647,13.830404225193474,0.07399430256091513,1.023371114778725,1.023371114778725,1.023371114778725,0.0,0.0,0,0.01,0.01,0.15104324476007655,0.29246813150166606,26.117955974771995,0.01,0.08512259068152626,0.18146944263758538,4.513908511000338,0.01,0.0800972257770968,0.16909724611854487,4.2900589528701225,0.01,0.13700026796313589,0.411956571537341,35.55238640500507,0.01,0.13590456630542713,0.3290691025879684,7.209041201682756,0.01,0.08488484535010234,0.1385736094122818,11.844782790794131
5.33,38.018502164,36.098939988213736,1.9195621757862609,-0.5326277472311008,13.64633910550372,0.0736520173766701,1.0050804049264928,1.0050804049264928,1.0050804049264928,0.0,0.0,0,0.01,0.01,0.1509234400339533,0.2923414399667898,25.918547948689312,0.01,0.08499887214821768,0.1813427511027091,4.509917543846488,0.01,0.07997389034048658,0.1689705545836686,4.2854189678474395,0.01,0.13714632747315156,0.4121152005450473,35.87305268942612,0.01,0.13605714295761803,0.32922773159567464,7.278500738073887,0.01,0.08495280258904794,0.13864154654957792,11.843160030345663
5.34,37.679979937185195,35.79416478899552,1.885815148189677,-0.5308560903249028,13.468933531020973,0.07331022165360643,0.9874105025968394,0.9874105025968394,0.9874105025968394,0.0,0.0,0,0.01,0.01,0.15080387292799363,0.2922150170226747,25.721383722740182,0.01,0.08487540280384344,0.181216328158594,4.506444918779443,0.01,0.07985080716442632,0.1688441316395535,4.281276131229684,0.01,0.1372911977756001,0.4122725301528808,36.193097308388936,0.01,0.1362084965574953,0.3293850612035082,7.34740521458926,0.01,0.08502064544185041,0.1387093565825668,11.84051075716184
5.3500000000000005,37.34360787037036,35.49053023189499,1.8530776384753769,-0.5286501277922704,13.296971761425691,0.07296918426261761,0.9702691825942944,0.9702691825942944,0.9702691825942944,0.0,0.0,0,0.01,0.01,0.15068463508295976,0.29208896241053917,25.526706012876843,0.01,0.08475227635508346,0.18109027354645846,4.503580839841074,0.01,0.07972807009067291,0.16871807702741798,4.2777157182157435,0.01,0.13743477849617153,0.4124284466387629,36.51213079920751,0.01,0.1363585250666032,0.3295409776893903,7.415608210564747,0.01,0.08508832420253543,0.13877698761680707,11.83665862760365
5.36,37.00944204799998,35.18829658230995,1.821145465690035,-0.5259706208371452,13.12900941846582,0.07262920648686094,0.9535495360216961,0.9535495360216961,0.9535495360216961,0.0,0.0,0,0.01,0.01,0.15056582980817984,0.29196338757096074,25.33474510088186,0.01,0.08462959887535733,0.18096469870688003,4.501392749087059,0.01,0.07960578518361812,0.16859250218783953,4.274801364499295,0.01,0.13757695755823424,0.412582824849803,36.82976130117981,0.01,0.1365071135188212,0.3296953559004304,7.482978360704035,0.01,0.08515578226258916,0.13884438139318567,11.831470930737662
5.37,36.67753793229628,34.88774109901635,1.789796833279931,-0.5227973948025268,12.963446079248842,0.07229061044001243,0.9371354304750845,0.9371354304750845,0.9371354304750845,0.0,0.0,0,0.01,0.01,0.1504475680931168,0.2918384113237768,25.145708480564146,0.01,0.0845074846973115,0.1808397224596961,4.499922517288512,0.01,0.07948406662056726,0.1684675259406556,4.272572429603117,0.01,0.13771761631332624,0.412735533852746,37.1456085677423,0.01,0.1366541392889582,0.3298480649033734,7.549404288859763,0.01,0.08522295834048342,0.13891147558456793,11.824864032041965
5.38,36.347950345481465,34.58914688635285,1.7588034591286132,-0.5191301036657155,12.798605180209163,0.07195372657809766,0.9209073377177945,0.9209073377177945,0.9209073377177945,0.0,0.0,0,0.01,0.01,0.1503299642876585,0.29171415523185185,24.959771693996405,0.01,0.08438605194711062,0.1807154663677711,4.499184836209228,0.01,0.07936303223074787,0.1683432698487306,4.271042500830045,0.01,0.1378566348854297,0.4128864427597747,37.45931752721814,0.01,0.1367994776221618,0.3299989738104021,7.614798648446045,0.01,0.08528978891091515,0.13897820626539897,11.81680662418555
5.39,36.020733452000016,34.29279158270617,1.7279418692938449,-0.5149880423560512,12.632817430124534,0.07161888090853015,0.904748247067293,0.904748247067293,0.904748247067293,0.0,0.0,0,0.01,0.01,0.15021313166046407,0.29159073887328857,24.77707077600728,0.01,0.08426541793797546,0.18059205000920783,4.4991668609542135,0.01,0.07924279890015412,0.16821985349016733,4.2701990823515406,0.01,0.13799389746658058,0.4130354264473159,37.770570799874164,0.01,0.1369430071501396,0.33014795749794323,7.679101129503321,0.01,0.08535621071570411,0.13904451043534433,11.807320710415075
5.4,35.69594074074075,33.9989364257482,1.6970043149925564,-0.5104090253661561,12.46450374137495,0.07128638251081444,0.8885493815151324,0.8885493815151324,0.8885493815151324,0.0,0.0,0,0.01,0.01,0.15009717804859357,0.29146827524925223,24.597696650843748,0.01,0.0841456946449884,0.18046958638517152,4.499829102037043,0.01,0.0791234780636285,0.16809738986613101,4.27000446765319,0.01,0.1381292973118431,0.4131823708976113,38.079099592329314,0.01,0.13708461513007497,0.33029490194823863,7.74228031756514,0.01,0.08542216323579997,0.1391103284763131,11.79648031244189
5.41,35.373625007259264,33.70781621152901,1.6658087957302532,-0.5054473944365203,12.292253687143095,0.07095651196472771,0.8722154458252374,0.8722154458252374,0.8722154458252374,0.0,0.0,0,0.01,0.01,0.14998220180533073,0.291346866546264,24.421691735168213,0.01,0.08402698447707396,0.1803481776821833,4.501107518931426,0.01,0.07900517149922139,0.16797598116314283,4.270397748235676,0.01,0.13826274120394408,0.4133271779175166,38.384692430278946,0.01,0.13722420216453757,0.330439708968144,7.804334317455209,0.01,0.08548759100713411,0.1391756064261904,11.784407957409867
5.42,35.05383833599995,33.41963061665862,1.6342077193413267,-0.5001712593635804,12.11489568546674,0.07062951123441237,0.855669160920407,0.8556691609204071,0.855669160920407,0.0,0.0,0,0.01,0.01,0.1498682882369075,0.29122660045296883,24.249048898580277,0.01,0.08390937654559716,0.18022791158888812,4.5029167200587725,0.01,0.07888796762319802,0.16785571506984762,4.27129786714953,0.01,0.1383941531902597,0.4134697690247476,38.6872012624956,0.01,0.1373616861937902,0.3305823000753749,7.865290089555583,0.01,0.08555244567188389,0.1392402979621644,11.771269062804803
5.43,34.73663208251853,33.13453728274045,1.6020947997780752,-0.49465911218591146,11.931555496062229,0.07030557548284876,0.838854875556202,0.838854875556202,0.838854875556202,0.0,0.0,0,0.01,0.01,0.14975550669355875,0.2911075472029019,24.079712820617804,0.01,0.08379294360306234,0.18010885833882118,4.505154128918379,0.01,0.07877193845793812,0.16773666181978067,4.272607583209122,0.01,0.13852347743533613,0.41361008833658514,38.98654457464459,0.01,0.13749700559343056,0.3307226193872125,7.925201489168628,0.01,0.08561668767060979,0.13930436600123003,11.75726440707249
5.44,34.42205685570369,32.852646973378654,1.5694098823250295,-0.48899598430543273,11.741700178571477,0.06998484719418467,0.8217410927972557,0.8217410927972557,0.8217410927972557,0.0,0.0,0,0.01,0.01,0.14964390844722913,0.29098975747806094,23.913583666157926,0.01,0.08367773979124919,0.1799910686139802,4.507704933501479,0.01,0.07865713741071258,0.1676188720949397,4.274218171464409,0.01,0.13865068007841946,0.41374810434750575,39.28270728956905,0.01,0.13763012125780866,0.33086063539813315,7.9841460522188985,0.01,0.08568028749894431,0.13936778384458795,11.742620949740388
5.45,34.11016250000005,32.57402101087065,1.5361414891293954,-0.4832693369697907,11.54516537593924,0.0696674128661812,0.804321802853899,0.804321802853899,0.804321802853899,0.0,0.0,0,0.01,0.01,0.14953352544897242,0.2908732612649772,23.750522885116037,0.01,0.0835637992975185,0.17987457240089647,4.510447597861962,0.01,0.07854359796065417,0.16750237588185596,4.276014649554347,0.01,0.1387757500351771,0.41388381053770784,39.57573739525166,0.01,0.1377610176006011,0.33099634158833524,8.042220631500902,0.01,0.08574322647413866,0.13943053581530135,11.727581345930496
5.46,33.80099807762965,32.29867108726919,1.5023269903604561,-0.4775648868615214,11.342164617915156,0.06935330240742027,0.7866165727010122,0.7866165727010122,0.7866165727010122,0.0,0.0,0,0.01,0.01,0.14942437001559628,0.2907580677076558,23.590360833676556,0.01,0.0834511359730043,0.17975937884357507,4.51325968321675,0.01,0.0784313333062128,0.16738718232453456,4.277881289959471,0.01,0.1388986987335326,0.41401722481134406,39.86573942355919,0.01,0.13788970245584684,0.33112975586197146,8.099536053492319,0.01,0.08580548548435313,0.13949261736359214,11.7133164501634
5.47,33.49461185081481,32.02657167159997,1.4680401792148439,-0.47190474974153884,11.13320067418626,0.0690425029478041,0.7686640403659994,0.7686640403659994,0.7686640403659994,0.0,0.0,0,0.01,0.01,0.1493164378299599,0.29064417024144545,23.43297840027068,0.01,0.08333974604411949,0.17964548137736477,4.516073029916582,0.01,0.07832033922743782,0.16727328485832427,4.279756237016462,0.01,0.13901955656770712,0.4141483828941045,40.15279048924232,0.01,0.1380162041838535,0.33126091394473184,8.156172098107403,0.01,0.08586622104479935,0.13955403232709002,11.767967093984169
5.48,33.19105126399998,31.757707852364476,1.4333434116355035,-0.4662705552780361,10.918698041188678,0.06873501332421995,0.7504968553442382,0.7504968553442382,0.7504968553442382,0.0,0.0,0,0.01,0.01,0.14920972570191235,0.2905315665949324,23.27838048427181,0.01,0.08322962560099702,0.1795328777308517,4.5189229350961915,0.01,0.0782106119075691,0.1671606812118112,4.281673869030157,0.01,0.13913835370321237,0.41427731498404224,40.4368225755817,0.01,0.13814055430157193,0.3313898460346696,8.212103735416205,0.01,0.08592609452917085,0.13961478216130407,11.838613252116943
5.49,32.89036292607406,31.49204825252255,1.398314673551512,-0.46072372797949074,10.699213080646587,0.06843081313120836,0.7321558509727066,0.7321558509727066,0.7321558509727066,0.0,0.0,0,0.01,0.01,0.14910422720032435,0.2904202474529422,23.12642758459834,0.01,0.083120768245644,0.1794215585888615,4.521739796994109,0.01,0.07810214471284774,0.167049362069821,4.2835656842031735,0.01,0.13925512232663306,0.4144040587729656,40.71792276466246,0.01,0.13826278530197086,0.331516589823593,8.267385777220369,0.01,0.08598531025709795,0.13967487205730697,11.909255947460117
5.5,32.59259259259261,31.2295251948679,1.3630673977247123,-0.45532542020377015,10.475592221560486,0.06812983986124492,0.7137004205066189,0.7137004205066189,0.7137004205066189,0.0,0.0,0,0.01,0.01,0.14899992185808603,0.2903101881254367,22.97694086678479,0.01,0.08301315348936311,0.17931149926135595,4.524431876778787,0.01,0.0779949167629172,0.16693930274231544,4.285344816782405,0.01,0.13936990892417084,0.4145286686386502,40.996249756265286,0.01,0.13838294290677072,0.3316411996892775,8.322116581604602,0.01,0.08604388495530983,0.13973431545587128,11.979627796294352
5.51,32.297785148,30.970039111369662,1.3277460366303397,-0.4501256963308273,10.248942435867063,0.06783199373353933,0.6952061990851399,0.6952061990851399,0.6952061990851399,0.0,0.0,0,0.01,0.01,0.14889677601514023,0.29020135036643707,22.829739746982032,0.01,0.08290674709231198,0.17920266150235634,4.526919745876451,0.01,0.07788889351199024,0.16683046498331583,4.2869364825715985,0.01,0.1394827736059302,0.41465121313825115,41.27198331737762,0.01,0.13850108706886086,0.33176374418887855,8.376395399788706,0.01,0.08610183724592338,0.13979313309128846,12.049897714688843
5.5200000000000005,32.005984587851835,30.713465638845307,1.292518949006524,-0.44516108504267343,10.020579527585069,0.06753714565853196,0.6767613391374161,0.6767613391374161,0.6767613391374161,0.0,0.0,0,0.01,0.01,0.14879474546087118,0.29009368532980223,22.68465207509976,0.01,0.08280150372713797,0.17909499646572155,4.529141738373592,0.01,0.077784029443995,0.16672279994668104,4.2882827644915436,0.01,0.1395937869554975,0.41477177131836906,41.54530911331966,0.01,0.1386172891637129,0.3318843023689964,8.430311405809432,0.01,0.08615919164733038,0.13985135141831748,12.120221949411544
5.53,31.717234001037,30.459663819889357,1.257570181147641,-0.4404530508212356,9.791966275017884,0.06724514653995099,0.6584622070778356,0.6584622070778356,0.6584622070778356,0.0,0.0,0,0.01,0.01,0.14869377858069346,0.2899871370003252,22.541522624071895,0.01,0.0826973702122864,0.17898844813624448,4.531056859601568,0.01,0.07768027131079366,0.166616251617204,4.289345318340788,0.01,0.13970302638306645,0.41489042862022385,41.81640569441786,0.01,0.13873162833309258,0.3320029596708512,8.4839380208281,0.01,0.08621597700207757,0.13990900077730115,12.190722437130669
5.54,31.43157555200004,30.208484960717502,1.223090591282537,-0.436007221974803,9.564643814063562,0.06695583740397089,0.6404087360413357,0.6404087360413359,0.6404087360413357,0.0,0.0,0,0.01,0.01,0.14859381980646943,0.2898816459117493,22.400220522814628,0.01,0.08259428907075983,0.1788829570476686,4.532646581031694,0.01,0.07757756168873428,0.1665107605286281,4.290107042704911,0.01,0.13981057225829854,0.41500727260176407,42.08543217102812,0.01,0.13884418752612818,0.33211980365239147,8.537328629181207,0.01,0.08627222456692711,0.1399661133978631,12.261479305334195
5.55,31.14905046296299,29.95978170791348,1.1892687550495111,-0.43181339365550536,9.340159669009394,0.0666690598520871,0.6226996640012372,0.6226996640012373,0.6226996640012372,0.0,0.0,0,0.01,0.01,0.1484948131984838,0.28977715296692336,22.260645308409313,0.01,0.08249220223455626,0.17877846410284265,4.533915499581458,0.01,0.07747584267492263,0.16640626758380214,4.290572675665907,0.01,0.139916504014062,0.41512238868519413,42.35251713080358,0.01,0.1389550494688319,0.3322349197358215,8.59051343704004,0.01,0.08632796600857835,0.14002272134010108,12.33252588467194
5.5600000000000005,30.86969899614812,29.71341690353853,1.1562820926095885,-0.42784629311628275,9.119995948365858,0.06638466632708331,0.6054278879366193,0.6054278879366193,0.6054278879366193,0.0,0.0,0,0.01,0.01,0.14839670598410534,0.2896736031736792,22.12273132058856,0.01,0.08239105471353665,0.17867491430959848,4.534890840216991,0.01,0.07737505954244057,0.16630271779055794,4.290768299523798,0.01,0.14002089640610169,0.4152358561317126,42.61774935167387,0.01,0.1390642927570622,0.33234838718233994,8.643497585987177,0.01,0.08638323140691404,0.14007885447356885,12.403846142618647
5.57,30.59356043599996,29.469271795863293,1.1242886401366687,-0.4240670580111149,8.905501167412757,0.06610252969801805,0.5886761553946362,0.5886761553946361,0.5886761553946362,0.0,0.0,0,0.01,0.01,0.14829945188295665,0.2895709491170393,21.98645025459607,0.01,0.08229079805192026,0.17857226025295855,4.5356208420956445,0.01,0.07727516417843278,0.16620006373391805,4.290739793441573,0.01,0.14012381610261235,0.41534774442959677,42.88117074600153,0.01,0.13917198825506374,0.3324602754802241,8.69626060095824,0.01,0.08643804736200565,0.14013453859105288,12.475374641779569
5.58,30.32067307140742,29.22725322082881,1.0934198505786108,-0.4204253451315226,8.697828937069533,0.06582255171032673,0.5725132949778355,0.5725132949778355,0.5725132949778355,0.0,0.0,0,0.01,0.01,0.14820301406123498,0.2894691540039357,21.85181178871006,0.01,0.08219139340844919,0.17847046513985496,4.536172128659279,0.01,0.07717611814207369,0.16609826862081445,4.290550330456722,0.01,0.1402253187586498,0.4154581102575805,43.142771831050396,0.01,0.13927819596391922,0.3325706413082079,8.748757173308599,0.01,0.08649243529498572,0.14018979374624696,12.54699898389491
5.59,30.051074177925926,28.987299424958476,1.063774752967451,-0.4168619583619062,8.497886387165282,0.065544669908436,0.5569911581661402,0.5569911581661403,0.5569911581661402,0.0,0.0,0,0.01,0.01,0.14810736757804052,0.2893681941398025,21.71886230310506,0.01,0.08209281411682551,0.17836950527572185,4.536626214467311,0.01,0.07707789520018192,0.16599730875668134,4.2902770645099,0.01,0.14032544670409142,0.41556699515409534,43.40248987417975,0.01,0.13938296249911897,0.33267952620472274,8.800919200520735,0.01,0.08654641002258971,0.14024463289237124,12.618564556960653
5.6000000000000005,29.784799999999972,28.749384270716888,1.0354157292830837,-0.4133118620396674,8.30629469424735,0.06526886271724879,0.5421424080878423,0.5421424080878423,0.5421424080878423,0.0,0.0,0,0.01,0.01,0.1480125012130294,0.28926806072588257,21.587681801151643,0.01,0.0819950476101607,0.17826937186180186,4.537075342901286,0.01,0.07698048322551017,0.16589717534276138,4.290007191603053,0.01,0.1404242273417505,0.41567442398605464,43.66020971962267,0.01,0.13948631928481128,0.332786955036682,8.852658935039916,0.01,0.08659997867110232,0.14029906088328206,12.689881281729537
5.61,29.52188573318517,28.51351964655631,1.0083660866288566,-0.40970743017029915,8.123363486652268,0.06499515246132409,0.5279792483137175,0.5279792483137175,0.5279792483137175,0.0,0.0,0,0.01,0.01,0.14791841859602511,0.289168760900319,21.458379228296728,0.01,0.08189809662545831,0.17817007203623833,4.537617876919325,0.01,0.07688388537506988,0.16579787551719782,4.289833595273939,0.01,0.14052167231590312,0.41578040427037866,43.915767175202724,0.01,0.13958828153564068,0.332892935321006,8.903873041327664,0.01,0.08665313997832803,0.1403530738804607,12.760731960809052
5.62,29.262365506370394,28.279755992029965,0.9826095143404274,-0.4059817735600096,7.949080231946495,0.06472360620190931,0.5144931385998869,0.5144931385998869,0.5144931385998869,0.0,0.0,0,0.01,0.01,0.14782513859379318,0.2890703179833654,21.331086453702834,0.01,0.08180197963992719,0.1780716291192847,4.53835347912986,0.01,0.07678812050160022,0.1656994326002442,4.289850299345576,0.01,0.14061777747279705,0.4158849263594351,44.168954727861255,0.01,0.13968884805730722,0.3329974574100624,8.954447324972111,0.01,0.0867058840129144,0.14040665918938877,12.830881774918105
5.63,29.006272364000026,28.048180939134557,0.9580914248654661,-0.40207198603184213,7.783115004090499,0.06445433437732029,0.5016554969707876,0.5016554969707876,0.5016554969707876,0.0,0.0,0,0.01,0.01,0.14773269494530877,0.2889727709255371,21.205951233833126,0.01,0.08170673052842847,0.17797408206145637,4.539378318055724,0.01,0.07669322278869832,0.16560188554241584,4.290147951053399,0.01,0.14071252359572378,0.41598796446007436,44.419529267466004,0.01,0.1397880018562204,0.33310049551070176,9.004261880423751,0.01,0.08675819231986598,0.14045979552814497,12.900088443431168
5.64,28.753638248296326,27.818916160227218,0.9347220880691078,-0.397922157313311,7.624840309936802,0.06418748733660058,0.48941934083767014,0.48941934083767014,0.48941934083767014,0.0,0.0,0,0.01,0.01,0.14764113517280106,0.28887617299544927,21.08312951405852,0.01,0.08161239746878228,0.17787748413136859,4.54078052594095,0.01,0.07659924063739244,0.16550528761232808,4.290809546494617,0.01,0.14080587785999182,0.4160894784169755,44.66722142937835,0.01,0.13988571150909812,0.3332020094676029,9.053196402663431,0.01,0.0868100384804183,0.14051245371056797,12.968112567866587
5.65,28.504493981481488,27.59211259638591,0.9123813850955789,-0.39348601346452283,7.473364956407,0.06392324995518503,0.4777217761147251,0.4777217761147251,0.4777217761147251,0.0,0.0,0,0.01,0.01,0.1475505188299497,0.288780589779699,20.96277744427938,0.01,0.08151904115723187,0.1777819009156183,4.542636112133435,0.01,0.07650623486730333,0.1654097043965778,4.291906589910505,0.01,0.14089779591955787,0.4161894161563964,44.911746115059415,0.01,0.13998193320722477,0.3333019472070238,9.1011354192847,0.01,0.08686138905461772,0.14056459770694504,13.034727700229984
5.66,28.25886924799999,27.36794431422266,0.8909249337773292,-0.38872906514302724,7.3275802894050575,0.06366183461002789,0.46648720447580505,0.46648720447580505,0.46648720447580505,0.0,0.0,0,0.01,0.01,0.14746091517929186,0.28868609659885647,20.8450434877801,0.01,0.0814267324284393,0.1776874077347758,4.545005507144284,0.01,0.07641427632737365,0.16531521121573528,4.293495850967575,0.01,0.14098822450881104,0.4162877166576926,45.15281371514579,0.01,0.1400766133592299,0.33340024770832,9.147973219350744,0.01,0.08691220485693198,0.14061618602775713,13.099729715641928
5.67,28.016792576740713,27.14660130066377,0.870191276076944,-0.38363016863641636,7.186216560254666,0.06340347286640391,0.45563108669020913,0.45563108669020913,0.45563108669020913,0.0,0.0,0,0.01,0.01,0.14737240041678182,0.28859277547002765,20.73006099023398,0.01,0.08133554940150514,0.17759408660594694,4.54793087837165,0.01,0.0763234430380057,0.16522189008690644,4.295616851863644,0.01,0.1410771044213637,0.4163843132983507,45.39014153888208,0.01,0.14016969161221537,0.333496844348978,9.193618280414597,0.01,0.08696244249985155,0.14066717336133203,13.162945116274331
5.68,27.778291323259232,26.928281551425183,0.8500097718340482,-0.37818243330396034,7.047906700333664,0.06314840628605749,0.44506407577889706,0.44506407577889706,0.44506407577889706,0.0,0.0,0,0.01,0.01,0.14728505458140198,0.2885007117663766,20.61794154878549,0.01,0.08124557429446527,0.17750202290229591,4.551434321126226,0.01,0.07623381700714345,0.1651298263832554,4.298290180928342,0.01,0.14116437371355714,0.4164791374045853,45.623464947478496,0.01,0.14026110413488224,0.33359166845521265,9.237997022710806,0.01,0.08701205612843496,0.1407175123849407,13.224237944661906
5.69,27.54339165199997,26.713182837868295,0.830208814131675,-0.37239344055944146,6.911254431992518,0.06289687680401856,0.4346963185702607,0.4346963185702607,0.4346963185702607,0.0,0.0,0,0.01,0.01,0.14719895830088855,0.2884099907365933,20.508769481082197,0.01,0.08115689006360835,0.1774113018725126,4.5555169895784235,0.01,0.0761454808764709,0.1650391053534721,4.301516692595902,0.01,0.14124997097416286,0.4165721218342102,45.85254769778544,0.01,0.14035078699853018,0.33368465288483756,9.281056748444243,0.01,0.08706099926063154,0.14076715566143824,13.283515038285817
5.7,27.3121185185185,26.501494547439208,0.8106239710792891,-0.3662847723822676,6.774903432329812,0.0626491171375687,0.4244417187277466,0.4244417187277466,0.4244417187277466,0.0,0.0,0,0.01,0.01,0.14711418953048122,0.2883206940520267,20.402597641877577,0.01,0.08106957703021773,0.177322005187946,4.560159192699725,0.01,0.0760585145599238,0.16494980866890552,4.305277616382245,0.01,0.14133383850342449,0.4166632044214782,46.07719102778972,0.01,0.14043867949242414,0.33377573547210554,9.32276765392819,0.01,0.08710922664430594,0.14081605753032142,13.340729413953804
5.71,27.084495651703673,26.293389984617246,0.7911056670864292,-0.3598908800695009,6.637604209384872,0.06240534168483014,0.41422195865532974,0.41422195865532974,0.41422195865532974,0.0,0.0,0,0.01,0.01,0.147030820439928,0.28823289654590656,20.29944477244571,0.01,0.08098370965576238,0.17723420768182585,4.565321440935912,0.01,0.07597299203492139,0.16486201116278534,4.309535560521856,0.01,0.1414159252537032,0.4167523311245197,46.297241059741815,0.01,0.14052472721858786,0.3338648621751471,9.363123833920103,0.01,0.08715669604231267,0.1408641759031865,13.395881630642773
5.72,26.86054553600007,26.089019492737727,0.7715260432623438,-0.35325735502654143,6.498275454689966,0.0621657383425949,0.40397009159436337,0.40397009159436337,0.40397009159436337,0.0,0.0,0,0.01,0.01,0.14694891459493903,0.2881466632979519,20.199294496996018,0.01,0.08089935361731292,0.1771479744338712,4.57094639083562,0.01,0.07588897843730079,0.1647757779148307,4.314236359630628,0.01,0.14149618939977301,0.4168394587341038,46.51259416054975,0.01,0.14060888482673067,0.3339519897847311,9.402143231527026,0.01,0.08720336986163146,0.14091147387897013,13.449019046203496
5.73,26.64028939362958,25.888504713568576,0.7517846800610055,-0.34643869137236033,6.3560569010301045,0.0619304616246759,0.3936335379935013,0.3936335379935013,0.3936335379935013,0.0,0.0,0,0.01,0.01,0.14686852456337576,0.2880620471992897,20.102096003438355,0.01,0.08081656331856488,0.17706335833520895,4.576961597913872,0.01,0.07580652759440007,0.16469116181616844,4.319311681070543,0.01,0.1415746004281913,0.4169245570266521,46.723199984066824,0.01,0.14069111827157754,0.33403708807727944,9.43986652482371,0.01,0.08724921655118655,0.1409579211037846,13.500232958525965
5.74,26.42374716681485,25.69193424328073,0.7318129235341209,-0.3394956536586073,6.210351130202139,0.06169962739562607,0.3831763507294772,0.3831763507294772,0.3831763507294772,0.0,0.0,0,0.01,0.01,0.14678969005451212,0.2879790871079021,20.00776636567807,0.01,0.08073537994917772,0.1769803982438214,4.583282953275197,0.01,0.07572568010796377,0.16460820172478088,4.324682271992359,0.01,0.14165114066088633,0.41700761027343697,46.92906202369306,0.01,0.14077140650099312,0.3341201413240643,9.47635498287619,0.01,0.08729421170505383,0.14100349481315042,13.549653705958402
5.75,26.2109375,25.49936087334415,0.7115766266558513,-0.33249238091134103,6.060852323945367,0.061473309453419715,0.37258065046137157,0.37258065046137157,0.37258065046137157,0.0,0.0,0,0.01,0.01,0.1467124366728144,0.2878978066750357,19.91619438511179,0.01,0.08065583017734235,0.17689911781095494,4.589818648354476,0.01,0.07564646207068752,0.16452692129191443,4.330261699832004,0.01,0.14172580615677768,0.4170886180502104,47.13023562375583,0.01,0.14084974251249824,0.33420114910083776,9.511687368921047,0.01,0.08733833882268534,0.14104818051036322,13.597443894701424
5.76,26.001877722074088,25.31080052638155,0.6910771956925368,-0.3254933696032243,5.907560605284967,0.0612515381026825,0.36184717350851825,0.36184717350851825,0.36184717350851825,0.0,0.0,0,0.01,0.01,0.14663677533719668,0.2878182138896195,19.827245753653802,0.01,0.08057792552896716,0.1768195250255388,4.596473485851075,0.01,0.07556888446868273,0.1644473285064983,4.335960414410189,0.01,0.141798606965471,0.41716759532557574,47.32682352811177,0.01,0.14092613374659985,0.3342801263762031,9.545956015270798,0.01,0.08738158969478596,0.14109197225279152,13.643790017173162
5.7700000000000005,25.79658382859261,25.126232914018196,0.6703509145744113,-0.3185604824746664,5.750781342797848,0.06103430076191993,0.3509949180923616,0.3509949180923616,0.3509949180923616,0.0,0.0,0,0.01,0.01,0.1465627023841248,0.2877403013524406,19.74076927408748,0.01,0.08050166247318824,0.1767416124883599,4.603153335368833,0.01,0.07549294328848784,0.1643694159693194,4.341689941600797,0.01,0.14186956673745169,0.4172445718406187,47.518969177389025,0.01,0.1410006018163718,0.33435710289124604,9.579262240532005,0.01,0.08742396440172458,0.14113487253721133,13.688892821830972
5.78,25.595070464000052,24.945603860404198,0.6494666035958536,-0.31175012713583306,5.591109547727017,0.060821544548884936,0.3400599184347747,0.3400599184347747,0.3400599184347747,0.0,0.0,0,0.01,0.01,0.14649020033986807,0.2876640472563667,19.656603819576386,0.01,0.08042702319972134,0.17666535839228598,4.609769521252487,0.01,0.07541862031314278,0.16429316187324547,4.347367008411718,0.01,0.14193872172444655,0.41731959082510595,47.706848092826306,0.01,0.14107318160262985,0.3344321218757333,9.611711321351645,0.01,0.08746547092997368,0.1411768917948475,13.732956880804766
5.79,25.397350903851894,24.7688291554862,0.6285217483656973,-0.30511073827722257,5.429400241332863,0.060613180692752185,0.3290932178811812,0.3290932178811812,0.3290932178811812,0.0,0.0,0,0.01,0.01,0.14641923931525108,0.2875894170150676,19.574585676653225,0.01,0.08035397704054682,0.17659072815098692,4.616242929180556,0.01,0.07534588455894037,0.1642185316319464,4.352917398741968,0.01,0.14200611923053258,0.41739270712547566,47.89065779541186,0.01,0.14114391977168209,0.334505238176103,9.643407264096117,0.01,0.08750612443015504,0.14121804752562656,13.776179869626198
5.8,25.203437037037023,24.595799730187434,0.6076373068495898,-0.2986806806649544,5.266726366131816,0.06040909053491733,0.31815814987429303,0.31815814987429303,0.31815814987429303,0.0,0.0,0,0.01,0.01,0.14634977894698592,0.2875163654521316,19.494555897601977,0.01,0.08028248245814854,0.1765176765880509,4.622507628489193,0.01,0.07527469427436438,0.16414548006901042,4.358279349251149,0.01,0.14207181559810553,0.41746398484559366,48.07060679473062,0.01,0.14121287279700226,0.334576515896221,9.674447642781994,0.01,0.08754594615699177,0.14125836311831785,13.818742114648261
5.8100000000000005,25.013339347999985,24.426387884903157,0.5869514630968243,-0.2924866678269636,5.104326421738311,0.06020913280629594,0.3073270674131273,0.3073270674131273,0.3073270674131273,0.0,0.0,0,0.01,0.01,0.14628177078446883,0.28744483943668026,19.416367290576996,0.01,0.08021248949644846,0.17644615057259955,4.628513829202845,0.01,0.07520499939685156,0.16407395405355904,4.363406315761336,0.01,0.14213587383209514,0.41753349462173256,48.246903235199305,0.01,0.14128010458643528,0.3346460256723599,9.704918774672404,0.01,0.08758496214606205,0.14129786641788136,13.860796970170087
5.82,24.827066898962926,24.260454256000713,0.5666126429622135,-0.2865427646819378,4.943544492136408,0.06001315181150893,0.29667768609353107,0.29667768609353107,0.29667768609353107,0.0,0.0,0,0.01,0.01,0.1462151610009934,0.2873747808317808,19.339890698894177,0.01,0.08014394256990982,0.1763760919677001,4.634230025846374,0.01,0.07513674434258003,0.1640038954486596,4.3682689721098,0.01,0.1421983609801135,0.41760131066762685,48.419743803303085,0.01,0.14134568383202079,0.3347138417182542,9.73489149251903,0.01,0.08762320169406204,0.14133658811275684,13.902462555701522
5.83,24.64462731214809,24.09785517442193,0.5467721377261575,-0.28085001278117827,4.785765672753114,0.059820986111922714,0.28628922184468053,0.28628922184468053,0.28628922184468053,0.0,0.0,0,0.01,0.01,0.14614989329455952,0.28730612960900476,19.265020263534044,0.01,0.08007678345194344,0.17630744074492405,4.639644222617047,0.01,0.07506987099040478,0.16393524422588354,4.372856343503342,0.01,0.1422593453950256,0.41766750773319894,48.58930347657995,0.01,0.14140968120968905,0.3347800387838263,9.764417741741745,0.01,0.08766069571779787,0.14137456002249651,13.943815313788331
5.84,24.466026751999976,23.93845005724238,0.5275766947575948,-0.27539668591155075,4.632350088429571,0.05963247728172521,0.27623851140927413,0.27623851140927413,0.27623851140927413,0.0,0.0,0,0.01,0.01,0.14608591183643163,0.2872388269769113,19.191677421869663,0.01,0.08001095431635324,0.17624013811283054,4.644764183823726,0.01,0.07500432171392143,0.16386794159379003,4.3771760230435595,0.01,0.14231889400941536,0.4177321581214193,48.75572663562034,0.01,0.14147216656058356,0.33484468917204663,9.793528183882527,0.01,0.08769747507197152,0.1414118133697403,13.984885744304568
5.8500000000000005,24.29126990740741,23.782108477447295,0.5091614299601168,-0.2701591531580523,4.484568712882146,0.05944747831451106,0.26659630130899614,0.26659630130899614,0.26659630130899614,0.0,0.0,0,0.01,0.01,0.14602316412554678,0.28717281837314973,19.119813466870845,0.01,0.07994640068533251,0.17617412950906902,4.649616706294661,0.01,0.07494004231566782,0.16380193299002851,4.3812534696468175,0.01,0.14237706974847927,0.4177953289018288,48.91911997011876,0.01,0.14153320618440984,0.3349078599524562,9.822230927613832,0.01,0.0877335689068114,0.141448377119973,14.025656540765166
5.86,24.120359973925893,23.62871657863868,0.4916433952872139,-0.2651032976868599,4.343544061231495,0.059265861281579825,0.25742387980337567,0.25742387980337567,0.25742387980337567,0.0,0.0,0,0.01,0.01,0.14596160361367227,0.2871080561790296,19.04941056995324,0.01,0.07988307414436656,0.17610936731494894,4.654245963101302,0.01,0.07487698472454124,0.16373717079590844,4.385130435080071,0.01,0.14243392919916165,0.41785707944693107,49.079547497116096,0.01,0.14159286036801833,0.3349696104975584,9.850511440648143,0.01,0.08776900314370371,0.14148427646790168,14.066063209317411
5.87,23.953298635999978,23.47818253845231,0.4751160975476691,-0.2601864138626379,4.210198542493693,0.05908752388566818,0.24877020694300145,0.24877020694300142,0.24877020694300145,0.0,0.0,0,0.01,0.01,0.1459011919794011,0.28704450203116616,18.98048125152624,0.01,0.07982093469784123,0.17604581316708545,4.658711016611872,0.01,0.07481510933114109,0.16367361664804495,4.388862613292605,0.01,0.1424895206392405,0.41791745939965486,49.23702788422444,0.01,0.14165118125965298,0.3350299904502822,9.8783336258496,0.01,0.08780379914037822,0.14151953154097344,14.10599710414715
5.88,23.79008604918516,23.33044083497588,0.45964521420927856,-0.2553594840077339,4.08521284785852,0.0589123946126224,0.24066967136959605,0.24066967136959605,0.24066967136959605,0.0,0.0,0,0.01,0.01,0.14584190094788282,0.2869821286262705,18.913066361962088,0.01,0.07975995265842682,0.17598343976218978,4.663082640523447,0.01,0.07475438685515062,0.16361124324314927,4.392516644113769,0.01,0.14254388251125683,0.41797650715736334,49.39153414228373,0.01,0.14170821118145216,0.33508903820799074,9.905641978512236,0.01,0.08783797260722633,0.14155415637901125,14.145310677020417
5.89,23.630720822370407,23.185455131677024,0.4452656906933822,-0.250569720022048,3.9689962370980965,0.058740436255350255,0.23314057046298575,0.23314057046298575,0.23314057046298575,0.0,0.0,0,0.01,0.01,0.14578371357659434,0.2869209209411377,18.84723170719806,0.01,0.07970010998736052,0.175922232077057,4.667439622524909,0.01,0.07469479966300074,0.1635500355580165,4.3961666331163425,0.01,0.14259704240355137,0.41803424893163055,49.54299563006835,0.01,0.14176398145066582,0.33514677998225795,9.932364684491153,0.01,0.08787153282349819,0.14158815823481613,14.183824623662762
5.9,23.475199999999944,23.043219665114037,0.43198033488590787,-0.24576324479191966,3.861669996382883,0.058571647665560486,0.22618437442880446,0.22618437442880446,0.22618437442880446,0.0,0.0,0,0.01,0.01,0.1457266249542381,0.28686087681905587,18.783063514574934,0.01,0.07964140103033335,0.17586218795497519,4.6718647402808955,0.01,0.07463634248165447,0.16348999143593468,4.399890368838771,0.01,0.14264901657538254,0.41809069841454977,49.69130220446635,0.01,0.14181851175470858,0.3352032294651771,9.958417474273686,0.01,0.08790448218708154,0.14162153722458423,14.221336522146023
5.91,23.32351904429629,22.90375909260618,0.419759951690111,-0.2408877841102086,3.763064704584507,0.05840606367527515,0.2197857967501432,0.2197857967501432,0.2197857967501432,0.0,0.0,0,0.01,0.01,0.14567064228866505,0.2868020069047696,18.720662983286832,0.01,0.07958383262341664,0.1758033180406889,4.676440612874721,0.01,0.0745790224840289,0.1634311215216484,4.403765427168198,0.01,0.14269981003642335,0.4181458570530975,49.83631025811371,0.01,0.14187181009787875,0.3352583881037248,9.983708018260758,0.01,0.0879368161150703,0.141654286339935,14.257630503266721
5.92,23.1756718174815,22.76712683059705,0.4085449868844521,-0.23589524170972112,3.6727312903365386,0.058243753217764246,0.2139136549095222,0.2139136549095222,0.2139136549095222,0.0,0.0,0,0.01,0.01,0.14561578438914677,0.286744333941299,18.66014019877696,0.01,0.07952742357387362,0.1757456450772183,4.681245628365625,0.01,0.07452285875187654,0.1633734485581778,4.407865350975682,0.01,0.14274941716425468,0.4181997149044654,49.977850313983566,0.01,0.1419238733097674,0.3353122459550928,10.008140633655868,0.01,0.08796852329521827,0.14168639181602674,14.292487466977812
5.93,23.031650563999957,22.6334019852399,0.3982485787600557,-0.23074403772410346,3.58996521699796,0.058084815762337885,0.20852246822252785,0.20852246822252785,0.20852246822252785,0.0,0.0,0,0.01,0.01,0.14556208057696512,0.28668789147189244,18.601607711164277,0.01,0.07947220355034272,0.17568920260781176,4.686350136866534,0.01,0.07446788115143575,0.16331700608877125,4.4122560823434895,0.01,0.14279782281815795,0.4182522520186478,50.1157357933744,0.01,0.14197468807853633,0.3353647830692752,10.031621072159972,0.01,0.08799958627148734,0.14171783383346684,14.325695360550549
5.94,22.8914458927407,22.502685041565808,0.3887608511748908,-0.2254011039479578,3.5138425240055575,0.05792937625550899,0.2035547056757253,0.2035547056757253,0.2035547056757253,0.0,0.0,0,0.01,0.01,0.14550956908481893,0.2866327220178156,18.54517408456506,0.01,0.07941821144436689,0.17563403315373488,4.6918130790941195,0.01,0.07441412868445653,0.16326183663469435,4.416992806340358,0.01,0.14284500388482682,0.41830344027114386,50.24977253867518,0.01,0.14202423244778292,0.33541597132177126,10.05406116768691,0.01,0.0880299823310794,0.14174858751626274,14.357059057361225
5.95,22.755046759259272,22.375092533599737,0.3799542256595353,-0.21984344698710115,3.443265906446034,0.05777757882895311,0.19894356733873242,0.19894356733873242,0.19894356733873242,0.0,0.0,0,0.01,0.01,0.14545829502876784,0.28657887482633904,18.490937717815143,0.01,0.07936549328931922,0.17558018596225833,4.697679194797105,0.01,0.07436164740107357,0.1632079894432178,4.422117341215663,0.01,0.14289093117266485,0.4183532455494353,50.37976865374499,0.01,0.14207247769489645,0.3354657766000627,10.075383141828732,0.01,0.08805968464634213,0.1417786241745782,14.386409413525845
5.96,22.62244044800001,22.250750962540998,0.3716894854590101,-0.21405921191462854,3.377018553240426,0.05762957958947398,0.19461615948909938,0.19461615948909938,0.19461615948909938,0.0,0.0,0,0.01,0.01,0.14540830805531837,0.28652640330215196,18.438981218642542,0.01,0.07931409984237676,0.17552771443807125,4.703976925333704,0.01,0.07431048798037465,0.1631555179190307,4.427656181589674,0.01,0.14293557155696548,0.41840163018270793,50.5055442208348,0.01,0.1421193904926529,0.33551416123333533,10.095523389019538,0.01,0.08808866361342156,0.141807912730159,14.41361112859161
5.97,22.49361255451852,22.129790261730225,0.363822292788297,-0.20804820338408703,3.3138231086492276,0.057485538845484116,0.1904969070393181,0.1904969070393181,0.1904969070393181,0.0,0.0,0,0.01,0.01,0.14535965978000798,0.28647536224870107,18.389366583779683,0.01,0.07926408394947443,0.17547667338462034,4.7107170918133106,0.01,0.07426070309857123,0.16310447686557983,4.433619270410088,0.01,0.14297889026904495,0.41844855549562937,50.626940463381025,0.01,0.14216493524498924,0.3355610865462567,10.11443559113898,0.01,0.08811688832101512,0.1418364212544346,14.438569092045071
5.98,22.368546967703693,22.012337124290948,0.35620984341274786,-0.2018218471938407,3.2524028889528407,0.057345613146662325,0.18651103786697654,0.18651103786697654,0.18651103786697654,0.0,0.0,0,0.01,0.01,0.14531240114189606,0.2864258050530919,18.342131398269434,0.01,0.07921549782155224,0.17542711618901116,4.717892395678518,0.01,0.07421234471284796,0.16305491966997065,4.439999543010815,0.01,0.143020853218588,0.4184939843641129,50.74382794798949,0.01,0.1422090764827975,0.3356065154147403,10.132093041235105,0.01,0.08814432807741747,0.14186411854482808,14.461232957635358
5.99,22.247225851999968,21.89850851142143,0.34871734057854115,-0.19540260187132064,3.191542388685813,0.057209947517571184,0.18258797255681913,0.18258797255681913,0.18258797255681913,0.0,0.0,0,0.01,0.01,0.14526657980044433,0.2863777809489338,18.29728621967963,0.01,0.07916839035258902,0.17537909208485308,4.725477753635546,0.01,0.07416546139095509,0.16300689556581258,4.4467732538765725,0.01,0.14306142924003312,0.4185378836538535,50.856113457221376,0.01,0.14225178120618723,0.33565041470448087,10.148490087473562,0.01,0.08817095392243154,0.14189097566388842,14.481599751748439
6.0,22.129629629629623,21.78840564636301,0.341223983266612,-0.18882285574411933,3.130144155681643,0.05707866825202662,0.17866445984317247,0.17866445984317247,0.17866445984317247,0.0,0.0,0,0.01,0.01,0.14522223769734688,0.28633133248588577,18.254813258187014,0.01,0.07912280460588793,0.17533264362180503,4.733431443979018,0.01,0.07412009581241302,0.16296044710276453,4.45390106401148,0.01,0.1431005921604651,0.418580226430712,50.96374521744701,0.01,0.14229302106567845,0.33569275748133937,10.163642641293908,0.01,0.08819674005264974,0.14191696736853812,14.49971439219317
6.01,22.015736962814838,21.682108771816853,0.3336281909979853,-0.1821233689939513,3.0672793019140094,0.056951876603677426,0.1746873123116205,0.1746873123116205,0.1746873123116205,0.0,0.0,0,0.01,0.01,0.1451794088962147,0.28628649332299855,18.214666403954432,0.01,0.07907877558512008,0.17528780445891787,4.741697007584339,0.01,0.0740762825571028,0.16291560793987736,4.461329835141154,0.01,0.14313832259766396,0.4186209938452169,51.06671623367607,0.01,0.1423327742856303,0.33573352489584424,10.177587728225692,0.01,0.08822166509392772,0.14194207336284265,14.51566806972712
6.0200000000000005,21.90552473599997,21.57967290841564,0.32585182758432796,-0.1753513412223196,3.002229240903321,0.0568296436611505,0.1706156179496221,0.1706156179496221,0.1706156179496221,0.0,0.0,0,0.01,0.01,0.14513811779815655,0.28624328644584807,18.17677259042386,0.01,0.0790363283912964,0.17524459758176733,4.750205814682717,0.01,0.07403404628157464,0.16287240106272682,4.468995046853824,0.01,0.14317460941195798,0.41866017661081345,51.16506556474687,0.01,0.14237102724811304,0.33577270766144085,10.190382096339771,0.01,0.08824571316325537,0.14196627931695951,14.529594527779894
6.03,21.7989680380741,21.481124800787917,0.31784323728618274,-0.1685582020869717,2.934516687878548,0.05671200663559922,0.16642232987524486,0.16642232987524486,0.16642232987524486,0.0,0.0,0,0.01,0.01,0.14509837781198803,0.2862017228857816,18.14103441886377,0.01,0.07899547684691792,0.17520303402170093,4.758880179198676,0.01,0.07399340036341974,0.16283083750266042,4.476823725294958,0.01,0.1432094507535037,0.418697776016117,51.25887746605363,0.01,0.1424077756734815,0.3358103070667444,10.202099935428924,0.01,0.08826887467321012,0.141989577606867,14.541664366807904
6.04,21.696040144592637,21.386461178313297,0.309578966279338,-0.16179723476548302,2.863924504200284,0.0565989667175642,0.16209516769484844,0.16209516769484844,0.16209516769484844,0.0,0.0,0,0.01,0.01,0.145060190535006,0.28616180099443095,18.10733390865771,0.01,0.07895622264505864,0.17516311213035024,4.7676368767487425,0.01,0.07395434607052213,0.16279091561130973,4.484737747984153,0.01,0.14324285466663625,0.41873380443431685,51.34827842959289,0.01,0.14244302535412884,0.33584633548494425,10.212829799289798,0.01,0.08829114684518621,0.14201196774348157,14.55207759325439
6.05,21.59671249999997,21.29564839280046,0.3010641071995106,-0.15512114876336489,2.7905015846463876,0.056490488582264846,0.15763679790625873,0.15763679790625873,0.15763679790625873,0.0,0.0,0,0.01,0.01,0.14502354547510954,0.28612350629923355,18.075537182323522,0.01,0.0789185550552234,0.17512481743515287,4.776390902088021,0.01,0.07391687228610357,0.16275262091611237,4.492657370381159,0.01,0.1432748392340538,0.41876828531695254,51.43343225788167,0.01,0.142476792419299,0.3358808163675799,10.222670862307462,0.01,0.08831253391196477,0.1420334564751895,14.561054728927546
6.0600000000000005,21.500954699851835,21.208623428239786,0.29233127161204875,-0.14857971957354424,2.714555641868039,0.05638650154167784,0.15306429588516246,0.15306429588516246,0.15306429588516246,0.0,0.0,0,0.01,0.01,0.14498842031876147,0.28608681193740726,18.04549984746405,0.01,0.07888245119076756,0.17508812307332652,4.785059287879611,0.01,0.07388095579346422,0.16271592655428602,4.500504806901418,0.01,0.14330543226487383,0.41880125268343343,51.51453341281071,0.01,0.14250910313045556,0.3359137837340608,10.231728677812798,0.01,0.08833304700522802,0.142054057563828,14.568826884011004
6.07,21.408734473037114,21.125296211808035,0.28343826122908156,-0.14221760787664325,2.6366334008979955,0.056286902262071205,0.14840792653725787,0.14840792653725787,0.14840792653725787,0.0,0.0,0,0.01,0.01,0.1449547817231347,0.2860516796380335,18.017072802651068,0.01,0.07884787681577315,0.17505299077395284,4.793564800966029,0.01,0.07384656209751529,0.16268079425491233,4.508207693907488,0.01,0.14333467055113297,0.41883275014081855,51.591798976132004,0.01,0.14253999322765185,0.33594528119144595,10.240110636644971,0.01,0.08835270373859837,0.14207379124998704,14.575625272456326
6.08,21.320017663999984,21.045553093684223,0.2744645703157598,-0.13607246062009207,2.557489341791202,0.05619155889103124,0.14370931296244505,0.14370931296244505,0.14370931296244505,0.0,0.0,0,0.01,0.01,0.14492258658604756,0.2860180611959972,17.99010817329748,0.01,0.07881478764384538,0.1750193723319165,4.8018393355559725,0.01,0.07381364673489091,0.162647175812876,4.515702265436431,0.01,0.14336259873626475,0.41886282948949016,51.66545963764742,0.01,0.14256950686681633,0.33597536054011756,10.247921347145732,0.01,0.08837152751100986,0.14209268343833506,14.58167070001255
6.09,21.234768214962966,20.969261308982684,0.2655069059802786,-0.13017338100309125,2.4780446862726673,0.05610031637212769,0.13901909088416653,0.13901909088416653,0.13901909088416653,0.0,0.0,0,0.01,0.01,0.14489178372513425,0.28598590035874577,17.964465078134843,0.01,0.07878313105852729,0.17498721149466503,4.809826835782501,0.01,0.07378215700181573,0.16261501497562453,4.5229360848810485,0.01,0.14338926785574505,0.418891548988516,51.735750183634046,0.01,0.14259769520515023,0.33600408003914334,10.255258169455214,0.01,0.08838954656804576,0.14211076464679748,14.58716357866639
6.1000000000000005,21.15294814814808,20.896274190819643,0.2566739573284383,-0.12453983496991945,2.39933878520203,0.05601300267141057,0.1343941697851403,0.1343941697851403,0.1343941697851403,0.0,0.0,0,0.01,0.01,0.14486231587917683,0.2859551350282756,17.94001493837682,0.01,0.07875284816600234,0.17495644616419487,4.817485602686196,0.01,0.07375203401006065,0.16258424964515436,4.529870197245921,0.01,0.143414733623797,0.4189189713689226,51.80289998668458,0.01,0.1426246147063232,0.33603150241954993,10.262207135454615,0.01,0.08840679286972815,0.14212806877417022,14.592275009264718
6.11,21.074517547999953,20.826436871258004,0.2480806767419505,-0.11918103934064482,2.322475404895209,0.0559294356004358,0.12989473859168266,0.12989473859168266,0.12989473859168266,0.0,0.0,0,0.01,0.01,0.1448341219304958,0.2859256996672601,17.916646068691676,0.01,0.07872387607632886,0.1749270108031794,4.824789872089376,0.01,0.07372321496709772,0.1625548142841389,4.536480596232165,0.01,0.1434390545502702,0.41894516169317775,51.8671239958728,0.01,0.14265032524834353,0.33605769274380515,10.268839469530626,0.01,0.08842330082166001,0.14214463174863973,14.597139424884963
6.12,20.999434543407382,20.759592188016008,0.2398423553913726,-0.11409585240401107,2.248566616538136,0.05584942989720175,0.12558116361953475,0.12558116361953475,0.12558116361953475,0.0,0.0,0,0.01,0.01,0.14480713923838257,0.28589752779039557,17.894267330541595,0.01,0.07869615030026698,0.17489883892631486,4.831730588208312,0.01,0.0736956355675956,0.16252664240727435,4.542758936530368,0.01,0.14346228997815963,0.41897018516450457,51.928614692598025,0.01,0.1426748881244653,0.33608271621513197,10.275208894953913,0.01,0.08843910593203308,0.14216049012435913,14.601849203191644
6.13,20.92765528992592,20.695586510057545,0.2320687798683738,-0.10927316295569701,2.178677057624687,0.055772804220075425,0.12151092899367166,0.12151092899367166,0.12151092899367166,0.0,0.0,0,0.01,0.01,0.14478130597011293,0.28587055442012976,17.872810681499725,0.01,0.07866960714517623,0.17487186555604906,4.8383153409563375,0.01,0.07366923238002825,0.16249966903700855,4.548712462185694,0.01,0.14348449813443764,0.4189941049900291,51.987535415665235,0.01,0.14269836403099093,0.3361066360406565,10.281349867300314,0.01,0.0884542434596002,0.14217567969452807,14.606451541664784
6.140000000000001,20.859133952000004,20.634275204440584,0.22485874755942045,-0.104692749670069,2.1137712589519917,0.05569938772043525,0.11773576490467952,0.11773576490467952,0.11773576490467952,0.0,0.0,0,0.01,0.01,0.14475656331818704,0.2858447183899247,17.852232514919077,0.01,0.07864418599556146,0.174846029525844,4.844567479850425,0.01,0.07364394511446781,0.1624738330068035,4.554363164014107,0.01,0.14350573428485408,0.4190169803972529,52.044015373550785,0.01,0.1427208111351646,0.3361295114478803,10.287276823182017,0.01,0.08846874711718136,0.14219023418734497,14.610947753535669
6.15,20.793822685185095,20.57552748931123,0.21829519587386234,-0.10032656054683498,2.0546665244852362,0.05562902588641773,0.11429909727854515,0.11429909727854515,0.11429909727854515,0.0,0.0,0,0.01,0.01,0.14473285749988807,0.2858199643877533,17.832513749187445,0.01,0.07861983137142362,0.17482127552367263,4.850524461000943,0.01,0.07361971866538586,0.16244907900463212,4.559746219804009,0.01,0.1435260490771844,0.41903886489422726,52.09814656045768,0.01,0.1427422833115187,0.3361513959448546,10.292984473659907,0.01,0.08848264789167179,0.14220418410595195,14.6152949980962
6.16,20.731671618370378,20.51923045227285,0.21244116609752667,-0.09614034302278365,2.0019935297439173,0.0555615853911217,0.1112339344553398,0.1112339344553398,0.1112339344553398,0.0,0.0,0,0.01,0.01,0.14471014144757374,0.2857962446470532,17.81365869047245,0.01,0.07859649467015142,0.1747975557829725,4.856235523302976,0.01,0.07359650483600232,0.16242535926393198,4.5649078080268435,0.01,0.14354548714734947,0.4190598048505846,52.14998268281537,0.01,0.1427628286261818,0.3361723359012119,10.298449111601848,0.01,0.08849597303505126,0.14221755576537737,14.619410315405725
6.17,20.672628835999944,20.465292057570643,0.20733677842930212,-0.09209554002989269,1.9561663874848867,0.055496957731524826,0.10856128332207837,0.10856128332207837,0.10856128332207837,0.0,0.0,0,0.01,0.01,0.14468837611460766,0.28577352021101743,17.795692753614674,0.01,0.07857413551456428,0.17477483134693672,4.861758822733007,0.01,0.07357426366768824,0.16240263482789621,4.569902416310218,0.01,0.14356408604935564,0.41907983845996843,52.199540093649055,0.01,0.1427824881361325,0.33619236951059583,10.303630845903289,0.01,0.0885087452718838,0.1422303705690141,14.623176708022179
6.18,20.61664036029624,20.413643017231106,0.20299734306513617,-0.0881513564265017,1.917363440941549,0.055435061506345557,0.10628916027861313,0.10628916027861313,0.10628916027861313,0.0,0.0,0,0.01,0.01,0.14466753134161084,0.28575176171790323,17.77865917952326,0.01,0.07855272264997336,0.17475307285382255,4.867158178214951,0.01,0.0735529643182266,0.16238087633478204,4.574789788684988,0.01,0.1435818755537573,0.41909899512524107,52.24680062974895,0.01,0.14280129505473063,0.33621152617586847,10.308476626819276,0.01,0.08852098225770566,0.1422426445548757,14.62645090628282
6.19,20.563650133481435,20.364237457824398,0.19941267565703752,-0.08426689419192585,1.8855195097152067,0.05537584324893897,0.10441223281280554,0.10441223281280554,0.10441223281280554,0.0,0.0,0,0.01,0.01,0.14464758624973706,0.28573094967885715,17.762614931686674,0.01,0.07853223435572156,0.17473226081477644,4.872499597494231,0.01,0.0735325854553188,0.16236006429573593,4.579631669475039,0.01,0.14359887734113608,0.41911729528711583,52.29171615752608,0.01,0.14281927431681554,0.3362298263377432,10.31292388898871,0.01,0.08853269631009338,0.1422543882284207,14.629072378113895
6.2,20.5135999999999,20.317052373078354,0.19654762692154853,-0.08040325367891366,1.8603297575957745,0.055319276801696744,0.10291209680287405,0.10291209680287405,0.10291209680287405,0.0,0.0,0,0.01,0.01,0.1446285291508406,0.28571107424441244,17.747625987622037,0.01,0.07851265836045276,0.17471238538033174,4.87784775684951,0.01,0.07351311515545458,0.16234018886129123,4.5844885065207865,0.01,0.14361510509784586,0.4191347506955847,52.334214560611485,0.01,0.14283644255712843,0.33624728174621205,10.31690461367393,0.01,0.08854389442071885,0.14226560668476124,14.63087309909307
6.21,20.466429688740817,20.272085910365515,0.19434377837530062,-0.07652550195325841,1.8412648000659366,0.055265361287963874,0.10175816440245455,0.10175816440245455,0.10175816440245455,0.0,0.0,0,0.01,0.01,0.1446103569875774,0.2856921344801385,17.733762262694974,0.01,0.07849399127418502,0.1746934456160578,4.88326260471552,0.01,0.07349455032198508,0.16232124909701728,4.589416272763973,0.01,0.14363056500197513,0.41915136510271545,52.374206847536556,0.01,0.1428528084958031,0.3362638961533428,10.320349599741235,0.01,0.0885545785430197,0.1422763000092717,14.631687584864753
6.22,20.422076795259265,20.229354593431722,0.19272220182754313,-0.07260441750271905,1.8275961461085497,0.05521411780298006,0.10090910890750981,0.10090910890750981,0.10090910890750981,0.0,0.0,0,0.01,0.01,0.1445930743385607,0.28567413719477275,17.721092413427048,0.01,0.07847623757298368,0.17467544833069207,4.888796247371978,0.01,0.07347689565881993,0.16230325181165156,4.594463553976992,0.01,0.14364525656912044,0.419167135336068,52.41159502129073,0.01,0.14286837370523628,0.3362796663866953,10.323192733096839,0.01,0.08856474613692703,0.14228646393259703,14.631362699861535
6.23,20.38047676400005,20.188889632188822,0.191587131811229,-0.06861793287641497,1.8184305963535605,0.05516558500385297,0.10031478763674939,0.10031478763674939,0.10031478763674939,0.0,0.0,0,0.01,0.01,0.14457669204366017,0.2856570953845278,17.709678766010565,0.01,0.07845940819259849,0.1746584065204471,4.8944902562957715,0.01,0.07346016225657341,0.16228621000140658,4.599669032948873,0.01,0.14365917381106313,0.41918205269500153,52.44628033289861,0.01,0.14288313371481975,0.3362945837456289,10.325375054811525,0.01,0.08857439094004542,0.14229609070443025,14.629766790365812
6.24,20.34156287051851,20.150732510834448,0.19083035968406306,-0.06455221247781501,1.8127518171637245,0.055119813827517426,0.0999185426775584,0.0999185426775584,0.0999185426775584,0.0,0.0,0,0.01,0.01,0.14456122552149872,0.2856410263742352,17.699572603633992,0.01,0.07844351880491471,0.1746423375101545,4.900373512913742,0.01,0.07344436586528923,0.16227014099111398,4.6050594781118885,0.01,0.14367230664659789,0.4191961045982613,52.47817153688104,0.01,0.14289707939471474,0.3363086356488887,10.326848446893319,0.01,0.08858350392435586,0.14230517014068989,14.626797739772726
6.25,20.30526620370372,20.114930076269793,0.19033612743392947,-0.060402321016865476,1.8094669953236076,0.05507686160294069,0.09965976327652726,0.09965976327652726,0.09965976327652726,0.0,0.0,0,0.01,0.01,0.1445466928644302,0.2856259497488536,17.690810024970038,0.01,0.07842858786471624,0.1746272608847729,4.906460678994485,0.01,0.07342952494133505,0.1622550643657324,4.6106483188565575,0.01,0.14368464249320428,0.41920927640101974,52.50719277586211,0.01,0.1429101985478248,0.3363218074516471,10.327578779262033,0.01,0.08859207438938486,0.14231369079129466,14.622389604825623
6.26,20.271515647999916,20.081529368507816,0.189986279492101,-0.05617245817107901,1.8074562638403284,0.05503678584796345,0.09947658332254028,0.09947658332254028,0.09947658332254028,0.0,0.0,0,0.01,0.01,0.14453311280523257,0.28561188517710057,17.683408556259266,0.01,0.07841463452350245,0.17461319631301983,4.912751351019214,0.01,0.07341565856511986,0.16224099979397932,4.616434861747215,0.01,0.14369616796140883,0.4192215532933905,52.53329074368769,0.01,0.14292247763091276,0.3363340843440179,10.327548390018528,0.01,0.08860009113720237,0.14232164117090518,14.616517559306256
6.2700000000000005,20.24023786562962,20.050572442755776,0.18966542287384355,-0.05187575589062904,1.805622486054435,0.054999638051186836,0.09930858319007807,0.09930858319007807,0.09930858319007807,0.0,0.0,0,0.01,0.01,0.14452050265408758,0.2855988502322621,17.677364662708293,0.01,0.07840167651159254,0.1746001613681814,4.919229925687026,0.01,0.0734027843306067,0.16222796484914093,4.622404172787366,0.01,0.14370687057076692,0.41923292219051134,52.55644081014411,0.01,0.14293390352169955,0.33634545324113874,10.326757802060014,0.01,0.08860754367179886,0.14232901099298745,14.609200944888814
6.28,20.21135727881477,20.02209142890933,0.1892658499054383,-0.04753365555416071,1.8029389976327599,0.054965457734940194,0.0990993672730589,0.0990993672730589,0.0990993672730589,0.0,0.0,0,0.01,0.01,0.14450887630402162,0.2855868583135127,17.672652262384307,0.01,0.07838972808936755,0.174588169449432,4.925866172467113,0.01,0.07339091630705748,0.1622159729303915,4.628527621532988,0.01,0.14371674040740434,0.41924337352659585,52.576651835289724,0.01,0.1429444652488251,0.3363559045772232,10.325226611654356,0.01,0.08861442336540555,0.1423357923483873,14.600504305423332
6.29,20.18479605200003,19.996104058650737,0.18869199334929543,-0.04317490188808012,1.7984930343107957,0.05493426707696667,0.09879889668289343,0.09879889668289343,0.09879889668289343,0.0,0.0,0,0.01,0.01,0.14449824239794956,0.2855759167644807,17.6692222987972,0.01,0.07837879816334636,0.1745772279004,4.93261647832472,0.01,0.07338006316816197,0.1622050313813595,4.634764054153467,0.01,0.14372577164779507,0.4192529028716724,52.593969457509374,0.01,0.14295415560556085,0.33636543392229973,10.32299351810032,0.01,0.08862072453709664,0.14234198077323704,14.590536361380547
6.3,20.16047407407406,19.9726098640735,0.18786421000055925,-0.03883420828969772,1.7915228115447426,0.05490606633706147,0.09836547033503451,0.09836547033503451,0.09836547033503451,0.0,0.0,0,0.01,0.01,0.14448860274110967,0.28556602527470765,17.667003379039116,0.01,0.07836888865319137,0.17456733641062694,4.939425700620241,0.01,0.07337022657399905,0.16219513989158643,4.641061535150558,0.01,0.14373396388155535,0.41926151229967573,52.608477705408205,0.01,0.14296297257576368,0.3363740433503031,10.32011549786319,0.01,0.08862644539433846,0.14234757615723048,14.57944696456614
6.3100000000000005,20.138308940592626,19.951587216132843,0.18672172445978277,-0.034550663113918474,1.7814465594694533,0.054880830292131824,0.09776726630474519,0.09776726630474519,0.09776726630474519,0.0,0.0,0,0.01,0.01,0.14447995102949954,0.28555717463464236,17.665903434193464,0.01,0.07835999318221604,0.17455848577056166,4.946229537385027,0.01,0.07336139987768096,0.16218628925152115,4.647359572474194,0.01,0.143741323176993,0.41926921144960994,52.620298858928486,0.01,0.14297092051121532,0.33638174250023734,10.316666161437764,0.01,0.08863158879570272,0.14235258345178844,14.56742215966227
6.32,20.118215935999935,19.932991328059774,0.18522460794016188,-0.03036595788411929,1.767882235556563,0.05485850583119384,0.09698337792814371,0.09698337792814371,0.09698337792814371,0.0,0.0,0,0.01,0.01,0.14447227194861004,0.2855493458966527,17.66581231006497,0.01,0.07835209614722587,0.17455065703257197,4.95295730071576,0.01,0.073353567211747,0.16217846051353146,4.6535917187376015,0.01,0.14374786284636693,0.4192760182369863,52.629591567030594,0.01,0.142978011012568,0.33638854928761364,10.31273336585433,0.01,0.08863616280232643,0.14235701314795535,14.554677566126834
6.33,20.100108015851852,19.916753300349015,0.18335471550283894,-0.026322525727070698,1.7506571167338831,0.05483901080330997,0.0960043045374609,0.0960043045374609,0.0960043045374609,0.0,0.0,0,0.01,0.01,0.14446554067811374,0.28554250997414293,17.66660515156822,0.01,0.07834517220440751,0.17454382111006225,4.959534960089912,0.01,0.07334670299024765,0.16217162459102175,4.659688423561863,0.01,0.1437536038826113,0.41928195918991645,52.63654731458758,0.01,0.1429842634809081,0.3363944902405438,10.308416189593176,0.01,0.08864018099638143,0.1423608815054898,14.541450377852325
6.34,20.083895789036905,19.90278023246693,0.1811155565699729,-0.02246168126023167,1.729806986769269,0.05482223414934758,0.09483188366184225,0.09483188366184225,0.09483188366184225,0.0,0.0,0,0.01,0.01,0.14445972281813102,0.28553662768924803,17.668146405447697,0.01,0.07833918618744205,0.17453793882516735,4.965888308902411,0.01,0.07334077184194254,0.16216574230612685,4.665579999483445,0.01,0.14375857505496323,0.419287069402291,52.64138541606696,0.01,0.14298970532273653,0.3363996004529184,10.303821408116807,0.01,0.08864366255628195,0.14236421052697232,14.527990355731449
6.3500000000000005,20.069487500000047,19.890956374588356,0.17853112541169228,-0.018821851555515468,1.7055651561513334,0.05480803728582629,0.09347867867174842,0.09347867867174842,0.09347867867174842,0.0,0.0,0,0.01,0.01,0.1444547747322398,0.28553165025781074,17.670294236066837,0.01,0.07833409345305847,0.17453296139373004,4.971946100708298,0.01,0.0733357289691334,0.16216076487468956,4.671199557558317,0.01,0.14376281266679825,0.41929139211454836,52.64434679210306,0.01,0.14299437180723557,0.33640392316517576,10.299059635517356,0.01,0.08864663209005219,0.14236702768319637,14.514550251077567
6.36,20.056789010962905,19.88114524302729,0.17564376793561498,-0.015436981781368656,1.6783420521117423,0.05479625664914026,0.09196686183255975,0.09196686183255975,0.09196686183255975,0.0,0.0,0,0.01,0.01,0.14445064428252186,0.2855275201795093,17.672905129328353,0.01,0.07832984062888632,0.17452883131542857,4.977643002164811,0.01,0.07333152090638184,0.16215663479638806,4.676485769369613,0.01,0.1437663599943422,0.41929497794981707,52.64568685266365,0.01,0.14299830559037083,0.3364075090004444,10.294241318720024,0.01,0.0886491192396509,0.1423693654080495,14.501376142862217
6.37,20.04570378414808,19.873192578007135,0.17251120614094803,-0.012335189038675226,1.6486965696536948,0.054786707254057695,0.09032665631238612,0.09032665631238612,0.09032665631238612,0.0,0.0,0,0.01,0.01,0.14444727191359716,0.2855241724821043,17.675838452179192,0.01,0.07832636671968148,0.1745254836180236,4.98292221814251,0.01,0.07332808663469385,0.16215328709898308,4.681385320250874,0.01,0.14376926643915386,0.4192978838488959,52.64566786107686,0.01,0.14300155593504477,0.3364104148995232,10.289472783204287,0.01,0.08865115807958711,0.1423712603918997,14.48869818994874
6.38,20.03613286399999,19.866929984186946,0.16920287981304022,-0.009537724327469334,1.6173007565398725,0.05477918707424397,0.08859442069781398,0.08859442069781398,0.08859442069781398,0.0,0.0,0,0.01,0.01,0.14444459202666826,0.2855215362527237,17.678960739998836,0.01,0.0783236045116802,0.174522847388643,4.98773766086205,0.01,0.07332535899057495,0.16215065086960245,4.685854933939478,0.01,0.14377158643978016,0.41930017176091383,52.64455118276069,0.01,0.14300417766961396,0.33641270281154123,10.284852531305287,0.01,0.08865278634240353,0.14237275271168626,14.476722288706869
6.390000000000001,20.027974859407376,19.862179064704492,0.1657957947028838,-0.00705828627420351,1.584899697980974,0.05477348201679007,0.08681047510577689,0.08681047510577689,0.08681047510577689,0.0,0.0,0,0.01,0.01,0.1444425345718179,0.28551953637664484,17.682149501499485,0.01,0.07832148220173425,0.17452084751256414,4.99205555853021,0.01,0.07332326629641642,0.16214865099352363,4.689862871215596,0.01,0.14377337819826455,0.4193019071569846,52.64258982757879,0.01,0.14300622993812084,0.33641443820761197,10.28046798468773,0.01,0.08865404451114102,0.14237388484302405,14.465623083916427
6.4,20.02112592592601,19.858755839719485,0.16237008620652443,-0.0049027121120026615,1.5522686568856192,0.05476937123893174,0.08501677833152643,0.08501677833152643,0.08501677833152643,0.0,0.0,0,0.01,0.01,0.14444102677775195,0.2855180953957209,17.68529635954964,0.01,0.07831992516858051,0.17451940653164014,4.99585542880756,0.01,0.07332173412954526,0.16214721001259963,4.693389833059386,0.01,0.1437747022848227,0.4193031574412778,52.64002167483404,0.01,0.14300777480415475,0.3364156884919052,10.276392841071461,0.01,0.08865497482442679,0.14237470060435156,14.455538706625072
6.41,20.015479747999958,19.856475231306874,0.1590045166930849,-0.003069052424356734,1.520169606701112,0.0547666325442248,0.08325457025509853,0.08325457025509853,0.08325457025509853,0.0,0.0,0,0.01,0.01,0.1444399949332338,0.2855171353947432,17.68830938447197,0.01,0.0783188577984853,0.17451844653066254,4.999130376548063,0.01,0.07332068714232948,0.16214625001162203,4.696429230907457,0.01,0.14377562018866735,0.4193039903373815,52.63706372558865,0.01,0.14300887577601723,0.3364165213880089,10.27268518249693,0.01,0.08865562024311559,0.1423752440853225,14.446567513141106
6.42,20.01092752118515,19.855155398255114,0.15577212293003415,-0.0015480173383302812,1.4893092659717198,0.0547650475976172,0.08156209283851357,0.08156209283851357,0.08156209283851357,0.0,0.0,0,0.01,0.01,0.14443936613377717,0.2855165798247332,17.691114521649116,0.01,0.0783182052767426,0.17451789096065254,5.001886711608772,0.01,0.07332005084513502,0.16214569444161203,4.698986820631754,0.01,0.1437761928844611,0.41930447232750034,52.63390766180197,0.01,0.1430095963235763,0.33641700337812774,10.26938643022308,0.01,0.08865602342834328,0.14237555861119602,14.43876697927187
6.43,20.00735793437038,19.854621716499587,0.1527362178707895,-0.0003237641465223401,1.4603006124909825,0.05476440671365824,0.0799724966666604,0.0799724966666604,0.0799724966666604,0.0,0.0,0,0.01,0.01,0.14443906991069025,0.285516355177252,17.69365606455805,0.01,0.0783178952600406,0.17451766631317128,5.004142918783821,0.01,0.07331975326761561,0.16214546979413078,4.7010797307700924,0.01,0.14377647948213446,0.41930466721801113,52.63071691133819,0.01,0.14300999845672135,0.3364171982686385,10.266521192587279,0.01,0.0886562257794045,0.14237568579202972,14.432154774368426
6.44,20.004657152000043,19.854710210609014,0.1499469413910289,0.000624829026436864,1.4336297474261603,0.05476451298391909,0.07851203491705261,0.07851203491705261,0.07851203491705261,0.0,-0.0,0,0.01,0.01,0.14443903335504704,0.28551639242786436,17.69610768612586,0.01,0.07831785340847414,0.17451770356378365,5.006074915071714,0.01,0.07331971955698227,0.16214550704474315,4.702915218809213,0.01,0.14377653270313526,0.4193046349018245,52.627740976363334,0.01,0.14301014143207602,0.33641716595245186,10.264098055524766,0.01,0.08865626438766602,0.14237566470311944,14.426904615697365
6.45,20.00270879629623,19.855269606239332,0.14743919005689565,0.0013207968532218746,1.4096360625095405,0.054765184746735265,0.07719897938899545,0.07719897938899545,0.07719897938899545,0.0,-0.0,0,0.01,0.01,0.14443916648147148,0.2855166278993546,17.69939182308281,0.01,0.07831798493909607,0.17451793903527388,5.0084931638765,0.01,0.07331985995083506,0.16214574251623337,4.70522889162437,0.01,0.14377637973673454,0.4193044306205363,52.62595574070853,0.01,0.14301004706122644,0.33641696167116364,10.262578880345057,0.01,0.0886561577448288,0.14237553139451894,14.424559737265575
6.46,20.001393929481548,19.85616283851046,0.145231090971088,0.001791325816737443,1.3884976812092418,0.0547662574020586,0.07604282141126684,0.07604282141126684,0.07604282141126684,0.0,-0.0,0,0.01,0.01,0.14443944902250516,0.28551700389614315,17.702289613855907,0.01,0.07831826930704483,0.17451831503206244,5.010516214848767,0.01,0.07332015331594494,0.16214611851302194,4.707105189380047,0.01,0.14377610303867916,0.4193041044217163,52.62423366567937,0.01,0.14300978137686432,0.3364166354723437,10.261742508670347,0.01,0.08865596405216108,0.14237531853063157,14.42287400629129
6.47,20.00059103599998,19.857269259011154,0.14332177698882828,0.0020663177948867023,1.37021023457717,0.054767586063959234,0.07504310694792293,0.07504310694792293,0.07504310694792293,0.0,-0.0,0,0.01,0.01,0.14443984125665524,0.28551746963297914,17.704461808029045,0.01,0.0783186674245302,0.17451878076889843,5.011887415137145,0.01,0.07332055766744854,0.16214658424985792,4.708352547941462,0.01,0.14377574710572502,0.4193037003580098,52.62255929664907,0.01,0.1430094231992916,0.33641623140863713,10.26110834159531,0.01,0.08865571471418081,0.14237505486367164,14.421614113824019
6.48,20.000176004740702,19.858485510930795,0.1416904938099086,0.0021760284637068568,1.3545784281672093,0.054769046612654755,0.07418896907278649,0.07418896907278649,0.07418896907278649,0.0,-0.0,0,0.01,0.01,0.14444030012356848,0.2855179816031528,17.70592068994384,0.01,0.0783191354511198,0.17451929273907207,5.0126430294298645,0.01,0.07332102876494549,0.1621470962200316,4.709024334612624,0.01,0.14377534762710623,0.41930325617013653,52.62100399403775,0.01,0.14300901337944263,0.33641578722076393,10.260633374797147,0.01,0.08865543477187203,0.14237476502481147,14.420743977277418
6.49,20.00002211125917,19.85972502110877,0.1402970901504036,0.0021487121965887614,1.3412208682811186,0.05477053508487348,0.07345938462275547,0.07345938462275547,0.07345938462275547,0.0,-0.0,0,0.01,0.01,0.14444078769525862,0.2855185033646279,17.70673896813539,0.01,0.07831963436438827,0.1745198145005472,5.012870412738354,0.01,0.07332152796674508,0.1621476179815067,4.709206976734492,0.01,0.14377493461026838,0.41930280347319454,52.619623672625835,0.01,0.14300858436972652,0.3364153345238219,10.260306024230696,0.01,0.08865514527678861,0.1423744696451358,14.420226596447536
6.5,20.0,19.86091635615588,0.1390836438441187,0.0020089549408729046,1.3295857596543192,0.05477196569965073,0.07282402562253043,0.07282402562253043,0.07282402562253043,0.0,-0.0,0,0.01,0.01,0.1444412721654159,0.28551900484808623,17.706993807566448,0.01,0.07832013132439973,0.17452031598400553,5.012657562584,0.01,0.07332202295835526,0.16214811946496502,4.708983139799437,0.01,0.1437745328845208,0.4193023683567063,52.618462157768505,0.01,0.14300816295801583,0.3364148994073337,10.260116630946488,0.01,0.0886548636464908,0.1423741857474226,14.420027244672148
6.51,20.00002211125926,19.862000744304222,0.1380213669550397,0.00177638577462968,1.3193994358650405,0.05477326788205059,0.0722678187440623,0.0722678187440623,0.0722678187440623,0.0,-0.0,0,0.01,0.01,0.14444172727847024,0.28551946131382727,17.706751632846206,0.01,0.07832059919110106,0.17452077244974656,5.012079901262167,0.01,0.07332248709035484,0.16214857593070606,4.708422508386895,0.01,0.14377416287236827,0.4193019722888118,52.61755580955731,0.01,0.1430077711850704,0.3364145033394391,10.260057277276335,0.01,0.08865460420506555,0.14237392733679904,14.420117872879146
6.5200000000000005,20.00017600474074,19.862929886897266,0.1372461178434743,0.0014679483245019856,1.3119618056831328,0.05477438363462479,0.07186189925846298,0.07186189925846298,0.07186189925846298,0.0,-0.0,0,0.01,0.01,0.14444213141456966,0.2855198524306013,17.706068490762963,0.01,0.07832101561034807,0.1745211635665206,5.011200676016256,0.01,0.07332289842466276,0.16214896704748008,4.7075833511315395,0.01,0.14377384138029875,0.41930163291449407,52.61693378358246,0.01,0.14300742719351595,0.33641416396512147,10.26012108477984,0.01,0.08865437873856852,0.14237370592239515,14.420474135917285
6.53,20.000591036,19.86366792098406,0.13692311501594037,0.0011100520524043947,1.3088529826072766,0.0547752698936722,0.07169277537345142,0.07169277537345142,0.07169277537345142,0.0,-0.0,0,0.01,0.01,0.14444246744336106,0.285520163101826,17.705022142894908,0.01,0.07832136283661567,0.1745214742377453,5.0100952364452,0.01,0.07332323960994389,0.1621492777187048,4.706536855072804,0.01,0.14377358135194512,0.41930136333755674,52.61660164288466,0.01,0.14300714519349195,0.33641389438818414,10.260292765685174,0.01,0.08865419632683194,0.14237353004979586,14.421049070225003
6.54,20.001393929481484,19.864197337187445,0.13719659229403866,0.0007402475718462525,1.3114519405656113,0.05477590563512055,0.07183596774141765,0.07183596774141765,0.07183596774141765,0.0,-0.0,0,0.01,0.01,0.14444272434970234,0.28552038595675566,17.703739515701596,0.01,0.07832162934168056,0.17452169709267498,5.00887123440701,0.01,0.07332349959257675,0.16214950057363448,4.705385659738658,0.01,0.14377339005034093,0.4193011699578375,52.616529357358296,0.01,0.14300693378649176,0.3364137010084649,10.260541896726435,0.01,0.08865406207320554,0.14237340389096112,14.421760795381289
6.55,20.002708796296297,19.864524725435082,0.13818407086121462,0.00040499469344228265,1.3208816939047865,0.05477629877376132,0.07235301031012054,0.07235301031012054,0.07235301031012054,0.0,-0.0,0,0.01,0.01,0.14444289948792013,0.28552052376918124,17.702400673857227,0.01,0.07832181210015529,0.17452183490510054,5.007670330203133,0.01,0.07332367593915462,0.16214963838606003,4.704264463948775,0.01,0.1437732670853953,0.4193010503714433,52.616646877537214,0.01,0.14300679391935617,0.3364135814220707,10.26082217401277,0.01,0.08865397572261874,0.14237332587514942,14.422493637610984
6.5600000000000005,20.004657152,19.86468512208313,0.1399720299168681,0.000157030288531563,1.3379678331306823,0.05477649138319925,0.07328918348248059,0.07328918348248059,0.07328918348248059,0.0,-0.0,0,0.01,0.01,0.1444430005701647,0.2855205912873627,17.70123233642875,0.01,0.07832191863327835,0.174521902423282,5.006661703351592,0.01,0.07332377686141164,0.1621497059042415,4.703333448720548,0.01,0.1437732028616493,0.4193009917823449,52.61684287468139,0.01,0.14300671719357166,0.3364135228329723,10.261072824466476,0.01,0.08865393057297671,0.14237328765306884,14.423102762354864
6.57,20.007357934370372,19.864744781256757,0.14261315311361572,5.250664538232961e-05,1.3632120788964037,0.054776563023820266,0.0746720723545019,0.0746720723545019,0.0746720723545019,0.0,-0.0,0,0.01,0.01,0.1444430471090137,0.285520616400603,17.70049787979802,0.01,0.07832196850700496,0.1745219275365223,5.006033101559488,0.01,0.07332382267408492,0.16214973101748179,4.702769708421701,0.01,0.14377317754049945,0.41930096999019684,52.61696562876201,0.01,0.14300668469384922,0.3364135010408242,10.261220805657446,0.01,0.08865391274654509,0.14237327343645922,14.423420170473847
6.58,20.010927521185184,19.864802282310766,0.14612523887441672,0.0001480492568446671,1.3967816797652632,0.05477663207288889,0.07651099615865353,0.07651099615865353,0.07651099615865353,0.0,-0.0,0,0.01,0.01,0.14444307123006134,0.2855206406053954,17.70048544409388,0.01,0.07832199419035454,0.1745219517413147,5.005980868886146,0.01,0.07332384660655258,0.1621497552222742,4.702757832307548,0.01,0.14377316055238298,0.419300948986328,52.616825943389166,0.01,0.14300666638415613,0.33641348003695537,10.26118357140074,0.01,0.08865390084641003,0.142373259734127,14.423261704640813
6.59,20.015479748,19.864987969019843,0.1504917789801564,0.000497878439863907,1.438514700012333,0.05477685505121647,0.0787973112116197,0.0787973112116197,0.0787973112116197,0.0,-0.0,0,0.01,0.01,0.14444311782995845,0.2855207187693374,17.70149491321308,0.01,0.07832204124591137,0.17452202990525667,5.006699606625316,0.01,0.07332389494559353,0.16214983338621616,4.703480187260502,0.01,0.14377311066578324,0.4193008811588411,52.616201884875736,0.01,0.143006621083648,0.3364134122094685,10.2608722453453,0.01,0.08865386600331226,0.14237321548555604,14.422434701431083
6.6000000000000005,20.021125925925926,19.865461796577158,0.15566412934876794,0.0011511313299391306,1.4879404967287637,0.05477742403730526,0.08150554753159012,0.08150554753159012,0.08150554753159012,0.0,-0.0,0,0.01,0.01,0.14444324409108908,0.285520918224904,17.703824450290906,0.01,0.07832216786203548,0.17452222936082332,5.008371998664203,0.01,0.07332402652168171,0.1621500328417828,4.705107389117594,0.01,0.14377297659258187,0.4193007080779738,52.614845057560885,0.01,0.14300649700588774,0.33641323912860116,10.260195034237755,0.01,0.08865377229928338,0.1423731025740868,14.420745899602785
6.61,20.027974859407408,19.866409736735257,0.16156512267215076,0.0021495068296686214,1.5443139940704576,0.05477856234893869,0.0845953004105271,0.0845953004105271,0.0845953004105271,0.0,-0.0,0,0.01,0.01,0.14444351839406533,0.28552131725644453,17.70775728673637,0.01,0.0783224437670243,0.17452262839236385,5.011159320662011,0.01,0.07332431158132742,0.16215043187332334,4.707789450208439,0.01,0.14377269808387283,0.4193003618055161,52.61248805899716,0.01,0.14300623281791064,0.3364128928561435,10.259060704289187,0.01,0.08865357753689587,0.14237287668399512,14.418009208555873
6.62,20.036132864,19.868038956008395,0.16809390799160434,0.0035253363530614386,1.606661755285999,0.05478051874974142,0.08801376440993713,0.08801376440993713,0.08801376440993713,0.0,-0.0,0,0.01,0.01,0.14444401869571363,0.28552200307095454,17.71354946267579,0.01,0.07832294859240456,0.17452331420687384,5.015193136018213,0.01,0.07332483011476243,0.16215111768783336,4.711648075737715,0.01,0.14377220744807412,0.4192997666484771,52.608852711522864,0.01,0.14300575915193522,0.3364122976991045,10.257381945338787,0.01,0.08865323430735822,0.142372488450403,14.414052954556855
6.63,20.04570378414815,19.870572033782246,0.17513175036590173,0.005300158853892102,1.673837355985717,0.0547835605006987,0.09169877005997307,0.09169877005997307,0.09169877005997307,0.0,-0.0,0,0.01,0.01,0.14444483046279502,0.2855230693650158,17.721419173709617,0.01,0.07832376977562927,0.1745243805009351,5.020568634383143,0.01,0.0733256697311938,0.1621521839818946,4.716770534164839,0.01,0.14377143140508347,0.4192988412584877,52.60365864349986,0.01,0.1430050004829324,0.3364113723091151,10.255078458867118,0.01,0.08865269129785198,0.14237188483855837,14.40872625892928
6.640000000000001,20.056789010962962,19.87424052422979,0.18254848673317084,0.007483851162567288,1.7445831955399076,0.0547879656213415,0.09558216414081055,0.09558216414081055,0.09558216414081055,0.0,-0.0,0,0.01,0.01,0.1444460442696184,0.2855246136158601,17.73153828828136,0.01,0.07832500011107199,0.1745259247517794,5.027339984564823,0.01,0.07332692319217014,0.16215372823273888,4.723205443858064,0.01,0.14377029317713244,0.41929750096540896,52.59663179412303,0.01,0.14300387727072597,0.3364100320160363,10.25207962631331,0.01,0.08865189476898364,0.1423710106801242,14.401904256792603
6.65,20.0694875,19.879278186806133,0.1902093131938698,0.01007433574064135,1.8175956616590472,0.05479401475067217,0.09959336349570358,0.09959336349570358,0.09959336349570358,0.0,-0.0,0,0.01,0.01,0.14444775318034989,0.28552673423325287,17.7440264651914,0.01,0.07832673507173046,0.17452804536917213,5.035517955136003,0.01,0.0733286857266552,0.16215584885013162,4.730960702948,0.01,0.1437687147093568,0.41929566022670384,52.58751243916309,0.01,0.14300230825634525,0.33640819127733124,10.248326642171811,0.01,0.08865079012736772,0.1423698102890627,14.393491935562349
6.66,20.08389578903704,19.885914214442746,0.19798157459429233,0.013057859261532119,1.8915904930307244,0.05480198300346976,0.10366291004859474,0.10366291004859474,0.10366291004859474,0.0,-0.0,0,0.01,0.01,0.14445005004374317,0.2855295277106697,17.758948132057597,0.01,0.07832907003196542,0.174530838846589,5.045069911180151,0.01,0.07333105225869009,0.16215864232754848,4.740003650414558,0.01,0.14376661891104558,0.41929323507333904,52.57606237752833,0.01,0.14300021279918204,0.33640576612396644,10.243774029384754,0.01,0.08864932351633138,0.14236822907857166,14.383426452925027
6.67,20.100108015851852,19.894366776955415,0.2057412388964371,0.01640980847767372,1.9653652657648282,0.05481213220400011,0.10772586077625157,0.10772586077625157,0.10772586077625157,0.0,-0.0,0,0.01,0.01,0.14445302482899294,0.2855330859093031,17.776312397844205,0.01,0.0783320975235624,0.1745343970452224,5.055922137514965,0.01,0.0733341146797404,0.16216220052618188,4.750263396884479,0.01,0.14376393181184308,0.4192901454379824,52.562070976456134,0.01,0.14299751314396414,0.3364026764886097,10.238390490280377,0.01,0.08864744334946795,0.14236621510320202,14.37167787845279
6.68,20.118215936,19.904837171007873,0.21337876499212746,0.020096005940039154,2.037856153283529,0.054824703847980924,0.11172486008855509,0.1117248600885551,0.11172486008855509,0.0,-0.0,0,0.01,0.01,0.14445676212644692,0.2855374935973803,17.796075784010107,0.01,0.07833590465326826,0.17453880473329955,5.067964283378834,0.01,0.07333795929289569,0.16216660821425904,4.761635118800306,0.01,0.14376058453535773,0.41928631726141596,52.54535984205484,0.01,0.1429941365141887,0.33639884831204336,10.232159082067932,0.01,0.08864510171702271,0.14236372045646167,14.358248387007214
6.69,20.138308940592594,19.917504829279213,0.220804111313381,0.02407440828649316,2.108186461302093,0.054839913097321634,0.11561276233075679,0.11561276233075679,0.11561276233075679,0.0,-0.0,0,0.01,0.01,0.14446133892627455,0.28554282635096456,17.818147487083166,0.01,0.07834057079984007,0.17454413748688385,5.081055587129304,0.01,0.0733426645452242,0.16217194096784335,4.773985984683218,0.01,0.14375651500496484,0.41928168428753243,52.5257859562638,0.01,0.1429900169407622,0.3363942153381598,10.22507673939932,0.01,0.0886422556034416,0.14236070246338353,14.343170007731937
6.7,20.160474074074074,19.93252339278042,0.2279506812936543,0.028297114662485932,2.1757048989185908,0.05485794405366249,0.11935469762215545,0.11935469762215545,0.11935469762215545,0.0,-0.0,0,0.01,0.01,0.14446682277242143,0.285549148901916,17.842396746245868,0.01,0.07834616569297452,0.17455046003783534,5.095032436064239,0.01,0.07334829914829843,0.16217826351879483,4.787162289814448,0.01,0.14375166931220199,0.4192761894750391,52.50324319775464,0.01,0.14298509675029591,0.3363887205256665,10.21715319605875,0.01,0.08863886786530929,0.1423571246191556,14.32650109886987
6.71,20.184796052,19.95001799434318,0.2347780576568199,0.032712582702897106,2.240012088245199,0.05487894648941798,0.1229295035264577,0.12292950352645769,0.1229295035264577,0.0,-0.0,0,0.01,0.01,0.1444732703690912,0.2855565139951731,17.868661792923007,0.01,0.07835274795602135,0.17455782513109241,5.109716754938652,0.01,0.07335492066603592,0.1621856286120519,4.800997323316807,0.01,0.14374600269611057,0.41926978597403636,52.4776622389984,0.01,0.14297932765584703,0.3363823170246637,10.208409382229638,0.01,0.08863490793170478,0.14235295723827596,14.308321770210853
6.72,20.211357278814813,19.97008384105081,0.24127343776400487,0.037267944425719735,2.3009744100851712,0.05490303414236978,0.1263304765976253,0.1263304765976253,0.1263304765976253,0.0,-0.0,0,0.01,0.01,0.144480726693636,0.2855649617922057,17.896759810080145,0.01,0.07836036417019394,0.17456627292812496,5.124924700540062,0.01,0.07336257462465975,0.16219407640908445,4.815319481544753,0.01,0.1437394801012311,0.41926243763691934,52.44900888139819,0.01,0.14297267141288397,0.3363749686875467,10.198875392467098,0.01,0.08863035220303994,0.14234817779314157,14.288728511912021
6.73,20.24023786562963,19.992786121639053,0.24745174399057784,0.04191131418026897,2.3587249020118404,0.054930284605304885,0.12956543017313027,0.12956543017313027,0.12956543017313027,0.0,-0.0,0,0.01,0.01,0.14448922464433575,0.2855745198315655,17.92649732494004,0.01,0.07836904849140672,0.17457583096748477,5.140475165478225,0.01,0.07337129417311218,0.16220363444844427,4.829960169982701,0.01,0.14373207630179918,0.41925411905464965,52.41728095390315,0.01,0.14296510002393945,0.336366650105277,10.188588132392356,0.01,0.08862518413902272,0.14234277093580242,14.267828310090193
6.74,20.271515648,20.01816120435187,0.25335444364813237,0.04659398511237952,2.413651537995643,0.0549607407690305,0.1326560764865503,0.1326560764865503,0.1326560764865503,0.0,-0.0,0,0.01,0.01,0.14449878522543155,0.2855852035320495,17.957680493244258,0.01,0.07837882282336732,0.17458651466796882,5.156197654248748,0.01,0.07338110029510149,0.1622143181489283,4.844761094450905,0.01,0.14372377559919475,0.41924481513047285,52.38250395561784,0.01,0.1429565954959025,0.3363573461811002,10.177588759651611,0.01,0.08861939404084244,0.14233672821117196,14.245732537524768
6.75,20.305266203703702,20.046219033854236,0.25904716984946696,0.051272419010531346,2.466373797068643,0.05499441370833314,0.13563678095538545,0.13563678095538545,0.13563678095538545,0.0,-0.0,0,0.01,0.01,0.14450941824628977,0.2855970172001174,17.990124795959503,0.01,0.07838969752364776,0.1745983283360367,5.171939177330411,0.01,0.0733920025475749,0.1622261318169962,4.85958062059008,0.01,0.1437145711181237,0.41923452022286345,52.34472566895034,0.01,0.14294714917340023,0.33634705127349085,10.165920037117019,0.01,0.0886129785463976,0.14233004748365952,14.222550901705437
6.76,20.34156287051852,20.07694658476579,0.26461628575273205,0.05590994636649425,2.5177089467204534,0.05503128683876576,0.13855276322350008,0.13855276322350008,0.13855276322350008,0.0,-0.0,0,0.01,0.01,0.14452112348796547,0.28560995548178003,18.02366374924536,0.01,0.07840167259456735,0.1746112666176993,5.1875699026043165,0.01,0.07340400027613117,0.1622390700986588,4.874298967336966,0.01,0.1437044637437129,0.419223236907201,52.30401000599636,0.01,0.14293676068952235,0.3363357679578284,10.153623714554513,0.01,0.08860593986980903,0.14232273211146299,14.198385716783877
6.7700000000000005,20.380476764,20.110312186063425,0.2701645779365766,0.0604781084598523,2.568629902845228,0.05507132111984379,0.1414578422176227,0.1414578422176227,0.1414578422176227,0.0,-0.0,0,0.01,0.01,0.1445338922698153,0.2856240051809829,18.05815631517199,0.01,0.07841473928906598,0.17462531631690223,5.202987397049191,0.01,0.07341708423685778,0.16225311979786172,4.888822085830874,0.01,0.1436934607561265,0.41921097442083516,52.26043037620009,0.01,0.14292543659065057,0.3363235054714625,10.140738049229675,0.01,0.08859828482712785,0.1423147899131626,14.173326740086486
6.78,20.42207679525926,20.14627049654977,0.27580629870949186,0.06495759064410704,2.620216864751356,0.055114461039198176,0.1444118403065886,0.1444118403065886,0.1444118403065886,0.0,-0.0,0,0.01,0.01,0.14454770933206076,0.2856391473521879,18.093492786341276,0.01,0.07842888204428484,0.17464045848810722,5.218119377450255,0.01,0.07343123853719326,0.1622682619690667,4.903084152952388,0.01,0.14368157423099093,0.4191977468683112,52.21406287736772,0.01,0.14291318870485561,0.3363102779189385,10.127295566826264,0.01,0.08859002369863994,0.14230623197940187,14.147446780789267
6.79,20.466429688740742,20.184767887975656,0.28166180076508573,0.06933871510583134,2.673605148807247,0.05516064108389524,0.1474777740134109,0.1474777740134109,0.1474777740134109,0.0,-0.0,0,0.01,0.01,0.1445625549379734,0.285655359564909,18.12959899705056,0.01,0.07844408064295859,0.17465667070082833,5.232924962263179,0.01,0.07344644279628536,0.16228447418178782,4.9170486748713556,0.01,0.14366881928247596,0.4191835712721939,52.164979614471505,0.01,0.14290003233280715,0.33629610232282126,10.113321151860612,0.01,0.08858116898421534,0.1422970713880694,14.12079824927975
6.8,20.5136,20.225747980016266,0.28785201998373666,0.07362148145644294,2.7299317510769376,0.05520979239042297,0.15071896521698158,0.15071896521698158,0.15071896521698158,0.0,-0.0,0,0.01,0.01,0.1445784070920232,0.2856726182327069,18.166438785099633,0.01,0.07846031249531567,0.1746739293686262,5.24739447614882,0.01,0.07346267441827677,0.16230173284958568,4.930708249433972,0.01,0.1436552122310343,0.41916846555985415,52.11324244043096,0.01,0.14288598434609787,0.3362809966104815,10.09883054168756,0.01,0.0885717341115325,0.14228732188429435,14.093410771700999
6.8100000000000005,20.563650133481485,20.269157070477682,0.2944930630038047,0.07781516381073138,2.7902831567204,0.05526184926415195,0.15419620721098481,0.15419620721098481,0.15419620721098481,0.0,-0.0,0,0.01,0.01,0.14459524376803287,0.28569090089874605,18.20401469206613,0.01,0.07847755493204807,0.17469221203466534,5.2615479056034715,0.01,0.07347991087007139,0.16232001551562483,4.944083078614288,0.01,0.1436407687793825,0.41915244657759143,52.05889739105265,0.01,0.14287106128011276,0.33626497762821883,10.08382928067892,0.01,0.08856173215765017,0.14227699658668297,14.06528994676913
6.82,20.616640360296298,20.31494921473394,0.30169114556236076,0.08193749267406679,2.855646786365391,0.05531675527222855,0.15796511442530026,0.15796511442530026,0.15796511442530026,0.0,-0.0,0,0.01,0.01,0.14461304504400943,0.2857101883744216,18.242366947693125,0.01,0.07849578740187801,0.17471149951034085,5.275432140690722,0.01,0.07349813185825857,0.16233930299130034,4.957218355748142,0.01,0.14362550227826135,0.4191355282205157,52.00197005219464,0.01,0.14285527750701962,0.33624805927114304,10.068312171377288,0.01,0.08855117464231874,0.14226610677858303,14.036417272365854
6.83,20.672628836,20.363090729864652,0.30953810613534694,0.08601346815540702,2.926868236459413,0.05537446864008544,0.16207377337348394,0.16207377337348394,0.16207377337348394,0.0,-0.0,0,0.01,0.01,0.14463179504756135,0.2857304666365295,18.28157083812082,0.01,0.0785149934749243,0.1747317777724488,5.289117167748148,0.01,0.07351732130763149,0.1623595812534083,4.970180680092377,0.01,0.14360942215793723,0.4191177197598145,51.94246205271603,0.01,0.1428386435691903,0.33623025081044183,10.052263238077051,0.01,0.08854007044675927,0.14225466083792265,14.006751218982549
6.84,20.73167161837037,20.41356393020214,0.3181076881682306,0.09007386692643951,3.0046161455353877,0.055434966719721125,0.166560796033291,0.166560796033291,0.166560796033291,0.0,-0.0,0,0.01,0.01,0.1446514836271584,0.2857517284015325,18.321732609740085,0.01,0.07853516256490091,0.17475303953745178,5.302691403273166,0.01,0.07353746905559945,0.16238084301841127,4.9830536753381,0.01,0.14359253259254415,0.41909902443868774,51.88034882322737,0.01,0.14282116474462703,0.33621155548931514,10.035656195976568,0.01,0.08852842490464127,0.14224266335160352,13.97622937770742
6.8500000000000005,20.793822685185187,20.466369940479566,0.3274527447056196,0.09415351821577878,3.089356118714072,0.05549824934573471,0.17145385619416476,0.17145385619416476,0.17145385619416476,0.0,-0.0,0,0.01,0.01,0.14467210767929767,0.28577397431203216,18.36298411113269,0.01,0.07855629129847123,0.17477528544795146,5.3162563819980875,0.01,0.07355857219208868,0.16240308892891092,4.995933010679215,0.01,0.14357483145261263,0.4190794383947897,51.815578700450196,0.01,0.14280283990415546,0.33619196944541707,10.018455396681325,0.01,0.08851623910300589,0.14223011445090106,13.944771563595314
6.86,20.859133952,20.521530478581514,0.337603473418489,0.09828943334554964,3.1813346886851126,0.05556434095046898,0.1767687653196537,0.1767687653196537,0.1767687653196537,0.0,-0.0,0,0.01,0.01,0.1446936720791457,0.2857972136897954,18.40547642371469,0.01,0.07857838447804529,0.17479852482571465,5.329921032251477,0.01,0.07358063599247713,0.16242632830667414,5.008921042523876,0.01,0.14355630958703364,0.41905894995111326,51.74807339331099,0.01,0.14278366070580292,0.33617148100174066,10.000617199505475,0.01,0.08850350942035892,0.1422170093933163,13.91228371369781
6.87,20.927655289925926,20.57908854981646,0.3485667401094684,0.10251887844480732,3.280573804672974,0.05563329136983146,0.18250911833560812,0.18250911833560812,0.18250911833560812,0.0,-0.0,0,0.01,0.01,0.14471619018158288,0.285821464830661,18.449372775037396,0.01,0.07860145560409199,0.17482277596658033,5.34379578810182,0.01,0.07360367441086807,0.16245057944753982,5.022121310798255,0.01,0.1435369504599306,0.4190375392996416,51.67772976259036,0.01,0.14276361115558878,0.336150070350269,9.9820916987295,0.01,0.0884902273175946,0.1422033384043529,13.878662384271916
6.88,20.999434543407407,20.6391080462439,0.36032649716350457,0.10687748078016016,3.3868758441357154,0.05570517533351743,0.1886665127304349,0.1886665127304349,0.1886665127304349,0.0,-0.0,0,0.01,0.01,0.14473968387989558,0.2858467548383676,18.494841063719917,0.01,0.07862552694375888,0.17484806597428687,5.357986798061247,0.01,0.07362771012168755,0.1624758694552464,5.035633133646976,0.01,0.14351673015121683,0.419015178583634,51.604422804704214,0.01,0.14274266754668144,0.33612770963426136,9.962824721013712,0.01,0.08847637938537523,0.1421890867803501,13.843799625750913
6.890000000000001,21.074517548000003,20.701672295420114,0.3728452525798876,0.11139745563194503,3.4998386576267526,0.05578009069448007,0.19522131773846763,0.19522131773846763,0.19522131773846763,0.0,-0.0,0,0.01,0.01,0.14476418322974868,0.28587311901573637,18.54204634712992,0.01,0.07865062915336393,0.17487443015165566,5.372590491317047,0.01,0.07365277411829727,0.16250223363261515,5.049546545249454,0.01,0.14349561771281438,0.4189918323660148,51.528009675182744,0.01,0.1427207987713654,0.3361043634166422,9.942759995288593,0.01,0.08846194763964144,0.14217423524136769,13.807587998897942
6.9,21.152948148148152,20.766881650567516,0.38606649758063577,0.11610603305556752,3.6188797067900125,0.05585815550969183,0.2021439454327445,0.2021439454327445,0.2021439454327445,0.0,-0.0,0,0.01,0.01,0.14478972566564607,0.28590059985171873,18.591143648945348,0.01,0.07867680048228616,0.17490191098763805,5.387688751820837,0.01,0.0736789048971747,0.16252971446859754,5.063937811001244,0.01,0.14347357585640796,0.4189674584538924,51.44833454160667,0.01,0.14269796698334503,0.3360799895045198,9.921841390611384,0.01,0.08844691004563167,0.14215876051177795,13.769925492645507
6.91,21.234768214962966,20.83485025641894,0.3999179585440276,0.1210241526661485,3.7432679583378476,0.055939504134885416,0.20939655343342412,0.20939655343342412,0.20939655343342412,0.0,-0.0,0,0.01,0.01,0.1448163548550339,0.28592924566062483,18.642271429859196,0.01,0.07870408560412363,0.17493055679654412,5.403344925903726,0.01,0.07370614727440158,0.16255836027750362,5.078865730367079,0.01,0.14345056193396963,0.41894200903357726,51.365234021275946,0.01,0.14267412857239561,0.33605454008420466,9.900015116024381,0.01,0.08843124124066198,0.14214263609617014,13.730720112005756
6.92,21.320017663999998,20.905702159955524,0.4143155040444758,0.12616548042395165,3.8721618698593168,0.05602428253779619,0.21693509062907956,0.21693509062907956,0.21693509062907956,0.0,-0.0,0,0.01,0.01,0.14484411925077298,0.2859591089446086,18.69554603038048,0.01,0.07873253413696775,0.17496042008052787,5.419600849663946,0.01,0.07373455089697545,0.16258822356148736,5.0943688998475505,0.01,0.1434265291597887,0.41891543205731113,51.278542937595276,0.01,0.14264923539996094,0.3360279631079385,9.877231780425813,0.01,0.08841491341741188,0.14212583320989827,13.689893925958307
6.93,21.408734473037033,20.979566961479104,0.4291675115579278,0.1315357850737372,4.004651559812967,0.056112643065704,0.2247115835782998,0.22471158357829976,0.2247115835782998,0.0,-0.0,0,0.01,0.01,0.14487307041527375,0.2859902445615712,18.751057340395256,0.01,0.078762198927617,0.17499155569749045,5.4364750292845985,0.01,0.07376416852416737,0.16261935917844994,5.110464057909513,0.01,0.14340142801291073,0.4188876728128218,51.1881001212302,0.01,0.14262323623357995,0.33600020386344914,9.853448219615169,0.01,0.08839789732293368,0.14210832181740513,13.647386395509377
6.94,21.500954699851857,21.056575217950353,0.4443794819015017,0.13713269428360716,4.139803103525102,0.056204738922608494,0.23267655262463272,0.23267655262463274,0.23267655262463272,0.0,-0.0,0,0.01,0.01,0.1449032611986341,0.2860227077876367,18.80886587921455,0.01,0.07879313418398576,0.175024018923556,5.453962043595158,0.01,0.07379505416326869,0.1626518224045155,5.1271455733268585,0.01,0.14337520775211368,0.4188586756001543,51.09375398782335,0.01,0.1425960783104207,0.3359712066507816,9.828629011281006,0.01,0.08838016332431582,0.14209007172761012,13.603156842369762
6.95,21.596712500000002,21.136853816809833,0.45985868319016976,0.14294583254188956,4.27670284455366,0.056300718618608664,0.2407814434666189,0.2407814434666189,0.2407814434666189,0.0,-0.0,0,0.01,0.01,0.14493474385829289,0.28605655236606364,18.869001387554082,0.01,0.07882539354546303,0.17505786350198294,5.47203316827454,0.01,0.07382726114922825,0.16268566698294246,5.144386072703837,0.01,0.14334781797204307,0.4188283854371859,50.99536764212921,0.01,0.1425677089559645,0.3359409164878133,9.80274761585548,0.01,0.08836168249001508,0.14207105369423226,13.557185964033506
6.96,21.696040144592594,21.22052153461683,0.4755186099757672,0.14895732537515446,4.4144996569607216,0.05640072064903822,0.24898096195751673,0.2489809619575167,0.24898096195751673,0.0,-0.0,0,0.01,0.01,0.1449675682088155,0.28609182863287885,18.931462945507047,0.01,0.07885902818231007,0.17509313976879812,5.490638150657084,0.01,0.07386084025866987,0.1627209432497576,5.162138137333598,0.01,0.14331921012892546,0.4187967497158035,50.89282328731746,0.01,0.14253807718309097,0.3359092807664309,9.775787100642452,0.01,0.08834242763635305,0.14205124046995105,13.509476350785386
6.97,21.798968038074072,21.30768498130152,0.4912830567725525,0.1551426382363484,4.5524432348972805,0.056504868644254976,0.25723520699829805,0.25723520699829805,0.25723520699829805,0.0,-0.0,0,0.01,0.01,0.1450017798874466,0.28612858180389034,18.99622054583936,0.01,0.07889408501230141,0.17512989293980963,5.509707999553618,0.01,0.07389583794558172,0.16275769642076912,5.180336939881699,0.01,0.14328933896727183,0.4187637197347335,50.78602575606509,0.01,0.14250713519937466,0.3358762507853609,9.747740425392251,0.01,0.08832237429145993,0.1420306077666378,13.460052008865064
6.98,21.905524736000004,21.398435108561976,0.5070896274380252,0.16147170415184742,4.689916713148676,0.05661326720382007,0.26551150804514756,0.26551150804514756,0.26551150804514756,0.0,-0.0,0,0.01,0.01,0.1450374188141799,0.28616685049842255,19.06321797589727,0.01,0.07893060511586612,0.17516816163434187,5.529158601019147,0.01,0.07393229477876516,0.16279596511530137,5.198903642452759,0.01,0.14325816378490855,0.4187292520421583,50.67490502448231,0.01,0.14247483975607986,0.3358417830927856,9.718610288220436,0.01,0.0883015015338378,0.1420091350793161,13.408956941858131
6.99,22.015736962814817,21.492844431223837,0.5228925315909794,0.16791028244697395,4.826462223722786,0.05672599859268199,0.2737858893105316,0.2737858893105316,0.2737858893105316,0.0,-0.0,0,0.01,0.01,0.1450745179146587,0.2862066655626659,19.13237680001321,0.01,0.0789686224203208,0.17520797669858515,5.548894932909342,0.01,0.07397024415029538,0.16283578017954464,5.21774934327609,0.01,0.14322564948217173,0.41869330953108364,50.55941761851783,0.01,0.1424411532807706,0.33580584058171103,9.688408550573545,0.01,0.08827979266943621,0.14198680633870656,13.356252884244823
7.0,22.12962962962963,21.59096507475967,0.5386645548699598,0.17442148198261645,4.961798353711626,0.05684312043377039,0.28204410138811364,0.28204410138811364,0.28204410138811364,0.0,-0.0,0,0.01,0.01,0.14511310216076934,0.286248049240586,19.20360119071587,0.01,0.07900816270994745,0.1752493603765053,5.568815630800093,0.01,0.07400971131033693,0.16287716385746479,5.236779341543485,0.01,0.1431917673517198,0.4186558622424509,50.43954687337563,0.01,0.14240604474618931,0.3357683932930783,9.657155277863735,0.01,0.0882572357193171,0.14196361036581454,13.302016317158168
7.01,22.247225852,21.69282772236038,0.5543981296396211,0.18096737658240794,5.095828870524786,0.056964664483208666,0.2902821818732926,0.2902821818732926,0.2902821818732926,0.0,-0.0,0,0.01,0.01,0.1451531879679935,0.2862910147236112,19.276783332695988,0.01,0.07904924300236518,0.17529232585953045,5.588817655150047,0.01,0.07405071276738848,0.16292012934048994,5.255897488437626,0.01,0.14315649557765217,0.41861688784463535,50.31530205707392,0.01,0.14236949024057513,0.33572941889526275,9.624877447912525,0.01,0.0882338236992421,0.1419395411116075,13.246334924237301
7.0200000000000005,22.368546967703708,21.79844149279242,0.5701054749112854,0.18751063782965033,5.228642502577157,0.05709063652340052,0.2985065286254357,0.2985065286254357,0.2985065286254357,0.0,-0.0,0,0.01,0.01,0.1451947829712374,0.28633556609258076,19.35180911731139,0.01,0.07909187131370432,0.17533687722850005,5.608800823315768,0.01,0.07409325607521985,0.16296468070945955,5.275010405889294,0.01,0.14311981942592705,0.41857637177266505,50.18671641836714,0.01,0.1423314732183349,0.3356889028232924,9.591607391952335,0.01,0.08820955468239366,0.14191459767495254,13.189303664905534
7.03,22.49361255451852,21.907794737623473,0.5858178168950486,0.19401611116516007,5.360503986356823,0.05722101735780673,0.3067334916499159,0.3067334916499159,0.3067334916499159,0.0,-0.0,0,0.01,0.01,0.14523788618279815,0.2863816986474722,19.428563855197872,0.01,0.07913604681642283,0.1753830097833915,5.6286719963044165,0.01,0.07413734000930204,0.163010813264351,5.294031379396596,0.01,0.14308173112189718,0.4185343070256189,50.053844264341826,0.01,0.14229198442436486,0.3356468380762463,9.557381042430608,0.01,0.0881844316465043,0.14188878410220157,13.131020653225923
7.04,22.622440448,22.020856705086032,0.6015837429139663,0.2004522651109048,5.491836994587518,0.057355764841533284,0.3149885112095946,0.3149885112095946,0.3149885112095946,0.0,-0.0,0,0.01,0.01,0.14528248851824088,0.286429399602995,19.506937756493933,0.01,0.07918176037512532,0.1754307107389143,5.648348745600008,0.01,0.07418295511730852,0.1630585142198738,5.312883764206156,0.01,0.14304222942456596,0.418490693635635,49.91675721340426,0.01,0.14225102149975996,0.33560322468626236,9.522236068094353,0.01,0.08815846211646358,0.14186210898166374,13.071583032432276
7.05,22.75504675925926,22.13757997960904,0.6174667796502172,0.20679245026706938,5.623199926344718,0.05749481683601424,0.3233048497974783,0.3233048497974783,0.3233048497974783,0.0,-0.0,0,0.01,0.01,0.1453285736590763,0.2864786491119818,19.586830958493668,0.01,0.07922899542834488,0.1754799602479011,5.667762365363702,0.01,0.07423008461114647,0.1631077637288606,5.331503781014184,0.01,0.14300131892037063,0.4184455378361891,49.77553980311255,0.01,0.14220858829056968,0.3355580688868165,9.486209979851306,0.01,0.0881316576225776,0.14183458485528355,13.011083029682851
7.0600000000000005,22.891445892740748,22.25790357247158,0.6335423202691692,0.21301591417332746,5.755255852069815,0.05763809493601265,0.33172198318264234,0.33172198318264234,0.33172198318264234,0.0,-0.0,0,0.01,0.01,0.14537611920602916,0.2865294215642894,19.668157915833334,0.01,0.07927772916872919,0.17553073270020872,5.686860136540336,0.01,0.07427870555273507,0.1631585361811682,5.3498426152136815,0.01,0.14295900907140316,0.4183988509702471,49.630284658588295,0.01,0.14216469389411193,0.3355113820208745,9.449338290640604,0.01,0.08810403300269007,0.14180622747776206,12.949604362239052
7.07,23.031650564000003,22.381756511503205,0.6498940524967995,0.21910852978719564,5.888738151025261,0.057785508784542514,0.3402837301559408,0.3402837301559408,0.3402837301559408,0.0,-0.0,0,0.01,0.01,0.14542509806402995,0.2865816870972365,19.750851005572088,0.01,0.07932793396111455,0.17558299823315582,5.705606788965271,0.01,0.07432879027304665,0.1632108017141153,5.367867769921691,0.01,0.14291531306350092,0.4183506481900274,49.481087444853934,0.01,0.14211935148862773,0.3354631792406547,9.411652809205794,0.01,0.08807560558299513,0.14177705495978762,12.887219146694752
7.08,23.175671817481486,22.50906175740479,0.6666100600766943,0.2250632087261964,6.024413545930769,0.05793696076747993,0.3490362112576656,0.3490362112576656,0.3490362112576656,0.0,-0.0,0,0.01,0.01,0.14547547999038396,0.2866354132449277,19.83486323701565,0.01,0.07937957892811366,0.17563672438084701,5.72398514365905,0.01,0.07438030795428602,0.1632645278618065,5.385563656125322,0.01,0.14287024650815142,0.41830094700898135,49.32804183460616,0.01,0.14207257700128767,0.3354134780596087,9.373180141276244,0.01,0.08804639427731265,0.14174708683672677,12.823985438017976
7.09,23.323519044296294,22.63974026192122,0.6837787823750741,0.23087998498185136,6.163044323345742,0.05809235086554146,0.3580257332316844,0.3580257332316844,0.3580257332316844,0.0,-0.0,0,0.01,0.01,0.14552723323124925,0.2866905666485144,19.920169993053545,0.01,0.0794326316264519,0.1756918777844337,5.741995949627233,0.01,0.07443322629886952,0.1633196812653932,5.402931432772779,0.01,0.1428238260582945,0.4182497657728223,49.17123472117306,0.01,0.14202438767636322,0.33536229682344965,9.333940462394272,0.01,0.08801641864765732,0.14171634310685916,12.759945495036433
7.1000000000000005,23.475200000000008,22.773714979253977,0.7014850207460313,0.23656576991705613,6.305351526931183,0.05825158143751149,0.3672966979631692,0.3672966979631692,0.3672966979631692,0.0,-0.0,0,0.01,0.01,0.1455803261688051,0.28674711474772385,20.006769765723796,0.01,0.07948705973456584,0.17574842588364312,5.759656957372833,0.01,0.07448751320627583,0.1633762293646026,5.419988135408377,0.01,0.14277606800159467,0.41819712211971505,49.01074189456343,0.01,0.14197480060944104,0.33530965317034245,9.293946614846236,0.01,0.08798569797000395,0.14168484328394565,12.695124836170146
7.11,23.630720822370378,22.910914646876456,0.7198061754939228,0.2421337943380681,6.451980826191349,0.05841456171517995,0.37688963215671223,0.37688963215671223,0.37688963215671223,0.0,-0.0,0,0.01,0.01,0.14563472890236417,0.2868050273759208,20.09468388428966,0.01,0.07954283267295541,0.17580633851184005,5.77700129576317,0.01,0.07454313837991149,0.16343414199279954,5.43676515471538,0.01,0.1427269868954267,0.4181430314999086,48.846624376682264,0.01,0.14192383131470385,0.335255562550536,9.253203567001442,0.01,0.08795425034819425,0.1416526055075544,12.629532113774925
7.12,23.790086049185188,23.05127716504479,0.7388088841403981,0.2476027676116328,6.603472601613435,0.05858121180703331,0.3868394271370579,0.3868394271370579,0.3868394271370579,0.0,-0.0,0,0.01,0.01,0.14569041469106353,0.2868642781864361,20.183955269249207,0.01,0.07959992308332516,0.1758655893223554,5.794075240219619,0.01,0.07460007479073706,0.1634933928033149,5.453306146337322,0.01,0.142676594305609,0.41808750582210163,48.678925580955465,0.01,0.14187149239044364,0.33520003687272903,9.211708257462357,0.01,0.08792209191603033,0.1416196457512379,12.56315979867677
7.13,23.953298635999996,23.194752425133753,0.7585462108662449,0.2529957965192906,6.760237557611315,0.0587514660334856,0.3971738672442948,0.3971738672442948,0.3971738672442948,0.0,-0.0,0,0.01,0.01,0.14574736119339105,0.28692484584664474,20.27464628077757,0.01,0.0796583081003765,0.17592615698256403,5.810935479155048,0.01,0.07465829993225859,0.16355396046352352,5.4696644713438936,0.01,0.14262489770591047,0.41803055228778296,48.50766942265641,0.01,0.14181779234318106,0.3351430833384103,9.169449829242584,0.01,0.08788923616288653,0.14158597716351012,12.495985630653054
7.140000000000001,24.120359973925936,23.341304464465072,0.7790555094608639,0.25833911720462893,6.92253888948551,0.05892527545007893,0.40791251087681724,0.40791251087681724,0.40791251087681724,0.0,-0.0,0,0.01,0.01,0.14580555144926985,0.2869867149478716,20.36683576435762,0.01,0.07971797036080612,0.17598802608379088,5.827646001974455,0.01,0.07471779681219187,0.16361582956475038,5.4859002823247645,0.01,0.14257189958774868,0.4179721724659319,48.33285946133739,0.01,0.14176273462322853,0.3350847035165592,9.126410241535634,0.01,0.08785569341189933,0.1415516095698782,12.42797475602168
7.15,24.291269907407415,23.490912858207107,0.8003570492003094,0.26366070166571237,7.0904817040590675,0.05910260945498921,0.41906597100274945,0.41906597100274945,0.41906597100274945,0.0,-0.0,0,0.01,0.01,0.1458649745632035,0.2870498765931003,20.460615429010605,0.01,0.07977889870709241,0.17605118772901954,5.844274745749513,0.01,0.07477855463912539,0.16367899120997903,5.502077383345114,0.01,0.14251759681963383,0.4179123616491893,48.15447910736996,0.01,0.14170631691459515,0.3350248926998167,9.082565229159586,0.01,0.0878214704722556,0.14151654915626022,12.359082442922698
7.16,24.466026752,23.643573295628627,0.8224534563713745,0.2689888053873392,7.264010041544948,0.05928345642141358,0.43063562274264056,0.43063562274264056,0.43063562274264056,0.0,-0.0,0,0.01,0.01,0.1459256260614749,0.287114328639974,20.556085722744967,0.01,0.07984108855839654,0.17611563977589326,5.860890147731084,0.01,0.0748405691772272,0.16374344325685275,5.518260001671298,0.01,0.14246198028423662,0.41785110851944407,47.97249287400244,0.01,0.1416485307102334,0.33496363957007147,9.037885563522064,0.01,0.08778657047866936,0.1414807983453529,12.289257238524891
7.17,24.64462731214815,23.799297326721632,0.8453299854265163,0.27435052465725546,7.442911485114068,0.05946782334185832,0.44261374534585174,0.44261374534585174,0.44261374534585174,0.0,-0.0,0,0.01,0.01,0.14598750791191037,0.287180075592975,20.65335139355387,0.01,0.07990454193668556,0.17618138672889425,5.877557756285403,0.01,0.07490384275777603,0.16380919020985374,5.534509614431554,0.01,0.1424050348080252,0.4177883951363373,47.78684860621563,0.01,0.14158936119033402,0.33490092618696465,8.99233855463712,0.01,0.08775099292220999,0.14144435586832638,12.218444413045345
7.18,24.827066898962958,23.95811130411773,0.8689555948452267,0.2797704307922791,7.62682899117927,0.05965573451777394,0.45498408551025216,0.45498408551025216,0.45498408551025216,0.0,-0.0,0,0.01,0.01,0.14605062821055262,0.2872471281551548,20.75251694050178,0.01,0.07996926715228612,0.1762484392910741,5.894337052286652,0.01,0.07496838395233325,0.16387624277203358,5.55088197293298,0.01,0.1423467393848347,0.41772419724717685,47.597480571513614,0.01,0.1415287874073117,0.3348367282978042,8.945889722293934,0.01,0.08771473386765179,0.14140721702504672,12.146589522696472
7.19,25.013339348000006,24.120054582461663,0.8932847655383427,0.2852693440083464,7.815279243550343,0.05984722937219215,0.4677228094964897,0.4677228094964897,0.4677228094964897,0.0,-0.0,0,0.01,0.01,0.14611500055501866,0.2873155024655819,20.853682165921704,0.01,0.08003527816878174,0.1763168136015012,5.911278625381586,0.01,0.07503420692798687,0.16394461708246072,5.567424460163331,0.01,0.14228706768115482,0.4176584849018781,47.40431325721756,0.01,0.14146678276695748,0.33477101595250547,8.898504556472206,0.01,0.08767778634387459,0.14136937411731176,12.073641920195064
7.2,25.20343703703704,24.28517707122874,0.9182599658082989,0.2908633022610133,8.007676543001125,0.06004235950294347,0.48079979377816107,0.4807997937781611,0.48079979377816107,0.0,-0.0,0,0.01,0.01,0.14618064313864906,0.28738521906302983,20.956938035297622,0.01,0.08010259368177478,0.17638653019894912,5.928421834258828,0.01,0.07510133051959177,0.16401433367990859,5.584173902573538,0.01,0.14222598879798984,0.4175912233425402,47.20726568642045,0.01,0.1414033157816388,0.3347037543931676,8.850150283158785,0.01,0.0876401408859631,0.14133081703171402,11.999558045148483
7.21,25.39735090385185,24.45353626582567,0.9438146380261808,0.2965627704634145,8.203361003165709,0.06024118512784624,0.4941801888622599,0.49418018886225995,0.4941801888622599,0.0,-0.0,0,0.01,0.01,0.14624757761215038,0.28745630162868824,21.06236303538021,0.01,0.08017123595890292,0.1764576127646075,5.945793057097906,0.01,0.07516977706665978,0.164085416245567,5.601154935525504,0.01,0.14216346825247003,0.417522374124775,47.00625604220585,0.01,0.14133835105903947,0.3346349051754024,8.80079755192886,0.01,0.08760178620088432,0.14129153394210364,11.924304340053764
7.22,25.595070463999996,24.625193904405627,0.9698765595943695,0.30237212358137716,8.401629644344363,0.060443771099449796,0.5078261790851024,0.5078261790851024,0.5078261790851024,0.0,-0.0,0,0.01,0.01,0.146315827769726,0.2875287755702915,21.170020194034997,0.01,0.08024122949905721,0.17653008670621081,5.963404608565492,0.01,0.07523957107294933,0.1641578901871703,5.61837899365945,0.01,0.14209946913251495,0.41745189641751274,46.80120637726533,0.01,0.14127185047932386,0.3345644274681401,8.750421966147302,0.01,0.08756270992327522,0.1412515120964898,11.847859658018105
7.23,25.796583828592603,24.800212413197762,0.9963714153948395,0.3082894238207116,8.601768866167367,0.060650182684382214,0.521698853141882,0.521698853141882,0.521698853141882,0.0,-0.0,0,0.01,0.01,0.14638541812423245,0.28760266651660815,21.279954888727904,0.01,0.08031259957652846,0.17660397765252744,5.981254364619119,0.01,0.07531073775440981,0.16423178113348694,5.635843964470201,0.01,0.14203395337020344,0.41737974842017067,46.59204718522948,0.01,0.14120377450525742,0.33449227947079807,8.699005385021188,0.01,0.08752289942416963,0.14121073864980424,11.770217054735486
7.24,26.001877722074077,24.97865131069777,1.023226411376306,0.3143064981206147,8.803086742344886,0.06086048131041864,0.5357600961564751,0.5357600961564751,0.5357600961564751,0.0,-0.0,0,0.01,0.01,0.14645637244035256,0.28767799879447115,21.392193527125592,0.01,0.08038537074046509,0.17667930993039047,5.9993260984972885,0.01,0.0753833015456138,0.16430711341134996,5.653534507746757,0.01,0.14196688307442704,0.4173058888311199,46.37872161949416,0.01,0.14113408356407967,0.33441841988174725,8.646536938555045,0.01,0.08748234263358666,0.14116920150241477,11.691384890110024
7.25,26.2109375,25.160563740575952,1.0503737594240474,0.32040930812244894,9.004943616721143,0.061074720482843924,0.5499744143550134,0.5499744143550134,0.5499744143550134,0.0,-0.0,0,0.01,0.01,0.14652871229596215,0.28775479396035114,21.506743136075514,0.01,0.08045956534135294,0.17675610509627046,6.017590493050766,0.01,0.07545728463596925,0.16438390857722995,5.671423007832397,0.01,0.14189822186108542,0.41723027829949966,46.16118916506261,0.01,0.14106273943703745,0.33434280935012706,8.59301371100631,0.01,0.08744102883784785,0.14112689010461738,11.61138719924228
7.26,26.42374716681481,25.345993294794393,1.0777538720204136,0.32657859134668143,9.206779586901858,0.061292942060765514,0.5643106077862142,0.5643106077862142,0.5643106077862142,0.0,-0.0,0,0.01,0.01,0.14660245573974176,0.2878330694549496,21.623591847695284,0.01,0.0805352021541768,0.17683438059086884,6.036006759141511,0.01,0.07553270560480577,0.16446218407182833,5.689471092597001,0.01,0.14182793611959546,0.4171528807936515,45.93942859736414,0.01,0.14098970659254315,0.3342654118442788,8.5384410647694,0.01,0.0873989494142637,0.14108379618953698,11.530263328946027
7.2700000000000005,26.64028939362964,25.53497127270955,1.105318120920089,0.3327907400812976,9.408137633853716,0.06151517306441754,0.578743214760371,0.578743214760371,0.578743214760371,0.0,-0.0,0,0.01,0.01,0.14667761610777513,0.2879128374426421,21.742710226955907,0.01,0.0806122951626039,0.17691414857856141,6.054524759693893,0.01,0.07560957821899784,0.1645419520595209,5.7076316249795775,0.01,0.14175599615777237,0.4170736648236736,45.71344009754019,0.01,0.1409149534018813,0.33418619587430093,8.482832594067252,0.01,0.08735609846931353,0.14103991440077657,11.448066871314886
7.28,26.860545536000004,25.727514499712015,1.1330310362879883,0.33901887398687913,9.60868138404442,0.06174142315722765,0.5932536633152624,0.5932536633152624,0.5932536633152624,0.0,-0.0,0,0.01,0.01,0.14675420105364909,0.2879941038881796,21.864053346551916,0.01,0.08069085256020819,0.17699541502409888,6.073087516079672,0.01,0.07568791044839751,0.1646232185050584,5.725851051756678,0.01,0.14168237717301743,0.4169926044626049,45.483246434704085,0.01,0.14083845318209265,0.33410513551323223,8.42620971518105,0.01,0.08731247335145098,0.1409952427865689,11.364863958792759
7.29,27.084495651703705,25.923623801340472,1.1608718503632334,0.34523405408762353,9.80820676326038,0.06197168291287829,0.6078310794767205,0.6078310794767205,0.6078310794767205,0.0,-0.0,0,0.01,0.01,0.14683221183584153,0.2880768679113331,21.987563484108037,0.01,0.08077087601384562,0.17707817904725237,6.091633959240878,0.01,0.07576770374342053,0.16470598252821186,5.744071981019185,0.01,0.14160706000593734,0.4169096801202016,45.248893169808134,0.01,0.14076018501883122,0.3340222111708289,8.368600916734797,0.01,0.08726807501594623,0.1409497831388231,11.280731013358404
7.3,27.312118518518513,26.12328319713244,1.1888353213860732,0.35140657997000424,10.006647104522063,0.06220592293940884,0.622472718665758,0.622472718665758,0.622472718665758,0.0,-0.0,0,0.01,0.01,0.14691164289348466,0.2881611214467198,22.11317329504241,0.01,0.08085236022133976,0.17716243258263908,6.110101782502486,0.01,0.07584895260620837,0.1647902360635986,5.762235854897056,0.01,0.141530031642638,0.4168248790347352,45.0104478813877,0.01,0.14068013433224705,0.3339374100853626,8.310040708679692,0.01,0.08722290822640907,0.14090354116300935,11.195752066286543
7.3100000000000005,27.54339165200001,26.32645984423066,1.216931807769352,0.3575073088676659,10.204071591509122,0.06244409389138963,0.6371840045346572,0.6371840045346572,0.6371840045346572,0.0,-0.0,0,0.01,0.01,0.14699248172754342,0.2882468492214912,22.240809301593,0.01,0.08093529278128118,0.17724816035741048,6.128430256013335,0.01,0.07593164447250525,0.16487596383836997,5.7802855868746725,0.01,0.1414512854435388,0.4167381954612197,44.76799845851521,0.01,0.14059829316083228,0.3338507265118471,8.25056832182853,0.01,0.08717698158548938,0.14085652647291605,11.110015781637154
7.32,27.77829132325927,26.533104725526613,1.2451865977326553,0.3635089349729893,10.400677238006539,0.06268612735925955,0.6519781779642297,0.6519781779642297,0.6519781779642297,0.0,-0.0,0,0.01,0.01,0.14707470908974343,0.28833402904858546,22.370395534079762,0.01,0.08101965437769368,0.17733534018450475,6.1465628728858315,0.01,0.07601575990644831,0.16496314366546425,5.798168042532009,0.01,0.14137082108913362,0.41664963054840043,44.52165054866259,0.01,0.14051466015116165,0.33376216159902783,8.190226220361968,0.01,0.08713030739534276,0.1408087524125789,11.023612327321706
7.33,28.016792576740745,26.743154042496386,1.2736385342443564,0.3693871697691529,10.596774907735872,0.06293193758398355,0.666875577085157,0.666875577085157,0.666875577085157,0.0,-0.0,0,0.01,0.01,0.1471582994669226,0.28842263241852373,22.501857163443617,0.01,0.08110541926730602,0.17742394355444302,6.164449712967058,0.01,0.07610127309558984,0.16505174703540249,5.815836257149868,0.01,0.14128864424612766,0.41655919191111224,44.27152428649642,0.01,0.14042924025499054,0.33367172296173964,8.129058497373645,0.01,0.08708290135641221,0.14076023571573376,10.93663024106987
7.34,28.258869248,26.956531240428927,1.3023380075710722,0.3751217692943679,10.792770153167025,0.06318142390711845,0.6819025861793415,0.6819025861793415,0.6819025861793415,0.0,-0.0,0,0.01,0.01,0.14724322183457428,0.28851262535893174,22.635123972769446,0.01,0.0811925560429167,0.17751393649485106,6.182049429824008,0.01,0.07618815261936486,0.16514173997581055,5.833251301888268,0.01,0.14120476597025253,0.4164668929186287,44.01775046206625,0.01,0.14034204414865398,0.33357942396925605,8.067109228201279,0.01,0.08703478212054255,0.14071099602062612,10.849153435875664
7.3500000000000005,28.504493981481495,27.173149564923985,1.3313444165575101,0.38069736179613173,10.989139883865843,0.06343447383289802,0.6970903064091438,0.6970903064091438,0.6970903064091438,0.0,-0.0,0,0.01,0.01,0.14732944064084755,0.28860396951872214,22.770133528878354,0.01,0.0812810286335215,0.1776052806546414,6.199330788474469,0.01,0.07627636245155071,0.1652330841356009,5.850383730445184,0.01,0.14111920187422305,0.4163727517327497,43.76046631214271,0.01,0.14025308740254314,0.3334852827833771,8.004420857578353,0.01,0.08698597072107693,0.1406610552645747,10.761258480182224
7.36,28.753638248296305,27.392915024637,1.3607232236593094,0.38610403886865413,11.186406054292567,0.06369096655156611,0.7124730138361846,0.7124730138361846,0.7124730138361846,0.0,-0.0,0,0.01,0.01,0.1474169169717526,0.28869662342372915,22.906833931856156,0.01,0.08137079749108866,0.17769793455964844,6.216273704188821,0.01,0.07636586314662075,0.16532573804060793,5.867214559265545,0.01,0.14103197110021407,0.4162767901410378,43.499811135371296,0.01,0.14016238944004372,0.33338932119166514,7.941032694804151,0.01,0.08693648990808465,0.14061043698804498,10.67301227307425
7.37,29.006272364000004,27.615729617346954,1.39054274665305,0.39133768445938044,11.385107680166088,0.0639507767531287,0.7280864795646325,0.7280864795646325,0.7280864795646325,0.0,-0.0,0,0.01,0.01,0.1475056098402685,0.2887905438430114,23.045186039815977,0.01,0.08146182090559985,0.1777918549789307,6.232869755214907,0.01,0.07645661315175509,0.1654196584598902,5.883735755199643,0.01,0.14094309514539596,0.4161790322402598,43.235921939797656,0.01,0.14006997233517135,0.33329156329088716,7.876979586070164,0.01,0.08688636342099289,0.1405591655819052,10.584470215212113
7.38,29.262365506370365,27.841494665321605,1.4208708410487616,0.39640002857096646,11.585772547094994,0.06421377854884594,0.7439662326564567,0.7439662326564567,0.7439662326564567,0.0,-0.0,0,0.01,0.01,0.14759547753681176,0.2888856872003661,23.18516508782294,0.01,0.08155405638458424,0.17788699833628538,6.249122164144683,0.01,0.0765485701809877,0.16551480181724487,5.899950224902759,0.01,0.14085259659603577,0.41607950303226304,42.968929329510935,0.01,0.13997585950576427,0.33319203408289044,7.812290825038636,0.01,0.08683561523346364,0.14050726551383444,10.495674952150095
7.390000000000001,29.5218857331852,28.07011410214917,1.4517716310360282,0.40129842550342737,11.788889963892327,0.06447984931465363,0.7601458484588097,0.7601458484588097,0.7601458484588097,0.0,-0.0,0,0.01,0.01,0.14768647897632184,0.28898201096404674,23.32676164351984,0.01,0.08164746203107731,0.17798332209996603,6.265045263099665,0.01,0.07664169258576067,0.1656111255809255,5.915871319371676,0.01,0.14076049783010167,0.4159782269988379,42.69895382554624,0.01,0.13988007436411806,0.3330907580494653,7.746989351975643,0.01,0.08678426880626096,0.1404547605704368,10.40665573975112
7.4,29.784800000000008,28.301497556852745,1.483302443147266,0.406045369472358,11.994885837760084,0.06474887327638841,0.7766553430738737,0.7766553430738737,0.7766553430738737,0.0,-0.0,0,0.01,0.01,0.1477785749781178,0.2890794749493065,23.469981867385677,0.01,0.08174199785479973,0.17808078608522582,6.280663477230048,0.01,0.0767359406570856,0.1657085895661853,5.931521885157603,0.01,0.1406668197499612,0.41587522672335087,42.42610279539338,0.01,0.1397826389891029,0.33298775777397827,7.681091278608012,0.01,0.08673234638306716,0.1404016731504737,10.317428452522266
7.41,30.051074177925933,28.53556309201293,1.5155110859130052,0.41065777278930216,12.204101214256992,0.06502074467087322,0.7935197489896978,0.7935197489896978,0.7935197489896978,0.0,-0.0,0,0.01,0.01,0.14787172941860377,0.2891780424731139,23.61484707245051,0.01,0.08183762695529405,0.17817935360903323,6.296009878733327,0.01,0.07683127779850023,0.16580715708999272,5.946932910570602,0.01,0.14057158060552175,0.4157705216249643,42.15046813582762,0.01,0.13968357288295816,0.33288305267559165,7.614605760832563,0.01,0.08667986836177638,0.14034802364181556,10.22799622579613
7.42,30.32067307140741,28.772239470257112,1.548433601150297,0.41515604290716096,12.416775239190706,0.0652953703388774,0.8107579376575602,0.8107579376575602,0.8107579376575602,0.0,-0.0,0,0.01,0.01,0.1479659102036315,0.28927768130797366,23.761392606358083,0.01,0.08193431652255442,0.17827899244389295,6.311124379761834,0.01,0.07692767151583389,0.16590679592485244,5.962141830525479,0.01,0.14047479496405324,0.41566412686614485,41.872124817135784,0.01,0.13958289187211648,0.33277665791677224,7.5475352251635615,0.01,0.08662685276985058,0.14029382991038603,10.138350693389562
7.43,30.59356043599999,29.011467846970543,1.5820925890294457,0.4195630039776451,12.633033272077832,0.06557267163460193,0.8283817424989603,0.8283817424989603,0.8283817424989603,0.0,-0.0,0,0.01,0.01,0.14806109001651832,0.28937836439186,23.909666107098605,0.01,0.08203203860998129,0.17837967552777928,6.326051646831693,0.01,0.07702509417910304,0.16600747900873877,5.977190567306389,0.01,0.14037647287611754,0.41555605248609817,41.591130354279336,0.01,0.13948060720471947,0.3326685835367255,7.4798759379319355,0.01,0.08657331486706107,0.1402391069237341,10.048473754626174
7.44,30.86969899614816,29.253202815295502,1.6164961808526563,0.42390271568197085,12.852880623055084,0.0658525855702371,0.8463954210537772,0.8463954210537772,0.8463954210537772,0.0,-0.0,0,0.01,0.01,0.14815724680890877,0.2894800702633323,24.059725211338087,0.01,0.08213077064582724,0.1784813813992516,6.340838831110304,0.01,0.0771235235231875,0.1661091848802111,5.9921233958291,0.01,0.1402766192778113,0.41544630280212436,41.30752522478459,0.01,0.13937672488825148,0.3325588338527517,7.411618889674486,0.01,0.08651926689262357,0.14018386652520962,9.958339779975114
7.45,31.149050462962965,29.497412761033125,1.65163770192984,0.4281992466321323,13.076202109724798,0.06613506515162397,0.8647954784624523,0.8647954784624523,0.8647954784624523,0.0,-0.0,0,0.01,0.01,0.14825436401430878,0.28958278320436104,24.21163481965673,0.01,0.08223049566211495,0.17858409434028033,6.355533217617413,0.01,0.07722294286673392,0.16621189782123985,6.006984730336227,0.01,0.14017523365833734,0.41533487610815745,41.02133420596449,0.01,0.13927124529935397,0.33244740715878485,7.342750951643677,0.01,0.08646471796667098,0.14012811736735725,9.86791814427704
7.46,31.43157555200001,29.744079518406906,1.6874960335931013,0.4324754613793228,13.30276735055973,0.06642007890028659,0.8835708570163336,0.8835708570163336,0.8835708570163336,0.0,-0.0,0,0.01,0.01,0.14835243047760238,0.28968649308758965,24.365464044711924,0.01,0.08233120223369196,0.17868780422350894,6.370179901207911,0.01,0.07732334104238058,0.16631560770446843,6.021816934232282,0.01,0.14007231000928397,0.41522176468554534,40.73256855834649,0.01,0.13916416308494134,0.3323342957361727,7.273256247736355,0.01,0.08640967414854447,0.14007186500544017,9.777175961114695
7.47,31.717234001037028,29.9931973511607,1.724036649876332,0.4367518789329714,13.532241440318117,0.06670760959616899,0.9027034789618404,0.9027034789618406,0.9027034789618404,0.0,-0.0,0,0.01,0.01,0.1484514401075356,0.28979119493898853,24.52128298444144,0.01,0.08243288413398756,0.17879250607490785,6.3848195972847135,0.01,0.07742471204524726,0.16642030955586734,6.036658254983802,0.01,0.13996783705852547,0.41510695512614326,40.441228940090674,0.01,0.13905546735983046,0.3322194861767706,7.203117674274316,0.01,0.08635413864687742,0.1400151121443452,9.686080883359539
7.48,32.00598458785187,30.244771315523217,1.761213272328651,0.4410456567604603,13.764200403001304,0.06699765231242018,0.922169112958755,0.922169112958755,0.922169112958755,0.0,-0.0,0,0.01,0.01,0.1485513912723677,0.289896888240437,24.67915947175349,0.01,0.08253553972750059,0.17889819937635631,6.399486690151968,0.01,0.07752705442002994,0.1665260028573158,6.051540981336585,0.01,0.13986179877801935,0.4149904289527706,40.14730890113574,0.01,0.13894514219190796,0.332102960003398,7.132318492455289,0.01,0.08629811216926184,0.13995785902485786,9.59460383235533
7.49,32.297785148,30.498815090629734,1.7989700573702676,0.44536974771923427,13.998150600601457,0.06729021184674219,0.9419385193770735,0.9419385193770735,0.9419385193770735,0.0,-0.0,0,0.01,0.01,0.14865228597102528,0.29000357600903687,24.83915595361726,0.01,0.08263917113144359,0.17900488714495616,6.414207611383283,0.01,0.07763037041935365,0.16663269062591565,6.066489910268771,0.01,0.13975417514162686,0.4148721635077566,39.85079877755555,0.01,0.13883316735207404,0.331984694558384,7.060843914569981,0.01,0.08624159339276424,0.13990010392879149,9.502721523093145
7.5,32.59259259259259,30.755348386669215,1.8372442059233711,0.4497322686155193,14.23355110103426,0.06758529968158439,0.961978816696546,0.961978816696546,0.961978816696546,0.0,-0.0,0,0.01,0.01,0.1487541288225753,0.2901112637003311,25.001326645482802,0.01,0.0827437831897213,0.17911257483625037,6.42899962460805,0.01,0.0777346649766917,0.1667403783172099,6.081521196040002,0.01,0.13964494309707684,0.41475213306738706,39.55168978786601,0.01,0.13871951929349605,0.3318646641180144,6.988682605401732,0.01,0.08618457953100182,0.1398418437770069,9.41041866422271
7.51,32.89036292607407,31.014394060166968,1.875968865907102,0.4541361085423557,14.469837883890769,0.06788293062654349,0.982255001249488,0.982255001249488,0.982255001249488,0.0,-0.0,0,0.01,0.01,0.14885692592516836,0.2902199579905918,25.16571509203213,0.01,0.08284938231102676,0.1792212691265111,6.443870072621322,0.01,0.07783994454565837,0.1668490726074706,6.096641634387928,0.01,0.13953407770590198,0.4146303101291906,39.24997812452969,0.01,0.13860417231369535,0.331742841179818,6.91582802465904,0.01,0.08612706696916457,0.13978307479022178,9.31768972905082
7.5200000000000005,33.19105126400001,31.275975078554048,1.9150761854459653,0.45857879336142615,14.706448693279574,0.06818311930977515,1.0027315458769681,1.0027315458769681,1.0027315458769681,0.0,-0.0,0,0.01,0.01,0.1489606836414123,0.29032966549858635,25.332352243080265,0.01,0.08295597522890184,0.17933097663450567,6.458816118546513,0.01,0.07794621586343302,0.16695878011546517,6.111848412119565,0.01,0.13942155339710557,0.4145066668106854,38.94566883599099,0.01,0.13848709984420624,0.3316191978613127,6.842279544523984,0.01,0.08606905193545752,0.13972379317986583,9.224540216564039
7.53,33.49461185081483,31.540111481967525,1.9545003688472986,0.46305261024821054,14.942847335663599,0.06848587669047626,1.023374000034869,1.023374000034869,1.023374000034869,0.0,-0.0,0,0.01,0.01,0.14906540737014595,0.29044039150950873,25.50125512565432,0.01,0.08306356774484724,0.17944170264542805,6.473824986645238,0.01,0.07805348469920109,0.16706950612638755,6.127129327705453,0.01,0.13930734527484576,0.4143811762928486,38.638779306905455,0.01,0.1383682758064076,0.33149370734347594,6.768043288071121,0.01,0.08601053117607695,0.13966399583520023,9.130987347972068
7.54,33.80099807762963,31.806817488873012,1.9941805887566169,0.46754498372761355,15.178546267057655,0.0687912067614145,1.0441505145948593,1.0441505145948593,1.0441505145948593,0.0,-0.0,0,0.01,0.01,0.1491711003646729,0.2905521387629979,25.672426161776276,0.01,0.08317216351583985,0.1795534498989172,6.4888746819617635,0.01,0.07816175464866898,0.16718125337987666,6.142463463603577,0.01,0.1391914304178104,0.4142538142394162,38.329342166403805,0.01,0.13824767596892454,0.3313663452900436,6.693132648615665,0.01,0.08595150260105816,0.13960368097350773,9.037060172958418
7.55,34.11016249999999,32.07609888374561,2.0340636162543815,0.4720390826864606,15.41312641529746,0.0690991035993062,1.0650332189598422,1.0650332189598422,1.0650332189598422,0.0,-0.0,0,0.01,0.01,0.14927776265469134,0.29066490636342734,25.845853148545565,0.01,0.08328176294491733,0.1796662174993466,6.503935143137296,0.01,0.07827102603292518,0.1672940209803061,6.157822267648504,0.01,0.13907378910831836,0.41412456012424215,38.017407484033434,0.01,0.13812527924187726,0.33123709117486955,6.617568466238847,0.01,0.08589196587012478,0.13954284872234166,8.942799089771656
7.5600000000000005,34.422056855703715,32.34795081016774,2.074106045535976,0.47651462701895353,15.646253333723754,0.06940954890222287,1.0859993859036665,1.0859993859036665,1.0859993859036665,0.0,-0.0,0,0.01,0.01,0.149385390123581,0.2907786888641563,26.021509884732737,0.01,0.08339236222796714,0.17978000000007563,6.5189697612116655,0.01,0.07838129495433566,0.16740780348103512,6.173170980501996,0.01,0.138954405932494,0.41399339840331006,37.70304414985334,0.01,0.1380010688462183,0.33110592945393746,6.541378854938117,0.01,0.085831922890913,0.13948150160644995,8.848254811722157
7.57,34.73663208251853,32.622356641950056,2.114275440568473,0.48095668592582125,15.877684547101568,0.0697225107776368,1.1070320319592064,1.1070320319592064,1.1070320319592064,0.0,-0.0,0,0.01,0.01,0.14949397385297192,0.29089347580683406,26.199364451610574,0.01,0.08350395266319374,0.17989478694275338,6.533941814543274,0.01,0.07849255262067485,0.16752259042371287,6.1884750772528045,0.01,0.1388332706182019,0.4138603191982666,37.386335187557194,0.01,0.1378750332465807,0.330972850248894,6.4645962845972,0.01,0.08577104822935051,0.13941964478850477,8.77727962029673
7.58,35.053838336000005,32.89931573329012,2.154522602709882,0.4854439094226112,16.107053210368772,0.07003797541635652,1.1281053967777543,1.1281053967777543,1.1281053967777543,0.0,-0.0,0,0.01,0.01,0.1496035070509143,0.29100926333355015,26.37957048510883,0.01,0.08361652719514782,0.18001057446946947,6.548944340903258,0.01,0.07860479222442808,0.16763837795042896,6.203827426814321,0.01,0.138710370171133,0.4137253048854662,37.067231634706125,0.01,0.13774715992007538,0.3308378359360936,6.387179822616266,0.01,0.08570883048827832,0.13935727980868287,8.76665622845259
7.59,35.373625007259264,33.178863862094616,2.194761145164644,0.4899910619796384,16.333713327595007,0.0703559702126922,1.1491742483389278,1.1491742483389278,1.1491742483389278,0.0,-0.0,0,0.01,0.01,0.14971399818362494,0.29112606270584296,26.56226703785949,0.01,0.08373009408581937,0.18012737384176225,6.564055937413285,0.01,0.07871802244718795,0.16775517732272174,6.219299302957052,0.01,0.13858567424293167,0.4135883198545554,36.74567143370162,0.01,0.13761741975599412,0.33070085090518275,6.309074780061512,0.01,0.08564606726511985,0.13929440000746407,8.758248126675891
7.6000000000000005,35.69594074074076,33.461024848031435,2.2349158927093242,0.4945610302674614,16.55711705143747,0.0706765085583656,1.1701992249877813,1.1701992249877813,1.1701992249877813,0.0,-0.0,0,0.01,0.01,0.14982545479929177,0.2912438800599668,26.7474181703897,0.01,0.08384466150627086,0.1802451911958861,6.579222281651607,0.01,0.07883225133791245,0.1678729946768456,6.23483693471599,0.01,0.13845915337764297,0.413449333938162,36.421714273712354,0.01,0.13748578159781658,0.33056186498878937,6.230308162990821,0.01,0.08558278561699025,0.13923100143444397,8.749817758508804
7.61,36.020733452000016,33.745799504346415,2.274933947653596,0.4991112412823641,16.776897457360604,0.07099957740016033,1.1911526295584274,1.1911526295584274,1.1911526295584274,0.0,-0.0,0,0.01,0.01,0.14993787569877526,0.291362711810598,26.934952408490698,0.01,0.0839602289058428,0.18036402294651727,6.594367802947601,0.01,0.0789474780979007,0.16799182642747676,6.2503684861992514,0.01,0.13833078759509929,0.4133083280469121,36.09546171950567,0.01,0.13735222308736303,0.3304208590975395,6.150931030016478,0.01,0.08551898594709197,0.13916708531145444,8.741424142422499
7.62,36.34795034548148,34.03316353993283,2.3147868055486533,0.5035966893352334,16.992881072090764,0.07132513503828392,1.2120195371563725,1.2120195371563725,1.2120195371563725,0.0,-0.0,0,0.01,0.01,0.15005124973522438,0.2914825438059455,27.124777956595864,0.01,0.08407678558762469,0.1804838549418648,6.609411765785098,0.01,0.07906369178938596,0.1681116584228243,6.265817360729485,0.01,0.13820056797275068,0.4131652955137355,35.76704967894342,0.01,0.13721673311438468,0.3302778265643629,6.071006095943728,0.01,0.08545467383214794,0.1391026584737641,8.733157912895452
7.63,36.67753793229629,34.323066788461475,2.3544711438348167,0.50797209379147,17.20508991597876,0.07165311045241957,1.2327982080934363,1.232798208093436,1.2327982080934363,0.0,-0.0,0,0.01,0.01,0.1501655554195409,0.29160335104250845,27.316787137732696,0.01,0.08419431026464592,0.18060466217842774,6.624272642983075,0.01,0.07918087091579089,0.16823246565938724,6.281106154172977,0.01,0.13806849742266117,0.41302024281181215,35.436645626913574,0.01,0.13707931278553734,0.33013277386243955,5.990604708579194,0.01,0.08538986058995844,0.13903773351101312,8.725110546975968
7.640000000000001,37.00944204800002,34.61543366679416,2.3940083812058583,0.5121940382273168,17.41373409668806,0.07198340403106634,1.2534998571714528,1.2534998571714528,1.2534998571714528,0.0,-0.0,0,0.01,0.01,0.1502807610301483,0.291725097896438,27.510861102989576,0.01,0.08431277114268096,0.18072640903235732,6.638871920892911,0.01,0.07929898351872415,0.16835421251331678,6.296160241921224,0.01,0.1379345909218898,0.41287318967143216,35.10444450216563,0.01,0.136939975759553,0.32998572072205956,5.909804257457376,0.01,0.08532456320947904,0.13897232863208364,8.71736967407646
7.65,37.343607870370384,34.9101648283991,2.433443041971289,0.5162230018879325,17.619195496328366,0.07231588965170879,1.2741477972643667,1.2741477972643667,1.2741477972643667,0.0,-0.0,0,0.01,0.01,0.15039682520892367,0.29184773885475235,27.70687490037434,0.01,0.08443212650230647,0.18084904999067164,6.653137637788909,0.01,0.07941798777115035,0.16847685347163113,6.310911127309401,0.01,0.13779887519105885,0.41272416859005323,34.77066333929744,0.01,0.13679874800276165,0.3298366996406806,5.828685382317059,0.01,0.08525880400707034,0.13890646726376055,8.710014945542655
7.66,37.679979937185195,35.20713992249449,2.472840014690703,0.5200251876136103,17.82200350168466,0.07265041799706416,1.2947760039425316,1.2947760039425316,1.2947760039425316,0.0,-0.0,0,0.01,0.01,0.15051369800933043,0.2919712197065338,27.90470268967385,0.01,0.08455232574633056,0.1809725308424531,6.667007519857515,0.01,0.07953783303276334,0.1686003343234126,6.325299415391669,0.01,0.13766138783580054,0.41257322375784167,34.43553490160885,0.01,0.13665566698119735,0.32968575480846907,5.747329058410557,0.01,0.08519261003248177,0.1388401774052602,8.703114354449388
7.67,38.018502164,35.50622131758159,2.512280846418408,0.5235740604420626,18.022804093950775,0.07298682093455425,1.3154271751437363,1.3154271751437365,1.3154271751437363,0.0,-0.0,0,0.01,0.01,0.15063132234130086,0.29209547913250977,28.104222886469273,0.01,0.08467331085698215,0.18109679026842906,6.680431590658789,0.01,0.07965846131172218,0.16872459374938856,6.339277294094207,0.01,0.13752217599136257,0.41242040944896896,34.09930062899882,0.01,0.13651078032758246,0.32953294049959636,5.665813692802229,0.01,0.08512601225581001,0.13877349077213091,8.69672116546902
7.68,38.359117861925924,35.8072586029599,2.5518592589660267,0.5268515253453179,18.22232391056546,0.07332491673683192,1.3361503834937938,1.3361503834937938,1.3361503834937938,0.0,-0.0,0,0.01,0.01,0.15074963573870132,0.29222045061279217,28.305323026895568,0.01,0.08479501818791073,0.18122176174871144,6.693374159017333,0.01,0.07977980905774343,0.16884956522967093,6.352810431987463,0.01,0.13738129453462242,0.4122657879547893,33.76220324596574,0.01,0.13636414404644667,0.3293783190054167,5.584212368005115,0.01,0.08505904457679421,0.13870644177276586,8.690871586485988
7.69,38.70176975540741,36.11009364587783,2.591676109529579,0.5298486901606327,18.421331104008765,0.07366451588298885,1.35699843769705,1.35699843769705,1.35699843769705,0.0,-0.0,0,0.01,0.01,0.15086857236032028,0.29234606455791173,28.507904157827767,0.01,0.08491738050059076,0.181347375693831,6.705815120064427,0.01,0.0799018091962567,0.1689751791747905,6.365879229656124,0.01,0.1372388039488459,0.4121094271574967,33.424479389712744,0.01,0.1362158203430886,0.32922195820812405,5.502590362074671,0.01,0.08499174270590998,0.13863906636835918,8.68558327702328
7.7,39.04640000000001,36.414565956846836,2.631834043153176,0.5325661799150528,18.620594942199382,0.07400542715474359,1.3780250825729234,1.3780250825729234,1.3780250825729234,0.0,-0.0,0,0.01,0.01,0.150988065124932,0.2924722505583189,28.711884574806678,0.01,0.08504032914387923,0.18147356169423817,6.7177505331305625,0.01,0.08002439330262652,0.16910136517519767,6.37847938867819,0.01,0.13709476794367229,0.4119513978608183,33.086352616442795,0.01,0.13606587518060426,0.32906392891144565,5.421003061320337,0.01,0.08492414297237057,0.13857140087223502,8.680854749571914
7.71,39.39295020014814,36.720518102526384,2.672432097621761,0.5350139904872578,18.820846118632023,0.07434746373060794,1.3992821741843475,1.3992821741843475,1.3992821741843475,0.0,-0.0,0,0.01,0.01,0.15110804787557203,0.292598939642701,28.917202752557017,0.01,0.08516379626971425,0.18160025077862027,6.729192467937964,0.01,0.08014749380979827,0.16922805425957976,6.390621788253301,0.01,0.13694925094514449,0.41179177100680003,32.74802712496561,0.01,0.13591437568282178,0.3289043020574274,5.339494363782702,0.01,0.08485628111709459,0.13850348074684568,8.67666567872094
7.72,39.74136142696295,37.02780090509112,2.7135605218718326,0.5372108918676339,19.022739668684515,0.07469044898421967,1.4208169667639725,1.4208169667639725,1.4208169667639725,0.0,-0.0,0,0.01,0.01,0.15122845746791924,0.29272606643600213,29.123819340877038,0.01,0.08528771697747206,0.1817273775719214,6.740168137079451,0.01,0.08027104614234068,0.1693551810528809,6.402331684631728,0.01,0.13680231557744854,0.4116306149140654,32.40968250129374,0.01,0.13576138750896385,0.3287431459646928,5.258095649153232,0.01,0.08478819112882784,0.1384353394562912,8.672978092829702
7.73,40.091574236000014,37.336278179144074,2.7552960568559395,0.5391834130880767,19.226822227157058,0.07503422171048536,1.4426696417805907,1.4426696417805907,1.4426696417805907,0.0,-0.0,0,0.01,0.01,0.1513492356825661,0.2928535711138855,29.3317181328902,0.01,0.0854120312842706,0.18185488224980478,6.750718358317702,0.01,0.08039499067469065,0.16948268573076425,6.413647272816394,0.01,0.13665402025896647,0.41146799267264633,32.071469737293505,0.01,0.135606972327741,0.32858052372327373,5.1768253646531575,0.01,0.08471990417892396,0.1383670074289623,8.669738383249832
7.74,40.443528685037045,37.645830781437745,2.7976979035993006,0.5409644611193682,19.43350512083997,0.0753786405339525,1.4648711968185213,1.4648711968185215,1.4648711968185213,0.0,-0.0,0,0.01,0.01,0.1514703308706761,0.29298140106124176,29.540905952725815,0.01,0.08553668582820873,0.18198271219716103,6.760895415083992,0.01,0.08051927442114659,0.16961051567812052,6.424617673827146,0.01,0.13650441703015742,0.4113039598234981,31.733508712645122,0.01,0.13545118551419477,0.3284164908741255,5.095689247419272,0.01,0.08465144770494751,0.13829851117905428,8.666880030025096
7.75,40.797164351851855,37.95635978371248,2.840804568139372,0.5425916436588649,19.643044481909914,0.07572358729634174,1.4874417935918294,1.4874417935918292,1.4874417935918294,0.0,-0.0,0,0.01,0.01,0.15159169925654944,0.2931095121576662,29.75141145571475,0.01,0.0856616352256201,0.18211082329358544,6.770760407572646,0.01,0.08064385237927016,0.16973862677454493,6.435300433978407,0.01,0.13635354971983915,0.4111385624373598,31.39588725532336,0.01,0.13529407418210765,0.3282510934879872,5.0146811733041385,0.01,0.0845828446855365,0.13822987262751354,8.66432691066583
7.76,41.152420351999986,38.26778862310597,2.8846317288940164,0.5441053798552294,19.85552920923205,0.07606896927222864,1.510389641300911,1.510389641300911,1.510389641300911,0.0,-0.0,0,0.01,0.01,0.151713305838208,0.29323786963181586,29.963282883965476,0.01,0.08578684302115615,0.18223918076773513,6.780380209320698,0.01,0.08076868846609947,0.16986698424869462,6.445758644475792,0.01,0.1362014525401375,0.4109718356883132,31.058661815183797,0.01,0.13513567564864223,0.3280843667389406,4.933784591117933,0.01,0.08451411313924931,0.13816110865288977,8.661997031760961
7.7700000000000005,41.50923535659261,38.58006413561553,2.9291712209770835,0.5455468929127526,20.070877213136946,0.07641472012082855,1.533710464821375,1.5337104648213749,1.533710464821375,0.0,-0.0,0,0.01,0.01,0.15183512484737585,0.29336644844825494,30.17658487173985,0.01,0.08591228218998512,0.18236775958417425,6.7898241643883175,0.01,0.08089375600704593,0.16999556306513375,6.4560578092211305,0.01,0.13604814917948538,0.4108038029931537,30.72185970220871,0.01,0.13497601640684537,0.32791633404378107,4.852974471652145,0.01,0.08444526586890433,0.13809223089108008,8.659806503714998
7.78,41.86754761007409,38.893156433433944,2.974391176640147,0.5469561836767755,20.28883997400273,0.07676079954471204,1.5573875782391644,1.5573875782391644,1.5573875782391644,0.0,-0.0,0,0.01,0.01,0.15195713975215414,0.2934952332136917,30.39139444505625,0.01,0.0860379351735869,0.182496544349611,6.799160676302305,0.01,0.08101903775951846,0.17012434783057048,6.466262604500386,0.01,0.13589365243861876,0.41063447575973233,30.385482759958794,0.01,0.1348151116567767,0.32774700681035973,4.77221967403677,0.01,0.08437631046077247,0.13802324579063613,8.657673566557122
7.79,42.227294948,39.20705764383998,3.020237304160024,0.5483700844669437,20.509015045372575,0.07710719168989558,1.5813925544744956,1.5813925544744956,1.5813925544744956,0.0,-0.0,0,0.01,0.01,0.15207934280818303,0.2936242176132282,30.60779640449244,0.01,0.08616379345344626,0.18262552874914748,6.808453850287405,0.01,0.08114452547610586,0.17025333223010697,6.4764336843934815,0.01,0.13573796442776365,0.41046385375718997,30.049512270565085,0.01,0.13465296541855667,0.32757638480781737,4.691485609633971,0.01,0.08430724953549504,0.13795415491779744,8.655522472761568
7.8,42.588414814814804,39.521779582845255,3.066635231969547,0.5498204876101712,20.730865757123162,0.07745390238293079,1.6056864526658599,1.60568645266586,1.6056864526658599,0.0,-0.0,0,0.01,0.01,0.15220173418604788,0.29375340341019224,30.825878316138816,0.01,0.08628985668930164,0.18275471454611153,6.817760353171789,0.01,0.08127021903444487,0.17038251802707102,6.486624688781884,0.01,0.13558107731550048,0.41029192609006093,29.71391482439366,0.01,0.13448957122195074,0.3274044571406883,4.610737067410837,0.01,0.08423808123540326,0.13788495549330604,8.653287038810264
7.8100000000000005,42.95084428162964,39.83735048820762,3.113493793422022,0.5513328336139101,20.953747040795292,0.07780095535632653,1.6302215380686735,1.6302215380686738,1.6302215380686735,0.0,-0.0,0,0.01,0.01,0.15232432072305754,0.2938827990641446,31.04572535886136,0.01,0.08641613146942931,0.1828841102000639,6.8271266490704665,0.01,0.08139612518164416,0.1705119136810234,6.496879605018954,0.01,0.13542297459254055,0.41011867272816716,29.378648838932897,0.01,0.1343249133386808,0.32723120377879455,4.529941055494299,0.01,0.08416879992159806,0.13781564113198716,8.650913694512054
7.82,43.31452006400001,40.15381098117583,3.1607090828241744,0.5529249302486187,21.176936022846373,0.07814838766116838,1.6549434057891599,1.6549434057891599,1.6549434057891599,0.0,-0.0,0,0.01,0.01,0.15244711436531952,0.2940124180397394,31.267415285293506,0.01,0.08654262973874986,0.18301372917565867,6.83658675316336,0.01,0.08152225595933561,0.17064153265661816,6.507230619455128,0.01,0.13526363278823897,0.4099440665166307,29.043671380713047,0.01,0.13415896849691067,0.327056597567258,4.4490695124528905,0.01,0.08409939704426728,0.13774620274654611,8.648363883743015
7.83,43.679378539703706,40.47120946226479,3.208169077438921,0.5546061567295979,21.39966582474524,0.07849624450289006,1.679793400859343,1.679793400859343,1.679793400859343,0.0,-0.0,0,0.01,0.01,0.1525701303804151,0.29414227689337147,31.491013747108433,0.01,0.086669366985482,0.18314358802929076,6.846160620247357,0.01,0.08164862689023503,0.17077139151025025,6.5176965705880825,0.01,0.13510302355538797,0.4097680755665921,28.708944932214493,0.01,0.1339917079936418,0.32688060661721946,4.36810174878602,0.01,0.08402986214173615,0.13767662956951832,8.645615703915157
7.84,44.04535576651851,40.789597171784955,3.2557585947335568,0.5563770876245513,21.62116088053783,0.07884457376109787,1.7047112138461284,1.7047112138461284,1.7047112138461284,0.0,-0.0,0,0.01,0.01,0.1526933854312665,0.2942723932343308,31.71657021337493,0.01,0.08679636027794058,0.1832737043702501,6.855853250925156,0.01,0.0817752550178188,0.17090150785120958,6.5282820835067055,0.01,0.13494111602078745,0.40959066590854487,28.37444375387452,0.01,0.13382310010125312,0.32670319695917227,4.287026493949819,0.01,0.08396018391804341,0.13760691024215102,8.642664710889024
7.8500000000000005,44.41238750000002,41.1090231596405,3.303364340359526,0.5582295500971779,21.840672037996928,0.07919342046610212,1.72963752396733,1.72963752396733,1.72963752396733,0.0,-0.0,0,0.01,0.01,0.1528168956075167,0.29440278366206124,31.944114675453235,0.01,0.08692362624938624,0.18340409479798053,6.865654558132133,0.01,0.08190215689687805,0.17103189827894003,6.538977426993114,0.01,0.13477787928616355,0.40941180427746465,28.04015951814482,0.01,0.13365311265008714,0.326524335328092,4.205843446029946,0.01,0.08389035134565585,0.13753703391640784,8.639523859014316
7.86,44.78040921125927,41.42952941054471,3.350879800714562,0.5601471067102192,22.057509749830427,0.07954282150298969,1.7545165608312163,1.7545165608312163,1.7545165608312163,0.0,-0.0,0,0.01,0.01,0.15294067451167156,0.29453346178093615,32.17365528628493,0.01,0.08705117913029964,0.18353477291685547,6.875539993422043,0.01,0.08202934663401996,0.17116257639781496,6.549759093517527,0.01,0.1346132849568139,0.40923146089272855,27.706105936108113,0.01,0.13348171566050399,0.3263439919433559,4.124564248505707,0.01,0.08382035473940275,0.1374669913163748,8.636222591024215
7.87,45.14935610474075,41.75114636037872,3.3982097443620276,0.5621059353231505,22.271073783617886,0.0798928007989888,1.7792984613741658,1.7792984613741658,1.7792984613741658,0.0,-0.0,0,0.01,0.01,0.15306473149338143,0.29466443638879053,32.40517702958426,0.01,0.08717902892402891,0.18366574752470982,6.885471889254169,0.01,0.08215683407362044,0.1712935510056693,6.560591061260209,0.01,0.13444730957421808,0.4090496120964186,27.372322154845843,0.01,0.1333088838955909,0.32616214314704595,4.043212849695374,0.01,0.08375018674982068,0.13739677570804631,8.632805135415921
7.88,45.51916313600001,42.073889017627316,3.445274118372692,0.5640760586315975,22.48087807607059,0.0802433652224922,1.8039413099804502,1.80394130998045,1.8039413099804502,0.0,-0.0,0,0.01,0.01,0.1531890701168024,0.2947957099256366,32.63864145964099,0.01,0.08730717981364129,0.18379702106155588,6.89540143409623,0.01,0.08228462321649704,0.17142482454251537,6.571426659799912,0.01,0.13427993683378775,0.40886624272088823,27.038874771229064,0.01,0.1331345992098061,0.32597877377151563,3.961825233398405,0.01,0.08367984322870277,0.137326383731617,8.629328108394105
7.890000000000001,45.8897650294815,42.39775387189888,3.4920111575826294,0.5660228594949661,22.686569618131255,0.08059450138396347,1.828412766485863,1.8284127664858632,1.828412766485863,0.0,-0.0,0,0.01,0.01,0.15331368693343883,0.2949272772550797,32.873987498756065,0.01,0.08743562887542763,0.18392858839099904,6.9052711641095454,0.01,0.08241271094610796,0.17155639187195854,6.582210929689613,0.01,0.1341111594796604,0.4086813480700287,26.7058583816543,0.01,0.13295885257901646,0.32579387912065605,3.8804485419651122,0.01,0.08360932392648704,0.13725581605771214,8.62585755103104
7.9,46.261096296296316,42.72271673116767,3.5383795651286385,0.5679088051225046,22.887940568472377,0.08094617348209288,1.8526912079033964,1.8526912079033964,1.8526912079033964,0.0,-0.0,0,0.01,0.01,0.153438570616899,0.29505912483369723,33.111133229935156,0.01,0.08756436515850873,0.1840604359696165,6.915017831050326,0.01,0.08254108612104533,0.17168823945057599,6.592883343168927,0.01,0.13394098078441918,0.40849493541780324,26.373394662947284,0.01,0.13278164571314835,0.3256074664684306,3.7991396437300007,0.01,0.08353863298983033,0.13718507783805253,8.622465557370985
7.91,46.63309125200001,43.048731582636044,3.584359669363963,0.569695293996391,23.084933137906493,0.08129832228542001,1.8767663341828944,1.8767663341828944,1.8767663341828944,0.0,-0.0,0,0.01,0.01,0.15356370149742718,0.29519123030393024,33.34997857965665,0.01,0.08769336917120821,0.18419254143984953,6.924575491614095,0.01,0.08266972907381473,0.17182034492080905,6.603380739422013,0.01,0.1337694155420505,0.4083070249513591,26.041630053415773,0.01,0.13260299217322083,0.32541955600198647,3.7179632236725886,0.01,0.08346777923784324,0.1371141789314241,8.61922666634316
7.92,47.00568403437038,43.37573052133038,3.629953513039998,0.5713445344722392,23.277637148383512,0.08165086528288264,1.9006392149064866,1.9006392149064866,1.9006392149064866,0.0,-0.0,0,0.01,0.01,0.15368905151386572,0.295323562524867,33.59040875046899,0.01,0.08782261279425865,0.18432487366078631,6.933878659040707,0.01,0.08279861153534425,0.1719526771417458,6.613640323492343,0.01,0.13359649052633213,0.4081176501132435,25.710732171335515,0.01,0.1324229179388633,0.3252301811638709,3.6369894983291116,0.01,0.08339677620650225,0.13704313389696945,8.616214197360145
7.930000000000001,47.378808621185215,43.70362473820845,3.6751838829767665,0.5728213634814406,23.466280529365147,0.08200369797919982,1.9243217812252367,1.9243217812252367,1.9243217812252367,0.0,-0.0,0,0.01,0.01,0.15381458457988328,0.2954560820337075,33.83229823615807,0.01,0.08795205961955933,0.18445739316962675,6.9428653625467724,0.01,0.08292769698340619,0.17208519665058625,6.623602582208499,0.01,0.13342224439302344,0.40792685732662604,25.380885167854466,0.01,0.13224146139935788,0.32503938837725344,3.556291672283291,0.01,0.08332564196215357,0.13697196175820398,8.613496707785652
7.94,47.75239884800002,44.03230655537183,3.7200922926281916,0.5740962861645096,23.651213039114044,0.08235669630608317,1.9478357695327897,1.9478357695327895,1.9478357695327897,0.0,-0.0,0,0.01,0.01,0.15394025734484115,0.2955887419287845,34.07551598611201,0.01,0.08808166569504973,0.18459005306470375,6.9514804083771455,0.01,0.08305694139537519,0.17221785654566324,6.633214435394714,0.01,0.1332467270277073,0.4077347050899357,25.052283789833265,0.01,0.13205825546172753,0.3248472361405631,3.479511496222549,0.01,0.08325439869433726,0.13690068554200086,8.611134142245975
7.95,48.12638842592593,44.361678547231136,3.764709878694789,0.5752761769429127,23.832710535721755,0.08270974801682227,1.9711974829674117,1.9711974829674115,1.9711974829674117,0.0,-0.0,0,0.01,0.01,0.1540660265876533,0.2957214996579148,34.32013992672921,0.01,0.08821138606371301,0.1847228107938341,6.959813678703273,0.01,0.08318630006796697,0.1723506142747936,6.642567068389193,0.01,0.13306999113688503,0.40754124709059525,24.72496749323919,0.01,0.13186761197535965,0.3246537781412226,3.455466514219782,0.01,0.08318306881554635,0.13682932595521782,8.609004115667174
7.96,48.500710959407414,44.69174166308733,3.8089692963200847,0.5765216537037761,24.010393784125167,0.08306284677277218,1.9943716598447103,1.9943716598447103,1.9943716598447103,0.0,-0.0,0,0.01,0.01,0.15419188245379056,0.29585435244281755,34.56654475916248,0.01,0.08834120722557759,0.18485566357873684,6.968162260712409,0.01,0.08331576055899069,0.17248346705969633,6.651945216444207,0.01,0.1328920483069836,0.407346479942279,24.398666673331427,0.01,0.13167370491068214,0.3244590109929064,3.4481291172996626,0.01,0.08311165653233946,0.136757882331344,8.606757219803768
7.97,48.87529996399998,45.02254000487138,3.8527599591286,0.5778597796381594,24.183605282897076,0.08341603221172919,2.0173003972738868,2.0173003972738868,2.0173003972738868,0.0,-0.0,0,0.01,0.01,0.15431783732881557,0.2959873148266773,34.81484401419764,0.01,0.08847114063069021,0.18498862596259658,6.976602970266273,0.01,0.08344533472211133,0.17261642944355607,6.661417408649203,0.01,0.13271287594875192,0.40715037465146986,24.073285928927266,0.01,0.1314782510087895,0.32426290570209726,3.442575361916684,0.01,0.08304007485477843,0.13668620187707903,8.599676941052708
7.98,49.25008888414816,45.354143561459395,3.895945322688762,0.5793367146165176,24.35152817529344,0.08376937110778158,2.0399122007577555,2.0399122007577555,2.0399122007577555,0.0,-0.0,0,0.01,0.01,0.15444391279555125,0.296120411625033,35.065200516158754,0.01,0.08860120748755917,0.18512172276095226,6.985221271456805,0.01,0.08357504399319957,0.17274952624191175,6.671065792363837,0.01,0.13253243748399635,0.40695288633549687,23.74869798626412,0.01,0.13128141206112268,0.32406541738612427,3.437041630568481,0.01,0.08296785267164787,0.13661380083813318,8.586861588015209
7.99,49.62501111096297,45.68661875983379,3.938392351129178,0.5809023096945606,24.513381973008755,0.08412292580222205,2.062137412876943,2.062137412876943,2.062137412876943,0.0,-0.0,0,0.01,0.01,0.1545701324340961,0.29625366605274045,35.317594070878805,0.01,0.08873143233905537,0.18525497718865977,6.993967263637747,0.01,0.08370491278356303,0.17288278066961926,6.680839332001194,0.01,0.13235069064194374,0.40675397153030135,23.42491450607937,0.01,0.1310831650533573,0.3238665025809287,3.4313537619057057,0.01,0.08289486129706995,0.1365406255298365,8.573689066599359
8.0,50.0,46.01999809963019,3.9800019003698073,0.5824930296247206,24.668619610231822,0.0844767220395333,2.083924121912534,2.083924121912534,2.083924121912534,0.0,-0.0,0,0.01,0.01,0.15469650770454105,0.29638708758555915,35.57193089190481,0.01,0.08886182816402627,0.18538839872147841,7.002738608115395,0.01,0.08383495368490326,0.1730162022024379,6.690639815519692,0.01,0.1321676081252856,0.4065536065327042,23.102036535082856,0.01,0.13088348029985059,0.3236661375833316,3.4255629131938825,0.01,0.08282108732489477,0.13646666564614998,8.5603817767047
8.01,50.37498888903704,46.354276241470544,4.0207126475665005,0.5840403920217014,24.81694831997116,0.08483074518893388,2.1052402192984143,2.1052402192984143,2.1052402192984143,0.0,-0.0,0,0.01,0.01,0.15482303579441306,0.2965206704943294,35.82807906122134,0.01,0.08899239343065006,0.18552198163024872,7.011422135705493,0.01,0.08396516476868571,0.1731497851112082,6.700358936400014,0.01,0.131983182403919,0.4063517902317412,22.78021412613204,0.01,0.13068234673967258,0.3234643212823685,3.419753886217538,0.01,0.08274652685986146,0.13639191917327503,8.54707450246436
8.02,50.74991111585184,46.68940813818232,4.0605029776695165,0.5854743278521289,24.9583367707638,0.08518493868195133,2.1260743874210055,2.1260743874210055,2.1260743874210055,0.0,-0.0,0,0.01,0.01,0.1549496988839838,0.29665439321171394,36.0858733697233,0.01,0.08912311123711303,0.18565570434763323,7.019900317392586,0.01,0.08409552876333534,0.17328350782859273,6.709884118519485,0.01,0.1317974275610485,0.40614854576128157,22.459640339753975,0.01,0.13047977658770996,0.32326107681190897,3.4140195424780466,0.01,0.08267118494130656,0.13631639314534158,8.53390985070592
8.03,51.12470003599998,47.02530910180881,4.099390934191171,0.5867265684832536,25.093009524874752,0.08553920452281727,2.1464360738412633,2.1464360738412633,2.1464360738412633,0.0,-0.0,0,0.01,0.01,0.15507646415940107,0.29678821848070913,36.34512144863311,0.01,0.08925394924765423,0.18578952961662845,7.02805694170044,0.01,0.08422601301049026,0.17341733309758794,6.719103918076437,0.01,0.13161038005614137,0.40594392100000337,22.140544227114177,0.01,0.13027580664403143,0.3230564520506307,3.4084539063807013,0.01,0.08259507595636374,0.1362401039783322,8.521032569833297
8.040000000000001,51.49928904059263,47.36185677246384,4.137432268128789,0.5877338973807342,25.221429391263484,0.08589340580607756,2.1663544697131263,2.1663544697131263,2.1663544697131263,0.0,-0.0,0,0.01,0.01,0.15520328455797824,0.2969220942632132,36.60561094318353,0.01,0.08938486038392224,0.18592340539913246,7.0357825256393856,0.01,0.08435657017298581,0.17355120888009196,6.727913192103901,0.01,0.1314220984296087,0.40573798790194016,21.823182139868393,0.01,0.1300704981817828,0.32285051895256756,3.4031474385156146,0.01,0.08251822363076318,0.13616307736580793,8.508582766086933
8.05,51.87361157407412,47.698894868512575,4.174716705561545,0.5884411161704695,25.34426879355357,0.08624737108445506,2.185876555501789,2.185876555501789,2.185876555501789,0.0,-0.0,0,0.01,0.01,0.1553301001968035,0.2970559553522447,36.86711741592559,0.01,0.08951578422423889,0.18605726648816404,7.042979246373313,0.01,0.08448713964696909,0.17368506996912353,6.736217819312886,0.01,0.13123266197060168,0.4055308406946515,21.50782778354174,0.01,0.1298639356478187,0.3226433717452789,3.3981827962369366,0.01,0.08244066058207981,0.13608534774030256,8.496689377239717
8.06,52.24760115200001,48.03623851461713,4.211362637382875,0.5888035868681638,25.46237177403727,0.08660090034434623,2.205064320534096,2.205064320534096,2.205064320534096,0.0,-0.0,0,0.01,0.01,0.1554568404037829,0.29718972559869816,37.12941264404264,0.01,0.08964664903067011,0.18619103673461743,7.049565195467436,0.01,0.0846176495976339,0.17381884021557692,6.743938783325017,0.01,0.13104216841678634,0.40532259303596546,21.194761517333124,0.01,0.12965622426905457,0.3224351240865928,3.3936310593817045,0.01,0.08236242745574485,0.13600695732519702,8.485464220499187
8.07,52.62119137881482,48.37368087110493,4.247510507709894,0.5887892334694624,25.57670866994765,0.08695377227293416,2.2239913011778087,2.2239913011778087,2.2239913011778087,0.0,-0.0,0,0.01,0.01,0.1555834262422645,0.29732332063527533,37.392272967163905,0.01,0.08977737429448213,0.18632463177119463,7.055477800478557,0.01,0.08474801950897864,0.17395243525215412,6.751015468892038,0.01,0.1308507308013897,0.40511337427030636,20.884259429801524,0.01,0.12944748668830072,0.32222590532093376,3.38954856131988,0.01,0.08228357168478946,0.13592795482200487,8.474996890523835
8.08,52.99431596562964,48.7110007289679,4.283315236661739,0.5883799131708819,25.688325804872644,0.0873057524438675,2.2427386134176244,2.2427386134176244,2.2427386134176244,0.0,-0.0,0,0.01,0.01,0.15570977339821557,0.29745665095804696,37.65548734313964,0.01,0.0899078736671542,0.18645796209396626,7.060676302642932,0.01,0.08487816311481171,0.17408576557492572,6.757408062902094,0.01,0.13065847360375188,0.40490332496904136,20.5765827206787,0.01,0.12923785879796676,0.3220158560196687,3.3859744543454435,0.01,0.08220414593301942,0.13584839379615518,8.465350740919964
8.09,53.36690874799999,49.047970692345636,4.318938055654361,0.587572098673521,25.79829272366547,0.08765660201037592,2.261390677825521,2.261390677825521,2.261390677825521,0.0,-0.0,0,0.01,0.01,0.1558357952835876,0.2975896252109771,37.918864777020204,0.01,0.09003805812776507,0.1865909363468964,7.0651432207032485,0.01,0.08500799156206786,0.1742187398278559,6.76309899070205,0.01,0.13046552839292477,0.40469259197389695,20.27196789683055,0.01,0.12902748497856115,0.32180512302452435,3.3829291052683867,0.01,0.0821242062972937,0.13576833083962533,8.456560131684142
8.1,53.738903703703684,49.384365546513784,4.354538157189903,0.5863768468224475,25.90764955776598,0.08800608647715989,2.280030847400706,2.280030847400706,2.280030847400706,0.0,-0.0,0,0.01,0.01,0.15596140620162258,0.2977221535113553,38.18224080552488,0.01,0.09016783922893694,0.18672346464727457,7.068884768688806,0.01,0.08513741664901243,0.1743512681282341,6.76809335391423,0.01,0.13027202917786773,0.40448132318653873,19.970618246293398,0.01,0.12881651297741986,0.32159385423716613,3.3804133802210625,0.01,0.08204381035695225,0.1356878236003275,8.448629067284124
8.11,54.11023497051849,49.71997040523003,4.390264565288464,0.5848190636554781,26.017357040289557,0.0883539841259777,2.2987371509376375,2.2987371509376375,2.2987371509376375,0.0,-0.0,0,0.01,0.01,0.15608652441967955,0.2978541506546818,38.44548274690657,0.01,0.09029713226284701,0.1868554617906011,7.071930230328718,0.01,0.08526635398034324,0.1744832652715606,6.772418369089422,0.01,0.13007810769129302,0.4042696623595664,19.672696989793117,0.01,0.12860508867991088,0.3213821934101938,3.378408840173397,0.01,0.0819630151665112,0.13560692877532696,8.441531287733563
8.120000000000001,54.48083686400005,50.05458824689047,4.4262486171095805,0.582936110099172,26.12825150337412,0.08870009369409794,2.31757835641224,2.31757835641224,2.31757835641224,0.0,-0.0,0,0.01,0.01,0.15621107500254192,0.2979855390460307,38.70849346720825,0.01,0.09042585919593334,0.18698685018195,7.0743303259139525,0.01,0.08539472588838741,0.17461465366290949,6.776121838365319,0.01,0.12988388883650806,0.4040577441437092,19.378322426445813,0.01,0.1283933510295792,0.3211702751943366,3.376878831210107,0.01,0.08188187529101615,0.13552570016729237,8.435211809657734
8.13,54.85064389525928,50.38804648346014,4.462597411799147,0.580775824375209,26.24100689638918,0.08904424094822724,2.336610540806171,2.336610540806171,2.336610540806171,0.0,-0.0,0,0.01,0.01,0.15633499227359726,0.298116251220757,38.97121346900563,0.01,0.09055395123527704,0.18711756235667631,7.076154640311345,0.01,0.08552246398399065,0.17474536583763578,6.779269715139493,0.01,0.12968948651753912,0.40384568963278344,19.08756529218523,0.01,0.1281814273450899,0.32095822068341084,3.375770416889967,0.01,0.08180044098166456,0.13544418690082954,8.42958984791699
8.14,55.21959078874076,50.72020225776769,4.499388530973074,0.5783940650681755,26.356105479604523,0.08938628385675594,2.3558743257585304,2.3558743257585304,2.3558743257585304,0.0,-0.0,0,0.01,0.01,0.15645822179190572,0.2982462318397594,39.233621179330704,0.01,0.09068135091033923,0.18724754297567867,7.077488214359695,0.01,0.08564951122142242,0.17487534645663816,6.781942860608194,0.01,0.12949500005284675,0.4036336026225538,18.80044843983055,0.01,0.12796942926083055,0.32074613367318117,3.375017064512604,0.01,0.08171875658248137,0.13536243188758526,8.424562983824268
8.15,55.58761250000002,51.0509462308236,4.5366662691764255,0.5758519013298542,26.473818394332476,0.08972611613696814,2.375392903838879,2.375392903838879,2.375392903838879,0.0,-0.0,0,0.01,0.01,0.1565807217588688,0.2983754390721537,39.4957313961759,0.01,0.09080801357959549,0.187376750208073,7.078427436265778,0.01,0.08577582338750464,0.1750045536890325,6.784233120655249,0.01,0.12930051134306647,0.4034215667632433,18.51694883312968,0.01,0.1277574494857371,0.32053409781387066,3.374541963722504,0.01,0.08163685924726793,0.13528047061655823,8.42001238471726
8.16,55.95464423348149,51.380204697933685,4.574439535547806,0.5732125926924317,26.59419681056225,0.09006366903737462,2.395170939861282,2.395170939861282,2.395170939861282,0.0,-0.0,0,0.01,0.01,0.1567024637976065,0.29850384530971763,39.75759194572237,0.01,0.09093390830125411,0.18750515644563692,7.0790754036627295,0.01,0.08590136995483019,0.17513295992659642,6.786238886182853,0.01,0.12910608292495893,0.403209643739912,18.237001729443,0.01,0.12754555953299926,0.32032217479053937,3.3742618257109784,0.01,0.08155477803030795,0.1351983303295527,8.415808826057091
8.17,56.320621460296294,51.70793995654687,4.61268150374942,0.5705385096105992,26.71707383134512,0.09039891130422194,2.4151943875881168,2.4151943875881168,2.4151943875881168,0.0,-0.0,0,0.01,0.01,0.15682343307974703,0.29863143719118995,40.01927869843062,0.01,0.09105901803914318,0.18763274832710924,7.079536958814123,0.01,0.0860261342708461,0.17526055180806877,6.7880603312363395,0.01,0.12891175699912436,0.40299787256266545,17.960506812938483,0.01,0.12733380852397921,0.3201104036132928,3.374090986017309,0.01,0.08147253339524518,0.13511602962202376,8.411819223285617
8.18,56.685479936,52.03414893566696,4.651331000333041,0.5678881467279415,26.84207681475865,0.09073184737097957,2.435431216676791,2.435431216676791,2.435431216676791,0.0,-0.0,0,0.01,0.01,0.156943627806539,0.2987582149487244,40.28088918526923,0.01,0.09118333920742902,0.1877595260846437,7.079913625561068,0.01,0.08615011308715131,0.17538732956560318,6.789794549102312,0.01,0.12871755547033228,0.4027862699924375,17.687335939071765,0.01,0.12712222311552657,0.3198988010430649,3.3739456152819587,0.01,0.0813901371651659,0.1350335784877651,8.407913350245114
8.19,57.04915571837035,52.35886018181584,4.690295536554508,0.5653133739794032,26.968649283581055,0.09106251389569062,2.4558330001341067,2.4558330001341067,2.4558330001341067,0.0,-0.0,0,0.01,0.01,0.15706305808242446,0.2988841911217713,40.54253513763463,0.01,0.09130688058951822,0.18788550225769057,7.080298693717061,0.01,0.08627331546503031,0.17551330573865007,6.791530823509027,0.01,0.12852348098906405,0.4025748320709399,17.417342067832738,0.01,0.12691080854370734,0.3196873631215673,3.373747832333648,0.01,0.08130759291439497,0.13495097880317963,8.403970406437292
8.2,57.411585185185174,52.68212937564003,4.729455809545145,0.5628570564516887,27.096081152534428,0.09139097484923481,2.476337271124099,2.476337271124099,2.476337271124099,0.0,-0.0,0,0.01,0.01,0.1571817442479676,0.2990093887137489,40.80433433867524,0.01,0.09142966169582847,0.18801069984966817,7.080772700876014,0.01,0.08639576112252839,0.17563850333062767,6.793346276397262,0.01,0.1283295189336431,0.40236353666832947,17.150368903345953,0.01,0.12669955072168865,0.31947606771895687,3.3734295142722424,0.01,0.08122489678007859,0.1348682252245091,8.399885099044583
8.21,57.772705052000035,53.00403362236068,4.768671429639353,0.5605511532923763,27.223545633079457,0.09171731542403484,2.496870521789755,2.496870521789755,2.496870521789755,0.0,-0.0,0,0.01,0.01,0.15729971476395305,0.2991338388926112,41.0664022143604,0.01,0.09155171065076044,0.18813515002853048,7.081399550485455,0.01,0.08651747831393809,0.17576295350948998,6.795302123236371,0.01,0.12813564022662904,0.40215234691212554,16.88626072518646,0.01,0.12648841927794027,0.31926487796275294,3.3729356099548884,0.01,0.08114203865048325,0.13478530645058523,8.395572927918991
8.22,58.132452389925966,53.32466481503786,4.807787574888098,0.5584153801046275,27.350140892636002,0.09204163508444366,2.517351687548123,2.517351687548123,2.517351687548123,0.0,-0.0,0,0.01,0.01,0.15741700375841752,0.29925757835660316,41.32884360491733,0.01,0.09167306172003338,0.18825888949252248,7.08222347696803,0.01,0.08663850135327195,0.17588669297348197,6.797440739723568,0.01,0.1279418048392515,0.40194121531847904,16.624871894381613,0.01,0.12627737137560738,0.31905374636910644,3.3722267867521722,0.01,0.08105900366821546,0.13470220678552605,8.390974402754965
8.23,58.49076464340743,53.64412240948531,4.846642233922115,0.5564564896746287,27.47493436073359,0.09236404011473916,2.537695939444623,2.537695939444623,2.537695939444623,0.0,-0.0,0,0.01,0.01,0.15753364836247033,0.2993806465002412,41.5917451415124,0.01,0.09179375260467362,0.1883819576361605,7.083267024448989,0.01,0.08675886790825685,0.17600976111712,6.799783701060375,0.01,0.12774796580549327,0.4017300884141469,16.36607554475123,0.01,0.12606635611707565,0.3188426194647743,3.371281274883828,0.01,0.08097577397120961,0.13461890792124234,8.386057978543652
8.24,58.847579648000014,53.962505971966415,4.8850736760336,0.5546681942052556,27.597007496019184,0.09268463603699184,2.5578185954786736,2.5578185954786736,2.5578185954786736,0.0,-0.0,0,0.01,0.01,0.15764968596842482,0.29950308252231794,41.85516860969106,0.01,0.09191382163674064,0.18850439365823726,7.084530147691855,0.01,0.08687861619998197,0.17613219713919676,6.802330899033521,0.01,0.1275540735445015,0.40151891161596964,16.10977102581914,0.01,0.12585531931112395,0.318631442666597,3.3700958171687128,0.01,0.08089233058309454,0.13453539084936023,8.380821565696857
8.25,59.20283564814816,54.2799078648296,4.922927783318561,0.5530317201792934,27.715498856994323,0.0930035202687304,2.577638959704446,2.577638959704446,2.577638959704446,0.0,-0.0,0,0.01,0.01,0.15776515154474136,0.29962492261735474,42.119145615799866,0.01,0.09203330501401852,0.18862623375327406,7.085990476649265,0.01,0.0869977822452529,0.17625403723423355,6.805060777397028,0.01,0.12736008027730658,0.4013076341251268,15.85588974267894,0.01,0.12564420836480605,0.31842016517575417,3.3686856817995894,0.01,0.08080865535792958,0.13445163780662392,8.375292549260587
8.26,59.55647131496295,54.596406421260625,4.9600648937023255,0.5515169562021174,27.829643452233697,0.09332077536991203,2.597083905230644,2.597083905230644,2.597083905230644,0.0,-0.0,0,0.01,0.01,0.15788007513666472,0.29974619738461866,42.38367379094779,0.01,0.09215223420637138,0.18874750852053793,7.087604715572109,0.01,0.08711639727395404,0.17637531200149742,6.8079316581591,0.01,0.12716594432182893,0.40109621359616665,15.604399135250851,0.01,0.12543297705890646,0.31820874464679405,3.36708374823594,0.01,0.08072473288254092,0.13436763415720548,8.369526333040351
8.27,59.90842576399998,54.912059929513546,4.996365834486429,0.5500841261845977,27.938806573904355,0.09363646319173029,2.616091033378267,2.616091033378267,2.616091033378267,0.0,-0.0,0,0.01,0.01,0.15799447966962524,0.2998669295751345,42.64871467689389,0.01,0.0922706336555602,0.18886824071105376,7.089311079946033,0.01,0.08723448544261472,0.17649604419201326,6.810884066434781,0.01,0.12697163405877274,0.4008846203552989,15.355304646898603,0.01,0.12522158997444474,0.31799715140592627,3.365338727532671,0.01,0.08064055224276981,0.13428337011951436,8.36360350312232
8.28,60.25863857303701,55.22690170130061,5.031736871736401,0.5486858963062047,28.042510628317075,0.09395062018853573,2.634611265173994,2.634611265173994,2.634611265173994,0.0,-0.0,0,0.01,0.01,0.15810837915518283,0.2999871322779098,42.91419334642205,0.01,0.09238851887366005,0.1889884434138291,7.09103261567185,0.01,0.08735206194855197,0.17661624689478858,6.813843904957433,0.01,0.12677713137964094,0.4006728409677133,15.108649643565357,0.01,0.12501002635764016,0.3177853720183406,3.3635126247576492,0.01,0.08055610856760953,0.13419884225375306,8.357625776515343
8.290000000000001,60.60704979985189,55.54093644109948,5.066113358752403,0.547269805359742,28.140453851820023,0.09426325409152499,2.6526107516849438,2.6526107516849438,2.6526107516849438,0.0,-0.0,0,0.01,0.01,0.15822177737748933,0.30010680762294517,43.17999972366921,0.01,0.09250589502369137,0.18910811875886446,7.092681199579772,0.01,0.08746913162732767,0.17673592223982398,6.8167262860011455,0.01,0.12658243445567888,0.40046088098822996,14.864513352177799,0.01,0.12479828324084169,0.3175734120388573,3.361677589384002,0.01,0.08047140427698539,0.13411405463907275,8.35171095991817
8.3,60.95360000000005,55.854138066095274,5.099461933904776,0.5457808950369942,28.23252021952576,0.09457434207223336,2.6700720248026744,2.6700720248026744,2.6700720248026744,0.0,-0.0,0,0.01,0.01,0.15833466711311314,0.30022594605180136,43.4459914923436,0.01,0.09262275604083609,0.18922725718772065,7.094161991309973,0.01,0.08758568809097222,0.17685506066868015,6.819439800565237,0.01,0.1263875597015801,0.40024876677152565,14.623006985093616,0.01,0.12458637767554837,0.317361297822153,3.3599123274165557,0.01,0.08038644997417417,0.1340290196850644,8.345987188455567
8.31,61.29823024459261,56.16644905375633,5.131781190836276,0.544164409878852,28.318780296371894,0.09488383044888776,2.6869943481602543,2.6869943481602543,2.6869943481602543,0.0,-0.0,0,0.01,0.01,0.15844702990992923,0.30034452617791196,43.71199841395737,0.01,0.09273908432497341,0.18934583731383128,7.09537809458194,0.01,0.08770171343681406,0.17697364079479078,6.821890993193216,0.01,0.126192542848442,0.40003654626536744,14.384268301385406,0.01,0.12437434797878384,0.31714907731599484,3.3582982654184956,0.01,0.08030126494177706,0.13394375854065385,8.340586742344199
8.32,61.64088213807407,56.477781319231326,5.163100818842743,0.5423684360984949,28.39948322251221,0.09519163591306692,2.7033932670366347,2.7033932670366347,2.7033932670366347,0.0,-0.0,0,0.01,0.01,0.1585588364230161,0.30046251522989714,43.97782782586547,0.01,0.09285485100668715,0.18946382636581643,7.096235189884918,0.01,0.08781717852825556,0.17709162984677593,6.82398881444855,0.01,0.1259974390846974,0.39982428876040516,14.148454922270812,0.01,0.12416225394346057,0.3169368198110325,3.356915661420383,0.01,0.08021587721986684,0.13385830108336905,8.335639751102745
8.33,61.98149783600001,56.78801855143121,5.1934792845688,0.5403463541297409,28.47504044630155,0.0954976481815163,2.7192993944953523,2.7192993944953523,2.7192993944953523,0.0,-0.0,0,0.01,0.01,0.15867004727850775,0.3005798700432328,44.24327104924956,0.01,0.09297001676083351,0.18958118117915207,7.096645917872798,0.01,0.08793204382090702,0.17720898466011156,6.825648839419148,0.01,0.12580232226937466,0.39961208362073253,13.915736765637222,0.01,0.12395017601451291,0.3167246146713599,3.3558398518519725,0.01,0.08013032326547186,0.1337726854924593,8.33126809057656
8.34,62.320020062814805,57.09701986822428,5.223000194590526,0.5380589911395237,28.546002198206725,0.09580173391176558,2.734756506837276,2.734756506837276,2.734756506837276,0.0,-0.0,0,0.01,0.01,0.1587806144114344,0.3006965385400746,44.50811040954986,0.01,0.09308453311563622,0.18969784967599393,7.096533819869946,0.01,0.08804626068153219,0.17732565315695342,6.82679706617322,0.01,0.12560728326683518,0.399400038068273,13.686287992672451,0.01,0.12373821348298801,0.31651256911890036,3.3551378086571706,0.01,0.08004464721296367,0.1336869574295223,8.327579759562688
8.35,62.656392129629644,57.40462459073438,5.251767538895266,0.5354763762334848,28.61302802053096,0.0961037416633902,2.7498190530924527,2.7498190530924527,2.7498190530924527,0.0,-0.0,0,0.01,0.01,0.15889048280191675,0.30081246161497704,44.77212655514736,0.01,0.09319834418237044,0.18981377275089636,7.095836675113978,0.01,0.08815977312453095,0.17744157623185586,6.827373139580099,0.01,0.12541242749395878,0.3991882741388145,13.460278868613836,0.01,0.12352648179751298,0.31630080518944187,3.354865158681815,0.01,0.07995889977422013,0.13360116886919005,8.324663992149565
8.36,62.990557951999975,57.710657886970765,5.279900065029215,0.5325790218371358,28.67685291703347,0.09640350764182318,2.7645492093306756,2.7645492093306756,2.7645492093306756,0.0,-0.0,0,0.01,0.01,0.15899959251664156,0.3009275753266583,45.03510575330694,0.01,0.09331138871208278,0.18992888646257763,7.094509110583953,0.01,0.0882725198722482,0.17755668994353713,6.827332880100344,0.01,0.1252178718075997,0.3989769249661653,13.237867930828696,0.01,0.12331510913433878,0.3160894560167927,3.355063790135538,0.01,0.07987313683472659,0.13351537663916135,8.322587321568788
8.370000000000001,63.322462067703725,58.01493699808682,5.307525069616907,0.5293586787462784,28.738250853528008,0.09670086193041659,2.7790136279086886,2.7790136279086886,2.7790136279086886,0.0,-0.0,0,0.01,0.01,0.15910788095007042,0.3010418132835759,45.29684684567591,0.01,0.09342360237229091,0.19004312441949517,7.092524395746903,0.01,0.08838443663205359,0.1776709279004547,6.826650031794067,0.01,0.12502374089031146,0.39876613058163846,13.019194832093845,0.01,0.12310423240151365,0.31587866163226586,3.355760140452844,0.01,0.07978741781623483,0.13342964074265193,8.321390763580483
8.38,63.65204965451854,58.31727773800079,5.334771916517756,0.5258185384689962,28.797997419786114,0.09699563490014484,2.793280043584887,2.793280043584887,2.793280043584887,0.0,-0.0,0,0.01,0.01,0.15921528515280728,0.30115510910437276,45.557167559039776,0.01,0.0935349201287331,0.19015642024029208,7.089875370155767,0.01,0.08849545847540309,0.17778422372125158,6.825317177618207,0.01,0.12483016331444058,0.398556033437481,12.804374186936435,0.01,0.12289399287805365,0.3156685644881084,3.356964227585203,0.01,0.0797018038875207,0.13334402254649597,8.321088234516266
8.39,63.979266548000034,58.61750094977737,5.361765598222659,0.5219728834946065,28.85683345346717,0.09728766348537635,2.807413902274465,2.807413902274465,2.807413902274465,0.0,-0.0,0,0.01,0.01,0.15932174413316003,0.3012673988334295,45.815909891331124,0.01,0.09364527861521577,0.1902687099693488,7.086574485465541,0.01,0.08860552220218244,0.1778965134503083,6.823345802262411,0.01,0.12463726747774108,0.39834677387394085,12.593490696076104,0.01,0.12268453170410405,0.3154593049245682,3.3586694539022806,0.01,0.07961635611163125,0.13325858292416431,8.321666262686145
8.4,64.30405925925925,58.915438610198855,5.388620649060396,0.5178462127436612,28.915431331444463,0.09757679702821807,2.821475174011734,2.821475174011734,2.821475174011734,0.0,-0.0,0,0.01,0.01,0.15942720102210173,0.3013786231967314,46.07294432890394,0.01,0.09375461837834427,0.1903799343326507,7.082652975669875,0.01,0.08871456857745769,0.1780077378136102,6.820765513756854,0.01,0.12444517760713267,0.3981384857498976,12.38659576021594,0.01,0.1224759854423841,0.3152510168005249,3.360853179265606,0.01,0.07953113362044761,0.13317338044455315,8.323084993957188
8.41,64.62637499274076,59.21093929676518,5.4154356959755745,0.5134718944060219,28.974365459911713,0.09786290242204919,2.8355154997441323,2.8355154997441323,2.8355154997441323,0.0,-0.0,0,0.01,0.01,0.15953160500121538,0.3014887295936719,46.32817269882809,0.01,0.09386288589304954,0.1904900407295912,7.0781592000907265,0.01,0.08882254433695008,0.17811784421055069,6.817622464906195,0.01,0.12425401002105561,0.39793129244638525,12.183705722094613,0.01,0.12226848192458172,0.31504382349701265,3.363478028030086,0.01,0.07944619190527974,0.13308846969444535,8.32528043489272
8.42,64.94616166400004,59.50387276764768,5.442288896352362,0.5088904204583663,29.03408825256419,0.09814586832533476,2.8495758025823137,2.8495758025823137,2.8495758025823137,0.0,-0.0,0,0.01,0.01,0.15963491290719695,0.3015976737356476,46.58152951960921,0.01,0.09397003525871213,0.1905989848715669,7.073156233751957,0.01,0.08892940387149159,0.17822678835252637,6.813977044921525,0.01,0.12406386982548942,0.3977253034314632,11.984801797362115,0.01,0.12206213657926948,0.3148378344820905,3.3664938644123414,0.01,0.07936158130566293,0.13300389981518249,8.328167820823001
8.43,65.26336791748147,59.79413345293319,5.469234464548283,0.5041473552945207,29.094912589387057,0.09842560826740836,2.8636844690974983,2.8636844690974983,2.8636844690974983,0.0,-0.0,0,0.01,0.01,0.1597370904443008,0.30170542086151625,46.832981782709474,0.01,0.09407602950350433,0.19070673199743554,7.067718808938718,0.01,0.0890351105185721,0.17833453547839503,6.809900940291965,0.01,0.12387484819497817,0.39752061154482876,11.789831673353698,0.01,0.12185704941133108,0.3146331425954561,3.369840342313367,0.01,0.07927734576788018,0.13291971332269348,8.33164594476373
8.44,65.57794314429626,60.08164271231861,5.496300431977646,0.4992910842194143,29.157001412686288,0.09870206252594048,2.877856176503897,2.877856176503897,2.877856176503897,0.0,-0.0,0,0.01,0.01,0.15983811295677028,0.30181194648216014,47.08252717403928,0.01,0.09418084144533023,0.19081325761807943,7.061929739656001,0.01,0.08913963740987665,0.17844106109903893,6.8054736913729545,0.01,0.12368702035922749,0.39731729112289704,11.598712673878621,0.01,0.12165330276827215,0.31442982217352444,3.3734499102883038,0.01,0.0791935219305472,0.1328359452651858,8.335602237473275
8.45,65.88983749999997,60.36634977730217,5.523487722697794,0.4943704754123243,29.22036475894754,0.0989751987182575,2.892091408636801,2.892091408636801,2.892091408636801,0.0,-0.0,0,0.01,0.01,0.15993796573573482,0.3019172366303764,47.33019082396783,0.01,0.09428445408034992,0.19091854776629566,7.055875986174818,0.01,0.08924296784633741,0.17854635124725515,6.800778896399299,0.01,0.12350044437963552,0.3971153970417707,11.411336311301241,0.01,0.12145095998799375,0.3142279280923981,3.377251130884288,0.01,0.0791101385776271,0.13275262275531374,8.339918351736564
8.46,66.1990019223704,60.64823136163285,5.550770560737543,0.4894325710073151,29.284864162476868,0.09924501111236991,2.9063766692292603,2.9063766692292603,2.9063766692292603,0.0,-0.0,0,0.01,0.01,0.16003664385813549,0.3020212876168731,47.576020752375676,0.01,0.094386860493396,0.19102259875279234,7.049644538005412,0.01,0.0893450951955566,0.17865040223375184,6.795900235498316,0.01,0.12331516076036812,0.396914964708886,11.227573978607131,0.01,0.12125006497777363,0.31402749575951333,3.3811721573461875,0.01,0.07902721648038975,0.13266976489443158,8.344475977834225
8.47,66.50538814918518,60.92728998898021,5.578098160204966,0.4845204191327581,29.3502240168972,0.09951151872534185,2.920685366850444,2.920685366850444,2.920685366850444,0.0,-0.0,0,0.01,0.01,0.16013415157783484,0.30212410531706574,47.82008224621183,0.01,0.09448806330750106,0.19112541645298503,7.043318308443897,0.01,0.08944602232936426,0.1787532199339445,6.790917502046842,0.01,0.12313119289732027,0.3967160109866063,11.04728347784876,0.01,0.1210506427276539,0.31382854203723365,3.385144201031746,0.01,0.07894476863010907,0.13258738308664825,8.349162603579057
8.48,66.80894873600002,61.20355114820225,5.605397587797763,0.4796711493820054,29.4160491598356,0.09977476233348019,2.934979313712567,2.934979313712567,2.934979313712567,0.0,-0.0,0,0.01,0.01,0.1602305013100875,0.3022257040354602,48.062451465071724,0.01,0.09458807371119451,0.19122701517137947,7.036972239826993,0.01,0.08954576064069249,0.178854818652339,6.785902834731638,0.01,0.1229485483275884,0.39651853598512216,10.870316040750385,0.01,0.12085270071554331,0.3136310670357495,3.389104821019766,0.01,0.07886280084374167,0.13250548172089402,8.353876933532653
8.49,67.10963707392594,61.47705944119338,5.6325776327325565,0.4749143798434776,29.481847669150966,0.10003480056804948,2.949210751961131,2.949210751961131,2.949210751961131,0.0,-0.0,0,0.01,0.01,0.16032571226902162,0.3023261050136347,48.30320861201118,0.01,0.09468691012123455,0.191327416149554,7.030669814157,0.01,0.08964432869791096,0.1789552196305135,6.780917339426353,0.01,0.122767220703923,0.3963225256200829,10.696523475358177,0.01,0.12065623111840482,0.31343505667071025,3.393000874221917,0.01,0.07878131270648157,0.1324240591811156,8.358533698294488
8.5,67.40740740740739,61.74787393348962,5.659533473917777,0.47027102535791965,29.547057638048233,0.1002917053096012,2.9633247974009347,2.9633247974009347,2.9633247974009347,0.0,-0.0,0,0.01,0.01,0.16041980883287685,0.30242533466330407,48.54243102748186,0.01,0.09478459655420664,0.19142664579922336,7.024460147281423,0.01,0.08974175061046046,0.17905444928018283,6.7760082740870375,0.01,0.12258719238487197,0.3961279547945308,10.525765071057533,0.01,0.12046121370600851,0.3132404858451582,3.396790980185766,0.01,0.07870029879887525,0.13234310912896824,8.363067616145461
8.51,67.70221485200001,62.01606295153321,5.686151900466796,0.46575255516206837,29.611076540633128,0.10054555662185649,2.9772621729503546,2.9772621729503546,2.9772621729503546,0.0,-0.0,0,0.01,0.01,0.16051281872282044,0.30252342261700166,48.78018656354566,0.01,0.09488116079228873,0.19152473375292095,7.018375816678665,0.01,0.08983805419138995,0.17915253723388042,6.771206942408578,0.01,0.12240843750354749,0.39593479103666024,10.35791391345549,0.01,0.12026761926268531,0.3130473220872876,3.4004473793375465,0.01,0.07861975014291514,0.13226262199075656,8.367436314486769
8.52,67.99401541214814,62.28169859136192,5.71231682078623,0.4613607247293384,29.673291714760563,0.10079643748136728,2.990962093193237,2.990962093193237,2.990962093193237,0.0,-0.0,0,0.01,0.01,0.1606047710877814,0.3026203996951284,49.01652757290783,0.01,0.09497663243600944,0.19162171083104765,7.0124315338700915,0.01,0.08993326900979953,0.17924951431200714,6.76652740411753,0.01,0.12223092535739818,0.3957429984059441,10.192862299330013,0.01,0.12007541335972167,0.31285552945657147,3.4039570954503113,0.01,0.07853965579183092,0.1321825865714693,8.37162207459475
8.53,68.2827659989629,62.54485121079674,5.737914788166164,0.4570877826982227,29.733110477654193,0.1010444285615222,3.004365157571176,3.004365157571176,3.004365157571176,0.0,-0.0,0,0.01,0.01,0.16069569458970945,0.3027162958893244,49.25148580536702,0.01,0.0950710409397525,0.1917176070252437,7.006623725316783,0.01,0.09002742442897126,0.1793454105062032,6.761966063864819,0.01,0.12205462394890701,0.3955525414709826,10.030525997544117,0.01,0.11988456028744343,0.31266507252160997,3.4073223508240154,0.01,0.07846000448258161,0.1321029917139321,8.375632327129978
8.540000000000001,68.56842444800003,62.805584170993136,5.762840277006892,0.4529171305375293,29.78998845026214,0.10128960331915866,3.01741611300937,3.01741611300937,3.01741611300937,0.0,-0.0,0,0.01,0.01,0.16078561558100185,0.30281113845842633,49.48506844700651,0.01,0.09516441372405787,0.1918124495943456,7.000931033676801,0.01,0.0901205477241064,0.1794402530753051,6.757502150330985,0.01,0.1218795035032082,0.3953633891632342,9.87084717054222,0.01,0.11969502695212043,0.3124759202138616,3.4105602234633605,0.01,0.0783807862685057,0.1320238279204898,8.379498893027526
8.55,68.85094953703707,63.0639490742179,5.787000462819169,0.44882439119029316,29.843454793706485,0.1015320236100111,3.0300663567189057,3.0300663567189057,3.0300663567189057,0.0,-0.0,0,0.01,0.01,0.16087455645881,0.30290495022500813,49.717255469069016,0.01,0.09525677445261381,0.19190626136092742,6.99531569870538,0.01,0.09021266236727463,0.17953406484188694,6.753099046117977,0.01,0.12170553979322904,0.3951755183212378,9.713795848049374,0.01,0.11950678654855067,0.31228804937186516,3.4137015766329557,0.01,0.07830199405218016,0.13194508885814546,8.383276030917957
8.56,69.13030100385188,63.319981714261736,5.810319289590149,0.4447788243680701,29.893133247323377,0.10177173602693469,3.0422760658645798,3.0422760658645798,3.0422760658645798,0.0,-0.0,0,0.01,0.01,0.16096253427000357,0.3029977481482389,49.94799838003225,0.01,0.09534814155161098,0.19199905928415817,6.989725727970128,0.01,0.09030378655681555,0.17962686276511763,6.748706381569552,0.01,0.12153271711571056,0.394988916759216,9.559369924618753,0.01,0.11931982183405054,0.3121014478098434,3.4167893296688003,0.01,0.07822362494502574,0.1318667726754134,8.387037413248143
8.57,69.40643956400004,63.57369891585224,5.832740648147797,0.4407450112375609,29.938758091794824,0.10200876911422771,3.0540158617526147,3.0540158617526147,3.0540158617526147,0.0,-0.0,0,0.01,0.01,0.1610495596263793,0.3030895422332474,50.17722040039967,0.01,0.09543852703541798,0.1920908533691667,6.984097725920076,0.01,0.0903939320546047,0.1797186568501262,6.744262765517479,0.01,0.12136103078153967,0.3948035857208403,9.40759373070951,0.01,0.11913412785263885,0.3119161167714677,3.4198761722591127,0.01,0.07814568139014474,0.1317888830698217,8.390872205801239
8.58,69.67932692859259,63.82509639205396,5.854230536538635,0.43668472052985075,29.98018442992097,0.10224313156468069,3.0652679410018013,3.0652679410018013,3.0652679410018013,0.0,-0.0,0,0.01,0.01,0.16113563597304287,0.3031803348192383,50.404818009698644,0.01,0.09552793568607745,0.19218164595515758,6.97836021826488,0.01,0.09048310337806066,0.17980944943611707,6.739698995412839,0.01,0.12119048901009609,0.394619541611889,9.258515298224891,0.01,0.11894971398813073,0.31173207266251635,3.423021850585755,0.01,0.07806817199770734,0.13171143005839414,8.394880465827853
8.59,69.94892582207407,64.07414769644302,5.874778125631049,0.43255886195027476,30.017392467439645,0.10247481145568198,3.076026633492086,3.076026633492086,3.076026633492086,0.0,-0.0,0,0.01,0.01,0.16122075923465737,0.30327012026919664,50.63066375252483,0.01,0.09561636461578285,0.19227143140511593,6.972437288973464,0.01,0.09057129737539531,0.17989923488607543,6.73494157060057,0.01,0.12102111414835803,0.39443681694276805,9.112202502447262,0.01,0.11876660526003241,0.3115493479933954,3.426290171314391,0.01,0.0779911120572054,0.13163443041883507,8.39916810155194
8.6,70.21519999999998,64.32080429247137,5.894395707528627,0.4283294312837605,30.050485772276346,0.10270377652933589,3.0862983753538575,3.0862983753538575,3.0862983753538575,0.0,-0.0,0,0.01,0.01,0.16130491784536968,0.30335888506413916,50.854610137591585,0.01,0.09570380322223097,0.19236019620005845,6.9662523397363145,0.01,0.09065850319335564,0.17998799968101795,6.7299163251874745,0.01,0.12085294316970786,0.39425546045149473,8.968738310291023,0.01,0.1185848428147025,0.3113679915021221,3.42974587809237,0.01,0.0779145237072943,0.13155790778573792,8.403841649240064
8.61,70.47811426681477,64.56499670853178,5.913117558283003,0.42396135466814017,30.079683778220364,0.10292997547160254,3.096101113485783,3.096101113485783,3.096101113485783,0.0,-0.0,0,0.01,0.01,0.1613880931496504,0.30344660828547343,51.07649442108323,0.01,0.09579023352753269,0.19244791942139272,6.959731785674979,0.01,0.0907447026275419,0.1800757229023522,6.724552000849643,0.01,0.12068602744299252,0.39407553641781456,8.828215398400383,0.01,0.11840448360426607,0.31118806746844196,3.4334515551124096,0.01,0.07783843576092138,0.13148189240312205,8.409003123602425
8.620000000000001,70.73763449362963,64.80663669632783,5.930997797301802,0.41942414684346446,30.10530906468985,0.10315334009926479,3.105463184743431,3.105463184743431,3.105463184743431,0.0,-0.0,0,0.01,0.01,0.1614702601438885,0.3035332624510264,51.296144034675535,0.01,0.09587563087316525,0.19253457358694567,6.952808514573061,0.01,0.09082987082727247,0.18016237706790517,6.718783592840001,0.01,0.12052043179766546,0.39389712321774084,8.690730423477486,0.01,0.11822559928525453,0.31100965426836824,3.437464704269781,0.01,0.07776288320017043,0.1314064205511727,8.414745185066677
8.63,70.99372763600002,65.04562026453979,5.94810737146022,0.4146933093041723,30.12777017601646,0.1033737883231417,3.114421736823787,3.114421736823787,3.114421736823787,0.0,-0.0,0,0.01,0.01,0.16155138851319067,0.30361881465450347,51.513382398142234,0.01,0.09595996492713989,0.19262012579042273,6.945424957977517,0.01,0.09091397731076165,0.18024792927138222,6.712555322598653,0.01,0.12035623294405996,0.39372031120319634,8.556378231776963,0.01,0.11804827440598725,0.3108328422538237,3.4418351279044903,0.01,0.07768790637095054,0.13133153368043246,8.421146843758404
8.64,71.24636175170367,65.28183142145394,5.964530330249724,0.40975140856706926,30.147540931604443,0.1035912277231119,3.123020777937673,3.123020777937673,3.123020777937673,0.0,-0.0,0,0.01,0.01,0.16163144390511222,0.30370322794521243,51.72803484697568,0.01,0.09604320094589652,0.19270453908113172,6.937535648461711,0.01,0.09099698723283366,0.18033234256209124,6.70582311527454,0.01,0.12019351733745873,0.39354520002200666,8.425246286045796,0.01,0.11787260398457408,0.31065773107263406,3.4466027293482417,0.01,0.07761354992159451,0.13125727730018652,8.428269888204055
8.65,71.49550601851851,65.51514643078379,5.980359587734717,0.40458879148870047,30.165137314951185,0.1038055595464977,3.131308957775445,3.131308957775445,3.131308957775445,0.0,-0.0,0,0.01,0.01,0.16171038937252424,0.3037864628753593,51.93993440605056,0.01,0.09612530122301408,0.1927877740112786,6.929109166342783,0.01,0.0910788628370935,0.1804155774922381,6.6985564881670765,0.01,0.12003237859927665,0.3933718955179195,8.297409567942529,0.01,0.11769869060659376,0.31048442656854686,3.4517958202189543,0.01,0.07753986154098136,0.131183699678781,8.436156187871056
8.66,71.741130752,65.74543836552404,5.995692386475964,0.39920391290341295,30.18109311007927,0.10401668292704896,3.1393371924228575,3.1393371924228575,3.1393371924228575,0.0,-0.0,0,0.01,0.01,0.16178818691185232,0.3038684791364343,52.14892715095016,0.01,0.0962062266500475,0.19286979027235357,6.920129409157479,0.01,0.0911595650178139,0.18049759375331306,6.6907397849415675,0.01,0.11987291462729105,0.393200506367545,8.17292618347234,0.01,0.11752664119180121,0.3103130374181724,3.457429997780507,0.01,0.07746689056044294,0.1311108504216414,8.444825975375174
8.67,71.98320742325929,65.97258173601128,6.010625687248007,0.39360326993438083,30.195935476492508,0.10422449911753179,3.14715625042274,3.14715625042274,3.14715625042274,0.0,-0.0,0,0.01,0.01,0.16186479902067188,0.303949237204328,52.35487691923496,0.01,0.09628593831187204,0.1929505483402473,6.910596147352961,0.01,0.0912390549139722,0.1805783518212068,6.682372719376611,0.01,0.11971522453867131,0.39303114062046385,8.051833860472795,0.01,0.1173565635917987,0.31014367167109125,3.4635076290006097,0.01,0.07739468648909005,0.1310387789974639,8.45427716782094
8.68,72.22170867674077,66.19645697058925,6.025251706151528,0.38780095625851074,30.210161619125603,0.10442891553467346,3.1548144160125013,3.1548144160125013,3.1548144160125013,0.0,-0.0,0,0.01,0.01,0.16194019020010625,0.304028699914819,52.55766916368423,0.01,0.09636439903983592,0.1930300110507383,6.900524858857017,0.01,0.09131729545888082,0.18065781453169782,6.67347022069611,0.01,0.11955940559417638,0.3928639023098818,7.93414748173372,0.01,0.11718856318503273,0.3099764333605092,3.4700179510452975,0.01,0.07732329755408263,0.1309675332842571,8.464485739446395
8.69,72.456608348,66.41695454005027,6.039653807949736,0.3818178674987551,30.224217621420888,0.1046298494303727,3.162355338880085,3.162355338880085,3.162355338880085,0.0,-0.0,0,0.01,0.01,0.16201432833245175,0.30410683389675136,52.757213778592096,0.01,0.09644157485059784,0.19310814503267065,6.88994586340339,0.01,0.09139425281350896,0.18073594851363015,6.664061599769726,0.01,0.11940555024924307,0.3926988882942146,7.8198577472844955,0.01,0.11702273963170419,0.309811419344842,3.476937771598432,0.01,0.07725276931573069,0.13089715820459152,8.475407110691307
8.700000000000001,72.68788148148154,66.63397853951508,6.05390294196646,0.37568060494202904,30.23848037346543,0.10482723102666638,3.1698161680045778,3.1698161680045778,3.1698161680045778,0.0,-0.0,0,0.01,0.01,0.16208718587259796,0.30418361079921075,52.95344677765456,0.01,0.0965174362063978,0.19318492193513004,6.878902804376009,0.01,0.09146989761952636,0.18081272541608956,6.654189081724692,0.01,0.11925374346809055,0.3925361854753112,7.708931006013134,0.01,0.11685918393957787,0.3096487165259386,3.4842327272234037,0.01,0.07718314342227474,0.13082769451372664,8.486978473713654
8.71,72.91550434829627,66.84744957233504,6.0680547759612296,0.3694201381934325,30.253243350990044,0.10502100598257787,3.1772260509567096,3.1772260509567096,3.1772260509567096,0.0,-0.0,0,0.01,0.01,0.16215874080263476,0.30425900826077645,53.14633075565811,0.01,0.09659195904316585,0.19326031939669577,6.8674505512434125,0.01,0.0915442060188077,0.18088812287765527,6.6439057751956705,0.01,0.11910406042104693,0.3923758685175055,7.6013102422338035,0.01,0.11669797597298368,0.3094883995681329,3.4918590345939835,0.01,0.0771144565610523,0.13075917779554544,8.499121932791336
8.72,73.13945446400001,67.05730681828241,6.082147645717592,0.36307029756179915,30.268706794508006,0.1052111370969977,3.1846050603058074,3.1846050603058074,3.1846050603058074,0.0,-0.0,0,0.01,0.01,0.16222897731193403,0.3043330105828452,53.335854124939395,0.01,0.09666512552569659,0.19333432171876447,6.855652619145174,0.01,0.09161716039900045,0.180962125199724,6.633273171598149,0.01,0.11895656466398669,0.3922179981645007,7.4969171490555135,0.01,0.11653918251259662,0.30933052921512805,3.4997656484665534,0.01,0.07704673965196429,0.13069163770992012,8.511748301531524
8.73,73.35971060637041,67.26350921075,6.096201395620412,0.35666617347141893,30.28497261161477,0.10539760519127296,3.1919635865474882,3.1919635865474882,3.1919635865474882,0.0,-0.0,0,0.01,0.01,0.16229788617928237,0.30440560908435493,53.522029178169305,0.01,0.09673692450341194,0.19340692022027423,6.843578223079419,0.01,0.09168874983908362,0.18103472370123372,6.622358288283704,0.01,0.11881130687322156,0.39206262021967647,7.395655169627146,0.01,0.11638285594422132,0.3091751512703038,3.5078967224925783,0.01,0.07698001731629121,0.13062509752185164,8.52476136879457
8.74,73.57625283318515,67.46603569272563,6.110217140459536,0.3502425027421128,30.302044090879303,0.10558040915620338,3.199302213384352,3.199302213384352,3.199302213384352,0.0,-0.0,0,0.01,0.01,0.16236546484859826,0.30447680213120354,53.70488908793126,0.01,0.09680735165527012,0.19347811326712283,6.831299101405781,0.01,0.0917589702439025,0.18110591674808235,6.611230586578148,0.01,0.11866832418075061,0.39190976522142806,7.297413341901657,0.01,0.11622903362234124,0.30902229627205546,3.516194255228111,0.01,0.07691430763966116,0.13055957392819362,8.538062423841517
8.75,73.7890625,67.66488456665363,6.1241779333463695,0.3438321201139545,30.319830284165512,0.105759565188626,3.2066120674462795,3.2066120674462795,3.2066120674462795,0.0,-0.0,0,0.01,0.01,0.16243171720464675,0.3045465948494633,53.884484008100905,0.01,0.09687640932741731,0.1935479059853826,6.818886256018482,0.01,0.09182782417171267,0.1811757094663421,6.599958808107827,0.01,0.11852764012489954,0.3917594488103642,7.202070744822624,0.01,0.11607773792030802,0.3088719798609916,3.5246007948299662,0.01,0.07684962223308794,0.13049507718273734,8.551554819056205
8.76,73.99812227792592,67.86007199668637,6.138050281239542,0.33746454806327286,30.338154696688548,0.10593510528076439,3.213875611817818,3.213875611817818,3.213875611817818,0.0,-0.0,0,0.01,0.01,0.16249665306926828,0.30461499854637225,54.06087648749658,0.01,0.09694410608152322,0.19361630968229154,6.806406762924824,0.01,0.09189532037310714,0.18124411316325104,6.588607879280229,0.01,0.1183892652015486,0.39161167275138875,7.109501315940587,0.01,0.11592897694544661,0.30872420380201615,3.5330620727457993,0.01,0.07678596658124826,0.13043161150569893,8.565148347694594
8.77,74.20341617140741,68.05162976115214,6.151786410255283,0.3311647891196109,30.3567677306487,0.10610707505924212,3.2210678321519204,3.2210678321519204,3.2210678321519204,0.0,-0.0,0,0.01,0.01,0.16256028745129855,0.3046820298763345,54.234136440844274,0.01,0.09701045598474572,0.19368334101225382,6.793920806304364,0.01,0.09196147307268548,0.1813111444932133,6.577236033061667,0.01,0.11825319797280237,0.39146642654257774,7.0195787943007515,0.01,0.11578274586569602,0.3085789575932051,3.5415294397823396,0.01,0.07672334065330717,0.13036917574995568,8.57876322413683
8.78,74.40492953600001,68.23960238646413,6.165327149535884,0.3249523730884377,30.37536216746679,0.10627553109860277,3.2281577466599387,3.2281577466599387,3.2281577466599387,0.0,-0.0,0,0.01,0.01,0.16262263959402276,0.304747709800184,54.40433594200601,0.01,0.09707547768338366,0.19374902093610333,6.781479080250161,0.01,0.09202630103589791,0.18137682441706282,6.565892288590185,0.01,0.11811942666442958,0.39132368951585494,6.932181539185969,0.01,0.11563902876620888,0.30843622056648234,3.549961987575798,0.01,0.07666173973931621,0.13030776428441743,8.592333475529188
8.790000000000001,74.60264909614821,68.42404381966821,6.178605276479998,0.3188406975011097,30.393590852319484,0.1064405378551455,3.235110157670116,3.235110157670116,3.235110157670116,0.0,-0.0,0,0.01,0.01,0.16268373187221932,0.3048120623942873,54.571544109389336,0.01,0.09713919331104873,0.1938133735302066,6.76912068530967,0.01,0.09208982647221114,0.18144117701116613,6.554614412382823,0.01,0.11798793116185911,0.3911834333130356,6.847196985456144,0.01,0.115497800930896,0.308295964363663,3.5583282544883907,0.01,0.07660115546508843,0.13024736804526055,8.60580958545727
8.8,74.79656296296301,68.60501381429357,6.1915491486694325,0.31283668404880094,30.411085667463258,0.10660216438009287,3.2418875533000047,3.2418875533000047,3.2418875533000047,0.0,-0.0,0,0.01,0.01,0.162743588596293,0.304875113571362,54.73582234260533,0.01,0.09720162728828849,0.19387642470728128,6.7568716220461695,0.01,0.09215207383176509,0.18150422818824077,6.54342746048718,0.01,0.11785868529789495,0.3910456246057782,6.7645255193715785,0.01,0.1153590314262562,0.3081581556564056,3.5666074366992797,0.01,0.07654157693096177,0.1301879756988344,8.61916027061609
8.81,74.98666065200001,68.78257421253403,6.204086439465988,0.3069407575623695,30.427476850125565,0.10676048097616071,3.248452063410401,3.248452063410401,3.248452063410401,0.0,-0.0,0,0.01,0.01,0.16280223478349856,0.3049368897770052,54.89722014401675,0.01,0.09726280507382806,0.19393820091292452,6.744743952266142,0.01,0.09221306855582798,0.181566004393884,6.53234297005603,0.01,0.1177316593142874,0.3909102279199308,6.684083593607847,0.01,0.11522268585368237,0.3080227589705582,3.5747900515244266,0.01,0.07648299191529595,0.13012957485613852,8.632373318089009
8.82,75.17293310103707,68.9567853059278,6.216147795109284,0.3011471381307274,30.442411726494967,0.10691555595854982,3.254767374457286,3.254767374457286,3.254767374457286,0.0,-0.0,0,0.01,0.01,0.16285969495578964,0.30499741672487507,55.05577172086581,0.01,0.09732275192789766,0.1939987278607944,6.732735662444172,0.01,0.09227283584154992,0.18162653134175388,6.52135883347574,0.01,0.11760682237425195,0.39077720842385893,6.605805944382283,0.01,0.11508872913214613,0.3078897394744863,3.582878029278362,0.01,0.07642538808205643,0.1300721532779748,8.645455461018102
8.83,75.35537268785191,69.12770244698855,6.22767024086336,0.2954444220130647,30.45557199325661,0.10706745267066453,3.2608005129460182,3.2608005129460182,3.2608005129460182,0.0,-0.0,0,0.01,0.01,0.16291599202051557,0.30505671822940844,55.21149351625627,0.01,0.09738149174555484,0.19405802936532773,6.720831225516541,0.01,0.09233139947884038,0.18168583284628723,6.51045985086051,0.01,0.11748414500404727,0.3906465345463951,6.529646824428434,0.01,0.11495712817574309,0.3077590655970225,3.590884240369822,0.01,0.07636875413339533,0.13001570001212837,8.65843132075628
8.84,75.53397324800002,69.29537306646765,6.23860018153239,0.28981641381007567,30.466688777728407,0.10721622688729995,3.266523416497684,3.266523416497684,3.266523416497684,0.0,-0.0,0,0.01,0.01,0.1629711462842853,0.30511481518820427,55.36438276371999,0.01,0.09743904601268867,0.1941161263241236,6.709002819411778,0.01,0.09238878081186161,0.18174392980508308,6.499618919851484,0.01,0.11736360134859353,0.39051818030250973,6.45558021960028,0.01,0.11482785433969402,0.30763071135313713,3.598831493791965,0.01,0.07631308085256519,0.12996020640900993,8.671341491263968
8.85,75.70873009259253,69.45983422626864,6.248895866323899,0.2842431615031534,30.475554840711794,0.10736192471474114,3.2719142244484645,3.2719142244484645,3.2719142244484645,0.0,-0.0,0,0.01,0.01,0.16302517464220373,0.30517172475718646,55.5144171043257,0.01,0.09749543292983413,0.19417303589310578,6.6972121261478845,0.01,0.0924449978699686,0.18180083937406527,6.488798788222706,0.01,0.11724517113833906,0.39039212722281236,6.383599070742329,0.01,0.11470088552339591,0.30750465827343976,3.606751069936563,0.01,0.07625836198947622,0.12990566696974037,8.684239883492545
8.86,75.87964002607407,69.62111080795624,6.258529218117837,0.27870213788446413,30.482033445002205,0.10750458106954029,3.2769582356526783,3.2769582356526783,3.2769582356526783,0.0,-0.0,0,0.01,0.01,0.16307808997482595,0.3052274597509057,55.661555250363776,0.01,0.09755066673945022,0.19422877088682497,6.68541260638969,0.01,0.0925000647033674,0.18185657436778446,6.4779542667476155,0.01,0.11712884128141952,0.3902683658054572,6.313713572855489,0.01,0.11457620783907875,0.3073808968560846,3.614680872943033,0.01,0.07620459495029974,0.1298520799902121,8.697190481494998
8.870000000000001,76.04670136399994,69.77921440296964,6.267486961030296,0.27316950685735103,30.48606358843453,0.10764421878719435,3.281648498873766,3.281648498873766,3.281648498873766,0.0,-0.0,0,0.01,0.01,0.16312990077411985,0.305282028288439,55.80573862879807,0.01,0.09760475728143898,0.19428333942435827,6.67355212268694,0.01,0.09255399094782817,0.1819111429053178,6.467034778933345,0.01,0.11701460701565093,0.39014689643469014,6.245948667809777,0.01,0.11445381677841344,0.30725942748531754,3.6226633045858683,0.01,0.0761517812632033,0.12979944797567944,8.710263686675177
8.88,76.20991395081478,69.93414293484015,6.275771015974628,0.26762141119430255,30.487661484263803,0.10778084838011166,3.285986019899607,3.285986019899607,3.285986019899607,0.0,-0.0,0,0.01,0.01,0.16318061100804315,0.30533543369291294,55.94689389337685,0.01,0.09765770978996878,0.1943367448288322,6.661575771351471,0.01,0.09260678163104383,0.1819645483097917,6.455987111520278,0.01,0.11690247257794927,0.3900277297377581,6.180340882566227,0.01,0.11433371783574973,0.30714026078838547,3.6307429720847453,0.01,0.07609992680400345,0.12974777781232147,8.723532440726249
8.89,76.36927917762966,70.08588100771772,6.283398169911941,0.2620352195501358,30.486918354361414,0.10791446843271466,3.289979588362484,3.289979588362484,3.289979588362484,0.0,-0.0,0,0.01,0.01,0.1632302202216319,0.30538767464033056,56.08493615743625,0.01,0.09770952493271434,0.19438898577624983,6.649428778235923,0.01,0.09265843722127294,0.18201678925720932,6.444758225273075,0.01,0.11679245137317498,0.38991088637983506,6.116934690953777,0.01,0.11421592657416542,0.3070234174304624,3.6389643462141663,0.01,0.07604904177763247,0.12969708069438127,8.737068321769415
8.9,76.52480000000006,70.23440094105247,6.29039905894759,0.2563906746512599,30.4839947735365,0.10804506659176112,3.293645245289649,3.293645245289649,3.293645245289649,0.0,-0.0,0,0.01,0.01,0.16327872386131323,0.30543874554170575,56.21977277208957,0.01,0.09776019908202992,0.194440056677625,6.637059317007989,0.01,0.09270895390733461,0.1820678601585845,6.433297988917919,0.01,0.11668456564893165,0.38979639632363217,6.055778592595294,0.01,0.1141004681478106,0.30690892737425957,3.6473694837720676,0.01,0.07599914046323962,0.12964737181732217,8.750937802006598
8.91,76.67648095570371,70.3796644189353,6.2968165367684055,0.25067089130538645,30.479111958277866,0.10817262108332586,3.2970054288190576,3.2970054288190576,3.2970054288190576,0.0,-0.0,0,0.01,0.01,0.16332611379902928,0.30548863713203134,56.35130745577945,0.01,0.09780972479689051,0.19448994826795063,6.624421118955182,0.01,0.09275832408839128,0.18211775174891012,6.42156170934741,0.01,0.11657884570630193,0.389684297605211,5.996921107883909,0.01,0.1139873763198,0.30679682865583835,3.6559959206859127,0.01,0.07595024074191807,0.12959866985840338,8.765198840464025
8.92,76.8243281825185,70.52162465574544,6.302703526773063,0.24486316178585482,30.472540523733667,0.10829710266550202,3.3000878495774555,3.3000878495774555,3.3000878495774555,0.0,-0.0,0,0.01,0.01,0.1633723790241256,0.30553733723077886,56.47944457238842,0.01,0.09785809148516458,0.19453864836669815,6.611475759474214,0.01,0.09280653704275121,0.18216645184765765,6.40951234683593,0.01,0.11647532869777426,0.38957463469909603,5.940406883394281,0.01,0.11387669203795073,0.30668716574972343,3.664874829502268,0.01,0.07590236343595351,0.1295509962756681,8.779897962010011
8.93,76.96834943600004,70.66022895849184,6.3081204775081865,0.23895953674932133,30.46458733351153,0.10841847690864906,3.3029241583498425,3.3029241583498425,3.3029241583498425,0.0,-0.0,0,0.01,0.01,0.16341750646418204,0.30558483163179656,56.60409335451715,0.01,0.09790528620832467,0.19458614276771583,6.59819452664058,0.01,0.09285357973754514,0.18221394624867532,6.397122323621913,0.01,0.11637405708173519,0.38946745656317716,5.886273089004828,0.01,0.11376846164994664,0.3065799876138045,3.6740295189388763,0.01,0.07585553149669874,0.12950437446414928,8.79506794576102
8.94,77.10855410725925,70.79542155138475,6.313132555874505,0.2329571615976852,30.45558113425441,0.10853670668355066,3.30554847644565,3.30554847644565,3.30554847644565,0.0,-0.0,0,0.01,0.01,0.16346148189129076,0.30563110507589514,56.72517187731965,0.01,0.0979512945853592,0.1946324162118144,6.584559800261706,0.01,0.09289943773587342,0.1822602196927739,6.3843748565292495,0.01,0.11627507681709616,0.3893628144664,5.834546267314261,0.01,0.11366273485422386,0.3064753455170273,3.683474334477442,0.01,0.07580976908434635,0.12945882881380774,8.810726213536325
8.950000000000001,77.24495324074081,70.92714652022127,6.31780672051954,0.22685836051571087,30.445857698993187,0.10865175473247143,3.307995863330735,3.307995863330735,3.307995863330735,0.0,-0.0,0,0.01,0.01,0.16350429086786586,0.3056761422572108,56.84261060420508,0.01,0.09799610174959608,0.19467745339313008,6.570565894280453,0.01,0.09294409615505352,0.1823052568740896,6.3712647679135275,0.01,0.11617843539133198,0.38926075970942925,5.785239769298745,0.01,0.11355956249245168,0.3063732907600566,3.693213998726426,0.01,0.07576510058676528,0.12941438371711614,8.826873974043316
8.96,77.37755955199997,71.05535073327195,6.322208818728022,0.22067047271723828,30.43574519978282,0.10876358619884822,3.3103007965627596,3.3103007965627596,3.3103007965627596,0.0,-0.0,0,0.01,0.01,0.1635459196859222,0.30571992881463594,56.95635534934356,0.01,0.09803969331144337,0.19472123995055524,6.55621934018211,0.01,0.09298754062897398,0.1823490434315147,6.3577987532941105,0.01,0.11608417978011114,0.38916134135013525,5.738351878759739,0.01,0.11345899429363017,0.30627387240076265,3.7032434093622517,0.01,0.07572154962606639,0.12937106257518738,8.843496142181671
8.97,77.50638744548145,71.17998225889247,6.3264051865889925,0.2143658797526582,30.425572433334136,0.10887216721705996,3.312498009636724,3.312498009636724,3.312498009636724,0.0,-0.0,0,0.01,0.01,0.16358636010174718,0.3057624593042528,57.06660192755475,0.01,0.09808205844082625,0.1947637704401721,6.5416666740877325,0.01,0.0930297605422141,0.18239157392113156,6.344127212072455,0.01,0.11599235494550655,0.3890646074138832,5.693890589579263,0.01,0.11336107745068273,0.30617713846451056,3.71357059860269,0.01,0.0756791386998005,0.12932888832041542,8.860625100227196
8.98,77.6314530322963,71.30092555477279,6.330527477523516,0.20778483514228654,30.415996131261984,0.1089774085260305,3.3146564361227004,3.3146564361227004,3.3146564361227004,0.0,-0.0,0,0.01,0.01,0.16362561751322172,0.30580373525748694,57.17303883136924,0.01,0.09812320071499817,0.19480504639340623,6.526851351993585,0.01,0.09307075991250699,0.18243284987436573,6.330176632055308,0.01,0.11590302231518192,0.3889706552493193,5.652161089042719,0.01,0.11326588276111597,0.30608318629994663,3.7244284997279102,0.01,0.07563790555295206,0.1292879053842852,8.87874626399074
8.99,77.75277414800003,71.41802294025752,6.334751207742517,0.2009470661220785,30.407891236683547,0.10907918442211526,3.316867976093827,3.316867976093827,3.316867976093827,0.0,-0.0,0,0.01,0.01,0.1636636509171527,0.30584370699382146,57.27504727064993,0.01,0.09816309038256005,0.19484501812974075,6.511260192514055,0.01,0.09311050751308585,0.18247282161070025,6.315443027565774,0.01,0.11581628253466421,0.388879615021309,5.613408911111564,0.01,0.11317352759244902,0.30599214607193637,3.735930629698142,0.01,0.07559790797149085,0.12924817254260673,8.897933463126678
9.0,77.87037037037038,71.531143978806,6.339226391564377,0.19391051464910244,30.40200065029464,0.10917739312762505,3.31921117686353,3.31921117686353,3.31921117686353,0.0,-0.0,0,0.01,0.01,0.16370041579210315,0.3058823291285303,57.37259058726959,0.01,0.09820168245329136,0.19488364026444954,6.494903481799332,0.01,0.09314895790974277,0.18251144374540904,6.299952055658737,0.01,0.11573224264117211,0.38879159580972755,5.577631834305586,0.01,0.11308412843649492,0.30590412686035495,3.748014004499951,0.01,0.07555919781406994,0.12920973940235267,8.918025663891632
9.01,77.98426303718516,71.64019535750761,6.344067679677551,0.18675526210069202,30.39888652232131,0.10927196517388271,3.3217460693919065,3.3217460693919065,3.3217460693919065,0.0,-0.0,0,0.01,0.01,0.16373587893683053,0.3059195689559416,57.465721538076444,0.01,0.0982389396265663,0.1949208800918609,6.477919508313783,0.01,0.09318607413272985,0.1825486835728204,6.283843316530905,0.01,0.11564994451439319,0.38870667780040447,5.554119708456444,0.01,0.11299777905526834,0.30581920885103187,3.760561392935937,0.01,0.07552181514351639,0.12917264295932318,8.938802226532719
9.02,78.09447526399995,71.74516471438076,6.349310549619193,0.17969679574535397,30.39871103550345,0.10936290113719661,3.3244912296739715,3.3244912296739715,3.3244912296739715,0.0,-0.0,0,0.01,0.01,0.1637700292555742,0.3059554214343639,57.554884049621606,0.01,0.09827484287627972,0.19495673257028323,6.460684962215905,0.01,0.09322183804379544,0.18258453605124272,6.267493968278162,0.01,0.11556732408798288,0.3886248779875804,5.561480667875801,0.01,0.11291453014500942,0.30573740903820773,3.773278381869141,0.01,0.07548577750321116,0.12913689256984534,8.959669767460827
9.03,78.20103196192598,71.84616554345428,6.354866418471702,0.17291330963802332,30.401012777575968,0.10945031009811776,3.32740027580253,3.32740027580253,3.32740027580253,0.0,-0.0,0,0.01,0.01,0.16380289584447738,0.30598992455324314,57.64069266688148,0.01,0.09830940975185433,0.19499123568916243,6.443728555727174,0.01,0.09325626879468038,0.18261903917012193,6.251421195669396,0.01,0.1154865309277135,0.38854611490635804,5.579704858599828,0.01,0.11283434703792648,0.30565864595698544,3.785754138522005,0.01,0.07545106040193535,0.12910245446354024,8.979953583185637
9.040000000000001,78.30395985540744,71.94337859073639,6.36058126467106,0.16647650917942408,30.40500358827106,0.10953435846855049,3.330392562275246,3.330392562275246,3.330392562275246,0.0,-0.0,0,0.01,0.01,0.16383453334370338,0.30602313934348063,57.7235504285314,0.01,0.09834268833679485,0.1950244504793999,6.4273668694764785,0.01,0.09328941571568382,0.1826522539603594,6.235924563248172,0.01,0.11540834324909449,0.3884702540541686,5.600617951969535,0.01,0.11275712294070286,0.305582785104796,3.7977439959792147,0.01,0.07541761107061389,0.12906927152788694,8.99933614119535
9.05,78.40328750000008,72.03701058147476,6.366276918525306,0.16041153737516883,30.409776764110305,0.10961523412409979,3.333374799659561,3.333374799659561,3.333374799659561,0.0,-0.0,0,0.01,0.01,0.16386500668385992,0.3060551357871212,57.80375130879861,0.01,0.09837474164015529,0.19505644692304044,6.4117521778475774,0.01,0.09332134242581787,0.18268425040399994,6.2211458336455525,0.01,0.11533289652480692,0.38839713999036274,5.621610291444366,0.01,0.11268271523905747,0.30550967104099014,3.809133398500213,0.01,0.07538536487130612,0.12903727731942857,9.017683898402845
9.06,78.49904530014817,72.12727471904103,6.371770581107148,0.1547179256245402,30.414405065816055,0.10969312953652702,3.336251274660964,3.336251274660964,3.336251274660964,0.0,-0.0,0,0.01,0.01,0.16389438392586891,0.3060859861537102,57.88152456146613,0.01,0.09840563833877847,0.19508729728962956,6.396945335395089,0.01,0.09335211779874591,0.18271510077058906,6.207140767164376,0.01,0.11526012259219359,0.38832661155668224,5.641843627412735,0.01,0.11261096737350097,0.3054391426073096,3.8198799631007025,0.01,0.07535425316909881,0.12900640272126043,9.034959520217475
9.07,78.59126552696289,72.21437854507764,6.3768869818852565,0.14937714745389377,30.418001409912865,0.10976823134592051,3.3389302158438516,3.3389302158438516,3.3389302158438516,0.0,-0.0,0,0.01,0.01,0.1639227320390501,0.30611576084678105,57.95704406006465,0.01,0.09843544750909103,0.19511707198270034,6.382947713661689,0.01,0.09338181085870052,0.18274487546365983,6.193908747149995,0.01,0.1151898911393097,0.388258511399565,5.661070989581827,0.01,0.11254172134627834,0.3053710424501924,3.829987526046105,0.01,0.07532420792935031,0.12897658012049593,9.051191618884348
9.08,78.67998233600002,72.29851479481292,6.381467541187114,0.14435639881026907,30.419764339603947,0.10984071256382921,3.3413285910858592,3.3413285910858592,3.3413285910858592,0.0,-0.0,0,0.01,0.01,0.16395011380638694,0.30614452527106306,58.03042849117932,0.01,0.09846423505118128,0.19514583640698233,6.369714611820003,0.01,0.0934104872829846,0.18277363988794182,6.181405011571822,0.01,0.1151220583297134,0.38819269317992544,5.679266175128687,0.01,0.11247482620961864,0.30530522423055284,3.8394950674032073,0.01,0.07529516507529421,0.12894774658095243,9.06646146576074
9.09,78.76523178503703,72.37985410111799,6.385377683919049,0.13961154116823507,30.41901410847809,0.10991072639993557,3.3433759370327154,3.3433759370327154,3.3433759370327154,0.0,-0.0,0,0.01,0.01,0.16397658536142892,0.3061723373298312,58.10174076287985,0.01,0.09849206093704263,0.19517364846575047,6.3571631314177415,0.01,0.09343820669093712,0.18280145194670996,6.169548019581471,0.01,0.11505648602509799,0.3881290273547966,5.696503466450029,0.01,0.11241014459636171,0.305241558405424,3.8484702251721514,0.01,0.07526706717026575,0.12891984639518095,9.080893617355393
9.1,78.84705185185175,72.45853935683367,6.388512495018074,0.13509002719607194,30.41522038485662,0.1099784015358094,3.345017320285897,3.345017320285897,3.345017320285897,0.0,-0.0,0,0.01,0.01,0.1640021942598501,0.3061992454881145,58.170989187386965,0.01,0.0985189770432526,0.19520055662403382,6.345179247538899,0.01,0.09346502050615935,0.18282836010499334,6.158226255772078,0.01,0.11499305113581988,0.38806740567213954,5.712914172038892,0.01,0.11234755786699654,0.3051799367227669,3.857003611346221,0.01,0.07523986553670516,0.12889283307568755,9.094646663965623
9.11,78.92548245200007,72.53468178509434,6.390800666905733,0.1307339591563401,30.40802137032132,0.1100438388783359,3.3462154042846337,3.3462154042846337,3.3462154042846337,0.0,-0.0,0,0.01,0.01,0.16402697809513112,0.3062252874194448,58.23813105718912,0.01,0.09854502553596811,0.19522659855536412,6.333625407570858,0.01,0.09349097036957944,0.1828544020363236,6.14730561672024,0.01,0.11493165105595278,0.3880077443336215,5.728666256559256,0.01,0.11228696995153133,0.3051202753842489,3.8652028517014676,0.01,0.0752135218018291,0.12886667076385377,9.107903282407669
9.120000000000001,79.00056545659254,72.60835878112904,6.392206675463512,0.12648321914298732,30.397234052934174,0.11010710983820232,3.346951588643967,3.346951588643967,3.346951588643967,0.0,-0.0,0,0.01,0.01,0.16405096368151287,0.3062504892584538,58.303078540983975,0.01,0.09857023782631225,0.1952518003943731,6.322348770096845,0.01,0.09351608712380069,0.18287960387533259,6.136637430547201,0.01,0.11487220696427425,0.3879499857700559,5.743950605245064,0.01,0.11222830984469077,0.3050625168206833,3.8731862363460157,0.01,0.07518800884249688,0.128841335030801,9.120859727796294
9.13,79.07234471007408,72.67961353259284,6.39273117748123,0.12227854806416902,30.382855595674386,0.1101682561310922,3.3472262172582434,3.3472262172582434,3.3472262172582434,0.0,-0.0,0,0.01,0.01,0.1640741668118426,0.3062748654622707,58.36570655288862,0.01,0.09859463411056779,0.1952761765981899,6.31118978663588,0.01,0.09354039038280589,0.1829039800791494,6.126066800274525,0.01,0.1148146655145769,0.3878940990189272,5.758969144781773,0.01,0.11217153272135698,0.30500663006955453,3.8810761874808994,0.01,0.07516331111752424,0.1288168130641901,9.133715191533591
9.14,79.14086604799999,72.74845635071763,6.39240969728236,0.11806443950538031,30.3650562321172,0.11022729103592252,3.3470578906197357,3.3470578906197357,3.3470578906197357,0.0,-0.0,0,0.01,0.01,0.16409659257413925,0.30629841925803186,58.42586213155011,0.01,0.0986182234886288,0.19529973039395113,6.299990714773339,0.01,0.09356388867925194,0.18292753387491062,6.1154408659634,0.01,0.11475899909003441,0.38784007875262405,5.773923702610874,0.01,0.11211661968822376,0.30495260980325145,3.888992839007333,0.01,0.07513942440093509,0.12879310326106796,9.146661515160543
9.15,79.20617731481491,72.81486757020684,6.3913097446080736,0.11379172389527668,30.34416440987097,0.11028420198177055,3.3464819567462634,3.3464819567462634,3.3464819567462634,0.0,-0.0,0,0.01,0.01,0.16411823618611587,0.30632114362829577,58.483374818311724,0.01,0.09864100462894133,0.195322454764215,6.288603652382283,0.01,0.09358658015620995,0.1829502582451745,6.1046165877960545,0.01,0.11470520473045222,0.38778794306504727,5.78900560655352,0.01,0.11206357624631136,0.30490047411567467,3.897048023831843,0.01,0.07511635495605723,0.12877021427296773,9.159873723884548
9.16,79.26832838162963,72.87880180970997,6.389526571919651,0.1094197370314251,30.32064524759516,0.11033895427984908,3.3455482897099253,3.3455482897099253,3.3455482897099253,0.0,-0.0,0,0.01,0.01,0.16413908428457907,0.3063430227634503,58.538067513485935,0.01,0.09866296692382685,0.19534433389936962,6.276897733605451,0.01,0.09360845374601058,0.1829721373803291,6.093467704128942,0.01,0.11465330186001217,0.3877377301769812,5.804386328120744,0.01,0.11201242959537845,0.30485026122760855,3.905339930159579,0.01,0.07509411821458323,0.12874816357284008,9.173501779531252
9.17,79.32737116400006,72.94019333085546,6.387177833144599,0.10491799075745183,30.295073633747712,0.1103914957723571,3.3443184929631076,3.3443184929631076,3.3443184929631076,0.0,-0.0,0,0.01,0.01,0.1641591165881183,0.30636403389166555,58.58976730314849,0.01,0.09868409205805678,0.19536534502758482,6.264765199287389,0.01,0.0936294907580974,0.1829931485085443,6.081890589126507,0.01,0.11460332898245353,0.38768949426389254,5.8202095047526985,0.01,0.1119632249600157,0.3048020253145199,3.9139486379721746,0.01,0.07507273704508148,0.12872697563265934,9.187663870914204
9.18,79.38335963970376,72.99896219442526,6.384397445278487,0.10026729022621067,30.268103483360164,0.11044176213810211,3.342862685280723,3.342862685280723,3.342862685280723,0.0,-0.0,0,0.01,0.01,0.16417830783764195,0.30638414938334274,58.63831577866489,0.01,0.09870435589715561,0.195385460519262,6.252126133549409,0.01,0.09364966678171431,0.1830132640002215,6.069808810924901,0.01,0.11455533954882331,0.38764330064185204,5.836584618419252,0.01,0.11191602115547519,0.30475583169247944,3.9229326910001228,0.01,0.07505223971101764,0.12870667981490508,9.202441470271376
9.19,79.43634986651851,73.0550208885309,6.381328977987608,0.09546027020924917,30.240434777739658,0.11048968257638259,3.3412560395642554,3.3412560395642554,3.3412560395642554,0.0,-0.0,0,0.01,0.01,0.16419662991059983,0.30640333901877564,58.68357841343629,0.01,0.09872373059090009,0.19540465015469494,6.238931735359872,0.01,0.09366895379855496,0.1830324536356544,6.057176265423847,0.01,0.1145093972321475,0.38759922056704743,5.853582522545368,0.01,0.11187088563749789,0.3047117516176748,3.9323268029659344,0.01,0.07503265762859108,0.1286873080901183,9.217876294310145
9.200000000000001,79.48639999999999,73.1082810960074,6.378118903992593,0.09050135103248351,30.212780039654863,0.11053518558595495,3.3395752487508856,3.3395752487508856,3.3395752487508856,0.0,-0.0,0,0.01,0.01,0.16421405400130631,0.306421572305002,58.72545261441671,0.01,0.09874218678217571,0.19542288344092124,6.225166064769395,0.01,0.09368732239547413,0.18305068692188073,6.043978828583329,0.01,0.11446557086067817,0.3875573259114664,5.87123291894546,0.01,0.11182788929379976,0.3046698569620938,3.9421407427293005,0.01,0.07501402303935462,0.12866889269615306,9.233969219742434
9.21,79.5335703112593,73.15866027639186,6.3749100348674395,0.08540614174085984,30.185831845878774,0.11057820456459005,3.3378950888059,3.3378950888059,3.3378950888059,0.0,-0.0,0,0.01,0.01,0.16423055276158638,0.30643882073051165,58.76387412941508,0.01,0.09875969581171132,0.19544013186643094,6.210846266326858,0.01,0.09370474396795682,0.18306793534739044,6.030234530222185,0.01,0.11442392926587996,0.3875176839719241,5.889523800275125,0.01,0.11178710123540292,0.3046302150225515,3.952359392624891,0.01,0.07499636671166945,0.1286514638526447,9.250681119422694
9.22,79.57792320474078,73.20608776084592,6.371835443894867,0.08020034290481201,30.16023285566655,0.11061868297579702,3.3362852367371953,3.3362852367371953,3.3362852367371953,0.0,-0.0,0,0.01,0.01,0.16424610230267736,0.30645505985425997,58.79882156501972,0.01,0.09877623181490543,0.19545637099017926,6.196021326945549,0.01,0.09372119281091502,0.18308417447113878,6.015992305036329,0.01,0.11438453629324148,0.38748035265233705,5.908402794489076,0.01,0.11174858383420791,0.3045928837029644,3.962943928249088,0.01,0.07497971577879518,0.12863504763685174,9.26793550666876
9.23,79.61952323599995,73.25051009465341,6.3690131413465485,0.07491822304564755,30.136549646620423,0.11065657886129311,3.334807482578528,3.334807482578528,3.334807482578528,0.0,-0.0,0,0.01,0.01,0.16426068397042667,0.30647027113779785,58.83031885436078,0.01,0.09879177361738024,0.1954715822737171,6.180769474299051,0.01,0.09373664800394789,0.1830993857546766,6.001329423690472,0.01,0.11434744620431773,0.3874453762311877,5.927780276748568,0.01,0.11171238823019665,0.3045579072818151,3.9738340261687832,0.01,0.0749640918102923,0.1286196641148966,9.28562280363871
9.24,79.65843712948148,73.29189540935486,6.366541720126622,0.0696007600603499,30.115251409694785,0.11069186851884134,3.3335134494537866,3.3335134494537866,3.3335134494537866,0.0,-0.0,0,0.01,0.01,0.1642742858206246,0.30648444344553727,58.8584356070161,0.01,0.09880630635026558,0.1954857545814566,6.165194365400095,0.01,0.093751095012671,0.18311355806241608,5.986347749485542,0.01,0.1143126996686583,0.3874127818890849,5.947534050848656,0.01,0.1116785504990045,0.3045253129397123,3.9849509684762765,0.01,0.07494950919810199,0.12860532580622955,9.3036059856884
9.25,79.69473379629628,73.33023666257095,6.3644971337253216,0.06429355152015391,30.096694276079354,0.11072454921290355,3.332442906517461,3.332442906517461,3.332442906517461,0.0,-0.0,0,0.01,0.01,0.16428690373895838,0.3064975741573457,58.883285373039186,0.01,0.0988198227235815,0.19549888529326498,6.149420255350702,0.01,0.09376452694516978,0.18312668877422447,5.9711690057533415,0.01,0.11428032050642377,0.3873825771272479,5.967515346368937,0.01,0.11164708863027067,0.30449510817787523,3.9962014800084718,0.01,0.07493597392002285,0.12859203653976048,9.321727299302061
9.26,79.72848435200008,73.36555364514955,6.362930706850525,0.05904460476824775,30.0811117450782,0.11075464083766337,3.331622727323753,3.331622727323753,3.331622727323753,0.0,-0.0,0,0.01,0.01,0.16429854216961268,0.30650966985878003,58.90502195506262,0.01,0.09883232391544117,0.19551098099469935,6.133586373049862,0.01,0.09377694542205073,0.18313878447565884,5.955929275657576,0.01,0.11425031329879182,0.3873547481589743,5.987555829877493,0.01,0.11161800042142167,0.30446727920960165,4.007482106068863,0.01,0.07492348272233615,0.1285797907385803,9.33981570849766
9.27,79.75976213437038,73.39789371925053,6.3618684151198455,0.05390211908247839,30.068611369235768,0.11078218650570508,3.331066512674241,3.331066512674241,3.331066512674241,0.0,-0.0,0,0.01,0.01,0.1643092144369592,0.3065207465962382,58.92383400104737,0.01,0.09884382005508868,0.19552205773215744,6.117840762905261,0.01,0.09378836103891382,0.18314986121311694,5.940772988090223,0.01,0.11422266193612388,0.38732925930526024,6.007475289924637,0.01,0.11159126234279593,0.3044417903558876,4.018683916897096,0.01,0.07491202274114883,0.12856857314767167,9.357694696200888
9.28,79.78864272118513,73.42733131409086,6.361311407094261,0.04891236783004361,30.05917754642338,0.1108072520883181,3.330774863954047,3.330774863954047,3.330774863954047,0.0,-0.0,0,0.01,0.01,0.16431894266504127,0.30653082970598344,58.93993819839947,0.01,0.0988543302980042,0.19553214084190274,6.102333877123956,0.01,0.09379879342033141,0.18315994432286223,5.925846668723497,0.01,0.11419732912575115,0.3873060533753582,6.027089628433134,0.01,0.1115668293807716,0.3044185844259855,4.02969731153218,0.01,0.07490157155977888,0.12855835899666335,9.375190035276205
9.290000000000001,79.81520394799992,73.45396626515345,6.361237682846469,0.04411777887191504,30.052679983001514,0.11082992478248568,3.330736262028171,3.330736262028171,3.330736262028171,0.0,-0.0,0,0.01,0.01,0.1643277573186795,0.30653995324631755,58.95357146236073,0.01,0.09886388251050782,0.1955412643822369,6.087212219048849,0.01,0.09380827088364987,0.1831690678631964,5.911292750904997,0.01,0.11417425683451128,0.38728505296576693,6.0462187781337775,0.01,0.11154463581824409,0.3043975840163943,4.040416689796683,0.01,0.07489209767833471,0.12854911456867069,9.392137150937854
9.3,79.83952592592594,73.47792113484817,6.361604791077769,0.03955529712972966,30.0488871409052,0.1108503108228004,3.3309284794485916,3.3309284794485916,3.3309284794485916,0.0,-0.0,0,0.01,0.01,0.16433569640710197,0.3065481590801253,58.96498256015619,0.01,0.09887251259864606,0.1955494702160446,6.072612340918002,0.01,0.09381682974828968,0.18317727369700407,5.897243743673862,0.01,0.1141533675979888,0.3872661625692786,6.064694169580312,0.01,0.11152459686866084,0.304378693619906,4.0507447683955915,0.01,0.07488356135258858,0.12854079812763444,9.408387722794043
9.31,79.86169105940738,73.49933769548481,6.362353363922568,0.03525509513578988,30.04748377558552,0.11086853249190776,3.3313204312735745,3.3313204312735745,3.3313204312735745,0.0,-0.0,0,0.01,0.01,0.16434280440527177,0.30655549566976653,58.974423633622074,0.01,0.0988802635309567,0.19555680680568585,6.058655486573794,0.01,0.0938245133410071,0.18318461028664534,5.883817041014187,0.01,0.11413456659067005,0.3872492713512419,6.08236539392737,0.01,0.11150661104280757,0.3043618024018692,4.060596336339335,0.01,0.07487591574321976,0.12853336114122016,9.423815220801776
9.32,79.88178406400007,73.51837278715652,6.363411276843558,0.031239676684375717,30.048091519618325,0.11088472460915937,3.3318743531836947,3.3318743531836947,3.3318743531836947,0.0,-0.0,0,0.01,0.01,0.16434913095895104,0.3065620166572276,58.98214207567102,0.01,0.09888718411645153,0.19556332779314695,6.045443139877639,0.01,0.09383137075925901,0.18319113127410647,5.871110626324007,0.01,0.11411774432043875,0.3872342564246414,6.0991057499725265,0.01,0.11149056309821967,0.3043467874752688,4.0699012760164655,0.01,0.07486910830421294,0.12852674972493747,9.438319132624565
9.33,79.89989198414816,73.53519378260503,6.364698201543112,0.027523396656519702,30.05029137363885,0.11089903069306324,3.332548185380668,3.332548185380668,3.332548185380668,0.0,-0.0,0,0.01,0.01,0.16435472944662605,0.30656777930914436,58.98837317776754,0.01,0.09889332760746301,0.19556909044506368,6.033053692206791,0.01,0.0938374554630047,0.18319689392602317,5.859199878715808,0.01,0.11410277978812933,0.3872209864398528,6.1148164248052215,0.01,0.11147632740056942,0.3043335174904802,4.0786067178763545,0.01,0.0748630823311131,0.12852090622610438,9.45182771662161
9.34,79.91610421096311,73.54997389795354,6.36613031300957,0.024112398000563973,30.053646934032468,0.1109115989985372,3.333298037191026,3.333298037191026,3.333298037191026,0.0,-0.0,0,0.01,0.01,0.16435965547453243,0.3065728429086736,58.99333390358623,0.01,0.09889875020167294,0.19557415404459288,6.021540380264467,0.01,0.09384282376978777,0.18320195752555238,5.848135625774337,0.01,0.11408954393889596,0.3872093252993466,6.129429133992807,0.01,0.1114637715152577,0.304321856349974,4.086678246525698,0.01,0.07485777858617529,0.12851577086376423,9.46429920017434
9.35,79.93051249999995,73.56288758268269,6.367624917317267,0.021004945956414292,30.0577272138866,0.1109225786251797,3.3340806101765397,3.3340806101765397,3.3340806101765397,0.0,-0.0,0,0.01,0.01,0.1643639653802241,0.3065772671743022,58.99721806025349,0.01,0.09890350951864495,0.19557857831022155,6.010930571676074,0.01,0.09384753332873812,0.18320638179118104,5.837943514382971,0.01,0.11407790322717677,0.38719913581190646,6.1429071348053705,0.01,0.11145275984580981,0.30431166686253386,4.09410013064352,0.01,0.07485313691815935,0.12851128334253398,9.475721430804962
9.36,79.94321098903698,73.57410620539541,6.369104783641581,0.018192121001474024,30.06212799566803,0.11093211587857502,3.334855466372,3.334855466372,3.334855466372,0.0,-0.0,0,0.01,0.01,0.16436771481565832,0.30658111077991235,59.000193043455866,0.01,0.09890766312363866,0.19558242191583167,6.001226396524207,0.01,0.09385164164634922,0.1832102253967912,5.828624693120848,0.01,0.11406772312082253,0.38719028311427883,6.155244618437801,0.01,0.11144315714312851,0.3043028141649062,4.10087460449376,0.01,0.07484909779931961,0.1285073843642649,9.486110072075677
9.370000000000001,79.95429621585191,73.5837942253312,6.370501990520712,0.015658816544628692,30.066490783414995,0.11094035104432994,3.33558704218317,3.33558704218317,3.33558704218317,0.0,-0.0,0,0.01,0.01,0.16437095747306368,0.30658443004129415,59.002398232038665,0.01,0.09891126716566179,0.19558574117721342,5.992406644084295,0.01,0.09385520473080801,0.18321354465817288,5.8201577225495695,0.01,0.11405887138190143,0.3871826377093147,6.166464577755444,0.01,0.11143483172533224,0.3042951687599421,4.107020280910513,0.01,0.0748456037105269,0.12850401697075073,9.495505510974143
9.38,79.96386713600002,73.59210600524298,6.371761130757045,0.013384975711326245,30.070518589802873,0.1109474157057127,3.336246326469221,3.336246326469221,3.336246326469221,0.0,-0.0,0,0.01,0.01,0.16437374400648558,0.3065872778225043,59.003945010545685,0.01,0.09891437518801897,0.1955885889584236,5.984429772038917,0.01,0.09385827591270515,0.1832163924393831,5.812501559914211,0.01,0.11405122098080082,0.38717607799699016,6.176615328987765,0.01,0.11142765827055989,0.30428860904761756,4.112569820582814,0.01,0.07484260031677656,0.12850112766281618,9.503968704495486
9.39,79.97202514059262,73.59918338139856,6.372841759194062,0.011346993983064711,30.073987988246728,0.11095343070229946,3.3368121421957198,3.3368121421957198,3.3368121421957198,0.0,-0.0,0,0.01,0.01,0.1643761211895487,0.3065897027017959,59.00491831130993,0.01,0.09891703715856864,0.19559101383771524,5.97723781647444,0.01,0.09386090488868178,0.18321881731867473,5.805599408076464,0.01,0.11404465252524244,0.38717049220637756,6.185765933241286,0.01,0.11142152007322034,0.3042830232570049,4.117567017370353,0.01,0.07484003738880293,0.1284986672551384,9.51157623655357
9.4,79.97887407407399,73.60515406348792,6.373720010586069,0.00951921104227768,30.076757070929425,0.11095850479089282,3.3372719935492423,3.3372719935492423,3.3372719935492423,0.0,-0.0,0,0.01,0.01,0.16437813133637819,0.3065917484220872,59.00537949450782,0.01,0.09891929875411992,0.19559305955800652,5.970760948540679,0.01,0.09386313702161107,0.183220863038966,5.799383178532157,0.01,0.1140390561151909,0.38716577967079213,6.194000812417263,0.01,0.11141631068597836,0.30427831072141953,4.12206348233819,0.01,0.0748378694413161,0.1284965914412588,9.518414881050969
9.41,79.98452025200004,73.61013089344756,6.374389358552477,0.007875415756792145,30.078769168835013,0.11096273403311513,3.337622463324903,3.337622463324903,3.337622463324903,0.0,-0.0,0,0.01,0.01,0.16437981199853213,0.30659345363592433,59.005370330274786,0.01,0.09892120091958288,0.1955947647718436,5.964922400788502,0.01,0.09386501291697877,0.1832225682528031,5.793778297516751,0.01,0.11403433256671301,0.3871618514230757,6.201413881682017,0.01,0.11141193490349567,0.3042743824737031,4.126115119448089,0.01,0.07483605607366431,0.1284948610585991,9.524575972828304
9.42,79.98907247881486,73.61421194983654,6.374860528978307,0.006390292449870354,30.080052398666414,0.11096620189833672,3.3378691675829653,3.3378691675829653,3.3378691675829653,0.0,-0.0,0,0.01,0.01,0.16438119593694414,0.30659485194035807,59.00491781049982,0.01,0.09892277970835187,0.1955961630762774,5.959643482791936,0.01,0.09386656828094717,0.18322396655723688,5.788708582431287,0.01,0.11403039398092238,0.38715863012158547,6.208102526859569,0.01,0.11140830907779786,0.3042711611722128,4.129778584005548,0.01,0.07483456201372331,0.12849344205814012,9.530149877044545
9.43,79.99264206562962,73.61748144534762,6.37516062028201,0.005040743932660125,30.080715294408236,0.11096898003760781,3.3380262950221518,3.3380262950221518,3.3380262950221518,0.0,-0.0,0,0.01,0.01,0.1643823113549148,0.3065959721837603,59.0040394997064,0.01,0.09892406639667052,0.1955972833196796,5.954848420016682,0.01,0.09386783405188102,0.18322508680063906,5.784100931126093,0.01,0.1140271636665448,0.3871560493483901,6.214161741464614,0.01,0.11140536078744921,0.3042685803990175,4.13310790226635,0.01,0.07483335687981371,0.1284923051970791,9.535220821570984
9.44,79.99534284799985,73.62001133092126,6.3753315170785845,0.0038070366223149376,30.080938949989566,0.11097112965540425,3.338115776375592,3.338115776375592,3.338115776375592,0.0,-0.0,0,0.01,0.01,0.1643831823666933,0.3065968390149073,59.00274913204041,0.01,0.09892508785207427,0.19559815015082663,5.950468779063874,0.01,0.09386883678454847,0.1832259536317861,5.779889596014481,0.01,0.11402457545481415,0.38715405234817996,6.2196787076845235,0.01,0.11140302791201304,0.3042665833988073,4.136151409314769,0.01,0.07483241468785377,0.12849142548469905,9.53986231999986
9.450000000000001,79.99729120370372,73.6218634920009,6.37542771170283,0.002673724778381018,30.0809662378136,0.11097270338233979,3.338166143763066,3.338166143763066,3.338166143763066,0.0,-0.0,0,0.01,0.01,0.16438382966660509,0.3065974736350893,59.00106217339519,0.01,0.09892586712500945,0.19559878477100867,5.946447282552505,0.01,0.09386959925535122,0.18322658825196814,5.776019854647237,0.01,0.11402257247200152,0.3871525902984847,6.224728062204473,0.01,0.11140125718833567,0.30426512134911204,4.13894913468549,0.01,0.07483171314129469,0.12849078142142342,9.544133367523012
9.46,79.99860607051856,73.62309240159662,6.375513668921949,0.001630323795541355,30.08108877125258,0.11097374753429667,3.3382111508577506,3.3382111508577506,3.3382111508577506,0.0,-0.0,0,0.01,0.01,0.1643842713563389,0.3065978947068465,58.99900109011517,0.01,0.09892642422386064,0.1955992058427658,5.942740863472359,0.01,0.09387014124824249,0.1832270093237253,5.7724509339825065,0.01,0.11402110545680141,0.38715162021828803,6.229368035795894,0.01,0.11140000234509256,0.3042641512689154,4.141530733673368,0.01,0.07483123274931637,0.12849035407830123,9.548075542278127
9.47,79.99940896399997,73.6237480815063,6.37566088249366,0.000671715938584748,30.081632345165637,0.1109743046321135,3.33828823170365,3.33828823170365,3.33828823170365,0.0,-0.0,0,0.01,0.01,0.16438452388310287,0.30659811936836884,58.99660009721082,0.01,0.09892677702719588,0.19559943050428813,5.939322858250117,0.01,0.09387048047475677,0.18322723398524762,5.7691580935482145,0.01,0.11402013072625586,0.3871511026326411,6.233637598967063,0.01,0.11139922192616195,0.3042636336832684,4.143914029079212,0.01,0.07483095582408321,0.12849012606880125,9.551711093215829
9.48,79.9998239952593,73.62387921740743,6.375944777851875,-0.00020171472504820436,30.08294161626036,0.11097441605115922,3.3384368789656094,3.3384368789656094,3.3384368789656094,0.0,0.0,0,0.01,0.01,0.16438460296114882,0.3065981643006734,58.9939152018729,0.01,0.09892694228323924,0.19559947543659265,5.93618428686069,0.01,0.09387063357796581,0.18322727891755214,5.766133820144217,0.01,0.11401960790442532,0.38715099911531226,6.237554688426744,0.01,0.11139887692145166,0.30426353016593966,4.146104195021516,0.01,0.07483086541049093,0.1284900804667417,9.555042044562025
9.49,79.99997788874083,73.62353627657659,6.3764416121642435,-0.000983993435653532,30.08536476995218,0.11097412467266381,3.3386970208032407,3.3386970208032407,3.3386970208032407,0.0,0.0,0,0.01,0.01,0.16438450995182022,0.30659804679570973,58.992156301332585,0.01,0.09892692209832472,0.19559935793162903,5.933711282395667,0.01,0.09387060050947287,0.1832271614125885,5.763850322247398,0.01,0.11401949309536286,0.3871512698290842,6.241156988934466,0.01,0.11139889624739964,0.3042638008797116,4.14838458934484,0.01,0.07483092170869274,0.1284901997231066,9.559722583646796
9.5,80.0,73.62277575968567,6.377224240314328,-0.0016589009625236665,30.08923257272532,0.11097347849845596,3.339106803944374,3.339106803944374,3.339106803944374,0.0,0.0,0,0.01,0.01,0.16438427772447745,0.306597786213055,58.990259347780565,0.01,0.0989267161404259,0.19559909734897427,5.932405719221455,0.01,0.09387038891500167,0.18322690082993376,5.762622495031498,0.01,0.11401964813871455,0.38715187017072844,6.245318775724677,0.01,0.11139917709012985,0.3042644012213558,4.151283477040673,0.01,0.07483111582387039,0.12849046418842577,9.564953642716397
9.51,79.99997788874074,73.62166629614623,6.378311592594522,-0.0022023867477908776,30.09461859388338,0.11097253583222697,3.3396761402669273,3.3396761402669273,3.3396761402669273,0.0,0.0,0,0.01,0.01,0.16438392980625752,0.30659740606827063,58.98819721287516,0.01,0.09892638110898777,0.1955987172041899,5.931397343320112,0.01,0.09387005069555132,0.18322652068514939,5.76165086213103,0.01,0.11402004489879203,0.3871527459607993,6.249796956351431,0.01,0.11139973547734114,0.3042652770114267,4.154164059199421,0.01,0.0748314409432397,0.12849084999413513,9.569466951403614
9.52,79.99982399525925,73.62028872531579,6.379535269943463,-0.0025962932832270134,30.100709725050724,0.11097136535118463,3.34031685622856,3.34031685622856,3.34031685622856,0.0,0.0,0,0.01,0.01,0.16438349199840205,0.3065969340605624,58.986085427389824,0.01,0.0989259462484543,0.1955982451964817,5.930634337894757,0.01,0.0938696137923981,0.1832260486774412,5.760914721956139,0.01,0.11402068362376828,0.38715383338108733,6.253992622646522,0.01,0.11140054953561905,0.30426636443171473,4.156645518947669,0.01,0.07483187303005241,0.1284913290254481,9.572958789227165
9.53,79.999408964,73.61872889389254,6.380680070107467,-0.002840769832622503,30.10647083239989,0.1109700399887894,3.3409162721927377,3.3409162721927377,3.3409162721927377,0.0,0.0,0,0.01,0.01,0.16438299207524057,0.306596399604737,58.9840177290664,0.01,0.09892544027375541,0.19559771074065624,5.9301223631290165,0.01,0.09386910682554411,0.18322551422161573,5.760421283314841,0.01,0.11402153749228341,0.3871550646616872,6.257522532477791,0.01,0.11140157136539106,0.30426759571231454,4.158547177727065,0.01,0.07483238327304373,0.1284918714270398,9.57535108262195
9.540000000000001,79.99860607051852,73.61706703533673,6.381539035181784,-0.002954800393428224,30.11090691229086,0.11096862791236724,3.3413660252539312,3.3413660252539312,3.3413660252539312,0.0,0.0,0,0.01,0.01,0.16438245637771218,0.30659583019209186,58.9820521798488,0.01,0.0989248910463848,0.19559714132801118,5.92984017308605,0.01,0.093868557548534,0.18322494480897067,5.760149413427946,0.01,0.11402256367784538,0.3871563764655588,6.260194387146342,0.01,0.11140274254167941,0.3042689075161862,4.159824145898901,0.01,0.07483294280213976,0.12849244929687725,9.576715555182265
9.55,79.9972912037037,73.61536791244097,6.381923291262723,-0.0029730118853839786,30.113111790057694,0.110967184147694,3.3415672212674274,3.3415672212674274,3.3415672212674274,0.0,0.0,0,0.01,0.01,0.16438190656312657,0.30659524801287885,58.98020512042496,0.01,0.09892432229207541,0.19559655914879812,5.929738578408002,0.01,0.09386798948920247,0.18322436262975764,5.760050832248966,0.01,0.11402371335570043,0.38715771766982643,6.26198628106891,0.01,0.11140400545093929,0.30427024872045383,4.160535163835062,0.01,0.07483352642489324,0.12849304011406829,9.577250809582367
9.56,79.995342848,73.61367289027373,6.381669957726278,-0.002942127809865388,30.11230728000958,0.11096574384242482,3.341434576137927,3.341434576137927,3.341434576137927,0.0,0.0,0,0.01,0.01,0.16438135696554315,0.30659466724026957,58.978448312531974,0.01,0.09892375072131382,0.19559597837618883,5.929745827834985,0.01,0.09386741908909474,0.18322378185714833,5.760055485764604,0.01,0.11402494054508043,0.3871590556225058,6.263022652693873,0.01,0.11140531209229829,0.30427158667313314,4.160819522425978,0.01,0.07483411571674221,0.12849362949489013,9.577257429086126
9.57,79.99264206562964,73.61199409924502,6.380647966384618,-0.002917219636390178,30.107872006761568,0.11096431730453979,3.3408994627227617,3.3408994627227617,3.3408994627227617,0.0,0.0,0,0.01,0.01,0.16438081262876944,0.3065940920305299,58.97670864435373,0.01,0.09892318382592381,0.19559540316644913,5.929773725233744,0.01,0.09386685352589999,0.18322320664740863,5.760077478038063,0.01,0.11402620956669246,0.38716038074881365,6.26354762781027,0.01,0.1114066308468145,0.30427291179944105,4.160877389683031,0.01,0.07483470140584506,0.12849421322163188,9.577111431523763
9.58,79.98907247881482,73.61031075545118,6.3787617233636364,-0.002957926275066194,30.099359545307802,0.11096288687335723,3.339911828186495,3.339911828186495,3.339911828186495,0.0,0.0,0,0.01,0.01,0.16438026803702352,0.30659351526238604,58.97487021424522,0.01,0.09892261839545334,0.1955948263983054,5.929723938434673,0.01,0.09386628925542535,0.18322262987926488,5.760021178303956,0.01,0.11402750096110746,0.38716170945433526,6.263896759092907,0.01,0.11140795140035964,0.3042742405049626,4.160951424616861,0.01,0.07483528501900205,0.1284947985211014,9.577236891320831
9.59,79.98452025200001,73.60856760691543,6.375952645084587,-0.0031248137165201277,30.08650602688948,0.11096140559675924,3.338440998239025,3.338440998239025,3.338440998239025,0.0,0.0,0,0.01,0.01,0.16437970653652254,0.3065929180048087,58.97277849462815,0.01,0.09892203975412914,0.19559422914072794,5.929494208159629,0.01,0.09386571127250379,0.18322203262168743,5.759787229096048,0.01,0.114028815793768,0.38716308535000404,6.264468159503226,0.01,0.11140928791542662,0.3042756164006314,4.161309079487689,0.01,0.07483587978723262,0.12849540460384,9.57807869354556
9.6,79.97887407407407,73.6066753790927,6.372198694981375,-0.0034760345858847984,30.069227833111334,0.11095979760701732,3.3364754345613257,3.3364754345613257,3.3364754345613257,0.0,0.0,0,0.01,0.01,0.16437910041028383,0.3065922696698272,58.97024618847874,0.01,0.09892142168623405,0.1955935808057465,5.928984185276465,0.01,0.09386509305776018,0.18322138428670598,5.759278192360854,0.01,0.11403017835207227,0.3871645788988447,6.265693975117338,0.01,0.11141068054824965,0.3042771099494721,4.162225649329841,0.01,0.07483651084141646,0.12849606250807227,9.580076450288844
9.61,79.97202514059259,73.60451300780348,6.36751213278912,-0.004064425056009135,30.047610427315018,0.1109579600148462,3.3340215563356956,3.3340215563356956,3.3340215563356956,0.0,0.0,0,0.01,0.01,0.1643784115404745,0.3065915287778153,58.96706032961305,0.01,0.09892072698805972,0.19559283991373458,5.928100648765276,0.01,0.09386439714761688,0.18322064339469407,5.7584035936425115,0.01,0.11403163731021436,0.38716628565147077,6.268013088504733,0.01,0.11141219544047587,0.3042788167020981,4.163968419779677,0.01,0.07483721475735722,0.12849681432189375,9.583640626339061
9.620000000000001,79.963867136,73.60193137750842,6.361935758491585,-0.004935146883472817,30.021889724410382,0.11095576608133219,3.3311017735812287,3.3311017735812287,3.3311017735812287,0.0,0.0,0,0.01,0.01,0.16437759256937193,0.30659064423863625,58.96299014427864,0.01,0.09891990855940103,0.19559195537455554,5.926761894952681,0.01,0.093863576239916,0.18321975885551503,5.757084161655515,0.01,0.11403326549374405,0.38716832329261813,6.27184590117585,0.01,0.11141392335364564,0.3042808543432455,4.1667823925006084,0.01,0.07483803853422354,0.12849771188150733,9.589131879205814
9.63,79.95429621585185,73.59875823112364,6.355537984728225,-0.006123947438501943,29.992427659442757,0.110953069383314,3.3277519070721784,3.3277519070721784,3.3277519070721784,0.0,0.0,0,0.01,0.01,0.16437658845256847,0.3065895570343238,58.9577951888392,0.01,0.09891891092815021,0.19559086817024304,5.924901138898236,0.01,0.093862574728341,0.18321867165120254,5.75525510952719,0.01,0.11403515841722041,0.3871708277617365,6.277572003877945,0.01,0.11141597714946117,0.3042833588123639,4.170878105690666,0.01,0.07483903810963692,0.128498815061248,9.596844501459719
9.64,79.94321098903703,73.59480388672954,6.348407102307489,-0.0076560727954463545,29.959683769016486,0.11094970866165674,3.3240181857677453,3.3240181857677453,3.3240181857677453,0.0,0.0,0,0.01,0.01,0.16437533828727652,0.30658820217840344,58.951233304781795,0.01,0.09891767208882499,0.19558951331432264,5.92246882894689,0.01,0.09386133054632698,0.18321731679528214,5.752868362514234,0.01,0.1140374317960894,0.3871739487350521,6.2855114858921715,0.01,0.1114184883454031,0.30428647978567946,4.1764220374872805,0.01,0.07484027652807407,0.12850018978188996,9.606994652287757
9.65,79.93051249999999,73.58986738749401,6.340645112505983,-0.0095458307661704,29.924184643506788,0.11094551303445,3.3199540174114706,3.3199540174114706,3.3199540174114706,0.0,0.0,0,0.01,0.01,0.164373777294825,0.3065865108238456,58.94306798497177,0.01,0.09891612553028618,0.19558782195976487,5.919433841137264,0.01,0.09385977719580868,0.18321562544072434,5.749893700810002,0.01,0.11404021825024321,0.38717784476380135,6.295910536810215,0.01,0.1114216029925631,0.3042903758144287,4.183529988038475,0.01,0.0748418218863384,0.1285019058669824,9.619713785914886
9.66,79.91610421096297,73.58374272337122,6.332361487591752,-0.011796764831137315,29.886493044770685,0.11094030726796852,3.315616721548864,3.315616721548864,3.315616721548864,0.0,0.0,0,0.01,0.01,0.16437183883958098,0.3065844123958138,58.933074818766634,0.01,0.0989142023294827,0.19558572353173315,5.9157835866801705,0.01,0.09385784583796636,0.18321352701269264,5.746318850509307,0.01,0.1140436634240149,0.38718267835390663,6.3089318405419625,0.01,0.11142547713042193,0.30429520940453403,4.192263687003179,0.01,0.07484374518047972,0.12850403487287335,9.635047348876965
9.67,79.89989198414816,73.57622479463782,6.323667189510333,-0.014402368742337057,29.84717832444465,0.11093391682546438,3.311064397718746,3.311064397718746,3.311064397718746,0.0,0.0,0,0.01,0.01,0.16436945637598718,0.3065818366361322,58.92104677143442,0.01,0.09891183319632198,0.1955831477720515,5.911523127362881,0.01,0.09385546733159014,0.18321095125301098,5.742148615549083,0.01,0.11404792174763353,0.3871886112477756,6.324650046777049,0.01,0.11143027207173406,0.304301142298403,4.2026306795167905,0.01,0.0748461181728525,0.1285066480073201,9.652958460855693
9.68,79.881784064,73.56711483475867,6.314669229241332,-0.017347247207754636,29.806789539163326,0.11092617245459384,3.306353076739015,3.306353076739015,3.306353076739015,0.0,0.0,0,0.01,0.01,0.16436656523018117,0.30657871546262516,58.90679814731859,0.01,0.09890895036877605,0.19558002659854445,5.906673445778462,0.01,0.09385257411885646,0.18320783007950395,5.73740319363255,0.01,0.11405315205971428,0.38719580013171206,6.343052337717691,0.01,0.11143614975965328,0.30430833118233946,4.214587325048079,0.01,0.07484901138649062,0.12850981423527258,9.673335957151469
9.69,79.8616910594074,73.55622506910527,6.305465990302145,-0.02060861192733592,29.76583236336096,0.11091691412476029,3.3015342720989183,3.3015342720989183,3.3015342720989183,0.0,0.0,0,0.01,0.01,0.16436310414137328,0.30657498456668614,58.89016717889384,0.01,0.09890548927578802,0.19557629570260537,5.901269055144845,0.01,0.09384910187687034,0.18320409918356484,5.732115855594281,0.01,0.11405951329969519,0.38720439294602294,6.3640438081134345,0.01,0.11144326841875017,0.30431692399665033,4.228044526613817,0.01,0.07485249231750013,0.12851359865002304,9.696005895999203
9.700000000000001,79.83952592592593,73.54338245177571,6.296143474150215,-0.024157994928942453,29.72475057260418,0.1109059941816512,3.296653014056272,3.296653014056272,3.296653014056272,0.0,0.0,0,0.01,0.01,0.16435901650926238,0.3065705846949435,58.87101726829768,0.01,0.09890138990687881,0.19557189583086282,5.895355155216945,0.01,0.0938449908747093,0.1831996993118223,5.726330188382489,0.01,0.11406716046310134,0.38721452592310507,6.387457074201,0.01,0.11145177869190856,0.3043270569737324,4.242875620525962,0.01,0.07485662393593472,0.12851806116512213,9.7207454528655
9.71,79.815203948,73.52843139018762,6.286772557812385,-0.02796306238425489,29.683912535711002,0.11089327964349174,3.29174641373555,3.29174641373555,3.29174641373555,0.0,0.0,0,0.01,0.01,0.1643542513156298,0.30656546258399825,58.8492369790372,0.01,0.09889659784990658,0.1955667737199175,5.888984545377136,0.01,0.09384018699824163,0.183194577200877,5.720097105974486,0.01,0.11407624099059548,0.38722632142555485,6.413065256950073,0.01,0.11146182041710928,0.3043388524761822,4.258925724432579,0.01,0.07486146352310692,0.12852325555899935,9.747298053761146
9.72,79.78864272118518,73.51123543161876,6.277407289566431,-0.03198942082412407,29.64360283512239,0.11087865361812552,3.286842770748819,3.286842770748819,3.286842770748819,0.0,0.0,0,0.01,0.01,0.16434876370934673,0.30655957153931607,58.824738930298814,0.01,0.09889106498059302,0.19556088267523533,5.8822144949966555,0.01,0.0938346424270862,0.18318868615619482,5.713471821639685,0.01,0.1140868917334997,0.38723988660529607,6.440597281024192,0.01,0.11147352015349861,0.30435241765592347,4.276021780843904,0.01,0.07486706187012188,0.12852922888170495,9.775388640400633
9.73,79.75976213437036,73.4916779436167,6.2680841907536635,-0.036202322275450366,29.60401885088949,0.11086201586873606,3.281961207625672,3.281961207625672,3.281961207625672,0.0,0.0,0,0.01,0.01,0.16434251526309168,0.3065528716691756,58.797457783514616,0.01,0.0988847498078025,0.1955541828050949,5.87510374759134,0.01,0.09382831596833917,0.18318198628605442,5.706510951856903,0.01,0.11409923660389779,0.3872553128589278,6.469754319720336,0.01,0.11148698951747124,0.3043678439095552,4.293982550123303,0.01,0.0748734628402063,0.12853602121295923,9.80473809508116
9.74,79.728484352,73.46966186840143,6.258822483598572,-0.040568193317528395,29.565271907615315,0.11084328259653888,3.277111789099316,3.277111789099316,3.277111789099316,0.0,0.0,0,0.01,0.01,0.16433547392612566,0.3065453298011057,58.76734753047793,0.01,0.09887761749605474,0.19554664093702503,5.867709802486642,0.01,0.09382117306904723,0.18317444441798456,5.699269890410768,0.01,0.11411338497747521,0.38727267601618964,6.50022621266421,0.01,0.11150232434005368,0.30438520706681704,4.312627894322419,0.01,0.0748807032775533,0.12854366574375006,9.83507605459359
9.75,79.69473379629629,73.44510866842508,6.249625127871223,-0.04505593334982517,29.527392403287298,0.11082238553978874,3.272296064901734,3.272296064901734,3.272296064901734,0.0,0.0,0,0.01,0.01,0.16432761370995208,0.30653691912097236,58.73437829771531,0.01,0.0988696396006638,0.19553823025689165,5.860086580638252,0.01,0.09381318554316377,0.18316603373785115,5.691800555207405,0.01,0.11412943087387076,0.3872920371689363,6.531706785861828,0.01,0.11151960461024019,0.30440456821956363,4.331786833808071,0.01,0.07488881322898712,0.1285521891406507,9.86615157759546
9.76,79.65843712948148,73.41795660564088,6.2404805238405965,-0.04963794761098642,29.49033821612258,0.11079927050960699,3.2675079614279667,3.2675079614279667,3.2675079614279667,0.0,0.0,0,0.01,0.01,0.16431891415238264,0.30652761858359645,58.698532874566446,0.01,0.09886079356091226,0.19552892971951574,5.8522825431825,0.01,0.09380433105858732,0.18315673320047524,5.684149573564426,0.01,0.11414745289534606,0.3873134440277312,6.563907196403903,0.01,0.11153889512847606,0.30442597507835856,4.351304028755054,0.01,0.07489781643242105,0.12856161214302803,9.897741366484013
9.77,79.619523236,73.38815851124208,6.231364724757925,-0.05429089920808422,29.454005617599233,0.11077389549488455,3.26273494018968,3.26273494018968,3.26273494018968,0.0,0.0,0,0.01,0.01,0.16430935961055967,0.306517412148673,58.65980315606621,0.01,0.09885106200282083,0.19551872328459236,5.8443392959039135,0.01,0.09379459243589179,0.18314652676555185,5.676356937614065,0.01,0.11416751486338768,0.38733693268176994,6.596566677672998,0.01,0.11156024676282769,0.30444946373239734,4.3710445122604025,0.01,0.07490773101804829,0.12857195033824007,9.929655458491627
9.78,79.57792320474074,73.35567920684163,6.222243997899117,-0.05899618060691121,29.418241900676765,0.11074622847189561,3.2579593387738415,3.2579593387738415,3.2579593387738415,0.0,0.0,0,0.01,0.01,0.16429893843519855,0.30650628789721523,58.61818666983852,0.01,0.09884043190567665,0.19550759903313458,5.8362906820926845,0.01,0.0937839568128427,0.18313540251409408,5.6684551318211875,0.01,0.1141896670577451,0.38736252963439843,6.62946033967349,0.01,0.11158369817905474,0.30447506068502583,4.390896659672855,0.01,0.07491857036428777,0.12858321505836912,9.961740474105335
9.790000000000001,79.53357031125925,73.32049273388927,6.213077577369984,-0.06374011818991185,29.382858953716735,0.11071624505064255,3.2531598122081684,3.2531598122081684,3.2531598122081684,0.0,0.0,0,0.01,0.01,0.16428764207724578,0.30649423708232554,58.57368332998025,0.01,0.09882889368603269,0.19549554821824483,5.828162341611443,0.01,0.09377241472824889,0.18312335169920432,5.660468710932309,0.01,0.11421394793605984,0.3873902539897479,6.662403947966747,0.01,0.11160927790511317,0.30450278504037526,4.410773505172932,0.01,0.07493034405023392,0.12859541434346491,9.993880638667843
9.8,79.4864,73.28257953733547,6.203820462664538,-0.06851393351797745,29.34764706403845,0.11068392608084719,3.248312798282824,3.248312798282824,3.248312798282824,0.0,0.0,0,0.01,0.01,0.1642754641748424,0.30648125316438973,58.52629253367678,0.01,0.0988164402499736,0.19548256430030903,5.819971695208296,0.01,0.09375995917571464,0.18311036778126852,5.652414288613179,0.01,0.11424038619625786,0.3874201196745538,6.6952558349695535,0.01,0.11163700658977427,0.30453265072518115,4.43061260509983,0.01,0.07494305884908262,0.12860855392004117,10.025996874487738
9.81,79.43634986651853,73.24192373389086,6.1944261326276715,-0.07331349204722407,29.312388311896967,0.1106492553273649,3.243393938577954,3.243393938577954,3.243393938577954,0.0,0.0,0,0.01,0.01,0.16426239966354098,0.3064673308754232,58.47601068855009,0.01,0.09880306605965848,0.1954686420113425,5.81172830058734,0.01,0.09374658467303101,0.183096445492302,5.644300884981745,0.01,0.11426900303859153,0.3874521375916854,6.727916270907796,0.01,0.11166689932245763,0.3045646686423128,4.450374698477109,0.01,0.07495671971201276,0.1286226381490871,10.05804430389879
9.82,79.38335963970371,73.198510576254,6.184849063449723,-0.0781388746303365,29.276869008404564,0.11061221730892443,3.2383793968825603,3.2383793968825603,3.2383793968825603,0.0,0.0,0,0.01,0.01,0.16424844394663793,0.3064524653507721,58.422829231562424,0.01,0.09878876625405959,0.19545377648669143,5.803434518551369,0.01,0.09373228638683131,0.18308157996765093,5.636130573411266,0.01,0.11429981448876694,0.3874863176170305,6.760324732143911,0.01,0.1116989678950362,0.30459884866765785,4.47004143429131,0.01,0.0749713306986087,0.12863767090455333,10.090008516023387
9.83,79.327371164,73.1523242037138,6.1750469602861875,-0.08299380960446928,29.24089073316989,0.11057279537658397,3.233247027667845,3.233247027667845,3.233247027667845,0.0,0.0,0,0.01,0.01,0.16423359215571764,0.30643665135917814,58.366733174519304,0.01,0.09877353585689544,0.19543796249509743,5.795086423856531,0.01,0.09371705934521055,0.18306576597605692,5.627899363429115,0.01,0.11433283365621359,0.38752267036810795,6.792455555722934,0.01,0.11173322290420672,0.3046352014187353,4.489612430560063,0.01,0.0749868958175044,0.12865365635068823,10.12190094176192
9.84,79.26832838162963,73.10334574766249,6.164982633967144,-0.08788500403178064,29.20427963403106,0.11053097009003043,3.227977358729972,3.227977358729972,3.227977358729972,0.0,0.0,0,0.01,0.01,0.164217838524401,0.3064198826546978,58.307700186921,0.01,0.09875736909741079,0.19542119379061706,5.786674894433932,0.01,0.0937008977636721,0.18304899727157656,5.61959825559941,0.01,0.11436807281999173,0.3875612086902255,6.824312471560842,0.01,0.1117696756131591,0.3046737397408529,4.5091019103798855,0.01,0.07500341974901625,0.12867059959433852,10.153753659927357
9.85,79.20617731481482,73.05155183865729,6.154625476157525,-0.09282141203985221,29.166893758020056,0.11048671793156128,3.2225543635821774,3.2225543635821774,3.2225543635821774,0.0,0.0,0,0.01,0.01,0.1642011758911595,0.3064021514664471,58.24570020522536,0.01,0.0987402588622105,0.19540346260236638,5.778186814202886,0.01,0.09368379450233612,0.18303126608332587,5.611214405793437,0.01,0.1144055452567547,0.3876019488234733,6.85592247167971,0.01,0.11180833951219137,0.3047144798741007,4.528535132413981,0.01,0.07502090842970696,0.12868850719607117,10.18561392856771
9.86,79.14086604799999,72.99691354046234,6.143952507537652,-0.09781347645065418,29.12862828621872,0.11044001037985086,3.216966010280813,3.216966010280813,3.216966010280813,0.0,0.0,0,0.01,0.01,0.1641835953401331,0.3063834481348579,58.18069553705665,0.01,0.09872219628906877,0.19538475927077714,5.769606327984976,0.01,0.09366574066508368,0.18301256275173663,5.6027323394215065,0.01,0.11444526674848092,0.3876449112307466,6.887329422981312,0.01,0.11184923153845266,0.304757442281374,4.547944802636478,0.01,0.07503936948678147,0.12870738753147098,10.217538703488763
9.870000000000001,79.07234471007408,72.93939571657953,6.132948993494551,-0.10287237716768269,29.089418642571417,0.11039081334891558,3.2112045838005665,3.2112045838005665,3.2112045838005665,0.0,0.0,0,0.01,0.01,0.1641650859823563,0.30636376089629097,58.1126414129643,0.01,0.09870317050672764,0.19536507203221026,5.760916091841467,0.01,0.09364672534443334,0.18299287551316978,5.5941351608328995,0.01,0.11448725673068415,0.3876901210828596,6.918587767691787,0.01,0.11189237293435317,0.30480265213348695,4.567367623837531,0.01,0.07505881251771775,0.12872725100099092,10.249589371838146
9.88,79.0005654565926,72.87895681664978,6.121608639942815,-0.10800931625532287,29.049241535552497,0.1103390869824672,3.2052667885660258,3.2052667885660258,3.2052667885660258,0.0,0.0,0,0.01,0.01,0.16414563487385325,0.3063430758116295,58.04148692361289,0.01,0.09868316851835265,0.1953443869475488,5.752098468062125,0.01,0.0936267355096328,0.18297219042850832,5.585405708804712,0.01,0.11453153906329362,0.38773760841122773,6.949756591576813,0.01,0.11193778974182245,0.30485013946185513,4.5868411107367875,0.01,0.0750792492173935,0.128748110093116,10.281826894017474
9.89,78.925482452,72.81554905419702,6.109933397802982,-0.1132348654268813,29.00811406974837,0.110284785780441,3.1991536460767955,3.1991536460767955,3.1991536460767955,0.0,0.0,0,0.01,0.01,0.16412522706180752,0.30632137682901556,57.96717627067163,0.01,0.09866217522067328,0.1953226879649349,5.743136621121644,0.01,0.0936057560298448,0.1829504914458944,5.5765276159110755,0.01,0.11457814242560778,0.38778740795122707,6.980894278977698,0.01,0.11198551294518977,0.3048999390018544,4.6064007717363245,0.01,0.07510069336103477,0.12876997931118195,10.314307511431375
9.9,78.84705185185186,72.74911893384642,6.09793291800545,-0.11855839690709707,28.966091130158347,0.11022785902319852,3.1928702095482153,3.1928702095482153,3.1928702095482153,0.0,0.0,0,0.01,0.01,0.16410384574560172,0.3062986459663214,57.88965025260636,0.01,0.09864017354603698,0.19529995710224066,5.734015478726749,0.01,0.09358376981954458,0.18292776058320015,5.567486237075444,0.01,0.11462710035325285,0.38783955870989817,7.012053917354571,0.01,0.1120355782887904,0.30495208976052557,4.62607773299351,0.01,0.07512316065646607,0.12879287497885006,10.34707914078664
9.91,78.76523178503703,72.67960807563307,6.085623709403968,-0.12398761352105432,28.92326129405245,0.11016825144995411,3.186425122995895,3.186425122995895,3.186425122995895,0.0,0.0,0,0.01,0.01,0.1640814725360105,0.3062748635953388,57.80884790340486,0.01,0.09861714471073375,0.19527617473125805,5.724722530537146,0.01,0.09356075808941079,0.18290397821221754,5.558269420854664,0.01,0.11467845094875674,0.3878941032999656,7.043279562577043,0.01,0.11208802580634003,0.30500663435059294,4.64589685607522,0.01,0.07514666848329724,0.12881681494289712,10.380178538244156
9.92,78.679982336,72.60695427647806,6.073028059521936,-0.1295281885776911,28.87974156275382,0.11010590414149768,3.1798300561397985,3.1798300561397985,3.1798300561397985,0.0,0.0,0,0.01,0.01,0.16405808779328787,0.3062500088070971,57.72470820322371,0.01,0.09859306855007112,0.19525131994301637,5.71524844599639,0.01,0.09353670068315441,0.18287912342397583,5.548868105549861,0.01,0.11473223630815918,0.3879510870880527,7.07460342888457,0.01,0.11214289910758903,0.3050636181386801,4.665875376686803,0.01,0.07517123553977857,0.12884181819456947,10.413629278605821
9.93,78.59126552696296,72.53109274438697,6.060172782575999,-0.1351835208670242,28.83567122849724,0.11004075555331866,3.1730990488709288,3.1730990488709288,3.1730990488709288,0.0,0.0,0,0.01,0.01,0.1640336710233274,0.30622405983617035,57.63717178315924,0.01,0.09856792391882233,0.19522537097208958,5.7055875014930395,0.01,0.09351157647890604,0.18285317445304908,5.5392767307376785,0.01,0.11478850171408649,0.38801055720847943,7.106044023705822,0.01,0.11220024447374297,0.3051230882591068,4.686022068842771,0.01,0.07519688142007452,0.1288679044322777,10.447440557547727
9.94,78.49904530014817,72.4519574393403,6.0470878608078635,-0.14095460507990248,28.79120519992772,0.1099727426437252,3.1662477998543337,3.1662477998543337,3.1662477998543337,0.0,0.0,0,0.01,0.01,0.16400820131046756,0.30619699452130666,57.54618255330496,0.01,0.09854168913481429,0.195198305657226,5.695737815673718,0.01,0.09348536383296019,0.1828261091381855,5.529493463152577,0.01,0.11484729465101624,0.388072561495188,7.13760520700246,0.01,0.11226010981662743,0.3051850925458154,4.706336916921879,0.01,0.07522362614565456,0.12889509358889328,10.48160678960994
9.950000000000001,78.40328749999999,72.3694824560076,6.03380504399239,-0.14684001337300573,28.746507104734228,0.10990180204234118,3.1592929332332553,3.1592929332332553,3.1592929332332553,0.0,0.0,0,0.01,0.01,0.16398165776581064,0.30616879078011827,57.45168919202361,0.01,0.09851434244352049,0.1951701019160376,5.685701399544122,0.01,0.09345804104380205,0.18279790539699708,5.519520243423212,0.01,0.11490866370116523,0.3881371473833173,7.169276117984561,0.01,0.11232254355766433,0.3052496784339447,4.726811257924003,0.01,0.07525148967443343,0.12892340534642377,10.51610794268018
9.96,78.3039598554074,72.28360338703659,6.020356468370813,-0.15283597979569424,28.7017424707859,0.10982787120721953,3.1522512755042564,3.1522512755042564,3.1522512755042564,0.0,0.0,0,0.01,0.01,0.16395401997102568,0.30613942707682407,57.35364644484532,0.01,0.09848586248248727,0.19514073821274333,5.675484035022752,0.01,0.09342958681532933,0.18276854169370285,5.509362666925908,0.01,0.11497265737968085,0.38820436082896004,7.20103187967838,0.01,0.11238759348153919,0.30531689187958744,4.747428338942059,0.01,0.07528049141028995,0.12895285865949674,10.550910523085614
9.97,78.20103196192592,72.19425861138114,6.0067733505447665,-0.15893657598192906,28.65707225972233,0.10975088952342983,3.145139171641731,3.145139171641731,3.145139171641731,0.0,0.0,0,0.01,0.01,0.16392526839940633,0.30610888286401167,57.25201619337241,0.01,0.09845622872613728,0.19511019399993093,5.665095001327843,0.01,0.09339998069991615,0.18273799748089042,5.499029717581024,0.01,0.1150393229657734,0.3882742452909995,7.232834965313958,0.01,0.11245530561618151,0.3053867763416269,4.768164221214778,0.01,0.07531064973377699,0.12898347130699914,10.585969104311214
9.98,78.094475264,72.10139045952097,5.993084804479021,-0.16513396395776014,28.61264699129613,0.10967079930202003,3.1379718656819855,3.1379718656819855,3.1379718656819855,0.0,0.0,0,0.01,0.01,0.16389538479830476,0.3060771389819259,57.14676826670471,0.01,0.09842542189382184,0.19507845011784516,5.654546673059168,0.01,0.09336920350430636,0.18270625359880466,5.488533377715184,0.01,0.11510870538229603,0.3883468408129499,7.264637090879182,0.01,0.11252572318561221,0.3054593718635773,4.788988952740737,0.01,0.07534198157233647,0.12901525948855253,10.621228278698375
9.99,77.98426303718517,72.00494621604625,5.9793168211389185,-0.17141871014537027,28.568601655026765,0.10958754664534935,3.13076296646265,3.13076296646265,3.13076296646265,0.0,0.0,0,0.01,0.01,0.16386435251984222,0.3060441780017639,57.03788097988754,0.01,0.09839342430679447,0.1950454891376832,5.64385401691915,0.01,0.09333723764413175,0.18267329261864268,5.4778881400730075,0.01,0.11518084617032803,0.38842218323578676,7.2963814865755285,0.01,0.1125988856756593,0.3055347142864141,4.809867926788141,0.01,0.07537450202531529,0.12904823747941088,10.656624904419454
10.0,77.87037037037037,71.90487892949193,5.965491440878445,-0.17778014363905353,28.525051560074246,0.10950108215257352,3.1235240142860854,3.1235240142860854,3.1235240142860854,0.0,0.0,0,0.01,0.01,0.16383215678983062,0.30600998450269107,56.92534139601401,0.01,0.09836022018289325,0.1950112956386104,5.633034015605002,0.01,0.09330406743596645,0.18263909911956988,5.467110449630255,0.01,0.11525578259786992,0.3885003035652002,7.328005396638232,0.01,0.1126748280448672,0.30561283461582756,4.830763343618367,0.01,0.07540822405569879,0.12908241735400727,10.692090520203351
10.01,77.75277414800001,71.8011480090829,5.951626138917115,-0.1842067415376208,28.482089226720873,0.10941136144718855,3.1162641591558327,3.1162641591558327,3.1162641591558327,0.0,0.0,0,0.01,0.01,0.16379878490802055,0.30597454527565743,56.80914531933174,0.01,0.09832579586100758,0.1949758564115767,5.622105047896609,0.01,0.09326967931911431,0.18260365989253619,5.456218103260494,0.01,0.11533354693319299,0.38858122750887436,7.359442661872715,0.01,0.1127535801045209,0.3056937585595017,4.851635697006664,0.01,0.07544315825690179,0.1291178087848948,10.72755380616383
10.02,77.63145303229629,71.6937195978075,5.937733434488799,-0.19068652446803672,28.43978237534718,0.10931834551668099,3.108989956127417,3.108989956127417,3.108989956127417,0.0,0.0,0,0.01,0.01,0.16376422637596588,0.30593784945044245,56.6892970362627,0.01,0.09829013995073022,0.19493916058636174,5.611086253010333,0.01,0.09323406200264228,0.1825669640673212,5.445229634437658,0.01,0.1154141659041257,0.38866497519160303,7.390626251440657,0.01,0.11283516608296738,0.30577750624223043,4.872445214976002,0.01,0.07547931269933894,0.12915441892037263,10.762942980305313
10.03,77.5063874454815,71.58256672062836,5.9238207248531225,-0.19720744634157525,28.39817302294107,0.10922200086221226,3.1017052783969223,3.1017052783969223,3.1017052783969223,0.0,0.0,0,0.01,0.01,0.16372847295186696,0.30589988854558675,56.565808830006844,0.01,0.09825324340583019,0.1949011996815061,5.599996905658314,0.01,0.0931972065363968,0.1825290031624656,5.434163708516554,0.01,0.11549766035504336,0.38875156104857284,7.421490628411299,0.01,0.11291960438072451,0.3058640920992002,4.893153194639179,0.01,0.07551669285797293,0.1291922523407739,10.798188035060624
10.040000000000001,77.377559552,71.46766921537717,5.909890336622833,-0.20375776375627305,28.357277654390842,0.1091222994636368,3.0944113441759336,3.0944113441759336,3.0944113441759336,0.0,0.0,0,0.01,0.01,0.16369151863461753,0.30586065644386295,56.43870030085909,0.01,0.09821509952322928,0.1948619675797822,5.588855825542843,0.01,0.09315910630777222,0.18248977106074168,5.423038551528801,0.01,0.11558404510398929,0.38884099389020566,7.451973855635855,0.01,0.11300690751457186,0.30595352494083305,4.913723183167611,0.01,0.07555530161873782,0.12923131109032723,10.833222735377593
10.05,77.24495324074074,71.34901346172043,5.895939779020306,-0.2103263722089774,28.31708839724001,0.10901921857182284,3.087106849296337,3.087106849296337,3.087106849296337,0.0,0.0,0,0.01,0.01,0.16365335958185673,0.3058201492986282,56.30799752991535,0.01,0.09817570387192691,0.1948214604345475,5.577680841867421,0.01,0.09311975696874668,0.182449263915507,5.4118714324091295,0.01,0.11567332899359542,0.388933277125761,7.482019372659936,0.01,0.11309708224121455,0.3060458081763883,4.934121969713326,0.01,0.07559513935875409,0.12927159477877606,10.867986318482084
10.06,77.10855410725925,71.2265938673558,5.881960239903443,-0.21688436153387888,28.277565345217212,0.10891274203181095,3.079787179731319,3.079787179731319,3.079787179731319,0.0,0.0,0,0.01,0.01,0.16361399434466903,0.30577836603977016,56.17375258578168,0.01,0.09813505437000224,0.19477967717568942,5.566499457275299,0.01,0.09307915652591052,0.1824074806566489,5.400689697446335,0.01,0.11576431322391995,0.38902840762300633,7.523635492062602,0.01,0.11319012956687549,0.3061409386736337,4.954308466050559,0.01,0.07563620388776221,0.1293131000883317,10.902389602935182
10.07,76.968349436,71.10045888313118,5.867890552868817,-0.2232650493091256,28.238404463301933,0.10880290041952595,3.0724203088269375,3.0724203088269375,3.0724203088269375,0.0,0.0,0,0.01,0.01,0.16357343630433455,0.3057353239352789,56.03625777514388,0.01,0.09809316065878175,0.19473663507119818,5.5554990583840675,0.01,0.09303731510117413,0.18236443855215767,5.389680278659002,0.01,0.1158552098319499,0.3891263400187063,7.594470702556864,0.01,0.11328603015125788,0.3062388710693337,4.974028758613159,0.01,0.07567848119253373,0.1293558052210788,10.935822443253421
10.08,76.82432818251851,70.9707245053318,5.8536036771867215,-0.22947653911305493,28.198968018983177,0.1086897831207649,3.064939718212667,3.064939718212667,3.064939718212667,0.0,0.0,0,0.01,0.01,0.16353169793389252,0.3056910309671277,55.895194795960236,0.01,0.0980500395934113,0.19469234210304695,5.544452614495106,0.01,0.09299424931465272,0.18232014558400644,5.378606429504555,0.01,0.11594765182752773,0.38922697643667437,7.677316230887698,0.01,0.1133847113837173,0.30633950748730177,4.993034745879718,0.01,0.07572193103558972,0.12939966546928594,10.967931318267016
10.09,76.67648095570371,70.8374601083256,5.839020847378109,-0.23558336999112045,28.158859060853242,0.10857343899385531,3.0573041663801193,3.0573041663801193,3.0573041663801193,0.0,0.0,0,0.01,0.01,0.1634887726022191,0.30564548348873827,55.75081238143943,0.01,0.09800568442078664,0.19464679462465753,5.533441801928953,0.01,0.09294995212070498,0.18227459810561703,5.367563978847281,0.01,0.1160422778437411,0.3893302551791022,7.765200369151547,0.01,0.11348609553538411,0.30644278622972954,5.0114792600682625,0.01,0.0757665190190465,0.1294446519045166,10.999140216280546
10.1,76.5248,70.70072757456298,5.824072425437026,-0.24158141388661264,28.11772466959694,0.1084539103639482,3.0494771909546414,3.0494771909546414,3.0494771909546414,0.0,0.0,0,0.01,0.01,0.16344467630658246,0.3055986987955538,55.603211325603816,0.01,0.09796010871583084,0.19460000993147308,5.52255484107477,0.01,0.09290443758018921,0.18222781341243258,5.356633605709073,0.01,0.11613928279391045,0.38943612029157926,7.855624699937258,0.01,0.1135901206075788,0.30654865134220666,5.029418707281884,0.01,0.07581221817224969,0.12949073809181816,11.029488079085512
10.11,76.36927917762964,70.5605864031235,5.808692774506146,-0.24748134451204867,28.07523015015271,0.10833123747487998,3.0414244245581035,3.0414244245581035,3.0414244245581035,0.0,0.0,0,0.01,0.01,0.16339942483228595,0.305550693371331,55.452449064781895,0.01,0.09791332905209843,0.19455200450725033,5.511783776126899,0.01,0.09285772226913666,0.18217980798820982,5.345806203177132,0.01,0.1162387002728915,0.38954451759656483,7.947719814224778,0.01,0.11369672850881167,0.3066570486471922,5.046889083117693,0.01,0.07585900211892281,0.12953789836025334,11.059027434490464
10.120000000000001,76.20991395081481,70.41708762818291,5.792826322631892,-0.2533013417732013,28.03108975773902,0.10820545315924616,3.0331167697836547,3.0331167697836547,3.0331167697836547,0.0,0.0,0,0.01,0.01,0.16335303138687596,0.30550148080292405,55.29856290598035,0.01,0.097865359831153,0.19450279193884334,5.50110360021345,0.01,0.09280982048959653,0.18213059541980284,5.335057323184598,0.01,0.11634050882483891,0.38965539939092453,8.04123488487944,0.01,0.1138058661191832,0.3067679304415519,5.063941353490244,0.01,0.07590684678245808,0.12958610984519967,11.087850946785768
10.13,76.04670136399999,70.27027064723093,5.776430716769055,-0.2590635728494402,27.985082893362254,0.10807658001778032,3.024532050628681,3.024532050628681,3.024532050628681,0.0,0.0,0,0.01,0.01,0.16330550548576886,0.3054510706793272,55.14157240167014,0.01,0.0978162118257002,0.1944523818152465,5.490481761888193,0.01,0.092760742886294,0.18208018529620598,5.324355413669874,0.01,0.11644467274694337,0.3897687268680514,8.136154373904185,0.01,0.1139174880651797,0.3068812579186788,5.08063808368859,0.01,0.0759557316898483,0.12963535353416314,11.116071288143974
10.14,75.87964002607407,70.12016158332754,5.759478442746527,-0.2647921024312527,27.937062648392978,0.1079446289204047,3.0156558607068784,3.0156558607068784,3.0156558607068784,0.0,0.0,0,0.01,0.01,0.16325685235926235,0.3053994680092339,54.98148094928721,0.01,0.09776589145568154,0.19440077914515316,5.47988200983211,0.01,0.09271049574312085,0.18202858262611266,5.313665411601853,0.01,0.11655115777600533,0.38988447133913223,8.232552968852115,0.01,0.114031558599022,0.3069970023897596,5.097047040242803,0.01,0.07600564065054621,0.1296856147864225,11.143808670530644
10.15,75.70873009259259,69.96677265906426,5.7419574335283325,-0.27051135315350006,27.886959295640178,0.10780959838109765,3.0064818817329853,3.0064818817329853,3.0064818817329853,0.0,0.0,0,0.01,0.01,0.16320707269526918,0.3053466729812945,54.81827752766462,0.01,0.09771440045241206,0.19434798411721377,5.469266937822651,0.01,0.09265908065860148,0.18197578759817326,5.30295117426365,0.01,0.11665993704918592,0.39000261466346486,8.330539872820042,0.01,0.11414805253438723,0.30711514571409226,5.113236241649405,0.01,0.07605656203432781,0.12973688350642282,11.171182620356074
10.16,75.533973248,69.81010237120269,5.723870876797298,-0.27624481322475203,27.834779760386223,0.10767147462898558,2.9970117827738263,2.9970117827738263,2.9970117827738263,0.0,0.0,0,0.01,0.01,0.16315616264484734,0.3052926809971513,54.651938857788736,0.01,0.09766173581057372,0.19429399213307058,5.458600027162802,0.01,0.09260649450609058,0.18192179561403007,5.29217744412294,0.01,0.11677099315467912,0.39012314905557377,8.430236056865994,0.01,0.11426695543126307,0.30723568010620117,5.129270229047343,0.01,0.07610848875197619,0.12978915404510974,11.198305691867406
10.17,75.35537268785185,69.65013635462307,5.705236333228793,-0.282013908336465,27.780603604319843,0.10753023228455016,2.9872547585775244,2.9872547585775244,2.9872547585775244,0.0,0.0,0,0.01,0.01,0.16310411405450856,0.30523748294121433,54.48243201466849,0.01,0.09760788998393763,0.19423879407713363,5.447847406918495,0.01,0.09255272963598195,0.1818665975580931,5.281311546587762,0.01,0.11688431844614593,0.39024607635937136,8.531763568933506,0.01,0.1143882631652155,0.30735860740999876,5.145207126176747,0.01,0.07616141798919657,0.12984242486955855,11.22527833999149
10.18,75.17293310103705,69.48684884510588,5.686084255931171,-0.2878370332213628,27.724575951910182,0.10738583556763827,2.977226754354325,2.977226754354325,2.977226754354325,0.0,0.0,0,0.01,0.01,0.1630509148976619,0.30518106565813197,54.30971740873083,0.01,0.0975528512947033,0.19418237679405126,5.4369793713117955,0.01,0.09249777429017361,0.18181018027501072,5.2703248543688295,0.01,0.11699991444168993,0.3903714068632168,8.635239373488451,0.01,0.11451198097424953,0.30748393791384415,5.161096305397122,0.01,0.07621535072928956,0.12989669803404574,11.252184772400053
10.19,74.98666065200001,69.32020464490587,5.666456007094136,-0.29372876150961036,27.66689781970637,0.10723823995846901,2.966949427296115,2.966949427296115,2.966949427296115,0.0,0.0,0,0.01,0.01,0.16299654987611475,0.30512341260679576,54.133752009224,0.01,0.09749660452656266,0.19412472374271506,5.425971635481792,0.01,0.0924416131989315,0.18175252722367455,5.259193998797458,0.01,0.11711779064270456,0.39049915773370036,8.740771124948369,0.01,0.11463812206551162,0.3076116887843277,5.1769766209816135,0.01,0.07627029109926813,0.12995197848734558,11.279089794158542
10.200000000000001,74.79656296296294,69.15016148319229,5.646401479770642,-0.29969925482487664,27.60781437287231,0.10708739422159273,2.9564489013443307,2.9564489013443307,2.9564489013443307,0.0,0.0,0,0.01,0.01,0.16294100115853016,0.30506450465536683,53.95449266511034,0.01,0.09743913166780385,0.19406581579128615,5.414806298720933,0.01,0.09238422832642387,0.18169361927224564,5.247901797822824,0.01,0.11723796294285121,0.3906293511547012,8.848454040477487,0.01,0.11476670586775789,0.3077418822053286,5.1928752198775046,0.01,0.07632624557727567,0.1300082732546931,11.306036696416243
10.21,74.60264909614813,68.97667265286668,5.6259764432814485,-0.30575388644863927,27.547601691260102,0.10693324269247091,2.9457543772470385,2.9457543772470385,2.9457543772470385,0.0,0.0,0,0.01,0.01,0.16288424921890668,0.305004320977848,53.77189937642489,0.01,0.09738041276667074,0.1940056321137673,5.403472489637048,0.01,0.09232559972711253,0.1816334355947268,5.236437875982855,0.01,0.11736045174629392,0.3907620122658201,8.958368638317852,0.01,0.11489775602287167,0.3078745433164474,5.208806942090143,0.01,0.07638322210253674,0.1300655905359716,11.333046220549807
10.22,74.404929536,68.79968979886898,5.605239737131026,-0.311893086433221,27.486552664903208,0.10677572771954852,2.9348966632967355,2.9348966632967355,2.9348966632967355,0.0,0.0,0,0.01,0.01,0.16282627373554256,0.30494284001013333,53.58593837553462,0.01,0.09732042685818644,0.19394415114605262,5.391966679534812,0.01,0.09226570647222476,0.1815719546270121,5.224798963266201,0.01,0.1174852799009631,0.3908971669985037,9.070579290179433,0.01,0.11503129821574354,0.30800969804913103,5.224774305138403,0.01,0.07644122913123383,0.13012393876331793,11.360116587915279
10.23,74.20341617140741,68.61916573178198,5.5842504396254355,-0.3181124058563555,27.424962651020337,0.10661479215226415,2.92390669282214,2.92390669282214,2.92390669282214,0.0,0.0,0,0.01,0.01,0.16276705450993614,0.30488004042259614,53.39658489183361,0.01,0.09725915292024706,0.19388135155851544,5.380292664425729,0.01,0.09220452760418078,0.1815091550394749,5.212988873463404,0.01,0.11761247054956184,0.39103483990837723,9.18513357112816,0.01,0.1151673579445043,0.3081473709590046,5.240768042758631,0.01,0.07650027468216261,0.13018332566120647,11.387224538867608
10.24,73.99812227792592,68.43505714444883,5.5630651334770835,-0.3244027889700798,27.363115510689518,0.10645038176753976,2.912814092462188,2.912814092462188,2.912814092462188,0.0,0.0,0,0.01,0.01,0.16270657236575256,0.3048159020671747,53.20382549123012,0.01,0.09719657081712811,0.19381721320309397,5.368461230081618,0.01,0.09214204307723962,0.18144501668405347,5.201018176207213,0.01,0.11774204499859554,0.39117505209842085,9.302062375463898,0.01,0.11530595833174136,0.30828758314904825,5.2567681430893245,0.01,0.07656036541467041,0.13024375735016125,11.414327280039046
10.25,73.7890625,68.24732711811943,5.541735381880564,-0.33075103385678195,27.301270604652007,0.10628244753370591,2.9016458606424345,2.9016458606424345,2.9016458606424345,0.0,0.0,0,0.01,0.01,0.1626448099902543,0.3047504068595028,53.007659905016325,0.01,0.09713266219058048,0.19375171799542207,5.356489527656479,0.01,0.09207823464470817,0.18137952147638153,5.1889035895337585,0.01,0.11787402070066733,0.39131781931996984,9.421380738307562,0.01,0.11544711807184872,0.3084303503705972,5.272745309709389,0.01,0.07662150577829892,0.130305237531687,11.441365200793745
10.26,73.57625283318518,68.0559473177718,5.520305515413387,-0.3371404152167098,27.239651266897074,0.10611094762110881,2.8904252087989857,2.8904252087989857,2.8904252087989857,0.0,0.0,0,0.01,0.01,0.1625817526843297,0.30468353956073463,52.80810228715559,0.01,0.09706741126228302,0.1936848506966539,5.344400198643987,0.01,0.09201308665668463,0.18131265417761339,5.176667130651819,0.01,0.118008409436768,0.3914631503275381,9.543089273928043,0.01,0.11559084960031966,0.3085756813781655,5.288662752041955,0.01,0.0766836972689184,0.13036776678702494,11.468265191023027
10.27,73.35971060637038,67.86089979298764,5.498810813382756,-0.34355143730307347,27.1784351952365,0.10593584908223568,2.8791706091338964,2.8791706091338964,2.8791706091338964,0.0,0.0,0,0.01,0.01,0.16251738899221657,0.30461528842909646,52.605181865642564,0.01,0.0970008055163552,0.19361659956501576,5.332220296913329,0.01,0.09194658673727218,0.18124440304597528,5.164335071231843,0.01,0.11814521577336118,0.39161104554977766,9.667176119079924,0.01,0.11573715755806536,0.30872357660040506,5.304478201081216,0.01,0.07674693782020484,0.1304313420161908,11.49494437415443
10.28,73.13945446400001,67.66217832026543,5.477276143734591,-0.3499626809325809,27.117747103987266,0.10575712914040424,2.867895082473204,2.867895082473204,2.867895082473204,0.0,0.0,0,0.01,0.01,0.162451711187975,0.3045456457175957,52.3989429800887,0.01,0.09693283623666336,0.19354695685351497,5.319980061996127,0.01,0.09187872631624423,0.18117476033447447,5.151936749719235,0.01,0.11828443585420054,0.39176149612316413,9.793619255385025,0.01,0.11588603760837622,0.30887402717379153,5.320146042699403,0.01,0.07681122135237693,0.13049595603675654,11.521314062712406
10.290000000000001,72.91550434829628,67.45978924403911,5.455715104257178,-0.35635170599718874,27.05765387943913,0.10557477604416075,2.8566057486022034,2.8566057486022034,2.8566057486022034,0.0,0.0,0,0.01,0.01,0.16238471560243725,0.304474608001443,52.1894445235061,0.01,0.09686349888049836,0.19347591913736228,5.3077116016168615,0.01,0.09180950099699234,0.1811037226183218,5.139503296788539,0.01,0.11842605656973997,0.39191448331795853,9.922389079396552,0.01,0.11603747564669904,0.3090270143685859,5.335619463412306,0.01,0.07687653749250588,0.13056159735430098,11.54728374713347
10.3,72.68788148148147,67.25375179602723,5.434129685454236,-0.3626959699932403,26.998162368350123,0.10538878946375066,2.845303649746207,2.845303649746207,2.845303649746207,0.0,0.0,0,0.01,0.01,0.1623164027814647,0.3044021763262888,51.976758830342305,0.01,0.09679279327756446,0.1934034874622081,5.295447542519321,0.01,0.09173891074994289,0.18103129094316758,5.127066331049497,0.01,0.11857005512854946,0.39206997836837965,10.053451091910574,0.01,0.11619144742481388,0.309182509419007,5.350852511821505,0.01,0.07694287147278525,0.1306282501087183,11.572764941699242
10.31,72.45660834799999,67.04409789496472,5.4125104530352655,-0.3689737237247828,26.939219817649548,0.10519918042561652,2.833983846122259,2.833983846122259,2.833983846122259,0.0,0.0,0,0.01,0.01,0.16224677747359717,0.30432835617604953,51.76097007434829,0.01,0.09672072365079887,0.19332966731196882,5.283219707406362,0.01,0.09166695992819378,0.18095747079292834,5.1146566808853695,0.01,0.11871639903624671,0.3922279427014369,10.186768587542584,0.01,0.11634791859212572,0.30934047375206425,5.365801991505437,0.01,0.07701020420524426,0.13069589419294314,11.597674731443766
10.32,72.22170867674073,66.83087145040845,5.390837226332288,-0.37516484744482975,26.880716874006747,0.10500597080008542,2.822635771157316,2.822635771157316,2.822635771157316,0.0,0.0,0,0.01,0.01,0.16217584845230054,0.3042531572666035,51.5421722582697,0.01,0.09664729846304601,0.19325446840252283,5.271057872180934,0.01,0.09159365710960095,0.18088227188348233,5.102303184708236,0.01,0.11886504646899591,0.3923883285422114,10.322305239698828,0.01,0.11650684513847497,0.3095008595928388,5.380429116563945,0.01,0.07707851252383231,0.1307645055334333,11.621938889325552
10.33,71.98320742325926,66.61412721434864,5.369080208910622,-0.3812515941533744,26.82249294891911,0.10480919237553375,2.8112438234746606,2.8112438234746606,2.8112438234746606,0.0,0.0,0,0.01,0.01,0.16210362818474797,0.3041765931787005,51.3204668919748,0.01,0.09657253010075434,0.19317790431461979,5.258988652254003,0.01,0.09151901477665755,0.1808057077955793,5.090031616707584,0.01,0.1190159470114608,0.3925510798581564,10.460027492618817,0.01,0.11666817420590103,0.3096636109087838,5.394700877806738,0.01,0.07714776957790342,0.13083405651521815,11.64549446110424
10.34,71.741130752,66.39392924207834,5.3472015099216526,-0.38721921142177607,26.76434366212298,0.10460888556869881,2.799788163472352,2.799788163472352,2.799788163472352,0.0,0.0,0,0.01,0.01,0.16203013236515781,0.3040986808497878,51.09596046600327,0.01,0.09649643441238603,0.1930999919857071,5.247034559543858,0.01,0.09144304885199259,0.18072779546666656,5.07786377816519,0.01,0.11916904271396406,0.39271613359177904,10.599906689407325,0.01,0.11683184522185125,0.3098286646424064,5.408591084522518,0.01,0.07721794535514435,0.13090451652871202,11.668291744861712
10.35,71.49550601851853,66.17034903853694,5.325156979981585,-0.3930564187767725,26.706029996709113,0.10440509783485896,2.788245674587093,2.788245674587093,2.788245674587093,0.0,0.0,0,0.01,0.01,0.16195537933594326,0.3040194399498935,50.86876183348765,0.01,0.09641903012489011,0.1930207510858128,5.235213263516062,0.01,0.09136577811293557,0.18064855456677228,5.065816786455761,0.01,0.11932426941109822,0.39288342112033015,10.741920881508708,0.01,0.1169977912939776,0.30999595217095754,5.422081062854089,0.01,0.07728900730714165,0.13097585261101022,11.690295621302202
10.36,71.24636175170372,65.94346347763567,5.3028982740680375,-0.39875572413858335,26.647288736122373,0.10419788185281612,2.776591043424357,2.776591043424357,2.776591043424357,0.0,0.0,0,0.01,0.01,0.16187938942410915,0.3039388921710126,50.63897961459497,0.01,0.09634033816618569,0.19294020330693193,5.223537080330392,0.01,0.0912872235131455,0.18056800678789142,5.053902584770987,0.01,0.11948155823459336,0.39305286987324467,10.886056280112578,0.01,0.11716594079733736,0.310165400923872,5.435160006455959,0.01,0.0773609210472371,0.1310480301511781,11.711486218416423
10.370000000000001,70.99372763599999,65.71335258950563,5.280375046494362,-0.40431356982290695,26.587843708495697,0.10398729356757931,2.7647979090442587,2.7647979090442587,2.7647979090442587,0.0,0.0,0,0.01,0.01,0.1618021842233191,0.303857060462473,50.40671973418431,0.01,0.09626038092496525,0.1928583715983923,5.212012704332535,0.01,0.09120740744262057,0.1804861750793518,5.042127686227163,0.01,0.11964083724714614,0.3932244050332938,11.032308323316984,0.01,0.1173362190787923,0.31033693608392116,5.447824988041455,0.01,0.07743365108818356,0.13112101362721984,11.731858919902894
10.38,70.73763449362961,65.48009731394058,5.2575371796890344,-0.4097303059165078,26.527417339105533,0.10377339017807806,2.752840029947712,2.752840029947712,2.752840029947712,0.0,0.0,0,0.01,0.01,0.16172378585373606,0.3037739682463976,50.17208319529426,0.01,0.096179181481139,0.19277527938231687,5.200641186109629,0.01,0.09112635295937407,0.18040308286327633,5.0304931561689346,0.01,0.11980203312126511,0.3933979512458737,11.180682344653738,0.01,0.11750855020081488,0.310510482296501,5.460080651480696,0.01,0.07750716158643406,0.13119476734201,11.751423749750721
10.39,70.4781142668148,65.24377731745882,5.234336949355981,-0.4150099961332837,26.46574200801324,0.1035562281579676,2.7406924177517267,2.7406924177517267,2.7406924177517267,0.0,0.0,0,0.01,0.01,0.1616442162320616,0.3036896386475741,49.9351641788711,0.01,0.09609676284083078,0.19269094978349335,5.189418151320252,0.01,0.09104408302660853,0.18031875326445285,5.0189948269612,0.01,0.11996507278794166,0.3935734342625625,11.33119383929245,0.01,0.11768285864775056,0.3106859653131899,5.471938613566304,0.01,0.07758141706066549,0.13126925612648255,11.770204185941203
10.4,70.2152,65.0044689664668,5.210731033533195,-0.4201600682564078,26.402570727224035,0.10333586139461867,2.7283323891300393,2.7283323891300393,2.7283323891300393,0.0,0.0,0,0.01,0.01,0.1615634963831503,0.30360409377079434,49.696048544240284,0.01,0.09601314720899234,0.19260540490671366,5.178334244993937,0.01,0.09096061978834097,0.18023320838767315,5.00762373022387,0.01,0.12012988498393763,0.39375078244990425,11.483868334400578,0.01,0.11785907092169144,0.3108633135005316,5.483416612420802,0.01,0.07765638305427727,0.13134444598072073,11.788235474126743
10.41,69.94892582207407,64.76224354022398,5.1866822818501,-0.42519082768117566,26.337686689183872,0.10311233952484443,2.715740492194103,2.715740492194103,2.715740492194103,0.0,0.0,0,0.01,0.01,0.161481645822223,0.303517354056089,49.45481278557063,0.01,0.09592835533047057,0.19251866519200825,5.167375777072807,0.01,0.09087598391416547,0.18014646867296774,4.996366723021973,0.01,0.120296401633388,0.3939299281020626,11.638740880163871,0.01,0.11803711696221868,0.31104245915268997,5.4945374460930125,0.01,0.07773202671499353,0.13142030462715332,11.805562527145618
10.42,69.67932692859259,64.51716575510324,5.162161173489352,-0.4301148581192762,26.270911294481245,0.10288570653610724,2.7029012698801025,2.7029012698801025,2.7029012698801025,0.0,0.0,0,0.01,0.01,0.1613986820331337,0.3034294377383866,49.211523478715606,0.01,0.09584240592684476,0.19243074887430586,5.156525537339763,0.01,0.09079019404029856,0.18005855235526536,4.98520727699711,0.01,0.12046455900884413,0.3941108085061616,11.795855188276546,0.01,0.11821693133396899,0.31122333955678894,5.5053277501691245,0.01,0.07780831726915294,0.1314968019546629,11.822237508651849
10.43,69.40643956400001,64.2692926565744,5.1371469074256195,-0.43494633796889653,26.202110338778738,0.10265599968929877,2.689803830796642,2.689803830796642,2.689803830796642,0.0,0.0,0,0.01,0.01,0.16131462006353947,0.3033403604331329,48.96623723003514,0.01,0.09575531525171037,0.19234167156905219,5.145763741217235,0.01,0.09070326632939131,0.17996947505001168,4.974126393178004,0.01,0.12063429862835298,0.39429336672129484,11.955262455003192,0.01,0.11839845413779686,0.3114058977719222,5.515816667284413,0.01,0.07788522637357692,0.1315739103378197,11.838317208050762
10.44,69.13030100385187,64.01867291809894,5.111628085752932,-0.43970030400364735,26.131198124059114,0.10242324880426737,2.6764422070141114,2.6764422070141114,2.6764422070141114,0.0,0.0,0,0.01,0.01,0.16122947225237408,0.3032501348635507,48.719001116234686,0.01,0.09566709678152957,0.19225144599947,5.135069063235441,0.01,0.09061521416602698,0.1798792494804295,4.963103600602825,0.01,0.12080556785812907,0.39447755204579205,12.117019916229943,0.01,0.1185816316146788,0.31159008309641945,5.526034464058137,0.01,0.0779627283338142,0.13165160482142876,11.853860319770202
10.450000000000001,68.850949537037,63.76534656749189,5.085602969545102,-0.4443918957524288,26.058139353451466,0.10218747593274312,2.662815488032888,2.662815488032888,2.662815488032888,0.0,0.0,0,0.01,0.01,0.16114324809898362,0.3031587707387585,48.469853582396695,0.01,0.09557776105294646,0.19216008187467779,5.124419711766591,0.01,0.09052604799859772,0.17978788535563728,4.952117993907173,0.01,0.12097832020425284,0.39466332016174327,12.28118919142143,0.01,0.11876641642584072,0.3117758512123706,5.536011152056144,0.01,0.07804080018379585,0.1317298631668294,11.868924741474176
10.46,68.56842444799997,63.5093451421201,5.0590793058798855,-0.4490356141661727,25.982948767971024,0.10194869542592917,2.6489277302133996,2.6489277302133996,2.6489277302133996,0.0,0.0,0,0.01,0.01,0.1610559542769196,0.3030662747851947,48.21882574518089,0.01,0.09548731565085751,0.192067585921114,5.113794497641303,0.01,0.09043577533165298,0.17969538940207352,4.941149264104689,0.01,0.12115251529101347,0.39485063296034906,12.447834481604113,0.01,0.11895276760724952,0.31196316401097646,5.545775168638678,0.01,0.07811942162822116,0.1318086657626423,11.883565003630807
10.47,68.28276599896296,63.25069225542103,5.032073743541927,-0.4536446269003602,25.905688583027125,0.10170691438656296,2.634787650838901,2.634787650838901,2.634787650838901,0.0,0.0,0,0.01,0.01,0.1609675947889798,0.3029726509270087,47.96594303108725,0.01,0.09539576534482971,0.191973962062928,5.103173850115238,0.01,0.09034440086612937,0.17960176554388746,4.930178677658124,0.01,0.12132811853741265,0.3950394580657406,12.61702069246248,0.01,0.11914065021097626,0.312151989116368,5.55535217070952,0.01,0.07819857485505645,0.13188799540863166,11.897829935679681
10.48,67.99401541214814,62.9894045394759,5.004610872672251,-0.4582301498618746,25.82646387810013,0.10146213347848725,2.620408125277125,2.620408125277125,2.620408125277125,0.0,0.0,0,0.01,0.01,0.16087817125393192,0.3028779006045928,47.71122706570605,0.01,0.09530311236496682,0.1918792117405121,5.092540736753909,0.01,0.09025192677840208,0.17950701522147156,4.919189962010851,0.01,0.12150510055638028,0.39522976808787436,12.788811556850137,0.01,0.11933003465940102,0.3123422991385017,5.5647639894417065,0.01,0.07827824423110256,0.13196783698678458,11.911760662959303
10.49,67.70221485200001,62.7254929125203,4.976721939479704,-0.4628009307191288,25.745416180326973,0.10121434805143903,2.6058055140047642,2.6058055140047642,2.6058055140047642,0.0,0.0,0,0.01,0.01,0.16078768330971424,0.302782023214515,47.454697720387784,0.01,0.09520935680232576,0.1917833343504343,5.0818814485839745,0.01,0.09015835312312945,0.17941113783139379,4.908170060369705,0.01,0.12168343631289487,0.3954215396464007,12.963267830807311,0.01,0.11952089585024223,0.31253407069702804,5.574027786803883,0.01,0.07835841589844372,0.13204817703836969,11.925389012613424
10.5,67.40740740740742,62.45896410699913,4.948443300408286,-0.4673628550581642,25.662715558113895,0.10096354952553632,2.5909988532113837,2.5909988532113837,2.5909988532113837,0.0,0.0,0,0.01,0.01,0.16069612911302567,0.3026850166490351,47.19637521769235,0.01,0.09511449711373655,0.19168632778495437,5.071186218556201,0.01,0.09006367833964822,0.17931413126591386,4.897109725088079,0.01,0.12186310408698435,0.39561475221656484,13.140445633398265,0.01,0.11971321206046431,0.3127272832671922,5.583155445546137,0.01,0.07843907729352861,0.1321290032694383,11.93873638757766
10.51,67.10963707392594,62.18982238360368,4.919814690322259,-0.47191869003393505,25.57855160114599,0.10070972696936625,2.5760089480232584,2.5760089480232584,2.5760089480232584,0.0,0.0,0,0.01,0.01,0.16060350591130387,0.30258687790935246,46.93628219633975,0.01,0.09501853070660408,0.19158818904527178,5.060449649281314,0.01,0.08996789983744174,0.17921599252623127,4.8860039266483675,0.01,0.12204408429511851,0.39580938685486117,13.32039499341779,0.01,0.11990696370485573,0.3129219179054885,5.592153213419359,0.01,0.07852021661350474,0.13221030400982536,11.951813145501303
10.52,66.80894873600002,61.918071350060295,4.890877385939722,-0.4764679739959552,25.493123705872176,0.10045286879808966,2.560857410879447,2.560857410879447,2.560857410879447,0.0,0.0,0,0.01,0.01,0.1605098106602933,0.3024876037639107,46.67444564081544,0.01,0.0949214545761403,0.19148891489982997,5.04967093505891,0.01,0.0898710146331146,0.17911671838078946,4.874852063996259,0.01,0.12222635822850848,0.3960054248660907,13.503158655573417,0.01,0.12010213201017972,0.3131179559167181,5.601021610429111,0.01,0.07860182225612453,0.1322920676521109,11.964618495638817
10.53,66.50538814918521,61.64371580048824,4.861672348696969,-0.4810070539592747,25.4066311091755,0.10019296451383979,2.5455656891378386,2.5455656891378386,2.5455656891378386,0.0,0.0,0,0.01,0.01,0.1604150406588392,0.3023871914215646,46.41089858876204,0.01,0.09482326596561197,0.1913885025574839,5.038853872666906,0.01,0.08977302000948531,0.17901630603844337,4.8636579711381245,0.01,0.12240990676911849,0.3962028464745576,13.688771185955424,0.01,0.12029869766810362,0.313315377525185,5.609755595530602,0.01,0.07868388226002038,0.13237428209718077,11.977140902402711
10.540000000000001,66.19900192237034,61.3667634919631,4.832238430407251,-0.4855292662435801,25.319263116807516,0.0999300064100486,2.530154125560282,2.530154125560282,2.530154125560282,0.0,0.0,0,0.01,0.01,0.1603191941722488,0.3022856391892602,46.14568154175536,0.01,0.09472396301965016,0.19128695032517948,5.028006665092349,0.01,0.0896739141669098,0.17891475380613897,4.8524297242709,0.01,0.12259470914371608,0.3964016295604017,13.877258402201546,0.01,0.12049663952956224,0.3135141606110291,5.618344977015351,0.01,0.07876638377140906,0.1324569342320051,11.989358961256206
10.55,65.88983749999997,61.08722677939225,4.802610720607711,-0.4900252494015051,25.231189957506285,0.09966399116413274,2.5146410929854612,2.5146410929854612,2.5146410929854612,0.0,0.0,0,0.01,0.01,0.16022227101652906,0.3021829470850467,45.87884351991538,0.01,0.09462354540145645,0.19118425822096605,5.017141531540481,0.01,0.08957369683777368,0.17881206170192554,4.841179262504594,0.01,0.12278074177310001,0.3966017485176558,14.068637138811157,0.01,0.12069593339986967,0.3137142795682831,5.626775039853579,0.01,0.0788493125613991,0.13254000946310787,12.001242691477225
10.56,65.57794314429628,60.805124037656526,4.772819106639759,-0.4944833729623018,25.142554659581418,0.09939492124903865,2.4990422403887447,2.4990422403887447,2.4990422403887447,0.0,0.0,0,0.01,0.01,0.1601242730779784,0.3020791173796802,45.61044271853287,0.01,0.09452201484679779,0.1910804285155995,5.006274145504338,0.01,0.08947236983717928,0.178708231996559,4.8299218433984965,0.01,0.12296797726794183,0.396803173283787,14.262915343472871,0.01,0.12089655098797016,0.3139157043344144,5.6350273538322995,0.01,0.07893265261514464,0.13262349132605905,12.012755172970811
10.57,65.26336791748147,60.520480810786594,4.742887106694876,-0.4988902607545949,25.053466295957037,0.09912280610316765,2.483369881866395,2.483369881866395,2.483369881866395,0.0,0.0,0,0.01,0.01,0.16002520474586307,0.30197415504364455,45.34054674362094,0.01,0.09441937563090008,0.19097546617956385,4.995422929848808,0.01,0.08936993752609582,0.17860326966052334,4.818675361384283,0.01,0.12315638361475273,0.3970058685816051,14.460092486863823,0.01,0.12109845905501004,0.3141183996322324,5.643080719242189,0.01,0.07901638581027516,0.1327073611873483,12.023854441004039
10.58,64.94616166399999,60.23333064119033,4.712831022809664,-0.5032313838249586,24.963994878684094,0.09884766300973111,2.4676325531448184,2.4676325531448184,2.4676325531448184,0.0,0.0,0,0.01,0.01,0.15992507324008373,0.301868068080946,45.06923242288528,0.01,0.09431563492856677,0.1908693792168653,4.984608243564421,0.01,0.08926640716747479,0.1784971826978248,4.807459562598139,0.01,0.12334592358575466,0.39720979340392604,14.660160256683524,0.01,0.12130161879734379,0.31432232445455344,5.650912202259855,0.01,0.07910049169752223,0.13279159805039337,12.034495544497556
10.59,64.62637499274076,59.9437155470108,4.682659445729962,-0.507491695373315,24.874168107745994,0.09856951765009975,2.451834752328017,2.451834752328017,2.451834752328017,0.0,0.0,0,0.01,0.01,0.15982388882064869,0.3017608677363155,44.79658520779653,0.01,0.09421080305287044,0.19076217887223476,4.973851498811512,0.01,0.089161789160863,0.17838998235319425,4.796295193425385,0.01,0.12353655439536498,0.39741490075977726,14.863103497284731,0.01,0.12150598548763782,0.31452743181040466,5.658498210191627,0.01,0.07918494739148388,0.13287617847241784,12.044632669831243
10.6,64.30405925925928,59.651686131888106,4.652373127371175,-0.5116562787671735,24.783970094988348,0.09828840431059763,2.4359768731179754,2.4359768731179754,2.4359768731179754,0.0,0.0,0,0.01,0.01,0.15972166487118586,0.3016525685682448,44.52269820041293,0.01,0.0941048935633611,0.1906538797041641,4.963174248997746,0.01,0.08905609714664077,0.17828168318512358,4.785203122057101,0.01,0.12372822761414795,0.3976211376887471,15.068901348937294,0.01,0.12171150838546423,0.3147336687393744,5.665815557380912,0.01,0.07926972757424856,0.1329610765937384,12.054221233698632
10.61,63.97926654800002,59.35730132800329,4.62196521999673,-0.5157109796087128,24.69334209582922,0.09800436573779799,2.4200553300482097,2.4200553300482097,2.4200553300482097,0.0,0.0,0,0.01,0.01,0.15961841785441458,0.3015431883863339,44.247670855033824,0.01,0.09399792324065599,0.19054449952225325,4.952597288974685,0.01,0.08894934797692713,0.17817230300321274,4.774203472618653,0.01,0.12392088933900343,0.39782844553787394,15.277528535835465,0.01,0.12191813091625205,0.3149409765885013,5.672842475443827,0.01,0.0793548046093887,0.13304626427586372,12.063219854033974
10.620000000000001,63.65204965451848,59.06062778957696,4.591421864941518,-0.519642993994948,24.602185192801393,0.09771745265302963,2.4040628667386366,2.4040628667386366,2.4040628667386366,0.0,0.0,0,0.01,0.01,0.1595141671432056,0.3014327480574668,43.97160741818135,0.01,0.09388991193026366,0.19043405919338607,4.942139806826616,0.01,0.08884156155616536,0.17806186267434557,4.763314809839671,0.01,0.12411448060662333,0.39803676048377534,15.488956748956815,0.01,0.12212579110527225,0.3151492915344027,5.679559526323982,0.01,0.07944014875886236,0.13313171133995744,12.071592117641055
10.63,63.322462067703675,58.76173896927905,4.560723098424623,-0.5234413874657433,24.51036478969013,0.09742772295182159,2.3879890301780127,2.3879890301780127,2.3879890301780127,0.0,0.0,0,0.01,0.01,0.15940893473634596,0.30132127119111485,43.69461518122654,0.01,0.09378088226428785,0.19032258232703417,4.931818623673744,0.01,0.08873276056017233,0.17795038580799366,4.752553409243711,0.01,0.12430893802638524,0.39824601427203343,15.703156068653273,0.01,0.12233442224202098,0.31535854532266083,5.68595038292149,0.01,0.07952572849085462,0.13321738589286258,12.079308075226699
10.64,62.990557951999975,58.460713923630024,4.529844028369954,-0.527097522564136,24.417716696609478,0.0971352406277657,2.371820786905774,2.371820786905774,2.371820786905774,0.0,0.0,0,0.01,0.01,0.15930274487314727,0.30120878371933296,43.41680262717053,0.01,0.09367085927500633,0.19021009485525225,4.921647553204855,0.01,0.08862297004775696,0.17783789833621172,4.741932643261092,0.01,0.12450419459935427,0.3984561351366528,15.920096372235216,0.01,0.12254395374043638,0.31556866618728013,5.692002449361724,0.01,0.07961151086273784,0.13330325472421434,12.08634540925559
10.65,62.6563921296296,58.15763590487075,4.49875622475885,-0.5306053772835052,24.324054518111616,0.0968400744721662,2.3555432509989593,2.3555432509989593,2.3555432509989593,0.0,0.0,0,0.01,0.01,0.15919562356539102,0.30109531339153844,43.138277556361814,0.01,0.09355986991899481,0.19009662452745774,4.9116369068310775,0.01,0.08851221698365522,0.17772442800841723,4.731462508036372,0.01,0.12470018068232738,0.3986670488550446,16.139748673505107,0.01,0.12275431215225646,0.31577957990567196,5.697707300861368,0.01,0.07969746196029663,0.13338928375532624,12.092690235696773
10.66,62.32002006281482,57.85259080546919,4.467429257345627,-0.5339617417533091,24.22917800121018,0.096542296610366,2.3391404892181877,2.3391404892181877,2.3391404892181877,0.0,0.0,0,0.01,0.01,0.15908759806859574,0.3009808892077659,42.859145275770814,0.01,0.0934479425342679,0.1899822003436852,4.901793163558109,0.01,0.08840052969529595,0.1776100038246447,4.721149309099846,0.01,0.12489682505019693,0.3988786798887914,16.362086344208365,0.01,0.12296542228483502,0.31599121093941873,5.7030609312741,0.01,0.0797835473722655,0.1334754385186404,12.098337517422259
10.67,61.98149783600001,57.54566552707252,4.435832308927491,-0.5371662860965591,24.132881960359093,0.09624198094238925,2.3225963657138093,2.3225963657138093,2.3225963657138093,0.0,0.0,0,0.01,0.01,0.1589786963170763,0.300865540816602,42.579506932157436,0.01,0.09333510625567375,0.1898668519525213,4.892118816212857,0.01,0.08828793728863926,0.17749465543348078,4.710995516936487,0.01,0.12509405600653178,0.399090952557577,16.587086171621742,0.01,0.12317720837109458,0.3162034836082044,5.708063804480877,0.01,0.07986973267813792,0.13356168464564208,12.103291083521786
10.68,61.64088213807407,57.23694634807963,4.403935789994441,-0.5402214982324794,24.034965373683473,0.09593920155921684,2.3058953874546164,2.3058953874546164,2.3058953874546164,0.0,0.0,0,0.01,0.01,0.1588689463486392,0.30074929790533,42.29945806172276,0.01,0.09322139041539307,0.1897506090412493,4.8826123978363976,0.01,0.08817446904990736,0.1773784125222088,4.700999795876349,0.01,0.12529180249127264,0.3993037921932394,16.814729212055102,0.01,0.12338959523812705,0.3164163232438668,5.7127207135418026,0.01,0.07995598392715363,0.1336479883412811,12.107563264931622
10.69,61.298230244592624,56.92651736302822,4.371712881564407,-0.5431324962391194,23.935240240081292,0.09563403120647601,2.2890235120544347,2.2890235120544347,2.2890235120544347,0.0,0.0,0,0.01,0.01,0.15875837574496166,0.30063218960989285,42.01908741795973,0.01,0.09310682395578564,0.18963350074581214,4.873268684199469,0.01,0.08806015386038527,0.1772613042267716,4.691157202220796,0.01,0.12548999513579398,0.3995171262228826,17.045001406994825,0.01,0.12360250942224042,0.31662965727351,5.717040458889527,0.01,0.08004226808732956,0.1337343168240846,12.111174172073024
10.700000000000001,60.95359999999997,56.614459062738234,4.339140937261737,-0.5459067254737021,23.833539800426593,0.09532653986454982,2.2719688818987005,2.2719688818987005,2.2719688818987005,0.0,0.0,0,0.01,0.01,0.15864701111273485,0.30051424397112025,41.73847612571555,0.01,0.09299143488099204,0.18951555510703952,4.864079060841805,0.01,0.08794501965060232,0.177143358587999,4.681459540238104,0.01,0.1256885672191792,0.39973088513424615,17.277893936820114,0.01,0.12381588018188223,0.31684341618487355,5.721035363502547,0.01,0.08012855344530398,0.13382063871321606,12.11415065412718
10.71,60.60704979985183,56.30084711684734,4.306202683004481,-0.5485535557240204,23.729725757413114,0.09501679350823874,2.254722452299256,2.254722452299256,2.254722452299256,0.0,0.0,0,0.01,0.01,0.1585348776285601,0.30039548746131184,41.457697193677824,0.01,0.09287524977167387,0.1893967985972311,4.855032035941831,0.01,0.0878290929181533,0.1770246020781906,4.6718958578633965,0.01,0.12588745548516433,0.399945003282845,17.513403296624194,0.01,0.12402964036562387,0.3170575343334724,5.724720648992195,0.01,0.08021480994050245,0.1339069243466189,12.116524991556995
10.72,60.258638573037004,55.985751410370014,4.272887162666987,-0.5510837980047958,23.623694176160132,0.09470485310040438,2.237278486642124,2.237278486642124,2.237278486642124,0.0,0.0,0,0.01,0.01,0.15842199866746645,0.3002759446018419,41.17681540057006,0.01,0.09275829338416182,0.18927725573776125,4.846113874182132,0.01,0.08771239833028369,0.17690505921872074,4.66245305807204,0.01,0.1260866007865285,0.40015941950843426,17.751531089219192,0.01,0.12424372709995382,0.3172719505590616,5.728113701623831,0.01,0.08030100942056086,0.13399314601793455,12.118333383989237
10.73,59.90842576399999,55.66923537369123,4.2391903903087655,-0.5535091640242517,23.515379809447083,0.09439077386290086,2.2196348978937444,2.2196348978937444,2.2196348978937444,0.0,0.0,0,0.01,0.01,0.15830839553092532,0.3001556376881064,40.89588755255451,0.01,0.09264058835122511,0.18915694882402567,4.837309321655799,0.01,0.08759495842829217,0.17678475230498517,4.6531165969668455,0.01,0.1262859485323708,0.4003740775377277,17.992283541787643,0.01,0.12445808227062091,0.3174866085883551,5.731233261351391,0.01,0.08038712580888442,0.13407927812391726,12.119614302856473
10.74,59.55647131496295,55.35135563153698,4.20511568342597,-0.5558416936764883,23.404758664499678,0.09407460485506823,2.2017934230910416,2.2017934230910416,2.2017934230910416,0.0,0.0,0,0.01,0.01,0.1581940872855444,0.300034586633075,40.614963092177305,0.01,0.09252215499686434,0.18903589776899427,4.8286023881332305,0.01,0.08747679344598444,0.17666370124995376,4.64387123615753,0.01,0.12648544892329858,0.40058892616055575,18.23567076420471,0.01,0.12467265278125426,0.3177014572111831,5.7340985698080695,0.01,0.0804731351794862,0.1341652972183964,12.120406783480963
10.75,59.202835648148145,55.03216198160387,4.170673666544281,-0.5580931770644798,23.291848709286793,0.09375638887573391,2.1837596252226534,2.1837596252226534,2.1837596252226534,0.0,0.0,0,0.01,0.01,0.1580790907184633,0.2999128089351783,40.33408502286214,0.01,0.09240301127219405,0.1889141200710976,4.819977150669475,0.01,0.08735792124907703,0.17654192355205708,4.6347018147170465,0.01,0.12668505696959834,0.4008039191772924,18.48170577835944,0.01,0.12488739058349024,0.3179164502279198,5.736728514723276,0.01,0.08055901573863433,0.1342511819732432,12.120748732931922
10.76,58.847579648000014,54.7116976983622,4.135881949637811,-0.5602745974814881,23.1767087015446,0.09343616268970673,2.165542724849463,2.165542724849463,2.165542724849463,0.0,0.0,0,0.01,0.01,0.15796342041007325,0.299790319770505,40.053291098807016,0.01,0.09228317281386289,0.1887916309064243,4.811418541933129,0.01,0.08723835739683716,0.17641943438738383,4.625594005582023,0.01,0.12688473229751662,0.4010190151259285,18.730403358162178,0.01,0.1251022524833797,0.31813154617655587,5.739140808239947,0.01,0.08064474771713585,0.13433691305108472,12.120675328801957
10.77,58.49076464340742,54.39000014277403,4.100764500633389,-0.5623956204902679,23.059435209304127,0.09311395756485258,2.1471552715486117,2.1471552715486117,2.1471552715486117,0.0,0.0,0,0.01,0.01,0.15784708891930382,0.2996671322035798,39.772615218317476,0.01,0.09216265312082231,0.18866844333949911,4.802913087625751,0.01,0.0871181153216251,0.1762962468204586,4.616535022163349,0.01,0.1270844387583818,0.4012341768071164,18.9817787286831,0.01,0.12531719973895225,0.31834670785774377,5.741351235049298,0.01,0.08073031318110714,0.13442247289847148,12.120217579210571
10.78,58.13245238992595,54.067101644960296,4.065350744965654,-0.5644641518111531,22.940157973593756,0.09278980009169417,2.1286126724416485,2.1286126724416485,2.1286126724416485,0.0,0.0,0,0.01,0.01,0.15773010707160248,0.2995432575055988,39.49208894997893,0.01,0.09204146383986105,0.18854456864151808,4.7944495599543036,0.01,0.08699720661662982,0.1761723721224776,4.607514243575873,0.01,0.1272841438640278,0.4014493706344314,19.235846179585486,0.01,0.1255321974730373,0.3185619016850588,5.743373003042121,0.01,0.08081569577264087,0.13450784547167366,12.119401106661659
10.790000000000001,57.77270505199997,53.743030614829046,4.0296744371709305,-0.5664859832874123,22.819033838472134,0.09246371324473812,2.109932601362463,2.109932601362463,2.109932601362463,0.0,0.0,0,0.01,0.01,0.15761248433511443,0.29941870556416683,39.21174311615864,0.01,0.09191961514541382,0.18842001670008615,4.786019518350798,0.01,0.08687564141720971,0.17604782018104564,4.59852373092697,0.01,0.12748381807946116,0.40166456584457255,19.492617652044007,0.01,0.12574721393338065,0.3187770968951999,5.745216224427648,0.01,0.08090088039473181,0.1345930159100996,12.118245207417921
10.8,57.411585185185146,53.417812825869724,3.9937723593154275,-0.568464541912105,22.69623953723773,0.09213571763397026,2.091134317355887,2.091134317355887,2.091134317355887,0.0,0.0,0,0.01,0.01,0.1574942292666595,0.2992934853645226,38.931609356586414,0.01,0.09179711619495716,0.1882947965004419,4.777617714007699,0.01,0.08675342885708433,0.17592259998140142,4.5895586123794185,0.01,0.1276834340096181,0.40187973360796003,19.75210135964346,0.01,0.12596221963841966,0.31899226465858743,5.746887549139296,0.01,0.08098585285703828,0.1346779701743834,12.116762224721802
10.81,57.04915571837036,53.09147281014828,3.9576829082220737,-0.5704007519842088,22.57196367369866,0.09180583288666234,2.0722379249513923,2.0722379249513923,2.0722379249513923,0.0,0.0,0,0.01,0.01,0.157375350006074,0.2991676055191431,38.65172159740763,0.01,0.09167397563800615,0.1881689166550624,4.769242341472794,0.01,0.08663057757735954,0.17579672013602193,4.580617321078349,0.01,0.12788296552115969,0.40209484608393437,20.01430050208058,0.01,0.12617718645152992,0.3192073771345617,5.7483899650497365,0.01,0.08107059950045474,0.13476269466740431,12.114957259217855
10.82,56.68547993599999,52.76403529830167,3.921444637698327,-0.5722930151498652,22.44639827159963,0.09147407909416168,2.0532636108753586,2.0532636108753586,2.0532636108753586,0.0,0.0,0,0.01,0.01,0.15725585479546894,0.29904107482061265,38.37211735662129,0.01,0.09155020215446998,0.18804238595653194,4.760895127713421,0.01,0.08650709626414829,0.17567018943749144,4.571701676988209,0.01,0.12808238684237874,0.40230987546639096,20.279212126026344,0.01,0.1263920866289582,0.3194224065170183,5.74972277156453,0.01,0.08115510681899864,0.134847175856828,12.112828223553466
10.83,56.3206214602963,52.43552663717662,3.885094823119679,-0.5741373076274249,22.319730282267518,0.09114047825590887,2.0342308924687535,2.0342308924687535,2.0342308924687535,0.0,0.0,0,0.01,0.01,0.1571357524990365,0.29891390279181185,38.09283882600504,0.01,0.09142580499700402,0.18791521392773117,4.752581256824411,0.01,0.0863829941894643,0.17554301740869066,4.562816811112893,0.01,0.12828167168439156,0.40252479306516514,20.546826180541043,0.01,0.12660689188694194,0.3196373241157925,5.750881724789049,0.01,0.08123936109717375,0.1349313999172191,12.110366231757316
10.84,55.95464423348149,52.10597611970357,3.8486681137779217,-0.5759273885652089,22.19213343962709,0.0908050556536396,2.015157912058334,2.015157912058334,2.015157912058334,0.0,0.0,0,0.01,0.01,0.15701505309924324,0.29878610020785235,37.813933681197426,0.01,0.09130079451205256,0.18778741134377164,4.744309136185585,0.01,0.0862582817301564,0.1754152148247311,4.553970937892965,0.01,0.12848079242487834,0.40273956846587716,20.81712480547967,0.01,0.12682157253169432,0.3198520995165045,5.7518593443853705,0.01,0.08132334807979046,0.13501535240840204,12.10755629849366
10.85,55.58761250000002,51.775417166505115,3.8121953334949055,-0.5776551084811821,22.063760833183217,0.09046784109250619,1.9960608089594811,1.9960608089594813,1.9960608089594811,0.0,0.0,0,0.01,0.01,0.15689376814656222,0.2986576795657221,37.535455585356054,0.01,0.09117518261549672,0.1876589907016414,4.736090017154559,0.01,0.08613297084090192,0.1752867941826009,4.545174988550596,0.01,0.12867971939184647,0.40295416880641455,21.09008188069407,0.01,0.12703609669213228,0.3200666998570419,5.752645364628618,0.01,0.08140705268927834,0.1350990180046261,12.104378308842882
10.86,55.21959078874076,51.44388830634841,3.775702482392352,-0.579310802305836,21.93473853434406,0.09012886995250488,1.9769531968040932,1.9769531968040932,1.9769531968040932,0.0,0.0,0,0.01,0.01,0.15677191114224706,0.29852865548023816,37.25746436689629,0.01,0.09104898320113868,0.18752996661615745,4.727937489937325,0.01,0.0860070754596176,0.17515777009711692,4.536442124402195,0.01,0.12887842027942906,0.40316855820203035,21.365662852458424,0.01,0.12725042968964456,0.3202810892526577,5.753227305765376,0.01,0.08149045880292387,0.13518238028634455,12.100808207596932
10.870000000000001,54.850643895259225,51.11143391247729,3.739209982781936,-0.5808837478854095,21.805160561314963,0.08978818400278221,1.9578457686895578,1.9578457686895578,1.9578457686895578,0.0,0.0,0,0.01,0.01,0.15664949783691676,0.298399044988489,36.98002586750683,0.01,0.09092221246354867,0.18740035612440828,4.719866877806118,0.01,0.085880611826962,0.17502815960536777,4.5277871544262345,0.01,0.1290768597208768,0.4033826973434721,21.643824841630494,0.01,0.12746453357212648,0.3204952283940995,5.753591136609949,0.01,0.08157354909934142,0.13526542160318233,12.096819347965694
10.88,54.48083686399997,50.778104663622216,3.70273220037775,-0.5823626680560794,21.675085405080367,0.08944583194268602,1.938746046486185,1.938746046486185,1.938746046486185,0.0,0.0,0,0.01,0.01,0.1565265464317498,0.2982688677493232,36.70321147231214,0.01,0.09079488912091832,0.1872701788852425,4.711894560036452,0.01,0.08575359870573053,0.174897982366202,4.5192258853354375,0.01,0.12927499903600811,0.40359654328402117,21.9245170263144,0.01,0.1276783668313026,0.32070907433464857,5.753721995845702,0.01,0.08165630497999922,0.13534812301310775,12.092383933637768
10.89,54.1102349705185,50.44395771152405,3.6662772589944503,-0.5837362526818006,21.544534266610874,0.08910186964628031,1.9196582838133813,1.9196582838133813,1.9196582838133813,0.0,0.0,0,0.01,0.01,0.15640307767368292,0.2981381461293907,36.42709734865283,0.01,0.09066703452830367,0.18713945726530998,4.704037255739899,0.01,0.08562605749068905,0.17476726074626947,4.510774435074622,0.01,0.12947279616183546,0.40381004942221554,22.207681280666378,0.01,0.12789188431342258,0.32092258047284294,5.753604937684267,0.01,0.08173870656794459,0.1354304642991173,12.087474485779675
10.9,53.738903703703684,50.109056550518254,3.629847153185433,-0.584993676422675,21.413491076659106,0.0887563601008766,1.9005835250168635,1.9005835250168635,1.9005835250168635,0.0,0.0,0,0.01,0.01,0.15627911484096516,0.2980069051725437,36.15176343329757,0.01,0.09053867267678614,0.18700821630846295,4.6963113019878415,0.01,0.08549801220453178,0.17463601978942245,4.5024485417351565,0.01,0.12967020576630633,0.40402316567779395,22.493253041261962,0.01,0.12810503732417775,0.32113569672842135,5.7532256674740445,0.01,0.08182073278218349,0.13551242406106317,12.082065267313375
10.91,53.36690874799999,49.77347059847267,3.5934381495273278,-0.586125088482226,21.281904287885673,0.0884093730442978,1.8815198152807255,1.8815198152807255,1.8815198152807255,0.0,0.0,0,0.01,0.01,0.15615468362049786,0.29787517245480943,35.87729221907965,0.01,0.09040983007938547,0.1868764835907287,4.688731959346977,0.01,0.085369489380945,0.1745042870716882,4.494262899596751,0.01,0.12986717953650048,0.4042358388494568,22.781162363486096,0.01,0.12831777391959398,0.3213483699000842,5.752571234370686,0.01,0.08190236148264182,0.13559397987677274,12.076133600666235
10.92,52.99431596562962,49.43727451153571,3.557041454093904,-0.5871220521367007,21.149690348221803,0.08806098431944895,1.8624625501159608,1.862462550115961,1.8624625501159608,0.0,0.0,0,0.01,0.01,0.15602981188336612,0.2977429778324052,35.603767400445165,0.01,0.09028053554978693,0.1867442889683245,4.681312776088184,0.01,0.08524051784096777,0.17437209244928403,4.486230552142942,0.01,0.1300636666246183,0.40444801313480094,23.071335122920715,0.01,0.12853003936613216,0.32156054418542834,5.751630651099245,0.01,0.08198356967743618,0.1356751085234919,12.069661022025931
10.93,52.62119137881483,49.100547267137934,3.5206441116768947,-0.5879779143975508,21.016738687932435,0.08771127497768454,1.8434049461913826,1.8434049461913826,1.8434049461913826,0.0,0.0,0,0.01,0.01,0.1559045293696117,0.29761035309515,35.331272443356596,0.01,0.09015081988485155,0.18661166423106929,4.674065039250599,0.01,0.08511112837372373,0.1742394677120288,4.4783623689332295,0.01,0.13025961422804289,0.40465963078562417,23.363694310972456,0.01,0.12874177674566312,0.3217721618362515,5.750395415015751,0.01,0.08206433378145078,0.13575578624805945,12.062634223794994
10.94,52.247601152000016,48.763371059964385,3.48423009203563,-0.5886880895756412,20.882917984193316,0.0873603301738522,1.824338610092604,1.824338610092604,1.824338610092604,0.0,0.0,0,0.01,0.01,0.15577886729739743,0.2974773315418974,35.05988914727203,0.01,0.09002071546624327,0.18647864267781675,4.666997336278789,0.01,0.08498135333693488,0.17410644615877624,4.470666628885145,0.01,0.13045496827397388,0.40487063286601016,23.65816136999492,0.01,0.12895292767472052,0.3219831639166375,5.748859909657559,0.01,0.08214462991307586,0.1358359890722099,12.055045747867434
10.950000000000001,51.87361157407403,48.42583006372907,3.447781510344959,-0.5892502446417119,20.748083409217966,0.08700823790524359,1.8052541773470743,1.8052541773470743,1.8052541773470743,0.0,0.0,0,0.01,0.01,0.15565285791508643,0.29734394749810167,34.78969626679908,0.01,0.08989025580013026,0.18634525863402096,4.660115245745387,0.01,0.08485122619622043,0.17397306211498045,4.463148727479723,0.01,0.130649674174859,0.40508096007645805,23.95465751142072,0.01,0.1291634331027382,0.3221934911270854,5.74702167172172,0.01,0.08222443421449632,0.13591569311807844,12.046894404146252
10.96,51.49928904059256,48.088009117181755,3.411279923410801,-0.5896643789199405,20.61208452366476,0.08665508765356955,1.7861419911209542,1.7861419911209542,1.7861419911209542,0.0,0.0,0,0.01,0.01,0.15552653401725622,0.29721023579814954,34.520768256441016,0.01,0.08975947501663811,0.18621154693406883,4.653421169502051,0.01,0.08472078102487055,0.17383935041502835,4.455811019538311,0.01,0.13084367761825694,0.4052905536049499,24.25310496053465,0.01,0.12937323415103372,0.32240308465557727,5.744881514432557,0.01,0.08230372318018121,0.13599487493839715,12.038185401400645
10.97,51.12470003599998,47.749992395629334,3.3747076403706395,-0.5899327955953662,20.474773448253192,0.08630096899319013,1.7669927885002912,1.7669927885002914,1.7669927885002912,0.0,0.0,0,0.01,0.01,0.15539992844717185,0.2970762312565596,34.253174195639346,0.01,0.08962840735242769,0.18607754239247887,4.646914312188356,0.01,0.0845900519874466,0.17370534587343833,4.448652802994895,0.01,0.13103692535393727,0.405499355965361,24.55342807419337,0.01,0.1295822729532119,0.3226118870159884,5.7424435045708435,0.01,0.08238247397823076,0.13607351183603247,12.028930190389994
10.98,50.74991111585184,47.41186212925367,3.338048986598171,-0.5900599675337757,20.336012934554073,0.08594597022999337,1.7477983622699444,1.7477983622699444,1.7477983622699444,0.0,0.0,0,0.01,0.01,0.1552730736086972,0.2969419681524825,33.98697694187901,0.01,0.08949708664036923,0.18594327928840182,4.64059080728452,0.01,0.08445907283112614,0.17357108276936134,4.441670442722607,0.01,0.13122936594195234,0.4057073117849699,24.855554282516046,0.01,0.12979049345843185,0.3228198428355972,5.7397147965388085,0.01,0.08246066474996606,0.13615158215839435,12.019146031703295
10.99,50.37498888903703,47.07369742667302,3.3012914623640097,-0.5900523047730599,20.1956839613884,0.08559017713347498,1.728552167586913,1.7285521675869129,1.728552167586913,0.0,0.0,0,0.01,0.01,0.1551460010100051,0.29680747975113536,33.72223254829748,0.01,0.08936554582976196,0.18580879088705465,4.63444398236339,0.01,0.08432787640815896,0.17343659436801415,4.434857627115255,0.01,0.13142095042802318,0.4059143685059443,25.1594148125956,0.01,0.1299978421615331,0.3230268995565717,5.736705332829098,0.01,0.08253827487454744,0.13622906555379113,12.00885531252833
11.0,50.0,46.73557325668779,3.264426743312208,-0.5899178355244423,20.05369250595812,0.08523367181982977,1.7092498458286143,1.7092498458286143,1.7092498458286143,0.0,0.0,0,0.01,0.01,0.1550187408597944,0.296672797883899,33.458989969281646,0.01,0.08923381655893689,0.18567410901981832,4.628464749936093,0.01,0.0841964942511629,0.1733019125007778,4.428205744310237,0.01,0.1316116329167009,0.4061204769703755,25.46494516139861,0.01,0.13020426872818724,0.32323300802100285,5.733427425705366,0.01,0.08261528518739071,0.136305943178919,11.998084647314803
11.01,49.62501111096296,46.397559633244036,3.227451477718925,-0.5896658164148616,19.909975177743068,0.08487653183644552,1.6898896420365495,1.6898896420365495,1.6898896420365495,0.0,0.0,0,0.01,0.01,0.15489132173411466,0.2965379526059093,33.19729106359515,0.01,0.08910192879946113,0.1855392637418286,4.622642104776994,0.01,0.08406495622034929,0.1731670672227881,4.421704359539606,0.01,0.13180137101816947,0.40632559186445283,25.772085295759215,0.01,0.1304097264887989,0.3234381229150802,5.729895239810713,0.01,0.08269167814361161,0.13638219784924438,11.986863806163186
11.02,49.25008888414816,46.05972103873111,3.19036784541705,-0.5893062908300155,19.76450345655484,0.08451882948845561,1.6704726975685502,1.6704726975685502,1.6704726975685502,0.0,0.0,0,0.01,0.01,0.15476377032846567,0.296402971946204,32.93717089031638,0.01,0.08896991058766103,0.18540428308212334,4.616963703919608,0.01,0.08393329023825113,0.17303208656308283,4.415341770774343,0.01,0.13199012615096617,0.40652967200442347,26.08077956960272,0.01,0.13061417278152804,0.32364220305505087,5.726124199507711,0.01,0.08276743792053377,0.13645781412693445,11.975224522094031
11.03,48.87529996400002,45.722116109281075,3.1531838547189497,-0.5888496164399081,19.617286341470038,0.08416063143641951,1.6510032055671664,1.6510032055671664,1.6510032055671664,0.0,0.0,0,0.01,0.01,0.15463611130574312,0.29626788176104135,32.67865827883699,0.01,0.08883778785497147,0.18526919289696064,4.611416501859317,0.01,0.08380152212331039,0.17289699637792016,4.409105616293051,0.01,0.13217786368998696,0.40673268045469857,26.390976361475346,0.01,0.13081756913222006,0.32384521150532597,5.722130347907801,0.01,0.08284255045630652,0.1365327783440638,11.963199233287078
11.040000000000001,48.50071095940737,45.38479759330343,3.1159133661039426,-0.58830598420711,19.46837129163902,0.08380199858131251,1.6314884233623983,1.6314884233623985,1.6314884233623983,0.0,0.0,0,0.01,0.01,0.1545083672460379,0.29613270569609235,32.421776641531196,0.01,0.0887055843638974,0.18513401683201164,4.605987411231561,0.01,0.08366967552895753,0.17276182031297113,4.402983505737588,0.01,0.13236455295657554,0.40693458447648456,26.70262744856336,0.01,0.13101988126683833,0.3240471155271119,5.717929686623933,0.01,0.08291700342474646,0.13660707856192358,11.950819818611118
11.05,48.12638842592588,45.04781258166128,3.0785758442646025,-0.587684951342987,19.31784341967326,0.08344298623943963,1.6119385426434452,1.6119385426434452,1.6119385426434452,0.0,0.0,0,0.01,0.01,0.15438055869948747,0.29599746525806075,32.16654498637639,0.01,0.08857332175137138,0.18499877639398005,4.600663958178552,0.01,0.08353777198982114,0.17262657987493954,4.39696364525193,0.01,0.1325501670549106,0.4071353553132534,27.0156871460917,0.01,0.1312210789598373,0.3242478863638808,5.7135375261089845,0.01,0.08299078614949462,0.13668070447024255,11.938116384994538
11.06,47.752398848000006,44.71120336405681,3.041195483943195,-0.5869876799010313,19.165820564714885,0.08308364499036106,1.5923662317477327,1.5923662317477327,1.5923662317477327,0.0,0.0,0,0.01,0.01,0.15425270438337021,0.2958621801394684,31.91298398466971,0.01,0.08844101970643028,0.18486349127538768,4.595437658345326,0.01,0.08340583110462169,0.17249129475634717,4.391038290362032,0.01,0.13273468252629375,0.4073349676086647,27.330107519275142,0.01,0.13142113569845648,0.32444749865929207,5.708965950676947,0.01,0.08306389621625825,0.13675367179429362,11.926557873914968
11.07,47.37880862118518,44.375046795086774,3.0037618260984025,-0.5860751175566287,19.012195020947434,0.0827240627713516,1.5727660143340338,1.5727660143340338,1.5727660143340338,0.0,0.0,0,0.01,0.01,0.1541248322998783,0.29572688405719333,31.661331292898574,0.01,0.08830870541922874,0.18472819519311265,4.590449209115083,0.01,0.08327388040582544,0.17235599867407214,4.385346973416871,0.01,0.13291806656557087,0.4075333761622336,27.645617756843272,0.01,0.13162001728914907,0.324645907212861,5.7041019896090726,0.01,0.08313666470493493,0.1368264310667742,11.925811755902423
11.08,47.00568403437036,44.03948863368611,2.9661954006842484,-0.5848993877266153,18.856402046119214,0.08236440208397108,1.553096279983578,1.553096279983578,1.553096279983578,0.0,0.0,0,0.01,0.01,0.1539969981804556,0.2955916386970816,31.4118083715339,0.01,0.08817643407962102,0.18459294983300092,4.585824454006169,0.01,0.08314197563545547,0.17222075331396042,4.380006096364401,0.01,0.13310024900080916,0.4077304962891326,27.961893202293606,0.01,0.1318176520358089,0.32484302733976,5.698812488222479,0.01,0.08320936534606103,0.13689912881514826,11.925577570572717
11.09,46.63309125200001,43.70467337519143,2.9284178768085742,-0.5834828265210614,18.697875514472706,0.08200482528350922,1.5333160147371394,1.5333160147371394,1.5333160147371394,0.0,0.0,0,0.01,0.01,0.1538692605852451,0.2954565055604207,31.164487552886413,0.01,0.08804426665815687,0.18445781669633995,4.5815461152316,0.01,0.08301017760931055,0.17208562017729945,4.374997254474315,0.01,0.13328115294983878,0.40792624571118824,28.278794245704628,0.01,0.13201395688743614,0.3250387767618156,5.693105896663487,0.01,0.08328198162718671,0.1369717342502731,11.92469953971235
11.1,46.261096296296316,43.3707322297998,2.890364066496512,-0.5818354767741039,18.53612786216169,0.0816454815970611,1.5133910862508937,1.5133910862508937,1.5133910862508937,0.0,0.0,0,0.01,0.01,0.15374167324889226,0.29532154108786024,30.91943186841422,0.01,0.08791225947612899,0.18432285222377953,4.577589254178383,0.01,0.08287854237030712,0.17195065570473902,4.370297286079009,0.01,0.13346070974030427,0.4081205515214649,28.596202310232613,0.01,0.1322069201130656,0.32523308257209227,5.706904090898759,0.01,0.08335448523199047,0.1370442193374157,11.923200516086608
11.11,45.88976502948151,43.03783993133114,2.8519250981503697,-0.5797821546928034,18.3703718981735,0.08128656827236372,1.493264489489592,1.493264489489592,1.493264489489592,0.0,0.0,0,0.01,0.01,0.15361430129519893,0.2951868196183193,30.676995994655613,0.01,0.08778047774327451,0.1841881307542386,4.574135266651784,0.01,0.08274713547666292,0.1718159342351981,4.366086018812419,0.01,0.13363884101706805,0.4083133171843403,28.91369178283544,0.01,0.13239355276520015,0.3254258482349676,5.770118430717313,0.01,0.0834268427172802,0.1371165464582737,11.920742651984446
11.120000000000001,45.51916313599996,42.70625783211154,2.8129053038884204,-0.5772607237080258,18.199225247629165,0.08092837760672288,1.4728337729899377,1.4728337729899377,1.4728337729899377,0.0,0.0,0,0.01,0.01,0.1534872450044926,0.2950524509691821,30.437513815839242,0.01,0.08764902220209024,0.18405376210510138,4.571346035801586,0.01,0.08261605827582148,0.1716815655860609,4.362513385203534,0.01,0.13381542317342374,0.40850439836905084,29.230768213380156,0.01,0.1325779646721635,0.3256169294196782,5.839202852978186,0.01,0.08349900119732741,0.1371886589851726,11.917023347693542
11.13,45.14935610474072,42.376237406971015,2.773118697769704,-0.5743339349366973,18.021348521780958,0.080571193270362,1.452001554740966,1.452001554740966,1.452001554740966,0.0,0.0,0,0.01,0.01,0.15336060628653272,0.29491854146855445,30.20107474657299,0.01,0.08751799916267304,0.18391985260447372,4.569167905426867,0.01,0.08248541669139797,0.1715476560854332,4.359524624007468,0.01,0.13399032776705466,0.4086936593580702,29.547220034305933,0.01,0.13276060036157145,0.3258061904086976,5.908186991649549,0.01,0.08357090471674439,0.13726050220192823,11.912143362545304
11.14,44.78040921125924,42.04798587491395,2.7324233363452888,-0.5710893424209731,17.835679157914303,0.0802152528456851,1.4306935133266119,1.4306935133266119,1.4306935133266119,0.0,0.0,0,0.01,0.01,0.15323447162265888,0.2947851799312631,29.96768218738924,0.01,0.08738750009897914,0.18378649106718237,4.567491422222716,0.01,0.08235530148350369,0.17141429454814186,4.357014830357666,0.01,0.13416344915843534,0.4088809924705429,29.86294706705064,0.01,0.13294139610421513,0.3259935235211702,5.976604447390307,0.01,0.08364250543793816,0.1373320308051516,11.906308303772931
11.15,44.41238749999998,41.72165708298166,2.690730417018322,-0.5676252108845729,17.64149940654037,0.07986073742085521,1.4088631518158934,1.4088631518158934,1.4088631518158934,0.0,0.0,0,0.01,0.01,0.1531089078108634,0.29465243381422773,29.73727785823884,0.01,0.08725759638669386,0.183653744950147,4.566187284945186,0.01,0.08222578325702196,0.1712815484311065,4.354860726806605,0.01,0.13433471093754698,0.40906632259692294,30.177922560869703,0.01,0.1331202721635034,0.3261788536475503,6.04449175773205,0.01,0.08371376650605297,0.13740321093805904,11.899761242106967
11.16,44.04535576651851,41.39734709123875,2.6480086752797654,-0.5640448470639826,17.438473828235896,0.07950776620745248,1.3864941001501585,1.3864941001501585,1.3864941001501585,0.0,0.0,0,0.01,0.01,0.15298395993122071,0.29452034726638626,29.509748937594477,0.01,0.08712833701149125,0.18352165840230555,4.565115628891597,0.01,0.082096910232775,0.17114946188326507,4.352929143067577,0.01,0.13450406805677376,0.4092496089329043,30.492187061025444,0.01,0.13329717713548966,0.32636213998353164,6.11194977833795,0.01,0.08378466327860133,0.13747402121062618,11.892765666570503
11.17,43.679378539703706,41.07509275739667,2.6042857823070413,-0.5604515119726975,17.226666996835846,0.07915639439564762,1.3636008469240246,1.3636008469240246,1.3636008469240246,0.0,0.0,0,0.01,0.01,0.1528596504860089,0.29438894039706937,29.28493605293164,0.01,0.0869997475648912,0.18339025153298866,4.564133063773476,0.01,0.08196870727991971,0.17101805501394818,4.351083687704444,0.01,0.13467150718479315,0.40943084496209514,30.805842478268826,0.01,0.13347209217342887,0.32654337601272254,6.179100049455742,0.01,0.08385518385542855,0.1375444530709272,11.88559258553355
11.18,43.314520064,40.75487319446381,2.5596468695361887,-0.5569434587473694,17.00654166240648,0.07880661415223443,1.340227966853167,1.340227966853167,1.340227966853167,0.0,0.0,0,0.01,0.01,0.15273597964749863,0.29425820972215666,29.062643316301035,0.01,0.08687183039679296,0.18325952085807595,4.563099636396158,0.01,0.08184117610042421,0.17088732433903545,4.349191373121864,0.01,0.13483704555002576,0.40961005681858276,31.11904323868878,0.01,0.1336450303194313,0.3267225878692101,6.24607484608108,0.01,0.08392532898409466,0.13761451055064264,11.878507566761561
11.19,42.95084428162966,40.43661398397591,2.514230297653748,-0.5536092764467788,16.77893761351807,0.07845835867242532,1.3164479054236489,1.3164479054236489,1.3164479054236489,0.0,0.0,0,0.01,0.01,0.15261292658259637,0.2941281297496327,28.84265001312439,0.01,0.08674456589137644,0.183129440885552,4.5618856051647,0.01,0.08171429653302827,0.1707572443665115,4.3471290549236645,0.01,0.13500072838464594,0.409787300150947,31.43198463415309,0.01,0.13381603408770498,0.3268998312015744,6.313009619359402,0.01,0.08399511135966324,0.1376842094058934,11.871757895087116
11.200000000000001,42.58841481481477,40.12019390690777,2.468220907906995,-0.5505237585662857,16.54503236256245,0.07811150905999602,1.292357445286224,1.292357445286224,1.292357445286224,0.0,0.0,0,0.01,0.01,0.15249045177887607,0.2939986556154893,28.62472333609298,0.01,0.08661791479199503,0.18299996675140862,4.5603777069437195,0.01,0.08158802890112749,0.17062777023236808,4.344789378947312,0.01,0.13516262512295085,0.40996265567156653,31.74488896398362,0.01,0.13398517171409255,0.32707518672219393,6.380035430832681,0.01,0.08406455435901998,0.13775357570118188,11.865560463099339
11.21,42.227294947999965,39.80545383532903,2.4218411126709314,-0.5477444910945365,16.306285677661915,0.07776590367389814,1.2680730412881214,1.2680730412881214,1.2680730412881214,0.0,0.0,0,0.01,0.01,0.15236850024886323,0.2938697266304648,28.408631493345272,0.01,0.08649182145127693,0.18287103776638408,4.558484595987158,0.01,0.08146231727965264,0.17049884124734357,4.342085931841843,0.01,0.13532282456083622,0.41013622363385915,32.05799023585791,0.01,0.13415253229936827,0.3272487546844865,6.447271551875952,0.01,0.08413369027581385,0.1378226439107697,11.86009105019085
11.22,41.86754761007404,39.49220732710184,2.375340282972208,-0.5453093168817167,16.064370776816155,0.07742134946166017,1.2437252637935647,1.2437252637935647,1.2437252637935647,0.0,0.0,0,0.01,0.01,0.15224700544778413,0.2937412705548641,28.194156507325822,0.01,0.08636621783882402,0.1827425816907834,4.5561411709981465,0.01,0.08133709351246127,0.17037038517174288,4.338957326592034,0.01,0.1354814292273239,0.4103081175265033,32.37151829222169,0.01,0.13431822009882596,0.32742064857713066,6.5148186359439055,0.01,0.08420255814531784,0.13789145463458408,11.855475604959825
11.23,41.50923535659257,39.180252389269796,2.3289829673227715,-0.5432347872496787,15.821095635645083,0.07707763470767837,1.2194526300794961,1.2194526300794961,1.2194526300794961,0.0,0.0,0,0.01,0.01,0.15212589370699206,0.2936132083851908,27.98110604915256,0.01,0.08624102810379361,0.18261451952111005,4.553311563788072,0.01,0.08121228177700475,0.17024232300206954,4.3353700097308545,0.01,0.1356385492513336,0.41047845730512933,32.68568325711214,0.01,0.13448234824358005,0.32759098835575673,6.582752867737185,0.01,0.0842712012672966,0.1379600520433822,11.851784051147709
11.24,41.15242035199999,38.8693838267987,2.2830365252012914,-0.5415156611783695,15.578318307845686,0.07673454256224536,1.195395129241591,1.195395129241591,1.195395129241591,0.0,0.0,0,0.01,0.01,0.15200508896252757,0.2934854594141196,27.76932371964546,0.01,0.08611617346499731,0.18248677055003887,4.549990637002476,0.01,0.08108780346877562,0.17011457403099836,4.331319647865455,0.01,0.13579429602576734,0.4106473624971963,33.00066115755874,0.01,0.1346450322006618,0.32775989354782364,6.651121435992938,0.01,0.08433966454844416,0.13802848117958694,11.849026994193762
11.25,40.79716435185184,38.55940557389734,2.2377587779545056,-0.5401254599324281,15.33786039934945,0.07639186468739938,1.1716877562213246,1.1716877562213246,1.1716877562213246,0.0,0.0,0,0.01,0.01,0.15188451754673396,0.2933579463153314,27.558697286610126,0.01,0.08599157718802422,0.1823592574512507,4.546203923493932,0.01,0.0809635821653259,0.1699870609322102,4.326831032344733,0.01,0.13594877597563115,0.41081494551438014,33.31658147060748,0.01,0.13480638328689293,0.32792747656500754,6.719939586465618,0.01,0.08440799179349752,0.13809678524546248,11.847155525264641
11.26,40.44352868503704,38.25014241552303,2.1933862695140096,-0.5390180334691682,15.10142286841682,0.07604941435906269,1.1484543651316559,1.1484543651316559,1.1484543651316559,0.0,0.0,0,0.01,0.01,0.1517641128108734,0.29323060000711176,27.349164510505087,0.01,0.0858671694077294,0.18223191114303106,4.542006029537704,0.01,0.08083954842888448,0.16985971462399055,4.321956526152976,0.01,0.13610208472707036,0.4109813054892313,33.633517195884515,0.01,0.13496650254495984,0.3280938365398587,6.789189399841846,0.01,0.08447622307541619,0.13816500300902534,11.846064119562524
11.27,40.09157423600003,37.9414505455647,2.1501236904353282,-0.5381300469943707,14.870508152001005,0.07570703840038873,1.1258021316968336,1.1258021316968336,1.1258021316968336,0.0,0.0,0,0.01,0.01,0.15164381935801044,0.2931033640629258,27.14071632835552,0.01,0.0857428915650439,0.1821046751988451,4.537477610948652,0.01,0.080715644217586,0.1697324786798046,4.316773159378036,0.01,0.13625430195017266,0.411146522920346,33.951477873992786,0.01,0.13512547526903995,0.3282590539709733,6.85882031868525,0.01,0.08454439231001304,0.13823316645052122,11.845596425629978
11.28,39.74136142696299,37.6332264729113,2.108134954051685,-0.5373842538368903,14.64635226128828,0.07536462738609206,1.1038168807374382,1.1038168807374382,1.1038168807374382,0.0,0.0,0,0.01,0.01,0.1515235966872303,0.2929761984623911,26.9333973086142,0.01,0.08561870024869603,0.18197750959831038,4.532721108554755,0.01,0.08059182669726217,0.16960531307926988,4.311378552693907,0.01,0.13640548711125222,0.41131065536477274,34.270405783083376,0.01,0.13528336643238031,0.32842318641540014,6.928751331463879,0.01,0.08461252514940551,0.13830129875898578,11.84555356264926
11.290000000000001,39.392950200148114,37.32541387332913,2.0675363268189852,-0.5366933861683932,14.429869971541383,0.07502212364785343,1.0825594892274248,1.0825594892274248,1.0825594892274248,0.0,0.0,0,0.01,0.01,0.1514034220812288,0.2928490825106568,26.727303429333727,0.01,0.08549457026380677,0.18185039364657607,4.5278554917798886,0.01,0.0804680712773418,0.16947819712753556,4.305885906826835,0.01,0.13655567632184343,0.41147373436038326,34.590175368154256,0.01,0.13544021722181018,0.3285862654110106,6.998874622565297,0.01,0.08468063729220295,0.13836941277015868,11.84570440099921
11.3,39.046399999999956,37.01800808908831,2.028391910911643,-0.5359644692763085,14.221615583400201,0.07467952672173865,1.06206352098683,1.06206352098683,1.06206352098683,0.0,0.0,0,0.01,0.01,0.15128329260776077,0.29272201679628557,26.522577360643435,0.01,0.0853704967887347,0.18172332793220486,4.523010302723128,0.01,0.0803443737339427,0.16935113141316435,4.300418336667163,0.01,0.13670488041429257,0.41163576369743826,34.91059580233408,0.01,0.1355960428265266,0.32874829474806566,7.069060423478389,0.01,0.08474873328730093,0.13843750991481224,11.845797207716853
11.31,38.7017697554074,36.71105809430836,1.9907116610990372,-0.5351033488950173,14.021760987437073,0.07433689600433216,1.0423341883207116,1.0423341883207116,1.0423341883207116,0.0,0.0,0,0.01,0.01,0.1511632261493901,0.29259502410518745,26.31940154474174,0.01,0.08524649652696903,0.18159633524110674,4.518319316545235,0.01,0.08022075132868395,0.16922413872206624,4.295102850190132,0.01,0.13685308431071064,0.4117967190908548,35.231416453240264,0.01,0.13575083156364334,0.32890925014148215,7.139162755818495,0.01,0.08481680588359478,0.13850557972153515,11.845571998656789
11.32,38.359117861925924,36.40466586643316,1.9544519954927613,-0.5340192148540027,13.830091954701986,0.07399435051895958,1.0233486718056617,1.0233486718056617,1.0233486718056617,0.0,0.0,0,0.01,0.01,0.15104326142328683,0.29246814925869297,26.117989458899636,0.01,0.08512260781006233,0.18146946039461226,4.51391413779291,0.01,0.08009724288086272,0.16909726387557175,4.290064275290332,0.01,0.1370002476865917,0.41195654923610503,35.552334930052794,0.01,0.13590454535453667,0.32906908028673243,7.209025740921927,0.01,0.0848848359510943,0.13857359989135248,11.844772948091112
11.33,38.018502164,36.098983227402215,1.9195189365977814,-0.5326289079560861,13.646022736818464,0.07365206583077068,1.005057764940347,1.005057764940347,1.005057764940347,0.0,0.0,0,0.01,0.01,0.15092345700123433,0.29234145789513893,25.91857551684898,0.01,0.08499888965819803,0.18134276903105825,4.509918038653399,0.01,0.07997390780107652,0.16897057251201775,4.285419424133464,0.01,0.1371463068662084,0.412115178165596,35.873007314098246,0.01,0.13605712149788396,0.32922770921622335,7.278490158162026,0.01,0.08495279297117074,0.13864153693451028,11.843160257149489
11.34,37.679979937185195,35.79420633641289,1.8857736007723025,-0.530860810146387,13.468628222747746,0.07331026828347147,0.9873887484199728,0.9873887484199728,0.9873887484199728,0.0,0.0,0,0.01,0.01,0.1508038893873029,0.29221503426407336,25.721404111596513,0.01,0.08487541985463155,0.18121634539999262,4.506440317543119,0.01,0.07985082414377957,0.16884414888095212,4.281271758023421,0.01,0.13729117782743552,0.412272508761922,36.193060120271305,0.01,0.13620847562137794,0.3293850398125494,7.347399958003131,0.01,0.08502063606635611,0.13870934733348983,11.840520961324723
11.35,37.34360787037036,35.49056812443372,1.8530397459366403,-0.5286581399494944,13.296692097784124,0.07296922685523405,0.9702493421074077,0.9702493421074077,0.9702493421074077,0.0,0.0,0,0.01,0.01,0.15068465025468486,0.29208897814815743,25.526718327539314,0.01,0.08475229213664079,0.18109028928407672,4.503571418543858,0.01,0.07972808578236762,0.16871809276503621,4.2777067795456665,0.01,0.1374347601420185,0.41242842723233614,36.51210349262533,0.01,0.13635850563797725,0.3295409582829635,7.415608468295913,0.01,0.0850883155145799,0.1387769791720045,11.836678251830252
11.36,37.009442048000025,35.18832905410446,1.821112993895568,-0.5259815048209362,13.128768714930706,0.0726292430413117,0.9535325338298717,0.9535325338298717,0.9535325338298717,0.0,0.0,0,0.01,0.01,0.1505658429819862,0.29196340106802476,25.33474885294514,0.01,0.08462961264665304,0.18096471220394403,4.501379007581368,0.01,0.07960579885109675,0.16859251568490352,4.274788336268379,0.01,0.13757694163601783,0.41258280830745453,36.82974510065392,0.01,0.1365070964871795,0.32969533935808193,7.482984066976517,0.01,0.08515577467016149,0.13884437414841003,11.83149898377612
11.370000000000001,36.677537932296275,34.887766663275,1.7897712690212775,-0.5228105981848432,12.96325574980309,0.07229063926126654,0.9371220450605544,0.9371220450605544,0.9371220450605544,0.0,0.0,0,0.01,0.01,0.15044757866111094,0.29183842195796966,25.14570360618178,0.01,0.08450749582102414,0.18083973309388895,4.499905153213041,0.01,0.0794840776316156,0.16846753657484845,4.2725559747006105,0.01,0.13771760352603066,0.41273552089830656,37.14560417226347,0.01,0.13665412540930044,0.3298480519489339,7.549415126751077,0.01,0.0852229521953323,0.1389114698745748,11.824899138165133
11.38,36.34795034548145,34.58916440293941,1.7587859425420405,-0.5191449699592148,12.798474196272688,0.07195374635538246,0.9208981660545124,0.9208981660545124,0.9208981660545124,0.0,0.0,0,0.01,0.01,0.15032997177232243,0.29171416252389903,24.959758551409536,0.01,0.08438605991900011,0.18071547365981833,4.499164710305848,0.01,0.07936304008661726,0.16834327714077782,4.271023436126492,0.01,0.13785662577084745,0.41288643393045366,37.45932507798574,0.01,0.1367994674823415,0.32999896498108106,7.614814066040085,0.01,0.08528978449235987,0.13897820234855807,11.81684708842252
11.39,36.02073345199997,34.29280030841227,1.7279331435877077,-0.5150038435214804,12.63275189705144,0.07161889077465503,0.9047436782982432,0.9047436782982432,0.9047436782982432,0.0,0.0,0,0.01,0.01,0.15021313573607986,0.2915907425084137,24.777050122774558,0.01,0.0842654224095751,0.180592053644333,4.499144955391735,0.01,0.07924280325798831,0.1682198571252925,4.2701783391076376,0.01,0.1379938923756896,0.4130354220723869,37.770589873393384,0.01,0.1369430011470218,0.33014795312301426,7.679120365937156,0.01,0.0853562082180704,0.13904450848203556,11.80736459686403
11.4,35.69594074074075,33.998936045052396,1.697004695688362,-0.510424997374663,12.464506612959628,0.07128638207974836,0.8885495808469901,0.8885495808469901,0.8885495808469901,0.0,0.0,0,0.01,0.01,0.1500971785551996,0.29146827509054174,24.597669602013593,0.01,0.08414569543859966,0.180469586226461,4.499806473603772,0.01,0.07912347875119034,0.1680973897074205,4.26998304711114,0.01,0.13812929639660615,0.4131823710874757,38.07912921971239,0.01,0.1370846134553858,0.3302949021381031,7.742302438064291,0.01,0.08542216276003914,0.13911032856162936,11.796525532558679
11.41,35.373625007259264,33.70780684658883,1.665818160670428,-0.5054627741587958,12.292324632042446,0.07095650134579318,0.8722203492964464,0.8722203492964464,0.8722203492964464,0.0,0.0,0,0.01,0.01,0.1499821987546159,0.2913468626393743,24.421659704513562,0.01,0.08402698159242518,0.1803481737752936,4.501085249163481,0.01,0.07900516852129295,0.1679759772562531,4.270376674344253,0.01,0.13826274441485223,0.4133271825634198,38.38473114255494,0.01,0.13722420480079486,0.3304397136140472,7.804358256153739,0.01,0.08548759255697787,0.13917560852725955,11.784452364949352
11.42,35.05383833599995,33.419612816288655,1.6342255197112943,-0.500185321005489,12.115031112125411,0.07062949102259553,0.8556784811723273,0.8556784811723273,0.8556784811723273,0.0,0.0,0,0.01,0.01,0.14986828180984196,0.2912265930220323,24.249013525806856,0.01,0.08390937015793538,0.1802279041579516,4.502895864459868,0.01,0.07888796115943471,0.16785570763891108,4.271278138489131,0.01,0.13839416028347132,0.41346977780890937,38.687247160346985,0.01,0.13736169292021486,0.3305823088595367,7.865314698541322,0.01,0.08555244915466818,0.1392403019601809,11.77131055177514
11.43,34.73663208251853,33.13451199113926,1.6021200913792641,-0.49467120152440064,11.93174873496518,0.07030554672588532,0.8388681182076174,0.8388681182076174,0.8388681182076174,0.0,0.0,0,0.01,0.01,0.14975549722995848,0.2911075366379139,24.07967588817228,0.01,0.08379293405286085,0.18010884777383315,4.505135667553275,0.01,0.07877192885237029,0.16773665125479265,4.272590126256505,0.01,0.13852348798881692,0.4136101007520181,38.98659541978723,0.01,0.13749701600127348,0.3307226318026455,7.925225591859718,0.01,0.0856166929026765,0.139304371688057,11.757301008768916
11.44,34.422056855703744,32.85261548033457,1.5694413753691727,-0.4890055490980914,11.741941812851826,0.06998481133820442,0.821757582516609,0.821757582516609,0.821757582516609,0.0,0.0,0,0.01,0.01,0.14964389642783787,0.29098974431444136,23.913547009795213,0.01,0.08367772756611615,0.17999105545036068,4.507689725194021,0.01,0.07865712515348965,0.16761885893132017,4.274203797326273,0.01,0.138650693516087,0.41374811972635384,39.28276061360016,0.01,0.13763013477411198,0.3308606507769812,7.984168498803501,0.01,0.08568029421531333,0.13936779093357357,11.742650924808546
11.450000000000001,34.11016249999999,32.57398488605092,1.5361776139490704,-0.4832759521112208,11.545443703952724,0.06966737168272481,0.8043407177652495,0.8043407177652495,0.8043407177652495,0.0,0.0,0,0.01,0.01,0.14953351147100022,0.2908732461563737,23.750488302710632,0.01,0.0835637850072627,0.179874557292293,4.510436340134796,0.01,0.07854358366299417,0.1675023607732525,4.276004016178316,0.01,0.13877576565771088,0.4138838280865609,39.57579062068383,0.01,0.13776103351905533,0.3309963591371882,8.042240353907562,0.01,0.08574323434194368,0.13943054395574933,11.727603267188014
11.46,33.8009980776296,32.29863210193784,1.5023659756917649,-0.47756827312967826,11.342466224792016,0.06935325790552893,0.7866369853727517,0.7866369853727517,0.7866369853727517,0.0,0.0,0,0.01,0.01,0.1494243547629599,0.2907580513933748,23.590329996909716,0.01,0.08345112031913327,0.1797593625292941,4.513252879939842,0.01,0.07843131766983871,0.16738716601025355,4.277874871683525,0.01,0.1388987157542402,0.41401724365169223,39.86578999086202,0.01,0.13788971997312344,0.33112977470231963,8.099552117162606,0.01,0.08580549410127314,0.13949262615815503,11.71333072607053
11.47,33.49461185081482,32.02653171583869,1.4680801349761263,-0.471904768023464,11.133511051505323,0.0690424572803342,0.768684961153685,0.768684961153685,0.768684961153685,0.0,0.0,0,0.01,0.01,0.14931642204078718,0.2906441535118858,23.432952798844934,0.01,0.08333972978627628,0.17964546464780512,4.5160709856213055,0.01,0.07832032301105979,0.1672732681287646,4.2797543200481245,0.01,0.13901957415060906,0.4141484021038988,40.15283595629759,0.01,0.1380162224387735,0.33126093315452615,8.156183733428767,0.01,0.08586622987663715,0.13955404135027868,11.767982500703312
11.48,33.19105126399998,31.75766884751606,1.4333824164839173,-0.4662672401350543,10.919002256931405,0.06873496868806672,0.7505172782351099,0.7505172782351099,0.7505172782351099,0.0,0.0,0,0.01,0.01,0.14920971013506165,0.29053155025491206,23.278361328568597,0.01,0.08322960952248377,0.17953286139083138,4.518925722246018,0.01,0.07821059589243151,0.16716066487179088,4.281676518873896,0.01,0.1391383710010059,0.41427733364048114,40.43686075757129,0.01,0.1381405724142417,0.33138986469110854,8.21211038496778,0.01,0.08592610327517135,0.13961479097917828,11.838619053244324
11.49,32.89036292607406,31.4920120519693,1.3983508741047612,-0.4607172784390306,10.699496554637445,0.0684307716535242,0.7321748055380639,0.7321748055380639,0.7321748055380639,0.0,0.0,0,0.01,0.01,0.1491042125963527,0.2904202322800347,23.12641573612417,0.01,0.08312075311327585,0.17942154341595398,4.521747242551599,0.01,0.0781021296625875,0.16704934689691348,4.28357273460477,0.01,0.13925513852364166,0.4144040759997254,40.71795186252665,0.01,0.13826280241763544,0.33151660705035274,8.267387140532039,0.01,0.085985318503744,0.13967488024991598,11.909251575323974
11.5,32.59259259259261,31.229493495215674,1.3630990973769372,-0.4553161832340526,10.475841434624174,0.06812980349690789,0.7137170184057107,0.7137170184057107,0.7137170184057107,0.0,0.0,0,0.01,0.01,0.1489999089033044,0.2903101748325703,22.97693681298607,0.01,0.08301314001602104,0.17931148596848961,4.524443583993482,0.01,0.07799490338633829,0.16693928944944914,4.285355890413303,0.01,0.13936992327524605,0.4145286836469788,40.996268428737515,0.01,0.1383829582368757,0.3316412146976062,8.322112619225894,0.01,0.08604389231365622,0.1397343226374556,11.9796134597503
11.51,32.297785148,30.97001337306775,1.3277717749322533,-0.450114148111832,10.249145577689086,0.06783196417288685,0.6952196756285078,0.6952196756285078,0.6952196756285078,0.0,0.0,0,0.01,0.01,0.14889676530931845,0.2902013395683769,22.829743582961495,0.01,0.08290673590330476,0.17920265070429622,4.5269351159829005,0.01,0.07788888242963829,0.16683045418525572,4.286951011589474,0.01,0.13948278547027007,0.41465122526258597,41.27199074311859,0.01,0.13850109992699627,0.3317637563132133,8.376386332773166,0.01,0.08610184337335705,0.13979313892844736,12.049874114585224
11.52,32.005984587851856,30.713447019205077,1.292537568646781,-0.4451478064028012,10.020727057675455,0.06753712424887161,0.6767710883582567,0.6767710883582568,0.6767710883582567,0.0,0.0,0,0.01,0.01,0.14879473748951152,0.290093677514779,22.684663504634955,0.01,0.08280149533122977,0.17909498865069826,4.52916000124879,0.01,0.07778402115942101,0.16672279213165775,4.288300019672133,0.01,0.13959379582470838,0.41477178004526044,41.54530502718117,0.01,0.13861729899578026,0.3318843110958878,8.430297703709574,0.01,0.08615919626358373,0.13985135564545118,12.120190236563284
11.53,31.71723400103709,30.45965312153747,1.2575808794996228,-0.4404386979775147,9.792051370198106,0.06724513422446564,0.6584678087218343,0.6584678087218343,0.6584678087218343,0.0,0.0,0,0.01,0.01,0.14869377369312684,0.2899871325081086,22.54154098023404,0.01,0.08269736497868485,0.17898844364402788,4.531077112698741,0.01,0.07768026618779855,0.1666162471249874,4.289364446001948,0.01,0.13970303190232405,0.4148904336093515,41.81639039500575,0.01,0.13873163474055564,0.3320029646599789,8.483920377063397,0.01,0.08621597990199001,0.13990900320862068,12.190684155062689
11.540000000000001,31.431575551999984,30.20848259774884,1.2230929542511408,-0.4359924940594991,9.564662681634958,0.06695583468076195,0.6404099732888036,0.6404099732888036,0.6404099732888036,0.0,0.0,0,0.01,0.01,0.1485938182007553,0.2898816449191396,22.400244806843094,0.01,0.08259428721309618,0.17888295605505888,4.532667834559642,0.01,0.07757755993561401,0.16651075953601838,4.290127107476367,0.01,0.1398105742397596,0.4150072736982256,42.08540649956916,0.01,0.13884419028141978,0.33211980474885294,8.537307924925123,0.01,0.08627222562947111,0.1399661139354282,12.261436313062186
11.55,31.149050462962933,29.959787691119093,1.1892627718438402,-0.43179899864700444,9.340111711621754,0.06666906675508627,0.6226965312020738,0.6226965312020738,0.6226965312020738,0.0,0.0,0,0.01,0.01,0.14849481491375202,0.28977715548125965,22.260674244425484,0.01,0.08249220380253805,0.17877846661717892,4.533936725594979,0.01,0.07747584433638097,0.1664062700981384,4.290592706897993,0.01,0.13991650244205567,0.41512238592268114,42.35248242298611,0.01,0.1389550485223532,0.3322349169733085,8.590490695658799,0.01,0.08632796520175931,0.14002271997754975,12.332480263669279
11.56,30.86969899614812,29.713430845142287,1.1562681510058337,-0.42783291384013683,9.1198837739885,0.06638468242947664,0.6054205881299635,0.6054205881299635,0.6054205881299635,0.0,0.0,0,0.01,0.01,0.14839671090060993,0.2896736090345672,22.122763423101713,0.01,0.0823910595925734,0.17867492017048647,4.534911023027121,0.01,0.07737506449945689,0.16630272365144594,4.290787338881118,0.01,0.14002089143402732,0.4152358497266345,42.61770736565221,0.01,0.1390642882356099,0.3323483807772619,8.643473920667931,0.01,0.08638322878835318,0.14007885129541192,12.403800093001966
11.57,30.59356043599996,29.469292933256572,1.1242675027433917,-0.4240553198423995,8.905330445399137,0.06610255413773285,0.588665087881397,0.588665087881397,0.588665087881397,0.0,0.0,0,0.01,0.01,0.148299459729735,0.28957095800610066,21.98648390509968,0.01,0.08229080597063346,0.17857226914201993,4.535639027415464,0.01,0.07727517215598392,0.16620007262297942,4.290756941242165,0.01,0.14012380804186464,0.41534773476664155,42.8811235709107,0.01,0.13917198045192852,0.33246026581726895,8.696237158504665,0.01,0.086438043075224,0.14013453376762566,12.475330373606832
11.58,30.32067307140742,29.227280457889893,1.0933926135175276,-0.42041578691662146,8.69760810864416,0.06582258323607619,0.5724990336860014,0.5724990336860014,0.5724990336860014,0.0,0.0,0,0.01,0.01,0.14820302443090327,0.2894691654619989,21.851845317333176,0.01,0.08219140395359979,0.17847047659791818,4.536187468993866,0.01,0.0771761287242326,0.16609828007887767,4.290564788422199,0.01,0.14022530806026887,0.4154580978676009,43.14272178119463,0.01,0.13927818532128794,0.33257062891822825,8.748735077271446,0.01,0.08649242956161426,0.14018978752461378,12.546958609288444
11.59,30.051074177925926,28.987331388725654,1.0637427892002733,-0.4168550078949623,8.497626245455498,0.06554470694385395,0.5569744219767825,0.5569744219767825,0.5569744219767825,0.0,0.0,0,0.01,0.01,0.14810737994791903,0.28936820759060666,21.7188940711613,0.01,0.08209282675484166,0.17836951872652596,4.536638008537305,0.01,0.07707790785176775,0.16599732220748545,4.290288172829302,0.01,0.14032543393417057,0.415566980685554,43.40243937456872,0.01,0.1393829495837758,0.3326795117361813,8.800899496670029,0.01,0.08654640313092475,0.14024462558367087,12.618529988764287
11.6,29.784800000000022,28.74941938048917,1.0353806195108521,-0.4133078171874279,8.306007854934338,0.06526890343981935,0.5421240246540904,0.5421240246540904,0.5421240246540904,0.0,0.0,0,0.01,0.01,0.14801251497150128,0.28926807550506994,21.5877102805466,0.01,0.08199506171414438,0.17826938664098924,4.5370830672823566,0.01,0.07698049731916272,0.16589719012194873,4.290014458623986,0.01,0.14042421315191686,0.41567440817153967,43.66016118851899,0.01,0.13948630475843787,0.33278693922216707,8.852642541923991,0.01,0.08659997096159656,0.14029905284716174,12.689854143507382
11.61,29.521885733185226,28.51355619195112,1.0083295412341025,-0.4097064464521622,8.123063775188559,0.06499519489215325,0.5279601131897704,0.5279601131897704,0.5279601131897704,0.0,0.0,0,0.01,0.01,0.14791843307279795,0.2891687762882586,21.45840307403034,0.01,0.08189811150630275,0.1781700874241779,4.537621208528111,0.01,0.07688390022237777,0.16579789090513739,4.2898367185439,0.01,0.1405216574103973,0.4157803878899018,43.91572290934742,0.01,0.13958826612125716,0.33289291894052914,8.90386070822043,0.01,0.0866531318267479,0.14035306550737792,12.760713512459123
11.620000000000001,29.26236550637038,28.279792216156885,0.9825732902134953,-0.4059838586721544,7.948782016913557,0.06472364830192487,0.5144741716913781,0.5144741716913781,0.5144741716913781,0.0,0.0,0,0.01,0.01,0.14782515309256608,0.28907033324018794,21.331104566164445,0.01,0.0818019945800005,0.17807164437610723,4.538352307720255,0.01,0.0767881353867385,0.16569944785706675,4.289849177206492,0.01,0.14061776257380973,0.4158849102023332,44.16891679542023,0.01,0.1396888325035542,0.33299744125296055,8.954439598942061,0.01,0.08670587581200064,0.14040665088164878,12.830872856728822
11.63,29.006272363999987,28.04821512286014,0.9580572411398462,-0.40207700147071074,7.782832508520337,0.06445437414524013,0.5016375984139076,0.5016375984139076,0.5016375984139076,0.0,0.0,0,0.01,0.01,0.14773270877725586,0.2889727853266831,21.20596280817187,0.01,0.08170674481617855,0.17797409646260234,4.539372748395849,0.01,0.07669323700293385,0.16560189994356184,4.290142684523892,0.01,0.14071250940869484,0.41598794928736105,44.4194994133718,0.01,0.13978798690125263,0.3331004803379884,9.004259083712226,0.01,0.08675818446039452,0.14045978768059078,12.900089440625068
11.64,28.753638248296326,27.818946703512992,0.9346915447833333,-0.39792982691929535,7.624586933238068,0.06418752290398402,0.4894033484106358,0.4894033484106358,0.4894033484106358,0.0,0.0,0,0.01,0.01,0.14764114768926448,0.28887618586602837,21.083134074559247,0.01,0.0816124104325971,0.1778774970019477,4.54077086984702,0.01,0.07659925351279732,0.16550530048290718,4.2908004315872015,0.01,0.14080586504053652,0.41608946492591836,44.667200996861546,0.01,0.1398856978458391,0.33320199597654576,9.053198620959481,0.01,0.08681003133257655,0.14051244669184576,12.968123396645066
11.65,28.504493981481488,27.59213809287765,0.9123558886038367,-0.39349593838601116,7.473152638890724,0.06392327967407546,0.4777084261828668,0.4777084261828668,0.4777084261828668,0.0,0.0,0,0.01,0.01,0.14755052945279679,0.28878060052604115,20.962774862488327,0.01,0.08151905219694869,0.17778191166196045,4.542622871000447,0.01,0.07650624580807744,0.16540971514291994,4.291894101020603,0.01,0.14089778504356346,0.41618940494894807,44.911735986593804,0.01,0.1399819214516196,0.3333019359995754,9.101142501027052,0.01,0.08686138295058633,0.14056459184222647,13.034747815024476
11.66,28.25886924799999,27.367963615639223,0.8909056323607655,-0.3887407444279152,7.327418949336949,0.06366185712909674,0.466477098277725,0.466477098277725,0.466477098277725,0.0,0.0,0,0.01,0.01,0.14746092342752223,0.28868610473578715,20.845033983755492,0.01,0.08142674104303019,0.17768741587170642,4.544989345985323,0.01,0.07641428483731386,0.1653152193526659,4.293480616275639,0.01,0.14098821604705158,0.41628770821417826,45.15281427508908,0.01,0.1400766040229448,0.33340023926480566,9.147984785708617,0.01,0.0869122000754902,0.14061618158372619,13.099758137039201
11.67,28.016792576740713,27.146613568061902,0.870179008678813,-0.3836430244047153,7.186113629919884,0.06340348719209546,0.45562466349556796,0.45562466349556796,0.45562466349556796,0.0,0.0,0,0.01,0.01,0.1473724059281678,0.2885927806426222,20.730045117160866,0.01,0.081335555211669,0.17759409177854152,4.547912592719094,0.01,0.07632344874286257,0.165221895259501,4.295599622044524,0.01,0.14107709871972646,0.4163843079575295,45.390152659278336,0.01,0.14016968508097163,0.33349683900815685,9.193633745230606,0.01,0.08696243925371841,0.14066717053412434,13.162980477901083
11.68,27.778291323259232,26.928286291074354,0.8500050321848776,-0.37819583925261724,7.047866782950265,0.06314841182598091,0.4450615941043945,0.4450615941043945,0.4450615941043945,0.0,0.0,0,0.01,0.01,0.14728505712819667,0.2885007137652264,20.61792016189519,0.01,0.08124557705911614,0.1775020249011457,4.551414798394171,0.01,0.07623381967086644,0.16512982838210516,4.298271792675866,0.01,0.1411643709796711,0.41647913535087444,45.62348599761821,0.01,0.14026110065330488,0.33359166640150184,9.23801562139184,0.01,0.08701205455491674,0.14071751129157695,13.224278556819177
11.69,27.543391651999997,26.713179920227066,0.8302117317729282,-0.372406752407155,6.911279095597879,0.06289687339070536,0.4346978462436485,0.4346978462436485,0.4346978462436485,0.0,0.0,0,0.01,0.01,0.1471989577989312,0.2884099895059353,20.5087436925032,0.01,0.08115688968955426,0.17741130064185462,4.555497166687442,0.01,0.07614548041064846,0.1650391041228141,4.301498028656363,0.01,0.14124997127089214,0.41657212309250036,45.852577577117586,0.01,0.14035078666204892,0.33368465414312776,9.281077574487153,0.01,0.08706099941598044,0.14076715633512638,13.283558965953201
11.700000000000001,27.31211851851846,26.501484208544667,0.8106343099737943,-0.3662973587845703,6.774991150243782,0.06264910503166898,0.42444713216025054,0.42444713216025054,0.42444713216025054,0.0,0.0,0,0.01,0.01,0.1471141860413507,0.28832068969043745,20.40256876368057,0.01,0.08106957357465863,0.17732200082635674,4.560140011864067,0.01,0.07605851102605703,0.16494980430731623,4.305259563901419,0.01,0.14133384174934902,0.41666320885960195,46.07722822084242,0.01,0.1404386822464097,0.3337757399102293,9.322789701572471,0.01,0.0871092285020117,0.1408160599198078,13.340774565686313
11.71,27.08449565170374,26.293372810044318,0.7911228416594236,-0.3599021525264502,6.637750449806986,0.06240532155781273,0.41423095124072107,0.41423095124072107,0.41423095124072107,0.0,0.0,0,0.01,0.01,0.14703081416613203,0.2882328892996184,20.2994142506494,0.01,0.08098370332158374,0.17723420043553767,4.565303805570182,0.01,0.07597298563951867,0.16486200391649716,4.309518969529898,0.01,0.14141593123037577,0.41675233846307047,46.297283710663386,0.01,0.14052473286455816,0.33386486951369787,9.363146045142951,0.01,0.08715669949535769,0.1408641798761481,13.395925855096843
11.72,26.86054553599999,26.088996385113482,0.7715491508865052,-0.3532667953671323,6.498472914730482,0.06216571123999769,0.4039821907180813,0.4039821907180813,0.4039821907180813,0.0,0.0,0,0.01,0.01,0.14694890586845719,0.288146653547204,20.199263839776744,0.01,0.08089934474149513,0.17714796468312324,4.570931123555587,0.01,0.07588896952012177,0.16477576816408274,4.314222003544399,0.01,0.14149619776523045,0.41683946856296816,46.51264016399865,0.01,0.1406088930351342,0.3339519996135955,9.402164545458955,0.01,0.08720337472855122,0.14091147922924174,13.449060232144337
11.73,26.64028939362958,25.8884768454018,0.7518125482277799,-0.34644587552926015,6.356295873416599,0.06193042891187995,0.39364812973150254,0.39364812973150254,0.39364812973150254,0.0,0.0,0,0.01,0.01,0.1468685138281883,0.28806203543845377,20.102066707010465,0.01,0.08081655235435437,0.1770633465743731,4.5769494024955,0.01,0.07580651661050283,0.16469115005533258,4.319300220949702,0.01,0.1415746107359218,0.4169245688273169,46.7232470882072,0.01,0.14069112860037197,0.3340370998779443,9.439885927471364,0.01,0.08724922258559652,0.14095792756203462,13.500269134123752
11.74,26.42374716681485,25.691902997549075,0.7318441692657747,-0.3395002706372522,6.210619984306382,0.061699590688949514,0.3831927109563138,0.3831927109563138,0.3831927109563138,0.0,0.0,0,0.01,0.01,0.1467896778440265,0.2879790739204156,20.007739841468325,0.01,0.08073536744295559,0.1769803850563349,4.583274382297425,0.01,0.07572566760449566,0.1646081885372944,4.324674226186318,0.01,0.14165115238322531,0.4170076234458865,46.92910794043867,0.01,0.140771418418994,0.33412015449651383,9.476371554956714,0.01,0.08729421860814474,0.14100350206045753,13.549683132994469
11.75,26.2109375,25.499327774839603,0.7116097251603969,-0.33249424610043615,6.061138077163579,0.06147327054000886,0.3725979807978258,0.3725979807978258,0.3725979807978258,0.0,0.0,0,0.01,0.01,0.14671242358333325,0.2878977927044102,19.916171891770976,0.01,0.08065581674136747,0.17689910384032945,4.589814078052922,0.01,0.07564644865960037,0.16452690732128894,4.330257420428813,0.01,0.14172581871153117,0.4170886319430426,47.13027814075343,0.01,0.14084975542628878,0.3342011629936699,9.511700329564402,0.01,0.08733834625805417,0.1410481881940074,13.597465152880854
11.76,26.001877722074088,25.31076716722216,0.691110554851929,-0.3254924318568048,5.90784955631696,0.06125149885318384,0.36186464032353094,0.36186464032353094,0.36186464032353094,0.0,0.0,0,0.01,0.01,0.1466367619987466,0.28781819980796886,19.82722833726308,0.01,0.08057791181135326,0.17681951094388815,4.596473099364499,0.01,0.0755688707967327,0.16444731442484764,4.335960071620435,0.01,0.14179861974444932,0.4171676092678492,47.326860616866234,0.01,0.14092614702966733,0.3342801403184765,9.545964759446555,0.01,0.08738159730486594,0.14109198000347772,13.643802074547546
11.77,25.796583828592592,25.126200876971737,0.6703829516208564,-0.31855682470485186,5.7510597354036,0.061034263040222206,0.351011692650654,0.351011692650654,0.351011692650654,0.0,0.0,0,0.01,0.01,0.14656268943007428,0.28774028782807176,19.74075771947623,0.01,0.08050164912658798,0.17674159896399105,4.6031571152327,0.01,0.07549293000599205,0.16436940244495052,4.341693516847658,0.01,0.1418695791355462,0.417244585173896,47.51899909191842,0.01,0.14100061483907483,0.33435711622452335,9.579266368244024,0.01,0.08742397182501374,0.14113487998688035,13.688895087299194
11.78,25.595070463999985,24.94557464372679,0.6494958202731961,-0.3117439604748211,5.59136423218978,0.06082151012331252,0.34007521625125825,0.34007521625125825,0.34007521625125825,0.0,0.0,0,0.01,0.01,0.1464901883768033,0.287664034922003,19.656598615100677,0.01,0.08042701085023285,0.17666534605792228,4.609777251545992,0.01,0.07541860804300445,0.16429314953888177,4.347374296511126,0.01,0.14193873316788996,0.4173196029341836,47.7068694536639,0.01,0.14107319376160302,0.334432133984811,9.611710656954306,0.01,0.08746547781823236,0.14117689859420784,13.732949235397975
11.790000000000001,25.397350903851788,24.768804102855306,0.6285468009964827,-0.3051023901799534,5.4296193012212415,0.06061315115296622,0.32910633540798595,0.32910633540798595,0.32910633540798595,0.0,0.0,0,0.01,0.01,0.14641922889454526,0.287589406438221,19.574586994095554,0.01,0.08035396625832615,0.17659071757414027,4.616254207258757,0.01,0.07534587386742002,0.16421852105509976,4.352928019095622,0.01,0.14200612920305525,0.41739271746638934,47.89066965457241,0.01,0.1411439305173446,0.3345052485170167,9.64340186458501,0.01,0.08750613046475578,0.14121805336057044,13.776162674706026
11.8,25.203437037037006,24.59577996901182,0.607657068025186,-0.2986705776143745,5.266899679994979,0.060409067218448124,0.3181684968016396,0.3181684968016396,0.3181684968016396,0.0,0.0,0,0.01,0.01,0.14634977053939655,0.287516357109014,19.494563588042713,0.01,0.08028247373110782,0.17651766824493328,4.622521885746707,0.01,0.0752746856449698,0.16414547172589278,4.358292765519939,0.01,0.1420718236638248,0.4174639929696444,48.07060867828516,0.01,0.14121288165795526,0.3345765240202718,9.67443779444638,0.01,0.0875459510636559,0.14125836772444336,13.81871619584134
11.81,25.013339347999985,24.42637427583961,0.5869650721603719,-0.2924753135571632,5.10444613294944,0.060209116738108207,0.30733419310213783,0.30733419310213783,0.30733419310213783,0.0,0.0,0,0.01,0.01,0.1462817647589338,0.28744483369085316,19.41638089622701,0.01,0.08021248320825217,0.17644614482677248,4.628530359823651,0.01,0.07520499320854901,0.16407394830773198,4.363421863026162,0.01,0.14213587965414826,0.41753350019449464,48.24689516136143,0.01,0.1412801111896976,0.33464603124512204,9.704904978154753,0.01,0.08758496570730305,0.14129786959244905,13.860763577608033
11.82,24.827066898962926,24.260447355924335,0.5666195430385894,-0.28653071503791167,4.943605365005589,0.06001314365932152,0.296681298965073,0.296681298965073,0.296681298965073,0.0,0.0,0,0.01,0.01,0.1462151576085773,0.28737477791849475,19.33990948008745,0.01,0.08014393898325634,0.17637608905441401,4.634248022092969,0.01,0.07513674085330377,0.1640038925353735,4.368285890144642,0.01,0.14219836433425997,0.4176013134821559,48.41972627544707,0.01,0.14134568791826124,0.3347138445327833,9.734874437018327,0.01,0.08762320375877326,0.1413365897235417,13.902423302460235
11.83,24.64462731214809,24.09785521441367,0.5467720977344196,-0.2808378484780544,4.785765318932638,0.059820986159201416,0.2862892009050555,0.2862892009050555,0.2862892009050555,0.0,0.0,0,0.01,0.01,0.14614989265824027,0.2873061296258898,19.265043239215956,0.01,0.08007678269785193,0.1763074407618091,4.63966281482166,0.01,0.07506987032657336,0.16393524424276856,4.372873814435288,0.01,0.14225934617769156,0.4176675077169487,48.589277451874736,0.01,0.14140968264285453,0.3347800387675761,9.764398269727309,0.01,0.08766069620756485,0.14137456001315374,13.943772095693133
11.84,24.466026751999976,23.938456936410603,0.5275698155893744,-0.27538498453505755,4.6322890542379245,0.05963248541938435,0.2762349094852168,0.2762349094852168,0.2762349094852168,0.0,0.0,0,0.01,0.01,0.14608591394712692,0.28723882988136445,19.191703421321996,0.01,0.08001095638987513,0.17624014101728377,4.644782483015226,0.01,0.07500432386636904,0.16386794449824327,4.377193211442077,0.01,0.14231889223991762,0.4177321553366812,48.75569347146976,0.01,0.1414721653315877,0.3348446863873085,9.793507248257562,0.01,0.0876974739838502,0.1414118117614776,13.98484064543378
11.85,24.291269907407465,23.782121772627914,0.5091481347795505,-0.2701484617592557,4.484450425076478,0.059447494051444186,0.26658933996873024,0.26658933996873024,0.26658933996873024,0.0,0.0,0,0.01,0.01,0.1460231688444747,0.28717282398643784,19.11984118985681,0.01,0.07994640544779405,0.17617413512235713,4.649633847283295,0.01,0.07494004714208598,0.16380193860331665,4.381269563001222,0.01,0.14237706556544394,0.41779532353981796,48.91908135167801,0.01,0.1415332024088243,0.33490785459044536,9.822209543718138,0.01,0.08773356631248419,0.14144837400950472,14.025611729986542
11.86,24.120359973925932,23.628735569258524,0.49162440466740875,-0.26509410726934374,4.34337463561716,0.0592658837732337,0.25741393633809784,0.25741393633809784,0.25741393633809784,0.0,0.0,0,0.01,0.01,0.14596161068083577,0.28710806419680296,19.049438652070982,0.01,0.07988308133193406,0.17610937533272228,4.654261145824873,0.01,0.07487699195821283,0.16373717881368177,4.385144682603214,0.01,0.14243392285142178,0.41785707181594,49.07950535009991,0.01,0.1415928542779875,0.3349696028665674,9.850490635739265,0.01,0.08776899918510095,0.14148427202183514,14.06602083327393
11.870000000000001,23.95329863600006,23.478206245129787,0.47509239087027305,-0.26017913694430345,4.209986466253411,0.059087551979025765,0.2487577941557434,0.24875779415574342,0.2487577941557434,0.0,0.0,0,0.01,0.01,0.1459012010276967,0.28704451203977943,18.98050833145789,0.01,0.07982094393590185,0.17604582317569875,4.658723543694003,0.01,0.07481511859545173,0.16367362665665824,4.388874361129871,0.01,0.14248951247175387,0.4179174499079637,49.23698427774494,0.01,0.14165117319051973,0.33502998095859104,9.878314388777444,0.01,0.08780379402201818,0.14151952598694967,14.105959182592402
11.88,23.790086049185213,23.330468069804393,0.45961797938082055,-0.25535443626959103,4.084968552288593,0.058912426905204755,0.24065541124676182,0.2406554112467618,0.24065541124676182,0.0,0.0,0,0.01,0.01,0.14584191152207476,0.2869821401240409,18.913091147280465,0.01,0.07975996348100915,0.17598345125996018,4.663091949259205,0.01,0.0747543976830951,0.16361125474091967,4.392525365288131,0.01,0.14254387294680868,0.41797649629183,49.39149118685781,0.01,0.14170820155382424,0.3350890273424573,9.905625212212076,0.01,0.08783796658568348,0.1415541499940696,14.145279005743317
11.89,23.630720822370325,23.185484557617595,0.44523626475272937,-0.2505671068430986,3.9687315823662903,0.058740471165221034,0.23312516307648912,0.23312516307648912,0.23312516307648912,0.0,0.0,0,0.01,0.01,0.14578372515617552,0.28692093336344976,18.847253035575896,0.01,0.07970012186059068,0.17592224449936905,4.667445309852281,0.01,0.07469481152067715,0.16355004798032854,4.396171950857502,0.01,0.14259703192119566,0.4180342372330651,49.5429553757641,0.01,0.14176397074885821,0.33514676828369244,9.932351163624457,0.01,0.08787152619453974,0.14158815133157632,14.183800689737438
11.9,23.475199999999944,23.043249861536978,0.43195013846296654,-0.2457631532235523,3.8613976937264547,0.05857168350884372,0.22616856361872495,0.22616856361872495,0.22616856361872495,0.0,0.0,0,0.01,0.01,0.14572663697903113,0.28686088956606054,18.783080407584333,0.01,0.07964141337874846,0.17586220070197983,4.671866579663988,0.01,0.07463635479456653,0.16349000418293935,4.399892072310619,0.01,0.14264900568670993,0.4180906864511059,49.69126654408036,0.01,0.14181850050265427,0.3352032175017333,9.958407809987868,0.01,0.087904475271118,0.1416215301359351,14.221321435428102
11.91,23.32351904429629,22.90378862378073,0.41973042051555864,-0.24089018057771333,3.7627977039486447,0.058406098747397626,0.2197703342633056,0.2197703342633056,0.2197703342633056,0.0,0.0,0,0.01,0.01,0.14567065418590677,0.28680201937032235,18.72067469036872,0.01,0.07958384485784013,0.17580333050624164,4.676438562499002,0.01,0.07457903466490211,0.16343113398720113,4.403763479032731,0.01,0.1426997992608263,0.4181458453929757,49.836280839654215,0.01,0.14187179883370324,0.3352583764436031,9.983702631519693,0.01,0.0879368092416385,0.14165427940297773,14.257624946911244
11.92,23.1756718174815,22.76715431384217,0.4085175036393305,-0.23589997545546348,3.672482162764339,0.0582437858745164,0.21389926471602705,0.21389926471602705,0.21389926471602705,0.0,0.0,0,0.01,0.01,0.14561579560074836,0.28674434554174727,18.660146229597554,0.01,0.07952743511950446,0.17574565667766653,4.681239830485713,0.01,0.07452287022864468,0.16337346015862603,4.407859886650402,0.01,0.1427494070043833,0.4181997040892269,49.977828466203626,0.01,0.14192386256026235,0.33531223513985425,10.008139738121642,0.01,0.08796851678725033,0.14168638535604283,14.292491668647772
11.93,23.031650563999957,22.633426155518336,0.39822440848161883,-0.23075084973834556,3.5897455610027045,0.058084844496914846,0.20850981269433244,0.20850981269433244,0.20850981269433244,0.0,0.0,0,0.01,0.01,0.14556209058565528,0.2866879016733511,18.60160785501653,0.01,0.07947221387372327,0.1756892128092704,4.686340908529665,0.01,0.07446789139406747,0.1633170162902299,4.412247401176587,0.01,0.14279781373672223,0.41825224253837745,50.11572246737436,0.01,0.141974678334746,0.3353647735890048,10.031624667085945,0.01,0.08799958043011956,0.14171782814867157,14.325709085169615
11.94,22.89144589274075,22.502704809521962,0.3887410832187909,-0.2254096408813855,3.5136624238038197,0.057929399767938525,0.2035443551981153,0.2035443551981153,0.2035443551981153,0.0,0.0,0,0.01,0.01,0.14550957743795026,0.2866327303606638,18.54516841622975,0.01,0.07941822007796837,0.1756340414965831,4.691800894896651,0.01,0.07441413722936926,0.1632618449775426,4.416981355318051,0.01,0.14284499628380923,0.4183034325425855,50.24976826786297,0.01,0.14202422414283536,0.3354159635932129,10.054069040808102,0.01,0.08802997742171736,0.1417485828640551,14.357081621172695
11.950000000000001,22.755046759259198,22.375107034396606,0.37993972486259,-0.21985327931425425,3.4431334672954916,0.05777759608472763,0.19893597473920666,0.19893597473920666,0.19893597473920666,0.0,0.0,0,0.01,0.01,0.1454583013586965,0.2865788809458211,18.490926589823697,0.01,0.07936549985261772,0.1755801920817404,4.697664662614285,0.01,0.07436165387201597,0.16320799556269988,4.42210369209082,0.01,0.14289092537586529,0.4183532398980554,50.37977353361977,0.01,0.14207247118507427,0.3354657709486828,10.075394881839232,0.01,0.08805968088662756,0.14177862075991843,14.386439718367761
11.96,22.622440448000035,22.2507595933248,0.3716808546752327,-0.21406985542946122,3.376939535366968,0.05762958986475691,0.1946116404212811,0.1946116404212811,0.1946116404212811,0.0,0.0,0,0.01,0.01,0.14540831209544752,0.2865264069441669,18.43896524049523,0.01,0.07931410405847696,0.1755277180800862,4.703960756260826,0.01,0.07431049210484438,0.16315552156104568,4.427641002609595,0.01,0.14293556779661773,0.41840162682943616,50.50555790924438,0.01,0.14211938604251592,0.3355141578800635,10.095538406849027,0.01,0.08808866116364437,0.14180791069659462,14.413647714585036
11.97,22.49361255451855,22.1297927061189,0.3638198483996496,-0.20805914296488523,3.313800676453581,0.05748554175693001,0.19049562716041524,0.19049562716041524,0.19049562716041524,0.0,0.0,0,0.01,0.01,0.145359661375803,0.2864753632801057,18.389346589298693,0.01,0.07926408565656386,0.17547667441602502,4.7107000657604265,0.01,0.07426070471906095,0.1631044778969845,4.433603293974276,0.01,0.14297888867703185,0.41844855454878965,50.62696220106133,0.01,0.14216493301714553,0.335561085599417,10.114453148941651,0.01,0.08811688727738977,0.14183642067816793,14.438610206438462
11.98,22.368546967703693,22.01233336291923,0.35621360478446384,-0.2018325616820233,3.2524374866664876,0.05734560866464612,0.1865130073166016,0.1865130073166016,0.1865130073166016,0.0,0.0,0,0.01,0.01,0.1453124002564286,0.28642580346611246,18.342108402743754,0.01,0.07921549697872524,0.17542711460203178,4.71787532421654,0.01,0.07421234379246816,0.16305491808299127,4.439983530782104,0.01,0.14302085382255073,0.4184939858168051,50.74385659846326,0.01,0.14220907653268022,0.3356065168674324,10.132112287777987,0.01,0.08814432846849804,0.14186411943206245,14.461276636583705
11.99,22.247225851999968,21.89849881824822,0.3487270337517492,-0.1954125888697864,3.191631747505768,0.05720993596242341,0.1825930478904425,0.1825930478904425,0.1825930478904425,0.0,0.0,0,0.01,0.01,0.14526657651428765,0.286377776859565,18.297261368867897,0.01,0.07916838703985349,0.1753790879954843,4.725461441769879,0.01,0.074165458013256,0.16300689147644382,4.446757960910913,0.01,0.14306143196443374,0.4185378873867819,50.85614756410729,0.01,0.14225178348194945,0.3356504184374092,10.148510098351037,0.01,0.0881709557087867,0.14189097795153996,14.481643911929611
12.0,22.129629629629623,21.788390571126452,0.34123905850316943,-0.18883165515876235,3.1302834310527174,0.05707865027368723,0.17867235321857577,0.17867235321857577,0.17867235321857577,0.0,0.0,0,0.01,0.01,0.14522223220291425,0.2863313261264442,18.254787771684022,0.01,0.07912279901844632,0.17533263726236348,4.733416652579808,0.01,0.07412009017550548,0.16296044074332297,4.453887203518065,0.01,0.14310059683242843,0.4185802322202087,50.96378307672058,0.01,0.1422930254130737,0.335692763270836,10.163662462264506,0.01,0.08819674312976074,0.14191697092823136,14.499756928214435
12.01,22.015736962814838,21.68208910967566,0.333647853139181,-0.18213058421500913,3.0674613332937346,0.05695185314596678,0.1746976073846762,0.1746976073846762,0.1746976073846762,0.0,0.0,0,0.01,0.01,0.14517940148689434,0.28628648502927273,18.214641515652982,0.01,0.07907876802228662,0.17528779616519205,4.7416844181395525,0.01,0.0740762749624467,0.16291559964615154,4.461318045457648,0.01,0.1431383289572095,0.4186210013759699,51.06675597745416,0.01,0.14233278045752137,0.3357335324265973,10.177606419830425,0.01,0.08822166929812086,0.1419420780079558,14.515706953171986
12.02,21.905524736000046,21.579649658411512,0.3258750775885355,-0.17535665696752806,3.0024449203710653,0.05682961591257779,0.17062779162335784,0.17062779162335784,0.17062779162335784,0.0,0.0,0,0.01,0.01,0.14513810885283948,0.2862432766395388,18.176749488885335,0.01,0.07903631924066118,0.17524458777545807,4.750195997980621,0.01,0.07403403711805129,0.16287239125641756,4.468985862125636,0.01,0.1431746171260408,0.41866018549260303,51.165105252726256,0.01,0.1423710349180485,0.3357727165432304,10.190398777843468,0.01,0.08824571828033861,0.14196628481234258,14.529627903639787
12.030000000000001,21.798968038074076,21.481099115275278,0.31786892279879864,-0.16856139809971638,2.9347554186517235,0.05671197596924945,0.16643577877820115,0.16643577877820115,0.16643577877820115,0.0,0.0,0,0.01,0.01,0.14509836777579288,0.2862017120531412,18.141014190528633,0.01,0.0789954665645851,0.1752030231890605,4.7588735693693955,0.01,0.07399339008751926,0.16283082667001997,4.476817551200507,0.01,0.14320945943312474,0.41869778580369255,51.2589151801888,0.01,0.14240778445261196,0.33581031685431995,10.202113826129366,0.01,0.08826888044936207,0.14198958368072864,14.541690642557104
12.040000000000001,21.69604014459256,21.386434305904775,0.30960583868778524,-0.16179819477047758,2.8641747258057295,0.05659893462309822,0.16210923805500876,0.16210923805500876,0.16210923805500876,0.0,0.0,0,0.01,0.01,0.14506017989717523,0.28616178966217853,18.107317486604767,0.01,0.07895621173295989,0.17516310079809783,4.767633751871721,0.01,0.07395433518364895,0.16279090427905732,4.484734843640812,0.01,0.14324286388616161,0.4187338146494222,51.348312367387905,0.01,0.1424430348106043,0.33584634570004956,10.212840255263595,0.01,0.08829115299954525,0.14201197410084826,14.552095516535719
12.05,21.596712499999946,21.29562161765064,0.3010908823493054,-0.15511986431883298,2.790751338347528,0.056490456593404945,0.15765081734190778,0.15765081734190778,0.15765081734190778,0.0,0.0,0,0.01,0.01,0.14502353474517157,0.2861234950089389,18.07552530306794,0.01,0.07891854403663141,0.17512480614485817,4.77639137229711,0.01,0.07391686131012466,0.16275260962581767,4.492657837290096,0.01,0.14327484855180442,0.4187682954714269,51.43346081959767,0.01,0.1424768020992019,0.3358808265220543,10.222677406815139,0.01,0.08831254015029638,0.1420334628122652,14.56106344938784
12.06,21.500954699851835,21.208598008624293,0.29235669122754526,-0.14857628871128872,2.714793148217336,0.05638647116272219,0.15307760556471262,0.15307760556471262,0.15307760556471262,0.0,0.0,0,0.01,0.01,0.14498841000211857,0.28608680121958946,18.045493017846535,0.01,0.07888244058520268,0.17508811235550878,4.785063291537781,0.01,0.07388094524569157,0.16271591583646827,4.500508585476818,0.01,0.1433054412440109,0.41880126230228765,51.514555278129585,0.01,0.14250911257928023,0.335913793352915,10.231731023775739,0.01,0.08833305303400647,0.14205406358255576,14.568825996179331
12.07,21.408734473037114,21.12527332094353,0.28346115209358475,-0.14221222867616745,2.6368476210047778,0.05628687489697578,0.14841991216588413,0.14841991216588413,0.14841991216588413,0.0,0.0,0,0.01,0.01,0.14495477229724746,0.2860516699872181,18.01707127842465,0.01,0.07884786711450613,0.17505298112313739,4.793572109124532,0.01,0.07384655246632177,0.16268078460409688,4.508214567771591,0.01,0.14333467877987346,0.4188327587842113,51.591813166382224,0.01,0.1425400020113413,0.3359452898348386,10.240108700003182,0.01,0.08835270927883078,0.14207379667210843,14.575614836827311
12.08,21.320017663999984,21.045533765580863,0.27448389841912063,-0.13606542010744688,2.5576704950800924,0.0561915357784189,0.1437194331336994,0.1437194331336994,0.1437194331336994,0.0,0.0,0,0.01,0.01,0.1449225784783388,0.2860180530479041,17.990111950273523,0.01,0.0788147792871515,0.1750193641838234,4.801849564470989,0.01,0.07381363845710902,0.1626471676647829,4.5157118732635935,0.01,0.1433626058465123,0.41886283677260006,51.665465560336365,0.01,0.14256951459141018,0.33597536782322746,10.247915250270113,0.01,0.08837153231115419,0.1420926880182813,14.581651240827169
12.09,21.234768214962966,20.969246391832293,0.26552182313067013,-0.13016503998692944,2.4781847000934345,0.05610029852924411,0.13902690148584695,0.13902690148584695,0.13902690148584695,0.0,0.0,0,0.01,0.01,0.1448917772936359,0.28598589407066505,17.96447389630374,0.01,0.07878312441574499,0.17498720520658434,4.80983946686987,0.01,0.0737821504429656,0.16261500868754383,4.522947939209084,0.01,0.14338927353931122,0.4188915545984241,51.73574765708797,0.01,0.14259770153417856,0.3360040856490515,10.255248234337769,0.01,0.08838955041542548,0.14211076818281282,14.587136058230366
12.1,21.15294814814827,20.896264310018026,0.25668383813024165,-0.1245306096147229,2.3994316554498796,0.056012990849563224,0.13439934336086645,0.13439934336086645,0.13439934336086645,0.0,0.0,0,0.01,0.01,0.1448623113967956,0.28595513086351027,17.940028298508697,0.01,0.07875284351929733,0.17495644199942956,4.817500008897266,0.01,0.0737520294482998,0.16258424548038908,4.529883709288838,0.01,0.14341473764551205,0.4189189750777754,51.80288924367341,0.01,0.1426246193751987,0.33603150612840277,10.262193866930483,0.01,0.08840679559992849,0.14212807111716289,14.59224077977447
12.11,21.074517547999925,20.82643240365915,0.24808514434077356,-0.11917138042157795,2.3225174515702367,0.055929430253853996,0.12989707782095627,0.12989707782095627,0.12989707782095627,0.0,0.0,0,0.01,0.01,0.1448341195735849,0.28592569778430793,17.916663260448583,0.01,0.07872387360887283,0.17492700892022725,4.824805349346992,0.01,0.07372321258159283,0.16255481240118674,4.536495105399934,0.01,0.14343905675743815,0.41894516336709076,51.86710566626313,0.01,0.14265032807515104,0.33605769441771816,10.268823529375707,0.01,0.08842330232549261,0.14214463280837408,14.597100160192314
12.120000000000001,20.99943454340746,20.759593248447402,0.23984129496006001,-0.1140862232827061,2.2485566236914583,0.055849431166572996,0.12558060837899787,0.12558060837899787,0.12558060837899787,0.0,0.0,0,0.01,0.01,0.14480713908008974,0.2858975282373005,17.894287470465144,0.01,0.07869615008931666,0.17489883937321982,4.831746390266786,0.01,0.07369563543179224,0.1625266428541793,4.5427737431501365,0.01,0.14346229030598698,0.4189701847678753,51.92858976636632,0.01,0.14267488901671943,0.33608271581850263,10.275191068212397,0.01,0.08843910615977697,0.14216048987274016,14.601806814295065
12.13,20.92765528992592,20.69559295051798,0.23206233940793733,-0.10926401735714333,2.178616292938192,0.05577281193128398,0.12150755677647285,0.12150755677647286,0.12150755677647285,0.0,0.0,0,0.01,0.01,0.14478130797873723,0.2858705571341786,17.872832758790906,0.01,0.07866960916029514,0.17487186827009787,4.838330715916405,0.01,0.07366923446005195,0.1624996717510574,4.548726861728499,0.01,0.14348449660725832,0.4189941025851493,51.98750518843654,0.01,0.14269836298812102,0.33610663363577664,10.281331022639076,0.01,0.08845424242236168,0.142175678165871,14.606408080401241
12.14,20.859133952000004,20.634286625786263,0.22484732621374165,-0.1046845103285297,2.1136633742294593,0.05569940139828797,0.11772978470206641,0.11772978470206641,0.11772978470206641,0.0,0.0,0,0.01,0.01,0.144756567360534,0.2858447232026035,17.852255442564324,0.01,0.07864419010197769,0.1748460343385228,4.8445817064309065,0.01,0.07364394927264092,0.1624738378194823,4.554376481070128,0.01,0.1435057310131696,0.41901697613933636,52.04398137803747,0.01,0.14272080824668568,0.3361295071899637,10.287257869447252,0.01,0.08846874488535297,0.142190231475673,14.610905309942643
12.15,20.793822685185095,20.57554326464245,0.21827942054264127,-0.1003195997236869,2.0545173439780755,0.055629044782428846,0.11429083733443313,0.11429083733443313,0.11429083733443313,0.0,0.0,0,0.01,0.01,0.14473286334937327,0.28581997103463097,17.83253641778539,0.01,0.07861983733827067,0.17482128217055026,4.850536882776465,0.01,0.07361972466859953,0.16244908565150976,4.559757840125332,0.01,0.14352604425073426,0.41903885902217836,52.09811048751801,0.01,0.1427422787510453,0.3361513900728057,10.292966314952062,0.01,0.08848264459061005,0.14220418035950183,14.615255596760273
12.16,20.731671618370378,20.51924976069088,0.2124218576794998,-0.09613496578801457,2.0018107385014274,0.05556160852377349,0.1112238245913022,0.11122382459130221,0.1112238245913022,0.0,0.0,0,0.01,0.01,0.1447101487966035,0.2857962527820281,17.81368002204216,0.01,0.07859650218311182,0.17479756391794737,4.8562455791998245,0.01,0.07359651236845735,0.16242536739890687,4.564917207042984,0.01,0.14354548102460912,0.4190597976740311,52.149946296519715,0.01,0.1427628226416345,0.3361723287246585,10.2984326032668,0.01,0.08849596883822324,0.1422175511786309,14.619375816741796
12.17,20.672628835999944,20.465313926506788,0.2073149094931594,-0.09209197104750459,1.9559591363990496,0.055496983936858875,0.10854983277389041,0.10854983277389041,0.10854983277389041,0.0,0.0,0,0.01,0.01,0.14468838459057,0.2857735294241699,17.795711752787447,0.01,0.07857414419223378,0.17477484056008916,4.86176607238953,0.01,0.07357427234731861,0.16240264404104865,4.569909182803559,0.01,0.14356407894402243,0.41907983034324436,52.19950514462303,0.01,0.1427824810366603,0.3361923613938717,10.3036167536793,0.01,0.08850874039184996,0.1422303653726752,14.623148719091366
12.18,20.61664036029624,20.41366637117849,0.20297398911775222,-0.08814973080152802,1.9171418887575313,0.05543508949628859,0.1062769321803575,0.1062769321803575,0.1062769321803575,0.0,0.0,0,0.01,0.01,0.14466754052565095,0.28575177155603765,17.77867497968773,0.01,0.07855273206310065,0.17475308269195697,4.867162321038041,0.01,0.07355297371595777,0.16238088617291646,4.574793642560653,0.01,0.14358186781891785,0.4190989864691361,52.246768771156745,0.01,0.14280128719502186,0.3362115175197635,10.308465591162351,0.01,0.08852097693540481,0.1422426390043109,14.626430705768202
12.19,20.563650133481488,20.364261171042216,0.1993889624392729,-0.08426725273264801,1.8852943248418859,0.05537587167445285,0.10439981660101849,0.10439981660101849,0.10439981660101849,0.0,0.0,0,0.01,0.01,0.14464759569737484,0.2857309596677097,17.76262683402586,0.01,0.07853224404835653,0.17473227080362902,4.8725004846495805,0.01,0.07353259511619399,0.16236007428458848,4.579632472899772,0.01,0.14359886935190763,0.419117286509298,52.29168886762078,0.01,0.14281926607958437,0.3362298175599254,10.312916396215469,0.01,0.08853269080296897,0.14225438259113746,14.629060858585179
12.200000000000001,20.513600000000007,20.31707532369782,0.19652467630218662,-0.08040554271231938,1.8601116040031558,0.05531930431766843,0.10290007988667693,0.10290007988667693,0.10290007988667693,0.0,0.0,0,0.01,0.01,0.14462853841341863,0.2857110839114417,17.747633491365637,0.01,0.07851266787196508,0.17471239504736097,4.87784539579669,0.01,0.07351312462059285,0.1623401985283205,4.584486268079373,0.01,0.14361509723334095,0.41913474221064084,52.334193075251875,0.01,0.14283643433463875,0.33624727326126824,10.316900975129725,0.01,0.08854388899027228,0.1422656012275379,14.630870729116195
12.21,20.46642968874071,20.272107033310462,0.1943226554302498,-0.07652957761489788,1.8410638318684835,0.055265386616729334,0.10174710445428892,0.10174710445428892,0.10174710445428892,0.0,0.0,0,0.01,0.01,0.1446103656335087,0.2856921433768087,17.733765085333246,0.01,0.07849400016109333,0.174693454512728,4.88325715623289,0.01,0.07349455915031489,0.1623212579936875,4.589411144578638,0.01,0.1436305576274563,0.419151357302758,52.37419210556595,0.01,0.1428528006713239,0.33626388835338533,10.320349939765292,0.01,0.08855457344239488,0.14227629498555477,14.631694392055726
12.22,20.422076795259212,20.229372929671737,0.19270386558747502,-0.07261005421389499,1.8274215346291431,0.05521413979349741,0.10089950807466108,0.10089950807466108,0.10089950807466108,0.0,0.0,0,0.01,0.01,0.14459308197337306,0.28567414491728615,17.721090500233213,0.01,0.07847624542956504,0.17467545605320547,4.888788015412702,0.01,0.07347690344756339,0.16230325953416497,4.594455822134093,0.01,0.14364525001918302,0.419167128572805,52.411587624920095,0.01,0.14286836663530778,0.33627965962343237,10.323196986066675,0.01,0.0885647415991164,0.14228645957075675,14.631378275007942
12.23,20.38047676400005,20.188904372062833,0.19157239193722028,-0.06862483553078726,1.818290111533933,0.05516560268380145,0.10030706985676596,0.10030706985676596,0.10030706985676596,0.0,0.0,0,0.01,0.01,0.14457669832791245,0.2856571015920537,17.709672288585818,0.01,0.0784594146693252,0.17465841272797303,4.894479671315622,0.01,0.07346016865953492,0.16228621620893252,4.599659101807512,0.01,0.14365916837461745,0.4191820472640809,52.446280524568074,0.01,0.1428831277131531,0.3362945783147083,10.32538297113237,0.01,0.08857438716726822,0.14229608719741732,14.629790311995661
12.24,20.34156287051851,20.150743029503893,0.19081984101461721,-0.06456003169451044,1.8126514823669184,0.05511982644598149,0.09991303511511562,0.09991303511511562,0.09991303511511562,0.0,0.0,0,0.01,0.01,0.14456123018576073,0.28564103080382036,17.69956194782126,0.01,0.07844352362388687,0.17464234193973965,4.900361109574558,0.01,0.07344437060812434,0.16227014542069912,4.605047849371833,0.01,0.1436723025543194,0.4191961007265743,52.47817919323113,0.01,0.14289707471845034,0.33630863177720166,10.326859607406352,0.01,0.08858350107909217,0.14230516763755782,14.62682801750852
12.25,20.30526620370372,20.114935959767458,0.19033024393626563,-0.060410670684534304,1.8094108308199457,0.05507686866182524,0.09965668268435424,0.09965668268435424,0.09965668268435424,0.0,0.0,0,0.01,0.01,0.14454669572067302,0.28562595222636966,17.690795768846794,0.01,0.07842859083141618,0.17462726336228898,4.9064470694046465,0.01,0.07342952783313382,0.16225506684324847,4.610635566448614,0.01,0.14368463990798586,0.41920927423749704,52.50720741890302,0.01,0.14291019538674457,0.3363218052881244,10.327592617222116,0.01,0.08859207258745971,0.14231368939095615,14.622425139231613
12.26,20.271515647999916,20.081530429320203,0.18998521867971344,-0.056180934412566066,1.80744612987747,0.055036787120851374,0.099476027882473,0.099476027882473,0.099476027882473,0.0,0.0,0,0.01,0.01,0.14453311375415734,0.2856118856237835,17.68339143941505,0.01,0.07841463553438408,0.17461319675970274,4.912737194780745,0.01,0.07341565950582589,0.16224100024066224,4.616421603755477,0.01,0.14369616697219528,0.41922155290364765,52.53331156840326,0.01,0.1429224761000449,0.336334083954275,10.327564219496827,0.01,0.08860009044320928,0.1423216409183794,14.616556615318917
12.27,20.24023786562962,20.050568724390985,0.18966914123863662,-0.051883956525150134,1.8056580315337099,0.054999633588967825,0.09931053012133095,0.09931053012133095,0.09931053012133095,0.0,0.0,0,0.01,0.01,0.1445205016881218,0.2855988486666148,17.67734554837887,0.01,0.07840167555722495,0.1746001598025341,4.919215898196406,0.01,0.07340278331399884,0.1622279632834936,4.622391041747612,0.01,0.14370687118998346,0.41923292355551334,52.55646672708539,0.01,0.1429339036575821,0.3363454546061407,10.326774851427377,0.01,0.0886075440970334,0.14232901187827296,14.60924163557592
12.280000000000001,20.21135727881477,20.02208319943421,0.1892740793805596,-0.04754119912460902,1.8030177152719744,0.054965447858179826,0.09910367621615623,0.09910367621615623,0.09910367621615623,0.0,0.0,0,0.01,0.01,0.14450887350592126,0.2855868548485655,17.672632094304948,0.01,0.07838972525306749,0.1745881659844848,4.925852932914126,0.01,0.0733909134192365,0.1622159694654443,4.628515234472664,0.01,0.14371674257201578,0.41924337654532007,52.5766815262072,0.01,0.1429444670095147,0.33635590759594747,10.32524406061551,0.01,0.08861442486835777,0.1423357943079666,14.600544682187207
12.290000000000001,20.184796052000085,19.996091793705496,0.1887042582945922,-0.043181445356161134,1.7986104180251414,0.054934252355616275,0.0988053185932336,0.0988053185932336,0.0988053185932336,0.0,0.0,0,0.01,0.01,0.14449823793515618,0.28557591160062556,17.669202054841506,0.01,0.07837879361545003,0.17457722273654486,4.9326046388648495,0.01,0.07338005858169874,0.16220502621750435,4.634752983729456,0.01,0.14372577522386384,0.41925290736756127,52.59400144130325,0.01,0.14295415887429583,0.3363654384181886,10.323010536615895,0.01,0.08862072702642765,0.14234198369409531,14.590574506709373
12.3,20.16047407407406,19.972594220363888,0.18787985371017032,-0.038839462578543066,1.7916726068663933,0.054906047558703625,0.09837366136223269,0.09837366136223269,0.09837366136223269,0.0,0.0,0,0.01,0.01,0.14448859685620735,0.28556601868852793,17.66698402394072,0.01,0.0783688826413186,0.17456732982444725,4.9394157981317575,0.01,0.07337022053810302,0.16219513330540675,4.641052283238913,0.01,0.14373396867200638,0.4192615180304995,52.60851041133758,0.01,0.14296297716802267,0.3363740490811269,10.320131285254462,0.01,0.08862644873415051,0.14234757988315083,14.579481083077578
12.31,20.138308940592626,19.95156899683725,0.18673994375537797,-0.03455440579343307,1.7816210934151437,0.054880808420484775,0.09777680590561111,0.09777680590561111,0.09777680590561111,0.0,0.0,0,0.01,0.01,0.1444799440272985,0.285557166964344,17.665885873566992,0.01,0.07835998601806538,0.1745584781002633,4.946222009082638,0.01,0.07336139270493078,0.16218628158122278,4.6473525473804385,0.01,0.14374132893215294,0.4192692181202078,52.6203307035664,0.01,0.14297092618476356,0.3363817491708352,10.316679983900213,0.01,0.08863159281280827,0.1423525877915837,14.567450663344154
12.32,20.118215935999935,19.932971441949615,0.18524449405032192,-0.030368042442406595,1.7680728086322153,0.05485848195703519,0.09699379027107491,0.09699379027107491,0.09699379027107491,0.0,0.0,0,0.01,0.01,0.1444722641805316,0.28554933752485323,17.66579734795243,0.01,0.07835208819059204,0.17455064866077252,4.952952464760156,0.01,0.0733535592620782,0.16217845214173202,4.6535872170938,0.01,0.143747869276728,0.41927602551423027,52.62962103121605,0.01,0.14297801747995778,0.33638855656485767,10.312744590684776,0.01,0.08863616729513238,0.14235701788520486,14.554699149505973
12.33,20.100108015851852,19.916732716690014,0.18337529916183856,-0.02632288704497553,1.7508544369875418,0.05483898609030605,0.09601508211611043,0.09601508211611043,0.09601508211611043,0.0,0.0,0,0.01,0.01,0.14446553252467056,0.2855425013088891,17.666593453518217,0.01,0.0783451638452341,0.1745438124448084,4.959533002058092,0.01,0.0733466946530102,0.1621716159257679,4.6596866177266225,0.01,0.14375361067318057,0.4192819667191522,52.636573016595776,0.01,0.14298427042380113,0.33639449776977953,10.308424314517067,0.01,0.0886401857449371,0.14236088640929115,14.541464079683841
12.34,20.083895789036905,19.902759933933506,0.18113585510339955,-0.022460337095879367,1.7300016240508795,0.05482220977747565,0.09484251194909088,0.09484251194909088,0.09484251194909088,0.0,0.0,0,0.01,0.01,0.14445971467037017,0.2855366191442001,17.668138468885246,0.01,0.0783391778267987,0.17453793028011938,4.965889274758238,0.01,0.07334076351691778,0.16216573376107887,4.665580931036025,0.01,0.1437585818805004,0.41928707682445343,52.64140617731343,0.01,0.14298971240735106,0.33639960787508083,10.303826084297437,0.01,0.08864366733299425,0.14236421536317045,14.527995603657022
12.35,20.069487500000047,19.89093731047727,0.17855018952277743,-0.018818900042977413,1.70574799413381,0.05480801439514201,0.09348866061697048,0.09348866061697048,0.09348866061697048,0.0,0.0,0,0.01,0.01,0.14445476697305132,0.2855316422325551,17.670290369301863,0.01,0.07833408548396795,0.1745329533684744,4.971949896571091,0.01,0.07333572104743293,0.16216075684943393,4.671203137159597,0.01,0.1437628192072181,0.4192913990831362,52.64436169210067,0.01,0.14299437870018478,0.3364039301337636,10.299060683088138,0.01,0.08864663667054995,0.14236703222554684,14.514546887101258
12.36,20.056789010963012,19.881128284998525,0.17566072596448787,-0.015432595141276447,1.6785047161760882,0.054796236286574235,0.09197574103571415,0.09197574103571415,0.09197574103571415,0.0,0.0,0,0.01,0.01,0.14445063726870513,0.2855275130409361,17.6729054401412,0.01,0.07832983341791566,0.17452882417685542,4.977649400845335,0.01,0.07333151375213885,0.1621566276578149,4.676491782964556,0.01,0.1437663659495662,0.41929498414692984,52.6456952704284,0.01,0.1429983119741595,0.3364075151975572,10.29423873401676,0.01,0.08864912341328259,0.1423693694487803,14.501364428032641
12.370000000000001,20.04570378414808,19.873178480414175,0.17252530373390657,-0.012329603879273593,1.6488318103855701,0.0547866903257246,0.0903340377947981,0.0903340377947981,0.0903340377947981,0.0,0.0,0,0.01,0.01,0.1444472659595232,0.28552416654771656,17.67584284637645,0.01,0.0783263605901574,0.17452547768363583,4.982930872078755,0.01,0.0733280805684025,0.16215328116459532,4.681393441248333,0.01,0.14376927154273345,0.41929788899959786,52.64566950094405,0.01,0.1430015615225201,0.3364104200502252,10.289466737285059,0.01,0.08865116165906609,0.1423712637511788,14.488678787765592
12.38,20.03613286399999,19.866919350796202,0.16921351320378625,-0.009531229073295469,1.6174027712463117,0.054779174305431125,0.08859998832818905,0.08859998832818905,0.08859998832818905,0.0,0.0,0,0.01,0.01,0.14444458739028415,0.2855215317766347,17.678968929867846,0.01,0.07832359972929435,0.174522842912554,4.9877481207610606,0.01,0.07332535427483652,0.16215064639351348,4.685864740734802,0.01,0.14377159047068241,0.41930017564528144,52.64454608342327,0.01,0.1430041822167275,0.3364127066959088,10.284843359798522,0.01,0.0886527891721612,0.14237275524556575,14.47669622827681
12.39,20.027974859407376,19.862172323258246,0.16580253614912993,-0.007051206387799939,1.5849643760662813,0.05477347392137642,0.08681400491877711,0.08681400491877711,0.08681400491877711,0.0,0.0,0,0.01,0.01,0.14444253144361252,0.2855195335388763,17.682161023549575,0.01,0.07832147896317447,0.17452084467479562,4.992067296719633,0.01,0.07332326312472198,0.1621486481557551,4.689873869103094,0.01,0.1437733809903065,0.41930190961931485,52.64257835412245,0.01,0.14300623325444514,0.3364144406699422,10.280456169476665,0.01,0.08865404647402003,0.14237388644951088,14.465591704564183
12.4,20.02112592592601,19.858753225388764,0.16237270053724645,-0.00489539386684839,1.5522937390375873,0.054769368099495286,0.08501814719189149,0.08501814719189149,0.08501814719189149,0.0,0.0,0,0.01,0.01,0.14444102527314714,0.2855180942952407,17.68531060045661,0.01,0.0783199235936665,0.17451940543116,4.995867866066428,0.01,0.07332173261856542,0.1621472089121195,4.693401479384252,0.01,0.14377470373335682,0.41930315839608107,52.640004494463255,0.01,0.14300777676070905,0.3364156894467084,10.27637898477823,0.01,0.08865497584642953,0.14237470122735682,14.45550358722923
12.41,20.015479747999958,19.856476779630658,0.15900296836930233,-0.0030618460396591766,1.5201547522748318,0.054766634403554545,0.08325375955466174,0.08325375955466174,0.08325375955466174,0.0,0.0,0,0.01,0.01,0.14443999508869249,0.2855171360464947,17.688325613748102,0.01,0.07831885792610965,0.17451844718241397,4.999142910998323,0.01,0.07332068732800462,0.16214625066337346,4.696440962133138,0.01,0.14377562025425447,0.4193039897719387,52.637041768637935,0.01,0.1430088763100847,0.3364165208225661,10.272669977158952,0.01,0.08865562029602156,0.14237524371634683,14.446530390070066
12.42,20.01092752118515,19.855160947694365,0.15576657349078343,-0.0015412602975705984,1.4892560275583044,0.054765054261782124,0.08155918715891664,0.08155918715891664,0.08155918715891664,0.0,0.0,0,0.01,0.01,0.1444393679067341,0.28551658216070974,17.69113192928327,0.01,0.0783182070647294,0.174517893296629,5.001898748206148,0.01,0.0733200526826714,0.1621456967775885,4.698998079940845,0.01,0.14377619159341196,0.4193044703009352,52.633882070492376,0.01,0.14300959544033867,0.33641700135156255,10.269370621857146,0.01,0.08865602253011244,0.14237555728871987,14.438729657451024
12.43,20.00735793437038,19.854630920271813,0.15272701409856312,-0.00031776549241270416,1.4602123211488705,0.05476441776622906,0.07996767758279177,0.07996767758279177,0.07996767758279177,0.0,0.0,0,0.01,0.01,0.14443907318322824,0.28551635905147743,17.693673801602742,0.01,0.07831789858884551,0.17451767018739675,5.004153897873144,0.01,0.07331975663530414,0.16214547366835624,4.701089994778502,0.01,0.14377647692394924,0.4193046638569907,52.630688979150555,0.01,0.14300999622768534,0.3364171949076181,10.26650554357893,0.01,0.08865622399239038,0.14237568359869096,14.432119036571994
12.44,20.00465715200015,19.854722556495133,0.14993459550501737,0.0006297973284761066,1.4335113213968143,0.05476452780976813,0.0785055706262533,0.0785055706262533,0.0785055706262533,0.0,-0.0,0,0.01,0.01,0.14443903777378153,0.2855163976247284,17.696130508786876,0.01,0.07831785791312418,0.1745177087606477,5.006088669533016,0.01,0.07331972409606594,0.1621455122416072,4.702928418618885,0.01,0.1437765288759852,0.41930463039336063,52.62771727324781,0.01,0.1430101379904423,0.336417161443988,10.264083309242029,0.01,0.08865626170935847,0.14237566176098884,14.426881415319167
12.450000000000001,20.002708796296282,19.85528443732368,0.14742435897260323,0.001324507415132428,1.409493807151296,0.05476520255695837,0.07719121385141914,0.07719121385141914,0.07719121385141914,0.0,-0.0,0,0.01,0.01,0.1444391718676474,0.28551663414234046,17.69941662816148,0.01,0.07831799042881715,0.17451794527825976,5.008507753168601,0.01,0.07331986548497767,0.16214574875921925,4.705242612757908,0.01,0.14377637495600962,0.41930442520444755,52.625933636831235,0.01,0.14301004226754616,0.33641695625507495,10.26257027782449,0.01,0.08865615439546859,0.14237552786015395,14.424543469309107
12.46,20.00139392948144,19.85617938975197,0.14521453972947207,0.001793627511245595,1.3883389374010802,0.05476627727790683,0.0760341552014221,0.0760341552014221,0.0760341552014221,0.0,-0.0,0,0.01,0.01,0.14443945523518797,0.28551701086322,17.70231052982851,0.01,0.07831827564886654,0.17451832199913928,5.010527170532453,0.01,0.07332015969066044,0.16214612548009877,4.7071152805970735,0.01,0.14377609762826557,0.41930409837730714,52.624211610004316,0.01,0.14300977583935115,0.3364166294279345,10.261735503015057,0.01,0.08865596026073823,0.14237531458635627,14.422860566293538
12.47,20.000591036000035,19.857286701576754,0.14330433442328233,0.0020671379867559887,1.3700429530933886,0.05476760701008847,0.07503397404195977,0.07503397404195977,0.07503397404195977,0.0,-0.0,0,0.01,0.01,0.14443984800316134,0.2855174769752618,17.70447716828322,0.01,0.07831867432416408,0.17451878811118107,5.011893611243876,0.01,0.07332056457869097,0.16214659159214057,4.708358103786768,0.01,0.14377574133886853,0.4193036939879055,52.6225383111893,0.01,0.1430094172396573,0.33641622503853286,10.261102668817122,0.01,0.08865571067229995,0.1423750507070098,14.421604021773941
12.48,20.000176004740702,19.858502996094728,0.14167300864597246,0.002175369097564201,1.3544107486142105,0.05476906760984936,0.07417981386235839,0.07417981386235839,0.07417981386235839,0.0,-0.0,0,0.01,0.01,0.1444403070741635,0.2855179889633801,17.705929795131745,0.01,0.07831914257230649,0.1745193000992994,5.012644176864404,0.01,0.07332103587418737,0.16214710358025888,4.7090251428776035,0.01,0.14377534178607668,0.4193032497842668,52.6209850408973,0.01,0.143009007293654,0.3364157808348942,10.260629227725913,0.01,0.08865543067741817,0.14237476085802256,14.42073761743569
12.49,20.00002211125917,19.85974172161902,0.14028038964014988,0.0021466455316338077,1.341060722657583,0.05477055513972363,0.07345064025603476,0.07345064025603476,0.07345064025603476,0.0,-0.0,0,0.01,0.01,0.14444079451642597,0.285518510394575,17.706741543563382,0.01,0.07831964136536963,0.17451982153049428,5.01286657667885,0.01,0.07332153493293433,0.16214762501145377,4.709203122510747,0.01,0.1437749289730707,0.41930279737369053,52.61960759090688,0.01,0.1430085784489858,0.33641532842431787,10.260303553797295,0.01,0.08865514132466037,0.1423744656653569,14.420224165384186
12.5,20.0,19.860931504841396,0.13906849515860178,0.002005617787763063,1.3294405025453764,0.0547719838909124,0.07281609378934184,0.07281609378934184,0.07281609378934184,0.0,-0.0,0,0.01,0.01,0.14444127853857383,0.2855190112248163,17.70698991030596,0.01,0.07832013787791516,0.17452032236073559,5.012649059240021,0.01,0.07332202945641357,0.16214812584169508,4.708974933549483,0.01,0.14377452771182206,0.4193023628237964,52.618449627743544,0.01,0.14300815747747422,0.3364148938744238,10.260115907245913,0.01,0.08865486001943665,0.14237418213746864,14.420028748120458
12.51,20.0,19.862013668671864,0.13798633132813432,0.001771971190341723,1.3190641430458372,0.05477328340218681,0.07224947413271232,0.07224947413271232,0.07224947413271232,0.0,-0.0,0,0.01,0.01,0.14444173291507192,0.2855194667542555,17.70674162451579,0.01,0.07832060500011277,0.17452077789017478,5.012067259561691,0.01,0.07332249282641799,0.16214858137113425,4.708410456567096,0.01,0.14377415839565094,0.41930196756817517,52.61754732489524,0.01,0.143007766391426,0.33641449861880257,10.260058286199826,0.01,0.0886546010653823,0.14237392425691928,14.420123130817268
12.52,20.0,19.8629395709346,0.13706042906539911,0.001461072511066648,1.310186493091552,0.054774395263595316,0.07176467284162047,0.07176467284162047,0.07176467284162047,0.0,-0.0,0,0.01,0.01,0.14444213599373465,0.2855198565070392,17.706049058037824,0.01,0.0783210203473954,0.17452116764295852,5.011181694035547,0.01,0.07332290306927779,0.16214897112391802,4.707565208263766,0.01,0.14377383789553305,0.419301629377303,52.616931959998375,0.01,0.14300742337722033,0.3364141604279304,10.260124941848169,0.01,0.08865437629328801,0.14237370361469714,14.420486232343881
12.530000000000001,20.0,19.8636698093204,0.13633019067960217,0.0010898019744520334,1.303185143595049,0.05477527216125448,0.07138232091692231,0.07138232091692231,0.07138232091692231,0.0,-0.0,0,0.01,0.01,0.14444246996320712,0.2855201638967108,17.704963777402984,0.01,0.07832136550132422,0.1745214750326301,5.010048468688667,0.01,0.07332324211460814,0.1621492785135896,4.706491285846012,0.01,0.14377358001637688,0.4193013626478095,52.6166241072554,0.01,0.14300714337071632,0.3364138936984369,10.26030842365894,0.01,0.08865419538353965,0.14237352959980848,14.421092443025833
12.540000000000001,20.0,19.86417533624417,0.13582466375583013,0.0006773961441277992,1.2983384047314834,0.05477587921564373,0.0711176276386033,0.0711176276386033,0.0711176276386033,0.0,-0.0,0,0.01,0.01,0.14444272094718608,0.2855203766955724,17.7035488253353,0.01,0.078321626079287,0.17452168783149166,5.008728852505949,0.01,0.0733234959142912,0.16214949131245115,4.705246200135777,0.01,0.14377339520041846,0.4193011779941711,52.61662975343014,0.01,0.1430069378532698,0.3364137090447985,10.26059675513572,0.01,0.08865406566043722,0.14237340913373606,14.421906359080454
12.55,20.0,19.864438536976852,0.1355614630231461,0.0002444973065770285,1.2958150105128625,0.05477619527585245,0.07097981605723336,0.07097981605723336,0.07097981605723336,0.0,-0.0,0,0.01,0.01,0.14444287940736356,0.28552048748857956,17.701880134939206,0.01,0.07832179213487798,0.17452179862449885,5.007290297281443,0.01,0.07332365486348777,0.16214960210545837,4.703893374065896,0.01,0.14377329014402684,0.41930108185394255,52.616939895907976,0.01,0.14300681445995947,0.33641361290456995,10.260973391467884,0.01,0.08865399182428321,0.14237334641363453,14.422883755815477
12.56,20.0,19.864453744020157,0.1355462559798418,-0.00018784198803005838,1.2956692163484556,0.054776213536967815,0.07097185366797876,0.07097185366797876,0.07097185366797876,0.0,0.0,0,0.01,0.01,0.14444294044734104,0.2855204938899083,17.70004345401341,0.01,0.0783218584706195,0.17452180502582756,5.005803910818326,0.01,0.07332371410879884,0.16214960850678706,4.7024995576636,0.01,0.14377326667438806,0.41930107629919333,52.617563057365544,0.01,0.14300677664172518,0.33641360734982073,10.261419281648996,0.01,0.08865397518144574,0.1423733427898352,14.424028514185792
12.57,20.0,19.864227273284328,0.13577272671567134,-0.0005991539666119098,1.297840464499083,0.05477594158339496,0.07109043346796795,0.07109043346796795,0.07109043346796795,0.0,0.0,0,0.01,0.01,0.14444288747423575,0.2855203985582013,17.69868280458931,0.01,0.07832180823890351,0.17452170969412065,5.004750333993853,0.01,0.07332365666243021,0.16214951317508014,4.701578933095001,0.01,0.14377331218330291,0.4193011590230052,52.618857580559464,0.01,0.14300680843578417,0.33641369007363253,10.262123167493586,0.01,0.08865400679332228,0.14237339675725805,14.425994324735948
12.58,20.0,19.863775866901353,0.13622413309864692,-0.0009731865694546561,1.3021683077393356,0.05477539951899154,0.07132678929739122,0.07132678929739122,0.07132678929739122,0.0,0.0,0,0.01,0.01,0.14444273238631355,0.2855202085410705,17.697631006536078,0.01,0.07832165107937628,0.1745215196769898,5.004060825307623,0.01,0.07332349662072205,0.16214932315794928,4.700940654832851,0.01,0.1437734315683365,0.41930132390840236,52.62044035028577,0.01,0.14300691006493352,0.33641385495902976,10.262997453144488,0.01,0.08865409009464602,0.14237350432647108,14.428128433974598
12.59,20.0,19.863125573427578,0.13687442657242238,-0.0012934576741982786,1.3084031247730674,0.05477461862258221,0.07166728216403961,0.07166728216403961,0.07166728216403961,0.0,0.0,0,0.01,0.01,0.14444249455584515,0.2855199348036932,17.696599177278294,0.01,0.07832140866142176,0.17452124593961246,5.003463563960704,0.01,0.07332325230295829,0.16214904942057196,4.700382829903839,0.01,0.14377362069942012,0.41930156143786074,52.62212397321274,0.01,0.14300708384789101,0.3364140924884881,10.263878558204162,0.01,0.08865422229789305,0.14237365929047904,14.43013013830958
12.6,20.0,19.86231125291029,0.13768874708970966,-0.001545972986661407,1.3162108342168863,0.054773640753937265,0.0720936593898358,0.0720936593898358,0.0720936593898358,0.0,0.0,0,0.01,0.01,0.14444218724253272,0.2855195920204267,17.69562551581638,0.01,0.07832109469264216,0.174520903156346,5.002972947035285,0.01,0.07332293720890104,0.1621487066373055,4.699924776818126,0.01,0.14377386946885695,0.4193018588748182,52.62381700392423,0.01,0.14300732234017488,0.3364143899254456,10.264693331162443,0.01,0.08865439635405561,0.1423738533425805,14.431888794217391
12.61,20.0,19.86137476279941,0.13862523720058983,-0.0017202790220169433,1.3251902511179203,0.05477251617571234,0.0725840044652526,0.0725840044652526,0.0725840044652526,0.0,0.0,0,0.01,0.01,0.14444182641348102,0.28551919781112406,17.694754346219174,0.01,0.07832072550637366,0.17452050894704332,5.00260937163574,0.01,0.07332256769618703,0.16214831242800282,4.6995857999968385,0.01,0.14377416490561115,0.4193022009271469,52.625438694547555,0.01,0.14300761352303373,0.3364147319777743,10.265396513207468,0.01,0.08865460318992294,0.142374076508563,14.433325111368857
12.620000000000001,20.0,19.86036281988725,0.13963718011275056,-0.001809842838775394,1.3348935522508507,0.05477130098632457,0.07311385653503533,0.07311385653503533,0.07311385653503533,0.0,0.0,0,0.01,0.01,0.14444143020792696,0.28551877184107943,17.694024451853647,0.01,0.07832031967264724,0.17452008297699872,5.002387183106046,0.01,0.07332216233251102,0.16214788645795822,4.699379271037901,0.01,0.1437744920919953,0.419302570528898,52.62691430186127,0.01,0.14300794270444,0.33641510157952537,10.26595527406252,0.01,0.0886548323617955,0.14237431765610817,14.434378474644275
12.63,20.0,19.85932469261697,0.14067530738302916,-0.0018122639139214153,1.344848377057794,0.054770054349036125,0.0736574187026684,0.0736574187026684,0.0736574187026684,0.0,0.0,0,0.01,0.01,0.14444101804169057,0.2855183348495823,17.693467144148965,0.01,0.07831989708841712,0.17451964598550154,5.002313780528828,0.01,0.07332174097546872,0.16214744946646104,4.699312046311399,0.01,0.1437748349343509,0.4193029496837921,52.62817762239984,0.01,0.14300829360048536,0.33641548073441946,10.26634592782227,0.01,0.08865507259665854,0.14237456504464424,14.435007718441137
12.64,20.0,19.858309826179035,0.14169017382096538,-0.0017292961272870788,1.3545805869301666,0.05476883564018794,0.07418880152696761,0.07418880152696761,0.07418880152696761,0.0,0.0,0,0.01,0.01,0.14444060966529937,0.2855179076501988,17.693104954802703,0.01,0.0783194780121421,0.17451921878611812,5.002389416707534,0.01,0.07332132380941754,0.1621470222670776,4.699384292712208,0.01,0.14377517694982725,0.4193033203329338,52.62917381114139,0.01,0.14300864922613,0.3364158513835612,10.266553617964199,0.01,0.08865531234339431,0.1423748068912539,14.435192427705108
12.65,20.0,19.857365510743936,0.14263448925606217,-0.0015666761402954724,1.3636366267676845,0.05476770164907448,0.07468324393256287,0.07468324393256287,0.07468324393256287,0.0,0.0,0,0.01,0.01,0.14444022422690636,0.2855175101492362,17.692950765219745,0.01,0.07831908210214535,0.1745188212851555,5.002607341645363,0.01,0.07332093038807605,0.162146624766115,4.699589625330426,0.01,0.1437755020515112,0.41930366520640217,52.629861696893116,0.01,0.14300899273448653,0.33641619625702956,10.266572489872884,0.01,0.088655540323055,0.14237503192634496,14.434933417555179
12.66,20.0,19.856534700910107,0.14346529908989336,-0.001333768578812977,1.3716044514966013,0.054766703959255876,0.0751182549443119,0.0751182549443119,0.0751182549443119,0.0,0.0,0,0.01,0.01,0.1444398793837324,0.28551716042788045,17.693007403221593,0.01,0.07831872750394334,0.17451847156379974,5.002954267557392,0.01,0.07332057872742864,0.1621462750447592,4.699915545618703,0.01,0.14377579529716675,0.4193039686192624,52.63021542990003,0.01,0.14300930821348518,0.33641649966988973,10.266405682935845,0.01,0.08865574605404235,0.14237522991332796,14.434252249830378
12.67,20.0,19.855854085624664,0.1441459143753348,-0.001043048040919951,1.378132062091692,0.054765886630537546,0.07547462427442253,0.07547462427442253,0.07547462427442253,0.0,0.0,0,0.01,0.01,0.14443959050268573,0.2855168739297866,17.69326771821198,0.01,0.07831843002833337,0.1745181850657059,5.003411128246471,0.01,0.07332028449042861,0.1621459885466654,4.700344154830714,0.01,0.14377604356749352,0.419304217175834,52.630225388833885,0.01,0.14300958141600237,0.33641674822646134,10.266064972765902,0.01,0.08865592032826888,0.14237539210863517,14.433189809528152
12.68,20.0,19.855352494150758,0.14464750584924344,-0.0007094455356006242,1.3829428249227091,0.05476528428443489,0.07573725695601163,0.07573725695601163,0.07573725695601163,0.0,0.0,0,0.01,0.01,0.14443936998584833,0.2855166627901336,17.69371512290016,0.01,0.0783182024569548,0.1745179739260529,5.003954092477643,0.01,0.07332006029988723,0.1621457774070124,4.700853104809634,0.01,0.14377623614369375,0.4193044003510914,52.629898315163274,0.01,0.14300980039405112,0.3364169314017188,10.265570039891236,0.01,0.0886560556170315,0.14237551164167536,14.431804017998742
12.69,20.0,19.855049706114976,0.14495029388502415,-0.00034959288895460185,1.3858469156081075,0.05476492067488513,0.07589579640081223,0.07589579640081223,0.07589579640081223,0.0,0.0,0,0.01,0.01,0.1444392267499267,0.28551653533477206,17.69432456792808,0.01,0.0783180540052976,0.17451784647069132,5.004555779917438,0.01,0.07331991520916838,0.16214564995165082,4.701416737902127,0.01,0.1437763651595284,0.41930451092449794,52.629256678814826,0.01,0.14300995601040686,0.33641704197512534,10.264947391891326,0.01,0.08865614638907343,0.1423755837984927,14.430166798066374
12.700000000000001,20.0,19.854955713235725,0.14504428676427383,1.899715921749548e-05,1.3867484248766304,0.054764807801428464,0.07594501095730233,0.07594501095730233,0.07594501095730233,0.0,-0.0,0,0.01,0.01,0.1444391658809227,0.28551649576949373,17.695063895962267,0.01,0.07831798996510302,0.17451780690541305,5.00518661964786,0.01,0.07331985435226898,0.16214561038637254,4.702007359751354,0.01,0.14377642590947873,0.41930454524902966,52.628337315034344,0.01,0.14301004230677963,0.336417076299657,10.264228989917035,0.01,0.0886561893278142,0.14237560619777098,14.428360439018993
12.71,20.0,19.855070412478174,0.14492958752182475,0.0003784488066774298,1.385648316187284,0.05476494554058068,0.07588495457439393,0.07588495457439393,0.07588495457439393,0.0,-0.0,0,0.01,0.01,0.1444391802691989,0.2855165440508907,17.69617011689976,0.01,0.07831800326815301,0.17451785518681,5.006020367834688,0.01,0.07331987030921233,0.1621456586677695,4.702818864136013,0.01,0.14377641073545963,0.4193045033628899,52.627407990180814,0.01,0.14301005424343685,0.3364170344135172,10.263485032917938,0.01,0.08865617907348285,0.14237557886399693,14.426858452989542
12.72,20.0,19.855383417672765,0.14461658232723432,0.000710971870066734,1.3826462344227444,0.05476532141959224,0.07572106543775048,0.07572106543775048,0.07572106543775048,0.0,-0.0,0,0.01,0.01,0.1444392636059471,0.28551667580706025,17.697710982358696,0.01,0.07831808633019595,0.17451798694297954,5.007139334880182,0.01,0.07331995756275414,0.16214579042393903,4.703884826104171,0.01,0.14377632026712903,0.4193043890582592,52.626578727714545,0.01,0.14300997537429957,0.3364169201088866,10.262995248460383,0.01,0.08865611583391397,0.1423755042723578,14.4258601783669
12.73,20.0,19.85587475632801,0.1441252436719897,0.0010009279385866082,1.3779338116878463,0.054765911453340296,0.07546380111946027,0.07546380111946027,0.07546380111946027,0.0,-0.0,0,0.01,0.01,0.14443942009337546,0.285516882630905,17.699268938812423,0.01,0.07831824413570945,0.17451819376682431,5.008217797522702,0.01,0.07332011978210506,0.1621459972477838,4.704894496870696,0.01,0.14377616862245574,0.41930420962708537,52.625612051867186,0.01,0.1430098278265396,0.3364167406777127,10.262554571872522,0.01,0.08865600967705178,0.14237538718265647,14.424898799861355
12.74,20.0,19.85651632224141,0.14348367775858953,0.0012355569222389743,1.3717807141409868,0.054766681888937074,0.07512787799273835,0.07512787799273835,0.07512787799273835,0.0,-0.0,0,0.01,0.01,0.1444396422374347,0.28551715269156264,17.700705979347372,0.01,0.07831846950262843,0.1745184638274819,5.00914841900881,0.01,0.0733203488942627,0.1621462673084414,4.7057583953921425,0.01,0.14377596478396693,0.41930397533110025,52.62455247058728,0.01,0.143009623990325,0.3364165063817276,10.262133582364541,0.01,0.08865586690806992,0.14237523429308424,14.42400887255536
12.75,20.0,19.85727362556003,0.14272637443996997,0.001405270985033785,1.3645178310407409,0.054767591307585725,0.07473135490235261,0.07473135490235261,0.07473135490235261,0.0,-0.0,0,0.01,0.01,0.14443991803926115,0.28551747147103645,17.70194673460386,0.01,0.07831875034187777,0.17451878260695575,5.0098804917816295,0.01,0.073320632463653,0.16214658608791524,4.70643317854049,0.01,0.14377571983091342,0.4193036987633266,52.623452649545506,0.01,0.14300937530348523,0.33641622981395397,10.261748244113946,0.01,0.0886556952904209,0.1423750538230984,14.423230486380563
12.76,20.0,19.858107658965988,0.14189234103400997,0.001503857007776981,1.356519350681857,0.054768592865881004,0.07429465603218388,0.07429465603218388,0.07429465603218388,0.0,-0.0,0,0.01,0.01,0.14444023302112768,0.2855178225497091,17.70293638671955,0.01,0.07831907191320693,0.17451913368562838,5.010383078379108,0.01,0.0733209556054888,0.16214693716658787,4.706891391983424,0.01,0.14377544648099114,0.41930339416716267,52.62236566596697,0.01,0.14300909478115253,0.33641592521779007,10.261415529977848,0.01,0.08865550373719437,0.142374855068626,14.42259729486132
12.77,20.0,19.8589768770863,0.14102312291369987,0.001528641405407115,1.3481837560743697,0.05476963667302075,0.07383953448866165,0.07383953448866165,0.07383953448866165,0.0,-0.0,0,0.01,0.01,0.14444057121142426,0.28551818843952464,17.70363506023292,0.01,0.07831941789470859,0.1745194995754439,5.01063863394036,0.01,0.07332130194740152,0.1621473030564034,4.707117444871139,0.01,0.14377515843985172,0.41930307671398687,52.62134250712006,0.01,0.14300879656499413,0.3364156077646142,10.261149667850484,0.01,0.08865530185504057,0.1423746479303018,14.42213513807699
12.780000000000001,20.0,19.859839231180285,0.1401607688197145,0.0014805117939229854,1.339914299882437,0.054770672234304645,0.07338800694091874,0.07338800694091874,0.07338800694091874,0.0,-0.0,0,0.01,0.01,0.14444091598166356,0.2855185514404535,17.70401794095062,0.01,0.07831977125632163,0.1745198625763728,5.010642034705681,0.01,0.07332165447510983,0.1621476660573323,4.707107223724356,0.01,0.14377486972550743,0.41930276176035525,52.62042973288063,0.01,0.14300849523759385,0.3364152928109826,10.260961351099963,0.01,0.08865509947038046,0.1423744424285588,14.421861067020348
12.790000000000001,20.0,19.860654169516316,0.13934583048368468,0.0013637754506523076,1.3320998196928722,0.05477165085331766,0.0729613062259854,0.0729613062259854,0.0729613062259854,0.0,-0.0,0,0.01,0.01,0.14444125085771276,0.28551889448253165,17.704075782942937,0.01,0.07832011509565122,0.17452020561845094,5.010400188361574,0.01,0.07332199635924547,0.16214800909941043,4.706867831387925,0.01,0.14377459399748255,0.41930246411746797,52.619667400524854,0.01,0.14300820512229492,0.33641499516809537,10.260857319451082,0.01,0.08865490615904809,0.14237424822692532,14.42178278729363
12.8,20.0,19.86138451146276,0.13861548853723984,0.0011858612196281881,1.325096775393565,0.05477252788235203,0.0725789000770588,0.0725789000770588,0.0725789000770588,0.0,-0.0,0,0.01,0.01,0.14444156029499866,0.28551920191475644,17.70381487272963,0.01,0.07832043343501974,0.17452051305067573,5.009931320476701,0.01,0.07332231174592602,0.1621483165316352,4.706416921388882,0.01,0.14377434392147032,0.419302197366499,52.619087350132226,0.01,0.1430079396138314,0.3364147284171264,10.260840148021554,0.01,0.08865473080093239,0.14237407418544729,14.421898552732996
12.81,20.0,19.86199811052103,0.1380018894789702,0.000956882283446428,1.3192133193403082,0.05477326471929046,0.07225762036144057,0.07225762036144057,0.07225762036144057,0.0,-0.0,0,0.01,0.01,0.14444183038685338,0.28551946020515345,17.703256310171238,0.01,0.07832071195039958,0.17452077134107277,5.009263803789617,0.01,0.0733225864781505,0.16214857482203227,4.705781583538352,0.01,0.14377413059839245,0.4193019732508032,52.61871192396798,0.01,0.14300771057119127,0.3364145043014306,10.26090823850601,0.01,0.08865458117985243,0.1423739279644302,14.422197505418298
12.82,20.0,19.86246923352489,0.13753076647510956,0.0006890840058750058,1.3146960934441838,0.054773830463595435,0.07201094093346294,0.07201094093346294,0.07201094093346294,0.0,-0.0,0,0.01,0.01,0.14444204947530206,0.2855196585213728,17.702434627500676,0.01,0.0783209386011855,0.17452096965729208,5.008434560882857,0.01,0.07332280871651628,0.16214877313825157,4.704996828196464,0.01,0.14377396308308757,0.41930180117166727,52.61855316967817,0.01,0.14300752779973727,0.33641433222229467,10.261056007484266,0.01,0.08865446364630042,0.14237381569583338,14.422660435541506
12.83,20.0,19.862779598543035,0.13722040145696285,0.0003962059986502737,1.3117202997347301,0.05477420316244455,0.07184843418997278,0.07184843418997278,0.07184843418997278,0.0,-0.0,0,0.01,0.01,0.14444220863840562,0.28551978916762033,17.70139581912471,0.01,0.07832110413425526,0.17452110030353962,5.007487115292997,0.01,0.0733229694329755,0.16214890378449914,4.704103744069754,0.01,0.14377384801298154,0.41930168780869526,52.6186125528213,0.01,0.14300739864466777,0.33641421885932266,10.261274258204853,0.01,0.08865438285726027,0.14237374173599826,14.423260915127297
12.84,20.0,19.862919031704113,0.1370809682958856,9.279092059414086e-05,1.3103834215211045,0.05477437059928412,0.07177542715755492,0.07177542715755492,0.07177542715755492,0.0,-0.0,0,0.01,0.01,0.14444230203471933,0.2855198478611724,17.700194883751774,0.01,0.07832120244225316,0.1745211589970917,5.006469384927374,0.01,0.07332306275801706,0.1621489624780512,4.703147418874431,0.01,0.14377378936135396,0.41930163687946054,52.61888117915246,0.01,0.14300732771204983,0.3364141679300879,10.261550713785617,0.01,0.08865434160328522,0.14237370850917874,14.423966742960243
12.85,20.0,19.862885728857478,0.13711427114252336,-0.0002064382987729325,1.3107027268152136,0.054774330607919725,0.0717928644872784,0.0717928644872784,0.0717928644872784,0.0,0.0,0,0.01,0.01,0.1444423265841268,0.285519833842538,17.698910149626013,0.01,0.07832123053819878,0.17452114497845728,5.005436958911261,0.01,0.07332308537266294,0.16214894845941677,4.70219572203582,0.01,0.1437737859697383,0.41930164904364653,52.61942229700108,0.01,0.14300731543044282,0.3364141800942739,10.261888571262025,0.01,0.08865433909020295,0.14237371644522043,14.424885558189464
12.86,20.0,19.862686137466152,0.1373138625338475,-0.0004879021959638165,1.312616404468017,0.05477409093065125,0.07189737029539567,0.07189737029539567,0.07189737029539567,0.0,0.0,0,0.01,0.01,0.1444422685020565,0.2855197498257479,17.698093246545437,0.01,0.07832117325415089,0.1745210609616672,5.004830269842377,0.01,0.07332302423074494,0.1621488644426267,4.701660663114782,0.01,0.1437738306729125,0.41930172194610005,52.62040323754474,0.01,0.14300734924001934,0.33641425299672745,10.262428874730164,0.01,0.08865437019746683,0.14237376400771648,14.426332558518176
12.870000000000001,20.0,19.86233358624197,0.1376664137580299,-0.0007403841896145824,1.3159966983952238,0.05477366757273231,0.07208196568471326,0.07208196568471326,0.07208196568471326,0.0,0.0,0,0.01,0.01,0.14444214468562006,0.2855196014215013,17.6973620851897,0.01,0.07832104748464111,0.17452091255742055,5.004366611912868,0.01,0.07332289668792244,0.16214871603838005,4.701229156516829,0.01,0.14377392695903723,0.4193018507174802,52.621533288922585,0.01,0.14300743326678148,0.33641438176810756,10.263047311163268,0.01,0.08865443742415069,0.14237384802055048,14.427808726807665
12.88,20.0,19.861847920572302,0.13815207942769903,-0.0009526292653240939,1.320653391601456,0.054773084364691214,0.07233625963470214,0.07233625963470214,0.07233625963470214,0.0,0.0,0,0.01,0.01,0.14444196534190043,0.2855193969836829,17.696649248772474,0.01,0.07832086454771761,0.17452070811960219,5.003967270857512,0.01,0.07332271256248059,0.16214851160056168,4.700856145979325,0.01,0.14377407035734133,0.41930202810769,52.62271577308816,0.01,0.14300756674666612,0.33641455915831736,10.263654237339523,0.01,0.08865453769315851,0.1423739637547436,14.429168791133085
12.89,20.0,19.8612548531326,0.13874514686739872,-0.0011154708813131717,1.3263400164170096,0.054772372182681335,0.07264678901997612,0.07264678901997612,0.07264678901997612,0.0,0.0,0,0.01,0.01,0.14444174018385597,0.2855191473359843,17.69598516973748,0.01,0.07832063441535755,0.17452045847190364,5.003646296986245,0.01,0.073322481786035,0.16214826195286314,4.700556558428422,0.01,0.14377425321726792,0.4193022447234446,52.62389006658922,0.01,0.14300774346825637,0.336414775774072,10.264205670303124,0.01,0.08865466566147016,0.1423741050831589,14.430343774246225
12.9,20.0,19.86058461313041,0.13941538686958985,-0.0012222931030136373,1.3327667880887937,0.05477156732661395,0.07299772586448039,0.07299772586448039,0.07299772586448039,0.0,0.0,0,0.01,0.01,0.1444414807982774,0.2855188652032853,17.69539999826038,0.01,0.0783203689408016,0.17452017633920455,5.003417002664528,0.01,0.07332221622692874,0.16214797982016405,4.700342891893993,0.01,0.1437744660892469,0.4193024895220533,52.62500074617596,0.01,0.14300795447951722,0.33641502057268063,10.264672705790684,0.01,0.08865481471655473,0.14237426480233845,14.43128168251945
12.91,20.0,19.859870417240547,0.14012958275945214,-0.0012692665530210528,1.33961525021438,0.0547707096841484,0.07337167795794963,0.07337167795794963,0.07337167795794963,0.0,0.0,0,0.01,0.01,0.1444412001341623,0.28551856456798014,17.69491957996292,0.01,0.0783200813840066,0.17451987570389946,5.003288197764398,0.01,0.07332192913691077,0.16214767918485895,4.700223348244161,0.01,0.1437746983026584,0.419302750370277,52.62599692491423,0.01,0.14300818918268277,0.3364152814209043,10.265034111908593,0.01,0.08865497738633112,0.1423744349968367,14.43194349940224
12.92,20.0,19.859146839535747,0.1408531604642529,-0.0012554632812249397,1.3465538938381043,0.05476984077333969,0.07375054235823353,0.07375054235823353,0.07375054235823353,0.0,0.0,0,0.01,0.01,0.14444091186457406,0.2855182599837961,17.69456427807043,0.01,0.07831978576009135,0.1745195711197154,5.003263778317923,0.01,0.07332163449722942,0.16214737460067488,4.700201525253248,0.01,0.14377493850505194,0.41930301463995723,52.62683421575125,0.01,0.1430084360335661,0.33641554569058457,10.265274897996601,0.01,0.08865514571745912,0.1423746074276383,14.432304081132363
12.93,20.0,19.858448154137477,0.14155184586252356,-0.0011828370455757142,1.3532540452770485,0.05476900175245572,0.07411637317729647,0.07411637317729647,0.07411637317729647,0.0,0.0,0,0.01,0.01,0.14444062972708216,0.28551796587813694,17.694348136322947,0.01,0.07831949616303518,0.17451927701405626,5.003342650442766,0.01,0.07332134634438343,0.16214708049501575,4.700276350436863,0.01,0.14377517521289865,0.4193032698134424,52.62747663508324,0.01,0.14300868314999007,0.33641580086406975,10.265386274658324,0.01,0.08865531166125874,0.14237477392709538,14.432352953616387
12.94,20.0,19.857806727801886,0.14219327219811165,-0.0010560695126358248,1.3594052828832703,0.05476823148968148,0.0744522232212469,0.0744522232212469,0.0744522232212469,0.0,0.0,0,0.01,0.01,0.14444036687553205,0.28551769587546005,17.69427835384836,0.01,0.07831922610032445,0.17451900701137935,5.003518889577412,0.01,0.07332107810798619,0.16214681049233884,4.7004422323344075,0.01,0.14377539735537498,0.4193035040705945,52.6278981080394,0.01,0.14300891889059558,0.33641603512122187,10.265365768111108,0.01,0.0886554674549097,0.1423749267819863,14.43209447778494
12.950000000000001,20.0,19.857251536685244,0.1427484633147544,-0.0008822916058185669,1.3647296699757572,0.054767564781874944,0.07474292061014409,0.07474292061014409,0.07474292061014409,0.0,0.0,0,0.01,0.01,0.14444013527324062,0.28551746217293417,17.694355090786992,0.01,0.07831898786953777,0.1745187733088535,5.0037821212237485,0.01,0.07332084199145206,0.16214657678981298,4.70068941892265,0.01,0.14377559478662355,0.41930370683028073,52.628083486760744,0.01,0.14300913240089658,0.3364162378809081,10.265217157479773,0.01,0.08865560598079417,0.1423750590870022,14.431547334230904
12.96,20.0,19.85680687439477,0.1431931256052274,-0.0006706955017857765,1.3689941583780567,0.05476703080297984,0.07497574524099049,0.07497574524099049,0.07497574524099049,0.0,0.0,0,0.01,0.01,0.14443994515523184,0.2855172749966262,17.694571608028465,0.01,0.07831879200525796,0.1745185861325455,5.004118101515286,0.01,0.07332064842368204,0.162146389613505,4.701004542839625,0.01,0.14377575874322862,0.4193038692218872,52.62802903970528,0.01,0.14300931410788717,0.3364164002725146,10.264950155270558,0.01,0.08865572108765121,0.14237516505266162,14.430743356450142
12.97,20.0,19.856491308098086,0.14350869190191534,-0.00043205775923847283,1.3720206152632424,0.05476665185029998,0.07514097536755637,0.07514097536755637,0.07514097536755637,0.0,0.0,0,0.01,0.01,0.14443980458333952,0.28551714216210816,17.694914728153666,0.01,0.07831864682082883,0.17451845329802743,5.004509466840788,0.01,0.07332050560603073,0.16214625677898692,4.701371324543302,0.01,0.14377588222664983,0.4193039844661894,52.62774239755662,0.01,0.14300945614279173,0.3364165155168167,10.264579827560592,0.01,0.08865580785928916,0.14237524025411785,14.429725776430077
12.98,20.0,19.856316926618824,0.14368307338117522,-0.00017819788074324301,1.3736930489333552,0.05476644244141748,0.07523228129658388,0.07523228129658388,0.07523228129658388,0.0,0.0,0,0.01,0.01,0.1444397191131434,0.28551706875797217,17.69536559001535,0.01,0.07831855806450647,0.17451837989389146,5.004936614459827,0.01,0.07332041917385283,0.16214618337485096,4.701771397701504,0.01,0.14377596029432527,0.4193040481496056,52.62724196670074,0.01,0.14300955267418625,0.33641657920023293,10.264125778986244,0.01,0.08865586281936846,0.14237528181038278,14.42854697228187
12.99,20.0,19.856288909774456,0.1437110902255449,7.860082189214631e-05,1.373961750185652,0.05476640879691481,0.07524695088199196,0.07524695088199196,0.07524695088199196,0.0,-0.0,0,0.01,0.01,0.14443969155736183,0.28551705696456414,17.695901617841272,0.01,0.07831852869311758,0.1745183681004834,5.005378933767787,0.01,0.07332039194109345,0.1621461715814429,4.702186399523074,0.01,0.1437759902477963,0.4193040583812169,52.62655584622082,0.01,0.14300960013801134,0.33641658943184427,10.263611142338503,0.01,0.08865588406401853,0.14237528848698616,14.427265829257058
13.0,20.0,19.85640535312102,0.14359464687898169,0.0003257585126829968,1.3728449787195631,0.0547665486298606,0.07518598128830489,0.07518598128830489,0.07518598128830489,0.0,-0.0,0,0.01,0.01,0.14443971306078057,0.2855171059802197,17.696793410352036,0.01,0.07831854962424115,0.17451841711613897,5.006041729549759,0.01,0.07332041489413664,0.1621462205970985,4.702832772307509,0.01,0.14377596484857152,0.41930401585663923,52.625960063837326,0.01,0.14300959236655328,0.3364165469072666,10.263130786023991,0.01,0.0886558664995284,0.14237526073775558,14.426370193855492
13.01,20.0,19.85665721529311,0.14334278470688666,0.000551169008888225,1.3704294674566377,0.054766851082579504,0.07505410656337641,0.07505410656337641,0.07505410656337641,0.0,-0.0,0,0.01,0.01,0.1444397844819598,0.28551721199909674,17.697886959510402,0.01,0.07831862108881657,0.174518523135016,5.00682765718734,0.01,0.07332048942068475,0.1621463266159755,4.703577043290785,0.01,0.1437758902497653,0.4193039238772712,52.625355408587666,0.01,0.14300952385441684,0.3364164549278986,10.262806430165814,0.01,0.08865581432339377,0.14237520071736354,14.425680395442107
13.02,20.0,19.85702899703859,0.1429710029614105,0.0007443861970496673,1.3668639033913026,0.05476729754214945,0.0748594420966553,0.0748594420966553,0.0748594420966553,0.0,-0.0,0,0.01,0.01,0.1444399060725226,0.2855173684969981,17.698959139361968,0.01,0.07831874393128081,0.1745186796329174,5.007558711748903,0.01,0.0733206152622425,0.1621464831138769,4.704259677664737,0.01,0.1437757744419966,0.41930378810247126,52.62466077933955,0.01,0.14300941012387697,0.33641631915309866,10.26250174750565,0.01,0.08865573324268135,0.14237511211949078,14.425019375052873
13.030000000000001,20.0,19.857499822906302,0.1425001770936988,0.0008970624925658412,1.362348542451949,0.054767862939474686,0.07461291824880145,0.07461291824880145,0.07461291824880145,0.0,-0.0,0,0.01,0.01,0.14444007155038832,0.285517566686681,17.699931458658778,0.01,0.078318911991183,0.1745188778226003,5.008175604771276,0.01,0.07332078577078979,0.1621466813035598,4.704831352209595,0.01,0.14377562405831276,0.41930361615478623,52.62391060195424,0.01,0.14300925905897938,0.3364161472054136,10.262213122841716,0.01,0.0886556279070255,0.14237499991902264,14.424415730913491
13.040000000000001,20.0,19.858044688287354,0.14195531171264594,0.0010030954072086694,1.3571232368275414,0.05476851724694297,0.07432762740241627,0.07432762740241627,0.07432762740241627,0.0,-0.0,0,0.01,0.01,0.1444402720177687,0.2855177960427674,17.70075594658744,0.01,0.0783191162680564,0.17451910717868666,5.008647420124361,0.01,0.07332099175378255,0.16214691065964615,4.7052653007921315,0.01,0.1437754471654409,0.4193034171648333,52.62314188877066,0.01,0.14300907892288958,0.33641594821546067,10.261952544318154,0.01,0.08865550396865861,0.14237487007483646,14.423896423247257
13.05,20.0,19.858635783345747,0.14136421665425136,0.001058774866301691,1.3514547258651293,0.05476922706840675,0.07401813075357866,0.07401813075357866,0.07401813075357866,0.0,-0.0,0,0.01,0.01,0.1444404970482444,0.285518044859022,17.701397037703703,0.01,0.07831934613376941,0.17451935599494126,5.0089550577232735,0.01,0.07332122250233891,0.16214715947590075,4.705544504286351,0.01,0.14377525286003914,0.41930320128807896,52.6223914736133,0.01,0.14300887904296009,0.33641573233870636,10.261731455804606,0.01,0.08865536780266499,0.14237472921426783,14.42348362824023
13.06,20.0,19.85924388997934,0.14075611002066013,0.0010628759711175566,1.3456232298751314,0.0547699573168309,0.07369972686479709,0.07369972686479709,0.07369972686479709,0.0,-0.0,0,0.01,0.01,0.14444073532535548,0.28551830083637664,17.701829508838973,0.01,0.07831959001688776,0.17451961197229593,5.009088473353725,0.01,0.0733214664222529,0.16214741545325542,4.705660100903507,0.01,0.14377505080803082,0.4193029791948709,52.621694296729636,0.01,0.14300866941400533,0.3364155102454983,10.261559192070857,0.01,0.08865522618399758,0.1423745843001831,14.423193864705791
13.07,20.0,19.85983980207284,0.14016019792715878,0.001016644881005571,1.3399088254703935,0.054770672919862144,0.07338770802227557,0.07338770802227557,0.07338770802227557,0.0,-0.0,0,0.01,0.01,0.14444097522027005,0.28551855168076623,17.702038781559523,0.01,0.07831983600231991,0.17451986281668552,5.009046248712165,0.01,0.073321711619852,0.16214766629764502,4.705611232389377,0.01,0.14377485077179275,0.4193027615518484,52.621081812620716,0.01,0.14300846021230793,0.33641529260247577,10.261442528653937,0.01,0.08865508595596418,0.1423744422925136,14.423037383767939
13.08,20.0,19.86039570496384,0.13960429503616217,0.0009236708793642021,1.334578217612613,0.05477134047636306,0.07309663794919818,0.07309663794919818,0.07309663794919818,0.0,-0.0,0,0.01,0.01,0.14444120535314842,0.2855187856838044,17.702021205863424,0.01,0.07832007240905074,0.1745200968197237,5.0088352887184335,0.01,0.07332194647446809,0.16214790030068316,4.705404803338118,0.01,0.14377466214626966,0.4193025585181194,52.62058060129901,0.01,0.14300826131013666,0.3364150895687468,10.261385428698564,0.01,0.08865495370500742,0.14237430981952556,14.423017860920712
13.09,20.0,19.860886450785497,0.13911354921450428,0.0007896517592520039,1.329872515355412,0.05477192978785754,0.07283968403784813,0.07283968403784813,0.07283968403784813,0.0,-0.0,0,0.01,0.01,0.1444414151243327,0.2855189922596364,17.701783912625995,0.01,0.078320288336363,0.17452030339555571,5.008470241386172,0.01,0.07332216018006087,0.1621481068765152,4.705054932781563,0.01,0.14377449352532137,0.4193023792793451,52.62021124663738,0.01,0.14300808181781557,0.3364149103299725,10.261388932822483,0.01,0.08865483545671299,0.14237419287391717,14.423132404152366
13.1,20.0,19.861290672432492,0.13870932756750634,0.0006220661226758946,1.3259965590036444,0.054772415196146874,0.07262803407840968,0.07262803407840968,0.07262803407840968,0.0,-0.0,0,0.01,0.01,0.14444159519325037,0.2855191624138684,17.701344183192692,0.01,0.07832047415693354,0.1745204735497877,5.007972594573713,0.01,0.07332234323276797,0.1621482770307472,4.7045820942164145,0.01,0.14377435231789837,0.41930223164067154,52.61998752840297,0.01,0.1430079296744369,0.3364147626912989,10.261451189859905,0.01,0.08865473640676959,0.14237409654738148,14.423371870658368
13.11,20.0,19.861591687965383,0.1384083120346149,0.0004297705257894171,1.3231102587981916,0.054772776669253585,0.07247042271395165,0.07247042271395165,0.07247042271395165,0.0,-0.0,0,0.01,0.01,0.14444173788427536,0.2855192891242857,17.70072836479017,0.01,0.07832062193568708,0.17452060026020497,5.00736948370993,0.01,0.0733224878431534,0.16214840374116446,4.70401198517615,0.01,0.14377424443081893,0.4193021216961531,52.6199159582554,0.01,0.14300781130523543,0.3364146527467805,10.26156762333176,0.01,0.08865466069861498,0.1423740248151165,14.423721469910697
13.120000000000001,20.0,19.861778158460062,0.13822184153993733,0.00022254254604409858,1.321322297664304,0.054773000591291275,0.07237278699125327,0.07237278699125327,0.07237278699125327,0.0,-0.0,0,0.01,0.01,0.1444418375025294,0.2855193676177856,17.69997039031223,0.01,0.0783207257568997,0.17452067875370492,5.006692268927109,0.01,0.07332258825589293,0.16214848223466444,4.7033741833857015,0.01,0.14377417403133658,0.41930205358823003,52.61999567252447,0.01,0.1430077313600055,0.3364145846388574,10.26173122231237,0.01,0.08865461125698595,0.1423739803790863,14.424161616825723
13.13,20.0,19.861844474975555,0.1381555250244459,1.0592870077382114e-05,1.3206864292651448,0.0547730802270682,0.07233806374494,0.07233806374494,0.07233806374494,0.0,-0.0,0,0.01,0.01,0.14444189054728535,0.28551939553328176,17.699109979639946,0.01,0.07832078194677676,0.17452070666920105,5.005974951384036,0.01,0.07332264096445938,0.16214851015016055,4.702700655679806,0.01,0.14377414339855418,0.41930202936619176,52.6202186774453,0.01,0.14300769254272186,0.33641456041681916,10.261932939800667,0.01,0.0886545896836952,0.14237396457583074,14.424668988966205
13.14,20.0,19.86179088254572,0.13820911745427994,-0.00019580702054710546,1.3212002940664596,0.05477301587093218,0.07236612467558245,0.07236612467558245,0.07236612467558245,0.0,0.0,0,0.01,0.01,0.1444418934309991,0.2855193729739046,17.698270855248783,0.01,0.07832078707076909,0.1745206841098239,5.005304953235737,0.01,0.07332264210856318,0.1621484875907834,4.702095479696888,0.01,0.14377414959699436,0.4193020489407743,52.62068398408095,0.01,0.14300769285176157,0.3364145799914017,10.262199207881991,0.01,0.08865459392720033,0.14237397734693058,14.4254188544679
13.15,20.0,19.861623217696096,0.13837678230390243,-0.00038781962747466513,1.3228079368425483,0.05477281453156244,0.07245391378555566,0.07245391378555566,0.07245391378555566,0.0,0.0,0,0.01,0.01,0.14444184000826968,0.28551930239651213,17.69773996806297,0.01,0.07832073351834615,0.17452061353243142,5.004929628354254,0.01,0.07332258653928721,0.16214841701339092,4.701756581883935,0.01,0.1437741900681542,0.41930211018001473,52.621406435737455,0.01,0.14300772510779278,0.33641464123064213,10.262599790841216,0.01,0.08865462212322538,0.14237401730156,14.426452864851964
13.16,20.0,19.86135193369256,0.138648066307439,-0.0005575050529714247,1.3254091497245335,0.05477248876147778,0.07259595775764682,0.07259595775764682,0.07259595775764682,0.0,0.0,0,0.01,0.01,0.14444174311947605,0.28551918820136973,17.697231471534813,0.01,0.07832063495068874,0.17452049933728903,5.004617101430304,0.01,0.07332248685375299,0.16214830281824852,4.701465087375327,0.01,0.1437742660855346,0.4193022092653542,52.6222089020772,0.01,0.14300779283004436,0.33641474031598156,10.263033276757167,0.01,0.08865467522540826,0.14237408194876128,14.42746812626181
13.17,20.0,19.86099200513149,0.13900799486850907,-0.0006973176615357268,1.3288603807493218,0.05477205654252711,0.07278441591152596,0.07278441591152596,0.07278441591152596,0.0,0.0,0,0.01,0.01,0.14444160909097942,0.28551903669197903,17.69674062840019,0.01,0.07832049815241145,0.17452034782789833,5.004351392205165,0.01,0.0733223493219004,0.16214815130885785,4.701216919394571,0.01,0.14377437375683855,0.419302340726632,52.623036495816464,0.01,0.143007894196066,0.33641487177725937,10.263449249225637,0.01,0.08865475053377196,0.14237416772016334,14.428388267321074
13.18,20.0,19.86056227736844,0.13943772263156004,-0.0008012968812399496,1.3329809636409005,0.05477154050473633,0.07300942084210005,0.07300942084210005,0.07300942084210005,0.0,0.0,0,0.01,0.01,0.14444144505120268,0.28551885580121206,17.696289420511054,0.01,0.07832033042375244,0.17452016693713135,5.004143007420711,0.01,0.07332218124322412,0.16214797041809081,4.701022482153866,0.01,0.143774507376187,0.41930249767989625,52.62384823492995,0.01,0.14300802427601778,0.3364150287305236,10.263820696651848,0.01,0.08865484405975693,0.14237427012499218,14.429169112148918
13.19,20.0,19.86008448343103,0.1399155165689699,-0.000865311652312278,1.3375625356888001,0.05477096674585752,0.07325959316271613,0.07325959316271613,0.07325959316271613,0.0,0.0,0,0.01,0.01,0.14444125936909671,0.2855186546774747,17.695898224881944,0.01,0.07832014032793762,0.17451996581339402,5.0040004936470215,0.01,0.0733219911881095,0.1621477692943535,4.700889769459978,0.01,0.14377466009727524,0.4193026721866696,52.62460612365056,0.01,0.1430081764763456,0.336415203237297,10.264129025968801,0.01,0.08865495101113814,0.14237438398431734,14.429776640703482
13.200000000000001,20.0,19.859582154290834,0.14041784570916432,-0.0008872048127020959,1.3423794796396344,0.054770363522844256,0.07352261208546929,0.07352261208546929,0.07352261208546929,0.0,0.0,0,0.01,0.01,0.144441061253119,0.2855184432259832,17.69558416789811,0.01,0.07831993729696303,0.17451975436190248,5.003929139550543,0.01,0.0733217885781872,0.162147557842862,4.70082369890113,0.01,0.14377482431714778,0.419302855652131,52.625275654067174,0.01,0.1430083431923251,0.3364153867027584,10.264360548046662,0.01,0.08865506606299582,0.14237450369071594,14.430185997262663
13.21,20.0,19.85907947128679,0.14092052871320992,-0.0008668495561185986,1.3471999231122482,0.05476975987383116,0.07378581629090164,0.07378581629090164,0.07378581629090164,0.0,0.0,0,0.01,0.01,0.14444086029953437,0.28551823162569306,17.695360378011486,0.01,0.07831973116941363,0.17451954276161233,5.003930772350553,0.01,0.07332158322402475,0.16214734624257182,4.700825946388362,0.01,0.14377499205473016,0.41930303924435924,52.62582722304827,0.01,0.1430085162700516,0.3364155702949866,10.26450588777009,0.01,0.08865518362313386,0.14237462348173058,14.43038219980064
13.22,20.0,19.858600113362893,0.14139988663710748,-0.0008061112590935918,1.3517967913637363,0.05476918423384998,0.07403680751292774,0.07403680751292774,0.07403680751292774,0.0,0.0,0,0.01,0.01,0.14444066603210373,0.28551802984405095,17.695235455569215,0.01,0.07831953171833765,0.1745193409799702,5.004003747550319,0.01,0.07332138485467704,0.1621471444609297,4.700894938946643,0.01,0.14377515533541596,0.4193032143153872,52.626237401641646,0.01,0.14300868742433054,0.3364157453660146,10.264560028463636,0.01,0.0886552981016031,0.14237473771457126,14.430360597046416
13.23,20.0,19.858166152829277,0.14183384717072253,-0.0007087168909987802,1.3559583985004038,0.05476866310877786,0.07426402871698656,0.07426402871698656,0.07426402871698656,0.0,0.0,0,0.01,0.01,0.14444048745518476,0.2855178471721778,17.69521316508034,0.01,0.07831934819244372,0.1745191583080971,5.004143101017708,0.01,0.07332120266130028,0.1621469617890566,4.701025998596672,0.01,0.14377530656651788,0.41930337280444563,52.626489902704996,0.01,0.14300884863758662,0.33641590385507303,10.264522372230182,0.01,0.08865540417393715,0.14237484112926593,14.430126861605002
13.24,20.0,19.857797050425045,0.14220294957495488,-0.0005800397028411099,1.3594980896345827,0.05476821986850034,0.07445729028391301,0.07445729028391301,0.07445729028391301,0.0,0.0,0,0.01,0.01,0.1444403326408978,0.2855176918018568,17.695292360508713,0.01,0.07831918889186028,0.1745190029377761,5.0043408529030335,0.01,0.07332104487591037,0.1621468064187356,4.7012116282233,0.01,0.14377543888647984,0.41930350760486623,52.626576196985305,0.01,0.1430089925331295,0.33641603865549363,10.264396652101105,0.01,0.08865549702613668,0.14237492908815397,14.429696506655782
13.25,20.0,19.857508794843323,0.1424912051566768,-0.00042681100640075626,1.3622624997969877,0.0547678737135321,0.07460822055356198,0.07460822055356198,0.07460822055356198,0.0,0.0,0,0.01,0.01,0.14444020836903432,0.2855175704633341,17.69546714268351,0.01,0.07831906079765978,0.1745188815992534,5.004586446356316,0.01,0.07332091840433587,0.1621466850802129,4.7014419234409965,0.01,0.14377554647205665,0.41930361287817414,52.62649575396368,0.01,0.14300911270890593,0.3364161439288015,10.264190660059688,0.01,0.0886555725703136,0.14237499778096177,14.429093955137013
13.26,20.0,19.857313224161658,0.1426867758383408,-0.00025677411949119274,1.364138069086814,0.05476763886007318,0.07471062112302418,0.07471062112302418,0.07471062112302418,0.0,0.0,0,0.01,0.01,0.14444011983552518,0.2855174881396929,17.695727237012388,0.01,0.07831896927143196,0.1745187992756122,5.004867297954187,0.01,0.07332082852948091,0.1621466027565717,4.701705088780374,0.01,0.14377562478995543,0.4193036843017312,52.6262559028504,0.01,0.14300920401776124,0.33641621535235855,10.263915795675574,0.01,0.08865562762149524,0.1423750443865289,14.42835121173896
13.27,20.0,19.857217557275064,0.14278244272493518,-7.82979893450093e-05,1.3650555431126614,0.05476752397725703,0.0747607121877103,0.0747607121877103,0.0747607121877103,0.0,0.0,0,0.01,0.01,0.14444007044173196,0.2855174478696244,17.696058569350853,0.01,0.0783189178375537,0.17451875900554373,5.005169431908125,0.01,0.07332077869736775,0.16214656248650322,4.701988032020536,0.01,0.1437756707823347,0.4193037192397014,52.62587132671629,0.01,0.14300926278245987,0.33641625029032873,10.263586456494194,0.01,0.08865566002811594,0.14237506718448908,14.427506206407495
13.280000000000001,20.0,19.857224152211398,0.14277584778860278,0.0001000149065452091,1.3649922955792393,0.054767531896872716,0.0747572590871215,0.0747572590871215,0.0747572590871215,0.0,-0.0,0,0.01,0.01,0.14444006097820883,0.2855174506457001,17.696467291766155,0.01,0.07831890741353384,0.1745187617816194,5.005494063073704,0.01,0.0733207696261748,0.1621465652625789,4.7022971844502734,0.01,0.1437756827135512,0.4193037168312044,52.625372460322204,0.01,0.1430092869368959,0.3364162478818317,10.263219303972546,0.01,0.08865566858552736,0.1423750656128781,14.426615463927057
13.290000000000001,20.0,19.857330394051672,0.14266960594832825,0.00026934253053939963,1.3639734051190635,0.05476765947875327,0.07470163098963645,0.07470163098963645,0.07470163098963645,0.0,-0.0,0,0.01,0.01,0.14444008433001088,0.2855174953671959,17.697155800153322,0.01,0.07831893042647067,0.1745188065031152,5.006001963291529,0.01,0.07332079430860218,0.16214660998407468,4.702788638331662,0.01,0.1437756549954647,0.41930367803120194,52.624986932616665,0.01,0.14300926984011195,0.33641620908182934,10.262919327987568,0.01,0.08865564928119596,0.14237504029484813,14.426086633417595
13.3,20.0,19.85752875672665,0.14247124327334781,0.00042150628514941687,1.3620710614993805,0.05476789768499623,0.07459776853589228,0.07459776853589228,0.07459776853589228,0.0,-0.0,0,0.01,0.01,0.14444014338277905,0.28551757886610274,17.697923079798908,0.01,0.07831898970325883,0.17451889000202203,5.006546939729821,0.01,0.07332085576137966,0.16214669348298152,4.703302360165121,0.01,0.1437755951972279,0.41930360558795654,52.624547029492284,0.01,0.14300921332015232,0.33641613663858394,10.262699243877265,0.01,0.0886556074419003,0.14237499302393786,14.42560899763378
13.31,20.0,19.857807384551922,0.14219261544807577,0.0005495692536736759,1.3593989846038477,0.054768232278346735,0.07445187934773223,0.07445187934773223,0.07445187934773223,0.0,-0.0,0,0.01,0.01,0.14444023657215282,0.28551769615191297,17.698657370384606,0.01,0.07831908400324228,0.17451900728783226,5.00703948591679,0.01,0.07332095207606808,0.16214681076879178,4.703761274459773,0.01,0.14377550772747977,0.419303503830743,52.62404999114092,0.01,0.14300912678611083,0.3364160348813704,10.262488838951269,0.01,0.08865554619425953,0.14237492662547943,14.4251560607713
13.32,20.0,19.85815088824453,0.14184911175546758,0.0006480996016005364,1.3561047846939691,0.054768644778161436,0.07427202123486909,0.07427202123486909,0.07427202123486909,0.0,-0.0,0,0.01,0.01,0.1444403589243052,0.2855178407466871,17.699312302345877,0.01,0.07831920838508513,0.17451915188260644,5.007445786808006,0.01,0.07332107804287678,0.16214695536356594,4.7041371410837085,0.01,0.14377539748903437,0.4193033783792731,52.62352075833202,0.01,0.14300901560279403,0.33641590942990046,10.262291635944216,0.01,0.08865546897331192,0.14237484476688703,14.424748255308058
13.33,20.0,19.85854122836437,0.1414587716356302,0.000713257614951203,1.3523614837615732,0.054769113521362135,0.07406763962605534,0.07406763962605534,0.07406763962605534,0.0,-0.0,0,0.01,0.01,0.14444050390827398,0.2855180050569214,17.69985701564452,0.01,0.07831935622398013,0.17451931619284067,5.007746793267211,0.01,0.07332122692936935,0.16214711967380016,4.704413294904657,0.01,0.14377527032463022,0.4193032358212021,52.62298524580673,0.01,0.14300888574072693,0.3364157668718295,10.262116163764544,0.01,0.08865537987293481,0.14237475174711153,14.424403612056608
13.34,20.0,19.85895865417296,0.14104134582703926,0.0007428958525459216,1.3483585062086567,0.05476961478993032,0.07384907598377399,0.07384907598377399,0.07384907598377399,0.0,-0.0,0,0.01,0.01,0.1444406640513411,0.28551818076874275,17.700268528201914,0.01,0.07831951989532068,0.17451949190466207,5.0079308341589925,0.01,0.07332139106650888,0.16214729538562156,4.704579321085147,0.01,0.14377513271478962,0.4193030833693793,52.62246892948422,0.01,0.14300874385890883,0.33641561442000667,10.261970076458473,0.01,0.08865528343474927,0.14237465227288962,14.424136647797464
13.35,20.0,19.859382686729607,0.14061731327039456,0.0007366062254132986,1.344292247133112,0.05477012399150619,0.07362705305630102,0.07362705305630102,0.07362705305630102,0.0,-0.0,0,0.01,0.01,0.14444083136426122,0.2855183592617294,17.700531094140032,0.01,0.07831969122539117,0.1745196703976487,5.007992437956753,0.01,0.07332156227291865,0.1621474738786082,4.70463045640923,0.01,0.14377499145278774,0.41930292850289913,52.62199566659335,0.01,0.14300859699657595,0.3364154595535265,10.26185945248817,0.01,0.08865518442025183,0.14237455122445777,14.42395780147155
13.36,20.0,19.85979310702998,0.14020689297002087,0.0006956895444540155,1.340356594776648,0.0547706168460176,0.07341215748954466,0.07341215748954466,0.07341215748954466,0.0,-0.0,0,0.01,0.01,0.1444409977412178,0.28551853202485655,17.70063647926514,0.01,0.07831986190503097,0.17451984316077584,5.007932120648919,0.01,0.07332173226151778,0.16214764664173534,4.704567507474173,0.01,0.1437748533148403,0.4193027786062516,52.62158661616494,0.01,0.14300845223164915,0.33641530965687894,10.261788528203523,0.01,0.08865508757959002,0.14237445342007002,14.423873060231896
13.370000000000001,20.0,19.860170904018418,0.13982909598158227,0.000623046312548717,1.3367338404817781,0.05477107052409624,0.07321434344897348,0.07321434344897348,0.07321434344897348,0.0,-0.0,0,0.01,0.01,0.14444115534747148,0.28551869105555555,17.700584093153957,0.01,0.07832002388834726,0.17452000219147484,5.007756136017118,0.01,0.07332189303493712,0.16214780567243436,4.704396632627013,0.01,0.14377472474043054,0.4193026406230655,52.621259314537454,0.01,0.1430083163453631,0.33641517167369284,10.261759547530488,0.01,0.08865499742745155,0.14237436339008572,14.42388380134041
13.38,20.0,19.860499139112328,0.13950086088767139,0.0005229951764422112,1.3335863916637887,0.054771464685212636,0.07304247995569335,0.07304247995569335,0.07304247995569335,0.0,-0.0,0,0.01,0.01,0.14444129698214844,0.28551882922363336,17.700380798041284,0.01,0.0783201697658688,0.17452014035955268,5.007476011095865,0.01,0.07332203725533779,0.16214794384051218,4.704128900198163,0.01,0.14377461153743548,0.4193025207402864,52.62102694696709,0.01,0.1430081955101462,0.3364150517909138,10.261772710903571,0.01,0.08865491803634332,0.14237428517095982,14.423986854805431
13.39,20.0,19.86076368875904,0.1392363112409595,0.00040102942429398906,1.331049656061842,0.05477178236932947,0.07290396208459005,0.07290396208459005,0.07290396208459005,0.0,-0.0,0,0.01,0.01,0.1444414164006783,0.28551894058385324,17.700040380960914,0.01,0.07832029309674407,0.17452025171977256,5.007107857583666,0.01,0.07332215857253194,0.16214805520073206,4.703779633314692,0.01,0.14377451862527388,0.41930242411686136,52.62089784476386,0.01,0.14300809501492184,0.33641495516748876,10.261826222042332,0.01,0.08865485285652025,0.142374222128302,14.424174778544545
13.4,20.0,19.860953833313648,0.13904616668635156,0.00026352469867296183,1.329226400360936,0.05477201070400156,0.07280440262861065,0.07280440262861065,0.07280440262861065,0.0,-0.0,0,0.01,0.01,0.1444415085829611,0.2855190206238261,17.699582716762617,0.01,0.07832038868575686,0.1745203317597454,5.00667148976768,0.01,0.0733222518962035,0.1621481352407049,4.703367574367076,0.01,0.14377444982716603,0.41930235466853516,52.620875225913124,0.01,0.14300801903978394,0.33641488571916256,10.261916427785582,0.01,0.08865480457032947,0.1423741768165615,14.424436327719855
13.41,20.0,19.861062668649907,0.13893733135009054,0.00011741307658786666,1.3281828083071956,0.05477214139860843,0.07274741657980255,0.07274741657980255,0.07274741657980255,0.0,-0.0,0,0.01,0.01,0.14444156993616525,0.28551906643728264,17.699032667606957,0.01,0.07832045279371234,0.1745203775732019,5.006189393155938,0.01,0.07332231360098272,0.1621481810541614,4.702913911787807,0.01,0.14377440771998037,0.41930231491739817,52.620957184753564,0.01,0.1430079704893409,0.3364148459680255,10.262038041936366,0.01,0.08865477498689782,0.14237415088095154,14.424757090712994
13.42,20.0,19.861087325946897,0.13891267405310154,-3.0160138811968003e-05,1.3279463769719446,0.05477217100824713,0.07273450604928955,0.07273450604928955,0.07273450604928955,0.0,0.0,0,0.01,0.01,0.14444159842443358,0.2855190768165965,17.698418776493874,0.01,0.07832048327317098,0.17452038795251582,5.005685594869194,0.01,0.0733223416566005,0.1621481914334753,4.702441217383223,0.01,0.14377439354718385,0.41930230591152395,52.62113692460336,0.01,0.1430079508909954,0.33641483696215135,10.262184440312831,0.01,0.08865476498102261,0.1423741450050858,14.42512025774729
13.43,20.0,19.86102902101551,0.1389709789844882,-0.00017209560711600735,1.3285054456710577,0.05477210099294679,0.07276503443997495,0.07276503443997495,0.07276503443997495,0.0,0.0,0,0.01,0.01,0.14444158999450904,0.28551905227355073,17.697893826797934,0.01,0.07832047611296472,0.17452036340947003,5.00527161380321,0.01,0.07332233183054224,0.16214816689042952,4.702073765003664,0.01,0.14377440362965047,0.4193023272069093,52.62152698608645,0.01,0.14300795682049955,0.3364148582575367,10.262396814051186,0.01,0.0886547719681626,0.14237415889922755,14.425727625359501
13.44,20.0,19.860892697680583,0.13910730231941656,-0.0003026215895741126,1.3298126152877379,0.05477193728942702,0.07283641317122891,0.07283641317122891,0.07283641317122891,0.0,0.0,0,0.01,0.01,0.14444154443971102,0.2855189948892218,17.697533229325696,0.01,0.07832043010905253,0.17452030602514107,5.005027332442285,0.01,0.07332228469567456,0.16214810950610056,4.701849544346699,0.01,0.1437744383611022,0.41930237699772965,52.62205085700193,0.01,0.14300798558489144,0.33641490804835705,10.262687427019115,0.01,0.08865479618841605,0.14237419138527255,14.426454493627483
13.450000000000001,20.0,19.860686464802317,0.13931353519768414,-0.00041613307334120345,1.3317901445033458,0.054771689635066734,0.07294439645377793,0.07294439645377793,0.07294439645377793,0.0,0.0,0,0.01,0.01,0.1444414697834676,0.28551890807699454,17.697180220296477,0.01,0.0783203540738349,0.17452021921291383,5.004817024026192,0.01,0.07332220795308154,0.16214802269387332,4.701653191788598,0.01,0.14377449737664255,0.41930245232200936,52.622618194711016,0.01,0.14300803908095633,0.33641498337263676,10.262989126752718,0.01,0.08865483743124396,0.14237424053090186,14.4271494573466
13.46,20.0,19.860421521690892,0.13957847830910772,-0.0005076223664539575,1.3343306616191148,0.05477137147837206,0.07308312034252251,0.07308312034252251,0.07308312034252251,0.0,0.0,0,0.01,0.01,0.1444413703958572,0.2855187965511614,17.696843374517695,0.01,0.07832025257795978,0.1745201076870807,5.004641187966453,0.01,0.07332210601288995,0.1621479111680402,4.701488992428599,0.01,0.14377457754950607,0.4193025490889415,52.623195463478545,0.01,0.14300811531659252,0.33641508013956883,10.263272905726579,0.01,0.08865489351972643,0.1423743036673464,14.427769260365572
13.47,20.0,19.860111602143398,0.1398883978565998,-0.0005732451046774284,1.3373024914462475,0.054770999311390595,0.07324539383812334,0.07324539383812334,0.07324539383812334,0.0,0.0,0,0.01,0.01,0.14444125149282672,0.28551866609288734,17.69653800629657,0.01,0.07832013095796751,0.17451997722880666,5.00450707594219,0.01,0.07332198421845834,0.16214778070976615,4.7013639042761755,0.01,0.14377467466708946,0.4193026622820433,52.623754698112144,0.01,0.14300821049480894,0.33641519333267067,10.263521907165895,0.01,0.08865496150743193,0.1423743775218627,14.428285201362733
13.48,20.0,19.859772265648918,0.14022773435108382,-0.0006104646214028737,1.34055644778009,0.05477059181859652,0.073423070011151,0.073423070011151,0.073423070011151,0.0,0.0,0,0.01,0.01,0.1444411190925348,0.2855185232518422,17.69627781504165,0.01,0.07831999537329651,0.17451983438776147,5.004420097214929,0.01,0.07332184873132146,0.16214763786872097,4.701282975838538,0.01,0.14377478379322564,0.4193027862181301,52.624269910572835,0.01,0.1430083198006234,0.3364153172687575,10.263724129105963,0.01,0.08865503793841965,0.14237445838662893,14.428675123774806
13.49,20.0,19.859420123343767,0.14057987665623298,-0.0006181378655343117,1.3439332524542456,0.05477016894741166,0.07360745129096347,0.07360745129096347,0.07360745129096347,0.0,0.0,0,0.01,0.01,0.14444097971964254,0.285518375020367,17.696074080429383,0.01,0.07831985250866018,0.17451968615628627,5.004383332146393,0.01,0.0733217062257389,0.16214748963724576,4.701249066903571,0.01,0.14377489953065672,0.4193029148300986,52.62471779677366,0.01,0.1430084378020158,0.33641544588072597,10.263870791604841,0.01,0.08865511903202036,0.1423745423031924,14.428923387777143
13.5,20.0,19.859072032748273,0.14092796725172702,-0.0005965379666843188,1.3472712552545727,0.0547697509412227,0.07378971110056143,0.07378971110056143,0.07378971110056143,0.0,0.0,0,0.01,0.01,0.14444084008702957,0.28551822849450237,17.695935182351782,0.01,0.07831970924801819,0.17451953963042166,5.004397431693239,0.01,0.07332156356313618,0.16214734311138115,4.701262762732418,0.01,0.14377501628683353,0.41930304196107837,52.62507872319275,0.01,0.1430085587598201,0.33641557301170577,10.263956119606314,0.01,0.08865520086916309,0.14237462525436095,14.429021360740837
