time_s,reference_deg,angle_deg,error_deg,velocity_rad_s,tension_N,moment_arm_m,torque_raw_Nm,torque_applied_Nm,P_Nm,I_Nm,damping_Nm,saturated,fixed_excitation,TRIlong_activation,TRIlong_fiber_length_m,TRIlong_path_length_m,TRIlong_tendon_force_N,TRIlat_activation,TRIlat_fiber_length_m,TRIlat_path_length_m,TRIlat_tendon_force_N,TRImed_activation,TRImed_fiber_length_m,TRImed_path_length_m,TRImed_tendon_force_N,BIClong_activation,BIClong_fiber_length_m,BIClong_path_length_m,BIClong_tendon_force_N,BICshort_activation,BICshort_fiber_length_m,BICshort_path_length_m,BICshort_tendon_force_N,BRA_activation,BRA_fiber_length_m,BRA_path_length_m,BRA_tendon_force_N
0.0,20.0,20.0,0.0,0.0,0.0,0.05493894325960825,0.0,0.0,0.0,0.0,-0.0,0,0.01,0.01,0.14449698969461744,0.28557755705985177,17.765272954750962,0.01,0.07837730793289602,0.17457886819577106,5.008801194362888,0.01,0.07337894399239878,0.16220667167673056,4.705842639257135,0.01,0.1437280109365457,0.41925147468481194,52.46657298089497,0.01,0.1429595690143474,0.33636400573543934,10.228364055807457,0.01,0.08862232607374275,0.1423410529757139,14.367740812850883
0.01,20.0,19.996694908744242,0.0033050912557583776,-0.011476427973297364,0.03150163798264206,0.0549349762608944,0.0017305417347557306,0.0017305417347557308,0.0017305417347557306,0.0,0.0,0,0.01,0.01,0.144496206330054,0.28557616552756554,17.745716500710028,0.01,0.07837652926844095,0.17457747666348483,4.994548735460727,0.01,0.07337812333605628,0.16220528014444432,4.691936645161755,0.01,0.14372854048992448,0.4192526862854817,52.49024574590727,0.01,0.1429599472239544,0.336365217336109,10.239864216199607,0.01,0.08862269226711311,0.14234184006434275,14.404706192819603
0.02,20.0,19.9870118238251,0.01298817617490086,-0.022234756015887393,0.12381969937545767,0.05492335368875103,0.006800593142433087,0.006800593142433087,0.006800593142433087,0.0,0.0,0,0.01,0.01,0.1444930363304797,0.28557208872625706,17.717840199204172,0.01,0.07837332540641338,0.17457339986217638,4.9756218147089095,0.01,0.07337484586597652,0.16220120334313587,4.6741546377390435,0.01,0.14373092452354383,0.41925623535460094,52.53070274635114,0.01,0.14296190325015642,0.3363687664052283,10.261867718998348,0.01,0.08862434760063825,0.14234414610762586,14.461940730039515
0.03,20.0,19.97152650458261,0.028473495417389062,-0.0317279224636806,0.2715372171201742,0.05490476589421092,0.014908687337548687,0.014908687337548687,0.014908687337548687,0.0,0.0,0,0.01,0.01,0.14448748471506012,0.2855655691683912,17.68947559842198,0.01,0.07836767534915078,0.17456688030431047,4.958376901901611,0.01,0.07336913606793119,0.16219468378526997,4.6580326536285375,0.01,0.14373531390116312,0.419261909165502,52.57533592782138,0.01,0.14296584348764785,0.3363744402161294,10.285843220003256,0.01,0.0886274031826638,0.14234783418564603,14.517672982969094
0.04,20.0,19.951087014411282,0.04891298558871808,-0.0395324176986259,0.466666765988178,0.054880229816405696,0.025610779365110026,0.025610779365110026,0.025610779365110026,0.0,0.0,0,0.01,0.01,0.144479856991819,0.28555696405048064,17.662131346701564,0.01,0.07835988816288715,0.17455827518639994,4.943764690175451,0.01,0.07336130921888154,0.16218607866735943,4.644384398700081,0.01,0.14374148475262033,0.4192693945863836,52.62104889428332,0.01,0.14297168050066075,0.33638192563701097,10.308670836654537,0.01,0.08863170584759443,0.14235270259884983,14.567607229713788
0.05,20.0,19.926756694276385,0.07324330572361565,-0.045317996658640204,0.69916848660143,0.054851020794818794,0.038350105197657025,0.038350105197657025,0.038350105197657025,0.0,0.0,0,0.01,0.01,0.14447055574378348,0.2855467212069814,17.637038554670674,0.01,0.07835037528343762,0.17454803234290067,4.932386348584574,0.01,0.07335177826599475,0.16217583582386016,4.633766883506178,0.01,0.14374910592755188,0.41927829958702145,52.66572460356162,0.01,0.14297913004382928,0.33639083063764885,10.32885073318864,0.01,0.0886370266073353,0.14235849837841763,14.609594532244365
0.06,20.0,19.899758871191235,0.1002411288087645,-0.04885565478934143,0.9574510497597042,0.054818606467696845,0.052486132308860456,0.052486132308860456,0.052486132308860456,0.0,0.0,0,0.01,0.01,0.14446005356072117,0.28553535579340883,17.615292593052065,0.01,0.07833962064913624,0.17453666692932812,4.924672154015722,0.01,0.07334102741777064,0.16216447041028761,4.626581338913466,0.01,0.1437577827807389,0.4192881741191815,52.70743087832463,0.01,0.1429878084768377,0.33640070516980886,10.34545171716388,0.01,0.08864309164222595,0.14236493038227624,14.64206929866129
0.07,20.0,19.871416665044556,0.12858333495544363,-0.05002539208477497,1.2289239638458225,0.05478457473831374,0.06732607674501623,0.06732607674501623,0.06732607674501623,0.0,0.0,0,0.01,0.01,0.1444488692031306,0.2855234249117563,17.597818977781706,0.01,0.07832815609437091,0.17452473604767557,4.920880299496313,0.01,0.07332958776160249,0.16215253952863506,4.623068256799435,0.01,0.14376708042369746,0.4192985326818146,52.74439773405121,0.01,0.14299727590550895,0.336411063732442,10.357830036750261,0.01,0.08864959826849264,0.14237168357142674,14.663907474112113
0.08,20.0,19.843089512702285,0.156910487297714,-0.04881973714685425,1.5005899933006186,0.05475055771024087,0.08215813902761548,0.08215813902761548,0.08215813902761548,0.0,0.0,0,0.01,0.01,0.14443754245822238,0.28551150086603905,17.585338288007886,0.01,0.07831653548857966,0.1745128120019583,4.921093295150766,0.01,0.07331801148720236,0.1621406154829178,4.623303767552355,0.01,0.14377654585133662,0.41930887787969895,52.775068911211264,0.01,0.14300706504050398,0.3364214089303263,10.365558385325214,0.01,0.08865623012128299,0.14237843409248344,14.67442333104864
0.09,20.0,19.816109091415633,0.18389090858436596,-0.045342305232359076,1.7596546329765814,0.05471815478674908,0.09628505457843273,0.09628505457843273,0.09628505457843273,0.0,0.0,0,0.01,0.01,0.14442660856153736,0.2855001441812137,17.57833781562119,0.01,0.07830530842215974,0.17450145531713304,4.925219300648368,0.01,0.0733068456796693,0.16212925879809253,4.627200811822659,0.01,0.14378572987127605,0.419318723935622,52.7981590435748,0.01,0.14301670599255542,0.3364312549862494,10.368409830541204,0.01,0.08866267236778032,0.14238486453437704,14.673377103214168
0.1,20.0,19.791717515223265,0.20828248477673533,-0.03980132136150739,1.9941256269629064,0.0546888583813875,0.10905645400766995,0.10905645400766995,0.10905645400766995,0.0,0.0,0,0.01,0.01,0.14441657331339391,0.28548987759644306,17.577051635285287,0.01,0.07829499460482008,0.17449118873236236,4.932998697944252,0.01,0.07329660685084763,0.16211899221332185,4.634515241779052,0.01,0.14379420801281528,0.41932761909654476,52.812707924879895,0.01,0.1430257489733275,0.3364401501471721,10.366354727552126,0.01,0.08866862640834708,0.14239067867563643,14.660980621295534
0.11,20.0,19.77101062167696,0.22898937832303753,-0.032498352653450274,2.193373876956397,0.054663985640849136,0.11989855811495809,0.11989855811495809,0.11989855811495809,0.0,0.0,0,0.01,0.01,0.14440789000585758,0.28548116221669007,17.581450405636257,0.01,0.07828606013056122,0.17448247335260936,4.944015936155318,0.01,0.07328775735818539,0.16211027683356885,4.6448568858594665,0.01,0.1438015995279911,0.4193351659455131,52.818128027140865,0.01,0.14303378473748998,0.3364476969961405,10.359559140605223,0.01,0.08867382342623359,0.14239561504616047,14.63789756080695
0.12,20.0,19.754888953402244,0.24511104659775704,-0.02381274393550392,2.348627283460576,0.05464461934338994,0.12833984388420316,0.12833984388420316,0.12833984388420316,0.0,0.0,0,0.01,0.01,0.144400939192586,0.28547437691409194,17.591242060579397,0.01,0.07827889667386954,0.17447568805001124,4.957716748871541,0.01,0.07328068477046008,0.16210349153097073,4.657705680329161,0.01,0.1438075837241774,0.41934103875057627,52.81424118098175,0.01,0.14304046217573269,0.33645356980120367,10.348380906587963,0.01,0.08867803620093327,0.14239945867320408,14.60523438901003
0.13,20.0,19.74401869092666,0.2559813090733418,-0.014182476175650759,2.4533712421754865,0.054631560728657304,0.1340315000068515,0.1340315000068515,0.1340315000068515,0.0,0.0,0,0.01,0.01,0.14439601220039683,0.2854698019220122,17.6058842644277,0.01,0.07827380453968626,0.17447111305793148,4.973430841059757,0.01,0.07327568509792665,0.16209891653889097,4.672432962892794,0.01,0.1438119130305363,0.41934499713442547,52.80130004180994,0.01,0.14304550250706882,0.3364575281850528,10.333361138121502,0.01,0.08868108869316445,0.14240205046125326,14.564517246464447
0.14,20.0,19.73880432389712,0.26119567610287947,-0.004082365428381178,2.5036337572440535,0.05462529645293724,0.13676173619903753,0.13676173619903753,0.13676173619903753,0.0,0.0,0,0.01,0.01,0.14439329910537552,0.28546760736645405,17.62460901820768,0.01,0.07827098030433334,0.17446891850237337,4.990399987580855,0.01,0.07327295061908237,0.16209672198333286,4.688327871133353,0.01,0.14381442237475212,0.4193468955244742,52.77999016234432,0.01,0.14304870967595543,0.33645942657510153,10.315209322133148,0.01,0.08868286302528601,0.14240329376674313,14.517649918393138
0.15,20.0,19.73937421378269,0.2606257862173096,0.0059981249821279255,2.4981398927147835,0.05462598109524987,0.1364633425527273,0.1364633425527273,0.1364633425527273,0.0,-0.0,0,0.01,0.01,0.14439283334721978,0.285467847213509,17.64807682357107,0.01,0.0782704652981187,0.1744691583494283,5.008905439984151,0.01,0.07327250888208059,0.1620969618303878,4.706045479865738,0.01,0.14381501095269283,0.4193466880581336,52.7522351136394,0.01,0.14304997673959605,0.336459219108761,10.294780752170249,0.01,0.08868328811584887,0.14240315788157523,14.468214760675666
0.16,20.0,19.74557356737849,0.2544264326215109,0.015557488591257643,2.438385652835318,0.054633428656194326,0.13321736860046618,0.13321736860046618,0.13321736860046618,0.0,-0.0,0,0.01,0.01,0.14439422393552523,0.2854704563217482,17.687262162860314,0.01,0.07827183916672541,0.1744717674576675,5.037794807870646,0.01,0.07327398119895176,0.16209957093862698,4.733898045859357,0.01,0.14381337525530266,0.4193444310003302,52.730579050417376,0.01,0.14304890786716332,0.33645696205095754,10.278336299249796,0.01,0.0886821446255719,0.14240167972498918,14.43875963926091
0.17,20.0,19.756969850747737,0.24303014925226155,0.024135725954837005,2.3285818296571907,0.0546471191011095,0.12725028858195597,0.12725028858195597,0.12725028858195597,0.0,-0.0,0,0.01,0.01,0.14439765117913358,0.28547525271473356,17.73017337167729,0.01,0.07827528760487275,0.17447656385065285,5.068112297049994,0.01,0.07327755253256066,0.16210436733161235,4.762400537055129,0.01,0.14380994005548953,0.4193402808639889,52.70567074152928,0.01,0.14304564944705842,0.33645281191461623,10.266004936362652,0.01,0.08867973319861733,0.1423989625419569,14.411873053794967
0.18,20.0,19.772888271253418,0.22711172874658228,0.03134632510971291,2.1752990634459883,0.054666241113230755,0.11891542309572345,0.11891542309572345,0.11891542309572345,0.0,-0.0,0,0.01,0.01,0.1444030171666324,0.2854819524943748,17.770752337749098,0.01,0.07828072918193411,0.17448326363029412,5.0950151219090065,0.01,0.07328310442381933,0.16211106711125362,4.78740937131191,0.01,0.1438049479710168,0.41933448178927285,52.677567025122535,0.01,0.1430407052473662,0.3364470128399002,10.254191059670934,0.01,0.08867622744512645,0.14239516740810015,14.386447594873774
0.19,20.0,19.79245725566874,0.2075427443312595,0.03688651977087401,1.9870109655745873,0.05468974691074954,0.10866912681615826,0.10866912681615826,0.10866912681615826,0.0,-0.0,0,0.01,0.01,0.14441003241784517,0.285490188952821,17.8066229269841,0.01,0.07828787355696412,0.1744915000887403,5.11682358869728,0.01,0.07329033236587544,0.16211930356969978,4.807553062253148,0.01,0.1437986751133151,0.41932734941248406,52.64764765213573,0.01,0.14303437457412055,0.3364398804631114,10.243119107763787,0.01,0.08867182268417018,0.14239050233606929,14.363593758090904
0.2,20.0,19.814657147847935,0.18534285215206445,0.040540977010537,1.7736048248542402,0.054716410946104035,0.09704529045271748,0.09704529045271748,0.09704529045271748,0.0,-0.0,0,0.01,0.01,0.14441831986241474,0.28549953303749626,17.836289696030057,0.01,0.07829633559104293,0.17450084417341552,5.1327026401249025,0.01,0.07329884654103519,0.162128647654375,4.822114612466949,0.01,0.1437914500604957,0.4193192535960263,52.61735124396848,0.01,0.14302699330338633,0.3364317846466537,10.233256661180675,0.01,0.08866675100550327,0.1423852106103938,14.344287828553965
0.21,20.0,19.838371811724354,0.16162818827564665,0.04218757607088006,1.5458669892820358,0.054744892070309865,0.0846283214832999,0.0846283214832999,0.0846283214832999,0.0,-0.0,0,0.01,0.01,0.14442745037060797,0.28550951504334043,17.85866499111059,0.01,0.07830567531869001,0.1745108261792597,5.142200023921398,0.01,0.07330820588996853,0.1621386296602192,4.830692608813558,0.01,0.14378363752668905,0.4193106000407238,52.588103386858386,0.01,0.14301893637965155,0.33642313109135114,10.225025905524943,0.01,0.08866126951574271,0.14237955843664188,14.329320953006944
0.22,20.0,19.862442973854876,0.13755702614512375,0.0418007403130361,1.3149478741962357,0.0547737989299045,0.07202469046452997,0.07202469046452997,0.07202469046452997,0.0,-0.0,0,0.01,0.01,0.14443696732870634,0.2855196474675288,17.873000536741017,0.01,0.07831542427477006,0.17452095860344807,5.145148171466038,0.01,0.0733179426839508,0.16214876208440754,4.83314030071595,0.01,0.1437756206834662,0.41930181076315026,52.56125264151505,0.01,0.14301060086617948,0.3364143418137776,10.218768613221021,0.01,0.08865564768543029,0.14237382195350518,14.319271321867843
0.23,20.0,19.885725339312497,0.11427466068750279,0.039450715256927116,1.091827644817132,0.05480175621300466,0.05983407241788752,0.05983407241788751,0.05983407241788752,0.0,-0.0,0,0.01,0.01,0.14444640954556892,0.28552944820212284,17.878885305879813,0.01,0.078325109302895,0.1745307593380421,5.141635096466903,0.01,0.07332758577670963,0.1621585628190016,4.829546777309729,0.01,0.14376778295084314,0.4192933041042053,52.53800915021374,0.01,0.14300238709354565,0.33640583515483263,10.214730956028902,0.01,0.08865015445015625,0.14236827408240968,14.314483475505726
0.24,20.0,19.907140054152656,0.092859945847344,0.035298506620198636,0.8868064674781809,0.054827468823111555,0.048621353947793655,0.048621353947793655,0.048621353947793655,0.0,-0.0,0,0.01,0.01,0.1444553332204049,0.2855384630437511,17.876251322050162,0.01,0.07833427512116851,0.17453977417967037,5.131988167518216,0.01,0.07333668290711479,0.16216757766062986,4.820224435798494,0.01,0.1437604900285295,0.4192854751391796,52.51938918179221,0.01,0.14299467986070274,0.336398006189807,10.213053056918413,0.01,0.08864504562412058,0.1423631717948068,14.315056412982624
0.25,20.0,19.925724064223342,0.07427593577665745,0.02958662349615624,0.7090418281809197,0.0548497810472647,0.03889078902907572,0.03889078902907572,0.03889078902907572,0.0,-0.0,0,0.01,0.01,0.14446333227917157,0.28554628648712305,17.865376414541796,0.01,0.07834250508627054,0.17454759762304234,5.116759815446673,0.01,0.07334482127956105,0.1621754011040018,4.805696827140732,0.01,0.1437540729917604,0.4192786774057642,52.50616863566305,0.01,0.1429878306212502,0.33639120845639153,10.213762972528441,0.01,0.08864055219441931,0.14235874437849072,14.32084149551298
0.26,20.0,19.9406730789796,0.05932692102039989,0.022626027491185363,0.5661525334533121,0.05486772798988106,0.03106350320629836,0.031063503206298363,0.03106350320629836,0.0,-0.0,0,0.01,0.01,0.14447005624550577,0.2855525798341544,17.84687997358255,0.01,0.07834943935989819,0.17455389097007365,5.09671177317267,0.01,0.07335164557836071,0.16218169445103314,4.7866845683546195,0.01,0.14374881325842648,0.4192732068406784,52.49884821731078,0.01,0.14298214150170127,0.33638573789130577,10.216775658192132,0.01,0.08863687002756682,0.14235518324266325,14.331450818392428
0.27,20.0,19.95137614089196,0.048623859108041276,0.014779905464440015,0.4639053473993394,0.05488057690337125,0.025459393093834604,0.025459393093834604,0.025459393093834604,0.0,-0.0,0,0.01,0.01,0.14447522491746523,0.28555708577226935,17.821708393373587,0.01,0.07835478977177698,0.17455839690818864,5.072795247485933,0.01,0.07335687269432484,0.16218620038914813,4.764087001221976,0.01,0.1437449301633608,0.4192692887300079,52.49763250103505,0.01,0.14297785192554846,0.3363818197806353,10.221897334472162,0.01,0.0886341514530669,0.14235263372945872,14.346276375545933
0.28,20.0,19.95744020921035,0.042559790789648326,0.00644507247899611,0.40599607549052263,0.054887856539637445,0.02228425434717962,0.02228425434717962,0.02228425434717962,0.0,-0.0,0,0.01,0.01,0.14447863929130447,0.2855596387471026,17.791107025863912,0.01,0.07835835084499361,0.1745609498830219,5.046124416643949,0.01,0.07336030261703869,0.1621887533639814,4.7389571412817455,0.01,0.14374257175528957,0.4192670683355535,52.50242436858063,0.01,0.1429751284977711,0.33637959938618084,10.228835392372872,0.01,0.08863249909771316,0.14235118930166304,14.364519845369289
0.29,20.0,19.958703672445928,0.041296327554071866,-0.0019680386990607347,0.3939324729685062,0.05488937324988437,0.021622706544018322,0.021622706544018322,0.021622706544018322,0.0,0.0,0,0.01,0.01,0.14448018836945684,0.28556017066836875,17.756576105224724,0.01,0.07836000664902136,0.17456148180428804,5.01794094606319,0.01,0.0733618251458994,0.16218928528524754,4.712467747470621,0.01,0.1437418085973371,0.41926660566569257,52.5128586456929,0.01,0.14297405863991058,0.3363791367163199,10.237213609419523,0.01,0.08863196183104426,0.1423508883569459,14.385267489507878
0.3,20.0,19.955239842364865,0.044760157635133795,-0.010051434603722797,0.42700686665776527,0.054885215117925795,0.023436363733342902,0.023436363733342902,0.023436363733342902,0.0,0.0,0,0.01,0.01,0.14447962853584354,0.2855587123893257,17.72732138526136,0.01,0.07835951523307494,0.174560023525245,4.994973162974319,0.01,0.0733611864278725,0.1621878270062045,4.6920764145529406,0.01,0.14374242402886991,0.4192678740545046,52.53553814390123,0.01,0.14297443454714504,0.336380405105132,10.249535593475047,0.01,0.08863238738404498,0.14235171341211095,14.420372520170034
0.31,20.0,19.947335154786696,0.052664845213303724,-0.017476086968262722,0.502503576388933,0.05487572579864941,0.02757524847075976,0.02757524847075976,0.02757524847075976,0.0,0.0,0,0.01,0.01,0.14447697269504986,0.2855553845281564,17.706865640249383,0.01,0.07835683216440192,0.17455669566407567,4.981195376499867,0.01,0.0733584405354672,0.16218449914503516,4.679410722354306,0.01,0.14374445908620295,0.41927076816101383,52.56538831367751,0.01,0.1429761269891145,0.33638329921164123,10.266139789646338,0.01,0.08863380292638065,0.14235359629351643,14.461488236081738
0.32,20.0,19.93545678148911,0.06454321851088946,-0.023922913388937535,0.6160015914887255,0.054861465704660786,0.033794750185475175,0.033794750185475175,0.033794750185475175,0.0,0.0,0,0.01,0.01,0.1444726631210336,0.2855503838230599,17.6868351914789,0.01,0.07835244235240968,0.1745516949589792,4.969345406403964,0.01,0.07335401111193321,0.16217949843993867,4.668347020660726,0.01,0.14374788437133218,0.4192751159839727,52.59746024995258,0.01,0.1429792416589313,0.33638764703460006,10.283195205255204,0.01,0.08863619090560154,0.142356425833577,14.500385347527045
0.33,20.0,19.92024678404819,0.07975321595181126,-0.029109518187685868,0.761419507618087,0.05484320509862801,0.04175868622239509,0.04175868622239509,0.04175868622239509,0.0,0.0,0,0.01,0.01,0.14446694929077247,0.28554398065535563,17.667759790369637,0.01,0.07834660631600392,0.17454529179127493,4.959488100188467,0.01,0.0733481505347581,0.1621730952722344,4.659142322790852,0.01,0.1437525158386914,0.4192806812587383,52.6299405050516,0.01,0.14298365871003454,0.3363932123093657,10.29909067810018,0.01,0.08863942421690021,0.14236004923338763,14.534788176610133
0.34,20.0,19.902490094521895,0.09750990547810533,-0.03281920133194971,0.9313081150424568,0.05482188578880175,0.0510560671170418,0.0510560671170418,0.0510560671170418,0.0,0.0,0,0.01,0.01,0.14446013019972087,0.28553650555026844,17.65048598033152,0.01,0.07833963009813365,0.17453781668618773,4.952010417951154,0.01,0.07334116518882552,0.16216562016714722,4.652167280215667,0.01,0.1437581077752395,0.4192871754908997,52.66134050683481,0.01,0.1429891542332761,0.33639970654152707,10.312927871420541,0.01,0.08864333224160797,0.14236427965341894,14.563249276550426
0.35000000000000003,20.0,19.88307459680577,0.11692540319422842,-0.03490882542849153,1.1172188292623086,0.05479857333702464,0.06122199794883543,0.061221997948835434,0.06122199794883543,0.0,0.0,0,0.01,0.01,0.14445254999422769,0.28552833235249125,17.63577011825525,0.01,0.078331866149325,0.17452964348841052,4.947195467801824,0.01,0.07333340754549895,0.16215744696937,4.647686254783199,0.01,0.1437643739606107,0.4192942728717075,52.690279969508545,0.01,0.14299544631437777,0.3364068039223349,10.32409318435769,0.01,0.0886477157487998,0.1423689056870044,14.584676428198927
0.36,20.0,19.86294756774001,0.1370524322599866,-0.03531373053390888,1.310109820435927,0.054774404866471525,0.07176048572409777,0.07176048572409777,0.07176048572409777,0.0,0.0,0,0.01,0.01,0.14444458117256467,0.2855198598732469,17.624238626121095,0.01,0.07832369634882377,0.1745211710091662,4.945201098189128,0.01,0.07332525880973191,0.1621489744901257,4.645846040716337,0.01,0.14377100318713038,0.41930162645638946,52.71551047560144,0.01,0.14300221909489993,0.33641415750701686,10.332150249386157,0.01,0.08865235760053582,0.1423737017090651,14.598304886233723
0.37,20.0,19.84307026361352,0.1569297363864817,-0.03404925681250946,1.5007747127379776,0.0547505345935766,0.08216821782692563,0.08216821782692563,0.08216821782692563,0.0,0.0,0,0.01,0.01,0.14443660658983082,0.2855114927634884,17.616362983944963,0.01,0.07831551352665189,0.1745128038994077,4.946056654122117,0.01,0.07331711048178767,0.1621406073803672,4.646673162574172,0.01,0.14377767477379125,0.41930888490687607,52.73595919573201,0.01,0.14300914128983822,0.3364214159575034,10.336816534685306,0.01,0.08865703347998181,0.14237843867996292,14.603706914890918
0.38,20.0,19.82437267322658,0.17562732677341958,-0.031208645906958377,1.6802755386000747,0.05472807950104424,0.09195825326016482,0.09195825326016482,0.09195825326016482,0.0,0.0,0,0.01,0.01,0.14442900134931586,0.28550362246574595,17.612441048545087,0.01,0.07830770284862826,0.17450493360166527,4.949664706566359,0.01,0.07330934582107616,0.16213273708262477,4.650075490491455,0.01,0.14378407393894882,0.41931570903663673,52.750770799055054,0.01,0.1430158830448241,0.33642824008726413,10.337959851733064,0.01,0.08866152261122587,0.14238289492566455,14.600798887136254
0.39,20.0,19.807710497578267,0.19228950242173332,-0.0269573842765232,1.8403601588601155,0.05470806762671203,0.10068254802842569,0.10068254802842569,0.10068254802842569,0.0,0.0,0,0.01,0.01,0.14442211540696767,0.2854966091119231,17.61258537114927,0.01,0.07830062392908657,0.1744979202478424,4.955807253142548,0.01,0.07330232205847133,0.16212572372880188,4.6558480373134765,0.01,0.14378990638001826,0.419321787407014,52.759343931163194,0.01,0.1430221316162075,0.3364343184576414,10.335597634963124,0.01,0.08866561802481324,0.14238686640311143,14.589841766801113
0.4,20.0,19.793826321975374,0.20617367802462697,-0.02152424638861639,1.9738441961070998,0.054691391340411115,0.10795228537429258,0.10795228537429258,0.10795228537429258,0.0,0.0,0,0.01,0.01,0.144416257674544,0.28549076519305056,17.616719243961743,0.01,0.07829459448245568,0.17449207632896988,4.964156267930462,0.01,0.07329635416351966,0.16211987980992937,4.663682841258787,0.01,0.1437949114295301,0.4193268502835965,52.761359959368626,0.01,0.1430276055179385,0.3364393813342239,10.32989431172715,0.01,0.08866913591423965,0.14239017597925407,14.571433453366108
0.41000000000000003,20.0,19.783316750632814,0.21668324936718533,-0.0151894610204587,2.0749385679598875,0.05467876775401112,0.1134550840613191,0.11345508406131911,0.1134550840613191,0.0,0.0,0,0.01,0.01,0.14441168233256454,0.2854863417432853,17.6245810056289,0.01,0.07828987624584226,0.1744876528792046,4.9742884584462015,0.01,0.07329170089429479,0.16211545636016408,4.673182805712925,0.01,0.1437988732511299,0.41933068135168283,52.75680158393243,0.01,0.14303206665117568,0.33644321240231023,10.321155156539811,0.01,0.08867192367882132,0.14239268129662883,14.546491136488243
0.42,20.0,19.77660698918264,0.22339301081736165,-0.008270570131116895,2.1395059816440005,0.05467070807220152,0.1169683069411881,0.1169683069411881,0.1169683069411881,0.0,0.0,0,0.01,0.01,0.1444085779565674,0.28548351765983315,17.635736842529994,0.01,0.07828666379186185,0.17448482879575244,4.9857040037726446,0.01,0.07328855374471828,0.16211263227671194,4.6838792851460855,0.01,0.14380162965368443,0.4193331267038548,52.745958948932596,0.01,0.14303533000075766,0.33644565775448215,10.309815714689814,0.01,0.08867386631952665,0.14239428086499814,14.51622158538736
0.43,20.0,19.773933999006186,0.22606600099381466,-0.0011066718868829755,2.165233223830595,0.05466749725711123,0.11836788132476517,0.11836788132476517,0.11836788132476517,0.0,0.0,0,0.01,0.01,0.14440705992452813,0.28548239262822567,17.649601926462463,0.01,0.0782850767096284,0.174483703764145,4.99784888689095,0.01,0.0732870292627116,0.16211150724510448,4.695253051250315,0.01,0.14380307822492314,0.41933410074410626,52.7294212492496,0.01,0.1430372706024488,0.33644663179473366,10.296426095818461,0.01,0.08867489093914058,0.14239491810479127,14.482077582910108
0.44,20.0,19.775338598717937,0.22466140128206397,0.005954937935826221,2.1517137261629777,0.05466918447615876,0.11763243463548678,0.11763243463548678,0.11763243463548678,0.0,-0.0,0,0.01,0.01,0.14440707135611475,0.28548298380793413,17.668649739414334,0.01,0.07828506182736668,0.17448429494385342,5.012453490469417,0.01,0.07328706500489697,0.16211209842481292,4.709384694924185,0.01,0.143803110496266,0.4193335889153188,52.71046431872415,0.01,0.14303782295720546,0.33644611996594614,10.281695756054017,0.01,0.08867492153568832,0.14239458324775833,14.449900013526157
0.45,20.0,19.780660941955368,0.219339058044633,0.012562937365125896,2.1004928921528574,0.05467557765232203,0.11484566223305404,0.11484566223305405,0.11484566223305404,0.0,-0.0,0,0.01,0.01,0.14440840044657627,0.2854852239318107,17.697779220604808,0.01,0.0782863830697466,0.17448653506773,5.0337498127181615,0.01,0.07328846318102104,0.16211433854868948,4.7297706369759975,0.01,0.14380161808914896,0.41933164930584244,52.69488762811675,0.01,0.14303662063715794,0.33644418035646984,10.271497395302813,0.01,0.0886738768290244,0.14239331441990433,14.430182757227966
0.46,20.0,19.78954997854083,0.21045002145916847,0.018403908837762554,2.0149738511427753,0.05468625486041034,0.11019137356065634,0.11019137356065632,0.11019137356065634,0.0,-0.0,0,0.01,0.01,0.14441116979331925,0.28548896528335477,17.72803572538399,0.01,0.0782891747585705,0.17449027641927403,5.054862844691376,0.01,0.07329134127984563,0.16211807990023352,4.7495598772843035,0.01,0.14379890247228552,0.41932840927539305,52.676626428352264,0.01,0.14303400319401494,0.33644094032602045,10.26289016839323,0.01,0.08867197199541502,0.14239119537734432,14.411349066728597
0.47000000000000003,20.0,19.801490689356534,0.19850931064346697,0.023218596683296185,1.900148032782815,0.05470059711377329,0.10393923199778166,0.10393923199778166,0.10393923199778166,0.0,-0.0,0,0.01,0.01,0.14441526307106825,0.285493991148474,17.756186081064605,0.01,0.07829332872106581,0.17449530228439333,5.073237038844002,0.01,0.07329556980791009,0.16212310576535283,4.76661979209809,0.01,0.1437951315237997,0.419324055699006,52.65634424123001,0.01,0.14303024731081132,0.3364365867496334,10.254631016228654,0.01,0.08866932599675019,0.14238834899381286,14.393741011993939
0.48,20.0,19.81583718796146,0.18416281203854,0.02680787345923839,1.7622669983354537,0.05471782822080852,0.09642742289411921,0.09642742289411921,0.09642742289411921,0.0,-0.0,0,0.01,0.01,0.1444204579722764,0.28550002973307786,17.78073232634983,0.01,0.07829862084439283,0.17450134086899713,5.08785472665403,0.01,0.07330091679138102,0.16212914434995662,4.780104910984447,0.01,0.1437905111308316,0.4193188231259618,52.63504027932198,0.01,0.14302556850673107,0.3364313541765892,10.24698224699361,0.01,0.088666084014983,0.14238492934336797,14.37813729277689
0.49,20.0,19.8318478584877,0.16815214151229946,0.029036013552251546,1.6084945024748158,0.054737057089475745,0.08804425541007188,0.08804425541007188,0.08804425541007188,0.0,-0.0,0,0.01,0.01,0.144426478364479,0.28550676893756183,17.80065318562125,0.01,0.0783047691564161,0.17450808007348115,5.098159672514182,0.01,0.07330709751159158,0.16213588355444064,4.789529600617598,0.01,0.14378528154909323,0.41931298120117877,52.61373780186382,0.01,0.14302021243913743,0.33642551225180617,10.240274198016788,0.01,0.08866241529363683,0.14238111329713218,14.36520438006664
0.5,20.0,19.848722702473736,0.15127729752626184,0.029834471378402193,1.4465390910558675,0.05475732266782627,0.07920860776057026,0.07920860776057026,0.07920860776057026,0.0,-0.0,0,0.01,0.01,0.14443301575758352,0.28551387206385415,17.815203307868646,0.01,0.07831145764392358,0.1745151831997734,5.103848378081213,0.01,0.07331379529441089,0.1621429866807329,4.794623869502842,0.01,0.14377970534425083,0.41930682124078317,52.59343650063326,0.01,0.14301444957250453,0.3364193522914105,10.234793552311784,0.01,0.08865850453099437,0.14237709159822126,14.355469352208262
0.51,20.00002211125926,19.865642256351467,0.1343798549077918,0.02920337672609299,1.2844862711544747,0.05477764073847005,0.07036112749479684,0.07036112749479684,0.07036112749479684,0.0,-0.0,0,0.01,0.01,0.14443974608106983,0.2855209941886664,17.8238912953304,0.01,0.07831835400436819,0.17452230532458568,5.104826687372887,0.01,0.0733206784005279,0.16215010880554517,4.795308021607721,0.01,0.14377405462595658,0.41930064215861595,52.57506716313561,0.01,0.14300856244357174,0.3364131732092433,10.230765123153317,0.01,0.08865454281601805,0.14237305957121388,14.349300797763549
0.52,20.00017600474074,19.881806979789335,0.11836902495140385,0.027211641095988864,1.1310440093819747,0.05479705123692358,0.06197787653331954,0.061977876533319536,0.06197787653331954,0.0,-0.0,0,0.01,0.01,0.14444634576597912,0.2855277987412867,17.82648733054901,0.01,0.07832512628804249,0.17452910987720596,5.101197991261108,0.01,0.07332741638559569,0.16215691335816546,4.79168578140569,0.01,0.14376859799703048,0.41929473612367624,52.55944709984138,0.01,0.14300283211649958,0.3364072671743036,10.2283411111464,0.01,0.08865071843113854,0.14236920773077671,14.346892419192951
0.53,20.000591036,19.896477180517394,0.10411385548260677,0.023998695988272718,0.994512802169773,0.054814666170788104,0.05451388725351114,0.05451388725351114,0.05451388725351114,0.0,-0.0,0,0.01,0.01,0.144452507630226,0.2855339743136531,17.823044462328188,0.01,0.07833145919036032,0.17453528544957242,5.093264924371376,0.01,0.07333369626749497,0.16216308893053188,4.784047745956445,0.01,0.1437635872936784,0.4192893739204341,52.54723265586103,0.01,0.14299752439947044,0.3364019049710615,10.227589503214551,0.01,0.08864720758245412,0.14236571227427042,14.348242585455433
0.54,20.001393929481484,19.909011534963167,0.09238239451831654,0.01976787596317006,0.8822097276542833,0.054829715815132206,0.04837130865662953,0.04837130865662953,0.04837130865662953,0.0,-0.0,0,0.01,0.01,0.14445795643553302,0.2855392508847764,17.813910847712233,0.01,0.07833706993421669,0.17454056202069568,5.081526293268397,0.01,0.07333923832790787,0.1621683655016552,4.7728688040264435,0.01,0.14375924447673386,0.41928479073462543,52.538881314843906,0.01,0.14299287611885472,0.3363973217852528,10.228487454682075,0.01,0.08864416530008257,0.14236272591917926,14.353148885586403
0.55,20.002708796296297,19.918900479927128,0.08380831636917134,0.014775170118536162,0.8001579249664423,0.05484158872474248,0.04388193183585298,0.04388193183585298,0.04388193183585298,0.0,-0.0,0,0.01,0.01,0.1444624628774116,0.28554341388950044,17.799722752754466,0.01,0.0783417225255895,0.17454472502541973,5.06666162971034,0.01,0.07334381025944857,0.16217252850637923,4.7587934705562285,0.01,0.1437557499691622,0.4192811737566614,52.534626644697624,0.01,0.14298908270803282,0.3363937048072888,10.230921489176726,0.01,0.08864171739556437,0.14236036996927232,14.36121740001555
0.56,20.004657152,19.925792471176347,0.07886468082365167,0.009315600924910693,0.752845092530477,0.054849863174930624,0.04129345031721465,0.04129345031721465,0.04129345031721465,0.0,-0.0,0,0.01,0.01,0.14446585503175896,0.28554631528527774,17.781383362149924,0.01,0.07834523940391569,0.17454762642119703,5.049507496463632,0.01,0.07334723868310208,0.16217542990215653,4.742613472308524,0.01,0.14375323323555014,0.41927865237734735,52.53446525678696,0.01,0.1429862880128437,0.3363911834279747,10.234692762221258,0.01,0.08863995400619232,0.14235872808208885,14.371881730151202
0.5700000000000001,20.007357934370372,19.929511952339833,0.07784598203053596,0.0037079374058412284,0.7430600623795021,0.054854328660740845,0.0407600608764358,0.0407600608764358,0.0407600608764358,0.0,-0.0,0,0.01,0.01,0.1444680267350596,0.2855478811274108,17.76002910953114,0.01,0.07834750997021432,0.17454919226333007,5.031026914089652,0.01,0.07334941753056748,0.16217699574428956,4.7252387181107425,0.01,0.14375176605913464,0.41927729144193704,52.538156085732645,0.01,0.14298457683368937,0.33638982249256444,10.239526673586722,0.01,0.08863892501470805,0.14235784200828772,14.384430344067455
0.58,20.010927521185184,19.930068305901326,0.08085921528385648,-0.0017214547754540366,0.7718127562883079,0.05485499659538067,0.0423377861184665,0.0423377861184665,0.0423377861184665,0.0,0.0,0,0.01,0.01,0.14446894261644116,0.28554811534409774,17.736983187866283,0.01,0.07834849572669701,0.17454942648001703,5.012271447547921,0.01,0.07335031302505457,0.1621772299609765,4.70766113349151,0.01,0.14375135644877177,0.41927708786392237,52.54531429442891,0.01,0.14298397053918246,0.33638961891454977,10.245086416554289,0.01,0.08863863604618993,0.14235770947226095,14.398171340897045
0.59,20.015479748,19.92765664729532,0.08782310070468102,-0.006652557369546592,0.8383282855182749,0.05485210125027407,0.04598406799821708,0.04598406799821708,0.04598406799821708,0.0,0.0,0,0.01,0.01,0.14446847607088514,0.28554710007257583,17.719202266839417,0.01,0.0783480704357849,0.17454841120849512,4.998338696644548,0.01,0.07334979381758637,0.16217621468945462,4.695423526468715,0.01,0.1437518116294919,0.41927797030364267,52.56016118814587,0.01,0.14298426960192911,0.33639050135427007,10.253143371012882,0.01,0.08863895128332588,0.1423582839865541,14.420959412286765
0.6,20.021125925925926,19.922639331077033,0.09848659484889391,-0.010822900922091183,0.9402214845048065,0.054846077573824,0.05156746047572658,0.05156746047572658,0.05156746047572658,0.0,0.0,0,0.01,0.01,0.14446676069489847,0.28554498787031946,17.707217497703628,0.01,0.07834633446384892,0.17454629900623872,4.990406741072137,0.01,0.07334802234463435,0.1621741024871982,4.688134186268136,0.01,0.14375313227485706,0.4192798059859079,52.57806291673299,0.01,0.1429853821890913,0.33639233703653526,10.263135025586823,0.01,0.0886398708978726,0.14235947925162187,14.445204649842877
0.61,20.027974859407408,19.91552403433405,0.11245082507335652,-0.01397951685986833,1.073700967796076,0.054837534927704976,0.05887911432342796,0.058879114323427954,0.05887911432342796,0.0,0.0,0,0.01,0.01,0.14446414257947712,0.28554199248147266,17.696449020171446,0.01,0.07834366531133487,0.17454330361739198,4.984283921201377,0.01,0.07334533338823818,0.16217110709835147,4.682441515883883,0.01,0.14375522247267844,0.4192824088322167,52.59588665175926,0.01,0.14298730332008883,0.336394939882844,10.272560039259236,0.01,0.08864132950580604,0.1423611743637079,14.466021590147259
0.62,20.036132864,19.906954296547696,0.1291785674523042,-0.015906123199984024,1.2336519694506138,0.05482724579257962,0.06763773975156873,0.06763773975156873,0.06763773975156873,0.0,0.0,0,0.01,0.01,0.14446086987356502,0.2855383848451177,17.687489199408112,0.01,0.07834031946019172,0.17453969598103697,4.980150194794799,0.01,0.07334197955525067,0.16216749946199646,4.678612329147055,0.01,0.14375788956181432,0.41928554306926336,52.612132790481574,0.01,0.14298987871567093,0.33639807411989076,10.280289991426882,0.01,0.08864319305213682,0.1423632160513107,14.481710546624122
0.63,20.04570378414815,19.897681748264063,0.14802203588408677,-0.016441376517024073,1.4138937117220716,0.054816112489868854,0.07750415675047528,0.07750415675047528,0.07750415675047528,0.0,0.0,0,0.01,0.01,0.14445723140540814,0.28553448139478543,17.68106273891552,0.01,0.07833659258791453,0.1745357925307047,4.978312121931209,0.01,0.0733382566675147,0.1621635960116642,4.676937854522472,0.01,0.14376089634344974,0.4192889335371616,52.625479473450085,0.01,0.14299288326511642,0.33640146458778897,10.285630013850067,0.01,0.08864529599274926,0.1423654252738584,14.491074546447178
0.64,20.056789010962962,19.888532861158218,0.16825614980474432,-0.015485009852081446,1.6074903635810949,0.05480512730937044,0.08809871402464808,0.08809871402464808,0.08809871402464808,0.0,0.0,0,0.01,0.01,0.14445354933269877,0.2855306300539192,17.677812758531232,0.01,0.0783328146841576,0.17453194118983853,4.978986957135638,0.01,0.07333449447870564,0.16215974467079802,4.677621152336102,0.01,0.14376397609651229,0.41929227796346535,52.63468787734155,0.01,0.14299605105047028,0.33640480901409275,10.288074760238393,0.01,0.08864745189230089,0.1423676051300509,14.493185636810626
0.65,20.0694875,19.880372922623565,0.1891145773764371,-0.01300140491673755,1.8070912698793113,0.0547953292744895,0.09902016116209222,0.09902016116209222,0.09902016116209222,0.0,0.0,0,0.01,0.01,0.14445016516365722,0.285527195067275,17.678271113351126,0.01,0.07832933583671077,0.1745285062031943,4.982289235751267,0.01,0.07333104228255419,0.1621563096841538,4.680768947886576,0.01,0.1437668449515516,0.41929526018239605,52.63863239676738,0.01,0.14299909277261424,0.3364077912330234,10.287251186293393,0.01,0.08864946205669481,0.14236954943559854,14.487382409047353
0.66,20.08389578903704,19.87406878718662,0.20982700185041753,-0.00902027366626726,2.005286627117652,0.054787759400888245,0.1098651612563406,0.10986516125634062,0.1098651612563406,0.0,0.0,0,0.01,0.01,0.144447424999562,0.285524541322975,17.68283803701179,0.01,0.07832651108214643,0.17452585245889432,4.9882280139480155,0.01,0.07332825380130482,0.1621536559398538,4.686389219756522,0.01,0.14376921436252568,0.41929756371295157,52.636340044483234,0.01,0.14300171006287354,0.33641009476357897,10.282909120620097,0.01,0.08865112426939642,0.14237105160271235,14.47328425512821
0.67,20.100108015851852,19.87045210123977,0.2296559146120837,-0.0036343333807108483,2.194962698850342,0.05478341648483444,0.1202475556997945,0.1202475556997945,0.1202475556997945,0.0,0.0,0,0.01,0.01,0.14444566481051058,0.2855230188795601,17.691767271088267,0.01,0.07832468527983444,0.1745243300154794,4.996708231620788,0.01,0.07332647212499352,0.1621521334964389,4.694392478332796,0.01,0.14377080340025855,0.41929888507394664,52.627026909253736,0.01,0.14300360876473991,0.33641141612457404,10.2749221658496,0.01,0.08865224146587115,0.1423719134173428,14.450801128523226
0.68,20.118215936,19.870284692903404,0.24793124309659742,0.0030057143309001077,2.3696399385993328,0.054783215459592416,0.1298164953179426,0.1298164953179426,0.1298164953179426,0.0,-0.0,0,0.01,0.01,0.14444518529187828,0.2855229484092425,17.705530630186086,0.01,0.07832416929473063,0.17452425954516185,5.007768869914358,0.01,0.07332600238880944,0.16215206302612134,4.7049384928162015,0.01,0.14377134856648263,0.41929894623370084,52.6101905994557,0.01,0.1430045113013573,0.3364114772843282,10.26328893904656,0.01,0.08865262892693006,0.14237195330918498,14.420227819221962
0.6900000000000001,20.138308940592594,19.874224701835587,0.26408423875700754,0.010685647082705106,2.523806650797103,0.054787946621943626,0.13827418406797798,0.13827418406797798,0.13827418406797798,0.0,-0.0,0,0.01,0.01,0.14444598260053348,0.2855246069554062,17.73338938927594,0.01,0.07832495218688493,0.17452591809132553,5.028366171931851,0.01,0.07332684822011148,0.16215372157228503,4.725008389663735,0.01,0.14377038104026482,0.4192975067464472,52.59377759771092,0.01,0.14300394697079008,0.33641003779707457,10.251196722466632,0.01,0.08865195673581189,0.14237101445038283,14.396790974938169
0.7000000000000001,20.160474074074074,19.88279350696785,0.27768056710622413,0.019148084721758784,2.653246090436463,0.05479823581699609,0.14539320494426022,0.14539320494426022,0.14539320494426022,0.0,-0.0,0,0.01,0.01,0.14444840804085482,0.28552821402590367,17.770811654742097,0.01,0.07832738335221026,0.17452952516182293,5.055172449491724,0.01,0.07332937935079327,0.16215732864278243,4.750505519320597,0.01,0.1437678588613502,0.41929437559764193,52.57260622903982,0.01,0.14300160059679992,0.3364069066482693,10.240360318765589,0.01,0.08865019399560616,0.14236897266404286,14.37228489149932
0.71,20.184796052,19.896360173728972,0.28843587827102823,0.028119737568084283,2.7551943727545654,0.054814525680937774,0.15102467270133035,0.15102467270133035,0.15102467270133035,0.0,-0.0,0,0.01,0.01,0.14445273779610018,0.28553392505791186,17.81366854766791,0.01,0.07833175950886342,0.17453523619383116,5.084606599227281,0.01,0.07333386810505989,0.16216303967479065,4.778246974924233,0.01,0.14376369055909458,0.4192894166967083,52.54513092618277,0.01,0.14299753898865042,0.3364019477473356,10.227978325010024,0.01,0.08864727936919327,0.142365740152406,14.344391177631406
0.72,20.211357278814816,19.915136680363148,0.29622059845167054,0.03732483727958027,2.8283922361824922,0.05483706986327716,0.15510074265629004,0.15510074265629004,0.15510074265629004,0.0,-0.0,0,0.01,0.01,0.14445910917226953,0.2855418294145678,17.860309501711523,0.01,0.07833822820690858,0.1745431405504871,5.115176335393601,0.01,0.0733404498226645,0.1621709440314466,4.806958076284905,0.01,0.14375779299365832,0.41928255051591956,52.51148533190631,0.01,0.14299168492996048,0.3363950815665469,10.21402212280644,0.01,0.08864315593832858,0.14236126664660892,14.313701519272836
0.73,20.24023786562963,19.9391785418199,0.30105932380973294,0.046492591518181164,2.873081390990933,0.054865933775325275,0.15763429332922796,0.15763429332922796,0.15763429332922796,0.0,-0.0,0,0.01,0.01,0.14446758255121886,0.2855519506466807,17.90949295701905,0.01,0.07834685471225002,0.17455326178260003,5.145832567171183,0.01,0.07334918302975754,0.16218106526355952,4.835699224438347,0.01,0.1437501343141329,0.41927375386233046,52.471979765565614,0.01,0.142983997633416,0.33638628491295786,10.198737741545356,0.01,0.08863780329340008,0.14235553925796124,14.280882471890624
0.74,20.271515648,19.968390536760545,0.3031251112394581,0.05536752339148837,2.8909479375869287,0.05490100151390427,0.1587159370980784,0.1587159370980784,0.1587159370980784,0.0,-0.0,0,0.01,0.01,0.14447815304764122,0.28556424889528975,17.960073604801508,0.01,0.07835763595049203,0.17456556003120904,5.175683128255612,0.01,0.0733600598990339,0.16219336351216854,4.863652773355405,0.01,0.1437407328885859,0.4192630578961771,52.42706885546153,0.01,0.14297448783172337,0.3363755889468045,10.18240969462793,0.01,0.08863123676693113,0.1423485811002272,14.24662113251504
0.75,20.305266203703702,20.002538523582942,0.3027276801207621,0.06372007410588787,2.8850036601911007,0.054941990139605254,0.15850784265094453,0.15850784265094453,0.15850784265094453,0.0,-0.0,0,0.01,0.01,0.14449075579038942,0.28557862585098864,18.010988368698687,0.01,0.07837050655088244,0.1745799369869079,5.203964058842316,0.01,0.0733730114049535,0.1622077404678674,4.890115155798422,0.01,0.1437296539390714,0.4192505440246143,52.377325008806984,0.01,0.1429632157297148,0.33636307507524166,10.165332331236417,0.01,0.08862350494254101,0.14234044844927712,14.21159412530851
0.76,20.34156287051852,20.041267012970987,0.300295857547533,0.07135604203191276,2.859409268124423,0.05498847089918841,0.15723454332912945,0.15723454332912945,0.15723454332912945,0.0,-0.0,0,0.01,0.01,0.1445052722988628,0.28559493213202025,18.061286054784414,0.01,0.07838534561175901,0.17459624326793957,5.230051844530051,0.01,0.07338791394747315,0.16222404674889906,4.914512550386579,0.01,0.14371700427677472,0.41923633776583413,52.32340738234346,0.01,0.142950285897151,0.33634886881646153,10.147795513702384,0.01,0.08861468577247485,0.142331226522449,14.176437903647463
0.77,20.380476764,20.084121655771355,0.2963551082286454,0.07812430483368345,2.8192489822104307,0.05503989636600248,0.15517117181082007,0.15517117181082007,0.15517117181082007,0.0,-0.0,0,0.01,0.01,0.14452153891182898,0.28561297672972397,18.11015679414061,0.01,0.07840198549118368,0.17461428786564326,5.253475544774492,0.01,0.073404598131139,0.16224209134660275,4.936412749118907,0.01,0.1437029253686265,0.41922060085312673,52.266027780322375,0.01,0.14293584030048295,0.3363331319037541,10.130071808776348,0.01,0.08860488149211286,0.1423210240825055,14.141721801777026
0.78,20.422076795259258,20.130575567476665,0.2915012277825936,0.08392250147630254,2.77026834796816,0.05509563218462656,0.1526296859523668,0.1526296859523668,0.1526296859523668,0.0,-0.0,0,0.01,0.01,0.1445393570156796,0.285632538070199,18.156954686734544,0.01,0.07842022242510976,0.17463384920611832,5.273922517100206,0.01,0.07342285935703996,0.16226165268707782,4.95553045826882,0.01,0.14368758504930973,0.41920352192963817,52.205914844481356,0.01,0.14292004985896029,0.33631605298026557,10.112404712573632,0.01,0.08859421258258911,0.14230996712831337,14.107924747301846
0.79,20.466429688740742,20.180058257616498,0.2863714311242438,0.08870045450487057,2.7185885715247062,0.05515499192247816,0.1499437307029866,0.1499437307029866,0.1499437307029866,0.0,-0.0,0,0.01,0.01,0.1445585045633742,0.2856533761764455,18.201213518085616,0.01,0.07843982844812057,0.17465468731236475,5.2912380805360755,0.01,0.07344246968313317,0.16228249079332424,4.971727012818313,0.01,0.14367116824689838,0.41918530624126477,52.143777958747755,0.01,0.1429031049084362,0.3362978372918921,10.094998225588173,0.01,0.08858281107128653,0.14229819197072618,14.075416316334351
0.8,20.5136,20.231985832800707,0.2816141671992947,0.092461203761075,2.6704113408522243,0.05521727341437512,0.14745283313668534,0.14745283313668534,0.14745283313668534,0.0,-0.0,0,0.01,0.01,0.14457874830820916,0.28567524537271743,18.242656300888818,0.01,0.07846056401581683,0.17467655650863673,5.305420414685659,0.01,0.07346319035937952,0.16230435998959625,4.985005773004631,0.01,0.14365386713050823,0.4191661647782962,52.08027236550208,0.01,0.14288520499574056,0.33627869582892356,10.07800813385018,0.01,0.08857081348408516,0.14228583801505876,14.044442692362201
0.81,20.56365013348148,20.28579109617388,0.2778590373076007,0.09525962058382367,2.6317280741792244,0.05528179493565486,0.14548665172318176,0.14548665172318176,0.14548665172318176,0.0,-0.0,0,0.01,0.01,0.14459985616383972,0.28569790695257075,18.281199192840752,0.01,0.07848219072098911,0.17469921808849004,5.3166117585323045,0.01,0.07348478444008778,0.16232702156944953,4.9955041316469435,0.01,0.1436358711148345,0.419146303344754,52.01596702005657,0.01,0.14286654845535385,0.3362588343953814,10.061535338330943,0.01,0.08855835377403105,0.14227304058114335,14.015117984654731
0.8200000000000001,20.616640360296298,20.34095217819966,0.27568818209663726,0.09719867689951986,2.608046872573624,0.055347929560129176,0.14434999459272013,0.14434999459272013,0.14434999459272013,0.0,-0.0,0,0.01,0.01,0.1446216091192018,0.2857211412361898,18.316949942825666,0.01,0.07850448352059818,0.1747224523721091,5.325086521213058,0.01,0.0735070288983526,0.1623502558530686,5.003482628888872,0.01,0.14361735716660282,0.41912591204424954,51.951316668408936,0.01,0.14284732223236918,0.3362384430948769,10.045621540098077,0.01,0.08854555654805349,0.1422599240873773,13.987421239495976
0.8300000000000001,20.672628836,20.39701840710247,0.2756104288975315,0.09842355187682197,2.604149211376544,0.05541513615365693,0.1443092831128695,0.1443092831128695,0.1443092831128695,0.0,-0.0,0,0.01,0.01,0.1446438121782231,0.2857447584725263,18.350200664270595,0.01,0.07852724193830654,0.17474606960844555,5.33123650434892,0.01,0.07352972571205636,0.16237387308940504,5.009311301534287,0.01,0.14359848084896668,0.4191051556592079,51.8866395042983,0.01,0.14282769240839754,0.3362176867098353,10.030247527546928,0.01,0.08853253089617331,0.14224659590593958,13.961199320836313
0.84,20.73167161837037,20.453632261862566,0.2780393565078038,0.09911386364385112,2.623886674539003,0.05548298562139787,0.14558106663562498,0.14558106663562498,0.14558106663562498,0.0,-0.0,0,0.01,0.01,0.1446663038563554,0.2857686080976596,18.381414532082974,0.01,0.07855029977415807,0.17476991923357887,5.335553158253389,0.01,0.07355271145512426,0.16239772271453834,5.013453156635828,0.01,0.14357936850985714,0.4190841653642968,51.82210153825566,0.01,0.14280779585820985,0.3361966964149242,10.015334220426809,0.01,0.08851936509663338,0.14223314116276278,13.936175639786393
0.85,20.793822685185184,20.510546442438695,0.283276242746489,0.09947440793039189,2.6700259200671663,0.05555118126134781,0.14832309385814813,0.14832309385814813,0.14832309385814813,0.0,-0.0,0,0.01,0.01,0.14468896384575164,0.28579258594104373,18.4112060039277,0.01,0.07857353293583645,0.174793897076963,5.338606694890322,0.01,0.07357586500878917,0.1624217005579225,5.016444588213197,0.01,0.14356011096883256,0.41906303215451957,51.757708497579806,0.01,0.14278773341402887,0.33617556320514697,10.000746504082915,0.01,0.08850612242664675,0.1422196187090165,13.911964470698418
0.86,20.859133952,20.56763533292075,0.29149861907924923,0.09972486250551404,2.744147672104704,0.055619572368504164,0.1526283200384898,0.1526283200384898,0.1526283200384898,0.0,-0.0,0,0.01,0.01,0.14471171855446163,0.28581663907259813,18.4403143946908,0.01,0.07859686510102348,0.17481795020851743,5.341021970619072,0.01,0.0735991131019175,0.16244575368947692,5.018872662054748,0.01,0.14354075898549132,0.41904180228552845,51.69330568653685,0.01,0.14276756484276848,0.33615433333615585,9.986299742016602,0.01,0.08849283825385196,0.14220605843284462,13.888090318364032
0.87,20.927655289925926,20.624900411886696,0.3027548780392329,0.1000889698327211,2.846602973210875,0.055688160568787344,0.15852208344775465,0.15852208344775465,0.15852208344775465,0.0,-0.0,0,0.01,0.01,0.14473454432779045,0.2858407681009925,18.469571070272966,0.01,0.0786202710233377,0.17484207923691178,5.343451319904932,0.01,0.07362243349255602,0.16246988271787127,5.021349465182058,0.01,0.14352132070424084,0.4190204749223191,51.628585795978495,0.01,0.1427473058522925,0.33613300597294643,9.971768696351536,0.01,0.08847951852064265,0.14219246001367883,13.864011510829176
0.88,20.999434543407407,20.68246946553675,0.31696507787065475,0.10078373578691364,2.9765273029663524,0.05575709872209103,0.16596252668049427,0.16596252668049427,0.16596252668049427,0.0,-0.0,0,0.01,0.01,0.14475746826711022,0.28586502686065185,18.499861124232186,0.01,0.07864377740043353,0.17486633799657114,5.346544931545579,0.01,0.07364585570996011,0.16249414147753063,5.02448411876408,0.01,0.14350176117009628,0.41899900207859675,51.563104194366126,0.01,0.14272692724076141,0.33611153312922415,9.956898428480795,0.01,0.08846613966543264,0.14217879315010687,13.839146914087976
0.89,21.074517548,20.74058976625629,0.3339277817437119,0.10200917687107708,3.1319105760393677,0.0558266825997224,0.17484417765926352,0.17484417765926352,0.17484417765926352,0.0,-0.0,0,0.01,0.01,0.14478056666817513,0.2858895195547446,18.53208107869651,0.01,0.07866746132755216,0.1748908306906639,5.350919851259657,0.01,0.0736694593827497,0.1625186341716234,5.028853527130346,0.01,0.14348200390439814,0.41897729081019885,51.49630079719291,0.01,0.14270635619448405,0.3360898218608262,9.941416613201875,0.01,0.08845264995515745,0.14216499921989412,13.812904429666812
0.9,21.15294814814815,20.7996156742927,0.35333247385544947,0.10393911182786117,3.3097185713153063,0.05589733589231098,0.1850044506898313,0.1850044506898313,0.1850044506898313,0.0,-0.0,0,0.01,0.01,0.14480396120311614,0.28591439554610854,18.567094803879133,0.01,0.07869144645932795,0.1749157066820278,5.357129185880294,0.01,0.07369337028042691,0.1625435101629873,5.03497340003608,0.01,0.143461934424776,0.41895520751011817,51.42752723705784,0.01,0.142685479631291,0.33606773856074557,9.925046595596154,0.01,0.08843897213561618,0.14215099426138716,13.784709774937172
0.91,21.234768214962966,20.859991385962818,0.3747768290001474,0.10671342815663065,3.5060591085375266,0.05596958941999818,0.19623268878709021,0.19623268878709021,0.19623268878709021,0.0,-0.0,0,0.01,0.01,0.14482781306430578,0.28593984210036666,18.60569036039967,0.01,0.07871589709418643,0.17494115323628595,5.365633476863081,0.01,0.0737177542891168,0.16256895671724544,5.043271445372864,0.01,0.14344140549723083,0.4189325840478558,51.35607777698012,0.01,0.1426641493852854,0.3360451150984832,9.907520464849842,0.01,0.08842500724429424,0.14213667310311112,13.754033987432981
0.92,21.320017664,20.922229773024803,0.3977878909751982,0.11043216464713448,3.7163843718384593,0.05604405567968973,0.20828125266244335,0.20828125266244335,0.20828125266244335,0.0,-0.0,0,0.01,0.01,0.14485231537149498,0.2859660754789309,18.64854072299299,0.01,0.07874101047742245,0.17496738661485017,5.376776405957995,0.01,0.07374280962578648,0.16259519009580967,5.054064791670648,0.01,0.14342024382605295,0.4189092254088934,51.28122224666303,0.01,0.14264218894130284,0.3360217564595208,9.888591421250117,0.01,0.08841063937742079,0.14212191441636576,13.72041815373328
0.93,21.408734473037036,20.986888422738293,0.4218460502987443,0.11515164457978844,3.935719265541539,0.056121400060532255,0.2208780754274009,0.2208780754274009,0.2208780754274009,0.0,-0.0,0,0.01,0.01,0.14487768421393155,0.2859933308491821,18.696171259921883,0.01,0.07876700768979229,0.17499464198510137,5.3907669149472355,0.01,0.07376875766662203,0.16262244546606086,5.067543591988978,0.01,0.14339825782429372,0.4188849184261466,51.20223924624338,0.01,0.1426194013586935,0.33599744947677396,9.868044773008195,0.01,0.0883957411619719,0.14210658642676327,13.683494042837818
0.9400000000000001,21.500954699851853,21.05454408929941,0.44641061055244474,0.12088277905779757,4.158904649147118,0.056202310179744815,0.2337400490993491,0.23374004909934912,0.2337400490993491,0.0,-0.0,0,0.01,0.01,0.1449041487546663,0.28602185152176024,18.748936388852243,0.01,0.07879412354685734,0.17502316265767953,5.407669427830196,0.01,0.07379583282292829,0.16265096613863902,5.083762354792332,0.01,0.14337524606675184,0.4188594411571426,51.11844794679639,0.01,0.142595577977588,0.33597197220777,9.845707011062927,0.01,0.08838017965609443,0.14209055299667486,13.642999607675248
0.9500000000000001,21.596712500000002,21.12576680230071,0.47094569769929134,0.12759154474322282,4.38084378855628,0.05628746483332126,0.24658659068863553,0.2465865906886355,0.24658659068863553,0.0,-0.0,0,0.01,0.01,0.14493194086291875,0.2860518780395894,18.807007042979034,0.01,0.07882259597831984,0.17505318917550872,5.427403180511641,0.01,0.07382427193957869,0.1626809926564682,5.1026398736863925,0.01,0.1433510060099768,0.4188325724487826,51.02923700320464,0.01,0.14257050747811864,0.33594510349941,9.821452559006515,0.01,0.08836382238899812,0.14207367978212382,13.598788677485143
0.96,21.696040144592594,21.201094848981544,0.49494529561105055,0.1352015330536158,4.59674040673116,0.056377504022328113,0.25915275077008415,0.25915275077008415,0.25915275077008415,0.0,-0.0,0,0.01,0.01,0.14496128475992953,0.2860836376310568,18.870369565367813,0.01,0.07885265538310601,0.17508494876697608,5.449750778246293,0.01,0.07385430371370857,0.16271275224793558,5.12396777876996,0.01,0.1433253425687461,0.41880410124405143,50.93408935223031,0.01,0.14254398486364622,0.33591663229467883,9.795207963373864,0.01,0.08834654325372798,0.1420558401743218,13.550834558243752
0.97,21.798968038074072,21.28101176076362,0.5179562773104532,0.14359837490016591,4.802317316745353,0.05647300141278585,0.27120127261320626,0.27120127261320626,0.27120127261320626,0.0,-0.0,0,0.01,0.01,0.14499238716190274,0.2861173345034455,18.938835560837553,0.01,0.0788845144612109,0.1751186456393648,5.474375155764889,0.01,0.0738861386317716,0.1627464491203243,5.14742684713173,0.01,0.14329807616329424,0.4187738352183752,50.83260196492256,0.01,0.14251581996069007,0.3358863662690026,9.766953457481094,0.01,0.08832822798243065,0.14203692075640037,13.49922764609132
0.98,21.905524736,21.36592630028935,0.5395984357106509,0.15263577020605434,4.994005740479501,0.05657444042619916,0.2825330802528542,0.2825330802528542,0.2825330802528542,0.0,-0.0,0,0.01,0.01,0.14502542837873517,0.2861531413962882,19.012061247982473,0.01,0.07891835900382518,0.17515445253220752,5.500843273923287,0.01,0.07391995989862672,0.162782256013167,5.172609444181489,0.01,0.14326904989260875,0.41874160838290997,50.72449992608796,0.01,0.14248584506752618,0.33585413943353737,9.736721982963434,0.01,0.08830877896203568,0.14201682603783405,13.444167501970162
0.99,22.015736962814813,21.456156273771352,0.5595806890434605,0.16214279611821497,5.169096995679336,0.05668219495136442,0.2929957636316083,0.2929957636316083,0.2929957636316083,0.0,-0.0,0,0.01,0.01,0.1450605547788817,0.28619119274236005,19.089574122248152,0.01,0.07895434007710206,0.17519250387827937,5.528654297044757,0.01,0.07395591578208878,0.16282030735923886,5.199045953141338,0.01,0.14323813554221324,0.4187072873530645,50.60964450159009,0.01,0.14245392143621655,0.33581981840369185,9.704595875532402,0.01,0.08828811918644078,0.1419954822700968,13.385950108365162
1.0,22.12962962962963,21.551916795947463,0.5777128336821691,0.1719321312851984,5.325850187772053,0.0567965154292008,0.30248973236340737,0.30248973236340737,0.30248973236340737,0.0,-0.0,0,0.01,0.01,0.14509787296048282,0.286231579701206,19.17080436063176,0.01,0.07899256796290283,0.1752328908371253,5.557269748895808,0.01,0.07399411372203085,0.16286069431808478,5.226232862564956,0.01,0.14320523819600603,0.41867077604862446,50.48803511283622,0.01,0.14241994433504954,0.33578330709925186,9.670701509879448,0.01,0.08826619518682961,0.14197284019464,13.324951217077409
1.01,22.247225852,21.653313421495767,0.5939124305042327,0.18180881376143018,5.463551768166568,0.05691752080331809,0.310971821424626,0.310971821424626,0.310971821424626,0.0,-0.0,0,0.01,0.01,0.14513744588049907,0.286274347240634,19.25511838734001,0.01,0.07903310812600337,0.17527565837655332,5.586143255707434,0.01,0.07403461645914305,0.1629034618575128,5.253660321506857,0.01,0.14317029928746558,0.4186320186634639,50.35980536240831,0.01,0.1423838465063384,0.3357445497140913,9.635202254114395,0.01,0.0882429788321862,0.14194887662588618,13.261606801331533
1.02,22.368546967703704,21.760340336244372,0.6082066314593331,0.19157914456351813,5.5825252035643445,0.05704519656078648,0.3184562475428726,0.3184562475428726,0.3184562475428726,0.0,-0.0,0,0.01,0.01,0.14517929109259445,0.28631949334915047,19.34185232077343,0.01,0.07907597936833294,0.17532080448506976,5.614747888221875,0.01,0.07407744033151759,0.16294860796602925,5.280837370529091,0.01,0.14313329799322744,0.4185910008155357,50.22521344909554,0.01,0.14234559990532591,0.33570353186616303,9.5982901120851,0.01,0.08821846794505568,0.14192359482539108,13.19639165732918
1.03,22.493612554518517,21.872883581433918,0.6207289730846011,0.20105935559351074,5.684091420943698,0.05717939881964925,0.3250129302854865,0.3250129302854865,0.3250129302854865,0.0,-0.0,0,0.01,0.01,0.14522338113749214,0.2863669703699555,19.430343525541137,0.01,0.07912115421519567,0.1753682815058748,5.642599695327799,0.01,0.07412255577509794,0.1629960849868343,5.307313602625847,0.01,0.14309425093983466,0.4185477488600864,50.084627481513394,0.01,0.1423052156774148,0.33566027991071373,9.560176440350533,0.01,0.08819268573103517,0.1418970236767005,13.12979717576892
1.04,22.622440448,21.990729071233723,0.6317113767662772,0.2100836783332344,5.770483029747443,0.057319864160629015,0.3307633034063384,0.3307633034063384,0.3307633034063384,0.0,-0.0,0,0.01,0.01,0.14526964602322184,0.28641668835753376,19.519959069807424,0.01,0.07916856146449068,0.17541799949345305,5.6692766467964555,0.01,0.0741698899542442,0.16304580297441254,5.332696580016472,0.01,0.14305321026108486,0.41850232741984894,49.938506353997,0.01,0.14226274240153852,0.33561485847047634,9.521082123400442,0.01,0.08816567907243875,0.14186921572199476,13.062309242137552
1.05,22.75504675925926,22.1135749638002,0.6414717954590579,0.2185114780287487,5.84471746109862,0.057466224658201275,0.3358738466832051,0.3358738466832051,0.3358738466832051,0.0,-0.0,0,0.01,0.01,0.14531797763316268,0.28646852027359243,19.6101204219127,0.01,0.07921809072488872,0.1754698314095117,5.694432758292713,0.01,0.0742193313475633,0.1630976348904712,5.35666483094802,0.01,0.14301026010780787,0.4184548352545167,49.78737699182415,0.01,0.14221826269593793,0.33556736630514405,9.481227582535253,0.01,0.08813751578530196,0.1418402441697381,12.994387141304518
1.06,22.89144589274074,22.241047765485973,0.6503981272547691,0.2262331571801813,5.91043599986082,0.057618027348581895,0.34054766308202367,0.34054766308202367,0.34054766308202367,0.0,-0.0,0,0.01,0.01,0.14536823581194408,0.28652230876265466,19.700324131493385,0.01,0.07926959867804831,0.17552361989857396,5.717807585129002,0.01,0.07427073602641455,0.16315142337953348,5.378976613791073,0.01,0.14296551177298564,0.4184053996570034,49.63180890479671,0.01,0.14217188834763,0.33551793070763075,9.440822984299057,0.01,0.08810828098270199,0.141810199025665,12.926444249113771
1.07,23.031650564,22.372721392570757,0.6589291714292437,0.23317458222013937,5.971717133309086,0.05777475718699554,0.34501450736635353,0.34501450736635353,0.34501450736635353,0.0,-0.0,0,0.01,0.01,0.14542025580669343,0.28657787418165104,19.790158493483073,0.01,0.07932291672663971,0.1755791853175703,5.739231515717758,0.01,0.07432393529220849,0.1632069887985298,5.399474844588158,0.01,0.14291909765140973,0.4183541696242742,49.47238710481144,0.01,0.14212375418687523,0.3354667006749016,9.400059004545582,0.01,0.08807807272468138,0.1417791825359697,12.858831197141896
1.08,23.175671817481486,22.50813829130576,0.6675335261757251,0.2392998480367452,6.032873638002203,0.05793586240141585,0.3495197369764247,0.3495197369764247,0.3495197369764247,0.0,-0.0,0,0.01,0.01,0.14547385668620322,0.286635023505044,19.87931629332515,0.01,0.07937785963599958,0.1756363346409633,5.758627384075654,0.01,0.07437874428557885,0.1632641381219228,5.418088653349875,0.01,0.1428711643026603,0.41830130810370525,49.30968453570442,0.01,0.14207401098099312,0.33541383915433265,9.359098492621976,0.01,0.08804699716441028,0.1417473041600508,12.791822098807641
1.09,23.323519044296297,22.646831630984533,0.6766874133117643,0.2446122653839374,6.098243339586605,0.05810078105161975,0.35431270107281976,0.35431270107281976,0.35431270107281976,0.0,-0.0,0,0.01,0.01,0.14552885032474824,0.28669355968993054,19.967603712824015,0.01,0.07943423474339585,0.17569487082584984,5.776008890620959,0.01,0.07443497114666948,0.16332267430680933,5.434831999337256,0.01,0.14282186492679488,0.4182469836593107,49.144235221568,0.01,0.14202281766560446,0.335359514709938,9.318069363324085,0.01,0.08801516342033311,0.14171467530926732,12.725604322775979
1.1,23.4752,22.788347541117098,0.6868524588829041,0.24915353412835847,6.171983502880495,0.05826896755636597,0.35963510648776953,0.35963510648776953,0.35963510648776953,0.0,-0.0,0,0.01,0.01,0.1455850505211521,0.28675329106638464,20.05494538738007,0.01,0.07949185129517922,0.1757546022023039,5.7914762204362376,0.01,0.07449242629147518,0.1633824056832634,5.449799680783935,0.01,0.14277135159126392,0.4181913619328383,48.97650935146721,0.01,0.1419703332632672,0.33530389298346563,9.277059017963582,0.01,0.08798267841394902,0.14168140409684124,12.660272187980903
1.11,23.63072082237037,22.93226636605036,0.6984544563200112,0.2530011476242407,6.2578783629126145,0.058439917961288154,0.3657098981403334,0.3657098981403334,0.3657098981403334,0.0,-0.0,0,0.01,0.01,0.14564228182721786,0.2868140403185851,20.14138550071804,0.01,0.07955052947805864,0.17581535145450441,5.805209125835808,0.01,0.07455093137423896,0.1634431549354639,5.46316096280173,0.01,0.14271976756284233,0.41813459728986047,48.80689147359411,0.01,0.14191670885708632,0.33524712834048787,9.236110555935731,0.01,0.08794964191198551,0.14164759034166355,12.59582482951802
1.12,23.790086049185188,23.078221960001784,0.7118640891834034,0.25626415637509864,6.35916843577248,0.058613192786668294,0.37273116548882823,0.37273116548882823,0.37273116548882823,0.0,-0.0,0,0.01,0.01,0.14570038768208754,0.2868756526427251,20.227084730381996,0.01,0.07961010873539592,0.17587696377864437,5.817457636530423,0.01,0.07461032752962422,0.16350476725960386,5.475150955915196,0.01,0.14266724009781223,0.41807682503828547,48.63566286376324,0.01,0.14186207998821534,0.33518935608891287,9.195220981151746,0.01,0.08791614199994253,0.14161332105517427,12.532168340769505
1.1300000000000001,23.953298636000003,23.22591814150547,0.7273804944945337,0.2590774980818411,6.478409012587048,0.05878843641570795,0.380855536311423,0.380855536311423,0.380855536311423,0.0,-0.0,0,0.01,0.01,0.1457592374890547,0.28693800270795294,20.3123128533811,0.01,0.07967045500122083,0.17593931384387224,5.8285305059845385,0.01,0.07467048252939189,0.16356711732483173,5.48605983349526,0.01,0.14261387402608028,0.41801815458483427,48.46298895945792,0.01,0.1418065598299803,0.33513068563546167,9.154341532379961,0.01,0.08788225119171636,0.14157866661611584,12.469122133817208
1.1400000000000001,24.12035997392593,23.375141565147448,0.7452184087784828,0.26159517154883316,6.617363713312396,0.058965392155301284,0.39019544638972614,0.39019544638972614,0.39019544638972614,0.0,-0.0,0,0.01,0.01,0.14581873232671522,0.28700100010516916,20.397436909448903,0.01,0.07973146654145499,0.17600231124108845,5.838781515208238,0.01,0.07473129654457066,0.16363011472204791,5.496219996198574,0.01,0.1425597464301959,0.41795866385383373,48.28891251534071,0.01,0.14175023345743268,0.3350711949044611,9.11338017349852,0.01,0.08784802334821881,0.14154367780381027,12.40642927897462
1.1500000000000001,24.29126990740741,23.525770444010767,0.7654994633966438,0.26398258928195395,6.776937237811933,0.059143912314738846,0.40081458175563744,0.40081458175563744,0.40081458175563744,0.0,-0.0,0,0.01,0.01,0.14587880905433534,0.28706459304275544,20.48290500515804,0.01,0.0797930781608078,0.1760659041786747,5.848593841167201,0.01,0.07479270627288413,0.1636937076596342,5.505991380041571,0.01,0.14250490266941226,0.41789839523350125,48.1133528496329,0.01,0.14169315348045572,0.3350109262841286,9.072206172931766,0.01,0.08781349153804384,0.14150838381826494,12.343770393165169
1.16,24.466026752,23.677778759897933,0.7882479921020673,0.2664084841219271,6.957149580155996,0.05932396289274632,0.41272568353246,0.41272568353246,0.41272568353246,0.0,-0.0,0,0.01,0.01,0.14593944264866884,0.28712877013458604,20.569226114580502,0.01,0.07985526361169598,0.1761300812705053,5.858362848924934,0.01,0.0748546872692187,0.1637578847514648,5.5157452546117005,0.01,0.14244935393427435,0.41783735324050614,47.936111229509166,0.01,0.1416353372433274,0.3349498842911335,9.030656587263097,0.01,0.08777866692721142,0.14147279136693058,12.280780455976798
1.17,24.64462731214815,23.83123581964555,0.8133914925026006,0.269036766036982,7.157152047776698,0.059505622727231776,0.42589078955643456,0.42589078955643456,0.42589078955643456,0.0,-0.0,0,0.01,0.01,0.1460006466925455,0.28719356021946707,20.656946562728788,0.01,0.079918036124768,0.1761948713553864,5.8684778649251745,0.01,0.07491725440056221,0.16382267483634588,5.525847049787412,0.01,0.14239307644212953,0.41777550400808433,47.75688210916089,0.01,0.14157676571724576,0.3348880350587117,8.988544351035614,0.01,0.08774353873511409,0.14143688484580236,12.217067757851778
1.18,24.82706689896296,23.986301242901277,0.8407656560616831,0.2720187246516624,7.375283527563573,0.05968907723123504,0.4402238680789977,0.4402238680789977,0.4402238680789977,0.0,-0.0,0,0.01,0.01,0.14606247202066502,0.287259030247438,20.746624223624835,0.01,0.07998144706558107,0.17626034138335728,5.87930370189193,0.01,0.07498046043240893,0.16388814486431677,5.536638952546903,0.01,0.14233601230270584,0.4177127766114357,47.57526961109892,0.01,0.1415173841289945,0.33482530766206303,8.945667573063158,0.01,0.08770807524250347,0.14140062758947108,12.152234043008342
1.19,25.013339348,24.143215687306792,0.8701236606932078,0.2754859511019549,7.609163641075035,0.059874607098567525,0.4555956833580732,0.4555956833580732,0.4555956833580732,0.0,-0.0,0,0.01,0.01,0.14612500361152023,0.28732528136190155,20.838801772367127,0.01,0.0800455828052394,0.17632659249782082,5.891162893611444,0.01,0.07504439283751949,0.1639543959787803,5.548423191692055,0.01,0.14227807200028544,0.41764906615217234,47.390808353987715,0.01,0.1414571042835012,0.33476159720279974,8.901819559312335,0.01,0.0876722257872916,0.14136396411350566,12.085894817873335
1.2,25.203437037037034,24.302287819215223,0.9011492178218102,0.27954431082670683,7.8558178023254985,0.060062572599785743,0.47184062708286456,0.47184062708286456,0.47184062708286456,0.0,-0.0,0,0.01,0.01,0.14618835589284768,0.2873924433922833,20.93398054587122,0.01,0.0801105599712325,0.17639375452820258,5.904319717972344,0.01,0.07510916899683868,0.16402155800916207,5.561447037231387,0.01,0.14221913835989936,0.4175842384368553,47.2029875016443,0.01,0.14139580845546795,0.33469676948748267,8.856799032505913,0.01,0.08763592363764697,0.14132682322586013,12.017698766719676
1.21,25.39735090385185,24.46387821121637,0.9334726926354809,0.2842692398436889,8.11182780103601,0.060253394291230125,0.488765158918385,0.488765158918385,0.488765158918385,0.0,-0.0,0,0.01,0.01,0.14625266669837694,0.28746066804532877,21.032596642087135,0.01,0.08017651931551707,0.17646197918124806,5.918967101056766,0.01,0.07517493003332539,0.16408978266220753,5.575890547371374,0.01,0.14215907179395348,0.41751813600827703,47.011276753664156,0.01,0.14133335465025273,0.33463066705890443,8.810420004725795,0.01,0.08759908959166547,0.14128912184425083,11.947345257837918
1.22,25.595070464,24.62838098321959,0.966689480780409,0.2897025650247341,8.373500441907217,0.060447531116997334,0.5061574285203774,0.5061574285203774,0.5061574285203774,0.0,-0.0,0,0.01,0.01,0.14631809017316455,0.2875301211406011,21.13500079453128,0.01,0.08024361849754108,0.1765314322765204,5.935217379907645,0.01,0.07524183357975102,0.1641592357574799,5.591857978556195,0.01,0.14209771656660544,0.4174505852262941,46.81515292819484,0.01,0.1412695829707745,0.3345631162769215,8.762520783820221,0.01,0.08756163612074885,0.14125076932558797,11.874599036643644
1.23,25.796583828592592,24.79620409562114,1.0003797329714519,0.29585096876690103,8.637046026587505,0.06064545698897447,0.5237976033172054,0.5237976033172054,0.5237976033172054,0.0,-0.0,0,0.01,0.01,0.1463847889710077,0.2876009742746934,21.24144329466695,0.01,0.08031202412804718,0.17660228541061268,5.953097654075862,0.01,0.07531004582873028,0.16423008889157217,5.609373531875618,0.01,0.14203490776890002,0.417381404050543,46.614125801799936,0.01,0.14120432277850753,0.33449393510117037,8.712971654817897,0.01,0.0875234718512036,0.1412116720929186,11.799301376771023
1.24,26.001877722074074,24.96774924802211,1.034128474051964,0.3026861354056541,8.898758106324985,0.06084763697982589,0.5414684028249456,0.5414684028249456,0.5414684028249456,0.0,-0.0,0,0.01,0.01,0.14645292611822952,0.2876733963178086,21.352064826064513,0.01,0.08038190345286869,0.17667470745372787,5.972550098339002,0.01,0.07537973324513313,0.16430251093468737,5.628381766106655,0.01,0.14197047866981624,0.41731041015173465,46.40776196256432,0.01,0.1411374003045651,0.33442294120236205,8.661680867513393,0.01,0.08748450616637483,0.14117173833568622,11.721377183841406
1.25,26.2109375,25.14339233481902,1.0675451651809817,0.31014653561771144,9.155185979802779,0.06105450425778101,0.5589653413846457,0.5589653413846457,0.5589653413846457,0.0,-0.0,0,0.01,0.01,0.14652265693180877,0.2877475451455848,21.466893575346266,0.01,0.08045341607247644,0.17674885628150414,5.993437186997209,0.01,0.07545105433568806,0.16437665976246363,5.648752608296807,0.01,0.14190426809749127,0.4172374289714762,46.19570558674736,0.01,0.14106864635223199,0.3343499600221036,8.608598671508014,0.01,0.08744465371015804,0.14113088256047243,11.640837795688968
1.26,26.423747166814813,25.323465362120732,1.1002818046940834,0.3181407300868218,9.40329186297001,0.061266438832937246,0.5761062057509087,0.5761062057509087,0.5761062057509087,0.0,-0.0,0,0.01,0.01,0.14659412137529848,0.2878235599893453,21.585848465884343,0.01,0.08052670609111925,0.1768248711252646,6.015551354763031,0.01,0.07552415186665459,0.1644526746062241,5.670290495873139,0.01,0.14183612751041813,0.4171623013616012,45.97769524856422,0.01,0.1409979037347909,0.33427483241222855,8.553719259265126,0.01,0.08740383858168614,0.14108902978123777,11.55777947710539
1.27,26.64028939362963,25.50824064331624,1.1320487503133922,0.3265520080310784,9.640585495721133,0.06148374907776684,0.5927393395816766,0.5927393395816766,0.5927393395816766,0.0,-0.0,0,0.01,0.01,0.1466674372129518,0.28790155475119883,21.708747894392854,0.01,0.08060189506817023,0.1769028658871181,6.038628254448807,0.01,0.07559914589740047,0.1645306693680776,5.6927468487773245,0.01,0.14176592743899155,0.41708489046086045,45.75357609877624,0.01,0.14092503411090943,0.3341974215114878,8.497080595488331,0.01,0.0873619980295818,0.14104611915939105,11.472377844109102
1.28,26.860545536,25.697917969195686,1.1626275668043158,0.335244121914135,9.865230133390614,0.061706656836635364,0.6087503704555691,0.6087503704555691,0.6087503704555691,0.0,-0.0,0,0.01,0.01,0.14674269428169123,0.28798161257910715,21.835322998272666,0.01,0.08067907610405071,0.17698292371502644,6.06236251938008,0.01,0.07567612795618338,0.16461072719598593,5.715834843415797,0.01,0.14169356301147384,0.4170050875071193,45.523306984130166,0.01,0.14084992391241408,0.33411761855774663,8.43876221848923,0.01,0.08731908548115756,0.14100210693338627,11.384878656194672
1.29,27.084495651703705,25.89261529969013,1.1918803520135728,0.3440678379250369,10.076115339646403,0.06193528675862461,0.6240670929739761,0.6240670929739761,0.6240670929739761,0.0,-0.0,0,0.01,0.01,0.14681995014389457,0.2880637819340418,21.96523427793038,0.01,0.08075830933553248,0.1770650930699611,6.086424828249205,0.01,0.07575515662630732,0.16469289655092062,5.739245367088312,0.01,0.1416189583230698,0.4169228163343648,45.28696231390292,0.01,0.1407724891038035,0.3340353473849922,8.378881190014711,0.01,0.0872750727758258,0.14095696851333808,11.295585573104896
1.3,27.312118518518517,26.09236335535439,1.2197551631641268,0.35286799304242134,10.272893675924355,0.062169660283666196,0.63866230996244,0.63866230996244,0.63866230996244,0.0,-0.0,0,0.01,0.01,0.14689922731437544,0.288148074309747,22.098090348580914,0.01,0.08083961904338852,0.1771493854456663,6.110479102916826,0.01,0.075836254739241,0.1647771889266258,5.762663070445927,0.01,0.14154206946007886,0.41683803636340055,45.04472870328703,0.01,0.14069267856705087,0.33395056741402795,8.317586441384847,0.01,0.08722995151101275,0.14091069965659528,11.204845581723303
1.31,27.543391652,26.297104305091445,1.2462873469085558,0.3614907337116407,10.455980183616441,0.062409694493058145,0.6525545288849721,0.6525545288849721,0.6525545288849721,0.0,-0.0,0,0.01,0.01,0.1469805121762237,0.2882344636885221,22.233467676996536,0.01,0.08092299249346098,0.17723577482444144,6.134198820695319,0.01,0.07591940829034786,0.16486357830540094,5.785781581377471,0.01,0.1414628860508457,0.41675074396083267,44.79689663152771,0.01,0.1406104759668122,0.33386327501146007,8.255051815643155,0.01,0.08718373345122388,0.14086331668349789,11.113032859928733
1.32,27.77829132325926,26.50669455967143,1.2715967635878296,0.3697906081965151,10.626515384494526,0.06265520581100797,0.6658065084693471,0.6658065084693471,0.6658065084693471,0.0,-0.0,0,0.01,0.01,0.1470637556166849,0.2883228877369649,22.370930327730076,0.01,0.08100838054510759,0.1773241988728842,6.157281649797012,0.01,0.0760045671072273,0.1649520023538437,5.808317156660784,0.01,0.14138143127936603,0.416660972110781,44.54384754433226,0.01,0.14052590001785253,0.3337735031614084,8.191468139896262,0.01,0.08713644999470455,0.14081485573682992,11.020531862211588
1.33,28.016792576740745,26.720911495588734,1.2958810811520083,0.3776371943162427,10.786294286784882,0.06290591832298702,0.6785217474121913,0.6785217474121913,0.6785217474121913,0.0,-0.0,0,0.01,0.01,0.14714887533048296,0.2884132506668657,22.510048951317817,0.01,0.08109569997369018,0.17741456180278498,6.179461871953667,0.01,0.0760916472150445,0.16504236528374444,5.830020283377105,0.01,0.14129776036389063,0.4165687884156818,44.28603700345293,0.01,0.14043900314610666,0.33368131946630913,8.127034682074047,0.01,0.08708815073551042,0.14076537113199825,10.927720396602247
1.34,28.258869248000007,26.93946375785553,1.319405490144476,0.384920966293611,10.937665488107125,0.06316147626826699,0.690839099157321,0.690839099157321,0.690839099157321,0.0,-0.0,0,0.01,0.01,0.1472357596582426,0.2885054276114869,22.650418447587253,0.01,0.08118483737100735,0.1775067387474062,6.20052029658911,0.01,0.07618053476208198,0.16513454222836568,5.850684961500341,0.01,0.14121195756962213,0.4164742915145325,44.0239746410638,0.01,0.14034986860503448,0.33358682256515987,8.061950355335416,0.01,0.08703890119992408,0.14071493288592354,10.83495341926663
1.35,28.504493981481485,27.162004630399238,1.3424893510822464,0.3915581384248873,11.0834058318989,0.06342146007658983,0.702925780480419,0.7029257804804191,0.702925780480419,0.0,-0.0,0,0.01,0.01,0.14732427275579452,0.28859927029931115,22.791673898602223,0.01,0.08127565441344554,0.17760058143523047,6.220291566567182,0.01,0.07627109129597426,0.16522838491618996,5.870155575746695,0.01,0.14112413188940268,0.4163776060766891,43.75820180945861,0.01,0.14025860617742017,0.33349013712731645,7.996405033563549,0.01,0.0869887798733015,0.1406636235493911,10.742548212225108
1.36,28.7536382482963,27.388147825457835,1.3654904228384652,0.39749426851911757,11.226577136278067,0.06368540516049548,0.7149691134894237,0.7149691134894237,0.7149691134894237,0.0,-0.0,0,0.01,0.01,0.14741426082942405,0.2886946137488822,22.933504471004007,0.01,0.08136799422547264,0.17769592488480151,6.238668891065696,0.01,0.07636316011991169,0.165323728365761,5.888331385889804,0.01,0.14103441158673455,0.41627887659429014,43.48926792333281,0.01,0.1401653466569191,0.3333914076449175,7.930571334312016,0.01,0.08693787466501662,0.14061153449858455,10.65077153374123
1.37,29.006272364000004,27.617484934855536,1.3887874291444693,0.40270645935041155,11.37037222820129,0.06395282255252834,0.7271673974663534,0.7271673974663534,0.7271673974663534,0.0,-0.0,0,0.01,0.01,0.14750555912512467,0.28879128366226153,23.075665037203038,0.01,0.08146168851844136,0.17779259479818083,6.255606317091451,0.01,0.07645657341101694,0.16542039827914032,5.905168731214771,0.01,0.14094293784898299,0.41617826025372084,43.217706565966125,0.01,0.14007023536076255,0.33329079130434824,7.864597210878439,0.01,0.08688627898381356,0.1405587618653608,10.559829244398049
1.3800000000000001,29.26236550637038,27.84960371155128,1.4127617948191005,0.4072040599259463,11.51795785722798,0.0642232203962382,0.7397203459793361,0.7397203459793361,0.7397203459793361,0.0,-0.0,0,0.01,0.01,0.14759799932851436,0.28888910416315516,23.217985271814683,0.01,0.08155656515323965,0.17789041529907446,6.271118678026414,0.01,0.07655115975187829,0.16551821878003395,5.920681067267048,0.01,0.14084985784251497,0.4160759192132494,42.944012465368125,0.01,0.13997342497229492,0.3331884502638768,7.798599672013105,0.01,0.08683408761245906,0.1405054023013842,10.469858814976108
1.3900000000000001,29.521885733185186,28.084106313435928,1.4377794197492568,0.4110278377604385,11.672322029556547,0.06449612526580921,0.7528195437611435,0.7528195437611435,0.7528195437611435,0.0,-0.0,0,0.01,0.01,0.1476914170173879,0.28898790551067793,23.36037596561565,0.01,0.08165245576108061,0.1779892166465972,6.285279353372418,0.01,0.07664675171192312,0.1656170201275567,5.93493694805114,0.01,0.14075531749326817,0.41597201264713435,42.668620433912615,0.01,0.1398750680467838,0.33308454369776175,7.732659913919571,0.01,0.08678139257833697,0.1404515487777258,10.380925014218098
1.4000000000000001,29.784800000000004,28.320626645501825,1.4641733544981785,0.41424766553622727,11.836132911353737,0.06477110230348176,0.7666393756789003,0.7666393756789003,0.7666393756789003,0.0,-0.0,0,0.01,0.01,0.14778565881129307,0.2890875314220542,23.502832288258972,0.01,0.08174920305988057,0.17808884255797347,6.298215958167635,0.01,0.07674319311824902,0.16571664603893296,5.948056052762554,0.01,0.1406594543335788,0.4158666889335415,42.391887300548774,0.01,0.13977530953387363,0.33297921998416885,7.666820102913463,0.01,0.08672827921514077,0.14039728661855053,10.293018955795558
1.41,30.051074177925926,28.558845981842474,1.4922281960834531,0.41695883702738795,12.01161573449861,0.06504777322658571,0.7813288563825543,0.7813288563825543,0.7813288563825543,0.0,-0.0,0,0.01,0.01,0.1478805888816425,0.2891878456575234,23.645433746567534,0.01,0.08184666752369799,0.1781891567934427,6.310104072266351,0.01,0.07684034567526961,0.16581696027440218,5.960203350376952,0.01,0.14056239075734617,0.4157600783625709,42.114077744471984,0.01,0.13967427967340443,0.3328726094131983,7.601081986723846,0.01,0.08667482260014597,0.14034268995507887,10.206060551304963
1.42,30.32067307140741,28.798506134005827,1.522166937401583,0.41927719422606485,12.200453144386369,0.06532583136441915,0.7970047446796813,0.7970047446796813,0.7970047446796813,0.0,-0.0,0,0.01,0.01,0.14797609452057242,0.2892887375576278,23.788340645102025,0.01,0.08194473309833546,0.17829004869354706,6.321159133730157,0.01,0.07693809462790482,0.16591785217450655,5.97158151166814,0.01,0.14046422800991137,0.41565228672060295,41.835354764912985,0.01,0.13957208760715006,0.33276481777123035,7.535407437760176,0.01,0.08662108453214422,0.14028781876465815,10.119904274535983
1.43,30.593560436,29.03941955340851,1.5541408825914895,0.4213333064732603,12.403713214063323,0.06560505303440411,0.8137462632321635,0.8137462632321635,0.8137462632321635,0.0,-0.0,0,0.01,0.01,0.1480720905151942,0.2893901262752758,23.931786970147808,0.01,0.08204331170550049,0.17839143741119512,6.33162666585346,0.01,0.07703635321216948,0.1660192408921546,5.982421724511427,0.01,0.14036504120648546,0.415543390068171,41.55577529778558,0.01,0.13946881601739897,0.3326559211187984,7.469720943964091,0.01,0.08656711118791177,0.14023271663045603,10.034347992162632
1.44,30.869698996148145,29.281475907128588,1.5882230890195583,0.4232659895826035,12.62180797291871,0.06588530474967198,0.8315916647875887,0.8315916647875887,0.8315916647875887,0.0,-0.0,0,0.01,0.01,0.14816852213359283,0.28949196350998946,24.07606978725245,0.01,0.08214234633834104,0.17849327464590875,6.341771086299087,0.01,0.07713506569738866,0.16612107812686827,5.992973146554893,0.01,0.14026487562476223,0.41543343097212737,41.275291227729745,0.01,0.13936451705533917,0.33254596202275477,7.403913965579085,0.01,0.0865129315613762,0.1401774093214322,9.949144465324444
1.45,31.149050462962965,29.524644840892552,1.624405622070411,0.42521548553176564,12.85448382540526,0.06616654595730105,0.8505367947910603,0.8505367947910603,0.8505367947910603,0.0,-0.0,0,0.01,0.01,0.14826536659696662,0.2895942346262647,24.221535455668377,0.01,0.08224181261973525,0.17859554576218398,6.351863453608732,0.01,0.07723420889291216,0.16622334924314347,6.0034913336101425,0.01,0.14016374445575505,0.41532241638169015,40.99375575711059,0.01,0.13925920976013575,0.3324349474323175,7.337850974608288,0.01,0.08645855675108093,0.14012190425162438,9.864014983722955
1.46,31.43157555200001,29.7689748314764,1.6626007205236075,0.42731663917927615,13.100843730440936,0.0664488272272301,0.8705357015750104,0.8705357015750104,0.8705357015750104,0.0,-0.0,0,0.01,0.01,0.14836263298539826,0.2896969581181433,24.368563199945623,0.01,0.08234171876816097,0.17869826925406257,6.362168628130632,0.01,0.07733379206582455,0.16632607273502206,6.014226099813323,0.01,0.14006162812510536,0.41521031725588947,40.71093480077594,0.01,0.1391528790965851,0.3323228483065168,7.271376894914286,0.01,0.08640398012004843,0.14006619083447544,9.778664469275002
1.47,31.717234001037035,30.014588223149126,1.702645777887911,0.42969240656859087,13.359399539099023,0.066732284034964,0.8915032445797233,0.8915032445797233,0.8915032445797233,0.0,-0.0,0,0.01,0.01,0.14846036059946452,0.2898001834636739,24.517546811008998,0.01,0.08244210399093675,0.1788014945995932,6.372932441971195,0.01,0.07743385529133096,0.16642929808055273,6.025409378139585,0.01,0.13995847521906155,0.4150970699616591,40.426522796662155,0.01,0.1390454766592332,0.33220960101228647,7.204325573017283,0.01,0.08634917830978056,0.1400102417041598,9.692797291911042
1.48,32.00598458785185,30.26167272901258,1.744311858839269,0.4324480097827046,13.628151508676975,0.06701712649498562,0.913319553549834,0.913319553549834,0.913319553549834,0.0,-0.0,0,0.01,0.01,0.14855861587281372,0.2899039874916263,24.668875443701328,0.01,0.08254303539782194,0.17890529862754564,6.384369562967241,0.01,0.07753446633087072,0.16653310210850514,6.037243735407458,0.01,0.13985420496939704,0.4149825793724861,40.14016207797015,0.01,0.13893692300826815,0.33209511042311346,7.136528840778821,0.01,0.08629411304903817,0.1399540147338989,9.606132985464633
1.49,32.297785148,30.510469848325688,1.7873152996743145,0.435666017263178,13.904690783599289,0.06730362559528508,0.9358361025175777,0.9358361025175777,0.9358361025175777,0.0,-0.0,0,0.01,0.01,0.14865748799868128,0.2900084694544898,24.822914603825122,0.01,0.0826446035962796,0.17900978059040915,6.3966527784100595,0.01,0.07763571620137193,0.16663758407136864,6.049892232930009,0.01,0.13974871117420146,0.41486672351234094,39.85146476057309,0.01,0.13882711152188962,0.3319792545629683,7.067825688478214,0.01,0.0862387336602687,0.13989745574326215,9.51842104631041
1.5,32.59259259259259,30.76126079637052,1.8313317962220654,0.43940257833996865,14.186319611088994,0.06759209664686947,0.9588830862161069,0.958883086216107,0.9588830862161069,0.0,-0.0,0,0.01,0.01,0.1487570834930628,0.2901137450627733,24.979988450408825,0.01,0.08274691719028768,0.1791150561986926,6.4099043973794245,0.01,0.07773771365947202,0.16674285967965213,6.063470296000439,0.01,0.139641867360977,0.41474935951336644,39.560035973201025,0.01,0.1387159135755858,0.33186189056399384,6.998071055333424,0.01,0.08618298013397593,0.1398405017543174,9.429454042706531
1.51,32.890362926074076,31.01435065694322,1.8760122691308574,0.4436849796403348,14.470183288147116,0.0678828807876201,0.9822777271243033,0.9822777271243033,0.9822777271243033,0.0,-0.0,0,0.01,0.01,0.1488575199662457,0.290219939782945,25.140364466374834,0.01,0.08285009645487627,0.17922125091886434,6.424190367323274,0.01,0.0778405788743838,0.16684905439982384,6.078040154645719,0.01,0.13953353293850246,0.4146303305925541,39.265497205572125,0.01,0.138603184794676,0.33174286164318145,6.927143766258988,0.01,0.08612678661552313,0.13978308463181768,9.339078360484676
1.52,33.191051263999995,31.270051543970776,1.9209997200292177,0.44851062284275617,14.753407352459886,0.0681763254618105,1.0058331013319732,1.0058331013319732,1.0058331013319732,0.0,-0.0,0,0.01,0.01,0.14895891941037426,0.29032718173288263,25.304241376805997,0.01,0.08295426649633594,0.1793284928688019,6.439517524873933,0.01,0.07794443660013602,0.1669562963497614,6.093608249075388,0.01,0.1394235600374147,0.41450947370541674,38.96750857182809,0.01,0.13848877207574176,0.3316220047560441,6.854953197191014,0.01,0.08607008513102873,0.1397251349264638,9.247202051500526
1.53,33.49461185081481,31.52866559514828,1.9659462556665332,0.45384745193371634,15.033233357614437,0.06847276483190327,1.029367052359057,1.029367052359057,1.029367052359057,0.0,-0.0,0,0.01,0.01,0.14906140133195064,0.2904355945232515,25.471740938324796,0.01,0.08305955023142288,0.1794369056591708,6.455834169620852,0.01,0.0780494091803551,0.1670647091401303,6.110125772718471,0.01,0.13931180070840235,0.4143866275053369,38.66578887818824,0.01,0.13837252103741576,0.33149915855596424,6.7814443317947495,0.01,0.08601280936990122,0.13966658573329843,9.153799425500928
1.54,33.80099807762963,31.790468616223738,2.010529461405893,0.45963578761970864,15.307146722275634,0.06877250106739238,1.0527107642964328,1.0527107642964328,1.0527107642964328,0.0,-0.0,0,0.01,0.01,0.14916507606353935,0.29054529039055915,25.642903919306814,0.01,0.08316606152651085,0.17954660152647844,6.473033890704957,0.01,0.07815560972530997,0.16717440500743797,6.127492280793296,0.01,0.1391981141323636,0.41426164022653766,38.36013253318422,0.01,0.1382542835427191,0.33137417127716506,6.706600972443129,0.01,0.08595489834144052,0.13960737637956172,9.058912219033393
1.55,34.1101625,32.05569515111996,2.0544673488800402,0.4657914603532665,15.572990607788867,0.06907578739835944,1.0757165883802722,1.0757165883802722,1.0757165883802722,0.0,-0.0,0,0.01,0.01,0.1492700385780354,0.2906563639483879,25.817690278202182,0.01,0.08327389882875538,0.17965767508430716,6.490962323681082,0.01,0.0782631357910125,0.16728547856526665,6.145562055247722,0.01,0.13908237349896205,0.41413437711614676,38.05042253226888,0.01,0.13813392493409707,0.33124690816677416,6.630446978880403,0.01,0.08589629973162896,0.13954745576748961,8.962647370011556
1.56,34.42205685570371,32.32452567380968,2.097531181894025,0.4722100744675304,15.829060536549958,0.06938281372309021,1.0982647586189642,1.0982647586189642,1.0982647586189642,0.0,-0.0,0,0.01,0.01,0.14937636310208355,0.29076888684891583,25.995983265685624,0.01,0.08338313959599966,0.17977019798483512,6.509426302289519,0.01,0.07837206386396305,0.16739800146579462,6.164152718742663,0.01,0.13896447222806005,0.4140047270654131,37.736638969672924,0.01,0.13801133063802748,0.3311172581160404,6.5530455197394515,0.01,0.08583697280310941,0.1394867852167832,8.86517161055148
1.57,34.73663208251852,32.59707676092233,2.139555321596192,0.4787767587334468,16.07417335050169,0.06969369573693354,1.1202685467125906,1.1202685467125906,1.1202685467125906,0.0,-0.0,0,0.01,0.01,0.14948409881228764,0.2908829037136623,26.177600522363928,0.01,0.0834938358167264,0.1798842148495816,6.528207055094934,0.01,0.07848244494142018,0.16751201833054108,6.183057854736757,0.01,0.13884432920740633,0.4138726079971259,37.418860143743444,0.01,0.13788641180450767,0.3309851390477533,6.474495230223696,0.01,0.08577665269082589,0.13942534061606807,8.783873951656233
1.58,35.053838336000005,32.873418448320194,2.18041988767981,0.4854583693146129,16.307523560098023,0.07000849511404701,1.141665183479329,1.141665183479329,1.141665183479329,0.0,-0.0,0,0.01,0.01,0.14959327272491532,0.29099843944748305,26.36247583004399,0.01,0.08360601643307483,0.17999975058340234,6.547187585620446,0.01,0.07859430728942123,0.16762755406436183,6.202171889134425,0.01,0.13872188597396534,0.41373795914350253,37.09713063648134,0.01,0.13775910420094642,0.3308504901941299,6.394857577231875,0.01,0.0857146466176259,0.13936310844016345,8.767558097546534
1.59,35.373625007259264,33.15359919073806,2.2200258165212015,0.4921733671095548,16.528484038238204,0.07032724820001199,1.1624027993271147,1.1624027993271147,1.1624027993271147,0.0,-0.0,0,0.01,0.01,0.14970390292272043,0.29111550971040023,26.55053556397711,0.01,0.083719700816026,0.18011682084631953,6.566265195361868,0.01,0.07870766993878237,0.16774462432727902,6.221395686932694,0.01,0.1385970925621699,0.41360072935278813,36.77152661718401,0.01,0.1376293541084092,0.33071326040341553,6.314183747726148,0.01,0.08565179775918354,0.1393000800817769,8.754612489101651
1.6,35.695940740740745,33.437598027289155,2.258342713451596,0.49878170088398716,16.7369703483891,0.07064991184371701,1.1824654796445955,1.1824654796445955,1.1824654796445955,0.0,-0.0,0,0.01,0.01,0.14981598376847857,0.29123410096869273,26.741490887769654,0.01,0.0838348848620068,0.18023541210461202,6.585199923716342,0.01,0.07882252800762701,0.16786321558557152,6.240499666001061,0.01,0.1384699249879949,0.41346090096484645,36.44232043706479,0.01,0.1374971318623233,0.33057343201547384,6.23262538403514,0.01,0.0855881564674745,0.13923626256753321,8.741909558384139
1.61,36.02073345200001,33.725313878564094,2.2954195734359115,0.5051446722484451,16.933511625562325,0.07097635178760514,1.2018788781354128,1.201878878135413,1.2018788781354128,0.0,-0.0,0,0.01,0.01,0.14992947774667373,0.29135416611863557,26.934999535926405,0.01,0.08395153199155643,0.18035547725455486,6.603741805130175,0.01,0.07893884412418943,0.16798328073551436,6.259247018354333,0.01,0.13834039492344932,0.41331849601891624,36.10988454316434,0.01,0.1373624438221439,0.3304310270695436,6.15037029996422,0.01,0.08552374430390053,0.13917168087221146,8.7296948274416
1.62,36.34795034548148,34.01656885521362,2.3313814902678587,0.5111329186996934,17.119212303083494,0.07130634705294912,1.220708493756788,1.220708493756788,1.220708493756788,0.0,-0.0,0,0.01,0.01,0.15004431617346325,0.29147562598046955,27.130697246282317,0.01,0.08406957358425268,0.18047693711638885,6.621658410645505,0.01,0.07905654904333188,0.16810474059734837,6.277417518489303,0.01,0.13820854988524486,0.4131735756706964,35.774667873670126,0.01,0.13722533370258486,0.33028610672132375,6.067620996153456,0.01,0.08545859966180978,0.1391063770757051,8.718233041707183
1.6300000000000001,36.6775379322963,34.311115357531946,2.366422574764358,0.5166324783167519,17.295685440900904,0.07163959861137781,1.2390559626947917,1.2390559626947917,1.2390559626947917,0.0,-0.0,0,0.01,0.01,0.15016040183806198,0.2915983723782719,27.328213818067205,0.01,0.08418891159456013,0.18059968351419123,6.638745438629585,0.01,0.07917554430092173,0.16822748699515072,6.294817302330927,0.01,0.1380744713251019,0.4130262376868741,35.43717749825359,0.01,0.13708588094806606,0.3301387687375015,5.9845847748069545,0.01,0.08539277678855692,0.13904040867514905,8.707757093196049
1.6400000000000001,37.009442048,34.60864641852828,2.4007956294717174,0.5215500581208257,17.46496281609267,0.07197574167720854,1.2570536520531383,1.2570536520531383,1.2570536520531383,0.0,-0.0,0,0.01,0.01,0.15027761299762446,0.2917222725688979,27.527188468197355,0.01,0.08430942257938959,0.18072358370481714,6.654834873627867,0.01,0.0792957062576428,0.16835138718577664,6.311286590532126,0.01,0.13793827111511767,0.412876612215324,35.097957892583075,0.01,0.13694419733001117,0.3299891432659514,5.901464768263798,0.01,0.08532634353409879,0.13897384618194408,8.698457262772697
1.6500000000000001,37.34360787037037,34.90880877240302,2.4347990979673515,0.5258172809468156,17.629386598046207,0.07231436099227838,1.2748578265235477,1.2748578265235477,1.2748578265235477,0.0,-0.0,0,0.01,0.01,0.15039580850523449,0.29184717479548195,27.727284463048495,0.01,0.08443096289944209,0.18084848593140124,6.669801198940496,0.01,0.07941689130440412,0.16847628941236073,6.326705609529887,0.01,0.13780008659759696,0.41272485602297854,34.75756860594486,0.01,0.1368004220116593,0.3298373870736059,5.818451318380006,0.01,0.08525937847042789,0.1389067701258469,8.6904730888055
1.6600000000000001,37.679979937185195,35.21121800677601,2.468761930409186,0.5293937147835281,17.791488206088772,0.07265500834064924,1.2926407240059423,1.2926407240059423,1.2926407240059423,0.0,-0.0,0,0.01,0.01,0.1505148338088623,0.2919729146899324,27.928202618809433,0.01,0.08455337482597837,0.18097422582585174,6.683565619468696,0.01,0.07953894196242607,0.16860202930681123,6.340998653987098,0.01,0.13766007442866773,0.41257114546621865,34.416561360402625,0.01,0.13665471531614953,0.329683676516846,5.7357140059147165,0.01,0.08519196753221743,0.13883926761476179,8.683887711169419
1.67,38.018502164,35.515475060821345,2.5030271031786513,0.5322685449992085,17.953860446154355,0.0729972214301365,1.3105819265136986,1.3105819265136986,1.3105819265136986,0.0,-0.0,0,0.01,0.01,0.1506345275201916,0.29209932220986573,28.129693268012435,0.01,0.08467649324503781,0.18110063334578502,6.696098292395644,0.01,0.07966169357141953,0.16872843682674452,6.354136280607878,0.01,0.13751840350440242,0.4124156685222535,34.07545765879951,0.01,0.13650725149117982,0.3295281995728808,5.65339466987857,0.01,0.08512420034449633,0.13877142861882558,8.678724868207839
1.68,38.359117861925924,35.82118326981434,2.5379345921115815,0.5344608138714136,18.119029211663474,0.07334054321866133,1.328859444978192,1.328859444978192,1.328859444978192,0.0,-0.0,0,0.01,0.01,0.15075472822819447,0.2922262287714673,28.331566289255488,0.01,0.08480015262648857,0.1812275399073866,6.707418598052256,0.01,0.07978498123480478,0.16885534338834612,6.366135655002347,0.01,0.1373752473052357,0.41225861625968874,33.734727970328024,0.01,0.13635821081402413,0.3293711473103161,5.571601726395589,0.01,0.08505616641659818,0.13870334215931246,8.674948623303603
1.69,38.70176975540741,36.12796513290937,2.5738046224980438,0.5360182203473877,18.28933091351515,0.07368454074901996,1.3476409489692176,1.3476409489692176,1.3476409489692176,0.0,-0.0,0,0.01,0.01,0.15087528122440858,0.2923534742321283,28.53369879661272,0.01,0.0849241939172523,0.1813547853680476,6.717593501525109,0.01,0.07990864668290347,0.1689825888490071,6.377059089892946,0.01,0.13723077602627717,0.41210017415915035,33.39477350607777,0.01,0.13620777141591092,0.32921270520977775,5.49040605109669,0.01,0.08498795138649537,0.13863509258620077,8.672465794510229
1.7,39.046400000000006,36.43547799692151,2.6109220030784943,0.5370145427792904,18.466801392028856,0.0740288225867124,1.3670755639945575,1.3670755639945578,1.3670755639945575,0.0,-0.0,0,0.01,0.01,0.15099604481521015,0.29248091338592885,28.736040101458123,0.01,0.08504847102666976,0.18148222452184817,6.726734068980153,0.01,0.08003254472358355,0.16911002800280767,6.387010826113575,0.01,0.13708514887546958,0.4119405137079023,33.055911490712504,0.01,0.13605610122202777,0.32905304475852964,5.409838631526701,0.01,0.08491963349562781,0.1385667561227216,8.67113096013084
1.71,39.39295020014814,36.7434279042425,2.6495222959056397,0.5375458150233821,18.65308139000215,0.07437305403064168,1.3872866300565867,1.3872866300565867,1.3872866300565867,0.0,-0.0,0,0.01,0.01,0.1511168959203624,0.2926084216608033,28.938613607011877,0.01,0.08517285659650305,0.1816097327967226,6.734990222834324,0.01,0.08015654897424249,0.1692375362776821,6.396132128313123,0.01,0.13693850691706458,0.411779784684258,32.718364680452794,0.01,0.13590335040122786,0.32889231573488537,5.329890126224773,0.01,0.08485128046166664,0.13849839784105758,8.670753814396917
1.72,39.74136142696297,37.05158094551997,2.689780481442998,0.5377254481765043,18.849342771221963,0.07471696938218793,1.4083657667117566,1.4083657667117568,1.4083657667117566,0.0,-0.0,0,0.01,0.01,0.1512377346953837,0.29273589974734826,29.1415153851911,0.01,0.08529724678699678,0.18173721088326758,6.742543856130279,0.01,0.08028055660782994,0.16936501436422707,6.404594803701299,0.01,0.13679096681419933,0.41161810851778036,32.38225567559422,0.01,0.13574964469742362,0.32873063956840776,5.250512385237293,0.01,0.08478294689593886,0.13843006921124004,8.671108551837724
1.73,40.091574236,37.35977158307935,2.731802652920654,0.5376785428901864,19.056238600730005,0.07506038070863809,1.430368524245439,1.430368524245439,1.430368524245439,0.0,-0.0,0,0.01,0.01,0.15135848796577892,0.2928632769437159,29.34490932078026,0.01,0.08542156486158123,0.18186458807963518,6.749600483791324,0.01,0.08040449189670713,0.16949239156059467,6.412593309127669,0.01,0.1366426157821859,0.41145557306065395,32.047606335102174,0.01,0.1355950799733362,0.3285681041112813,5.1716218947755825,0.01,0.08471467238449745,0.13836180633625778,8.671944868351817
1.74,40.44352868503704,37.6679075631048,2.775621121932237,0.5375356775768171,19.273879014755586,0.07540318271458889,1.4533118209684959,1.4533118209684959,1.4533118209684959,0.0,-0.0,0,0.01,0.01,0.1514791113213083,0.29299051306610924,29.549018885263038,0.01,0.08554576341349847,0.18199182420202853,6.756379686853486,0.01,0.08052830839884499,0.16961962768298805,6.420335688940071,0.01,0.1364935080053517,0.41129222903645113,31.71434233334226,0.01,0.13543971823856082,0.32840476008707853,5.093105010104141,0.01,0.08464648031843919,0.1382936289518836,8.673000085048159
1.75,40.797164351851855,37.9759712055645,2.8211931462873543,0.5374264834539665,19.50183355505016,0.07574535353060918,1.4771732771223711,1.4771732771223711,1.4771732771223711,0.0,-0.0,0,0.01,0.01,0.15159958978519408,0.2931175988467023,29.754115810390726,0.01,0.08566982514479815,0.18211890998262162,6.763104699214986,0.01,0.08065198969810065,0.1697467134635811,6.4280336774050255,0.01,0.13634366269782658,0.41112808834833536,31.38230261975295,0.01,0.13528358536072266,0.32824061939896276,5.014824741091115,0.01,0.08457837752172545,0.1382255402315034,8.674011834000057
1.76,41.15242035199999,38.284017041843455,2.8684033101565367,0.5374733266512601,19.739159380855266,0.0760869514320217,1.5018924611200701,1.5018924611200701,1.5018924611200701,0.0,-0.0,0,0.01,0.01,0.15171993704319345,0.293244554816555,29.960506150005177,0.01,0.08579376217851138,0.18224586595247427,6.769991583866967,0.01,0.08077554868079159,0.16987366943343377,6.435892394095678,0.01,0.13619306390640773,0.4109631243341747,31.05125326897567,0.01,0.13512667057466604,0.3280756553848021,4.936628761142942,0.01,0.0845103546853244,0.13815752739624448,8.674730699118026
1.77,41.50923535659259,38.592165951468544,2.917069405124047,0.5377854099160077,19.98445355761076,0.0764281077015755,1.5273739688582089,1.5273739688582089,1.5273739688582089,0.0,-0.0,0,0.01,0.01,0.15184019328740708,0.2933714287463101,30.16851442379463,0.01,0.085917613955068,0.1823727398822294,6.777238531592932,0.01,0.08089902540115813,0.17000054336318887,6.44410014372824,0.01,0.13604166206602192,0.41079727395646837,30.720904961025706,0.01,0.1349689278146458,0.3279098050070957,4.85835823034811,0.01,0.08444238757697399,0.13808956309104023,8.67493218810748
1.78,41.86754761007408,38.90059612156786,2.9669514885062136,0.5384535822598409,20.235926508155423,0.0767690160376556,1.5534921666414037,1.5534921666414037,1.5534921666414037,0.0,-0.0,0,0.01,0.01,0.1519604217962174,0.29349829178819753,30.3784667020091,0.01,0.08604144383098976,0.18249960292411685,6.785015872510865,0.01,0.08102248365533454,0.17012740640507634,6.452818886834096,0.01,0.13588937723015757,0.4106304418161396,30.390933126616044,0.01,0.13481027880323518,0.327742972866767,4.7798569654349805,0.01,0.08437443895824497,0.13802160744996364,8.6744274276356
1.79,42.227294948,39.20953130676093,3.0177636412390716,0.5395461057096936,20.49149274897295,0.07710991907493112,1.580097347597842,1.5800973475978417,1.580097347597842,0.0,-0.0,0,0.01,0.01,0.15208070443174196,0.29362523352548464,30.59067359286407,0.01,0.08616533455862019,0.18262654466140393,6.793457403972891,0.01,0.08114600644412062,0.17025434814236343,6.4621759595408115,0.01,0.13573610381476314,0.4104625057867653,30.060999647431778,0.01,0.1346506177430334,0.32757503683739264,4.7009804591726265,0.01,0.08430646110676103,0.13795361074116175,8.673072028356309
1.8,42.58841481481482,39.519226995135206,3.0691878196796116,0.5411055766249485,20.748874264443273,0.0774510927187681,1.607022984465457,1.6070229844654573,1.607022984465457,0.0,-0.0,0,0.01,0.01,0.1522011362868623,0.29375235618684564,30.805414117118463,0.01,0.08628938287749734,0.1827536673227649,6.802653595884561,0.01,0.08126969055647452,0.1703814708037244,6.472257579047617,0.01,0.13558171661897375,0.4102933239848041,29.73077492598082,0.01,0.13448981737787072,0.3274058550354315,4.621604254475873,0.01,0.08423839881308005,0.13788551645465072,8.670772656789065
1.81,42.950844281629635,39.82995518156573,3.1208891000639083,0.5431471380154674,21.005711331573117,0.0777928290919326,1.6340937115715393,1.6340937115715393,1.6340937115715393,0.0,-0.0,0,0.01,0.01,0.15232181975289572,0.2938797683207193,31.022921392121603,0.01,0.08641369348866824,0.18288107945663865,6.81264713329432,0.01,0.08139364054593425,0.17050888293759814,6.483104573337928,0.01,0.13542607782349977,0.4101227427260981,29.39995913956698,0.01,0.1343277361231212,0.32723527377672545,4.541631214921265,0.01,0.08417019270021503,0.13781726467641905,8.667490975769987
1.82,43.31452006399999,40.141988508587545,3.172531555412448,0.5456580525996584,21.25967532175544,0.07813541894786388,1.6611336379609243,1.6611336379609243,1.6611336379609243,0.0,-0.0,0,0.01,0.01,0.15244285830450452,0.2940075782469295,31.24337090585549,0.01,0.08653837271093116,0.1830088893828488,6.823431102056904,0.01,0.0815179623992785,0.17063669286380828,6.4947106256024165,0.01,0.13526904462063138,0.4099506050724575,29.068301565870563,0.01,0.13416422591322,0.32706313612308485,4.46099730147194,0.01,0.08410178270007192,0.1377487955805884,8.6632447635775
1.83,43.679378539703706,40.45558455519278,3.2237939845109267,0.5485986377881984,21.508577988357942,0.07847913441719583,1.6879745830710824,1.6879745830710824,1.6879745830710824,0.0,-0.0,0,0.01,0.01,0.15256435030928514,0.2941358876088848,31.46687195860908,0.01,0.08666352213130443,0.1831371987448041,6.834949932038232,0.01,0.081642757209337,0.1707650022257636,6.507023140795391,0.01,0.1351104771006509,0.4097767595463556,28.735617005757163,0.01,0.13399914038087624,0.32688929059698296,4.379675559088331,0.01,0.08403311151574618,0.13768005286822255,8.658106184601369
1.84,44.045355766518526,40.77097103530194,3.274384731216583,0.5519044970395823,21.750471999802933,0.07882421292366902,1.7144638361027675,1.7144638361027675,1.7144638361027675,0.0,-0.0,0,0.01,0.01,0.15268638316513777,0.2942647853396589,31.693462611905222,0.01,0.08678923256017197,0.18326609647557818,6.8471030060940095,0.01,0.0817681151612486,0.17089389995653767,6.519946645433348,0.01,0.13495024600908082,0.4096010685872624,28.401798518441588,0.01,0.1338323429681227,0.3267135996378898,4.297678128506535,0.01,0.08396412790176976,0.1376109869867014,8.652197347664202
1.85,44.41238750000001,41.088332612257545,3.324054887742469,0.5554899203984441,21.983737983953002,0.07917084303469919,1.7404710692434977,1.7404710692434977,1.7404710692434977,0.0,-0.0,0,0.01,0.01,0.15280902804922558,0.294394342330087,31.923108240636022,0.01,0.08691557858443054,0.18339565346600628,6.8597506476097765,0.01,0.08189411012362996,0.17102345694696577,6.53334844668077,0.01,0.13478823999770326,0.4094234163393904,28.06682590878602,0.01,0.1336637145745731,0.32653594739001773,4.215056217747737,0.01,0.08389478960570097,0.1375415579768904,8.64568343877684
1.86,44.78040921125926,41.40779994723791,3.372609264021354,0.5592522732425738,22.207154084246767,0.0795191529051327,1.7658940812130608,1.7658940812130608,1.7658940812130608,0.0,-0.0,0,0.01,0.01,0.15293233552909055,0.2945246070483327,32.155703562929766,0.01,0.08704261398022634,0.183525918184252,6.872722038295837,0.01,0.08202079510382375,0.1711537216652115,6.547066124993852,0.01,0.1346243720188488,0.40924371539613313,27.73076964874103,0.01,0.13349316037247727,0.32635624644676053,4.131898085203406,0.01,0.08382506583317885,0.13747173781579025,8.638763842826961
1.87,45.14935610474075,41.72944148311341,3.4199146216273397,0.5630771484550511,22.419944952095918,0.07986920183617112,1.7906631085347946,1.7906631085347946,1.7906631085347946,0.0,-0.0,0,0.01,0.01,0.15305633224104492,0.2946556023103762,32.39107784284496,0.01,0.08717036820200484,0.18365691344629548,6.885824508653858,0.01,0.08214819878120565,0.17128471692725497,6.560916332498283,0.01,0.13445858455546078,0.4090619121789976,27.393790158129615,0.01,0.13332061545991114,0.32617444322962497,4.048325192419025,0.01,0.08375493912365659,0.13740151214875346,8.631661763661004
1.8800000000000001,45.519163135999996,42.05325832712112,3.46590480887887,0.5668440249093192,22.62180816431997,0.08022097531228822,1.8147435142692325,1.8147435142692323,1.8147435142692325,0.0,-0.0,0,0.01,0.01,0.15318101878570178,0.2947873233421932,32.62900283445957,0.01,0.08729884410888761,0.1837886344781125,6.898853594230149,0.01,0.08227632327677041,0.171416437959072,6.5747043238462,0.01,0.13429085343663963,0.40887799069559705,27.05613260081619,0.01,0.13314604908054417,0.32599052174622445,3.964486773726934,0.01,0.08368440655414121,0.13733088133632534,8.624612911467265
1.8900000000000001,45.889765029481495,42.379182442664636,3.5105825868168643,0.5704321552440894,22.812917202315546,0.08057438370518634,1.8381367440940188,1.8381367440940188,1.8381367440940188,0.0,-0.0,0,0.01,0.01,0.15330636892836866,0.29491973720996334,32.869202961656036,0.01,0.08742801702580842,0.18392104834588266,6.911603259348596,0.01,0.08240514325385173,0.17154885182684215,6.58823365537326,0.01,0.1341211900569875,0.4086919744991334,26.718117560392272,0.01,0.1329694672081181,0.3258045055497608,3.880553137493447,0.01,0.08361348022187139,0.13725986077473867,8.617853847967952
1.9000000000000001,46.26109629629631,42.70707819978763,3.5540180965086763,0.5737263988505991,22.99390130066454,0.08092926465385668,1.8608795237861397,1.8608795237861397,1.8608795237861397,0.0,-0.0,0,0.01,0.01,0.15343233012626672,0.2950527836275646,33.11136719760634,0.01,0.08755783516884082,0.18405409476348392,6.923875746376713,0.01,0.08253460637727246,0.1716818982444434,6.601315541795952,0.01,0.13394964189494163,0.40850392675734853,26.380128138385558,0.01,0.13279091337279333,0.3256164578079759,3.7967080591277633,0.01,0.08354218699230653,0.13718848048445237,8.61161056764562
1.9100000000000001,46.63309125200001,43.036747172779904,3.5963440792201,0.5766227217984559,23.165803606097185,0.08128538895211146,1.8830413565098358,1.8830413565098358,1.8830413565098358,0.0,-0.0,0,0.01,0.01,0.153558825338572,0.29518637708401907,33.35516210735761,0.01,0.08768822139544574,0.18418768821993833,6.935490596494192,0.01,0.0826646350901015,0.17181549170089783,6.613777442316858,0.01,0.13377629130695262,0.40831394842857244,26.042594164063775,0.01,0.13261046769127408,0.3254264794791998,3.713140650009313,0.01,0.08347056753438103,0.13711678399622795,8.606087852122199
1.92,47.00568403437038,43.367935919193926,3.637748115176457,0.5790331036897501,23.33002012545231,0.08164246960779184,1.9047204590414124,1.9047204590414122,1.9047204590414124,0.0,-0.0,0,0.01,0.01,0.15368575601245532,0.2953204101705284,33.6002455317473,0.01,0.08781907617464135,0.18432172130644772,6.946292490579021,0.01,0.0827951296021097,0.17194952478740722,6.625470543765428,0.01,0.133601252657199,0.40812217463251776,25.705974316560305,0.01,0.1324282441492623,0.3252347056831451,3.6300370918342804,0.01,0.08339867469903024,0.1370448265974799,8.601459870556667
1.93,47.378808621185186,43.70034633417977,3.6784622870054178,0.5808896213585322,23.48822283250427,0.08200017358891874,1.9260383495605549,1.9260383495605549,1.9260383495605549,0.0,-0.0,0,0.01,0.01,0.15381300608174986,0.29545475793016196,33.8462804081438,0.01,0.08795028161278441,0.18445606906608125,6.956157660146735,0.01,0.08292597192532036,0.17208387254704074,6.636275902509804,0.01,0.1334246679227992,0.40792876939002687,25.37073703662641,0.01,0.1322443862693489,0.32504130044065427,3.5475726157325695,0.01,0.08332657132793975,0.13697267303154176,8.597862420180602
1.94,47.752398848000006,44.03364809766545,3.7187507503345505,0.5821488187794331,23.64227071428637,0.08235813569522436,1.9471333396304258,1.9471333396304258,1.9471333396304258,0.0,-0.0,0,0.01,0.01,0.15394044677094104,0.2955892830234291,34.09294893701345,0.01,0.08808170632335119,0.18459059415934836,6.964999113660179,0.01,0.0830570307455359,0.17221839764030786,6.646109512017756,0.01,0.1332467009850786,0.40773391895954547,25.03734070894135,0.01,0.13205865504331812,0.32484645001017287,3.4693752985972326,0.01,0.08325432760415721,0.136900394758187,8.595386555136695
1.95,48.12638842592593,44.36751877325772,3.7588696526682055,0.5829238909872911,23.793939538798185,0.08271600188617124,1.9681395477706753,1.9681395477706751,1.9681395477706753,0.0,-0.0,0,0.01,0.01,0.15406794825148576,0.29572385199344814,34.34017507602587,0.01,0.08821321633568877,0.18472516312936743,6.972905522367118,0.01,0.08318817260030044,0.17235296661032692,6.65506073390516,0.01,0.13306752364677368,0.40753780867724926,24.706054840840974,0.01,0.13186538183106028,0.3246503397278766,3.4451601317279947,0.01,0.08318201478502305,0.1368280612434639,8.593903598030348
1.96,48.500710959407414,44.70174438429555,3.7989665751118613,0.5834031976030489,23.94425861312051,0.08307353672572958,1.9891342472674334,1.9891342472674334,1.9891342472674334,0.0,-0.0,0,0.01,0.01,0.15419541760577365,0.295858375721021,34.58822470108321,0.01,0.08834471238968793,0.1848596868569403,6.98020605896966,0.01,0.08331929964445572,0.17248749033789978,6.663444332940146,0.01,0.13288726526664427,0.40734056334498,24.376789892050063,0.01,0.13166891629361233,0.3244530943956073,3.4385137142695408,0.01,0.0831096841388464,0.1367557182154503,8.593016409687513
1.97,48.87529996399999,45.036174601647666,3.839125362352329,0.5836586445996631,24.093821144136367,0.08343057446432739,2.010161339096055,2.010161339096055,2.010161339096055,0.0,-0.0,0,0.01,0.01,0.15432279176366112,0.2959927911378778,34.837150423061466,0.01,0.08847612761699856,0.1849941022737971,6.9870396596811215,0.01,0.08345034584866554,0.17262190575475658,6.671387724785046,0.01,0.13270601371673885,0.4071422723479614,24.049575460098943,0.01,0.13147113959870438,0.3242548033985888,3.4341323708476015,0.01,0.08303727933293392,0.13668323643776828,8.587501885504883
1.98,49.25008888414814,45.370714542993014,3.8793743411551302,0.5837917292443867,24.242846995673972,0.08378700964778388,2.0312356551162836,2.0312356551162836,2.0312356551162836,0.0,-0.0,0,0.01,0.01,0.15445002807743186,0.29612705776726955,35.08709894086658,0.01,0.0886074161011201,0.18512836890318882,6.993577696600778,0.01,0.08358126602065502,0.1727561723841483,6.679054394440816,0.01,0.13252383011943594,0.40694299366056014,23.72435161647901,0.01,0.13127232683172602,0.3240555247111875,3.4301647021474886,0.01,0.0829643565176063,0.13661016752173583,8.577037983924408
1.99,49.62501111096296,45.70529976684233,3.9197113441206293,0.5838185683031564,24.391353662230593,0.0841427699709158,2.0523560604803235,2.0523560604803235,2.0523560604803235,0.0,-0.0,0,0.01,0.01,0.15457709886959145,0.2962611475567246,35.33807620591981,0.01,0.08873854839285775,0.18526245869264393,6.999872588049727,0.01,0.08371203108574063,0.17289026217360343,6.686490695701318,0.01,0.13234075397017242,0.40674276807230103,23.40114381686105,0.01,0.13107254825756007,0.32385529912292843,3.426359384773293,0.01,0.08289083004162463,0.13653649666044473,8.566701133536048
2.0,50.0,46.03987299734173,3.960127002658271,0.5837517550877082,24.539311836576484,0.08449779128341324,2.073517649805632,2.073517649805632,2.073517649805632,0.0,-0.0,0,0.01,0.01,0.15470397987959042,0.2963950354862829,35.59006531453494,0.01,0.088869499174315,0.18539634662220214,7.005944519941526,0.01,0.08384261587191626,0.17302415010316163,6.693715184542506,0.01,0.13215681974659965,0.40654163278768474,23.080003035682292,0.01,0.13087184593830256,0.3236541638383121,3.422674920140718,0.01,0.08281671298850315,0.1364622379320288,8.556562348457648
2.0100000000000002,50.37498888903704,46.374384100669104,4.00060478836794,0.583603617118787,24.68664659649227,0.08485201749271944,2.094711768842145,2.094711768842145,2.094711768842145,0.0,-0.0,0,0.01,0.01,0.1548306497174876,0.29652869954122685,35.84305333767059,0.01,0.08900024609356312,0.18553001067714614,7.011812963252382,0.01,0.083972998150938,0.17315781415810563,6.700746058280271,0.01,0.1319720585637104,0.40633962133708856,22.76097242268104,0.01,0.13067025552369974,0.3234521523877159,3.419093160644546,0.01,0.08274201851522753,0.13638740422909065,8.546602487866652
2.02,50.749911115851845,46.708789764726106,4.041121351125739,0.5833856362701204,24.83324047183738,0.08520540015279872,2.11592619149358,2.11592619149358,2.11592619149358,0.0,-0.0,0,0.01,0.01,0.15495708974588748,0.29666212056585994,36.09703008512546,0.01,0.0891307696320953,0.1856634317017792,7.017496400599769,0.01,0.08410315851525503,0.1732912351827387,6.707600602935289,0.01,0.13178649825380578,0.40613676366913515,22.444087832673063,0.01,0.13046780871335623,0.3232492947197625,3.415599117880089,0.01,0.08266675860556119,0.13631200726582482,8.53680207360942
2.0300000000000002,51.12470003600001,47.043052859375834,4.081647176624178,0.5831079089135877,24.97893848574504,0.08555789771948465,2.1371454641046728,2.1371454641046728,2.1371454641046728,0.0,-0.0,0,0.01,0.01,0.15508328384034226,0.29679528199057853,36.35198666300611,0.01,0.08926105287088354,0.18579659312649785,7.0230114200477685,0.01,0.08423308014204516,0.17342439660745734,6.71429431480386,0.01,0.13160016358072055,0.4059330864441574,22.129379544652323,0.01,0.13026453373591357,0.3230456174947847,3.4121793775887963,0.01,0.08259094412437257,0.1362360576617476,8.527143390977663
2.04,51.49928904059259,47.37714150717648,4.122147533416113,0.5827786766283388,25.123554924167433,0.08590947450896025,2.158351401332225,2.158351401332225,2.158351401332225,0.0,-0.0,0,0.01,0.01,0.15520921803929974,0.29692816944558703,36.607913926511806,0.01,0.08939108114257144,0.18592948058150632,7.02837188180681,0.01,0.08436274844360764,0.17355728406246582,6.720840100434959,0.01,0.1314130766266483,0.40572861351644607,21.816874183937692,0.01,0.1300604557786168,0.32284114456707347,3.408822543845022,0.01,0.08251458495940932,0.13615956509907207,8.517611598875737
2.05,51.87361157407406,47.7110279128101,4.162583661263958,0.5824039531577224,25.266881480020004,0.0862600994145941,2.179523708363292,2.179523708363292,2.179523708363292,0.0,-0.0,0,0.01,0.01,0.15533488010209476,0.29706077028173977,36.86480091318513,0.01,0.08952084158748005,0.1860620814176591,7.033588223362718,0.01,0.08449215062228822,0.17368988489861859,6.727247608286134,0.01,0.1312252573340793,0.40552336658096366,21.506596708874348,0.01,0.12985559756550902,0.32263589763159106,3.4055198172802887,0.01,0.08243769023117314,0.1360825385460612,8.508195686215025
2.06,52.24760115200001,48.04468701140338,4.202914140596625,0.5819872649072816,25.408696353495994,0.08660974444910402,2.2006406979611692,2.2006406979611692,2.2006406979611692,0.0,-0.0,0,0.01,0.01,0.1554602589981873,0.29719307302354736,37.122633333386894,0.01,0.08965032263668211,0.18619438415946665,7.0386669378771565,0.01,0.08462127515325496,0.17382218764042615,6.733522725271478,0.01,0.13103672417548434,0.4053173659516357,21.198572356491898,0.01,0.12964998007940784,0.3224298970022631,3.4022654689050102,0.01,0.08236026856026235,0.13600498653516105,8.4988892346237
2.07,52.62119137881483,48.37809500402414,4.243096374790692,0.5815295160774043,25.548773852233822,0.0869583831864298,2.221680066585987,2.221680066585987,2.221680066585987,0.0,-0.0,0,0.01,0.01,0.15558534435387186,0.29732506678230375,37.381392190033054,0.01,0.08977951344866134,0.18632637791822304,7.0436102501138915,0.01,0.08475011122164879,0.17395418139918253,6.7396672616728885,0.01,0.1308474949170585,0.4051106314319296,20.89282844785468,0.01,0.1294436233938216,0.322223162482557,3.3990571634572904,0.01,0.0822823283787364,0.13592691748193075,8.489690949620972
2.08,52.99431596562964,48.71122785317714,4.283088112452496,0.5810289832306588,25.686894020576794,0.08730598918122523,2.2426196914597565,2.2426196914597565,2.2426196914597565,0.0,-0.0,0,0.01,0.01,0.15571012588431424,0.29745674065875877,37.64105259264267,0.01,0.08990840332789406,0.18645805179467806,7.0484160038354435,0.01,0.0848786481424123,0.17408585527563755,6.745678838107472,0.01,0.1306575874383779,0.4049031832340668,20.589395963211324,0.01,0.12923654757324518,0.32201571428469417,3.3958961148129716,0.01,0.08220387826983237,0.1358483400287274,8.480604934356569
2.09,53.36690874799999,49.04405981203022,4.322848935969777,0.5804814377004001,25.822851835831248,0.08765253444352279,2.2634384099701843,2.2634384099701843,2.2634384099701843,0.0,-0.0,0,0.01,0.01,0.1558345928390002,0.29758808316475005,37.901582820480705,0.01,0.09003698115408532,0.18658939430066931,7.053077763867739,0.01,0.08500687479146017,0.1742171977816288,6.751550977935632,0.01,0.13046702056728976,0.40469504290105396,20.288310810713913,0.01,0.12902877359683956,0.32180757395168136,3.392787066849562,0.01,0.08212492731893506,0.13576926339585893,8.471640693115976
2.1,53.7389037037037,49.3765620583981,4.362341645305599,0.5798803880349701,25.95646554025564,0.08799798804197995,2.28411674422348,2.28411674422348,2.28411674422348,0.0,-0.0,0,0.01,0.01,0.15595873348753164,0.2977190816917603,38.16294367677809,0.01,0.09016523484977723,0.18672039282767958,7.057585125085494,0.01,0.08513477907580648,0.17434819630863907,6.757273398024143,0.01,0.13027581488884088,0.40448623418583873,19.989614729770555,0.01,0.12882032425955575,0.3215987652364661,3.389738102207047,0.01,0.08204548545813471,0.13568969772254025,8.462812865405613
2.11,54.11023497051852,49.70870149838381,4.40153347213471,0.5792174289403789,26.087583728537275,0.08834231490146074,2.3046375367646634,2.3046375367646634,2.3046375367646634,0.0,-0.0,0,0.01,0.01,0.15608253467025046,0.2978497220515759,38.425088161697175,0.01,0.09029315091169332,0.18685103318749519,7.061924210340909,0.01,0.08526234746788267,0.17447883666845465,6.7628324809904985,0.01,0.13008399348856609,0.4042767838442729,19.69335578999482,0.01,0.12861122500612798,0.3213893148949003,3.3867602900048754,0.01,0.08196556378702664,0.1356096543805011,8.454140705164589
2.12,54.48083686400001,50.04043979538374,4.440397068616271,0.5784826782064674,26.216090878810153,0.08868547484998944,2.3249864682977552,2.3249864682977552,2.3249864682977552,0.0,-0.0,0,0.01,0.01,0.1562059814345656,0.2979799881102495,38.68796147594684,0.01,0.09042071402762845,0.1869812992461688,7.0660783301332915,0.01,0.08538956462570596,0.1746091027271283,6.768211903125756,0.01,0.12989158259391112,0.4040667223030674,19.399588468299203,0.01,0.12840150465692318,0.3211792533536948,3.3838671914936227,0.01,0.08188517485359523,0.13552914624445908,8.445647332202851
2.13,54.85064389525925,50.37173266839791,4.4789112268613405,0.5776652791079375,26.341911097155847,0.0890274219569164,2.3451524343980723,2.3451524343980723,2.3451524343980723,0.0,-0.0,0,0.01,0.01,0.1563290567732895,0.2981098615316373,38.95150135137185,0.01,0.09054790679613392,0.1871111726675566,7.070028769293577,0.01,0.08551641311598515,0.1747389761485161,6.773393385003298,0.01,0.12969861208277522,0.40385608417030094,19.108373308449465,0.01,0.12819119599020257,0.32096861522092834,3.38107424944433,0.01,0.08180433288101963,0.1354481879058265,8.437358794272729
2.14,55.21959078874076,50.70252948986953,4.517061298871227,0.5767539429400054,26.465009936714022,0.08936810418916084,2.3651277653914358,2.3651277653914358,2.3651277653914358,0.0,-0.0,0,0.01,0.01,0.15645174147601093,0.29823932164114403,39.215638689536156,0.01,0.09067470956092324,0.18724063277706332,7.073755660388858,0.01,0.08564287325192346,0.17486843625802279,6.778357526360394,0.01,0.1295051158348504,0.40364490856397667,18.819776188546058,0.01,0.12798033615263166,0.320757439614604,3.3783980924867576,0.01,0.08172305392893582,0.13536679581884548,8.429302987178366
2.15,55.58761249999999,51.03277319830532,4.554839301694665,0.5757375047964978,26.585394248366306,0.08970746339640578,2.3849082814143374,2.3849082814143374,2.3849082814143374,0.0,-0.0,0,0.01,0.01,0.156574014098807,0.2983683454142625,39.480298475548345,0.01,0.09080110036611332,0.18736965655018178,7.0772389002586005,0.01,0.0857689230516721,0.17499746003114128,6.783084683594349,0.01,0.12931113190927,0.40343323924319574,18.533867241141493,0.01,0.1277689668784977,0.32054577029382314,3.3758557893313297,0.01,0.08164135598095412,0.1352849883717098,8.421508487221484
2.16,55.95464423348149,51.36240052545216,4.592243708029329,0.5746054654797109,26.70311011567902,0.0900454356199252,2.4044931827731486,2.4044931827731486,2.4044931827731486,0.0,-0.0,0,0.01,0.01,0.15669585105172526,0.29849690758833725,39.745400922052795,0.01,0.09092705503241261,0.18749821872425657,7.08045906496869,0.01,0.08589453831739892,0.17512602220521606,6.787555847095636,0.01,0.1291167025406639,0.4032211245362861,18.250719487257484,0.01,0.12755713450762035,0.32033365558691346,3.3734640897082224,0.01,0.08155925895389844,0.13520278587895054,8.41400335370113
2.17,56.320621460296294,51.69134252258302,4.6292789377132735,0.5733484935341229,26.8182390177284,0.09038195170411213,2.4238847836896635,2.4238847836896635,2.4238847836896635,0.0,-0.0,0,0.01,0.01,0.156817226797735,0.29862498089002065,40.01086278849903,0.01,0.09105254734847432,0.18762629202593994,7.083398279706498,0.01,0.08601969282906283,0.17525409550689944,6.791753476705837,0.01,0.1289218739546189,0.40300861707019664,17.970407258626622,0.01,0.1273448898018899,0.32012114812082404,3.3712386889460393,0.01,0.08147678462811568,0.13512021049526748,8.40681396060045
2.18,56.68547993599999,52.01952535621695,4.665954579783042,0.5719588637455708,26.930892445301577,0.0907169381755079,2.4430881049716757,2.4430881049716757,2.4430881049716757,0.0,-0.0,0,0.01,0.01,0.15693811415153788,0.29875253636541377,40.276598813611336,0.01,0.09117754936613812,0.18775384750133306,7.086041003285129,0.01,0.08614435864151579,0.17538165098229255,6.795662256543812,0.01,0.12872669601232792,0.4027957733151536,17.693004491505896,0.01,0.12713228757024697,0.31990830436578094,3.3691935513048454,0.01,0.08139395650211365,0.1350372860548678,8.399963914218915
2.19,57.04915571837037,52.346871331034045,4.702284387336325,0.5704308119096211,27.041205264980697,0.09105031834186826,2.4621103477242965,2.4621103477242965,2.4621103477242965,0.0,-0.0,0,0.01,0.01,0.1570584846619932,0.29887954379514675,40.542523194456564,0.01,0.09130203178345057,0.18788085493106604,7.088374691915536,0.01,0.08626850646875152,0.1755086584120255,6.799269735114745,0.01,0.1285312217024396,0.4025826529675003,17.41858298008833,0.01,0.12691938612123144,0.3196951840181277,3.367340323843376,0.01,0.08131079957851922,0.13495403784404617,8.393473108978592
2.2,57.4115851851852,52.67330008743695,4.738285097748252,0.5687607900629138,27.149328178763444,0.09138201355410665,2.4809602756166504,2.4809602756166504,2.4809602756166504,0.0,-0.0,0,0.01,0.01,0.15717830905816915,0.29900597217287617,40.808551043976365,0.01,0.09142596439541065,0.18800728330879543,7.0903903132784185,0.01,0.08639210613520668,0.17563508678975492,6.802566822695561,0.01,0.12833550650539854,0.4023693182013742,17.14721067784815,0.01,0.12670624657052434,0.31948184925200157,3.3656878677209905,0.01,0.08122734009172712,0.13487049231801718,8.387356966351103
2.21,57.772705051999985,52.998729913617204,4.77397513838278,0.5669476114619014,27.2554196619523,0.09171194456724406,2.499647537193943,2.499647537193943,2.499647537193943,0.0,-0.0,0,0.01,0.01,0.15729755773633916,0.2991317902230243,41.074599760662814,0.01,0.09154931658950471,0.18813310135894357,7.092082689482541,0.01,0.08651512707117164,0.17576090483990306,6.805548125127079,0.01,0.12813960766153873,0.40215583282603057,16.87895013092844,0.01,0.12649293203777495,0.3192683638766579,3.364241927848796,0.01,0.08114360519045796,0.13478667677573192,8.381625892655885
2.22,58.13245238992595,53.32307910743854,4.809373282487416,0.5649924801268684,27.35963777780926,0.09204003293303899,2.518181962105582,2.518181962105582,2.518181962105582,0.0,-0.0,0,0.01,0.01,0.15741620126372133,0.2992569669321639,41.340590248147606,0.01,0.09167205786139818,0.18825827806808318,7.0934506556378345,0.01,0.08663753882770116,0.17588608154904267,6.808212100978178,0.01,0.12794358337858058,0.4019422613899243,16.61385711954807,0.01,0.12627950677211955,0.3190547924405517,3.3630049549304943,0.01,0.08105962259062484,0.13470261900843375,8.376284980389372
2.23,58.4907646434074,53.64626732212118,4.844497321286218,0.562898905469205,27.462132263643557,0.09236620235686538,2.536572865814702,2.536572865814702,2.536572865814702,0.0,-0.0,0,0.01,0.01,0.15753421087444566,0.29938147206830895,41.60644793010542,0.01,0.09179415832569265,0.18838278320422824,7.094497029459166,0.01,0.08675931158598578,0.1760105866851877,6.8105610373145975,0.01,0.1277474920167752,0.40172866827489234,16.351979571656933,0.01,0.12606603524891574,0.3188411993255197,3.361976086528065,0.01,0.08097542021530928,0.1346183469389431,8.371333965905603
2.24,58.847579648000014,53.96821683161909,4.879362816380925,0.5606725081055345,27.56303726026908,0.09269037995459206,2.5548283963569194,2.5548283963569194,2.5548283963569194,0.0,-0.0,0,0.01,0.01,0.1576515589341323,0.29950527666348653,41.87210351538604,0.01,0.09191558919743448,0.18850658779940582,7.095228395897361,0.01,0.08688041663694698,0.1761343912803653,6.812600847572989,0.01,0.12755139129063453,0.40151511682385255,16.093356798294096,0.01,0.12585258128119944,0.31862764787447995,3.361151286215885,0.01,0.08089102583920113,0.1345338882690348,8.36676744365983
2.25,59.20283564814816,54.28885365657838,4.9139819915697815,0.5583207281615871,27.66246501667083,0.0930124973514628,2.572954954098028,2.572954954098028,2.572954954098028,0.0,-0.0,0,0.01,0.01,0.15776821935149105,0.29962835343726,42.13749348022512,0.01,0.09203632322200521,0.1886296645731793,7.095654719166357,0.01,0.08700082680878507,0.1762574680541388,6.814340703119637,0.01,0.12735533752496006,0.40130166854335825,15.83801908326365,0.01,0.12563920718819152,0.3184141995939856,3.360523632375053,0.01,0.08080646675453894,0.1344492701517768,8.362575324742068
2.2600000000000002,59.55647131496298,54.60810849956028,4.948362815402693,0.5558524519308998,27.76050084668678,0.09333249157391309,2.590956711361001,2.590956711361001,2.590956711361001,0.0,-0.0,0,0.01,0.01,0.15788416791839222,0.2997506771422086,42.40256024789291,0.01,0.09215633503401559,0.1887519882781279,7.095788802243259,0.01,0.08712051682321575,0.17637979175908738,6.815792517484694,0.01,0.12715938499981574,0.4010883824182403,15.585987641448284,0.01,0.12542597305991451,0.3182009134688677,3.360083741240977,0.01,0.0807217694744129,0.13436451890435466,8.358743515648277
2.27,59.90842576400001,54.92591744837442,4.982508315625584,0.5532775764637577,27.857199547512263,0.09365030569639132,2.6088352534698975,2.6088352534698975,2.6088352534698975,0.0,-0.0,0,0.01,0.01,0.15799938256373514,0.2998722248165618,42.66725206058183,0.01,0.09227560142968853,0.18887353595248108,7.095645620754624,0.01,0.08723946356500671,0.1765013394334406,6.816970308969244,0.01,0.1269635854143557,0.4008753143696553,15.337274941493712,0.01,0.1252129361518134,0.3179878454202827,3.359820302534918,0.01,0.08063695948732864,0.13427965977479336,8.355254782627538
2.2800000000000002,60.25863857303704,55.24222241836479,5.016416154672251,0.5506065343488817,27.952583414442557,0.09396588921798225,2.6265893564779175,2.6265893564779175,2.6265893564779175,0.0,-0.0,0,0.01,0.01,0.15811384351094776,0.2999929759340139,42.931522553189836,0.01,0.09239410154174793,0.18899428706993324,7.095241563783186,0.01,0.08735764625396256,0.17662209055089273,6.817889472708475,0.01,0.1267679874932639,0.4006625168804445,15.091885370427981,0.01,0.12500015043648277,0.31777504793107186,3.359720700869359,0.01,0.08055206107427686,0.13419471677320374,8.352089757974031
2.29,60.60704979985185,55.556971317696984,5.0500784821548645,0.5478498024973835,28.046641906307027,0.09427919815730172,2.644214909931603,2.644214909931603,2.644214909931603,0.0,-0.0,0,0.01,0.01,0.1582275333338509,0.30011291244595,43.195330053009776,0.01,0.0925118169107871,0.1891142235818693,7.09459361828063,0.01,0.08747504651346415,0.1767420270628288,6.818565997428716,0.01,0.126572636752312,0.40045003880318797,14.849816201082582,0.01,0.12478766633154628,0.3175625698538153,3.359771692183135,0.01,0.08046709719635134,0.13410971257488652,8.349228038024737
2.3000000000000003,60.95360000000001,55.87011793344465,5.083482066555363,0.5450174190871839,28.139332935483434,0.09459019486804938,2.661704985824298,2.661704985824298,2.661704985824298,0.0,-0.0,0,0.01,0.01,0.1583404369106667,0.3002320187166416,43.45863664269257,0.01,0.09262873145222739,0.1892333298525609,7.093718536300378,0.01,0.08759164833479938,0.17686113333352038,6.819015664582404,0.01,0.12637757543156702,0.400237925357144,14.611058808756816,0.01,0.12457553061382588,0.3173504564077714,3.3599601020759553,0.01,0.0803820894573745,0.13402466849897915,8.346649318240075
2.31,61.29823024459261,56.18162154987561,5.116608694717004,0.5421185319791528,28.230585679116064,0.09489884759108257,2.6790500477694335,2.6790500477694335,2.6790500477694335,0.0,-0.0,0,0.01,0.01,0.15845254128089242,0.3003502813571495,43.72140703519629,0.01,0.09274483132303436,0.18935159249306877,7.092632024906682,0.01,0.08770743794156996,0.17697939597402826,6.819253268283001,0.01,0.12618284259648313,0.4000262183108688,14.375600072050647,0.01,0.12436378652063826,0.3171387493614962,3.3602735120530016,0.01,0.08029705814220742,0.13393960456252946,8.344334509364
2.32,61.64088213807407,56.491446323130994,5.149435814943078,0.5391609999375179,28.320304737825186,0.09520512977125814,2.6962382877262234,2.6962382877262234,2.6962382877262234,0.0,-0.0,0,0.01,0.01,0.15856383541435742,0.3004676889684505,43.98360731836371,0.01,0.09286010469709816,0.1894690001043698,7.091347997391339,0.01,0.08782240356318162,0.17709680358532928,6.819291893315535,0.01,0.12598847439890853,0.39981495633818864,14.143423884862983,0.01,0.12415247402982853,0.31692748738881604,3.3607009005514312,0.01,0.08021202232763719,0.13385453960611207,8.34226677979977
2.33,61.98149783600001,56.7995604478548,5.181937388145208,0.5361510649960987,28.40837540801506,0.095509019177998,2.7132560716598775,2.7132560716598775,2.7132560716598775,0.0,-0.0,0,0.01,0.01,0.1586743099058165,0.3005842318084629,44.245203632759434,0.01,0.09297454146237874,0.18958554294438218,7.089877921274701,0.01,0.08793653513060026,0.17721334642534167,6.819142285538608,0.01,0.12579450448233517,0.39960417552680355,13.914512702471802,0.01,0.12394163030145938,0.3167167065774309,3.3612332080661345,0.01,0.08012700005914165,0.1337694914835695,8.340432473516785
2.34,62.320020062814805,57.105935160739534,5.214084902075271,0.5330931104775426,28.494669786491382,0.09581049687708454,2.7300884705921877,2.7300884705921877,2.7300884705921877,0.0,-0.0,0,0.01,0.01,0.15878395661172315,0.3006999014009868,44.506160849093284,0.01,0.09308813285637867,0.18970121253690608,7.088230293680139,0.01,0.08804982391099421,0.1773290160178656,6.818812344295406,0.01,0.12560096450888614,0.3993939100115476,13.688849044609283,0.01,0.12373129025634381,0.31650644106217496,3.3618637996755223,0.01,0.08004200858360741,0.13368447730532745,8.338821859256141
2.35,62.65639212962963,57.410543632979426,5.245848496650202,0.5299895147027616,28.579053393469074,0.09610954610721666,2.7467198498202228,2.7467198498202228,2.7467198498202228,0.0,-0.0,0,0.01,0.01,0.1588927682482284,0.3008146901069615,44.766441310845124,0.01,0.09320087105908526,0.18981600124288078,7.086410268142775,0.01,0.08816226210043672,0.17744380472384025,6.818306760223934,0.01,0.12540788477990297,0.39918419269856475,13.466416882380322,0.01,0.12352148726020991,0.3162967237491921,3.3625888035669242,0.01,0.07995706462538581,0.1335995137221683,8.337429675692272
2.36,62.99055795200002,57.71335980797054,5.277198144029477,0.5268406055582554,28.661391983357696,0.09640615111812677,2.763134486803449,2.763134486803449,2.763134486803449,0.0,-0.0,0,0.01,0.01,0.15900073797086695,0.30092859067977196,45.02600370356774,0.01,0.09331274876411348,0.18992990181569122,7.084419449277347,0.01,0.08827384239540297,0.17755770529665071,6.817626814502565,0.01,0.12521529491781988,0.39897505604264616,13.247202843487466,0.01,0.12331225387752205,0.31608758709327356,3.363407310490881,0.01,0.07987218469103995,0.13351461723446295,8.336255447693834
2.37,63.322462067703725,58.01435724211142,5.3081048255923005,0.5236447160696286,28.741558212373196,0.09670029602748047,2.77931718742755,2.77931718742755,2.77931718742755,0.0,-0.0,0,0.01,0.01,0.15910785895677995,0.30104159582658047,45.284802105470874,0.01,0.09342375874933095,0.19004290696249976,7.082255863217192,0.01,0.08838455756431911,0.17767071044345928,6.816770347342619,0.01,0.1250232245744804,0.39876653283789476,13.031197181115251,0.01,0.1231036226560609,0.3158790638885221,3.36432142615993,0.01,0.07978738538686003,0.13342980451075018,8.335303560439987
2.38,63.65204965451853,58.31350800522307,5.33854164929546,0.5203983362124281,28.819437847611585,0.09699196375141242,2.795253871051626,2.795253871051626,2.795253871051626,0.0,-0.0,0,0.01,0.01,0.1592141240096868,0.3011536977968212,45.542785263895254,0.01,0.09353389346775215,0.19015500893274054,7.0799141028400765,0.01,0.08849440003989895,0.17778281241370003,6.815731895013105,0.01,0.12483170413026246,0.39855865698179205,12.818394465078116,0.01,0.12289562690240653,0.31567118803241945,3.3653361759418168,0.01,0.07970268373275949,0.13334509269926176,8.334583090515272
2.39,63.97926654799999,58.61078169305386,5.368484854946133,0.5170963516163753,28.894935232562442,0.09728113505857923,2.8109320968678064,2.8109320968678064,2.8109320968678064,0.0,-0.0,0,0.01,0.01,0.15931952520621426,0.30126488801715784,45.79989613084772,0.01,0.09364314467799989,0.19026619915307713,7.077385638219336,0.01,0.08860336155149096,0.17789400263403662,6.81450298636169,0.01,0.12464076534934397,0.3983514641746354,12.608793969069803,0.01,0.12268830140949036,0.3154639952252628,3.3664592685525387,0.01,0.07961809745652036,0.1332604997165172,8.334107405056962
2.4,64.30405925925925,58.906144597819214,5.397914661440038,0.5137323558027954,28.967977767286595,0.09756778779034704,2.8263415075141096,2.8263415075141096,2.8263415075141096,0.0,-0.0,0,0.01,0.01,0.15942405359972356,0.3013751567894691,46.0560716774529,0.01,0.09375150313124508,0.19037646792538837,7.074659274644781,0.01,0.08871143281425085,0.17800427140634786,6.813072581969401,0.01,0.12445044195908234,0.39814499252003993,12.40239974380713,0.01,0.12248168310030044,0.3152575235706673,3.367700732307887,0.01,0.07953364525350913,0.1331760444984273,8.333893551562191
2.41,64.62637499274076,59.19955907412342,5.426815918617339,0.5102990193210739,29.03851921517525,0.0978518962805951,2.8414741703853963,2.8414741703853963,2.8414741703853963,0.0,-0.0,0,0.01,0.01,0.15952769899458547,0.30148449306496305,46.311242993575924,0.01,0.0938589583283883,0.19048580420088232,7.071721733580914,0.01,0.08881860328879301,0.1781136076818418,6.811427632350808,0.01,0.12426077012564862,0.3979392829975593,12.199220381983773,0.01,0.122275811556466,0.3150518140481867,3.369072443534738,0.01,0.07944934699885807,0.13309174720135936,8.333961470821176
2.42,64.94616166400004,59.490983127386315,5.455178536613729,0.5067884967599421,29.106541709485054,0.0981334309980999,2.856324802441068,2.856324802441068,2.856324802441068,0.0,-0.0,0,0.01,0.01,0.1596304498001171,0.3015928843035075,46.56533566495664,0.01,0.09396549835751089,0.1905941954394268,7.068558326444384,0.01,0.08892486102122775,0.1782219989203863,6.809553726273402,0.01,0.12407178880351345,0.3977343797851728,11.999268496239235,0.01,0.12207072940655482,0.3148469108358002,3.370587571698745,0.01,0.07936522390160673,0.13300762934323684,8.33433307388679
2.43,65.26336791748149,59.780370240586386,5.482997676895096,0.503192851198279,29.17205639851929,0.09841235842312128,2.870890870230589,2.870890870230589,2.870890870230589,0.0,-0.0,0,0.01,0.01,0.15973229296930633,0.30170031642291706,46.81827040736373,0.01,0.09407110981749608,0.19070162755883635,7.065153687139135,0.01,0.08903019256936284,0.17832943103979587,6.807435796415924,0.01,0.12388353994284203,0.3975303304170578,11.802559945092673,0.01,0.12186648255616196,0.31464286146768516,3.3722599694121773,0.01,0.0792812985932815,0.13292371387781113,8.335031229777076
2.44,65.5779431442963,60.06766944330627,5.510273700990027,0.4995044752725782,29.235102735122346,0.09868864115820972,2.885172563049885,2.885172563049885,2.885172563049885,0.0,-0.0,0,0.01,0.01,0.15983321402322004,0.3018067738384747,47.06996392534512,0.01,0.0941757778294132,0.190808084974394,7.061492527287552,0.01,0.08913458301654233,0.1784358884553535,6.805058847621094,0.01,0.12369606854598597,0.39732718577033255,11.609112853393164,0.01,0.12166312024987788,0.3144397168209599,3.374103537593215,0.01,0.07919759514671042,0.13284002519861826,8.336078714440045
2.45,65.88983749999996,60.35282561531413,5.537011884685826,0.49571648866850493,29.29574648079489,0.09896223826197117,2.8991726432947273,2.8991726432947273,2.8991726432947273,0.0,-0.0,0,0.01,0.01,0.15993319715783233,0.30191223958860613,47.3203299532195,0.01,0.09427948613298659,0.19091355072452543,7.057560377787339,0.01,0.08923801607033371,0.17854135420548492,6.802408672680314,0.01,0.12350942257169852,0.39712499988288263,11.418946482713816,0.01,0.12146069496358503,0.31423753093351003,3.376131596656932,0.01,0.07911413902435213,0.13275658907262736,8.337497172366252
2.46,66.19900192237034,60.6357800057996,5.563221916570745,0.4918230934371013,29.35407655420818,0.09923310578409161,2.912896183898064,2.912896183898064,2.912896183898064,0.0,-0.0,0,0.01,0.01,0.16003222542611625,0.3020166955385815,47.56928042826184,0.01,0.09438221726144154,0.1910180066745008,7.053344281926179,0.01,0.08934047423925943,0.1786458101554603,6.799472522022108,0.01,0.12332365269307877,0.3969238296125784,11.232080013017237,0.01,0.12125926213383079,0.3140363606632057,3.378356293668271,0.01,0.07903095695888653,0.13267343250703822,8.33930614089288
2.47,66.50538814918517,60.916470939432386,5.588917209752786,0.4878198709929826,29.410200905419217,0.09950119747082724,2.9263502079468195,2.9263502079468195,2.9263502079468195,0.0,-0.0,0,0.01,0.01,0.16013028098480458,0.3021201226505717,47.81672674038835,0.01,0.09448395278442429,0.191121433786491,7.048833408291295,0.01,0.08944193907719156,0.17874923726745048,6.796239696604596,0.01,0.12313881192220849,0.39672373415573087,11.048531299622045,0.01,0.12105887973884778,0.3138362652063582,3.3807880730599025,0.01,0.07894807677210262,0.13259058355591646,8.341522183202326
2.48,66.808948736,61.19483467207601,5.614114063923986,0.4837040078335322,29.464241638496276,0.09976646560280553,2.939543249939789,2.939543249939789,2.939543249939789,0.0,-0.0,0,0.01,0.01,0.16022734539238834,0.30222250130550377,48.062581000349205,0.01,0.0945846736056936,0.19122381244142306,7.044019556349483,0.01,0.08954239148205036,0.17885161592238255,6.792702037694502,0.01,0.12295495512065267,0.3965247744491842,10.868315668955209,0.01,0.12085960775276837,0.3136373054998116,3.3834352348970747,0.01,0.07886552714106171,0.1325080710762136,8.344158170129935
2.49,67.10963707392594,61.47080635264016,5.638830721285781,0.479474440754618,29.516329634774884,0.10002886192166709,2.9524848614713073,2.9524848614713073,2.9524848614713073,0.0,-0.0,0,0.01,0.01,0.16032339994282055,0.3023238116600516,48.30675726798493,0.01,0.09468436030001089,0.19132512279597091,7.03889753302265,0.01,0.08964181203319961,0.1789529262769304,6.788854292457253,0.01,0.1227721384201557,0.3963270124856801,10.691444813058274,0.01,0.12066150750037269,0.31343954353630743,3.386303600073011,0.01,0.07878333732297109,0.13242592444506598,8.34722274306821
2.5,67.40740740740739,61.74432104344934,5.663086363958053,0.47513191643716896,29.566598945584268,0.10028833859900904,2.965185086275859,2.965185086275859,2.965185086275859,0.0,-0.0,0,0.01,0.01,0.1604184260180914,0.30242403402085616,48.54917268516944,0.01,0.09478299347219893,0.19142534515677542,7.033465385081786,0.01,0.0897401813504986,0.17905314863773492,6.784694340545975,0.01,0.12259041858175601,0.39613051057582904,10.51792583633579,0.01,0.12046464094406158,0.31324304162645644,3.389396296345002,0.01,0.07870153685206308,0.13234417325199185,8.350719980889837
2.5100000000000002,67.70221485200001,62.01531474979674,5.686900102203266,0.4706789645333075,29.61518122653982,0.1005448492003496,2.977653930463471,2.977653930463471,2.977653930463471,0.0,-0.0,0,0.01,0.01,0.16051240544239756,0.30252314921772233,48.7897484629792,0.01,0.09488055412074889,0.19152446035364162,7.027724479078235,0.01,0.0898374804574032,0.17915226383460114,6.780223273505993,0.01,0.12240985232398399,0.3959353305920301,10.347760499330896,0.01,0.12026906993746062,0.3130478616426575,3.3927136732111762,0.01,0.07862015522294705,0.1322628469806383,8.354649283914316
2.52,67.99401541214816,62.28372541006407,5.7102900020840925,0.4661197875817783,29.662200475652117,0.10079834959839426,2.9899008534024385,2.9899008534024385,2.9899008534024385,0.0,-0.0,0,0.01,0.01,0.16060532082102724,0.3026211389580862,49.0284106803471,0.01,0.09497702398863013,0.19162245009400547,7.0216794276492545,0.01,0.08993369113080496,0.17925025357496496,6.775445325682369,0.01,0.12223049565172088,0.39574153322991384,10.180944693501674,0.01,0.12007485548104352,0.3128540642805412,3.3962533474057475,0.01,0.0785392215753446,0.13218197469501752,8.35900547713462
2.5300000000000002,68.282765998963,62.549493800836046,5.733272198126953,0.46146007502680464,29.707768315411652,0.10104879879360414,3.00193430311104,3.00193430311104,3.00193430311104,0.0,-0.0,0,0.01,0.01,0.16069715584828648,0.3027179861464274,49.26509086076682,0.01,0.09507238588506119,0.19171929728234668,7.015337868073376,0.01,0.09002879622142086,0.17934710076330618,6.77036766218262,0.01,0.12205240321665638,0.39554917732137573,10.017468168889796,0.01,0.11988205701438909,0.31266170837200313,3.4000103746326444,0.01,0.07845876439481461,0.1321015847447201,8.36377912449217
2.54,68.56842444799996,62.81256431661743,5.75586013138252,0.45670675211616246,29.751980026073653,0.10129615960570658,3.013761317306951,3.013761317306951,3.013761317306951,0.0,-0.0,0,0.01,0.01,0.1607878955707187,0.3028136751544396,49.499726304660165,0.01,0.09516662396385325,0.1918149862903589,7.00871010563687,0.01,0.09012277993041551,0.1794427897713184,6.765000035836086,0.01,0.12187562773815437,0.39535831923011094,9.857314523646021,0.01,0.11969073177723125,0.3124708502807383,3.403977537295781,0.01,0.07837881124305499,0.13202170450242948,8.36895703592027
2.5500000000000003,68.85094953703708,63.072885590774256,5.778063946262824,0.4518676773518025,29.794911495510263,0.10154039920701827,3.0253872075918897,3.0253872075918897,3.0253872075918897,0.0,-0.0,0,0.01,0.01,0.16087752659440405,0.3029081920305267,49.73226016700409,0.01,0.09525972394642754,0.191909503166446,7.001808640373924,0.01,0.09021562803044093,0.17953730664740547,6.759354331038578,0.01,0.12170021950985296,0.39516901235594815,9.700461451355896,0.01,0.11950093426747839,0.3122815434065755,3.408145732704679,0.01,0.07829938852969016,0.1319423601452571,8.374522939951278
2.56,69.13030100385184,63.330410932782144,5.799890071069691,0.446951304331262,29.836617202450448,0.10178148947687711,3.0368153398168207,3.0368153398168207,3.0368153398168207,0.0,-0.0,0,0.01,0.01,0.16096603722812575,0.30300152464043095,49.962641282202846,0.01,0.09535167328059559,0.19200283577635024,6.994647600956523,0.01,0.09030732802227663,0.17963063925730974,6.753444017362955,0.01,0.12152622601268356,0.3949813067684626,9.546881229498073,0.01,0.11931271581909443,0.31209383781908995,3.4125044416731796,0.01,0.07822052133521491,0.131863576489069,8.3804582868604
2.57,69.40643956400001,63.58509856633201,5.821340997668009,0.44196632516017387,29.877129297269352,0.10201940716565858,3.048047018719149,3.048047018719149,3.048047018719149,0.0,-0.0,0,0.01,0.01,0.161053417557504,0.3030936627343331,50.1908237504828,0.01,0.09544246122951784,0.1920949738702524,6.987242113491691,0.01,0.09039786922158387,0.1797227773512119,6.747283539755339,0.01,0.12135369164944204,0.3947952489836344,9.396541420861338,0.01,0.11912612431643341,0.3119077800342618,3.4170422539367613,0.01,0.07814223329208303,0.13178537688221367,8.386743141728418
2.58,69.67932692859259,63.8369116628259,5.842415265766691,0.43692131308864385,29.916457790269085,0.10225413386631875,3.0590814796922494,3.0590814796922494,3.0590814796922494,0.0,-0.0,0,0.01,0.01,0.1611396594486468,0.30318459793942987,50.416766311518664,0.01,0.09553207888874993,0.19218590907534913,6.979607635825191,0.01,0.09048724277378369,0.17981371255630862,6.740887674923976,0.01,0.12118265760987741,0.394610881890064,9.249405749883923,0.01,0.1189412040546373,0.3117234129406914,3.421747424404754,0.01,0.07806454652795049,0.1317077831620258,8.393357122749366
2.59,69.94892582207407,64.08581817479998,5.863107647274085,0.43182438162296927,29.954591804378662,0.10248565580069041,3.0699159853137337,3.0699159853137337,3.0699159853137337,0.0,-0.0,0,0.01,0.01,0.1612247564832876,0.3032743236805962,50.64043154106379,0.01,0.0956205191327747,0.19227563481651547,6.971759289258652,0.01,0.09057544159855421,0.17990343829747496,6.734270884806776,0.01,0.12101316186878958,0.39442824482382605,9.105435108018362,0.01,0.11875799574840146,0.3115407758744534,3.4266084331248,0.01,0.0779874816719565,0.13163081567433382,8.400280338523771
2.6,70.21519999999998,64.33179048334301,5.883409516656971,0.42668287613036815,29.991501799770656,0.10271396343642004,3.080546019264969,3.080546019264969,3.080546019264969,0.0,-0.0,0,0.01,0.01,0.16130870383060394,0.30336283503511585,50.861784914637454,0.01,0.09570777649573635,0.19236414617103514,6.9637112194603725,0.01,0.09066246026875317,0.17999194965199464,6.727446697942965,0.01,0.12084523931317082,0.39424737378381325,8.964588636887061,0.01,0.11857653668414664,0.31135990483444065,3.43161452200581,0.01,0.07791105792181441,0.13155449335310107,8.40749427894254
2.61,70.4781142668148,64.57480488218732,5.903309384627475,0.421503111968857,30.027142634412474,0.1029390509580657,3.090965565768893,3.090965565768893,3.090965565768893,0.0,-0.0,0,0.01,0.01,0.161391498063789,0.30345012853044806,51.08079378814939,0.01,0.09579384699408368,0.19245143966636735,6.955476016656638,0.01,0.0907482948315525,0.18007924314732687,6.72042714793797,0.01,0.1206789219883035,0.3940683017727483,8.826824835240087,0.01,0.11839686100377783,0.31118083282337566,3.4367561827993516,0.01,0.07783529316654368,0.13147883385442724,8.414982616737706
2.62,70.73763449362961,64.81484092843597,5.922793565193652,0.41629017055405,30.061457288879563,0.10316091562214696,3.1011674588568794,3.1011674588568794,3.1011674588568794,0.0,-0.0,0,0.01,0.01,0.1614731369318517,0.3035362018964647,51.29742634865378,0.01,0.09587872790136294,0.19253751303238398,6.947064222119333,0.01,0.0908329425820897,0.18016531651334347,6.713222295256992,0.01,0.12051423944722398,0.3938910592432422,8.69210263582369,0.01,0.11821900010207527,0.31100359029386954,3.442025573565637,0.01,0.07776020415704575,0.13140385373658595,8.42273188220726
2.63,70.99372763599997,65.05188069553212,5.941846940467853,0.41104776166539647,30.094381057381547,0.10337955703057615,3.111143782821466,3.111143782821466,3.111143782821466,0.0,-0.0,0,0.01,0.01,0.16155361909894964,0.3036210537854298,51.511650588951845,0.01,0.09596241748736789,0.1926223649213491,6.938483943448048,0.01,0.09091640180189131,0.18025016840230856,6.7058398542346405,0.01,0.1203512191833414,0.3937156746236205,8.560382400978906,0.01,0.11804298311465232,0.31082820567424785,3.447416844573698,0.01,0.077685806714539,0.13132956867568008,8.430731980063882
2.64,71.24636175170367,65.28590796784616,5.960453783857519,0.4057781568627095,30.125845990837256,0.103594976359743,3.120886303238044,3.120886303238044,3.120886303238044,0.0,-0.0,0,0.01,0.01,0.16163294386473728,0.3037046834741392,51.723433357670075,0.01,0.09604491473517827,0.1927059946100585,6.929740595699998,0.01,0.09099867147562782,0.180333798091018,6.698284941866735,0.01,0.12018988712245837,0.3935421748949336,8.43162679110413,0.01,0.11786883746954223,0.310654705945561,3.4529263593378783,0.01,0.07761211596521853,0.13125599370496635,8.438976525777408
2.65,71.49550601851853,65.51690741801279,5.978598600505734,0.4004821953076052,30.155785372477233,0.10380717558348078,3.1303869070185053,3.1303869070185053,3.1303869070185053,0.0,-0.0,0,0.01,0.01,0.16171111087970963,0.3037870905630498,51.93273953156612,0.01,0.09612621905025674,0.1927884016989691,6.920836779024027,0.01,0.09107975100037641,0.18041620517992857,6.690559958807564,0.01,0.12003026814813207,0.393370586188739,8.305801467554986,0.01,0.11769658947301734,0.3104831172393664,3.4585528017775182,0.01,0.07753914658846783,0.1311831434649932,8.447462987997215
2.66,71.741130752,65.74486380787182,5.996266944128181,0.3951593597440635,30.184138011745382,0.10401615672723069,3.139638030106069,3.139638030106069,3.139638030106069,0.0,-0.0,0,0.01,0.01,0.16178811986932826,0.3038682746869169,52.139531349897496,0.01,0.09620632997571467,0.1928695858228362,6.911772296661984,0.01,0.09115963990148934,0.1804973893037957,6.682664606364857,0.01,0.11987238663331795,0.39320093437495296,8.182875600768751,0.01,0.1175262648992755,0.31031346542558036,3.4642971662225106,0.01,0.07746691306555986,0.13111103245144387,8.456192633375652
2.67,71.98320742325929,65.96976125161468,6.0134461716445955,0.3898079170604412,30.21085215766027,0.10422192118804632,3.1486330525993877,3.1486330525993877,3.1486330525993877,0.0,-0.0,0,0.01,0.01,0.1618639703798688,0.30394823525045456,52.3437679418392,0.01,0.09628524692712778,0.19294954638637388,6.902544310257729,0.01,0.09123833756841332,0.18057734986733337,6.6745960365726305,0.01,0.11971626695157574,0.39303324561028996,8.062822164850758,0.01,0.11735788955417135,0.31014577666091736,3.4701626327448807,0.01,0.07739542991604755,0.13103967524797785,8.465170279964193
2.68,72.22170867674077,66.19158257568564,6.030126101055137,0.3844251148893643,30.23588885719422,0.10442446915082375,3.157366643215813,3.157366643215813,3.157366643215813,0.0,-0.0,0,0.01,0.01,0.16193866155748513,0.3040269712009141,52.54540506774032,0.01,0.096362968958934,0.1930282823368334,6.893147622745078,0.01,0.09131584302244085,0.18065608581779288,6.666349125969569,0.01,0.11956193394273731,0.39286754682044356,7.945618010928574,0.01,0.11719148978515233,0.3099800778710709,3.476154335886831,0.01,0.07732471190993324,0.13096908673238325,8.474403874573957
2.69,72.456608348,66.41030880437638,6.046299543623614,0.37900742323602726,30.259224616210236,0.10462379912556984,3.1658350379418776,3.1658350379418776,3.1658350379418776,0.0,-0.0,0,0.01,0.01,0.1620121919700348,0.304104480847334,52.74439508403455,0.01,0.0964394945725657,0.19310579198325328,6.883575073059437,0.01,0.09139215472647719,0.18073359546421278,6.657916857815058,0.01,0.11940941331073157,0.39270386609304325,7.8312437227315845,0.01,0.1170270929128571,0.3098163971436706,3.4822790398421,0.01,0.07725477424516101,0.13089928224592437,8.483903917943621
2.7,72.6878814814815,66.6259187932054,6.061962688276106,0.3735508082649418,30.28085325825214,0.10481990762393568,3.1740362413039414,3.1740362413039414,3.1740362413039414,0.0,-0.0,0,0.01,0.01,0.16208455947886374,0.3041807617336747,52.940687130675734,0.01,0.09651482157416182,0.193182072869594,6.873818021762084,0.01,0.09146727044458772,0.1808098763505535,6.649290792521705,0.01,0.11925873193506561,0.3925422329633319,7.719683268491229,0.01,0.11686472756424383,0.3096547640139593,3.4885447374812406,0.01,0.07718563268191213,0.13083027771780067,8.49368276830222
2.71,72.91550434829632,66.8383890244533,6.077115323843017,0.3680510241922503,30.300786918039243,0.10501278898600194,3.181970142733863,3.181970142733863,3.181970142733863,0.0,-0.0,0,0.01,0.01,0.1621557611651309,0.3042558105702452,53.13422752892197,0.01,0.09658894698709454,0.1932571217061645,6.86386690274764,0.01,0.09154118715647305,0.18088492518712398,6.640461602223221,0.01,0.11910991808206664,0.3923826785801712,7.610923472830273,0.01,0.11670442389240161,0.3094952096307986,3.494960193868839,0.01,0.07711730362749389,0.1307620897390187,8.503753859461433
2.72,73.13945446400004,67.04769357103689,6.091760892963146,0.36250390876221195,30.319056149744313,0.10520243536077234,3.189638544793103,3.189638544793103,3.189638544793103,0.0,-0.0,0,0.01,0.01,0.16222579331250103,0.3043296232249021,53.32496036763934,0.01,0.09666186702177006,0.19333093436082138,6.853711813523316,0.01,0.09161390102923912,0.18095873784178085,6.631419642819855,0.01,0.11896300150715064,0.3922252357461098,7.504953340430152,0.01,0.11654621367407031,0.3093377667967372,3.501534457200063,0.01,0.07704980416817302,0.13069473558258252,8.51413087263571
2.73,73.3597106063703,67.25380422665083,6.105906379719474,0.35690566803337415,30.335709172900323,0.10538883683638955,3.197045104338958,3.197045104338958,3.197045104338958,0.0,-0.0,0,0.01,0.01,0.1622946514452838,0.3044021947726011,53.51282824762058,0.01,0.09673357710235662,0.1934035059085204,6.843343115386267,0.01,0.09168540744602555,0.1810313093894799,6.622155535691165,0.01,0.11881801344483654,0.39206993883152236,7.4017632695446824,0.01,0.11639013028205862,0.3091824698821497,3.5082763610547003,0.01,0.07698315204698251,0.1306282331696082,8.524826902908002
2.74,73.57625283318515,67.45669079219381,6.119562040991345,0.3512531371288336,30.350810319072682,0.1055719817090799,3.2041951918608946,3.2041951918608946,3.2041951918608946,0.0,-0.0,0,0.01,0.01,0.16236233041847967,0.30447351959914065,53.697773146567584,0.01,0.0968040719473971,0.19347483073505997,6.8327520150046555,0.01,0.09175570108836423,0.18110263421601946,6.612660731417479,0.01,0.11867498648869734,0.3919168235689397,7.301344197616226,0.01,0.11623620853588758,0.30902935461956704,3.5151940417840195,0.01,0.07691736558919525,0.1305626009836167,8.53585366021845
2.75,73.7890625,67.65632150129224,6.1327409987077655,0.34554400515040196,30.364437778366998,0.10575185687358929,3.2110956779848743,3.2110956779848743,3.2110956779848743,0.0,-0.0,0,0.01,0.01,0.16242882455383517,0.3045435915524887,53.879737362416144,0.01,0.09687334569880036,0.19354490268840802,6.821931100489292,0.01,0.09182477606668653,0.1811727061693675,6.602928029436617,0.01,0.11853395436866708,0.3917659267393464,7.2036867232655695,0.01,0.11608448443980716,0.3088784577899738,3.522294493479996,0.01,0.07685246357967154,0.13049785793773971,8.547220742495377
2.7600000000000002,73.99812227792593,67.85266356156926,6.1454587163566785,0.33977699452560134,30.3766807748997,0.10592844831266376,3.21775465937425,3.21775465937425,3.21775465937425,0.0,-0.0,0,0.01,0.01,0.16249412781400815,0.3046124041330306,54.058664489942586,0.01,0.0969413920915884,0.19361371526894985,6.810874807854788,0.01,0.09189262609129331,0.18124151874990935,6.592952030177258,0.01,0.11839495163785395,0.39161728576716065,7.108780248729889,0.01,0.11593499482255282,0.308729816817788,3.5295831807257514,0.01,0.07678846509853804,0.13043402320175895,8.558935014046558
2.77,74.20341617140738,68.04568378344516,6.157732387962228,0.3339519875343059,30.38763632322101,0.1061017416591636,3.2241811387990116,3.2241811387990116,3.2241811387990116,0.0,-0.0,0,0.01,0.01,0.1625582340053914,0.30467995071250564,54.23450038493277,0.01,0.09700820465509505,0.19368126184842493,6.799579797556076,0.01,0.09195924467443495,0.18130906532938443,6.582729499981545,0.01,0.11825801328503369,0.39147093824460255,7.0166121844875615,0.01,0.11578777689759165,0.30858346929522995,3.5370637260373123,0.01,0.07672538932353169,0.1303711159976926,8.571000116553192
2.7800000000000002,74.40492953599994,68.23534926489391,6.169580271106032,0.3280700955167811,30.39740573256842,0.10627172280183887,3.230384675906539,3.230384675906539,3.230384675906539,0.0,-0.0,0,0.01,0.01,0.16262113699909297,0.3047462247703739,54.40719407183194,0.01,0.09707377693513296,0.1937475359062932,6.7880452255209,0.01,0.092024625352987,0.1813753393872527,6.57225963364793,0.01,0.11812317429213391,0.3913269214090431,6.92716725356934,0.01,0.11564286776596094,0.30843945245967047,3.5447376850107806,0.01,0.07666325530876719,0.13030915537396945,8.583416133117508
2.79,74.6026490961481,68.4216280988378,6.181020997310295,0.32213366915640346,30.406091032251005,0.10643837850469835,3.2363750261390467,3.2363750261390467,3.2363750261390467,0.0,-0.0,0,0.01,0.01,0.1626828309590608,0.3048112201358962,54.57669855424484,0.01,0.09713810272600713,0.19381253127181547,6.776272898281408,0.01,0.0920887619205857,0.18144033475277496,6.561544204493158,0.01,0.11799046915814183,0.3911852715985823,6.8404269271194815,0.01,0.1155003038859899,0.3082978026492097,3.552604417756344,0.01,0.07660208175059645,0.13024815996902914,8.596179417928584
2.8000000000000003,74.79656296296295,68.60449006977474,6.192072893188208,0.31614625111476186,30.41379148941536,0.10660169701028899,3.242161785288762,3.242161785288762,3.242161785288762,0.0,-0.0,0,0.01,0.01,0.16274331056637198,0.3048749312243357,54.74297149340616,0.01,0.09720117630116913,0.19387624236025497,6.764267307472135,0.01,0.09215164865802161,0.18150404584121446,6.550587597299093,0.01,0.11785993141190156,0.3910460237114921,6.756369015547488,0.01,0.11536012053514083,0.3081585547621195,3.560661060436482,0.01,0.07654188675159408,0.13018814777543866,8.60928259607306
2.81,74.98666065199998,68.78390730775624,6.202753344243752,0.3101124750350483,30.420600380303732,0.10676166859898954,3.247754056384282,3.247754056384282,3.247754056384282,0.0,-0.0,0,0.01,0.01,0.16280257122926545,0.3049373532563577,54.905975726511755,0.01,0.09726299263175894,0.19393866439227697,6.752035544545825,0.01,0.09221328055115857,0.1815664678732365,6.539396724973699,0.01,0.11773159313619043,0.3909092106942881,6.674967431357061,0.01,0.1152223512889013,0.3080217417449155,3.5689025959757292,0.01,0.07648268759351999,0.13012913591531355,8.622714729605034
2.82,75.17293310103705,68.9598548708482,6.213078230188844,0.3040379173930278,30.42660215863206,0.10691828607948585,3.2531601540233246,3.2531601540233246,3.2531601540233246,0.0,-0.0,0,0.01,0.01,0.1628606092695341,0.30499848245088057,55.06567960529637,0.01,0.09732354758323171,0.19399979358679983,6.739587102204073,0.01,0.09227365348661197,0.18162759706775933,6.5279808352065345,0.01,0.11760548452431244,0.3907748630811385,6.596192131024253,0.01,0.11508702754014823,0.3078873941317659,3.5773220183262078,0.01,0.07642450052939913,0.13007114043701287,8.636461638260364
2.83,75.35537268785191,69.13231123152052,6.223061456331393,0.2979289107517916,30.43187014097933,0.10707154518973723,3.2583873590080836,3.2583873590080836,3.2583873590080836,0.0,-0.0,0,0.01,0.01,0.16291742207734264,0.3050583161832268,55.22205714409823,0.01,0.09738283808164971,0.19405962731914608,6.726933574036206,0.01,0.09233276441681633,0.18168743080010558,6.516351218298614,0.01,0.11748163348830659,0.3906430086042145,6.520009234351529,0.01,0.11495417807980017,0.30775553965484187,3.5859105803884446,0.01,0.07636734060367036,0.13001417614178779,8.650506355971908
2.84,75.53397324800002,69.30125864777801,6.232714600222016,0.2917923285766251,30.43646480043766,0.10722144489273806,3.263441733329888,3.263441733329888,3.263441733329888,0.0,-0.0,0,0.01,0.01,0.16297300822831856,0.30511685310236347,55.37508797627296,0.01,0.09744086224295556,0.19411816423828276,6.714088268491513,0.01,0.09239061148785911,0.18174596771924226,6.504520831823037,0.01,0.11736006533487028,0.39051367189061226,6.446381311188328,0.01,0.1148238287560324,0.3076262029412396,3.5946581119453893,0.01,0.07631122150776083,0.12995825644738285,8.664829698181071
2.85,75.70873009259259,69.46668340597407,6.242046686618519,0.2856353528255291,30.440432727747538,0.10736798755694682,3.2683280023408745,3.2683280023408745,3.2683280023408745,0.0,-0.0,0,0.01,0.01,0.163027367558776,0.3051740932031875,55.52475712714538,0.01,0.09749761946053384,0.19417540433910682,6.701065757005366,0.01,0.09244719412545757,0.18180320782006631,6.492503861401819,0.01,0.11724080252141224,0.39038687425685126,6.375267817453238,0.01,0.11469600222505015,0.30749940530747866,3.6035533908971185,0.01,0.07625615547652843,0.1299033932936102,8.679410910191327
2.86,75.87964002607404,69.62857592881504,6.25106409725901,0.2794652360127598,30.44380628539301,0.10751117901711646,3.273049507511303,3.273049507511303,3.273049507511303,0.0,-0.0,0,0.01,0.01,0.16308050119707376,0.3052300378520983,55.67105462031781,0.01,0.09755311044851131,0.19423134898801758,6.687881378842149,0.01,0.09250251307660311,0.18185915246897708,6.480315239544066,0.01,0.11712386450047507,0.3902626336069253,6.306625655554417,0.01,0.11457071780163129,0.30737516465755266,3.612584548889591,0.01,0.07620215322888746,0.1298495970927443,8.694228363444953
2.87,76.04670136400003,69.7869307487401,6.2597706152599315,0.273289069340471,30.446603946334132,0.10765102851712118,3.27760822967631,3.27760822967631,3.27760822967631,0.0,-0.0,0,0.01,0.01,0.16313241155127045,0.3052846897663964,55.81397494218555,0.01,0.09760733724043304,0.19428600090231568,6.6745507270059745,0.01,0.09255657040658735,0.18191380438327517,6.4679701462406065,0.01,0.11700926765631728,0.3901409644347038,6.2404098288260155,0.01,0.11444799141260698,0.3072534954853312,3.6217394911368537,0.01,0.07614922395370102,0.12979687672533236,8.709260264924438
2.88,76.20991395081484,69.94174635331515,6.268167597499685,0.267113567829725,30.44883127681866,0.10778754854195095,3.2820048792957657,3.2820048792957657,3.2820048792957657,0.0,-0.0,0,0.01,0.01,0.16318310225531896,0.30533805295023214,55.95351639575561,0.01,0.09766030314507781,0.19433936408615143,6.661089140039097,0.01,0.09260936945324819,0.18196716756711093,6.455483515458765,0.01,0.11689702533294773,0.3900218779264238,6.1765741557034435,0.01,0.114327835651406,0.30713440897705113,3.631006309922775,0.01,0.07609737533980185,0.129745239579799,8.724485345094479
2.89,76.36927917762965,70.09302491520585,6.276254262423802,0.2609448822061884,30.450482493552297,0.10792075455108299,3.286239047148707,3.286239047148707,3.286239047148707,0.0,-0.0,0,0.01,0.01,0.16323257807793837,0.30539013259180975,56.08968037963576,0.01,0.09771201266314138,0.19439144372772907,6.647511223931596,0.01,0.09266091474223487,0.18201924720868856,6.4428695711068915,0.01,0.1167871479485736,0.3899053821543065,6.115072007240907,0.01,0.11421025992698884,0.3070179132049339,3.6403736719861057,0.01,0.07604661364690239,0.12969469163214792,8.739883491396348
2.9,76.52480000000006,70.24077192441922,6.284028075580833,0.254788445681532,30.45154250069093,0.10805066462970811,3.2903094061994587,3.2903094061994587,3.2903094061994587,0.0,-0.0,0,0.01,0.01,0.16328084479993554,0.30544093492823915,56.222470631038746,0.01,0.09776247137023339,0.19444224606415844,6.633830426613928,0.01,0.09271121186880123,0.18207004954511793,6.430141414322954,0.01,0.11667964318746693,0.3897914823482173,6.055857031323663,0.01,0.11409527069617005,0.30690401339884466,3.649831161592841,0.01,0.07599694381227362,0.12964523756023283,8.755436297777782
2.91,76.67648095570371,70.38499574460454,6.291485211099174,0.24864886181246282,30.45198929271273,0.10817729907762215,3.2942139532263326,3.2942139532263326,3.2942139532263326,0.0,-0.0,0,0.01,0.01,0.1633279090670459,0.3054904670857424,56.35189247208591,0.01,0.0978116857730317,0.1944917782216617,6.620058684559292,0.01,0.09276026735302215,0.18211958170262119,6.417310681068905,0.01,0.1165745162568508,0.38968018122893155,5.998883828459125,0.01,0.11398287176467169,0.30679271227955895,3.659369563632485,0.01,0.07594836958649917,0.12959688088556512,8.771127505486623
2.92,76.8243281825185,70.52570711811128,6.29862106440722,0.24252983742299636,30.45179659596719,0.10830067995784624,3.297950277281274,3.297950277281274,3.297950277281274,0.0,-0.0,0,0.01,0.01,0.16337377822627516,0.3055387369038288,56.47795209806208,0.01,0.09785966314645936,0.19454004803974811,6.6062061573759205,0.01,0.09280808847633848,0.18216785152070758,6.404387285446419,0.01,0.11647177019370407,0.38957147938412884,5.944108547303906,0.01,0.11387306463942103,0.3066840104347562,3.6689810742630313,0.01,0.07590089369041432,0.12954962413451213,8.786943316206411
2.93,76.96834943599995,70.66291864611769,6.3054307898822675,0.2364341622585381,30.45093661498465,0.10842083062816273,3.3015158412021695,3.3015158412021695,3.3015158412021695,0.0,-0.0,0,0.01,0.01,0.1634184601542237,0.30558575275250166,56.60065594247602,0.01,0.0979064113603617,0.19458706388842095,6.592281061610297,0.01,0.09285468310793245,0.18221486736938045,6.391379259611242,0.01,0.11637140620449095,0.38946537566679573,5.891489372865491,0.01,0.11376584891271771,0.3065779067174231,3.6786594304594638,0.01,0.07585451798456734,0.12950346901006252,8.802872565362001
2.94,77.10855410725927,70.79664427042758,6.311909836831689,0.23036373472048874,30.44938274960186,0.10853777527871708,3.304908262251931,3.304908262251931,3.304908262251931,0.0,-0.0,0,0.01,0.01,0.16346196308594732,0.3056315233515692,56.72001014958589,0.01,0.09795193870434936,0.1946328344874885,6.5782896101085075,0.01,0.09290005952960805,0.182260637968448,6.378292696396445,0.01,0.11627342401980764,0.389361867595316,5.840986886300798,0.01,0.11366122265801036,0.30647439864594334,3.688399953915009,0.01,0.07580924364221753,0.1294584165651124,8.818906750562746
2.95,77.24495324074074,70.92689878252244,6.318054458218293,0.22431963082230713,30.447112155310492,0.10865153849769882,3.3081255784864716,3.3081255784864716,3.3081255784864716,0.0,-0.0,0,0.01,0.01,0.16350429545257228,0.3056760576006977,56.83602017834457,0.01,0.09799625371924275,0.19467736873661698,6.564236057923441,0.01,0.09294422626760561,0.18230517221757647,6.365131795553596,0.01,0.11617782224582039,0.38926095173515096,5.792564282160188,0.01,0.11355918281715102,0.3063734827857783,3.698199509073936,0.01,0.07576507131701188,0.12941446736845405,8.835039917426144
2.96,77.377559552,71.05369738323955,6.3238621687604395,0.21830221151686524,30.444108031499688,0.10876214488496085,3.311166488615369,3.311166488615369,3.311166488615369,0.0,-0.0,0,0.01,0.01,0.16354546573516246,0.3057193644280168,56.94869055477802,0.01,0.09803936504293231,0.19472067556393607,6.550122850631098,0.01,0.09298719193914186,0.18234847904489557,6.351899009498955,0.01,0.11608459869513106,0.38916262404359914,5.746187436312995,0.01,0.11345972556009899,0.30627515509422654,3.708056379249842,0.01,0.07572200129704211,0.12937162165530602,8.851268412031219
2.97,77.50638744548145,71.17705141461522,6.329336030866236,0.21227456213042045,30.44038123848388,0.10886961533589574,3.314032596111758,3.314032596111758,3.314032596111758,0.0,-0.0,0,0.01,0.01,0.16358548582839416,0.3057614591642685,57.05824400118461,0.01,0.09808128321578773,0.19476277030018777,6.536070507919473,0.01,0.09302896719845996,0.18239057378114726,6.338718821089244,0.01,0.11599375112474201,0.3890668831887292,5.701848205490876,0.01,0.11336284727450353,0.3061794142393565,3.71799062612647,0.01,0.0756800341644998,0.1293298807753803,8.867647983077743
2.98,77.63145303229633,71.29690251442554,6.33455051787079,0.20606135966775105,30.436302609064825,0.10897390979858658,3.3167628951227157,3.3167628951227157,3.3167628951227157,0.0,-0.0,0,0.01,0.01,0.16362437900210605,0.3058023621193398,57.16441858330575,0.01,0.09812203072274517,0.19480367325525913,6.522010056167941,0.01,0.09306957486209469,0.18243147673621862,6.325506662049665,0.01,0.11590529696190707,0.3889737817389067,5.659848066005325,0.01,0.11326857183280892,0.306086312789534,3.728253404559453,0.01,0.07563918752961347,0.12928926953209066,8.884700156832555
2.99,77.75277414800003,71.41313830986897,6.339635838131049,0.19965973261418654,30.43252212115292,0.10907494125428595,3.3194255625845126,3.3194255625845126,3.3194255625845126,0.0,-0.0,0,0.01,0.01,0.16366211996128474,0.3058420394393154,57.26658919318992,0.01,0.0981615948457008,0.19484335057523472,6.507388448898101,0.01,0.093109000616514,0.1824711540561942,6.31171861519385,0.01,0.11581929858951676,0.38888341418188177,5.620458824679111,0.01,0.11317697670712162,0.30599594523250917,3.738994553280485,0.01,0.07559950255980531,0.12924983101182777,8.90256540039196
3.0,77.87037037037038,71.52566072257342,6.344709647796963,0.1931041593887498,30.429623651937675,0.1091726352291466,3.3220822031132036,3.3220822031132036,3.3220822031132036,0.0,-0.0,0,0.01,0.01,0.16369867541791244,0.30588045684332055,57.36469910737427,0.01,0.09819994345677605,0.1948817679792398,6.492163339524648,0.01,0.09314721169702286,0.1825095714601993,6.297329101820756,0.01,0.11573583289414502,0.38879586391288157,5.583720702478183,0.01,0.11308814793603207,0.30590839496350897,3.7501922597909276,0.01,0.07556101878392185,0.1292116034725173,8.921153149455787
3.0100000000000002,77.98426303718522,71.63439467250889,6.349868364676331,0.18644737711510795,30.428081769649125,0.10926693723661693,3.324783300954899,3.324783300954899,3.324783300954899,0.0,-0.0,0,0.01,0.01,0.163734018955228,0.30591758791016704,57.45875808062162,0.01,0.09823704762269782,0.19491889904608636,6.476413981762431,0.01,0.09318417929724318,0.18254670252704586,6.282420204102921,0.01,0.1156540649484999,0.38871119639134794,5.557690788409089,0.01,0.11300215913946936,0.3058237274419753,3.761776281768261,0.01,0.07552376856212537,0.12917461733653152,8.940324212981048
3.02,78.09447526399995,71.73932818482497,6.35514707917498,0.1798735809620316,30.42806080590526,0.10935784737084982,3.327547229403125,3.327547229403125,3.327547229403125,0.0,-0.0,0,0.01,0.01,0.16376814072802484,0.3059534277869975,57.54913087708445,0.01,0.09827289135887542,0.19495473892291681,6.460440368878821,0.01,0.09321988807971669,0.1825825424038763,6.267294023917703,0.01,0.11557174516801322,0.3886294277933767,5.562635647395754,0.01,0.11291905327105228,0.3057419588440041,3.773512652267522,0.01,0.07548776750309229,0.1291388814651851,8.959589495209265
3.0300000000000002,78.2010319619259,71.84056171455751,6.360470247368391,0.17354349376927544,30.429168576959924,0.10944546267600391,3.3303344337514984,3.3303344337514984,3.3303344337514984,0.0,-0.0,0,0.01,0.01,0.16380106632309205,0.3059880100604721,57.636370192082225,0.01,0.0983074900515303,0.19498932119639142,6.444713313643641,0.01,0.09325435481564626,0.18261712467735092,6.2524123171614265,0.01,0.11549097888919846,0.3885504863506609,5.579017589292356,0.01,0.11283880016922586,0.3056630174012883,3.785036097451057,0.01,0.07545299432523309,0.12910436620193938,8.978340092678334
3.04,78.30395985540736,71.9382530760227,6.365706779384649,0.167511134763673,30.430735266108982,0.1095299290785022,3.3330762755035925,3.3330762755035925,3.3330762755035925,0.0,-0.0,0,0.01,0.01,0.16383284364398729,0.3060213879710539,57.72080846014301,0.01,0.09834088598863246,0.19502269910697312,6.429499845609241,0.01,0.09328762287782617,0.1826505025879326,6.238026695863287,0.01,0.1154125963924314,0.38847425504526556,5.598350363620141,0.01,0.11276130620035117,0.30558678609589296,3.796140193008896,0.01,0.07541940296456964,0.12907102197254344,8.996319403884183
3.0500000000000003,78.40328749999998,72.03257632222248,6.370711177777496,0.16178559531097272,30.432020752365236,0.10961140568082178,3.3356965723746934,3.3356965723746934,3.3356965723746934,0.0,-0.0,0,0.01,0.01,0.16386352770486448,0.3060536203727957,57.80266040718861,0.01,0.09837313307925162,0.195054931508715,6.41490348061308,0.01,0.09331974663770481,0.1826827349896745,6.224231548214136,0.01,0.11533676451435049,0.38840060360824624,5.617969299805377,0.01,0.112686449760184,0.3055131346588736,3.806747373864661,0.01,0.07538693890607663,0.12903879325693787,9.013452621797832
3.06,78.49904530014817,72.12370371040853,6.375341589739643,0.15635363876772984,30.43230516527488,0.10969004918554738,3.338121050408589,3.338121050408589,3.338121050408589,0.0,-0.0,0,0.01,0.01,0.1638931738703571,0.3060847655693775,57.882074385048305,0.01,0.09840428791795544,0.19508607670529685,6.400941551454588,0.01,0.09335078275617582,0.18271388018625634,6.211040496675812,0.01,0.11526344471837172,0.3883294026093056,5.63705607539413,0.01,0.11261410237280899,0.30544193365993294,3.816847811636617,0.01,0.07535554665786269,0.12900762475589822,9.029752101870386
3.0700000000000003,78.59126552696289,72.2117956846421,6.379469842320784,0.1511880243614621,30.430938875967485,0.10976600531518232,3.340282598405435,3.340282598405435,3.340282598405435,0.0,-0.0,0,0.01,0.01,0.1639218342819327,0.30611487788505587,57.959146717365954,0.01,0.09843440509415424,0.19511618902097513,6.387580675799453,0.01,0.09338078566861692,0.18274399250193463,6.198419439471395,0.01,0.1151925395888698,0.3882605313297869,5.655398501246437,0.01,0.11254413983104285,0.3053730623804143,3.8264709107050883,0.01,0.07532517367658687,0.12897746484904024,9.045283563674724
3.08,78.67998233600002,72.29699415583141,6.382988180168607,0.1462516175498834,30.427375796729034,0.10983940311257395,3.3421247957946965,3.3421247957946965,3.3421247957946965,0.0,-0.0,0,0.01,0.01,0.16394955552785967,0.3061440053604079,58.03392587340598,0.01,0.09846353434991019,0.1951453164963272,6.374752266141483,0.01,0.09340980482899024,0.18277311997728668,6.186300767475319,0.01,0.11512394180231365,0.38819388307999736,5.672999761729559,0.01,0.11247644895239545,0.3053064141306247,3.835672767929847,0.01,0.07529577292118686,0.12894826793974465,9.060151003995628
3.09,78.76523178503703,72.37941773125885,6.3858140537781765,0.14150037114652061,30.421196831155815,0.10991035094097008,3.343604419756663,3.343604419756663,3.343604419756663,0.0,-0.0,0,0.01,0.01,0.1639763769900555,0.3061721881133662,58.10641507095094,0.01,0.09849171863570579,0.1951734992492855,6.362361468389002,0.01,0.09343788281017806,0.18280130273024497,6.174591721048608,0.01,0.11505755213693278,0.3881293690030455,5.6899511596182775,0.01,0.11241093220460736,0.3052419000536729,3.844529002553813,0.01,0.07526730467685236,0.12891999614027533,9.074486646170486
3.1,78.84705185185186,72.45915855528358,6.387893296568288,0.13688605571509832,30.412125219915776,0.10997893388080031,3.3446931087357368,3.3446931087357368,3.3446931087357368,0.0,-0.0,0,0.01,0.01,0.1640023297207166,0.30619945725064385,58.17657587951492,0.01,0.09851899276689721,0.19520076838656306,6.35029447258383,0.01,0.09346505399067324,0.18282857186752255,6.163181392615183,0.01,0.11499328711045241,0.38806692062276876,5.706386478418229,0.01,0.1123475109110601,0.3051794516733961,3.853128995197643,0.01,0.07523973781564118,0.12889262040803243,9.088441907053612
3.11,78.92548245200003,72.53628068847861,6.3892017635214176,0.13235892538919466,30.40003418504469,0.11004521245163819,3.345378220430306,3.345378220430306,3.345378220430306,0.0,-0.0,0,0.01,0.01,0.16402743581707535,0.3062258343052676,58.244333419634295,0.01,0.09854538260320461,0.1952271454411869,6.338425641324101,0.01,0.09349134376023384,0.1828549489221464,6.151947627728523,0.01,0.11493108260266015,0.3880064911872391,5.722461503007447,0.01,0.1122861272219022,0.30511902223786647,3.8615703630959866,0.01,0.07521305052798825,0.12886612115403673,9.102178433019368
3.12,79.00056545659262,72.6108199855662,6.389745471026427,0.12787029166404196,30.384947105060437,0.11010922261757079,3.345662905014213,3.345662905014213,3.345662905014213,0.0,-0.0,0,0.01,0.01,0.1640517082825288,0.3062513311871584,58.30958308223301,0.01,0.09857090473063432,0.19525264232307765,6.326624670206014,0.01,0.09351676822668542,0.18288044580403715,6.1407639741926126,0.01,0.11487089542905003,0.38794805583426695,5.738341314999152,0.01,0.11222674489977627,0.3050605868848943,3.869953479978443,0.01,0.07518723053533952,0.12884048833397171,9.115859218381585
3.13,79.07234471007408,72.68278539582776,6.389559314246305,0.12337491805028943,30.367030633113302,0.11017097700372279,3.3455654335520713,3.3455654335520713,3.3455654335520713,0.0,-0.0,0,0.01,0.01,0.1640751513530601,0.30627595062107144,58.372198451561516,0.01,0.09859556662759046,0.1952772617569907,6.314763599072045,0.01,0.09354133440572102,0.1829050652379502,6.129506483501926,0.01,0.114812703497576,0.38789161063474925,5.7541902001369545,0.01,0.1121693489626315,0.3050041416853766,3.878376163028891,0.01,0.07516227480335015,0.12881572104519454,9.129640100458623
3.14,79.14086604799994,72.75216155626839,6.388704491731552,0.11883314046871123,30.34658143332568,0.11023046720697466,3.3451178495299927,3.3451178495299927,3.3451178495299927,0.0,-0.0,0,0.01,0.01,0.16409776125089906,0.3062996870278717,58.43204002748957,0.01,0.09861936728261521,0.19530099816379098,6.302723392253799,0.01,0.0935650408604084,0.18292880164475048,6.118060085846854,0.01,0.11475650479764812,0.3878371706123036,5.770162821866541,0.01,0.11211394425936125,0.30494970166293095,3.8869287302640694,0.01,0.07513818879321714,0.12879182667200198,9.143661978234876
3.15,79.20617731481471,72.81891249608069,6.387264818734028,0.11421262908699283,30.32400746379418,0.11028766704085145,3.344364038511227,3.344364038511227,3.344364038511227,0.0,-0.0,0,0.01,0.01,0.16411952731011795,0.3063225277873236,58.48896431632827,0.01,0.09864229821343466,0.1953238389232429,6.290399811626821,0.01,0.09358787873922403,0.1829516424042024,6.106324270603817,0.01,0.11470231538205575,0.3877847668790322,5.786396479925568,0.01,0.11206055309543454,0.3048972979296596,3.8956896302272326,0.01,0.07511498530747573,0.12876881963982706,9.158044073242097
3.16,79.26832838162963,72.88298622791605,6.385342153713575,0.10948972588069712,30.299804943129693,0.11034253651915735,3.3433573334606326,3.3433573334606326,3.3433573334606326,0.0,-0.0,0,0.01,0.01,0.1641404334041446,0.30634445480575334,58.542832863496166,0.01,0.09866434482067798,0.1953457659416726,6.277708351200474,0.01,0.0936098331452493,0.1829735694226321,6.094217849527545,0.01,0.11465016650150107,0.3877344430619591,5.803004592095571,0.01,0.11200921206387106,0.30484697411258643,3.904721814278728,0.01,0.07509268300286855,0.1287467198545155,9.17287849181142
3.17,79.32737116400006,72.94431997018,6.383051193820064,0.10465031430089641,30.274532285857212,0.1103950263577396,3.3421577896654453,3.3421577896654453,3.3421577896654453,0.0,-0.0,0,0.01,0.01,0.16416045959417094,0.3063654463011307,58.593520823999896,0.01,0.09868548799678072,0.19536675743704995,6.264588060600009,0.01,0.0936308847565241,0.18299456091800945,6.081682637046867,0.01,0.11460010107163236,0.38768625122022293,5.820071584353309,0.01,0.11195996826726087,0.3047987822708503,3.914069979068494,0.01,0.07507130465535469,0.1287255509143132,9.188226276585972
3.18,79.38335963970368,73.00284572638064,6.380513913323047,0.09969020097690753,30.248782374206638,0.11044508275984716,3.340829272703858,3.340829272703858,3.340829272703858,0.0,-0.0,0,0.01,0.01,0.16417958391069112,0.30638547871178545,58.64092470234374,0.01,0.09870570590207306,0.1953867898477048,6.2510041458142656,0.01,0.09365101160927573,0.1830145933286643,6.068685940923591,0.01,0.11455216967219081,0.38764024746838643,5.837649334929333,0.01,0.11191287513704919,0.3047527785190138,3.92375876097711,0.01,0.07505087527034908,0.12870533818916932,9.204115059530759
3.19,79.43634986651851,73.05849594289259,6.377853923625911,0.09461501300662412,30.22315454837217,0.11049265224814847,3.339436505355333,3.339436505355333,3.339436505355333,0.0,-0.0,0,0.01,0.01,0.16419778417809144,0.3064045286332796,58.68496894073689,0.01,0.09872497581622525,0.19540583976919892,6.236949294120241,0.01,0.09367019095213311,0.1830336432501584,6.055221812846333,0.01,0.11450642628991231,0.38759648752582626,5.85575525235991,0.01,0.11186798806617046,0.3047090185764536,3.933791918986148,0.01,0.07503142013460604,0.12868610686424203,9.220538354178567
3.2,79.4864000000001,73.11120897506966,6.37519102493045,0.08943963697613963,30.198227646448455,0.11053768631522409,3.3380422148588473,3.3380422148588473,3.3380422148588473,0.0,-0.0,0,0.01,0.01,0.16421503979426216,0.3064225746908001,58.72561109140902,0.01,0.09874327597406432,0.19542388582671935,6.222443723695399,0.01,0.09368840108046912,0.18305168930767884,6.041311060103857,0.01,0.11446292401893135,0.38755502240625767,5.8743719976970965,0.01,0.11182536007025018,0.304667553456885,3.9441524994170654,0.01,0.07501296290480616,0.12866788004212132,9.237456452417483
3.21,79.53357031125918,73.1609341125708,6.372636198688374,0.08418724641916901,30.174535314142815,0.11058014568339403,3.3367045109666305,3.3367045109666305,3.3367045109666305,0.0,-0.0,0,0.01,0.01,0.16423133338333704,0.3064395992615375,58.76284537543087,0.01,0.09876058730000013,0.19544091039745676,6.207534006993253,0.01,0.09370562306539534,0.18306871387841625,6.027000066304455,0.01,0.1144217109243583,0.3875158944456471,5.893448794019829,0.01,0.11178503768148877,0.30462842549627445,3.9548039360247857,0.01,0.07499552382208897,0.12865067699152494,9.254798824097062
3.22,79.57792320474071,73.20763594664614,6.370287258094571,0.0788879820973429,30.152544640709245,0.11062000399278092,3.3354746085477616,3.3354746085477616,3.3354746085477616,0.0,-0.0,0,0.01,0.01,0.1642466522494201,0.3064555899723806,58.79670450508042,0.01,0.09877689496440717,0.19545690110829986,6.192290760509342,0.01,0.09372184230116852,0.18308470458925935,6.012358511406976,0.01,0.11438282625713748,0.38747913384213706,5.912904204788289,0.01,0.11174705725896521,0.3045916648927644,3.965692002610179,0.01,0.0749791181319305,0.12863451161952047,9.272467856073396
3.23,79.619523236,73.25129790308506,6.3682253329149585,0.07357736350360013,30.132638971141578,0.11065725077188676,3.3343949870483414,3.3343949870483414,3.3343949870483414,0.0,-0.0,0,0.01,0.01,0.1642609895719318,0.3064705409122614,58.82725972825318,0.01,0.09879218969762973,0.19547185204818063,6.176805333179405,0.01,0.0937370498071883,0.1830996555291401,5.997476119966896,0.01,0.11434629718251182,0.3874447558495868,5.932630207421148,0.01,0.1117114418708224,0.3045572869002142,3.976747502757304,0.01,0.0749637547754914,0.12861939123031332,9.290343713578437
3.24,79.65843712948148,73.29192481229846,6.366512317183027,0.06829451977130918,30.11510550704129,0.1106918935857325,3.3334980541085213,3.3334980541085213,3.3334980541085213,0.0,-0.0,0,0.01,0.01,0.16427434529826115,0.3064844535148422,58.854619138234625,0.01,0.09880646881203232,0.19548576465076153,6.1611856611304,0.01,0.09375124323559957,0.18311356813172103,5.9824586013635415,0.01,0.11431213615206916,0.3874127587287107,5.952497340374191,0.01,0.1116781988693092,0.3045252897793381,3.9878895532443432,0.01,0.07494943540261206,0.12860531561708807,9.308290061794274
3.25,79.69473379629628,73.32954444004605,6.3651893562502355,0.06308033332058381,30.100128052097066,0.11072395930062337,3.3328053533839475,3.3328053533839475,3.3328053533839475,0.0,-0.0,0,0.01,0.01,0.16428672670593372,0.30649733708508836,58.8789243777952,0.01,0.09881973689884756,0.19549864822100768,6.145551487997726,0.01,0.09376442755190588,0.18312645170196717,5.967422976853633,0.01,0.11428033901232694,0.38738312251857,5.972360661711531,0.01,0.11164731824088102,0.3044956535691974,3.9990292946784805,0.01,0.07493615373887416,0.12859227651520033,9.326160351905967
3.2600000000000002,79.72848435199998,73.36420795592728,6.364276396072691,0.057975589926891544,30.087784995970356,0.1107534944496284,3.3323273285528154,3.3323273285528154,3.3323273285528154,0.0,-0.0,0,0.01,0.01,0.1642981486236419,0.3065092089616657,58.90034594600842,0.01,0.09883200618361138,0.19551052009758502,6.1300291759506536,0.01,0.09377661537308803,0.18313832357854448,5.952492513922453,0.01,0.11425088390315113,0.3873558086485366,5.99206622624247,0.01,0.11161877177256199,0.304468339699164,4.010073846179368,0.01,0.07492389532052118,0.12858025742614218,9.343804354895916
3.27,79.75976213437038,73.39598936920596,6.363772765164426,0.05301922454700288,30.078052375409484,0.11078056472665915,3.332063628025894,3.332063628025894,3.332063628025894,0.0,-0.0,0,0.01,0.01,0.16430863331736495,0.30652009432513305,58.91907738727891,0.01,0.09884329654086844,0.1955214054610523,6.114746351588135,0.01,0.09378782696465034,0.18314920894201178,5.937791507172241,0.01,0.11422373095905596,0.38733076036897823,6.011457768274868,0.01,0.1115925130346363,0.3044432914196056,4.020930311596929,0.01,0.07491263759250111,0.1285692338031389,9.361074620229006
3.2800000000000002,79.78864272118523,73.42498401023713,6.3636587109481,0.048246743530852856,30.070811615806168,0.11080525367750525,3.332003909377874,3.332003909377874,3.332003909377874,0.0,-0.0,0,0.01,0.01,0.16431821006362182,0.3065300256786337,58.93532869635016,0.01,0.09885363518479667,0.19553133681455298,6.099826640335946,0.01,0.09379808991400092,0.18315914029551247,5.923440154177369,0.01,0.11419882278755725,0.38730790393993586,6.0303832700249655,0.01,0.11156847814048713,0.30442043499056326,4.031509644044793,0.01,0.07490235034739626,0.12855917357191643,9.377832546166076
3.29,79.81520394799998,73.45130617838079,6.363897769619186,0.04368889137714363,30.065861351003687,0.11082766069145444,3.3321290802053505,3.3321290802053505,3.3321290802053505,0.0,-0.0,0,0.01,0.01,0.16432691444589875,0.3065390420424562,58.949319309203055,0.01,0.09886305606674312,0.19554035317837548,6.085384741138117,0.01,0.09380743851190985,0.18316815665933497,5.909549772709788,0.01,0.1141760856630589,0.38728715048287576,6.048701103337336,0.01,0.11154658720888791,0.3043996815335031,4.041730184247007,0.01,0.07489299646739635,0.12855003794496903,9.393953774448422
3.3000000000000003,79.839525925926,73.4750861118935,6.364439814032495,0.03937061475516678,30.062932552858406,0.11084789842565212,3.332412893996479,3.332412893996479,3.332412893996479,0.0,-0.0,0,0.01,0.01,0.16433478742187588,0.30654718791574154,58.961271062090304,0.01,0.09887159902281471,0.19554849905166083,6.071522078256886,0.01,0.09381591288590503,0.18317630253262035,5.896218590490867,0.01,0.11415543134378403,0.38726839837277105,6.0662854557314425,0.01,0.11152674642386166,0.30438092942339845,4.051520706750459,0.01,0.07488453291847756,0.12854178247525805,9.409332663299443
3.31,79.86169105940743,73.49646646045922,6.36522459894821,0.03531035907268995,30.061706081441198,0.11086608981500877,3.3328238064174553,3.3328238064174553,3.3328238064174553,0.0,-0.0,0,0.01,0.01,0.16434187421775293,0.3065545120672864,58.971401490809285,0.01,0.09887930872418438,0.1955558232032057,6.058323238158921,0.01,0.0938235579389119,0.18318362668416519,5.883528309738613,0.01,0.11413675939427287,0.3872515360274751,6.083030790802279,0.01,0.11150885056361787,0.30436406707810243,4.060822835862887,0.01,0.07487691193613037,0.1285343582862171,9.423885647412892
3.3200000000000003,79.88178406400007,73.51559845590903,6.36618560809104,0.0315197144642425,30.061831695792,0.11088236483256518,3.3333269896279805,3.3333269896279805,3.3333269896279805,0.0,-0.0,0,0.01,0.01,0.1643482231114652,0.3065610662225219,58.97991780799115,0.01,0.09888623348935863,0.19556237735844118,6.045853357529687,0.01,0.09383042215292052,0.18319018083940067,5.871541606921852,0.01,0.11411995987784793,0.3872364449392849,6.0988551464865,0.01,0.11149278585391671,0.3043489759899123,4.069592729072461,0.01,0.07487008233569514,0.12852771340953761,9.437553358314267
3.33,79.89989198414816,73.53263798103734,6.3672540031108165,0.0280034097664797,30.062947544886452,0.11089685716859347,3.3338863999521906,3.3338863999521906,3.3338863999521906,0.0,-0.0,0,0.01,0.01,0.16435388416874913,0.3065669037152631,58.9870118431218,0.01,0.0988924240211552,0.19556821485118236,6.034156575279015,0.01,0.09383655632082051,0.18319601833214186,5.860300675341777,0.01,0.1141049162727246,0.38722300278996413,6.1137021397719815,0.01,0.11147843299294571,0.30433553384059153,4.077801967454884,0.01,0.0748639908777643,0.12852179416055806,9.450301449240207
3.34,79.91610421096311,73.54774173059869,6.3683624803644125,0.024759635835459395,30.064699187463965,0.11090970099163074,3.3344667972849518,3.3344667972849518,3.3344667972849518,0.0,-0.0,0,0.01,0.01,0.16435890799493794,0.306572078170835,58.99285616085137,0.01,0.09889793213154441,0.19557338930675436,6.023255600501987,0.01,0.0938420122697719,0.18320119278771385,5.849826858051694,0.01,0.11409150846226186,0.38721108649502056,6.12754161913847,0.01,0.11146567019444246,0.30432361754564796,4.085437637490355,0.01,0.07485858362013206,0.128516546483053,9.46212014055889
3.35,79.9305125000001,73.56106364344767,6.369448856552437,0.021780664319768214,30.066757263335962,0.11092102794183441,3.3350356225268407,3.3350356225268407,3.3350356225268407,0.0,-0.0,0,0.01,0.01,0.16436334456125704,0.30657664228199655,58.9976014950594,0.01,0.09890280951494192,0.19557795341791584,6.0131523839819705,0.01,0.09384684163671636,0.18320575689887533,5.840121355307562,0.01,0.11407961565398529,0.3872005750349983,6.140368981463722,0.01,0.1114543761029677,0.3043131060856257,4.0925016335343045,0.01,0.07485380719215882,0.12851191720049662,9.473022569885654
3.36,79.94321098903704,73.57275176169652,6.3704592273405085,0.01905371542761881,30.068833051631465,0.11093096448760904,3.335564651434375,3.335564651434375,3.335564651434375,0.0,-0.0,0,0.01,0.01,0.1643672421576256,0.30658064673116076,59.00137555453116,0.01,0.09890710662525129,0.19558195786708,6.003829817993222,0.01,0.09385109475113707,0.18320976134803948,5.831166929476043,0.01,0.11406911909290461,0.38719135194987747,6.152203242948097,0.01,0.1114444324491658,0.3043038830005048,4.09900925190555,0.01,0.07484960993474078,0.12850785511897977,9.483042091259415
3.37,79.95429621585191,73.58294564338482,6.3713505724670885,0.01656201880239343,30.070691295043076,0.11093962975175124,3.336031358651288,3.336031358651288,3.336031358651288,0.0,-0.0,0,0.01,0.01,0.16437064651504535,0.30658413930232864,59.004283177546576,0.01,0.09891087170430728,0.19558545043824788,5.995254332692155,0.01,0.0938548196723311,0.18321325391920737,5.822930475518031,0.01,0.11405990445143058,0.3871833073960216,6.163084018717477,0.01,0.11143572633247614,0.3042958384466489,4.104987183174165,0.01,0.07484594285877988,0.1285043119372853,9.492228716001037
3.38,79.96386713600002,73.59177442136607,6.372092714633946,0.014286005611832929,30.07215983461906,0.11094713388495259,3.3364199433811748,3.3364199433811748,3.3364199433811748,0.0,-0.0,0,0.01,0.01,0.16437360013013924,0.3065871642145554,59.00640774175411,0.01,0.098914149999826,0.19558847535047472,5.987379211446035,0.01,0.09385806141873973,0.1832162788314342,5.815366281157474,0.01,0.11405186379975628,0.38717633969195897,6.173067618774768,0.01,0.11142815204277746,0.3042888707425863,4.110471036611002,0.01,0.07484276038648649,0.1285012429315045,9.500644922427506
3.39,79.97202514059256,73.59935556489185,6.372669575700719,0.012204567410849484,30.073135777371828,0.11095357703402862,3.3367219871294274,3.3367219871294274,3.3367219871294274,0.0,-0.0,0,0.01,0.01,0.16437614181291607,0.3065897616963386,59.007813676629986,0.01,0.09891698320006337,0.1955910728322579,5.9801484151074575,0.01,0.09386086141584453,0.1832188763132174,5.808419770237027,0.01,0.11404489708561558,0.38717035630806373,6.182222505815256,0.01,0.1114216123594086,0.30428288735869113,4.115502548578906,0.01,0.07484002085233175,0.12849860739430008,9.508361080513852
3.4,79.97887407407406,73.6057943636586,6.373079710415446,0.010296318113351405,30.073588099424843,0.110959048921326,3.336936733163889,3.336936733163889,3.336936733163889,0.0,-0.0,0,0.01,0.01,0.16437830646700405,0.3065919678077193,59.00854988069323,0.01,0.09891940910070618,0.19559327894363862,5.973500688095339,0.01,0.09386325717737608,0.18322108242459811,5.8020315072163715,0.01,0.1140389130794636,0.3871652742843418,6.190624381298851,0.01,0.11141601929440145,0.3042778053349692,4.120126634296877,0.01,0.07483768675330539,0.12849636882180585,9.515450741839231
3.41,79.98452025200004,73.61118411869296,6.37333613330708,0.008540799202218879,30.073556761706456,0.11096362902193113,3.3370709958759837,3.3370709958759837,3.3370709958759837,0.0,-0.0,0,0.01,0.01,0.1643801251000234,0.3065938145047492,59.00865381548784,0.01,0.09892146150768169,0.19559512564066853,5.9673737172125465,0.01,0.09386528222271304,0.18322292912162802,5.796141239987602,0.01,0.11403382976890244,0.3871610200886048,6.19835117014722,0.01,0.11141129427510248,0.30427355113923216,4.12438844042287,0.01,0.07483572475067546,0.12849449485355766,9.521986035134374
3.42,79.98907247881486,73.61560699199302,6.373465486821841,0.006919574697515341,30.07314857525378,0.11096738729791517,3.337138725217932,3.337138725217932,3.337138725217932,0.0,-0.0,0,0.01,0.01,0.16438162505099846,0.3065953299298409,59.0081560325437,0.01,0.09892317036816099,0.19559664106576022,5.961708126222813,0.01,0.0938669662219648,0.18322444454671968,5.790691770943587,0.01,0.1140295742132088,0.3871575289530459,6.20547816257395,0.01,0.1114073677882619,0.3042700600036733,4.128330545287765,0.01,0.07483410543710227,0.12849295698221802,9.52803338629395
3.43,79.99264206562968,73.61913543865906,6.373506626970626,0.0054171708866076,30.07253019233242,0.11097038542504609,3.3371602661494637,3.3371602661494637,3.3371602661494637,0.0,-0.0,0,0.01,0.01,0.16438283041221644,0.30659653890185495,59.007084887300714,0.01,0.09892456211160312,0.19559785003777427,5.956451112873428,0.01,0.09386833534987488,0.18322565351873377,5.7856324700365,0.01,0.11402608189382135,0.3871547437495608,6.2120735462819106,0.01,0.11140417853191532,0.3042672748001882,4.131990435979266,0.01,0.07483280289323059,0.12849173005971348,9.533649750458167
3.44,79.99534284799995,73.62183412237394,6.373508725626008,0.004021825846890319,30.07191871255191,0.11097267842806229,3.337161365002852,3.337161365002852,3.337161365002852,0.0,-0.0,0,0.01,0.01,0.16438376261508741,0.30659746357193396,59.00547120337565,0.01,0.09892566017370691,0.19559877470785325,5.951559567424855,0.01,0.09386941282081313,0.18322657818881274,5.780922275557805,0.01,0.11402329561851167,0.38715261348227115,6.218194526578918,0.01,0.11140167214197104,0.30426514453289855,4.135398368704274,0.01,0.07483179406637996,0.12849079163440044,9.53887950623435
3.45,79.99729120370377,73.62376219825109,6.373529005452675,0.0027260247938836386,30.07157047636049,0.11097431662635121,3.337171983495264,3.337171983495264,3.337171983495264,0.0,-0.0,0,0.01,0.01,0.16438444114362724,0.306598124205319,59.00335266946258,0.01,0.0989264856689795,0.19559943534123825,5.947002549617753,0.01,0.09387021957010501,0.1832272388221977,5.776532065446456,0.01,0.11402116405480259,0.3871510914890324,6.223884189050066,0.01,0.1113997995765835,0.3042636225396598,4.138575692700586,0.01,0.07483105801039104,0.12849012115975472,9.543752120287284
3.46,79.99860607051845,73.62497583665058,6.373630233867878,0.0015268087059131402,30.071768669682854,0.11097534778305129,3.3372249865695203,3.3372249865695203,3.3372249865695203,0.0,-0.0,0,0.01,0.01,0.1643848843353184,0.3065985400458122,59.00077777796366,0.01,0.09892705817254352,0.19559985118173154,5.942763041430965,0.01,0.09387077504200943,0.18322765466269103,5.7724463212382275,0.01,0.11401963998138304,0.3871501334519514,6.22916921263723,0.01,0.11139851525265686,0.3042626645025788,4.141533690343106,0.01,0.07483057502989916,0.12848969911871377,9.548280647149861
3.47,79.99940896399997,73.62553085765632,6.373878106343654,0.000425854975401743,30.07281038269188,0.1109758193472707,3.337354772294341,3.337354772294341,3.337354772294341,0.0,-0.0,0,0.01,0.01,0.16438511022736407,0.3065987302182142,58.99780914753268,0.01,0.09892739656891858,0.19560004135413347,5.938838933539752,0.01,0.09387109804192349,0.18322784483509297,5.768664046010363,0.01,0.1140186783544393,0.38714969532001486,6.23405849300082,0.01,0.11139777503494623,0.30426222637064226,4.144272958315788,0.01,0.07483032577423986,0.12848950610915633,9.552461086106893
3.48,79.99982399525919,73.62548534367606,6.37433865158314,-0.0005707187342657853,30.074993776582946,0.11097578067718734,3.3375959132178434,3.3375959132178434,3.3375959132178434,0.0,0.0,0,0.01,0.01,0.16438513228102491,0.30659871462329735,58.9949214888179,0.01,0.09892751992462814,0.19560002575921667,5.93524320675504,0.01,0.09387120760963552,0.18322782924017617,5.765198897874051,0.01,0.1140182342892265,0.3871497312486751,6.238542720347345,0.01,0.11139753417978539,0.3042622622993024,4.146783356340684,0.01,0.07483028600974355,0.12848952193676735,9.55659356266173
3.49,79.99997788874083,73.62490227349547,6.375075615245354,-0.001451153448659642,30.07860514196642,0.11097528528115833,3.3379817864890393,3.3379817864890393,3.3379817864890393,0.0,0.0,0,0.01,0.01,0.16438496184163162,0.30659851484014455,58.992880327281114,0.01,0.09892741256772368,0.19559982597606385,5.932931995607668,0.01,0.09387108663468947,0.18322762945702334,5.763113085821616,0.01,0.11401822911904903,0.38715019152237007,6.242892145515059,0.01,0.11139766444841907,0.3042627225729974,4.149777170462037,0.01,0.0748304065880509,0.12848972470034972,9.562704035310306
3.5,80.0,73.62385455189798,6.376145448102022,-0.0021921362456106494,30.083894098527267,0.11097439509422821,3.3385419496628854,3.3385419496628854,3.3385419496628854,0.0,0.0,0,0.01,0.01,0.16438463800735997,0.3065981558493014,58.99056843307421,0.01,0.09892711278372711,0.19559946698522077,5.931549374466204,0.01,0.09387078171692759,0.18322727046618026,5.761793798948907,0.01,0.11401850773597409,0.38715101858601797,6.248018631365371,0.01,0.11139810862760428,0.3042635496366453,4.153251669685205,0.01,0.07483069127089063,0.1284900890440927,9.568628159309734
3.5100000000000002,79.99997788874074,73.62242975231521,6.377548136425538,-0.002768394937385773,30.090840505850856,0.11097318451115835,3.3392763955516247,3.3392763955516247,3.3392763955516247,0.0,0.0,0,0.01,0.01,0.16438418868491714,0.3065976676575807,58.98811437291894,0.01,0.09892667432162378,0.19559897879349994,5.930467128473657,0.01,0.09387034001926398,0.18322678227445943,5.760749875634071,0.01,0.11401907526794539,0.38715214330324355,6.253228378332554,0.01,0.11139887503692095,0.3042646743538709,4.156504084175499,0.01,0.07483112098083974,0.12849058450977704,9.573519193662031
3.52,79.99982399525925,73.6207273058696,6.379096689389653,-0.003163467537201771,30.098539286928844,0.11097173800185423,3.340087215987584,3.340087215987584,3.340087215987584,0.0,0.0,0,0.01,0.01,0.16438364573003364,0.3065970843346861,58.985650948131564,0.01,0.09892613083032678,0.19559839547060534,5.929681692151679,0.01,0.0938697945877902,0.18322619895156483,5.759992507830836,0.01,0.11401991875397254,0.3871534871775131,6.257908423951443,0.01,0.11139992394514901,0.3042660182281404,4.15918221445877,0.01,0.07483166432235053,0.1284911765158408,9.577139532193478
3.5300000000000002,79.999408964,73.61885030173512,6.380558662264882,-0.00338049352915666,30.10586999736621,0.11097014314774109,3.340852703195012,3.340852703195012,3.340852703195012,0.0,0.0,0,0.01,0.01,0.1643830425614173,0.30659644120349844,58.98328564241622,0.01,0.09892551689754021,0.19559775233941767,5.929197132890211,0.01,0.09386917994348891,0.18322555582037717,5.759526119434938,0.01,0.11402099767482472,0.38715496882669875,6.261676006271471,0.01,0.11140119167413912,0.3042674998773261,4.161124876709615,0.01,0.07483228613467408,0.12849182921009863,9.579437210188214
3.54,79.99860607051852,73.6168941883763,6.381711882142204,-0.0034425263092997685,30.11176233369558,0.11096848104342355,3.3414565277107733,3.3414565277107733,3.3414565277107733,0.0,0.0,0,0.01,0.01,0.16438241052986408,0.30659577096857804,58.98108638498393,0.01,0.09892486574416846,0.1955970821044974,5.928986210393014,0.01,0.09386852917117869,0.18322488558545688,5.759323678886172,0.01,0.11402225578354436,0.3871565129031437,6.26435178144853,0.01,0.11140260573641914,0.3042690439537711,4.162305725248317,0.01,0.07483295188699504,0.12849250939951698,9.580511427214397
3.5500000000000003,79.9972912037037,73.6149363740921,6.382354829611601,-0.0033890747212771397,30.11524751900114,0.11096681746049165,3.3417931742185236,3.3417931742185236,3.3417931742185236,0.0,0.0,0,0.01,0.01,0.16438177548721394,0.30659510015292357,58.97907533643794,0.01,0.0989242056530844,0.1955964112888429,5.928992091133944,0.01,0.09386787032033067,0.18322421476980238,5.759329489618855,0.01,0.11402363178508283,0.3871580583026858,6.265937021837077,0.01,0.11140409629489295,0.3042705893533132,4.162803852854715,0.01,0.07483363154703525,0.12849319016644714,9.580593789049736
3.56,79.995342848,73.61302792098404,6.382314927015968,-0.0032722578543015737,30.11549934667898,0.1109651957883549,3.341772281268307,3.341772281268307,3.341772281268307,0.0,0.0,0,0.01,0.01,0.16438115501805697,0.3065944462521224,58.97722608957755,0.01,0.09892355693889233,0.19559575738804175,5.929134324477005,0.01,0.09386722339873134,0.18322356086900124,5.759465068178753,0.01,0.11402506872880949,0.38715956472019236,6.266587205754044,0.01,0.11140560521143161,0.3042720957708197,4.162781153402273,0.01,0.07483430281723098,0.12849385375619038,9.580022304634836
3.5700000000000003,79.99264206562964,73.61118750214763,6.381454563482012,-0.0031527523716826326,30.11186403015055,0.11096363189704045,3.3413217959753583,3.3413217959753583,3.3413217959753583,0.0,0.0,0,0.01,0.01,0.16438055639996968,0.3065938156640305,58.97546362930479,0.01,0.09892292965569653,0.1955951267999498,5.929315461252825,0.01,0.0938665981082353,0.1832229302809093,5.759635557845986,0.01,0.11402652187483846,0.3871610174179585,6.266583010519633,0.01,0.11140709303195889,0.3042735484685859,4.16246212757953,0.01,0.07483495361536692,0.1284944936771284,9.579212978873475
3.58,79.98907247881482,73.60939768677358,6.379674792041236,-0.003095720736308076,30.10387852572316,0.11096211097762126,3.340389909828123,3.340389909828123,3.340389909828123,0.0,0.0,0,0.01,0.01,0.1643799753168644,0.3065932024161018,58.97366683693139,0.01,0.09892232208275202,0.195594513552021,5.9294278498982935,0.01,0.09386599235783998,0.1832223170329805,5.75973630730297,0.01,0.11402796487401014,0.38716243015631985,6.26629980584931,0.01,0.1114085440317837,0.3042749612069472,4.162114602310882,0.01,0.07483558375812305,0.12849511599121796,9.57863049649849
3.59,79.98452025200001,73.60760351036068,6.37691674163934,-0.003166906226310648,30.091277530328195,0.11096058632437315,3.338945798014652,3.338945798014652,3.338945798014652,0.0,0.0,0,0.01,0.01,0.16437939531528442,0.3065925876756746,58.97167320739517,0.01,0.09892171998558591,0.1955938988115939,5.9293603014155565,0.01,0.0938653915503743,0.18322170229255338,5.759659320123552,0.01,0.11402939419282476,0.3871638463205352,6.266176696138452,0.01,0.11140996939850506,0.30427637737116253,4.162031018356282,0.01,0.07483620584839441,0.12849573980992743,9.578759097729307
3.6,79.97887407407407,73.60571318489417,6.373160889179911,-0.0034290656667706637,30.073989867325732,0.11095897993538498,3.336979238265567,3.336979238265567,3.336979238265567,0.0,0.0,0,0.01,0.01,0.16437878796016378,0.3065919399934797,58.96928535453846,0.01,0.09892109661493448,0.19559325112939904,5.929004332450779,0.01,0.09386476860416627,0.18322105461035854,5.759299293450165,0.01,0.114030831802503,0.3871653383585426,6.266686079325441,0.01,0.11141140865157129,0.30427786940917,4.162510458282816,0.01,0.07483684540239455,0.12849639704610727,9.580074743161717
3.61,79.97202514059259,73.603600712944,6.368424427648592,-0.003938886097109785,30.05212542929564,0.11095718473065264,3.3344992328071,3.3344992328071,3.3344992328071,0.0,0.0,0,0.01,0.01,0.16437811361674748,0.30659121619951646,58.966278814737365,0.01,0.09892041337412937,0.1955925273354357,5.928259722263314,0.01,0.09386408463950588,0.1832203308163952,5.758558989866524,0.01,0.11403232622640073,0.38716700571567964,6.268304625756006,0.01,0.11141292944016484,0.304279536766307,4.16384182762612,0.01,0.07483754028337446,0.12849713150370662,9.58301968330215
3.62,79.963867136,73.60111009511742,6.362757040882593,-0.004744499265972886,30.025954220875487,0.1109550681230087,3.3315317960355806,3.3315317960355806,3.3315317960355806,0.0,0.0,0,0.01,0.01,0.16437732276067155,0.30659036284493385,58.962410624610335,0.01,0.09891962105881892,0.19559167398085311,5.927039160330253,0.01,0.09386329023317169,0.1832194774618126,5.757353726327259,0.01,0.11403395209839354,0.38716897151106633,6.271486542632354,0.01,0.11141462590457656,0.30428150256169373,4.166288716434145,0.01,0.07483833953469173,0.12849799741300855,9.58798051350924
3.63,79.95429621585185,73.5980607659308,6.3562354499210585,-0.0058836699664275805,29.995879317462357,0.11095247663087099,3.3281170989931685,3.3281170989931685,3.3281170989931685,0.0,0.0,0,0.01,0.01,0.16437635769985498,0.30658931806493384,58.957428147374046,0.01,0.09891866155245138,0.19559062920085307,5.925271815761187,0.01,0.09386232712405589,0.18321843268181257,5.75561481710062,0.01,0.11403580842643168,0.38717137824317205,6.276639961747829,0.01,0.11141661582284157,0.3042839092937994,4.170076505590152,0.01,0.07483930172516537,0.1284990575378895,9.595270677050465
3.64,79.94321098903703,73.59425386144282,6.348957127594208,-0.007382693197869607,29.96240571392899,0.11094924119490875,3.3243061783344197,3.3243061783344197,3.3243061783344197,0.0,0.0,0,0.01,0.01,0.16437515458072927,0.3065880137268422,58.951077652986044,0.01,0.09891746984772842,0.1955893248627615,5.922905724981188,0.01,0.09386113023995638,0.183217128343721,5.75329187116589,0.01,0.11403801578222454,0.3871743828371609,6.284107242067301,0.01,0.11141903679157472,0.3042869138877882,4.175382251994203,0.01,0.07484049293352561,0.12850038099267141,9.605118164903576
3.65,79.93051249999999,73.58947891393572,6.341033586064273,-0.009255993722946897,29.926107076273794,0.11094518285417924,3.3201574216909435,3.3201574216909435,3.3201574216909435,0.0,0.0,0,0.01,0.01,0.16437364554780487,0.30658637772471237,58.94311221648843,0.01,0.09891597625876626,0.1955876888606317,5.919908965570787,0.01,0.09385962991038899,0.18321549234159118,5.750353913919774,0.01,0.11404071265279406,0.38717815135315026,6.294149886502255,0.01,0.11142204170715259,0.30429068240377766,4.182327788606363,0.01,0.07484198450588711,0.1285020409090558,9.617658855850674
3.66,79.91610421096297,73.58352058393507,6.332583627027893,-0.011506382689999806,29.887592331760175,0.11094011845049699,3.3157330334856394,3.3157330334856394,3.3157330334856394,0.0,0.0,0,0.01,0.01,0.16437176092953254,0.30658433628693976,58.933298581099805,0.01,0.09891410869098588,0.19558564742285908,5.916269656753683,0.01,0.09385775413280498,0.18321345090381858,5.746789373441913,0.01,0.11404405119528235,0.38718285366293836,6.306938614432722,0.01,0.11142579382073657,0.3042953847135657,4.190976312962868,0.01,0.07484385072036982,0.1285041120886091,9.6329355698423
3.67,79.89989198414816,73.57616507567363,6.323726908474519,-0.014125892375885973,29.847473851507583,0.11093386606076319,3.311095666495274,3.311095666495274,3.311095666495274,0.0,0.0,0,0.01,0.01,0.16436943133421456,0.3065818161756054,58.921422729597616,0.01,0.09891179484526237,0.19558312731152475,5.911994894196582,0.01,0.093855430769325,0.18321093079248424,5.742605036640989,0.01,0.11404819263517631,0.3871886583747972,6.322548902492745,0.01,0.11143046163818698,0.3043011894254246,4.201332523890719,0.01,0.07484616648639718,0.12850666876403286,9.6509025112993
3.68,79.881784064,73.5672059350351,6.3145781289648895,-0.017097084058879285,29.806338712913806,0.11092624990245221,3.306305376745813,3.306305376745813,3.306305376745813,0.0,0.0,0,0.01,0.01,0.16436658955622127,0.30657874667437063,58.90729401075223,0.01,0.09890896424856667,0.19558005781028995,5.907108783068696,0.01,0.0938525895669765,0.1832078612912494,5.737824134867329,0.01,0.1140533025414046,0.3871957282444363,6.340962014957743,0.01,0.11143621392358564,0.30430825929506367,4.213346123440463,0.01,0.07484900519333793,0.12850978257425394,9.671434405927245
3.69,79.8616910594074,73.5564489942509,6.305242065156505,-0.020394707098406545,29.764724202412197,0.11091710451324395,3.301417025166835,3.301417025166835,3.301417025166835,0.0,0.0,0,0.01,0.01,0.1643631722134703,0.30657506128407547,58.890747768627236,0.01,0.09890555002377825,0.19557637241999468,5.901649773972184,0.01,0.093849163914979,0.18320417590095417,5.732483757743819,0.01,0.11405954620000401,0.38720421625895607,6.362071215293103,0.01,0.11144321504272882,0.30431674730958347,4.226918259641731,0.01,0.07485243680494666,0.12851352083583753,9.694339331889633
3.7,79.83952592592593,73.54371629974676,6.2958096261791665,-0.023987580097341716,29.723098359396808,0.110906278067247,3.296478211667395,3.296478211667395,3.296478211667395,0.0,0.0,0,0.01,0.01,0.16435912106029643,0.3065706990698971,58.87164651401378,0.01,0.0989014903348122,0.19557201020581635,5.8956675287751,0.01,0.09384509227613348,0.18319981368677588,5.726631815257748,0.01,0.11406708429088698,0.38721426252377655,6.385692516205931,0.01,0.11145162085072612,0.3043267935744039,4.241910277814349,0.01,0.07485652627382096,0.12851794516821513,9.719374050088215
3.71,79.815203948,73.52884893304217,6.286355014957835,-0.02784056720796762,29.68184599728959,0.11089363475266045,3.2915277888081484,3.2915277888081484,3.2915277888081484,0.0,0.0,0,0.01,0.01,0.16435438394369303,0.30656560562911084,58.84987975323291,0.01,0.09889672946784406,0.19556691676503019,5.88921954692959,0.01,0.09384031925399072,0.18319472024598968,5.720323771301086,0.01,0.1140760690488893,0.3872259920244767,6.4115790268622925,0.01,0.11146157528655987,0.30433852307510406,4.258154002757272,0.01,0.07486133232545801,0.12852311050463888,9.74626056807061
3.72,79.78864272118518,73.51170870444852,6.276934016736669,-0.031916532996600244,29.641260292656682,0.11087905619481545,3.286594965674632,3.286594965674632,3.286594965674632,0.0,0.0,0,0.01,0.01,0.16434891539377364,0.30655973367244416,58.82536264721662,0.01,0.09889121853348132,0.19556104480836348,5.882367769325676,0.01,0.0938347962814593,0.18318884828932297,5.7136193583955555,0.01,0.11408664106003044,0.38723951328019923,6.43943773148039,0.01,0.11147320778890242,0.30435204433082663,4.275462710150637,0.01,0.0748669066362572,0.1285290644963825,9.774702726279608
3.73,79.75976213437038,73.49217876134291,6.267583373027465,-0.036178175925595614,29.601539728276183,0.11086244196083725,3.2816989800774365,3.2816989800774365,3.2816989800774365,0.0,0.0,0,0.01,0.01,0.1643426768597945,0.306553043233293,58.79803371203266,0.01,0.09888491579668353,0.19555435436921234,5.875175349271295,0.01,0.09382848193833926,0.18318215785017183,5.706579456518526,0.01,0.11409892680668442,0.38725491785607324,6.468947413824087,0.01,0.11148663159447826,0.3043674489067006,4.293641969078368,0.01,0.07487329340574331,0.12853584729597003,9.804401754189216
3.74,79.728484352,73.47016320405527,6.25832114794473,-0.04058966119947307,29.56278992528545,0.11084370922522666,3.2768492903648005,3.2768492903648005,3.2768492903648005,0.0,0.0,0,0.01,0.01,0.16433563662018358,0.3065455015366641,58.767851791016234,0.01,0.09887778665992228,0.19554681267258336,5.867703743317738,0.01,0.0938213419237995,0.18317461615354286,5.699263283156057,0.01,0.1141130370320784,0.3872722806613577,6.499776443488938,0.01,0.11150194292645375,0.30438481171198506,4.312499640100808,0.01,0.07488052930192754,0.12854349168718165,9.835069974268297
3.75,79.69473379629629,73.44558584125062,6.24914795504568,-0.045117996159789765,29.525029710595234,0.11082279170815999,3.272046217794531,3.272046217794531,3.272046217794531,0.0,0.0,0,0.01,0.01,0.16432776940812907,0.30653708257304535,58.734792532323105,0.01,0.09886980333975422,0.19553839370896464,5.860010233175219,0.01,0.09381334872432635,0.18316619718992416,5.691726001511162,0.01,0.11412906594736064,0.38729166092905015,6.531599260420844,0.01,0.11151922102976462,0.3044041919796775,4.331854474338047,0.01,0.07488864374123724,0.12855202351586917,9.866442096459812
3.7600000000000002,79.65843712948148,73.41838824272371,6.240048886757772,-0.04973411354891893,29.488200640067983,0.11079963801997397,3.267281956779897,3.267281956779897,3.267281956779897,0.0,0.0,0,0.01,0.01,0.16431905580323655,0.30652776643135826,58.698844595610105,0.01,0.09886094428735838,0.19552907756727755,5.852145948210123,0.01,0.09380448102788232,0.18315688104823705,5.684016813442968,0.01,0.11414709125662062,0.3873131037518885,6.564110614288793,0.01,0.11153852896671537,0.30442563480251583,4.35154295106063,0.01,0.07489765945151397,0.128561462366371,9.898283808117045
3.77,79.619523236,73.38852726140311,6.230995974596898,-0.05441364819547346,29.452179131871286,0.11077420955675053,3.2625418630568648,3.2625418630568648,3.2625418630568648,0.0,0.0,0,0.01,0.01,0.16430948144471322,0.30651753844992125,58.66000579288798,0.01,0.09885119340974899,0.19551884958584054,5.844154419553029,0.01,0.09379472294102045,0.18314665306680003,5.676177566661664,0.01,0.11416717493051333,0.38733664203851803,6.597036901298316,0.01,0.111559915052508,0.3044491730891454,4.371424185760911,0.01,0.07490759325838119,0.12857182242334636,9.930397597403902
3.7800000000000002,79.57792320474074,73.3559721995012,6.221951005239544,-0.05913740996133828,29.41679035065878,0.11074647809437416,3.2578059281760297,3.2578059281760297,3.2578059281760297,0.0,0.0,0,0.01,0.01,0.16429903612293484,0.3065063882454402,58.618279343036534,0.01,0.09884053915070073,0.19550769938135945,5.836070663894836,0.01,0.09378406306789942,0.18313550286231894,5.668241873866051,0.01,0.11418936462127363,0.38736229875099143,6.630144252103475,0.01,0.11158341478820855,0.3044748298016188,4.3913829136165985,0.01,0.0749184570315759,0.1285831134576683,9.9626259339432
3.79,79.53357031125925,73.32070178798956,6.212868523269691,-0.06389156964378488,29.381823012570038,0.11071642322348452,3.253050351737221,3.253050351737221,3.253050351737221,0.0,0.0,0,0.01,0.01,0.16428771280467666,0.30649430867807853,58.57367039104695,0.01,0.09882897348949211,0.1954956198139978,5.827920769080107,0.01,0.09377249350911364,0.1831234232949573,5.660234716679379,0.01,0.11421369558389913,0.387390089289278,6.663243320633197,0.01,0.1116090531382685,0.3045026203399054,4.411330688955479,0.01,0.07493025872805358,0.12859534187699057,9.99485206321206
3.8000000000000003,79.4864,73.28270113591256,6.203698864087447,-0.06866758492050323,29.347044343671485,0.11068402975706174,3.248249129416745,3.248249129416745,3.248249129416745,0.0,0.0,0,0.01,0.01,0.16427550664338297,0.30648129480630987,58.526182913161726,0.01,0.0988164909120467,0.19548260594222916,5.819721934275392,0.01,0.09376000883465951,0.18311040942318865,5.6521724885132425,0.01,0.11424019295185944,0.3874200238985002,6.696190973192762,0.01,0.11163684700007406,0.30453255494912757,4.431205533344581,0.01,0.07494300347207007,0.12860851178603988,10.02699875327638
3.81,79.43634986651853,73.24195878837757,6.194391078140941,-0.07346190065556173,29.3122145111128,0.11064928522756273,3.2433755840916234,3.2433755840916234,3.2433755840916234,0.0,0.0,0,0.01,0.01,0.1642624140202516,0.30646734287919125,58.47581709892454,0.01,0.09880308740359461,0.19546865401511052,5.811482904617679,0.01,0.09374660507985787,0.18309645749607,5.644063418267603,0.01,0.11426887421112195,0.3874521099886771,6.728889260928022,0.01,0.11166680772222637,0.3045646410393044,4.450970314877413,0.01,0.07495669461822127,0.12862262600791052,10.05902537178211
3.8200000000000003,79.38335963970371,73.19846401105696,6.184895628646761,-0.07827546241155313,29.277099948842125,0.11061217757296314,3.238403778362715,3.238403778362715,3.238403778362715,0.0,0.0,0,0.01,0.01,0.16424843165516645,0.30645244940648225,58.422567272314595,0.01,0.09878875950519136,0.19545376054240157,5.803204732612112,0.01,0.09373227880624845,0.18308156402336107,5.635908309368625,0.01,0.11429975172247435,0.3874863542734972,6.761282170921682,0.01,0.11169894354405678,0.3045988853241246,4.470610156437287,0.01,0.07497133475082343,0.12863768702505812,10.090923678528013
3.83,79.327371164,73.15220439610312,6.175166767896881,-0.083113084333445,29.241485111505135,0.11057269309190995,3.2333097587861115,3.2333097587861115,3.2333097587861115,0.0,0.0,0,0.01,0.01,0.16423355581909438,0.3064366103391551,58.36642038635796,0.01,0.0987735034688328,0.19543792147507438,5.7948817949399665,0.01,0.0937170262618724,0.18306572495603388,5.627701525200858,0.01,0.11433283515699279,0.38752276465294017,6.793350697687864,0.01,0.111733261848936,0.3046352957035675,4.490129160892926,0.01,0.07498692658139185,0.1286536978068019,10.122712705119918
3.84,79.26832838162963,73.10316386064612,6.165164520983506,-0.08798271312439813,29.205182305783293,0.11053081472837799,3.2280725945490363,3.2280725945490363,3.2280725945490363,0.0,0.0,0,0.01,0.01,0.16421778167185458,0.306419820384689,58.30735509997599,0.01,0.09875731453791153,0.19542113152060825,5.786502993111464,0.01,0.09370084266737563,0.18304893500156771,5.619432151809484,0.01,0.11436813373046174,0.3875613517835004,6.825106770973662,0.01,0.1117697711461933,0.3046738828341277,4.5095467160221565,0.01,0.07500347371479564,0.12867066249854478,10.15443306653412
3.85,79.20617731481481,73.05132108541333,6.154856229401478,-0.09289462896927832,29.168039363606805,0.11048652072648851,3.222675185698176,3.222675185698176,3.222675185698176,0.0,0.0,0,0.01,0.01,0.16420110274146832,0.3064020724734251,58.24534142209085,0.01,0.09874018637171036,0.19540338360934434,5.778053068302115,0.01,0.09368372164633809,0.18303118709030383,5.611085270530142,0.01,0.11440565814698009,0.3876021302986233,6.856586533939978,0.01,0.11180848271928567,0.3047146613492506,4.528893609559356,0.01,0.07502098126351113,0.12868858695627822,10.186141016605722
3.86,79.14086604799999,72.99664841822138,6.144217629778613,-0.09786062222548106,29.129945032923505,0.11043978367708894,3.2171048279615633,3.2171048279615633,3.2171048279615633,0.0,0.0,0,0.01,0.01,0.1641835105538483,0.3063833573844312,58.18034088739812,0.01,0.0987221106247894,0.1953846685203504,5.769513964617083,0.01,0.09366565481042143,0.1830124720013099,5.602643277012153,0.01,0.11444542218757323,0.3876451196601267,6.887843403484527,0.01,0.11184941190005215,0.30475765071075406,4.5482081505319965,0.01,0.07503945629795952,0.12870747911799035,10.217902523778706
3.87,79.07234471007408,72.93911124575492,6.133233464319163,-0.10289318166915135,29.09083206604547,0.11039056995981517,3.2113535323760267,3.2113535323760267,3.2113535323760267,0.0,0.0,0,0.01,0.01,0.16416499441460067,0.3063636635319968,58.112307209653906,0.01,0.09870307668471881,0.19536497466791605,5.76086618024767,0.01,0.09364663150255692,0.18299277814887555,5.594087188103662,0.01,0.11448744390458149,0.3876903446383746,6.918941274247457,0.01,0.11189257894964164,0.304802875689002,4.567532460183527,0.01,0.07505890812894539,0.1287273492111229,10.249787607263796
3.88,79.0005654565926,72.87866781769372,6.121897638898879,-0.10800472619530714,29.050678080470867,0.11033883956809916,3.2054181080655697,3.2054181080655697,3.2054181080655697,0.0,0.0,0,0.01,0.01,0.16414554133834944,0.3063429769072401,58.041187344465406,0.01,0.09868307156482743,0.19534428804315943,5.752090052550692,0.01,0.09362663869464838,0.18297209152411892,5.585397884432208,0.01,0.11453174640566033,0.3877378354343536,6.949948157764722,0.01,0.11193800954549853,0.304850366484981,4.586909065297314,0.01,0.07507934842552813,0.1287482098020281,10.28186513655044
3.89,78.92548245200001,72.8152694903317,6.110212961668315,-0.11320690725773608,29.009504350249525,0.11028454629032179,3.1993000253743853,3.1993000253743853,3.1993000253743853,0.0,0.0,0,0.01,0.01,0.16412513611541998,0.3063212811635018,57.96692288226582,0.01,0.09866207994263464,0.19532259229942106,5.7431669307277735,0.01,0.09360566103030159,0.18295039578038058,5.57655724389808,0.01,0.11457835823166124,0.38778762747023243,6.9809304829198116,0.01,0.11198573489030868,0.30490015852085983,4.606377898667646,0.01,0.0751007911780999,0.12877007569931082,10.314198259537552
3.9,78.84705185185186,72.74886134271637,6.098190509135504,-0.11851000415187449,28.96737275557733,0.11022763820836119,3.193005083948517,3.193005083948517,3.193005083948517,0.0,0.0,0,0.01,0.01,0.1641037615010369,0.3062985578293596,57.8894516853262,0.01,0.09864008432954635,0.1952998689652789,5.734080198214537,0.01,0.09358368099804452,0.1829276724462384,5.56754912946532,0.01,0.11462731335009071,0.38783976088615085,7.011948224361493,0.01,0.1120357914728575,0.3049522919367782,4.625973784914682,0.01,0.07512325252189367,0.12879296372786883,10.346840585559228
3.91,78.76523178503703,72.6793831073023,6.085848677734738,-0.12392242867510886,28.92438117296697,0.11016805846538254,3.186542916138435,3.186542916138435,3.186542916138435,0.0,0.0,0,0.01,0.01,0.1640813985085094,0.30627478662932167,57.808709680140446,0.01,0.09861706535332213,0.19527609776524102,5.724816116153312,0.01,0.09356067921647043,0.1829039012462005,5.558360203619939,0.01,0.11467865080015212,0.38789427978969027,7.043050971768179,0.01,0.11208822052221361,0.30500681084031767,4.6457244643199544,0.01,0.07514675044050859,0.12881689239427563,10.379833209501069
3.92,78.679982336,72.60677034931575,6.073211986684247,-0.12945034995545493,28.880657627206848,0.11010574624800626,3.1799263601767835,3.1799263601767835,3.1799263601767835,0.0,0.0,0,0.01,0.01,0.16405802678524325,0.3062499458895846,57.724632716825376,0.01,0.09859300213182992,0.19525125702550386,5.715364468825649,0.01,0.0935366348097842,0.18287906050646335,5.548980551041046,0.01,0.11473241403658735,0.3879512313105852,7.07427500339205,0.01,0.11214306720545807,0.3050637623612125,4.665649182164917,0.01,0.07517130437225708,0.12884188146682599,10.41320262242048
3.93,78.59126552696296,72.53095582450595,6.0603097024570065,-0.13509744454778808,28.836353549170813,0.1100406379240077,3.1731707399529796,3.1731707399529796,3.1731707399529796,0.0,0.0,0,0.01,0.01,0.16403362504884447,0.3062240130047044,57.63715841242575,0.01,0.09856787271471759,0.19522532414062368,5.7057190015537405,0.01,0.09351152585038504,0.18285312762158318,5.539404100374403,0.01,0.11478865002774924,0.38801066451672955,7.105641381415226,0.01,0.11220037962530367,0.3051231955673569,4.685757846493863,0.01,0.07519693474418741,0.12886795149508387,10.446959513973335
3.94,78.49904530014817,72.45187094361758,6.047174356530589,-0.14086477148249887,28.79163649080696,0.10997266827538024,3.166293088908847,3.166293088908847,3.166293088908847,0.0,0.0,0,0.01,0.01,0.16400817156005051,0.3061969649405771,57.54622790177478,0.01,0.09854165456883332,0.1951982760764963,5.6958776507056905,0.01,0.0934853298443543,0.1828260795574558,5.529628844851049,0.01,0.11484740816866912,0.3880726292484896,7.137155043798866,0.01,0.11226020767741487,0.30518516029911696,4.706050733587236,0.01,0.07522366245953077,0.12889512329416522,10.481098433713875
3.95,78.4032875,72.36944727353854,6.03384022646146,-0.14675076701956252,28.74668264136173,0.10990177176775365,3.1593113547309826,3.1593113547309826,3.1593113547309826,0.0,0.0,0,0.01,0.01,0.16398164460965758,0.30616877874969384,57.45178743014889,0.01,0.09851432508345577,0.19517008988561313,5.685842574096284,0.01,0.09345802423597956,0.18279789336657262,5.519656869826342,0.01,0.11490873907246892,0.388137174926935,7.168804828054124,0.01,0.11232260182812376,0.3052497059775624,4.726518698780658,0.01,0.07525150836412016,0.1289234174183374,10.515598244036797
3.96,78.30395985540741,72.28361800933352,6.020341846073899,-0.15275134958074055,28.70166946867889,0.10982788380053736,3.152243619287496,3.152243619287496,3.152243619287496,0.0,0.0,0,0.01,0.01,0.16395402299792156,0.3061394320761093,57.35378973337811,0.01,0.09848586207255527,0.19514074321202865,5.67561999739416,0.01,0.09342958690862965,0.18276854669298814,5.509494202424765,0.01,0.11497269330344156,0.38820434938810633,7.200564327691595,0.01,0.11238761187168685,0.3053168804387337,4.747143831532824,0.01,0.07528049271612644,0.12895285364694134,10.550423268539804
3.97,78.20103196192592,72.19431935785488,6.00671260407103,-0.15886012182554357,28.656768778246803,0.10975094188741524,3.1451073648624606,3.1451073648624606,3.1451073648624606,0.0,0.0,0,0.01,0.01,0.16392528648695076,0.30610890362979354,57.25219516398391,0.01,0.09845624425326674,0.19511021476571283,5.66521989835255,0.01,0.093399996661276,0.18273801824667232,5.499150504460797,0.01,0.1150393201126619,0.38827419779017663,7.232393453562875,0.01,0.11245528572245983,0.305386728840804,4.76790047894002,0.01,0.07531063468138097,0.12898345050328433,10.585525017363143
3.98,78.094475264,72.1014917818688,5.992983482131198,-0.16506865417217384,28.612140442831862,0.10967088672357125,3.137918813424725,3.137918813424725,3.137918813424725,0.0,0.0,0,0.01,0.01,0.16389541620924197,0.30607717361288406,57.14697253545859,0.01,0.09842545168236665,0.19507848474880332,5.654655555408523,0.01,0.09336923364257954,0.18270628822976281,5.488638634353832,0.01,0.11510866623230881,0.3883467616337104,7.264240551284089,0.01,0.1125256682916712,0.30545929268433775,4.788756551919278,0.01,0.0753419518737601,0.12901522482418126,10.620844356560461
3.99,77.98426303718517,72.0050810631517,5.979181974033462,-0.17136683226056745,28.567927009411036,0.10958766310387194,3.1306923606833403,3.1306923606833403,3.1306923606833403,0.0,0.0,0,0.01,0.01,0.16386439501857283,0.3060442240836253,57.03809966981131,0.01,0.09839346613564552,0.19504553521954457,5.643942990157261,0.01,0.09333727972756871,0.18267333870050406,5.477974106627896,0.01,0.11518077477826053,0.388422077927567,7.296044913696208,0.01,0.11259880049120498,0.3055346089781944,4.809675023540299,0.01,0.07537445995676695,0.12904819139440937,10.656313981711486
4.0,77.87037037037037,71.90503915332184,5.965331217048528,-0.17774324988432427,28.524249340080168,0.10950122066476582,3.1234401212849194,3.1234401212849194,3.1234401212849194,0.0,0.0,0,0.01,0.01,0.16383220777279947,0.30601003924733294,56.92556364621699,0.01,0.09836027141848702,0.1950113503832522,5.6331003350424265,0.01,0.09330411882535487,0.18263915386421167,5.4671744793221,0.01,0.11525568430231725,0.3885001785247271,7.327739524263177,0.01,0.11267471839835623,0.30561270957535447,4.830615529396234,0.01,0.07540817231873721,0.12908236265666423,10.691861056919725
4.01,77.75277414800001,71.80132479180624,5.951449356193782,-0.18418562871978447,28.48120339188927,0.10941151443150593,3.1161715959383485,3.1161715959383485,3.1161715959383485,0.0,0.0,0,0.01,0.01,0.16379884154156107,0.3059746056673765,56.80936076052897,0.01,0.09832585359955162,0.19497591680329573,5.622147157659283,0.01,0.09326973710991265,0.18260372028425523,5.456258699708315,0.01,0.11533342802602252,0.3885810896438051,7.359253873277395,0.01,0.11275345260633199,0.3056936206944325,4.851535985012166,0.01,0.07544309983019726,0.12911774850382157,10.727409887641846
4.0200000000000005,77.63145303229629,71.69390388089381,5.937549151402484,-0.19068124666839045,28.438858189171054,0.10931850516111309,3.108893465729059,3.108893465729059,3.108893465729059,0.0,0.0,0,0.01,0.01,0.16376428573533708,0.3059379123927969,56.68949621512921,0.01,0.0982902011630631,0.19493922352871623,5.611103772014889,0.01,0.09323412316954452,0.18256702700967573,5.445246437642236,0.01,0.11541403327795685,0.388664831583589,7.390516702751979,0.01,0.11283502777576526,0.3057773626342164,4.872394144277083,0.01,0.07547925068798005,0.12915435615657386,10.762884508618262
4.03,77.50638744548148,71.58274961792247,5.923637827559011,-0.19721735770510193,28.397254992622443,0.1092221594799729,3.101609513597665,3.101609513597665,3.101609513597665,0.0,0.0,0,0.01,0.01,0.16372853215559946,0.30589995100264633,56.56598356816025,0.01,0.09825330507868205,0.19490126213856565,5.599990565055618,0.01,0.09319726807412183,0.18252906561952514,5.434157433937243,0.01,0.11549752114604528,0.38875141862990814,7.421458556178317,0.01,0.1129194623931058,0.30586394968053554,4.893149034783702,0.01,0.07551663034690854,0.1291921901259525,10.79821108512568
4.04,77.377559552,71.46784239398605,5.909717158013954,-0.2037815876897801,28.356407623654263,0.10912244982284544,3.0943206680683644,3.0943206680683644,3.0943206680683644,0.0,0.0,0,0.01,0.01,0.16369157496886919,0.30586071557033984,56.43884397781233,0.01,0.0982151587912134,0.19486202670625907,5.5888273637990125,0.01,0.0931591653624402,0.18248983018721857,5.423010888239395,0.01,0.11558390634632992,0.3888408591467204,7.452014034021807,0.01,0.11300676873282463,0.30595339019734774,4.913762219442559,0.01,0.07555524153631851,0.12923125225697166,10.833320044790183
4.05,77.24495324074076,71.3491694768772,5.89578376386357,-0.21036229255217023,28.316303861529995,0.10901935418715684,3.0870251599512954,3.0870251599512954,3.0870251599512954,0.0,0.0,0,0.01,0.01,0.1636534106102232,0.30582020255416303,56.308105282924025,0.01,0.09817575813533495,0.19482151369008227,5.57763286476233,0.01,0.09311981095495052,0.18244931717104176,5.411824907369402,0.01,0.11567319730024092,0.38893315583673016,7.4821236825372575,0.01,0.11309695301223811,0.30604568688735756,4.9341988479404,0.01,0.0755950843555195,0.1292715418467326,10.868147877668385
4.0600000000000005,77.10855410725925,71.22672642175229,5.881827685506962,-0.21693024846079753,28.276898138089983,0.10891285739234362,3.079717774411621,3.079717774411621,3.079717774411621,0.0,0.0,0,0.01,0.01,0.16361403799566987,0.3057784112773068,56.173821268608066,0.01,0.0981351013918399,0.19477972241322614,5.566435178392998,0.01,0.0930792032228016,0.18240752589418563,5.400627419223055,0.01,0.11576419870794162,0.38902830466094485,7.523751591129879,0.01,0.11319001544653302,0.3061408357115722,4.954416680785917,0.01,0.07563615623709712,0.12931305517782293,10.902603606837895
4.07,76.968349436,71.10056294024542,5.867786495754575,-0.2233185339751778,28.237880170778293,0.10880299109097917,3.072365824649328,3.072365824649328,3.072365824649328,0.0,0.0,0,0.01,0.01,0.16357347091161709,0.30573535944267194,56.03628600461409,0.01,0.09809319861560874,0.19473667057859126,5.555422044722597,0.01,0.09303735270181267,0.18236447405955075,5.389605703600065,0.01,0.11585511477191046,0.3891262592635246,7.594615000294243,0.01,0.11328593574671644,0.30623879031415197,4.974161341424156,0.01,0.07567844273870866,0.12935577001585666,10.93607645982268
4.08,76.82432818251851,70.97079655413008,5.8535316283884455,-0.22953471274277915,28.198604624843952,0.10868984598088308,3.0649019935501065,3.0649019935501065,3.0649019935501065,0.0,0.0,0,0.01,0.01,0.16353172234076585,0.30569105557865667,55.89518333294481,0.01,0.09805006716969838,0.19469236671457593,5.5443671743371885,0.01,0.0929942765220074,0.18232017019553542,5.378523726581989,0.01,0.11594757830509048,0.38922692057315705,7.677495164813384,0.01,0.1133846401993706,0.3063394516237844,4.993183790760419,0.01,0.07572190312491023,0.12939964112912816,10.968210826703187
4.09,76.67648095570371,70.83749828267727,5.83898267302644,-0.235643396100655,28.15866631474067,0.10857347234289573,3.057284178336326,3.057284178336326,3.057284178336326,0.0,0.0,0,0.01,0.01,0.16348878613056322,0.30564549654322387,55.75076336226381,0.01,0.09800570080797086,0.19464680767914316,5.533351962528038,0.01,0.09294996814278211,0.18227461116010266,5.367477043918928,0.01,0.11604222783816921,0.38933022560826747,7.765408415118208,0.01,0.11348604981065855,0.3064427566588948,5.011636640668289,0.01,0.07576650243579419,0.1294446390276662,10.999430684735243
4.1,76.5248,70.70073162604112,5.82406837395888,-0.24164048579681455,28.117704190852184,0.1084539139080125,3.049475069605645,3.049475069605645,3.049475069605645,0.0,0.0,0,0.01,0.01,0.16344467879648306,0.3055987001825935,55.60312868473263,0.01,0.09796011363711123,0.19460001131851282,5.522464871321967,0.01,0.09290444215656786,0.1822278147994723,5.356546571430634,0.01,0.1161392574253031,0.3894361171562489,7.855852159768933,0.01,0.11359010129047946,0.3065486482068762,5.029576584974907,0.01,0.07581221314343964,0.12949073672732017,11.029775559446946
4.11,76.36927917762962,70.56055764419884,5.808721533430788,-0.24753682003534883,28.075375679663264,0.10833121228361467,3.0414394826958335,3.0414394826958335,3.0414394826958335,0.0,0.0,0,0.01,0.01,0.16339941663106713,0.3055506835142998,55.452338092651175,0.01,0.09791332276243898,0.1945519946502191,5.511697763140798,0.01,0.09285771566965818,0.1821797981311786,5.345723021986546,0.01,0.11623869956053179,0.389544539830069,7.947955723501377,0.01,0.1136967352794748,0.3066570708806964,5.047040156374115,0.01,0.07585900833135209,0.12953790803041293,11.05929899275526
4.12,76.20991395081481,70.41702880505593,5.792885145758872,-0.25335085600835827,28.031387765473553,0.1082054015619186,3.033147569500918,3.033147569500918,3.033147569500918,0.0,0.0,0,0.01,0.01,0.16335301331249935,0.3055014606178589,55.29842994781519,0.01,0.09786534308424062,0.19450277175377817,5.501025262569043,0.01,0.09280980348058274,0.18213057523473766,5.334981589246731,0.01,0.11634053166103503,0.38965544482026415,8.041468326756647,0.01,0.11380589746537563,0.3067679758708915,5.064079133486483,0.01,0.07590686342243436,0.1295861295917348,11.088095175130757
4.13,76.046701364,70.27018575395948,5.776515610040523,-0.25910513109655975,27.985513485294582,0.10807650544739829,3.024576500641678,3.024576500641678,3.024576500641678,0.0,0.0,0,0.01,0.01,0.1633054787706812,0.3054510415135123,55.14142452618154,0.01,0.09781618581943133,0.19445235264943161,5.490414301487809,0.01,0.09276071667555617,0.18208015613039108,5.324290220087761,0.01,0.11644471697767461,0.38976879236215395,8.136375183084967,0.01,0.11391754140802603,0.3068813234127813,5.080757120873239,0.01,0.07595575750381264,0.12963538198388633,11.116278711139877
4.14,75.87964002607407,70.12005562883911,5.759584397234964,-0.26482415217035216,27.937600716480596,0.10794453571556355,3.0157113383472933,3.0157113383472933,3.0157113383472933,0.0,0.0,0,0.01,0.01,0.16325681857827967,0.3053994315633032,54.98132560045075,0.01,0.09776585776022391,0.19440074269922247,5.479827994920883,0.01,0.0927104619077007,0.18202854618018194,5.313613237571296,0.01,0.11655122034326909,0.38988455299293123,8.232752181882686,0.01,0.11403163046068188,0.30699708404355863,5.097143091562743,0.01,0.07600567402251839,0.12968565023233805,11.143972041525478
4.15,75.70873009259259,69.9666513994504,5.742078693142197,-0.2705328335605261,27.887575849995386,0.10780949155603398,3.0065453731183345,3.0065453731183345,3.0065453731183345,0.0,0.0,0,0.01,0.01,0.16320703368136033,0.30534663121897554,54.818122174886085,0.01,0.09771436092482427,0.19434794235489486,5.469228218956713,0.01,0.092659041059219,0.18197574583585435,5.302913804103516,0.01,0.11666001417304202,0.39000270800796255,8.330710045230973,0.01,0.11414813873795773,0.30711523905858995,5.113306376895245,0.01,0.07605660107584393,0.12973692399989314,11.171297106191329
4.16,75.533973248,69.8099720204434,5.724001227556595,-0.2762551812197615,27.835443378477578,0.10767135962307471,2.997080034271793,2.997080034271793,2.997080034271793,0.0,0.0,0,0.01,0.01,0.16315612039696284,0.30529263604706525,54.65179065945852,0.01,0.0976616925002521,0.19429394718298457,5.458577687850913,0.01,0.09260645119256629,0.18192175066394406,5.292155919876492,0.01,0.1167710805408607,0.3901232492835248,8.430371483356678,0.01,0.11426705132253887,0.3072357803341522,5.129312876050641,0.01,0.07610853139997097,0.12978919749453421,11.198368944815211
4.17,75.35537268785185,69.65000328721835,5.705369400633504,-0.2820131410409791,27.78128192982836,0.10753011470288763,2.987324432507703,2.987324432507703,2.987324432507703,0.0,0.0,0,0.01,0.01,0.16310407064175725,0.3052374369952968,54.48229750946932,0.01,0.09760784503335157,0.19423874813121608,5.447841749598878,0.01,0.09255268474808971,0.18186655161217558,5.28130615481681,0.01,0.11688441150760939,0.3902461785560446,8.531860415527039,0.01,0.11438836384561736,0.30735870960667194,5.145222055991153,0.01,0.07616146210718111,0.129842469140947,11.225290458956344
4.18,75.17293310103705,69.48671930388426,5.686213797152791,-0.2878256076751076,27.725237176353332,0.10738572092428011,2.977294581979355,2.977294581979355,2.977294581979355,0.0,0.0,0,0.01,0.01,0.16305087236412857,0.30518102087120813,54.309602247053384,0.01,0.09755280683990462,0.19418233200712742,5.436989937866845,0.01,0.09249772995839885,0.18181013548808692,5.270335146349351,0.01,0.11700000852336115,0.39037150623192474,8.635295723858654,0.01,0.11451208153426926,0.30748403728255214,5.161084560573881,0.01,0.07621539420724564,0.12989674104899324,11.252148159799189
4.19,74.98666065199998,69.32008446652117,5.666576185478818,-0.29370761343447455,27.6675120832364,0.10723813343335939,2.9670123525511882,2.9670123525511882,2.9670123525511882,0.0,0.0,0,0.01,0.01,0.16299651015041877,0.3051233710016211,54.13366073506743,0.01,0.09749656260179337,0.1941246821375404,5.4259972600648165,0.01,0.09244157144944352,0.18175248561849988,5.259218841949925,0.01,0.11711788123929669,0.39049924980645145,8.740786943604904,0.01,0.11463821780845745,0.3076117808570788,5.176940392277501,0.01,0.0762703319479337,0.1299520183142211,11.27900891898364
4.2,74.79656296296295,69.15005585255534,5.64650711040761,-0.29966971905728934,27.60835502655776,0.10708730044120753,2.956504209416513,2.956504209416513,2.956504209416513,0.0,0.0,0,0.01,0.01,0.16294096597187033,0.30506446803704856,53.954428555941455,0.01,0.0974390941181886,0.19406577917296783,5.414845189352877,0.01,0.0923841909942284,0.18169358265392732,5.247939454928301,0.01,0.11723804590042167,0.3906294319793773,8.848431058217232,0.01,0.1147667925144137,0.3077419630300047,5.192817678931112,0.01,0.07632628201292159,0.13000830818933187,11.305917778129205
4.21,74.60264909614816,68.97658589605727,5.626063200090894,-0.3057176223469752,27.54804637132763,0.10693316554281201,2.9457998030062393,2.9457998030062393,2.9457998030062393,0.0,0.0,0,0.01,0.01,0.16288422003482897,0.30500429086100866,53.77186434572805,0.01,0.09738038117248213,0.19400560199692793,5.403522333840302,0.01,0.09232556838084946,0.18163340547788742,5.2364861075850735,0.01,0.11736052343929251,0.3907620785626629,8.958310168620667,0.01,0.11489782988887205,0.3078746096132903,5.208732039470763,0.01,0.07638325261891135,0.130065619168777,11.332896851571457
4.22,74.404929536,68.79962522203161,5.605304313968393,-0.3118519920774852,27.48688413939181,0.10677567019841386,2.934930475649713,2.934930475649713,2.934930475649713,0.0,0.0,0,0.01,0.01,0.16282625169404305,0.30494281756150665,53.58593293986038,0.01,0.09732040247354498,0.19394412869742594,5.392024768427246,0.01,0.09226568235344661,0.18157193217838544,5.22485514785247,0.01,0.11748533737789683,0.3908972162803298,9.07048998825383,0.01,0.11503135635495879,0.3080097473309572,5.22468654466807,0.01,0.07644125255604792,0.130123960030405,11.3599453149248
4.23,74.20341617140741,68.61912551122792,5.584290660179504,-0.3180685251779914,27.425169410564322,0.10661475626577868,2.9239277522550045,2.9239277522550045,2.9239277522550045,0.0,0.0,0,0.01,0.01,0.162767040387801,0.304880026420981,53.3966082010376,0.01,0.0972591366283908,0.1938813375569003,5.3803560290679835,0.01,0.09220451158321974,0.18150914103785978,5.213050139418534,0.01,0.11761251164202101,0.3910348705607439,9.185019149676167,0.01,0.11516739825345837,0.3081474016113712,5.240672243763608,0.01,0.07650029021627006,0.1301833388780142,11.387040424201038
4.24,73.99812227792592,68.43504227078014,5.563080007145778,-0.32435821607677406,27.363192087138444,0.10645036847386027,2.9128218802969053,2.9128218802969053,2.9128218802969053,0.0,0.0,0,0.01,0.01,0.16270656655426766,0.30481589688185906,53.203875418229124,0.01,0.09719656310359881,0.19381720801777838,5.3685267835909425,0.01,0.09214203562698377,0.18144501149873787,5.2010815392552106,0.01,0.11774206839018492,0.3911750634178589,9.301929292690971,0.01,0.11530597961197142,0.3082875944684863,5.256669202423798,0.01,0.07656037265293038,0.13024376222679043,11.414139464476351
4.25,73.7890625,68.247337394764,5.541725105235993,-0.33070781875733435,27.301217613429554,0.10628245673469866,2.9016404798039197,2.9016404798039197,2.9016404798039197,0.0,0.0,0,0.01,0.01,0.16264481249064064,0.3047504104474441,53.007733188675815,0.01,0.09713266313485944,0.1937517215833634,5.356554206655972,0.01,0.09207823583279373,0.1813795250643229,5.188966089452491,0.01,0.11787402595428502,0.39131781151028633,9.42123587417047,0.01,0.11544712004907347,0.3084303425609137,5.272647974768198,0.01,0.07662150471194774,0.1303052341700457,11.441182487879496
4.26,73.57625283318518,68.05598141197734,5.520271421207844,-0.33710047491799516,27.23947518085055,0.10611097820073549,2.890407357114708,2.890407357114708,2.890407357114708,0.0,0.0,0,0.01,0.01,0.16258176312048983,0.3046835514819727,52.80819472006631,0.01,0.09706742054760407,0.19368486261789197,5.344461097889682,0.01,0.09201309615580923,0.18131266609885147,5.17672596131022,0.01,0.11800839698059215,0.39146312445600073,9.542939610018518,0.01,0.11559083290122614,0.30857565550662813,5.288571414780548,0.01,0.07668368827009459,0.13036775566064696,11.468095670634986
4.2700000000000005,73.35971060637036,67.86095533515828,5.498755271212083,-0.34351647586640205,27.178147868790155,0.10593589898845099,2.8791415273213383,2.8791415273213383,2.8791415273213383,0.0,0.0,0,0.01,0.01,0.16251740663966086,0.30461530787912383,52.60528851697653,0.01,0.09700082245665949,0.1936166190150431,5.332274791575724,0.01,0.09194660385257371,0.1812444224960026,5.164387698626432,0.01,0.11814518684774723,0.39161100346664873,9.667028436136334,0.01,0.11573712364736516,0.3087235345172761,5.304396721330688,0.01,0.07674692161002565,0.13043132393430926,11.494795100191004
4.28,73.139454464,67.66225204561866,5.47720241838134,-0.34993412156420217,27.117365076266164,0.1057571955056406,2.8678564799685113,2.8678564799685113,2.8678564799685113,0.0,0.0,0,0.01,0.01,0.16245173501714996,0.3045456715747358,52.399058442525074,0.01,0.09693285981896904,0.19354698271065504,5.32002591283429,0.01,0.09187875002800312,0.18117478619161453,5.151981013406392,0.01,0.11828439242338214,0.39176144034948934,9.793479860220838,0.01,0.11588598869044352,0.3088739714001167,5.320077606947376,0.01,0.0768111989546292,0.1304959320948293,11.521190795949323
4.29,72.9155043482963,67.45987716897649,5.455627179319802,-0.35633063763488476,27.057197493353147,0.1055748553380072,2.8565597112126495,2.8565597112126495,2.8565597112126495,0.0,0.0,0,0.01,0.01,0.16238474433412833,0.3044746388867171,52.189563172698314,0.01,0.09686352782036195,0.1934759500226364,5.307747039234089,0.01,0.09180953001632255,0.18110375350359592,5.1395374910562674,0.01,0.11842600120368058,0.3919144169076963,9.922263570524377,0.01,0.11603741453751268,0.30902694795832364,5.335566482986085,0.01,0.07687651017556289,0.13056156887368492,11.547190770523326
4.3,72.68788148148148,67.25384942040067,5.434032061080817,-0.3626831101657915,26.997654749161796,0.10538887767027813,2.845252533743816,2.845252533743816,2.845252533743816,0.0,0.0,0,0.01,0.01,0.1623164349515119,0.30440221067280704,51.97687508522592,0.01,0.09679282608483027,0.19340352180872633,5.295471327984845,0.01,0.09173894358466224,0.18103132528968582,5.127089263217862,0.01,0.11856999086145222,0.39206990475183,10.053344170355501,0.01,0.116191377401032,0.30918243580245736,5.350816562166988,0.01,0.07694284068277571,0.130628218568554,11.572704951490243
4.3100000000000005,72.45660834799999,67.04420042061378,5.4124079273862185,-0.36896939873156215,26.938685759110495,0.10519927323698533,2.8339301638179504,2.8339301638179504,2.8339301638179504,0.0,0.0,0,0.01,0.01,0.16224681150385012,0.3043283923046466,51.761078647032136,0.01,0.09672075870248281,0.19332970344056585,5.283231167600145,0.01,0.09166699495571828,0.18095750692152535,5.114667705157175,0.01,0.11871632920904837,0.392227865517484,10.186683916684519,0.01,0.11634784322488417,0.30934039656811135,5.3657837921711184,0.01,0.07701017149376724,0.13069586115753365,11.597648803877254
4.32,72.22170867674073,66.83097400595898,5.390734670781765,-0.375168990157167,26.880181682641304,0.10500606381761919,2.822582073196631,2.822582073196631,2.822582073196631,0.0,0.0,0,0.01,0.01,0.1621758827245679,0.3042531934642725,51.542268382904794,0.01,0.0966473340799895,0.1932545046001918,5.2710569093585,0.01,0.09159369265350246,0.1808823080811513,5.102302211110918,0.01,0.11886497456362088,0.3923882514671131,10.322245355572734,0.01,0.11650676811989756,0.3095007825177405,5.380428549709915,0.01,0.07707847947362816,0.13076447257847615,11.621946519356493
4.33,71.98320742325926,66.61422507630363,5.368982346955634,-0.38126375900368487,26.82198129741153,0.10480928130936198,2.8111925830748508,2.8111925830748508,2.8111925830748508,0.0,0.0,0,0.01,0.01,0.16210366111445587,0.30417662777635096,51.32054652335203,0.01,0.09657256462461677,0.19317793891227025,5.2589757283811345,0.01,0.09151904918346061,0.18080574239322975,5.090019095669154,0.01,0.11901587648468907,0.39255100643850416,10.459993764009177,0.01,0.11666809917634183,0.3096635374891315,5.39471704158875,0.01,0.0771477377298547,0.13083402515618076,11.645533666922994
4.34,71.741130752,66.39401804268147,5.34711270931853,-0.38723860544772637,26.763878501080175,0.10460896642735427,2.799741667585285,2.799741667585285,2.799741667585285,0.0,0.0,0,0.01,0.01,0.16203016247153168,0.3040987122959741,51.09602044003492,0.01,0.09649646627962011,0.19310002343189342,5.247010657006832,0.01,0.09144308056486684,0.18072782691285294,5.077840662290015,0.01,0.11916897683848161,0.39271606708882295,10.599899325429028,0.01,0.11683177560556339,0.3098285981394503,5.40862237659518,0.01,0.07721791613980099,0.1309044881544354,11.668359229809877
4.3500000000000005,71.49550601851851,66.1704249517228,5.3250810667957085,-0.39308194694966375,26.705631570414454,0.1044051670968456,2.788205926535916,2.788205926535916,2.788205926535916,0.0,0.0,0,0.01,0.01,0.1619554053057523,0.3040194668774111,50.868799983704456,0.01,0.09641905793455684,0.1930207780133304,5.235179824651513,0.01,0.09136580573915504,0.1806485814942899,5.065784471868115,0.01,0.11932421113068462,0.39288336437214894,10.741938983033313,0.01,0.1169977301502548,0.3099958954227763,5.422125288486694,0.01,0.07728898198365339,0.13097582842529495,11.690386983103382
4.36,71.24636175170369,65.94352337555463,5.302838376149052,-0.3987860466510971,26.646973742452953,0.10419793661310983,2.7765596809473148,2.7765596809473148,2.7765596809473148,0.0,0.0,0,0.01,0.01,0.16187941016635785,0.3039389134536356,50.638994840637906,0.01,0.09634036073880434,0.1929402245895549,5.223495929007465,0.01,0.09128724588252735,0.1805680280705144,5.053862835191156,0.01,0.11948151003949888,0.39305282518026713,10.886097930428528,0.01,0.11716589069324067,0.3101653562308945,5.4352145052920555,0.01,0.0773609006521507,0.13104801112466966,11.711596194582789
4.37,70.993727636,65.71339416357263,5.280333472427375,-0.40434716856142017,26.587624636171995,0.10398733165324811,2.7647761409136873,2.7647761409136873,2.7647761409136873,0.0,0.0,0,0.01,0.01,0.16180219891271538,0.3038570752595907,50.40671202060981,0.01,0.09626039735004141,0.19285838639551,5.211965953483638,0.01,0.09120742365460624,0.1804861898764695,5.042082543504577,0.01,0.11964080107457643,0.39322437407150257,11.032370712641436,0.01,0.11733618198840762,0.31033690512212997,5.447886773327621,0.01,0.07743363639604497,0.13112100046138556,11.731981657484573
4.38,70.73763449362963,65.48011915604145,5.25751533758817,-0.40976555701445433,26.52730200718015,0.10377341022865175,2.7528285934504426,2.7528285934504426,2.7528285934504426,0.0,0.0,0,0.01,0.01,0.16172379396129616,0.30377397603387324,50.17205358106702,0.01,0.09617919115155353,0.19277528716979253,5.200591135490141,0.01,0.09112636241695513,0.18040309065075202,5.030444841463233,0.01,0.1198020102845842,0.3933979350106892,11.180761922554453,0.01,0.11750852743464822,0.31051046606131655,5.4601465556231,0.01,0.07750715308355131,0.13119476044641568,11.751553087472624
4.39,70.47811426681483,65.24377895878263,5.234335308032201,-0.41504524530743975,26.46573332332208,0.10355622966779682,2.740691558356605,2.740691558356605,2.740691558356605,0.0,0.0,0,0.01,0.01,0.16164421754179845,0.3036896392337802,49.93511468021033,0.01,0.09609676547287897,0.19269095036969947,5.189367180119827,0.01,0.09104408545590753,0.18031875385065896,5.018945636998975,0.01,0.11996506393678939,0.3935734330449766,11.331286488584299,0.01,0.1176828508144164,0.310685964095604,5.472005434021461,0.01,0.07758141493276238,0.1312692556099521,11.770333936810266
4.4,70.2152,65.00445087333603,5.210749126663965,-0.42019370557519914,26.402666665814056,0.10333584471616236,2.7283418626711575,2.7283418626711575,2.7283418626711575,0.0,0.0,0,0.01,0.01,0.16156349099442,0.3036040872974421,49.69598203531961,0.01,0.09601314284751038,0.19260539843336139,5.1782847039863,0.01,0.09096061524330337,0.18023320191432085,5.007575933199788,0.01,0.12012989009600329,0.3937507958449745,11.483969559702548,0.01,0.11785907792255683,0.3108633268956019,5.483481252244914,0.01,0.07765638718813142,0.13134445165633382,11.78835969717011
4.41,69.94892582207407,64.76220706818941,5.186718753884658,-0.4252213585051404,26.337880497898162,0.103112305833549,2.715759588906741,2.715759588906741,2.715759588906741,0.0,0.0,0,0.01,0.01,0.16148163413793412,0.303517340984141,49.454732843511636,0.01,0.09592834433914788,0.1925186521200603,5.167329884945193,0.01,0.09087597276648016,0.18014645560101977,4.9963224585881,0.01,0.12029642003714633,0.39392995504845,11.638846004047847,0.01,0.11803713801819048,0.31104248609907736,5.494597043917876,0.01,0.07773203671352989,0.1314203160304241,11.805675777743247
4.42,69.67932692859259,64.51711306437036,5.162213864222234,-0.4301409671843661,26.27119189935323,0.10288565775920763,2.7029288586833244,2.7029288586833244,2.7029288586833244,0.0,0.0,0,0.01,0.01,0.16139866473463985,0.3034294188199884,49.21143420071032,0.01,0.09584238896446727,0.1924307299559077,5.156485285523556,0.01,0.09079017695530765,0.1800585334368672,4.9851684645353735,0.01,0.12046458943520869,0.3941108473540552,11.795959547737182,0.01,0.11821696504222065,0.3112233784046826,5.505379794907929,0.01,0.07780833247888373,0.1314968183736757,11.82233505802239
4.43,69.40643956400001,64.26922659346141,5.137212970538607,-0.4349669439427702,26.202462938065942,0.1026559384024171,2.6898384213617144,2.6898384213617144,2.6898384213617144,0.0,0.0,0,0.01,0.01,0.161314598073605,0.303340336671097,48.96614303146383,0.01,0.09575529323568428,0.1923416478070163,5.145730811172839,0.01,0.09070324422935243,0.17996945128797578,4.974094652144048,0.01,0.12063433928798371,0.3942934153248827,11.955361591031027,0.01,0.11839849855497674,0.3114059463755101,5.5158590935340515,0.01,0.07788524592276504,0.13157393085360247,11.838395223885042
4.44,69.13030100385184,64.01859686861951,5.111704135232333,-0.43971460231649356,26.131604936025585,0.10242317810103412,2.6764820264284106,2.6764820264284106,2.6764820264284106,0.0,0.0,0,0.01,0.01,0.16122944668810024,0.3032501074604467,48.71890651950205,0.01,0.0956670708405696,0.19225141859636602,5.135044759471538,0.01,0.09061518818262178,0.17987922207732554,4.96308018611749,0.01,0.12080561654009661,0.39447760787544606,12.117109749467984,0.01,0.11858168436207724,0.31159013892607346,5.526065724962622,0.01,0.0779627511793085,0.1316516283564357,11.853916001647715
4.45,68.85094953703702,63.76526429025375,5.085685246783283,-0.44439938806550194,26.05858048270744,0.10218739927376863,2.6628585682940598,2.6628585682940598,2.6628585682940598,0.0,0.0,0,0.01,0.01,0.16114322021699443,0.3031587410380869,48.469763006190135,0.01,0.09557773247125699,0.19216005217400617,5.12440491321941,0.01,0.09052601941702157,0.17978785565496566,4.952103750096978,0.01,0.1209783743909445,0.39466338043033633,12.281266177391899,0.01,0.11876647481115242,0.31177591148096373,5.536030267289821,0.01,0.07804082516416222,0.13172988853910433,11.868956406683006
4.46,68.568424448,63.50926058848812,5.05916385951189,-0.4490361234659951,25.983403149570954,0.1019486164742562,2.6489720023915897,2.6489720023915897,2.6489720023915897,0.0,0.0,0,0.01,0.01,0.1610559254134032,0.30306624420742434,48.21874330384541,0.01,0.09548728580646862,0.19206755534334363,5.113789629118015,0.01,0.09043574552895,0.17969535882430313,4.941144596838897,0.01,0.12115257228359722,0.39485069475763857,12.44789573976072,0.01,0.118952828756987,0.3119632258082659,5.545781746174501,0.01,0.07811944752058245,0.131808691743049,11.883572121069694
4.47,68.28276599896297,63.25060938528368,5.032156613679292,-0.45363829786564913,25.906134960805907,0.10170683683720733,2.634831041541359,2.634831041541359,2.634831041541359,0.0,0.0,0,0.01,0.01,0.16096756629736497,0.3029726209034397,47.96587235300155,0.01,0.09539573564496037,0.19197393203935895,5.103178874692084,0.01,0.09034437124664367,0.17960173552031844,4.930183547506589,0.01,0.12132817558586924,0.3950395184945509,12.617064104380411,0.01,0.11914071120728191,0.3121520495451783,5.5553464021330425,0.01,0.0781986004329639,0.13188802077847467,11.897813107828041
4.48,67.99401541214814,62.98932714096423,5.0046882711839205,-0.45821743481263233,25.826881772972566,0.10146206088980231,2.620448651043068,2.620448651043068,2.620448651043068,0.0,0.0,0,0.01,0.01,0.16087814444303192,0.30287787251204495,47.711171138479656,0.01,0.09530308418136707,0.19187918364796425,5.092555168977034,0.01,0.09025189870929134,0.1795069871289237,4.919203897261146,0.01,0.12150515498807789,0.39522982439589605,12.788835830197176,0.01,0.11933009267497958,0.31234235544652345,5.564746619693019,0.01,0.07827826832079338,0.13196786059320312,11.911721558047939
4.49,67.70221485200001,62.725424433668636,4.9767904183313725,-0.46278256209245383,25.74578680551073,0.10121428368582186,2.6058413694476523,2.6058413694476523,2.6058413694476523,0.0,0.0,0,0.01,0.01,0.16078765938509712,0.30278199831375285,47.45465876936241,0.01,0.09520933140949628,0.19178330944967212,5.081904387460636,0.01,0.09015832787283005,0.1794111129306316,4.908192189120832,0.01,0.12168348565391211,0.39542158934778204,12.963272527195263,0.01,0.11952094827538581,0.3125341203984094,5.574000060339796,0.01,0.07835843743098796,0.1320481978450638,11.925330251447571
4.5,67.40740740740742,62.45890750662741,4.948499900780009,-0.4673398059350182,25.663022641358268,0.10096349620644611,2.591028489096716,2.591028489096716,2.591028489096716,0.0,0.0,0,0.01,0.01,0.16069610912417728,0.3026849960296196,47.19635462246015,0.01,0.0951144756327427,0.19168630716553894,5.07121639843817,0.01,0.09006365702199674,0.17931411064649844,4.897138824556855,0.01,0.1218631461708666,0.3956147931980836,13.140431159886644,0.01,0.11971325661665227,0.31272732424871097,5.583119031965481,0.01,0.07843909535062463,0.13212902040056587,11.938661391354357
4.51,67.10963707392594,62.189780007684966,4.919857066240973,-0.47189212473969444,25.578782078885,0.10070968696077588,2.5760311360024124,2.5760311360024124,2.5760311360024124,0.0,0.0,0,0.01,0.01,0.16060349070684324,0.3025868624432748,46.936280448243096,0.01,0.09501851405690268,0.1915881735791941,5.060485505953912,0.01,0.08996788336385612,0.1792159770601536,4.886038487087982,0.01,0.12204411735445835,0.3958094174622928,13.32036255900227,0.01,0.11990699854015292,0.3129219485129202,5.592110116477249,0.01,0.07852023046503229,0.13221031678527917,11.951725952650152
4.5200000000000005,66.80894873599999,61.91804483856195,4.890903897438041,-0.4764391911950495,25.49326826053116,0.10045284371138334,2.560871292267506,2.560871292267506,2.560871292267506,0.0,0.0,0,0.01,0.01,0.1605098008531018,0.3024875940699269,46.674462342266125,0.01,0.09492144343743628,0.19148890520584622,5.049710683728007,0.01,0.08987100367483508,0.1791167086868057,4.874890364025207,0.01,0.12222638096563467,0.39600544396739495,13.50311019557444,0.01,0.12010215577259381,0.3131179750180223,5.600974065090389,0.01,0.07860183138799018,0.13229207561282563,11.96452355694942
4.53,66.50538814918517,61.64370602820828,4.861682120976888,-0.48097742494471446,25.406684528319296,0.10019295524586237,2.5455708058916393,2.5455708058916393,2.5455708058916393,0.0,0.0,0,0.01,0.01,0.16041503660248901,0.3023871878416416,46.41093249349915,0.01,0.09482326075127807,0.19138849897756088,5.038895594051481,0.01,0.08977301497139055,0.17901630245852038,4.86369816081502,0.01,0.12240991840321991,0.39620285349763407,13.688709258510617,0.01,0.12029870955414963,0.31331538454826147,5.609705958148439,0.01,0.07868388639130917,0.1323742850196089,11.977042864535832
4.54,66.19900192237037,61.36677054529058,4.832231377079792,-0.48550017127689116,25.31922446108457,0.09993001311455965,2.5301504324466606,2.5301504324466606,2.5301504324466606,0.0,0.0,0,0.01,0.01,0.1603191959495874,0.3022856417779754,46.145730633172896,0.01,0.09472396386269974,0.1912869529138947,5.028048395579525,0.01,0.08967391517388001,0.1789147563948542,4.852469912006402,0.01,0.12259470943286496,0.39640162450436955,13.877186062171663,0.01,0.12049663930646796,0.31351415555499695,5.618295613927593,0.01,0.07876638286036908,0.1324569321314152,11.989262448897538
4.55,65.8898375,61.08724996927711,4.802587530722895,-0.4899980149837993,25.23106253303168,0.09966401325739238,2.5146289507901654,2.5146289507901654,2.5146289507901654,0.0,0.0,0,0.01,0.01,0.16022227844072162,0.3021829556121936,45.87890512293001,0.01,0.09462355215348205,0.1911842667481129,5.017181353220405,0.01,0.08957370373399584,0.17881207022907242,4.841217601779214,0.01,0.12278073101082296,0.3966017319378287,14.068557795165246,0.01,0.1206959214010869,0.31371426298845606,5.626728219577152,0.01,0.07884930680030396,0.13254000258587398,12.001152098183129
4.5600000000000005,65.57794314429628,60.805161947453435,4.77278119684285,-0.49445921281543886,25.14234579912913,0.0993949574487222,2.4990223908654996,2.4990223908654996,2.4990223908654996,0.0,0.0,0,0.01,0.01,0.16012428570574816,0.3020791313457385,45.6105136391813,0.01,0.0945220270897021,0.1910804424816578,5.00631027205623,0.01,0.08947238219820455,0.17870824596261728,4.829956615421645,0.01,0.12296795625515883,0.39680314625169655,14.262832606643679,0.01,0.12089652808287375,0.31391567730232395,5.634985147685947,0.01,0.07893264241458438,0.13262348013160447,12.012674469891572
4.57,65.26336791748147,60.52053137610854,4.742836541372927,-0.4988702230704689,25.05318696171638,0.09912285449833257,2.4833434059257353,2.4833434059257353,2.4833434059257353,0.0,0.0,0,0.01,0.01,0.16002522190213161,0.3019741737072057,45.340623429250584,0.01,0.09441939270067742,0.190975484843125,4.995453784501266,0.01,0.08936995468289352,0.17860328832408448,4.8187050500411885,0.01,0.12315635360901497,0.3970058326225132,14.460010012652987,0.01,0.12109842659481973,0.31411836367314055,5.643044914607245,0.01,0.07901637177389026,0.1327073463208572,12.02378701159472
4.58,64.94616166399999,60.23339125753635,4.71277040646364,-0.503216307013145,24.96365910702894,0.09884772115821212,2.4676008145002593,2.4676008145002593,2.4676008145002593,0.0,0.0,0,0.01,0.01,0.15992509405271763,0.3018680904966669,45.069311135251624,0.01,0.09431565594986667,0.1908694016325862,4.984632525829655,0.01,0.0892664282412031,0.1784972051135457,4.807482918528655,0.01,0.12334588623070598,0.39720975041522444,14.66008159313952,0.01,0.1213015785403362,0.31432228146585184,5.6508842319168435,0.01,0.0791004745886047,0.13279158030779187,12.034444051596978
4.59,64.62637499274076,59.94378319977575,4.682591792965008,-0.5074821741193861,24.873792323150948,0.09856958269853937,2.451799329423121,2.451799329423121,2.451799329423121,0.0,0.0,0,0.01,0.01,0.15982391226358825,0.3017608928015257,44.796662200803354,0.01,0.09421082698261293,0.19076220393744497,4.973868237273054,0.01,0.08916181310661739,0.17839000741840447,4.796311284624076,0.01,0.1235365116341891,0.39741485291444856,14.863031940491668,0.01,0.12150593950758624,0.31452738396507596,5.658479100260555,0.01,0.07918492809319982,0.13287615875943645,12.044598959948225
4.6000000000000005,64.30405925925925,59.65175754246443,4.65230171679482,-0.5116526417252496,24.78357232563405,0.09828847313137742,2.4359394826276315,2.4359394826276315,2.4359394826276315,0.0,0.0,0,0.01,0.01,0.15972168981388446,0.3016525950759745,44.52276989433437,0.01,0.0941049192412943,0.19065390621189374,4.963182838119413,0.01,0.08905612280406637,0.17828170969285323,4.785211369057907,0.01,0.12372818159140708,0.39762108732863594,15.068839813057775,0.01,0.12171145896791409,0.3147336183792633,5.665805895398578,0.01,0.07926970704548161,0.13296105588108761,12.054206281236688
4.61,63.97926654799999,59.35737310908166,4.621893438918336,-0.5157132795145047,24.69294112736281,0.09800443507645897,2.420017745563452,2.420017745563452,2.420017745563452,0.0,0.0,0,0.01,0.01,0.15961844311526474,0.30154321508227433,44.247733999235344,0.01,0.09399794944446635,0.19054452621819362,4.952597508649733,0.01,0.08894937412530438,0.17817232969915311,4.7742036670369705,0.01,0.12392084229569811,0.3978283950618674,15.27747944197229,0.01,0.12191808044768443,0.31494092611249475,5.67284239914846,0.01,0.07935478383834893,0.13304624355267758,12.06322374644143
4.62,63.65204965451852,59.060696602464176,4.5913530520543455,-0.5196510104229507,24.601799699006218,0.09771751927938335,2.404026836395168,2.404026836395168,2.404026836395168,0.0,0.0,0,0.01,0.01,0.15951419154448243,0.3014327736982342,43.97165923522245,0.01,0.09388993743267868,0.19043408483415347,4.942131824193551,0.01,0.08884158697141058,0.17806188831511296,4.7633071158494875,0.01,0.12411443477349329,0.39803671223609915,15.488921936514721,0.01,0.12212574196041015,0.31514924328672655,5.679568732761926,0.01,0.07944012871665021,0.1331316915676814,12.07161408052515
4.63,63.32246206770371,58.76180167608605,4.560660391617663,-0.5234546418905266,24.51001247939382,0.09742778380787366,2.3879561969706664,2.3879561969706664,2.3879561969706664,0.0,0.0,0,0.01,0.01,0.1594089571581633,0.3013212946011646,43.69465348606455,0.01,0.09378090588955612,0.19032260573708387,4.931802977504407,0.01,0.0887327840711448,0.1779504092180434,4.752538348285711,0.01,0.12430889552042607,0.3982459704357508,15.70313673199791,0.01,0.12233437667449039,0.3153585014863781,5.685968156652156,0.01,0.07952571008711208,0.13321736796168562,12.079346534896834
4.64,62.99055795200002,58.46076772753422,4.529790224465796,-0.5271153048448795,24.41741351500971,0.09713529296579516,2.3717926152474345,2.3717926152474345,2.3717926152474345,0.0,0.0,0,0.01,0.01,0.15930276430399873,0.301208803843964,43.416825916457924,0.01,0.09367087995220189,0.19021011497988324,4.921625121913638,0.01,0.08862299058932789,0.17783791846084274,4.741911063014198,0.01,0.12450415732824766,0.3984560976370972,15.920093024473747,0.01,0.12254391378171307,0.31556862868772456,5.69202770779602,0.01,0.0796114949053667,0.13330323941397354,12.086398088577655
4.65,62.6563921296296,58.15767847230321,4.498713657326394,-0.5306267821956173,24.323813937885145,0.09684011597682232,2.355520962743445,2.355520962743445,2.355520962743445,0.0,0.0,0,0.01,0.01,0.15919563914703133,0.3010953293436365,43.13828506436263,0.01,0.09355988672976756,0.19009664047955577,4.911608861871808,0.01,0.08851223364417228,0.17772444396051523,4.7314355373716825,0.01,0.12470015026100069,0.398667019277366,16.139761138240438,0.01,0.12275427952333146,0.3157795503279933,5.697738654141499,0.01,0.07969744912098423,0.13338927170255976,12.092754278020806
4.66,62.32002006281482,57.85262036499031,4.467399697824508,-0.5339857137624033,24.22901043442263,0.0965423254994303,2.3391250118891227,2.3391250118891227,2.3391250118891227,0.0,0.0,0,0.01,0.01,0.1590876091332999,0.300980900306242,42.85913699486623,0.01,0.09344795475294192,0.18998221144216135,4.901760910537893,0.01,0.08840054175635871,0.17761001492312084,4.721118301269242,0.01,0.12489680273306027,0.3988786594130584,16.362113775179754,0.01,0.12296539832434038,0.31599119046368573,5.703096753665836,0.01,0.07978353815924508,0.13347543019113853,12.098409632289764
4.67,61.98149783600001,57.545680940832604,4.435816895167407,-0.5371916702260121,24.132794316500995,0.09624199604186794,2.3225882950879018,2.3225882950879018,2.3225882950879018,0.0,0.0,0,0.01,0.01,0.15897870241567974,0.30086554661488224,42.57948359767125,0.01,0.09333511337996588,0.18986685775080153,4.892083926571189,0.01,0.08828794425547304,0.17749466123176103,4.7109619837370325,0.01,0.12509404263812982,0.39909094191400585,16.58712709912451,0.01,0.12317719398278895,0.3162034729646332,5.708102313877423,0.01,0.07986972741724113,0.13356168032546958,12.103367707251289
4.68,61.64088213807407,57.23694715306267,4.4039349850114,-0.5402470946311431,24.034960782381628,0.09593920234963622,2.305894965966482,2.305894965966482,2.305894965966482,0.0,0.0,0,0.01,0.01,0.1588689472681981,0.3007492982087196,42.29942110239881,0.01,0.09322139218646884,0.1897506093446389,4.882576534282999,0.01,0.08817447067106883,0.17737841282559838,4.700965335880131,0.01,0.12529179847717162,0.39930379163914514,16.81478161412331,0.01,0.12338959085968315,0.3164163226897725,5.712760055504527,0.01,0.07995598275180343,0.1336479881168301,12.107640728767485
4.69,61.29823024459258,56.926503780687725,4.371726463904861,-0.5431571159205102,23.935317949463368,0.09563401783858845,2.289030623751266,2.289030623751266,2.289030623751266,0.0,0.0,0,0.01,0.01,0.1587583715153548,0.3006321844811573,42.01903887500178,0.01,0.09310682036686914,0.1896334956170766,4.8732335233378254,0.01,0.08806015013603173,0.17726129909803612,4.691123426375781,0.01,0.125490000434548,0.3995171355419239,17.04506280238967,0.01,0.12360251501625717,0.3166296665925513,5.717078791570265,0.01,0.08004227093769369,0.13373432059128762,12.111248870469575
4.7,60.95359999999999,56.61443197708873,4.339168022911255,-0.5459292446778704,23.83369525409953,0.09532651314406777,2.2719830639116245,2.2719830639116245,2.2719830639116245,0.0,0.0,0,0.01,0.01,0.158647002002039,0.30051423372416725,41.738418544695435,0.01,0.09299142617427499,0.18951554486008654,4.864046216469479,0.01,0.08794501082908593,0.17714334834104603,4.681427998173293,0.01,0.1256885813552295,0.399730903657501,17.27796149604176,0.01,0.12381589524900495,0.31684343470812837,5.721070939843817,0.01,0.08012856007640211,0.13382064618562414,12.114219205873653
4.71,60.60704979985185,56.30080802250783,4.306241777344022,-0.5485729664484595,23.72995084490251,0.09501675485062874,2.2547429220475723,2.2547429220475723,2.2547429220475723,0.0,0.0,0,0.01,0.01,0.15853486412754247,0.30039547264340183,41.457633494812185,0.01,0.09287523642380605,0.18939678377932112,4.855002986438954,0.01,0.08782907948123597,0.1770245872602806,4.671867968209613,0.01,0.1258874775815671,0.3999450299302665,17.513473966388748,0.01,0.12402966397864892,0.3170575609808938,5.724751892798697,0.01,0.08021481993865359,0.13390693507364876,12.11658438698635
4.72,60.258638573037054,55.985702333403815,4.272936239633239,-0.5510992524563588,23.623977643823267,0.09470480445813195,2.237304183281563,2.237304183281563,2.237304183281563,0.0,0.0,0,0.01,0.01,0.15842198146403236,0.30027592596527686,41.17674873386927,0.01,0.09275827608112407,0.18927723710119615,4.846089897215628,0.01,0.08771238096778626,0.17690504058215564,4.662430045858062,0.01,0.12608662961551997,0.400159452848329,17.75160172529453,0.01,0.12424375795685955,0.31727198389895633,5.728139274376839,0.01,0.08030102222718934,0.13399315941022824,12.118381112074257
4.73,59.90842576399999,55.66917876928499,4.239246994715002,-0.553520011049937,23.515707811668797,0.09439071762875526,2.2196645358915434,2.2196645358915434,2.2196645358915434,0.0,0.0,0,0.01,0.01,0.15830837547580798,0.30015561615281516,40.895821144800195,0.01,0.09264056795386284,0.18915692728873446,4.837291439018595,0.01,0.08759493800346534,0.17678473076969395,4.65309944082218,0.01,0.12628598258100857,0.4003741158611236,17.992351044616733,0.01,0.12445811876365039,0.317486646911751,5.7312521170570205,0.01,0.08038714075038945,0.13407929348445674,12.119648453057685
4.74,59.55647131496295,55.3512942635632,4.205177051399754,-0.5558475056224942,23.405115428737073,0.09407454374625937,2.201825555286976,2.201825555286976,2.201825555286976,0.0,0.0,0,0.01,0.01,0.15819406535091227,0.3000345632419197,40.61490009316197,0.01,0.09252213249877497,0.18903587437783897,4.828591323085948,0.01,0.08747677095330181,0.17666367785879847,4.643860627558724,0.01,0.12648548647078614,0.4005889675667046,18.235732211600208,0.01,0.12467269307850548,0.317701498617332,5.734109995694972,0.01,0.08047315150163377,0.13416531377778207,12.120426118280157
4.75,59.202835648148145,55.032098789866765,4.170736858281381,-0.5580937659710199,23.292217283528046,0.09375632580429243,2.1837927123388265,2.1837927123388265,2.1837927123388265,0.0,0.0,0,0.01,0.01,0.1580790679514269,0.2999127848041192,40.334028358086655,0.01,0.09240298775199457,0.1889140959400385,4.819973299555056,0.01,0.08735789776647987,0.176541899420998,4.634698130991391,0.01,0.12668509617244403,0.40080396166612153,18.481758549602226,0.01,0.12488743271897819,0.31791649271674893,5.736732156209253,0.01,0.08055903264376145,0.13425119892739382,12.120752728370562
4.76,58.847579648000014,54.71163565980867,4.1359439881913405,-0.5602700200240686,23.17707174922314,0.09343610062529654,2.165575208160131,2.165575208160131,2.165575208160131,0.0,0.0,0,0.01,0.01,0.1579633978832877,0.29979029603597757,40.05324333548483,0.01,0.09228314938410015,0.18879160717189686,4.811421961191499,0.01,0.08723833403469462,0.17641941065285635,4.625597297702136,0.01,0.1268847712784024,0.40101905669302135,18.73044524415826,0.01,0.12510229445123477,0.3181315877436487,5.7391366772887435,0.01,0.08064476440237131,0.1343369295995459,12.120664181662965
4.7700000000000005,58.49076464340739,54.38994213313731,4.100822510270082,-0.5623861716021357,23.05977581480682,0.09311389939639554,2.1471856453233573,2.1471856453233573,2.1471856453233573,0.0,0.0,0,0.01,0.01,0.15784706768097295,0.29966710996954027,39.772578450777914,0.01,0.0921626308759207,0.18866842110545956,4.802923496581048,0.01,0.08711809317080069,0.17629622458641905,4.616545017694971,0.01,0.12708447569454043,0.4012342155367805,18.981808023453162,0.01,0.1253172395873265,0.3183467465874079,5.74133970176482,0.01,0.08073032887581144,0.13442248828154002,12.12019218122028
4.78,58.132452389925916,54.067050307191934,4.065402082733976,-0.5644503474419672,22.94046042130726,0.09278974849420148,2.128639552834284,2.128639552834284,2.128639552834284,0.0,0.0,0,0.01,0.01,0.15773008809719424,0.29954323779268494,39.49206470955119,0.01,0.09204144380551958,0.1885445489286042,4.794466359062576,0.01,0.0869971866980605,0.1761723524095637,4.607530364450723,0.01,0.12728417707104234,0.40144940478659286,19.23586174915199,0.01,0.12553223339339772,0.31856193583722026,5.743354771112708,0.01,0.08081570977335026,0.13450785900464252,12.119362987369282
4.79,57.772705052,53.74298824027146,4.029716811728539,-0.5664685332457202,22.819284329819016,0.09246367055744022,2.1099547886289436,2.1099547886289436,2.1099547886289436,0.0,0.0,0,0.01,0.01,0.1576124684829941,0.29941868926329646,39.211732309315664,0.01,0.0919195982317732,0.18842000039921575,4.786041821842784,0.01,0.08687562463530923,0.17604780388017527,4.5985451250098075,0.01,0.12748384608670107,0.4016645939316124,19.492618977841804,0.01,0.1257472443411733,0.31877712498223976,5.745192291789298,0.01,0.08090089209605035,0.1345930270131065,12.118196448955409
4.8,57.4115851851852,53.417781253451274,3.9938039317339262,-0.5684443141811829,22.696426813279658,0.0921356857552584,2.0911508486355554,2.0911508486355554,2.0911508486355554,0.0,0.0,0,0.01,0.01,0.15749421723964296,0.299293473197025,38.93161223385474,0.01,0.09179710315565878,0.18829478433294428,4.777644395263976,0.01,0.08675341595908104,0.17592258781390377,4.58958419719946,0.01,0.1276834556239957,0.40187975445815455,19.75208855471987,0.01,0.12596224324156885,0.3189922855087819,5.746859155872617,0.01,0.08098586177714918,0.13467797839658924,12.116705352947838
4.8100000000000005,57.04915571837036,53.091453347979765,3.9577023703905914,-0.5703787302726624,22.57207951547035,0.0918058131905273,2.072248115318999,2.072248115318999,2.072248115318999,0.0,0.0,0,0.01,0.01,0.15737534232061065,0.2991675980051922,38.65173775380689,0.01,0.09167396703697085,0.18816890914111153,4.769272088803069,0.01,0.08663056912038337,0.17579671262207103,4.580645837499914,0.01,0.1278829798765021,0.4020948588888509,20.01427429960177,0.01,0.12617720230387075,0.3192073899394783,5.748358531147184,0.01,0.08107060530020518,0.1347626997045227,12.114895116737825
4.82,56.68547993599999,52.76402867096043,3.921451265039569,-0.5722702517238782,22.44643785616144,0.09147407237177754,2.053267080943119,2.053267080943119,2.053267080943119,0.0,0.0,0,0.01,0.01,0.15725585175979337,0.2990410722573334,38.37214576321082,0.01,0.09155019834184883,0.1880423833932527,4.760926507872082,0.01,0.08650709259150419,0.17567018687421218,4.571731750233513,0.01,0.12808239343243646,0.402309879810391,20.279173840859766,0.01,0.12639209416645572,0.3194224108610184,5.749689827626431,0.01,0.08115510931383786,0.13484717756136208,12.112763830851485
4.83,56.3206214602963,52.43553296073796,3.885088499558342,-0.5741148736589488,22.31969237923832,0.09114048468481625,2.03422758145978,2.03422758145978,2.03422758145978,0.0,0.0,0,0.01,0.01,0.1571357542012013,0.2989139052419661,38.09287789031655,0.01,0.09142580609531449,0.18791521637788539,4.752612783168439,0.01,0.08638299541709049,0.17554301985884488,4.56284701616389,0.01,0.12828167037830612,0.4025247889360324,20.546777645885204,0.01,0.12660689094538838,0.3196373199866598,5.750848839033948,0.01,0.08123936026157445,0.13493139830111928,12.110302643283633
4.84,55.95464423348149,52.10599490527511,3.8486493282063776,-0.575906324312694,22.19202044037934,0.09080507479568763,2.0151480759560747,2.0151480759560747,2.0151480759560747,0.0,0.0,0,0.01,0.01,0.1570150594054803,0.29878610749951706,37.81398133329571,0.01,0.09130080041303339,0.18778741863543635,4.744339338270178,0.01,0.08625828774378577,0.17541522211639582,4.553999866206697,0.01,0.12848078346477385,0.40273955624648206,20.817068287546387,0.01,0.12682156334546005,0.31985208729710946,5.751828049434849,0.01,0.08132334404414306,0.1350153476382169,12.107496460433127
4.8500000000000005,55.58761249999998,51.77544735169896,3.8121651483010175,-0.5776363755947315,22.063578612589982,0.09046787192037521,1.9960450040289202,1.9960450040289204,1.9960450040289202,0.0,0.0,0,0.01,0.01,0.1568937787099406,0.2986576913028592,37.53550938488263,0.01,0.09117519298771397,0.18765900243877848,4.7361175085102865,0.01,0.08613298130394441,0.17528680591973797,4.545201312957851,0.01,0.1286797033730499,0.40295414924821005,21.090019975414904,0.01,0.1270360798744329,0.3200666802988374,5.752617087506944,0.01,0.08140704572959948,0.13509901038956873,12.104324925183432
4.86,55.219590788740724,51.44392831285009,3.7756624758906376,-0.5792952404197,21.93449615262172,0.09012891090331641,1.9769322494487795,1.9769322494487795,1.9769322494487795,0.0,0.0,0,0.01,0.01,0.1567719254211195,0.29852867106355485,37.25752162574055,0.01,0.09104899750787843,0.18752998219947414,4.727961030943759,0.01,0.08600708983128674,0.1751577856804336,4.536464659240102,0.01,0.12887839811462382,0.4031685323819945,21.36559836884889,0.01,0.12725040619563383,0.32028106343262186,5.753203304282468,0.01,0.08149044932404659,0.13518237026001664,12.100763620620851
4.87,54.85064389525925,51.11148172669565,3.7391621685636003,-0.5808720374351014,21.80486982075749,0.08978823305606726,1.957820733223381,1.9578207332233808,1.957820733223381,0.0,0.0,0,0.01,0.01,0.15664951512220215,0.2983990636455188,36.980083782038975,0.01,0.09092222999006147,0.18740037478143812,4.719885430825872,0.01,0.08588062938970005,0.1750281782623976,4.5278049081935885,0.01,0.12907683259021763,0.40338266660685107,21.64376067697417,0.01,0.12746450464689688,0.3204951976574784,5.753572444945442,0.01,0.08157353761254316,0.13526540969997444,12.096785438221554
4.88,54.480836864000004,50.77815793638405,3.702678927615951,-0.5823553009467709,21.67476028301291,0.08944588671888379,1.9387181529333342,1.9387181529333342,1.9387181529333342,0.0,0.0,0,0.01,0.01,0.1565265658817013,0.2982688885722425,36.70326725869647,0.01,0.09079490900965757,0.18727019970816178,4.7119073343909195,0.01,0.0857536186005664,0.17489800318912127,4.519238103575602,0.01,0.12927496832583862,0.4035965091758302,21.924456038548836,0.01,0.1276783339455344,0.3207090402264575,5.753709381593562,0.01,0.0816562920762587,0.1353481098405184,12.092362043628455
4.89,54.11023497051853,50.444013871955164,3.666221098563374,-0.5837335120541286,21.544190251411436,0.08910192752102489,1.9196288782804327,1.9196288782804327,1.9196288782804327,0.0,0.0,0,0.01,0.01,0.1564030983544583,0.2981381681187427,36.42714837488086,0.01,0.09066705582044345,0.18713947925466198,4.704043740632912,0.01,0.08562607875880957,0.17476728273562148,4.510780631666897,0.01,0.12947276339512565,0.4038100136109203,22.207626163459206,0.01,0.12789184908993984,0.3209225446615477,5.753598872064675,0.01,0.08173869288819352,0.1354304505073918,12.087465370215758
4.9,53.738903703703684,50.10911292866228,3.629790775041407,-0.5849956263299203,21.413144437972413,0.08875641832963987,1.9005540054896808,1.9005540054896808,1.9005540054896808,0.0,0.0,0,0.01,0.01,0.1562791357710647,0.29800692728478706,36.15180734172281,0.01,0.09053869435802968,0.18700823842070635,4.696311286045698,0.01,0.0854980338330756,0.17463604190166582,4.50244851735536,0.01,0.1296701725282482,0.4040231298748824,22.493206207022222,0.01,0.1281050014590255,0.3211356609255098,5.753226309715864,0.01,0.0818207189860237,0.13551241031164282,12.082069071552848
4.91,53.36690874799999,49.77352455086713,3.5933841971328677,-0.5861315738287822,21.281571314996498,0.0884094288915224,1.8814915658730458,1.8814915658730456,1.8814915658730458,0.0,0.0,0,0.01,0.01,0.15615470381697394,0.2978751936514487,35.87732703386987,0.01,0.09040985112789574,0.186876504787368,4.688725536086284,0.01,0.08536951035085213,0.1745043082683275,4.494256746690569,0.01,0.12986714739885072,0.4042358047287279,22.78112583924885,0.01,0.12831773910143018,0.32134833577935523,5.752578430622826,0.01,0.08190234821703302,0.13559396681106275,12.07614986762005
4.92,52.99431596562962,49.437323543900405,3.556992421729213,-0.5871327087532691,21.14938659184545,0.08806103518614304,1.8624368768298438,1.8624368768298438,1.8624368768298438,0.0,0.0,0,0.01,0.01,0.1560298304076467,0.2977429971284094,35.60379161511132,0.01,0.09028055498399161,0.1867443082643287,4.68130033529331,0.01,0.08524053717464128,0.17437211174528816,4.486218646419816,0.01,0.13006363707235816,0.40444798225512957,23.071310463444476,0.01,0.12853000719772464,0.32156051330575697,5.751643947561344,0.01,0.08198355754682064,0.13567509673340192,12.069688726464213
4.93,52.62119137881483,49.10058914853624,3.520602230278595,-0.5879921886648068,21.016478240368198,0.08771131852156679,1.8433830171425125,1.8433830171425125,1.8433830171425125,0.0,0.0,0,0.01,0.01,0.15590454537081547,0.29761036960441584,35.33128508452678,0.01,0.09015083680890108,0.1866116807403351,4.674047244840823,0.01,0.08511114518028949,0.1742394842212946,4.4783453479591575,0.01,0.13025958859173578,0.40465960452072364,23.363682532705727,0.01,0.1287417486711021,0.321772135571351,5.750414084352036,0.01,0.08206432332067581,0.1357557762496506,12.06267183185853
4.94,52.24760115199998,48.76340392325952,3.48419722874046,-0.5887052665761863,20.882712830882173,0.08736036441652412,1.8243214029114907,1.8243214029114907,1.8243214029114907,0.0,0.0,0,0.01,0.01,0.15577888005115328,0.29747734451767205,35.05988981213437,0.01,0.09002072911102903,0.18647865565359134,4.666975091890195,0.01,0.08498136685301656,0.17410645913455083,4.4706453589339255,0.01,0.13045494767086055,0.40487061234431526,23.658162908723938,0.01,0.12895290491561248,0.3219831433949426,5.74888298923392,0.01,0.08214462156430656,0.13583598128360108,12.05509129849527
4.95,51.87361157407408,48.42585248785178,3.4477590862223013,-0.589269483439098,20.747942881346564,0.08700826132150719,1.8052424361039066,1.8052424361039066,1.8052424361039066,0.0,0.0,0,0.01,0.01,0.15565286685609578,0.2973439563665284,34.78968513276538,0.01,0.0898902655579938,0.18634526750244768,4.660089649742769,0.01,0.084851235820372,0.1739730709834072,4.463124260339927,0.01,0.13064965946125212,0.4050809461337159,23.954672205396328,0.01,0.1291634166061549,0.32219347718434327,5.7470480117030815,0.01,0.08222442830909281,0.13591568784253552,12.04694560825482
4.96,51.499289040592586,48.08802018761876,3.4112688529738313,-0.5896847532503314,20.612014876702347,0.08665509923887023,1.7861361946537113,1.7861361946537113,1.7861361946537113,0.0,0.0,0,0.01,0.01,0.15552653876413933,0.2972102401834357,34.5207460630829,0.01,0.08975948046821164,0.18621155131935502,4.653393461636414,0.01,0.08472078634412,0.1738393548003145,4.455784541363301,0.01,0.13084366935521105,0.4052905467514642,24.25313205988562,0.01,0.12937322455138311,0.32240307780209154,5.744909833452296,0.01,0.0823037199262545,0.1359948723532608,12.038239754020816
4.97,51.12470003600002,47.74999174059231,3.3747082954077148,-0.5899533380259925,20.4747775854298,0.08630096830621126,1.7669931314769016,1.7669931314769016,1.7669931314769016,0.0,0.0,0,0.01,0.01,0.15539992881851206,0.29707623099666686,34.2531422001138,0.01,0.08962840828442607,0.18607754213258615,4.646885814405678,0.01,0.08459005279478495,0.17370534561354564,4.448625577641779,0.01,0.13103692378750395,0.405499356369109,24.553466276284617,0.01,0.12958227054949895,0.32261188741973634,5.742472450371608,0.01,0.08238247345430574,0.13607351198784787,12.028985090379974
4.98,50.74991111585184,47.411849930142296,3.3380611857095412,-0.5900797150025012,20.336090287531807,0.08594595740860338,1.7478047497097216,1.7478047497097216,1.7478047497097216,0.0,0.0,0,0.01,0.01,0.15527306962961335,0.29694196330469025,33.9869368503773,0.01,0.08949708305358411,0.18594327444060954,4.640562861494407,0.01,0.08445906913320658,0.17357107792156903,4.441643752225999,0.01,0.13122937099861953,0.40570731927104997,24.85560179180887,0.01,0.12979049820762942,0.32281985032167737,5.7397430088536705,0.01,0.08246066690488207,0.13615158496430677,12.019198903601476
4.99,50.37498888903703,47.07367440265466,3.3013144863823647,-0.5900703433812556,20.19583053307415,0.08559015288348312,1.728564222934733,1.728564222934733,1.728564222934733,0.0,0.0,0,0.01,0.01,0.15514599290902834,0.2968074705873034,33.7221864271123,0.01,0.08936553793697238,0.18580878172322268,4.634417888000783,0.01,0.08432786842293422,0.17343658520418218,4.4348327120534385,0.01,0.13142096172521384,0.40591438257203993,25.15946942248618,0.01,0.1299978536880173,0.3230269136226673,5.736731505694945,0.01,0.08253827953343021,0.1362290708089733,12.00890372497092
5.0,50.0,46.73554062441809,3.2644593755819047,-0.5899333425121154,20.053901072873206,0.08523363737727759,1.7092669320450726,1.7092669320450729,1.7092669320450726,0.0,0.0,0,0.01,0.01,0.15501872905627967,0.2966727848757406,33.45894014005815,0.01,0.08923380477292346,0.18567409601165988,4.628441704208011,0.01,0.08419648239566059,0.17330189949261937,4.428183746782589,0.01,0.13161164978750625,0.4061204968171792,25.46500435447796,0.01,0.13020428634844594,0.32323302786780655,5.733450366482909,0.01,0.08261529206324969,0.13630595056951925,11.998126422719563
5.01,49.62501111096296,46.397519043896835,3.2274920670661267,-0.5896780973994645,19.910235641965354,0.0848764889053937,1.6899108945690466,1.6899108945690466,1.6899108945690466,0.0,0.0,0,0.01,0.01,0.15489130681685606,0.2965379364010476,33.19723998800713,0.01,0.08910191371177148,0.18553924753696688,4.622623148316881,0.01,0.08406494108924376,0.17316705101792637,4.421686271380936,0.01,0.1318013925488455,0.4063256164393204,25.772146358106248,0.01,0.1304097492499296,0.3234381474899478,5.729913922320756,0.01,0.08269168685386431,0.13638220697009823,11.986897116888429
5.0200000000000005,49.25008888414814,46.059674495535674,3.190414388612468,-0.5893148106307319,19.764803330319594,0.08451878015735721,1.6704970675286834,1.6704970675286834,1.6704970675286834,0.0,0.0,0,0.01,0.01,0.1547637530265906,0.2964029533362099,32.937121049767185,0.01,0.08896989293920231,0.18540426447212924,4.61694967424435,0.01,0.08393327257431643,0.17303206795308873,4.415328389273364,0.01,0.1319901512291585,0.4065297000559432,26.080839713995797,0.01,0.13061419951143577,0.32364223110657053,5.7261378089796,0.01,0.08276744800754786,0.13645782450307867,11.975247968875179
5.03,48.87529996399999,45.72206586963564,3.1532340943643504,-0.5888540221254683,19.61761134138686,0.08416057807715063,1.6510295109839845,1.6510295109839845,1.6510295109839845,0.0,0.0,0,0.01,0.01,0.1546360924533103,0.29626786164301827,32.67861205510326,0.01,0.08883776849987698,0.18526917277893756,4.611407996768567,0.01,0.08380150278120768,0.17289697625989708,4.409097509446402,0.01,0.13217789106119496,0.4067327105953987,26.39103285394612,0.01,0.1308175984989275,0.3238452416460261,5.722138315796265,0.01,0.08284256141088642,0.13653278945493733,11.963211902546186
5.04,48.50071095940741,45.384746060205586,3.1159648992018187,-0.5883061193822962,19.468706014440432,0.08380194373571684,1.631515406029349,1.631515406029349,1.631515406029349,0.0,0.0,0,0.01,0.01,0.15450834774204864,0.2961326850296608,32.42173620401848,0.01,0.08870556422841967,0.18513399616558007,4.605984763694201,0.01,0.08366965543411246,0.17276179964653957,4.402980988511356,0.01,0.13236458128603512,0.40693461525058083,26.702677732510214,0.01,0.13101991184395506,0.3240471463012082,5.717931713791934,0.01,0.08291701471138249,0.13660708986704523,11.95082131642684
5.05,48.12638842592594,45.04776218963954,3.0786262362863956,-0.5876808611080075,19.318172067690654,0.08344293249879178,1.611964927844356,1.6119649278443562,1.611964927844356,0.0,0.0,0,0.01,0.01,0.15438053946521887,0.2959974450197972,32.16651219127806,0.01,0.08857330178976974,0.18499875615571648,4.600667223802758,0.01,0.08353775209436011,0.17262655963667597,4.3969667678598485,0.01,0.13255019499188558,0.4071353852661642,27.015728958242562,0.01,0.13122110929501463,0.32424791631679156,5.713533593408896,0.01,0.0829907972321434,0.13668071543511612,11.938106846313394
5.0600000000000005,47.752398848000006,44.711156465421446,3.041242382578556,-0.5869795996669646,19.166127684199797,0.08308359487391513,1.592390787815785,1.592390787815785,1.592390787815785,0.0,0.0,0,0.01,0.01,0.1542526863191079,0.2958621612771305,31.9129602962276,0.01,0.08844100085598748,0.1848634724130498,4.5954466190228365,0.01,0.08340581234250183,0.17249127589400928,4.391046842249307,0.01,0.13273470876766308,0.4073349953547507,27.330138987846492,0.01,0.13142116438154025,0.3244475264053781,5.708956314316377,0.01,0.0830639065930772,0.13675368194053775,11.926539206972963
5.07,47.37880862118518,44.37500556154639,3.003803059638788,-0.5860634520449546,19.012466154330895,0.08272401862012121,1.5727876041652933,1.5727876041652933,1.5727876041652933,0.0,0.0,0,0.01,0.01,0.15412481624642368,0.2957268674498076,31.66131775500425,0.01,0.08830868855952177,0.18472817858572688,4.590463412744065,0.01,0.08327386365237853,0.17235598206668637,4.385360521349835,0.01,0.13291808991175738,0.40753340044190955,27.645637440734518,0.01,0.13162004301320424,0.3246459314925369,5.704087140647228,0.01,0.08313667397548338,0.13682643999571414,11.925784100581826
5.08,47.00568403437036,44.03945494901879,2.9662290853515714,-0.5848847305426217,18.856624456900096,0.0823643659438645,1.5531139172341446,1.5531139172341446,1.5531139172341446,0.0,0.0,0,0.01,0.01,0.1539969848788282,0.2955916251111487,31.411805484062803,0.01,0.08817641999125074,0.18459293624706802,4.585843176418818,0.01,0.08314196166611322,0.1722207397280275,4.380023946852597,0.01,0.13310026841050063,0.4077305160298327,27.961900239486237,0.01,0.13181767365561942,0.3248430470804601,5.698793177725022,0.01,0.0832093730911421,0.13689913611627966,11.925541630397625
5.09,46.63309125200001,43.704648744018264,2.9284425079817433,-0.5834659061156962,18.69803882139268,0.08200479880461849,1.5333289115892523,1.5333289115892523,1.5333289115892523,0.0,0.0,0,0.01,0.01,0.15386925063962634,0.29545649561232784,31.16449528852256,0.01,0.08804425598334978,0.18445780674824713,4.581568422855682,0.01,0.08301016706050532,0.17208561022920663,4.375018515700969,0.01,0.13328116759036926,0.40792626007737637,28.278788365537675,0.01,0.13201397347470578,0.3250387911280037,5.693083081781281,0.01,0.08328198749571315,0.13697173959414255,11.924657067124752
5.1000000000000005,46.26109629629627,43.370717711557894,2.8903785847383796,-0.5818171141613473,18.53622451908856,0.08164546595915825,1.5133986879845596,1.5133986879845596,1.5133986879845596,0.0,0.0,0,0.01,0.01,0.15374166709933676,0.2953215352162524,30.919449690492847,0.01,0.08791225268942995,0.18432284635217167,4.577614058807217,0.01,0.08287853571050055,0.17195064983313116,4.370320919861089,0.01,0.1334607190226293,0.40812055994870894,28.596183833822387,0.01,0.13220693066691033,0.3252330909993363,5.70688222372724,0.01,0.0833544889648975,0.1370442224902532,11.923153560116004
5.11,45.88976502948149,43.03783610074365,2.851928928737835,-0.5797632278746031,18.370397506762515,0.0812865641383534,1.4932664951804986,1.4932664951804986,1.4932664951804986,0.0,0.0,0,0.01,0.01,0.1536142992002223,0.2951868180670501,30.6770228998989,0.01,0.08778047513238962,0.1841881292029694,4.574161385737412,0.01,0.08274713298752823,0.1718159326839289,4.36611089764894,0.01,0.13363884461599382,0.40831331939713966,28.91366159030454,0.01,0.13239355733822722,0.325425850447767,5.770094045343048,0.01,0.08342684415803898,0.13711654729094483,11.920693432153062
5.12,45.51916313599999,42.70626474978068,2.8128983862193087,-0.5772421447037358,18.19917880888643,0.08092838508667745,1.4728301509068609,1.4728301509068609,1.4728301509068609,0.0,0.0,0,0.01,0.01,0.15348724702828,0.29505245377429545,30.437548345177863,0.01,0.08764902385426789,0.18405376491021475,4.571372214367432,0.01,0.08261606003877708,0.17168156839117424,4.362538312908535,0.01,0.13381542103945998,0.4085043943922555,29.23072775239878,0.01,0.13257796327155327,0.3256169254428829,5.8391760981371945,0.01,0.08349900029926219,0.13718865747998116,11.91697421198798
5.13,45.14935610474075,42.376254617883106,2.7731014868576414,-0.5743165903179093,18.021232504859384,0.0805712119155533,1.451992543128483,1.4519925431284828,1.451992543128483,0.0,0.0,0,0.01,0.01,0.1533606122954003,0.29491854845655696,30.201115081979044,0.01,0.08751800495985776,0.18391985959247623,4.5691928921855585,0.01,0.08248542258308533,0.17154766307343572,4.359548409173448,0.01,0.13399032012575565,0.4086936495118969,29.54717124161998,0.01,0.1327605931878664,0.3258061805625243,5.908159093664285,0.01,0.08357090154547493,0.13726049845338442,11.91209665066168
5.14,44.78040921125928,42.04801243583657,2.732396775422715,-0.5710740495194191,17.83549937371364,0.08021528167406636,1.4306796060600735,1.4306796060600737,1.4306796060600735,0.0,0.0,0,0.01,0.01,0.15323448129303088,0.2947851907291878,29.967726249666388,0.01,0.08738750972504311,0.1837865018651071,4.567514033177612,0.01,0.0823553111833055,0.17141430534606655,4.357036346560286,0.01,0.13416343649379267,0.4088809773491545,29.862892275101554,0.01,0.13294138362418167,0.32599350839978186,5.976576733826327,0.01,0.08364250016727476,0.13733202501445038,11.906266231823638
5.15,44.41238749999998,41.72169161328632,2.690695886713663,-0.567612679205989,17.64126471785195,0.07986077496841723,1.408845071790653,1.408845071790653,1.408845071790653,0.0,0.0,0,0.01,0.01,0.15310892064649942,0.29465244786935485,29.737323413460874,0.01,0.08725760934444643,0.18365375900527411,4.566206459304816,0.01,0.08222579626428671,0.1712815624862336,4.354878965726351,0.01,0.13433469396309103,0.40906630303418023,30.177864388002867,0.01,0.13312025508655212,0.32617883408480763,6.044465545286549,0.01,0.08371375940861193,0.13740320340242285,11.899725799374924
5.16,44.04535576651851,41.397387844195265,2.647967922323247,-0.5640356453806321,17.438195712412178,0.07950781060251311,1.3864727619520234,1.3864727619520236,1.3864727619520234,0.0,0.0,0,0.01,0.01,0.1529839752886162,0.2945203638744849,29.50979371003104,0.01,0.08712835264828442,0.18352167501040417,4.565130478881394,0.01,0.08209692589258472,0.17114947849136367,4.352943261783081,0.01,0.13450404767639657,0.40924958595735256,30.492128285972186,0.01,0.13329715637459935,0.3263621170079799,6.111926308886128,0.01,0.08378465471178351,0.13747401230812242,11.89273852169034
5.17,43.679378539703706,41.07513770826634,2.6042408314373686,-0.5604460425742518,17.226358982709584,0.07915644345229016,1.363577310703702,1.3635773107037017,1.363577310703702,0.0,0.0,0,0.01,0.01,0.15285966760666425,0.29438895873771215,29.28497783881324,0.01,0.08699976510548914,0.1833902698736314,4.564142916201742,0.01,0.08196872481606444,0.1710180733545909,4.351093048090051,0.01,0.1346714844454074,0.40943081974358086,30.805785904854012,0.01,0.13347206879717924,0.32654335079420826,6.17908043031305,0.01,0.08385517424348417,0.13754444324153847,11.885575006483794
5.18,43.314520064,40.754920140948016,2.559599923051984,-0.5569419400320634,17.006218669437597,0.0788066654782018,1.3402033857315188,1.3402033857315188,1.3402033857315188,0.0,0.0,0,0.01,0.01,0.15273599769543458,0.2942582288993283,29.062680092609458,0.01,0.08687184898184751,0.18325954003524758,4.563104063894155,0.01,0.08184119465392029,0.17088734351620707,4.349195571366343,0.01,0.13483702158848176,0.40961003060923906,31.11899155798052,0.01,0.13364500549777683,0.32672256165986646,6.246059995731959,0.01,0.08392531879716915,0.13761450027453567,11.87850035874743
5.19,42.95084428162963,40.43666065402016,2.51418362760947,-0.5536117346107545,16.778615226010974,0.07845840978609654,1.3164234690456078,1.3164234690456078,1.3164234690456078,0.0,0.0,0,0.01,0.01,0.15261294468525008,0.2941281488356055,28.842680035831272,0.01,0.0867445846195907,0.1831294599715248,4.561884445432955,0.01,0.08171431520425959,0.1707572634524843,4.34712793959558,0.01,0.13500070437153947,0.4097872742235021,31.431940291655383,0.01,0.1338160090341629,0.32689980527412943,6.3130002218541,0.01,0.0839951010908548,0.13768419917996755,11.87176136022704
5.2,42.588414814814804,40.12023806856047,2.468176746254334,-0.5505300286875375,16.544726074914667,0.07811155751066903,1.2923343222989625,1.2923343222989625,1.2923343222989625,0.0,0.0,0,0.01,0.01,0.1524904690693632,0.2939986736957991,28.624745222916133,0.01,0.08661793276389568,0.18299998483171837,4.560371068927541,0.01,0.08158804679353159,0.17062778831267786,4.344783056607971,0.01,0.13516260220604115,0.40996263125799287,31.744854039330242,0.01,0.1339851476271235,0.3270751623086202,6.380031901688031,0.01,0.08406454450056389,0.13775356601504823,11.865574384689076
5.21,42.227294948000015,39.80549340331922,2.4218015446807954,-0.5477542274366434,16.30601014781188,0.07776594715949535,1.2680523235369334,1.2680523235369334,1.2680523235369334,0.0,0.0,0,0.01,0.01,0.1523685159075457,0.29386974284778805,28.408644286928904,0.01,0.08649183781245826,0.18287105398370737,4.558472852575615,0.01,0.0814623335428178,0.17049885746466686,4.34207475982953,0.01,0.13532280381075593,0.41013620186730376,32.057966341826365,0.01,0.13415251030570607,0.3272487329179311,6.447274017752298,0.01,0.08413368129554129,0.1378226352233303,11.860114703134526
5.22,41.86754761007409,39.49224046103324,2.375307149040847,-0.5453220117875494,16.064139124311236,0.07742138593816483,1.2437079149076735,1.2437079149076735,1.2437079149076735,0.0,0.0,0,0.01,0.01,0.15224701874113933,0.29374128414967926,28.194159715924126,0.01,0.08636623182057594,0.18274259528559852,4.556124938577246,0.01,0.0813371073825544,0.17037039876655802,4.338941893327846,0.01,0.13548141158810617,0.410308099389216,32.371506498559,0.01,0.13431820120137564,0.3274206304398434,6.51482692951469,0.01,0.08420255046451157,0.13789144735233458,11.855507792361129
5.23,41.50923535659257,39.180277578807555,2.32895777778501,-0.543249797581131,15.820918818138619,0.0770776624850817,1.2194394408683662,1.2194394408683662,1.2194394408683662,0.0,0.0,0,0.01,0.01,0.15212590402193404,0.293613218731288,27.981099663130287,0.01,0.08624103905917692,0.1826145298672073,4.553291669729939,0.01,0.0812122926126029,0.1702423333481668,4.335351103582621,0.01,0.13563853549801033,0.41047844358475793,32.68568404305049,0.01,0.1344823332762493,0.3275909746353853,6.582766538180566,0.01,0.08427119524099018,0.1379600465014665,11.85182316550334
5.24,41.15242035199999,38.86939995992653,2.2830203920734635,-0.541532240905857,15.578204605549045,0.07673456038251096,1.1953866819556136,1.1953866819556136,1.1953866819556136,0.0,0.0,0,0.01,0.01,0.15200509583457558,0.2934854660473053,27.76930820352162,0.01,0.08611618089867465,0.1824867771832246,4.5499680768658415,0.01,0.0810878107804221,0.17011458066418408,4.3312982162874425,0.01,0.1357942867309233,0.4106473537533638,33.00067439498774,0.01,0.1346450217921362,0.3277598848039912,6.65113977447013,0.01,0.08433966044908421,0.13802847762648246,11.849071099900256
5.25,40.79716435185184,38.559411985201585,2.237752366650252,-0.5401427972043397,15.337815031303794,0.07639187178088352,1.1716843992702675,1.1716843992702675,1.1716843992702675,0.0,0.0,0,0.01,0.01,0.151884520680743,0.29335794895402334,27.55867354752603,0.01,0.08599158077847877,0.18235926008994266,4.546179810279426,0.01,0.08096358563745686,0.16998706357090215,4.326808133530495,0.01,0.13594877148634316,0.4108149420569203,33.31660643792865,0.01,0.13480637783492064,0.32792747310754766,6.719961664894702,0.01,0.08440798979871894,0.13809678383198704,11.847202457750697
5.26,40.44352868503704,38.25013891247105,2.193389772565982,-0.5390352903076129,15.101447757756109,0.07604941047692146,1.1484561993253795,1.1484561993253795,1.1484561993253795,0.0,0.0,0,0.01,0.01,0.15176411209341722,0.2932305985639355,27.349133845436373,0.01,0.08586716902088906,0.1822319096998548,4.54198153778866,0.01,0.08083954793315931,0.1698597131808143,4.32193327585879,0.01,0.1361020851531395,0.4109813073688663,33.633552620778005,0.01,0.1349665022021933,0.32809383841949363,6.789214120454001,0.01,0.08447622326047649,0.13816500378213997,11.846111595325475
5.2700000000000005,40.091574235999985,37.94143741183254,2.1501368241674435,-0.5381463996751802,14.870601850027203,0.07570702382169077,1.1258090085028882,1.1258090085028882,1.1258090085028882,0.0,0.0,0,0.01,0.01,0.15164381486092327,0.2931033586468669,27.140680353143964,0.01,0.08574288725875649,0.18210466978278617,4.537453918684222,0.01,0.08071563981708177,0.1697324732637457,4.316750675768033,0.01,0.13625430716399944,0.41114652993197365,33.951522001819704,0.01,0.13512547994091545,0.328259060982601,6.858846471183961,0.01,0.08454439464520237,0.13823316935216493,11.84564215680895
5.28,39.74136142696296,37.633204448927195,2.1081569780357685,-0.5373989320187825,14.646510032558536,0.07536460289958338,1.1038284124685382,1.1038284124685382,1.1038284124685382,0.0,0.0,0,0.01,0.01,0.15152358866224322,0.29297618937151754,26.933357872913774,0.01,0.08561869226794759,0.18197750050743683,4.532699340093985,0.01,0.08059181864143858,0.1696053039883963,4.311357902100598,0.01,0.13640549675913086,0.41131066706292124,34.27045646656836,0.01,0.13528337578692384,0.3284231981135486,6.928777654329376,0.01,0.08461252950250736,0.1383013036299359,11.845595369679785
5.29,39.39295020014815,37.32538411527982,2.0675660848683295,-0.5367057089340579,14.430084034623743,0.0750220905095272,1.0825750705056258,1.0825750705056258,1.0825750705056258,0.0,0.0,0,0.01,0.01,0.1514034109460635,0.292849070215875,26.72726252194815,0.01,0.08549455902702079,0.18185038135179427,4.5278366643203185,0.01,0.08046805998812742,0.16947818483275376,4.3058680531513405,0.01,0.13655568984589594,0.4114737500858144,34.59023017325148,0.01,0.13544023071067432,0.3285862811364417,6.998899865026038,0.01,0.08468064343583596,0.13836941935867203,11.845740317350769
5.3,39.04640000000002,37.01797210863625,2.0284278913637723,-0.535973876428372,14.221875494825621,0.07467948659049435,1.0620823603075102,1.0620823603075102,1.0620823603075102,0.0,0.0,0,0.01,0.01,0.15128327892444612,0.2927220019170121,26.522537010092794,0.01,0.08537048286591223,0.18172331305293138,4.522995279239948,0.01,0.08034435978371263,0.16935111653389087,4.300404096816676,0.01,0.13670489708375363,0.4116357826133704,34.91065212490176,0.01,0.13559605971601574,0.32874831366399776,7.069083404900708,0.01,0.08474874091074013,0.13843751788957975,11.84582557145748
5.3100000000000005,38.7017697554074,36.71101768214539,1.9907520732620096,-0.535109426101164,14.022054149921548,0.07433685085901591,1.0423553480797632,1.0423553480797632,1.0423553480797632,0.0,0.0,0,0.01,0.01,0.15116321059592513,0.2925950073781911,26.319363719983944,0.01,0.08524648061080961,0.1815963185141104,4.51830876713421,0.01,0.08022073541127596,0.1692241219950699,4.2950928575852245,0.01,0.13685310326083788,0.41179674022684953,35.23147164106329,0.01,0.13575085097400663,0.32890927127747693,7.139182419769872,0.01,0.08481681460845811,0.1385055886882862,11.845591526788006
5.32,38.359117861925924,36.40462300351193,1.9544948584139952,-0.5340217115447647,13.830404225193657,0.07399430256091512,1.0233711147787383,1.0233711147787383,1.0233711147787383,0.0,0.0,0,0.01,0.01,0.15104324476007655,0.29246813150166606,26.117955974771995,0.01,0.08512259068152625,0.18146944263758538,4.513908511000338,0.01,0.0800972257770968,0.16909724611854487,4.2900589528701225,0.01,0.13700026796313589,0.411956571537341,35.55238640500507,0.01,0.13590456630542713,0.3290691025879684,7.209041201682756,0.01,0.08488484535010238,0.13857360941228186,11.844782790795088
5.33,38.018502164,36.09893998821371,1.9195621757862864,-0.5326277472310987,13.646339105503907,0.07365201737667007,1.005080404926506,1.005080404926506,1.005080404926506,0.0,0.0,0,0.01,0.01,0.1509234400339533,0.2923414399667898,25.918547948689312,0.01,0.08499887214821766,0.1813427511027091,4.509917543846996,0.01,0.07997389034048658,0.1689705545836686,4.2854189678474395,0.01,0.13714632747315156,0.4121152005450473,35.87305268942612,0.01,0.13605714295761806,0.32922773159567464,7.278500738073887,0.01,0.08495280258904797,0.13864154654957794,11.843160030345663
5.34,37.679979937185195,35.794164788995495,1.8858151481897025,-0.5308560903248968,13.468933531021152,0.07331022165360644,0.9874105025968527,0.9874105025968527,0.9874105025968527,0.0,0.0,0,0.01,0.01,0.1508038729279936,0.2922150170226747,25.72138372274149,0.01,0.08487540280384341,0.181216328158594,4.506444918780457,0.01,0.07985080716442627,0.1688441316395535,4.281276131230683,0.01,0.1372911977756001,0.4122725301528808,36.193097308388936,0.01,0.13620849655749534,0.3293850612035082,7.34740521458926,0.01,0.08502064544185044,0.13870935658256683,11.84051075716184
5.3500000000000005,37.34360787037036,35.490530231894965,1.8530776384754022,-0.5286501277922613,13.296971761425882,0.07296918426261757,0.9702691825943077,0.9702691825943077,0.9702691825943077,0.0,0.0,0,0.01,0.01,0.15068463508295973,0.2920889624105391,25.526706012875547,0.01,0.08475227635508344,0.1810902735464584,4.503580839840061,0.01,0.07972807009067288,0.16871807702741792,4.277715718214746,0.01,0.13743477849617156,0.4124284466387629,36.51213079920593,0.01,0.1363585250666032,0.3295409776893903,7.415608210564747,0.01,0.08508832420253545,0.13877698761680712,11.836658627606527
5.36,37.00944204799998,35.18829658230993,1.821145465690054,-0.5259706208371356,13.12900941846596,0.07262920648686093,0.9535495360217061,0.9535495360217061,0.9535495360217061,0.0,0.0,0,0.01,0.01,0.15056582980817984,0.29196338757096074,25.33474510088186,0.01,0.08462959887535733,0.18096469870688003,4.501392749087059,0.01,0.07960578518361812,0.16859250218783953,4.274801364499295,0.01,0.13757695755823424,0.412582824849803,36.82976130117981,0.01,0.1365071135188212,0.3296953559004304,7.482978360704035,0.01,0.08515578226258916,0.1388443813931857,11.831470930740537
5.37,36.67753793229628,34.88774109901634,1.7897968332799437,-0.5227973948025153,12.963446079248936,0.07229061044001242,0.9371354304750912,0.9371354304750912,0.9371354304750912,0.0,0.0,0,0.01,0.01,0.1504475680931168,0.2918384113237768,25.145708480564146,0.01,0.0845074846973115,0.1808397224596961,4.499922517288512,0.01,0.07948406662056724,0.1684675259406556,4.272572429603618,0.01,0.13771761631332624,0.412735533852746,37.1456085677423,0.01,0.1366541392889582,0.3298480649033734,7.549404288859763,0.01,0.08522295834048342,0.13891147558456796,11.824864032043878
5.38,36.347950345481465,34.58914688635284,1.7588034591286195,-0.5191301036657014,12.79860518020921,0.07195372657809766,0.9209073377177979,0.9209073377177979,0.9209073377177979,0.0,0.0,0,0.01,0.01,0.15032996428765846,0.29171415523185185,24.959771693997688,0.01,0.0843860519471106,0.1807154663677711,4.499184836209228,0.01,0.07936303223074787,0.1683432698487306,4.271042500830045,0.01,0.1378566348854297,0.4128864427597747,37.45931752721814,0.01,0.1367994776221618,0.3299989738104021,7.614798648446045,0.01,0.0852897889109152,0.138978206265399,11.81680662418459
5.39,36.020733452000016,34.292791582706165,1.7279418692938513,-0.5149880423560388,12.632817430124584,0.07161888090853014,0.9047482470672963,0.9047482470672963,0.9047482470672963,0.0,0.0,0,0.01,0.01,0.15021313166046407,0.29159073887328857,24.77707077600728,0.01,0.08426541793797546,0.18059205000920783,4.4991668609542135,0.01,0.07924279890015412,0.16821985349016733,4.2701990823515406,0.01,0.13799389746658058,0.4130354264473159,37.770570799874164,0.01,0.1369430071501396,0.33014795749794323,7.679101129503321,0.01,0.08535621071570412,0.13904451043534435,11.80732071041603
5.4,35.69594074074075,33.99893642574821,1.6970043149925438,-0.5104090253661432,12.464503741374854,0.07128638251081446,0.8885493815151257,0.8885493815151257,0.8885493815151257,0.0,0.0,0,0.01,0.01,0.15009717804859357,0.29146827524925223,24.597696650843748,0.01,0.0841456946449884,0.18046958638517152,4.499829102037043,0.01,0.0791234780636285,0.16809738986613101,4.27000446765319,0.01,0.1381292973118431,0.41318237089761134,38.07909959233095,0.01,0.13708461513007497,0.3302949019482387,7.742280317565646,0.01,0.08542216323579999,0.1391103284763131,11.79648031244093
5.41,35.373625007259264,33.70781621152903,1.6658087957302343,-0.5054473944365099,12.292253687142951,0.07095651196472773,0.8722154458252274,0.8722154458252274,0.8722154458252274,0.0,0.0,0,0.01,0.01,0.14998220180533073,0.291346866546264,24.421691735168213,0.01,0.08402698447707396,0.1803481776821833,4.501107518931426,0.01,0.07900517149922139,0.16797598116314283,4.270397748235676,0.01,0.13826274120394405,0.4133271779175166,38.38469243028059,0.01,0.13722420216453754,0.330439708968144,7.804334317455716,0.01,0.08548759100713411,0.13917560642619037,11.784407957407954
5.42,35.05383833599995,33.41963061665865,1.6342077193412947,-0.5001712593635727,12.114895685466497,0.07062951123441241,0.8556691609203904,0.8556691609203904,0.8556691609203904,0.0,0.0,0,0.01,0.01,0.1498682882369075,0.29122660045296883,24.249048898580277,0.01,0.08390937654559716,0.18022791158888812,4.5029167200587725,0.01,0.07888796762319802,0.16785571506984762,4.27129786714953,0.01,0.1383941531902597,0.4134697690247475,38.68720126249396,0.01,0.13736168619379016,0.3305823000753749,7.865290089556091,0.01,0.08555244567188386,0.1392402979621644,11.771269062806713
5.43,34.73663208251853,33.13453728274049,1.6020947997780435,-0.49465911218590664,11.931555496061987,0.07030557548284878,0.8388548755561853,0.8388548755561853,0.8388548755561853,0.0,0.0,0,0.01,0.01,0.1497555066935588,0.2911075472029019,24.07971282061529,0.01,0.08379294360306237,0.18010885833882118,4.50515412891787,0.01,0.07877193845793813,0.16773666181978067,4.272607583209122,0.01,0.13852347743533613,0.4136100883365851,38.98654457464459,0.01,0.13749700559343056,0.3307226193872125,7.925201489168628,0.01,0.08561668767060977,0.13930436600123006,11.757264407076319
5.44,34.42205685570369,32.85264697337869,1.5694098823249976,-0.4889959843054308,11.741700178571234,0.0699848471941847,0.8217410927972391,0.8217410927972391,0.8217410927972391,0.0,0.0,0,0.01,0.01,0.14964390844722913,0.29098975747806094,23.913583666157926,0.01,0.08367773979124919,0.1799910686139802,4.507704933501479,0.01,0.07865713741071258,0.1676188720949397,4.274218171464409,0.01,0.13865068007841944,0.41374810434750575,39.282707289570716,0.01,0.13763012125780866,0.33086063539813315,7.9841460522188985,0.01,0.0856802874989443,0.13936778384458798,11.742620949743257
5.45,34.11016250000005,32.57402101087068,1.5361414891293637,-0.4832693369697902,11.545165375938995,0.06966741286618122,0.8043218028538823,0.8043218028538822,0.8043218028538823,0.0,0.0,0,0.01,0.01,0.14953352544897242,0.2908732612649772,23.750522885116037,0.01,0.0835637992975185,0.17987457240089647,4.510447597861962,0.01,0.07854359796065417,0.16750237588185596,4.276014649554347,0.01,0.1387757500351771,0.4138838105377078,39.575737395248304,0.01,0.13776101760060108,0.33099634158833513,8.042220631499868,0.01,0.08574322647413866,0.13943053581530135,11.727581345930496
5.46,33.80099807762965,32.29867108726923,1.5023269903604244,-0.4775648868615259,11.34216461791491,0.0693533024074203,0.7866165727009955,0.7866165727009955,0.7866165727009955,0.0,0.0,0,0.01,0.01,0.1494243700155963,0.2907580677076558,23.590360833676556,0.01,0.08345113597300434,0.17975937884357507,4.513259683215736,0.01,0.07843133330621284,0.16738718232453456,4.277881289958471,0.01,0.1388986987335326,0.41401722481134406,39.86573942355919,0.01,0.1378897024558468,0.33112975586197146,8.099536053492837,0.01,0.08580548548435313,0.13949261736359214,11.7133164501634
5.47,33.49461185081481,32.0265716716,1.4680401792148121,-0.47190474974154556,11.133200674186009,0.06904250294780416,0.7686640403659828,0.7686640403659828,0.7686640403659828,0.0,0.0,0,0.01,0.01,0.1493164378299599,0.29064417024144545,23.43297840027068,0.01,0.08333974604411949,0.17964548137736477,4.516073029916582,0.01,0.07832033922743782,0.16727328485832427,4.279756237016462,0.01,0.1390195565677071,0.4141483828941045,40.15279048924402,0.01,0.13801620418385344,0.33126091394473184,8.156172098108442,0.01,0.08586622104479934,0.13955403232709004,11.767967093987043
5.48,33.19105126399998,31.7577078523645,1.4333434116354782,-0.46627055527804573,10.91869804118848,0.06873501332422,0.7504968553442248,0.750496855344225,0.7504968553442248,0.0,0.0,0,0.01,0.01,0.14920972570191238,0.2905315665949324,23.278380484270578,0.01,0.08322962560099703,0.1795328777308517,4.518922935095683,0.01,0.07821061190756912,0.1671606812118112,4.2816738690296585,0.01,0.13913835370321234,0.41427731498404224,40.43682257558339,0.01,0.13814055430157188,0.3313898460346696,8.212103735416731,0.01,0.08592609452917084,0.13961478216130402,11.83861325211407
5.49,32.89036292607406,31.49204825252257,1.3983146735514929,-0.4607237279795002,10.699213080646434,0.0684308131312084,0.7321558509726966,0.7321558509726966,0.7321558509726966,0.0,0.0,0,0.01,0.01,0.14910422720032435,0.2904202474529422,23.12642758459834,0.01,0.083120768245644,0.1794215585888615,4.521739796994109,0.01,0.07810214471284774,0.167049362069821,4.2835656842031735,0.01,0.13925512232663304,0.4144040587729656,40.71792276466246,0.01,0.13826278530197084,0.331516589823593,8.267385777220369,0.01,0.08598531025709795,0.139674872057307,11.909255947462043
5.5,32.59259259259261,31.22952519486791,1.3630673977246996,-0.4553254202037805,10.475592221560387,0.06812983986124493,0.7137004205066122,0.7137004205066122,0.7137004205066122,0.0,0.0,0,0.01,0.01,0.14899992185808603,0.2903101881254367,22.97694086678479,0.01,0.08301315348936311,0.17931149926135595,4.524431876778787,0.01,0.07799491676291721,0.16693930274231544,4.285344816781904,0.01,0.13936990892417084,0.4145286686386502,40.996249756265286,0.01,0.1383829429067707,0.3316411996892775,8.322116581605131,0.01,0.08604388495530983,0.13973431545587126,11.979627796292425
5.51,32.297785148,30.970039111369662,1.3277460366303397,-0.45012569633083754,10.248942435867063,0.06783199373353933,0.6952061990851399,0.6952061990851399,0.6952061990851399,0.0,0.0,0,0.01,0.01,0.14889677601514023,0.29020135036643707,22.829739746982032,0.01,0.08290674709231198,0.17920266150235634,4.526919745876451,0.01,0.07788889351199024,0.16683046498331583,4.2869364825715985,0.01,0.1394827736059302,0.41465121313825115,41.27198331737762,0.01,0.13850108706886086,0.33176374418887855,8.376395399788706,0.01,0.08610183724592338,0.13979313309128846,12.049897714688843
5.5200000000000005,32.005984587851835,30.7134656388453,1.2925189490065305,-0.4451610850426839,10.02057952758512,0.06753714565853194,0.6767613391374194,0.6767613391374194,0.6767613391374194,0.0,0.0,0,0.01,0.01,0.14879474546087118,0.29009368532980223,22.68465207509976,0.01,0.08280150372713797,0.17909499646572155,4.529141738373592,0.01,0.077784029443995,0.16672279994668104,4.2882827644915436,0.01,0.1395937869554975,0.41477177131836906,41.54530911331966,0.01,0.1386172891637129,0.3318843023689964,8.430311405809432,0.01,0.08615919164733038,0.13985135141831748,12.120221949411544
5.53,31.717234001037,30.45966381988934,1.2575701811476598,-0.4404530508212416,9.791966275018037,0.06724514653995096,0.6584622070778456,0.6584622070778458,0.6584622070778456,0.0,0.0,0,0.01,0.01,0.14869377858069344,0.28998713700032513,22.541522624070687,0.01,0.08269737021228639,0.17898844813624443,4.5310568596005485,0.01,0.07768027131079366,0.16661625161720395,4.289345318339288,0.01,0.13970302638306648,0.41489042862022385,41.81640569441611,0.01,0.13873162833309258,0.3320029596708512,8.4839380208281,0.01,0.08621597700207757,0.13990900077730117,12.190722437132612
5.54,31.43157555200004,30.208484960717477,1.2230905912825625,-0.4360072219748069,9.564643814063766,0.06695583740397085,0.6404087360413491,0.6404087360413491,0.6404087360413491,0.0,0.0,0,0.01,0.01,0.14859381980646943,0.2898816459117493,22.400220522814628,0.01,0.08259428907075983,0.1788829570476686,4.532646581031694,0.01,0.07757756168873428,0.1665107605286281,4.290107042704911,0.01,0.13981057225829854,0.41500727260176407,42.08543217102812,0.01,0.13884418752612818,0.33211980365239147,8.537328629181207,0.01,0.08627222456692712,0.13996611339786308,12.261479305331276
5.55,31.14905046296299,29.959781707913454,1.1892687550495367,-0.4318133936555046,9.340159669009596,0.06666905985208707,0.6226996640012505,0.6226996640012505,0.6226996640012505,0.0,0.0,0,0.01,0.01,0.14849481319848376,0.28977715296692336,22.260645308410506,0.01,0.08249220223455625,0.17877846410284265,4.533915499581967,0.01,0.07747584267492262,0.16640626758380214,4.290572675665907,0.01,0.13991650401406203,0.41512238868519413,42.35251713080182,0.01,0.1389550494688319,0.3322349197358215,8.59051343704004,0.01,0.08632796600857837,0.14002272134010108,12.33252588466999
5.5600000000000005,30.86969899614812,29.713416903538505,1.1562820926096138,-0.42784629311628153,9.119995948366066,0.06638466632708327,0.6054278879366326,0.6054278879366326,0.6054278879366326,0.0,0.0,0,0.01,0.01,0.14839670598410534,0.2896736031736792,22.12273132058856,0.01,0.08239105471353665,0.17867491430959848,4.534890840216991,0.01,0.07737505954244057,0.16630271779055794,4.290768299523798,0.01,0.1400208964061017,0.4152358561317126,42.6177493516721,0.01,0.13906429275706222,0.33234838718233994,8.643497585986642,0.01,0.08638323140691404,0.14007885447356885,12.403846142618647
5.57,30.59356043599996,29.469271795863268,1.1242886401366943,-0.4240670580111107,8.905501167412961,0.06610252969801804,0.5886761553946496,0.5886761553946496,0.5886761553946496,0.0,0.0,0,0.01,0.01,0.14829945188295665,0.2895709491170393,21.98645025459607,0.01,0.08229079805192023,0.17857226025295855,4.535620842096661,0.01,0.07727516417843275,0.16620006373391805,4.290739793442575,0.01,0.14012381610261235,0.41534774442959677,42.88117074600153,0.01,0.13917198825506377,0.3324602754802241,8.696260600957702,0.01,0.08643804736200568,0.14013453859105288,12.47537464177761
5.58,30.32067307140742,29.227253220828793,1.09341985057863,-0.4204253451315175,8.697828937069687,0.06582255171032672,0.5725132949778455,0.5725132949778455,0.5725132949778455,0.0,0.0,0,0.01,0.01,0.14820301406123498,0.2894691540039357,21.85181178871006,0.01,0.08219139340844918,0.17847046513985496,4.536172128659787,0.01,0.07717611814207367,0.16609826862081445,4.29055033045722,0.01,0.1402253187586498,0.4154581102575805,43.142771831050396,0.01,0.13927819596391922,0.3325706413082079,8.748757173308599,0.01,0.08649243529498572,0.14018979374624696,12.54699898389491
5.59,30.051074177925926,28.987299424958458,1.0637747529674701,-0.4168619583618979,8.497886387165437,0.06554466990843598,0.5569911581661502,0.5569911581661502,0.5569911581661502,0.0,0.0,0,0.01,0.01,0.14810736757804052,0.2893681941398025,21.71886230310506,0.01,0.0820928141168255,0.17836950527572185,4.536626214467819,0.01,0.0770778952001819,0.16599730875668134,4.290277064510401,0.01,0.1403254467040914,0.41556699515409534,43.40248987417975,0.01,0.13938296249911897,0.33267952620472274,8.800919200520735,0.01,0.08654641002258973,0.1402446328923712,12.618564556957695
5.6000000000000005,29.784799999999972,28.749384270716867,1.0354157292831028,-0.413311862039657,8.306294694247509,0.06526886271724874,0.5421424080878523,0.5421424080878523,0.5421424080878523,0.0,0.0,0,0.01,0.01,0.14801250121302936,0.28926806072588257,21.587681801152815,0.01,0.08199504761016069,0.17826937186180186,4.537075342901795,0.01,0.07698048322551014,0.16589717534276138,4.290007191603551,0.01,0.1404242273417505,0.41567442398605464,43.66020971962267,0.01,0.13948631928481128,0.332786955036682,8.852658935039916,0.01,0.08659997867110232,0.14029906088328203,12.689881281727562
5.61,29.52188573318517,28.513519646556293,1.0083660866288724,-0.40970743017028843,8.123363486652398,0.06499515246132408,0.5279792483137258,0.5279792483137258,0.5279792483137258,0.0,0.0,0,0.01,0.01,0.14791841859602511,0.289168760900319,21.458379228296728,0.01,0.08189809662545831,0.17817007203623833,4.537617876919325,0.01,0.07688388537506988,0.16579787551719782,4.289833595273939,0.01,0.14052167231590312,0.41578040427037866,43.915767175202724,0.01,0.13958828153564068,0.332892935321006,8.903873041327664,0.01,0.08665313997832803,0.1403530738804607,12.760731960809052
5.62,29.262365506370394,28.279755992029948,0.9826095143404433,-0.40598177355999804,7.949080231946627,0.06472360620190928,0.5144931385998952,0.5144931385998952,0.5144931385998952,0.0,0.0,0,0.01,0.01,0.14782513859379315,0.28907031798336535,21.331086453701666,0.01,0.08180197963992719,0.17807162911928465,4.538353479128332,0.01,0.07678812050160021,0.16569943260024414,4.289850299344576,0.01,0.14061777747279705,0.4158849263594351,44.168954727861255,0.01,0.13968884805730722,0.3329974574100624,8.954447324972111,0.01,0.0867058840129144,0.14040665918938877,12.830881774918105
5.63,29.006272364000026,28.048180939134546,0.9580914248654788,-0.40207198603182953,7.783115004090604,0.06445433437732027,0.5016554969707943,0.5016554969707943,0.5016554969707943,0.0,0.0,0,0.01,0.01,0.14773269494530877,0.2889727709255371,21.205951233833126,0.01,0.08170673052842847,0.17797408206145637,4.539378318055724,0.01,0.07669322278869832,0.16560188554241584,4.290147951053399,0.01,0.14071252359572378,0.41598796446007436,44.419529267466004,0.01,0.13978800185622037,0.33310049551070176,9.004261880423751,0.01,0.08675819231986598,0.14045979552814497,12.900088443431168
5.64,28.753638248296326,27.818916160227214,0.9347220880691111,-0.39792215731329755,7.624840309936828,0.06418748733660058,0.4894193408376718,0.4894193408376718,0.4894193408376718,0.0,0.0,0,0.01,0.01,0.14764113517280103,0.28887617299544927,21.08312951405967,0.01,0.08161239746878227,0.17787748413136859,4.540780525941458,0.01,0.07659924063739244,0.16550528761232808,4.290809546494617,0.01,0.14080587785999182,0.4160894784169755,44.66722142937835,0.01,0.13988571150909812,0.3332020094676029,9.053196402663431,0.01,0.08681003848041828,0.140512453710568,12.968112567870572
5.65,28.504493981481488,27.592112596385924,0.9123813850955662,-0.3934860134645106,7.4733649564068925,0.06392324995518506,0.47772177611471844,0.47772177611471844,0.47772177611471844,0.0,0.0,0,0.01,0.01,0.1475505188299497,0.288780589779699,20.96277744427938,0.01,0.08151904115723187,0.1777819009156183,4.542636112133435,0.01,0.07650623486730333,0.1654097043965778,4.291906589910505,0.01,0.14089779591955787,0.4161894161563964,44.911746115059415,0.01,0.13998193320722477,0.3333019472070238,9.1011354192847,0.01,0.08686138905461774,0.14056459770694507,13.034727700230983
5.66,28.25886924799999,27.367944314222687,0.8909249337773038,-0.38872906514301764,7.327580289404844,0.06366183461002792,0.46648720447579173,0.46648720447579173,0.46648720447579173,0.0,0.0,0,0.01,0.01,0.14746091517929186,0.28868609659885647,20.8450434877801,0.01,0.08142673242843931,0.1776874077347758,4.545005507144284,0.01,0.07641427632737366,0.16531521121573528,4.293495850967074,0.01,0.14098822450881104,0.4162877166576926,45.15281371514579,0.01,0.1400766133592299,0.33340024770832,9.147973219350744,0.01,0.08691220485693196,0.1406161860277571,13.099729715640928
5.67,28.016792576740713,27.146601300663807,0.8701912760769058,-0.3836301686364101,7.186216560254344,0.06340347286640396,0.45563108669018915,0.45563108669018915,0.45563108669018915,0.0,0.0,0,0.01,0.01,0.14737240041678185,0.2885927754700277,20.730060990235128,0.01,0.08133554940150514,0.177594086605947,4.547930878373177,0.01,0.07632344303800571,0.1652218900869065,4.2956168518646445,0.01,0.1410771044213637,0.4163843132983506,45.39014153888023,0.01,0.14016969161221537,0.33349684434897797,9.193618280413489,0.01,0.08696244249985155,0.140667173361332,13.162945116272326
5.68,27.778291323259232,26.928281551425226,0.8500097718340069,-0.3781824333039576,7.047906700333315,0.06314840628605754,0.4450640757788754,0.4450640757788754,0.4450640757788754,0.0,0.0,0,0.01,0.01,0.14728505458140198,0.28850071176637665,20.617941548787766,0.01,0.08124557429446527,0.17750202290229597,4.551434321127755,0.01,0.07623381700714346,0.16512982638325546,4.298290180929344,0.01,0.1411643737135571,0.4164791374045853,45.62346494748036,0.01,0.14026110413488221,0.33359166845521265,9.237997022711362,0.01,0.08701205612843495,0.14071751238494076,13.224237944667932
5.69,27.54339165199997,26.713182837868334,0.8302088141316336,-0.3723934405594432,6.911254431992168,0.06289687680401862,0.43469631857023905,0.43469631857023905,0.43469631857023905,0.0,0.0,0,0.01,0.01,0.14719895830088858,0.2884099907365933,20.50876948108106,0.01,0.08115689006360836,0.1774113018725126,4.5555169895784235,0.01,0.07614548087647091,0.1650391053534721,4.3015166925954045,0.01,0.14124997097416284,0.4165721218342101,45.852547697783564,0.01,0.14035078699853015,0.3336846528848375,9.281056748443683,0.01,0.08706099926063154,0.14076715566143827,13.28351503828783
5.7,27.3121185185185,26.501494547439247,0.810623971079251,-0.3662847723822738,6.774903432329487,0.06264911713756875,0.4244417187277266,0.4244417187277266,0.4244417187277266,0.0,0.0,0,0.01,0.01,0.14711418953048125,0.2883206940520267,20.402597641876444,0.01,0.08106957703021775,0.177322005187946,4.560159192699215,0.01,0.07605851455992381,0.16494980866890552,4.305277616382245,0.01,0.14133383850342449,0.4166632044214782,46.07719102778972,0.01,0.1404386794924241,0.33377573547210554,9.32276765392819,0.01,0.08710922664430594,0.14081605753032148,13.340729413958845
5.71,27.084495651703673,26.29338998461727,0.7911056670864037,-0.3598908800695136,6.637604209384655,0.06240534168483017,0.4142219586553164,0.4142219586553164,0.4142219586553164,0.0,0.0,0,0.01,0.01,0.147030820439928,0.28823289654590656,20.29944477244571,0.01,0.08098370965576239,0.17723420768182585,4.565321440935403,0.01,0.07597299203492142,0.16486201116278534,4.309535560521355,0.01,0.14141592525370317,0.4167523311245197,46.297241059741815,0.01,0.14052472721858783,0.3338648621751471,9.363123833920662,0.01,0.08715669604231265,0.14086417590318653,13.395881630647825
5.72,26.86054553600007,26.089019492737748,0.7715260432623248,-0.35325735502655436,6.498275454689805,0.06216573834259491,0.4039700915943534,0.4039700915943534,0.4039700915943534,0.0,0.0,0,0.01,0.01,0.14694891459493903,0.28814666329795197,20.199294496998274,0.01,0.08089935361731294,0.17714797443387126,4.570946390836131,0.01,0.07588897843730082,0.16477577791483075,4.314236359631129,0.01,0.14149618939977301,0.4168394587341038,46.51259416054975,0.01,0.14060888482673065,0.3339519897847311,9.40214323152759,0.01,0.08720336986163145,0.14091147387897016,13.449019046207546
5.73,26.64028939362958,25.888504713568587,0.7517846800609927,-0.34643869137237276,6.356056901029996,0.06193046162467591,0.39363353799349465,0.39363353799349465,0.39363353799349465,0.0,0.0,0,0.01,0.01,0.1468685245633758,0.28806204719928974,20.102096003438355,0.01,0.0808165633185649,0.177063358335209,4.576961597914382,0.01,0.07580652759440007,0.1646911618161685,4.319311681072048,0.01,0.1415746004281913,0.4169245570266521,46.723199984066824,0.01,0.14069111827157754,0.33403708807727944,9.43986652482371,0.01,0.08724921655118657,0.14095792110378455,13.500232958518867
5.74,26.42374716681485,25.69193424328073,0.7318129235341209,-0.3394956536586205,6.210351130202139,0.06169962739562607,0.3831763507294772,0.3831763507294772,0.3831763507294772,0.0,0.0,0,0.01,0.01,0.14678969005451212,0.2879790871079021,20.00776636567807,0.01,0.08073537994917772,0.1769803982438214,4.583282953275197,0.01,0.07572568010796377,0.16460820172478088,4.324682271992359,0.01,0.14165114066088633,0.41700761027343697,46.92906202369306,0.01,0.14077140650099312,0.3341201413240643,9.47635498287619,0.01,0.08729421170505383,0.14100349481315042,13.549653705958402
5.75,26.2109375,25.49936087334414,0.7115766266558576,-0.3324923809113546,6.060852323945422,0.0614733094534197,0.3725806504613749,0.3725806504613749,0.3725806504613749,0.0,0.0,0,0.01,0.01,0.1467124366728144,0.2878978066750357,19.91619438511179,0.01,0.08065583017734235,0.17689911781095494,4.589818648354476,0.01,0.07564646207068752,0.16452692129191443,4.330261699832004,0.01,0.14172580615677768,0.4170886180502104,47.13023562375583,0.01,0.14084974251249824,0.33420114910083776,9.511687368921047,0.01,0.08733833882268534,0.14104818051036322,13.597443894701424
5.76,26.001877722074088,25.31080052638153,0.6910771956925559,-0.32549336960323555,5.9075606052851315,0.06125153810268248,0.36184717350852824,0.36184717350852824,0.36184717350852824,0.0,0.0,0,0.01,0.01,0.14663677533719668,0.2878182138896195,19.827245753653802,0.01,0.08057792552896714,0.1768195250255388,4.596473485851075,0.01,0.07556888446868273,0.1644473285064983,4.335960414410189,0.01,0.14179860696547103,0.41716759532557574,47.32682352811177,0.01,0.14092613374659985,0.3342801263762031,9.545956015270798,0.01,0.08738158969478597,0.14109197225279158,13.643790017176217
5.7700000000000005,25.79658382859261,25.12623291401817,0.6703509145744367,-0.318560482474677,5.75078134279807,0.061034300761919895,0.35099491809237493,0.35099491809237493,0.35099491809237493,0.0,0.0,0,0.01,0.01,0.1465627023841248,0.2877403013524406,19.74076927408748,0.01,0.08050166247318824,0.1767416124883599,4.603153335368833,0.01,0.07549294328848784,0.1643694159693194,4.341689941600797,0.01,0.14186956673745169,0.4172445718406187,47.518969177389025,0.01,0.1410006018163718,0.33435710289124604,9.579262240532005,0.01,0.0874239644017246,0.1411348725372114,13.68889282183607
5.78,25.595070464000052,24.94560386040417,0.6494666035958823,-0.31175012713584316,5.5911095477272665,0.0608215445488849,0.34005991843478967,0.34005991843478967,0.34005991843478967,0.0,0.0,0,0.01,0.01,0.14649020033986804,0.2876640472563667,19.656603819577494,0.01,0.08042702319972132,0.17666535839228598,4.609769521252998,0.01,0.07541862031314278,0.16429316187324547,4.347367008411718,0.01,0.14193872172444658,0.41731959082510595,47.706848092826306,0.01,0.14107318160262988,0.3344321218757333,9.611711321351077,0.01,0.0874654709299737,0.14117689179484752,13.732956880805789
5.79,25.397350903851894,24.768829155486156,0.6285217483657386,-0.3051107382772311,5.429400241333225,0.060613180692752136,0.3290932178812028,0.3290932178812028,0.3290932178812028,0.0,0.0,0,0.01,0.01,0.14641923931525108,0.2875894170150676,19.574585676653225,0.01,0.08035397704054682,0.17659072815098692,4.616242929180556,0.01,0.07534588455894035,0.1642185316319464,4.352917398742472,0.01,0.14200611923053258,0.4173927071254757,47.89065779541186,0.01,0.14114391977168214,0.3345052381761031,9.643407264097258,0.01,0.08750612443015506,0.1412180475256266,13.776179869630287
5.8,25.203437037037023,24.595799730187387,0.6076373068496344,-0.2986806806649585,5.266726366132206,0.06040909053491728,0.31815814987431634,0.31815814987431634,0.31815814987431634,0.0,0.0,0,0.01,0.01,0.1463497789469859,0.28751636545213155,19.494555897600865,0.01,0.08028248245814851,0.17651767658805084,4.622507628488171,0.01,0.07527469427436435,0.16414548006901036,4.358279349250646,0.01,0.14207181559810553,0.41746398484559366,48.07060679473062,0.01,0.1412128727970023,0.33457651589622106,9.674447642781994,0.01,0.08754594615699178,0.14125836311831788,13.818742114649284
5.8100000000000005,25.013339347999985,24.42638788490311,0.5869514630968721,-0.29248666782696825,5.104326421738732,0.06020913280629587,0.3073270674131523,0.3073270674131523,0.3073270674131523,0.0,0.0,0,0.01,0.01,0.14628177078446883,0.28744483943668026,19.416367290576996,0.01,0.08021248949644846,0.17644615057259955,4.628513829202845,0.01,0.07520499939685156,0.16407395405355904,4.363406315761336,0.01,0.14213587383209514,0.4175334946217326,48.24690323520125,0.01,0.1412801045864353,0.33464602567235996,9.704918774672976,0.01,0.08758496214606204,0.14129786641788125,13.86079697016188
5.82,24.827066898962926,24.260454256000664,0.5666126429622612,-0.28654276468193524,4.94354449213683,0.06001315181150886,0.29667768609355605,0.29667768609355605,0.29667768609355605,0.0,0.0,0,0.01,0.01,0.14621516100099338,0.2873747808317808,19.339890698895275,0.01,0.08014394256990978,0.1763760919677001,4.634230025847398,0.01,0.07513674434258001,0.1640038954486596,4.3682689721098,0.01,0.1421983609801135,0.41760131066762685,48.419743803303085,0.01,0.14134568383202079,0.3347138417182542,9.73489149251903,0.01,0.08762320169406207,0.14133658811275687,13.902462555701522
5.83,24.64462731214809,24.097855174421888,0.5467721377262021,-0.2808500127811706,4.7857656727535085,0.059820986111922665,0.28628922184470385,0.28628922184470385,0.28628922184470385,0.0,0.0,0,0.01,0.01,0.1461498932945595,0.28730612960900476,19.265020263535142,0.01,0.08007678345194341,0.17630744074492405,4.63964422261756,0.01,0.07506987099040474,0.16393524422588354,4.372856343504348,0.01,0.14225934539502563,0.41766750773319894,48.58930347657995,0.01,0.14140968120968908,0.3347800387838263,9.764417741741173,0.01,0.0876606957177979,0.1413745600224964,13.943815313775989
5.84,24.466026751999976,23.938450057242342,0.5275766947576362,-0.2753966859115443,4.632350088429938,0.05963247728172516,0.2762385114092958,0.2762385114092958,0.2762385114092958,0.0,0.0,0,0.01,0.01,0.1460859118364316,0.2872388269769112,19.19167742186857,0.01,0.08001095431635323,0.17624013811283049,4.644764183822703,0.01,0.07500432171392142,0.16386794159378998,4.377176023042553,0.01,0.14231889400941536,0.4177321581214193,48.75572663562034,0.01,0.1414721665605836,0.3348446891720467,9.793528183883101,0.01,0.08769747507197154,0.14141181336974026,13.98488574430148
5.8500000000000005,24.29126990740741,23.782108477447252,0.5091614299601581,-0.2701591531580459,4.484568712882514,0.059447478314511006,0.2665963013090178,0.2665963013090178,0.2665963013090178,0.0,0.0,0,0.01,0.01,0.14602316412554675,0.2871728183731497,19.119813466870845,0.01,0.0799464006853325,0.17617412950906897,4.649616706293635,0.01,0.07494004231566781,0.16380193299002846,4.381253469646314,0.01,0.1423770697484793,0.4177953289018288,48.91911997011876,0.01,0.14153320618440984,0.3349078599524562,9.822230927613832,0.01,0.0877335689068114,0.14144837711997296,14.025656540762073
5.86,24.120359973925893,23.62871657863865,0.4916433952872457,-0.2651032976868504,4.34354406123178,0.059265861281579776,0.2574238798033923,0.2574238798033923,0.2574238798033923,0.0,0.0,0,0.01,0.01,0.14596160361367225,0.2871080561790296,19.049410569954333,0.01,0.07988307414436654,0.17610936731494894,4.654245963101812,0.01,0.07487698472454123,0.16373717079590844,4.385130435080574,0.01,0.14243392919916165,0.41785707944693107,49.079547497116096,0.01,0.14159286036801833,0.3349696104975584,9.850511440648143,0.01,0.08776900314370373,0.14148427646790168,14.066063209316379
5.87,23.953298635999978,23.478182538452284,0.4751160975476945,-0.2601864138626251,4.210198542493922,0.05908752388566814,0.24877020694301477,0.2487702069430148,0.24877020694301477,0.0,0.0,0,0.01,0.01,0.1459011919794011,0.28704450203116616,18.98048125152624,0.01,0.07982093469784118,0.17604581316708545,4.658711016612895,0.01,0.07481510933114106,0.16367361664804495,4.388862613293108,0.01,0.14248952063924053,0.41791745939965486,49.23702788422246,0.01,0.141651181259653,0.3350299904502822,9.87833362584902,0.01,0.08780379914037824,0.14151953154097338,14.105997104140945
5.88,23.79008604918516,23.330440834975853,0.459645214209304,-0.25535948400772135,4.085212847858748,0.05891239461262237,0.24066967136960937,0.2406696713696094,0.24066967136960937,0.0,0.0,0,0.01,0.01,0.14584190094788282,0.2869821286262705,18.913066361962088,0.01,0.07975995265842681,0.17598343976218978,4.66308264052396,0.01,0.07475438685515062,0.16361124324314927,4.392516644113769,0.01,0.14254388251125685,0.41797650715736334,49.39153414228373,0.01,0.14170821118145216,0.33508903820799074,9.905641978512236,0.01,0.08783797260722634,0.14155415637901128,14.145310677022483
5.89,23.630720822370407,23.18545513167701,0.44526569069339805,-0.2505697200220333,3.968996237098238,0.058740436255350255,0.23314057046299408,0.23314057046299408,0.23314057046299408,0.0,0.0,0,0.01,0.01,0.14578371357659434,0.2869209209411377,18.84723170719806,0.01,0.07970010998736052,0.175922232077057,4.667439622524909,0.01,0.07469479966300074,0.1635500355580165,4.3961666331163425,0.01,0.14259704240355137,0.41803424893163055,49.54299563006835,0.01,0.14176398145066582,0.33514677998225795,9.932364684491153,0.01,0.0878715328234982,0.14158815823481607,14.183824623656538
5.9,23.475199999999944,23.043219665114034,0.43198033488591103,-0.2457632447919038,3.8616699963829113,0.058571647665560486,0.22618437442880612,0.22618437442880612,0.22618437442880612,0.0,0.0,0,0.01,0.01,0.1457266249542381,0.28686087681905587,18.783063514574934,0.01,0.07964140103033335,0.17586218795497519,4.6718647402808955,0.01,0.07463634248165447,0.16348999143593468,4.399890368838771,0.01,0.14264901657538254,0.4180906984145497,49.69130220446435,0.01,0.14181851175470858,0.3352032294651771,9.958417474273686,0.01,0.08790448218708154,0.14162153722458418,14.221336522141872
5.91,23.32351904429629,22.90375909260619,0.4197599516901015,-0.2408877841101933,3.7630647045844214,0.058406063675275156,0.2197857967501382,0.2197857967501382,0.2197857967501382,0.0,0.0,0,0.01,0.01,0.14567064228866505,0.2868020069047696,18.720662983286832,0.01,0.07958383262341666,0.1758033180406889,4.676440612874208,0.01,0.0745790224840289,0.1634311215216484,4.403765427168198,0.01,0.14269981003642335,0.4181458570530975,49.83631025811371,0.01,0.14187181009787875,0.3352583881037248,9.983708018260758,0.01,0.08793681611507029,0.141654286339935,14.25763050326776
5.92,23.1756718174815,22.767126830597064,0.4085449868844362,-0.23589524170970574,3.6727312903363942,0.05824375321776427,0.21391365490951386,0.21391365490951386,0.21391365490951386,0.0,0.0,0,0.01,0.01,0.14561578438914677,0.28674433394129906,18.660140198779114,0.01,0.07952742357387362,0.17574564507721835,4.68124562836665,0.01,0.07452285875187654,0.16337344855817784,4.407865350976692,0.01,0.14274941716425468,0.4181997149044654,49.977850313983566,0.01,0.1419238733097674,0.3353122459550928,10.008140633655868,0.01,0.08796852329521826,0.14168639181602674,14.292487466979892
5.93,23.031650563999957,22.633401985239924,0.39824857876003344,-0.23074403772408783,3.5899652169977583,0.0580848157623379,0.2085224682225162,0.2085224682225162,0.2085224682225162,0.0,0.0,0,0.01,0.01,0.14556208057696512,0.28668789147189244,18.601607711164277,0.01,0.07947220355034275,0.17568920260781176,4.686350136866022,0.01,0.07446788115143575,0.16331700608877125,4.4122560823434895,0.01,0.14279782281815795,0.4182522520186478,50.1157357933744,0.01,0.14197468807853633,0.33536478306927514,10.031621072159389,0.01,0.08799958627148735,0.14171783383346687,14.325695360551586
5.94,22.8914458927407,22.50268504156584,0.388760851174859,-0.22540110394794546,3.5138425240052675,0.05792937625550903,0.20355470567570866,0.20355470567570866,0.20355470567570866,0.0,0.0,0,0.01,0.01,0.14550956908481893,0.2866327220178156,18.54517408456506,0.01,0.07941821144436689,0.17563403315373488,4.6918130790941195,0.01,0.07441412868445653,0.16326183663469435,4.416992806340358,0.01,0.1428450038848268,0.4183034402711438,50.24977253867317,0.01,0.1420242324477829,0.33541597132177114,10.054061167685747,0.01,0.0880299823310794,0.1417485875162628,14.357059057365394
5.95,22.755046759259272,22.375092533599776,0.3799542256594971,-0.21984344698709113,3.443265906445686,0.05777757882895315,0.19894356733871243,0.19894356733871243,0.19894356733871243,0.0,0.0,0,0.01,0.01,0.14545829502876784,0.28657887482633904,18.490937717815143,0.01,0.07936549328931924,0.17558018596225833,4.697679194796592,0.01,0.0743616474010736,0.1632079894432178,4.4221173412151575,0.01,0.14289093117266485,0.4183532455494353,50.37976865374499,0.01,0.14207247769489642,0.3354657766000627,10.075383141829313,0.01,0.08805968464634213,0.1417786241745782,14.386409413525845
5.96,22.62244044800001,22.250750962541044,0.3716894854589656,-0.21405921191462138,3.3770185532400174,0.057629579589474046,0.19461615948907607,0.19461615948907607,0.19461615948907607,0.0,0.0,0,0.01,0.01,0.14540830805531837,0.286526403302152,18.438981218644685,0.01,0.07931409984237678,0.1755277144380713,4.703976925335245,0.01,0.07431048798037466,0.16315551791903077,4.427656181590682,0.01,0.14293557155696548,0.41840163018270793,50.5055442208348,0.01,0.14211939049265288,0.33551416123333533,10.095523389019538,0.01,0.08808866361342158,0.14180791273015897,14.413611128588474
5.97,22.49361255451852,22.129790261730268,0.36382229278825245,-0.20804820338408414,3.313823108648819,0.057485538845484165,0.19049690703929478,0.19049690703929478,0.19049690703929478,0.0,0.0,0,0.01,0.01,0.145359659780008,0.28647536224870107,18.38936658377861,0.01,0.07926408394947446,0.1754766733846204,4.710717091814338,0.01,0.07426070309857125,0.16310447686557988,4.4336192704116035,0.01,0.14297889026904495,0.41844855549562937,50.626940463381025,0.01,0.14216493524498922,0.3355610865462567,10.11443559113898,0.01,0.08811688832101514,0.1418364212544346,14.438569092044027
5.98,22.368546967703693,22.01233712429099,0.35620984341270334,-0.20182184719384177,3.252402888952431,0.05734561314666238,0.18651103786695322,0.18651103786695322,0.18651103786695322,0.0,0.0,0,0.01,0.01,0.14531240114189609,0.2864258050530919,18.342131398268364,0.01,0.07921549782155227,0.17542711618901116,4.717892395678006,0.01,0.07421234471284799,0.16305491966997065,4.43999954301031,0.01,0.143020853218588,0.4184939843641128,50.743827947987434,0.01,0.14220907648279746,0.3356065154147402,10.132093041233937,0.01,0.08814432807741747,0.14186411854482806,14.461232957632218
5.99,22.247225851999968,21.898508511421472,0.3487173405784966,-0.19540260187132422,3.191542388685402,0.05720994751757124,0.18258797255679582,0.18258797255679582,0.18258797255679582,0.0,0.0,0,0.01,0.01,0.14526657980044433,0.2863777809489338,18.29728621967963,0.01,0.07916839035258905,0.17537909208485308,4.7254777536350305,0.01,0.07416546139095512,0.16300689556581258,4.446773253876067,0.01,0.14306142924003312,0.4185378836538535,50.856113457221376,0.01,0.1422517812061872,0.33565041470448087,10.148490087473562,0.01,0.08817095392243156,0.1418909756638884,14.481599751744255
6.0,22.129629629629623,21.788405646363042,0.34122398326657705,-0.18882285574412927,3.130144155681319,0.057078668252026676,0.17866445984315416,0.17866445984315416,0.17866445984315416,0.0,0.0,0,0.01,0.01,0.14522223769734688,0.2863313324858858,18.25481325818914,0.01,0.07912280460588796,0.1753326436218051,4.7334314439795335,0.01,0.07412009581241304,0.16296044710276458,4.453901064012491,0.01,0.14310059216046508,0.418580226430712,50.96374521744701,0.01,0.1422930210656784,0.33569275748133937,10.163642641294492,0.01,0.08819674005264973,0.14191696736853812,14.499714392194216
6.01,22.015736962814838,21.682108771816882,0.33362819099795665,-0.18212336899396397,3.067279301913744,0.05695187660367747,0.1746873123116055,0.1746873123116055,0.1746873123116055,0.0,0.0,0,0.01,0.01,0.14517940889621472,0.28628649332299855,18.214666403953373,0.01,0.0790787755851201,0.17528780445891787,4.741697007584339,0.01,0.07407628255710283,0.16291560793987736,4.461329835140647,0.01,0.14313832259766396,0.4186209938452169,51.06671623367607,0.01,0.14233277428563026,0.33573352489584424,10.17758772822628,0.01,0.08822166509392769,0.14194207336284262,14.51566806972712
6.0200000000000005,21.90552473599997,21.579672908415656,0.325851827584312,-0.17535134122233195,3.0022292409031754,0.05682964366115049,0.17061561794961377,0.17061561794961377,0.17061561794961377,0.0,0.0,0,0.01,0.01,0.14513811779815655,0.2862432864458481,18.17677259042598,0.01,0.0790363283912964,0.1752445975817674,4.7502058146842625,0.01,0.07403404628157464,0.16287240106272688,4.468995046855341,0.01,0.14317460941195798,0.41866017661081345,51.16506556474687,0.01,0.142371027248113,0.33577270766144085,10.190382096339771,0.01,0.08824571316325537,0.14196627931695954,14.52959452778199
6.03,21.7989680380741,21.48112480078792,0.3178432372861796,-0.16855820208698574,2.9345166878785176,0.056712006635599235,0.1664223298752432,0.1664223298752432,0.1664223298752432,0.0,0.0,0,0.01,0.01,0.14509837781198803,0.2862017228857816,18.14103441886377,0.01,0.07899547684691792,0.17520303402170093,4.758880179198676,0.01,0.07399340036341974,0.16283083750266042,4.476823725294958,0.01,0.1432094507535037,0.418697776016117,51.25887746605363,0.01,0.14240777567348148,0.3358103070667444,10.202099935428924,0.01,0.08826887467321012,0.141989577606867,14.541664366807904
6.04,21.696040144592637,21.38646117831329,0.3095789662793444,-0.1617972347654978,2.863924504200344,0.05659896671756418,0.16209516769485177,0.16209516769485177,0.16209516769485177,0.0,0.0,0,0.01,0.01,0.145060190535006,0.28616180099443095,18.10733390865771,0.01,0.07895622264505864,0.17516311213035024,4.7676368767487425,0.01,0.07395434607052213,0.16279091561130973,4.484737747984153,0.01,0.14324285466663625,0.41873380443431685,51.34827842959289,0.01,0.14244302535412884,0.33584633548494425,10.212829799289798,0.01,0.08829114684518621,0.1420119677434816,14.552077593256486
6.05,21.59671249999997,21.295648392800448,0.3010641071995233,-0.1551211487633767,2.790501584646506,0.05649048858226483,0.1576367979062654,0.1576367979062654,0.1576367979062654,0.0,0.0,0,0.01,0.01,0.14502354547510954,0.28612350629923355,18.075537182323522,0.01,0.0789185550552234,0.17512481743515287,4.776390902088021,0.01,0.07391687228610357,0.16275262091611237,4.492657370381159,0.01,0.1432748392340538,0.41876828531695254,51.43343225788167,0.01,0.142476792419299,0.3358808163675799,10.222670862307462,0.01,0.08831253391196477,0.1420334564751895,14.561054728927546
6.0600000000000005,21.500954699851835,21.208623428239772,0.2923312716120646,-0.14857971957354824,2.714555641868188,0.05638650154167781,0.1530642958851708,0.1530642958851708,0.1530642958851708,0.0,0.0,0,0.01,0.01,0.14498842031876147,0.28608681193740726,18.04549984746405,0.01,0.07888245119076755,0.17508812307332652,4.785059287879611,0.01,0.07388095579346421,0.16271592655428602,4.500504806901924,0.01,0.14330543226487388,0.41880125268343343,51.51453341281071,0.01,0.14250910313045556,0.3359137837340608,10.231728677812798,0.01,0.08833304700522805,0.142054057563828,14.568826884007859
6.07,21.408734473037114,21.125296211808013,0.2834382612291006,-0.14221760787664742,2.636633400898174,0.056286902262071184,0.14840792653726786,0.14840792653726786,0.14840792653726786,0.0,0.0,0,0.01,0.01,0.1449547817231347,0.2860516796380335,18.017072802651068,0.01,0.07884787681577315,0.17505299077395284,4.793564800966029,0.01,0.07384656209751529,0.16268079425491233,4.508207693907488,0.01,0.143334670551133,0.41883275014081855,51.59179897612994,0.01,0.14253999322765185,0.33594528119144595,10.240110636644971,0.01,0.08835270373859837,0.14207379124998704,14.575625272456326
6.08,21.320017663999984,21.045553093684205,0.2744645703157789,-0.13607246062009465,2.5574893417913804,0.056191558891031224,0.14370931296245504,0.14370931296245504,0.14370931296245504,0.0,0.0,0,0.01,0.01,0.14492258658604756,0.2860180611959972,17.99010817329748,0.01,0.07881478764384536,0.1750193723319165,4.8018393355559725,0.01,0.0738136467348909,0.162647175812876,4.515702265436939,0.01,0.14336259873626475,0.41886282948949016,51.66545963764742,0.01,0.14256950686681633,0.33597536054011756,10.247921347145732,0.01,0.08837152751100986,0.1420926834383351,14.581670700015696
6.09,21.234768214962966,20.969261308982666,0.2655069059802977,-0.13017338100309125,2.478044686272846,0.05610031637212767,0.13901909088417652,0.13901909088417652,0.13901909088417652,0.0,0.0,0,0.01,0.01,0.14489178372513425,0.28598590035874577,17.964465078134843,0.01,0.07878313105852729,0.17498721149466503,4.809826835782501,0.01,0.07378215700181573,0.16261501497562453,4.5229360848810485,0.01,0.14338926785574507,0.418891548988516,51.73575018363198,0.01,0.14259769520515023,0.33600408003914334,10.255258169455214,0.01,0.08838954656804578,0.1421107646467975,14.58716357866849
6.1000000000000005,21.15294814814808,20.896274190819625,0.2566739573284574,-0.12453983496992013,2.3993387852022092,0.056013002671410544,0.13439416978515029,0.13439416978515029,0.13439416978515029,0.0,0.0,0,0.01,0.01,0.1448623158791768,0.2859551350282756,17.940014938377878,0.01,0.07875284816600232,0.17495644616419487,4.817485602686196,0.01,0.07375203401006063,0.16258424964515436,4.529870197246936,0.01,0.143414733623797,0.4189189713689226,51.80289998668458,0.01,0.1426246147063232,0.33603150241954993,10.262207135454615,0.01,0.08840679286972813,0.14212806877417022,14.592275009265768
6.11,21.074517547999953,20.826436871257986,0.24808067674196957,-0.11918103934064178,2.3224754048953886,0.055929435600435784,0.12989473859169265,0.12989473859169265,0.12989473859169265,0.0,0.0,0,0.01,0.01,0.14483412193049577,0.2859256996672601,17.916646068692735,0.01,0.07872387607632883,0.1749270108031794,4.824789872089893,0.01,0.07372321496709767,0.1625548142841389,4.536480596233181,0.01,0.1434390545502702,0.41894516169317775,51.8671239958728,0.01,0.14265032524834353,0.33605769274380515,10.268839469530626,0.01,0.08842330082166001,0.14214463174863973,14.597139424884963
6.12,20.999434543407382,20.759592188016,0.23984235539138216,-0.11409585240400759,2.248566616538226,0.055849429897201736,0.12558116361953975,0.12558116361953975,0.12558116361953975,0.0,0.0,0,0.01,0.01,0.14480713923838257,0.28589752779039557,17.894267330541595,0.01,0.07869615030026698,0.17489883892631486,4.831730588208312,0.01,0.0736956355675956,0.16252664240727435,4.542758936530368,0.01,0.14346228997815963,0.4189701851645046,51.92861469260011,0.01,0.1426748881244653,0.33608271621513197,10.275208894953913,0.01,0.08843910593203311,0.14216049012435913,14.601849203188495
6.13,20.92765528992592,20.695586510057534,0.23206877986838334,-0.1092731629556947,2.178677057624777,0.05577280422007542,0.12151092899367666,0.12151092899367666,0.12151092899367666,0.0,0.0,0,0.01,0.01,0.14478130597011293,0.28587055442012976,17.872810681499725,0.01,0.07866960714517623,0.17487186555604906,4.8383153409563375,0.01,0.07366923238002825,0.16249966903700855,4.548712462185694,0.01,0.14348449813443767,0.4189941049900291,51.987535415665235,0.01,0.14269836403099093,0.33610663604065644,10.281349867299134,0.01,0.08845424345960021,0.14217567969452805,14.606451541661635
6.140000000000001,20.859133952000004,20.634275204440574,0.22485874755943,-0.10469274967006506,2.113771258952082,0.055699387720435235,0.11773576490468451,0.11773576490468451,0.11773576490468451,0.0,0.0,0,0.01,0.01,0.144756563318187,0.2858447183899247,17.852232514920125,0.01,0.07864418599556146,0.174846029525844,4.844567479850425,0.01,0.0736439451144678,0.1624738330068035,4.554363164014615,0.01,0.1435057342848541,0.4190169803972529,52.044015373550785,0.01,0.1427208111351646,0.3361295114478803,10.287276823182017,0.01,0.08846874711718138,0.14219023418734497,14.610947753534619
6.15,20.793822685185095,20.575527489311224,0.2182951958738719,-0.10032656054683355,2.0546665244853264,0.055629025886417716,0.11429909727855014,0.11429909727855014,0.11429909727855014,0.0,0.0,0,0.01,0.01,0.14473285749988807,0.2858199643877533,17.832513749187445,0.01,0.07861983137142362,0.17482127552367263,4.850524461000943,0.01,0.07361971866538586,0.16244907900463212,4.559746219804009,0.01,0.14352604907718441,0.41903886489422726,52.09814656045559,0.01,0.1427422833115187,0.3361513959448546,10.292984473659907,0.01,0.08848264789167179,0.14220418410595195,14.6152949980962
6.16,20.731671618370378,20.51923045227284,0.21244116609753622,-0.09614034302278063,2.0019935297440075,0.05556158539112169,0.1112339344553448,0.11123393445534478,0.1112339344553448,0.0,0.0,0,0.01,0.01,0.14471014144757374,0.2857962446470532,17.81365869047245,0.01,0.07859649467015142,0.1747975557829725,4.856235523302976,0.01,0.07359650483600232,0.16242535926393198,4.5649078080268435,0.01,0.14354548714734947,0.4190598048505846,52.14998268281537,0.01,0.1427628286261818,0.3361723359012119,10.298449111601848,0.01,0.08849597303505127,0.14221755576537737,14.619410315403625
6.17,20.672628835999944,20.465292057570636,0.20733677842930848,-0.09209554002988762,1.9561663874849469,0.05549695773152482,0.1085612833220817,0.1085612833220817,0.1085612833220817,0.0,0.0,0,0.01,0.01,0.14468837611460766,0.28577352021101743,17.795692753614674,0.01,0.07857413551456428,0.17477483134693672,4.861758822733007,0.01,0.07357426366768823,0.16240263482789621,4.569902416310726,0.01,0.14356408604935567,0.41907983845996843,52.199540093649055,0.01,0.14278248813613253,0.33619236951059583,10.303630845902696,0.01,0.0885087452718838,0.1422303705690141,14.623176708022179
6.18,20.61664036029624,20.413643017231106,0.20299734306513617,-0.08815135642649681,1.917363440941549,0.055435061506345557,0.10628916027861313,0.10628916027861313,0.10628916027861313,0.0,0.0,0,0.01,0.01,0.14466753134161084,0.28575176171790323,17.77865917952326,0.01,0.07855272264997336,0.17475307285382255,4.867158178214951,0.01,0.0735529643182266,0.16238087633478204,4.574789788684988,0.01,0.1435818755537573,0.41909899512524107,52.24680062974895,0.01,0.14280129505473063,0.33621152617586847,10.308476626819276,0.01,0.08852098225770566,0.1422426445548757,14.62645090628282
6.19,20.563650133481435,20.364237457824398,0.19941267565703752,-0.08426689419192096,1.8855195097152067,0.05537584324893897,0.10441223281280554,0.10441223281280554,0.10441223281280554,0.0,0.0,0,0.01,0.01,0.14464758624973706,0.28573094967885715,17.762614931686674,0.01,0.07853223435572156,0.17473226081477644,4.872499597494231,0.01,0.0735325854553188,0.16236006429573593,4.579631669475039,0.01,0.14359887734113608,0.41911729528711583,52.29171615752608,0.01,0.14281927431681554,0.3362298263377432,10.31292388898871,0.01,0.08853269631009338,0.1422543882284207,14.629072378113895
6.2,20.5135999999999,20.317052373078354,0.19654762692154853,-0.08040325367890877,1.8603297575957745,0.055319276801696744,0.10291209680287405,0.10291209680287405,0.10291209680287405,0.0,0.0,0,0.01,0.01,0.1446285291508406,0.28571107424441244,17.747625987622037,0.01,0.07851265836045276,0.17471238538033174,4.87784775684951,0.01,0.07351311515545458,0.16234018886129123,4.5844885065207865,0.01,0.14361510509784586,0.4191347506955847,52.334214560611485,0.01,0.14283644255712843,0.33624728174621205,10.31690461367393,0.01,0.08854389442071885,0.14226560668476124,14.63087309909307
6.21,20.466429688740817,20.27208591036552,0.19434377837529743,-0.07652550195325367,1.8412648000659064,0.055265361287963874,0.10175816440245289,0.10175816440245289,0.10175816440245289,0.0,0.0,0,0.01,0.01,0.1446103569875774,0.2856921344801385,17.733762262694974,0.01,0.07849399127418502,0.1746934456160578,4.88326260471552,0.01,0.07349455032198508,0.16232124909701728,4.589416272763973,0.01,0.14363056500197513,0.41915136510271545,52.374206847536556,0.01,0.1428528084958031,0.3362638961533428,10.320349599741235,0.01,0.0885545785430197,0.1422763000092717,14.631687584864753
6.22,20.422076795259265,20.229354593431733,0.19272220182753358,-0.07260441750271596,1.8275961461084589,0.055214117802980064,0.10090910890750482,0.10090910890750482,0.10090910890750482,0.0,0.0,0,0.01,0.01,0.14459307433856072,0.28567413719477275,17.721092413426,0.01,0.07847623757298369,0.17467544833069207,4.888796247371978,0.01,0.07347689565881993,0.16230325181165156,4.594463553976992,0.01,0.14364525656912044,0.419167135336068,52.41159502129073,0.01,0.14286837370523628,0.3362796663866953,10.323192733096839,0.01,0.08856474613692703,0.14228646393259703,14.631362699861535
6.23,20.38047676400005,20.188889632188832,0.19158713181121945,-0.06861793287641427,1.8184305963534697,0.05516558500385298,0.1003147876367444,0.1003147876367444,0.1003147876367444,0.0,0.0,0,0.01,0.01,0.1445766920436602,0.2856570953845278,17.709678766009514,0.01,0.0784594081925985,0.1746584065204471,4.8944902562957715,0.01,0.07346016225657344,0.16228621000140658,4.599669032947339,0.01,0.14365917381106313,0.41918205269500153,52.44628033289861,0.01,0.14288313371481975,0.3362945837456289,10.325375054811525,0.01,0.0885743909400454,0.1422960907044302,14.629766790362659
6.24,20.34156287051851,20.150732510834455,0.19083035968405354,-0.06455221247781372,1.8127518171636336,0.055119813827517426,0.0999185426775534,0.0999185426775534,0.0999185426775534,0.0,0.0,0,0.01,0.01,0.14456122552149872,0.2856410263742352,17.699572603633992,0.01,0.07844351880491471,0.1746423375101545,4.900373512913742,0.01,0.07344436586528923,0.16227014099111398,4.6050594781118885,0.01,0.14367230664659789,0.4191961045982613,52.47817153688104,0.01,0.14289707939471474,0.3363086356488887,10.326848446893319,0.01,0.08858350392435586,0.14230517014068989,14.626797739772726
6.25,20.30526620370372,20.1149300762698,0.19033612743391995,-0.06040232101686541,1.8094669953235165,0.055076861602940695,0.09965976327652226,0.09965976327652226,0.09965976327652226,0.0,0.0,0,0.01,0.01,0.1445466928644302,0.2856259497488536,17.690810024970038,0.01,0.07842858786471624,0.1746272608847729,4.906460678994485,0.01,0.07342952494133505,0.1622550643657324,4.6106483188565575,0.01,0.14368464249320428,0.41920927640101974,52.50719277586211,0.01,0.1429101985478248,0.3363218074516471,10.327578779262033,0.01,0.08859207438938486,0.14231369079129466,14.622389604825623
6.26,20.271515647999916,20.081529368507827,0.18998627949209146,-0.05617245817108071,1.8074562638402374,0.05503678584796346,0.09947658332253528,0.09947658332253528,0.09947658332253528,0.0,0.0,0,0.01,0.01,0.14453311280523254,0.28561188517710057,17.68340855626031,0.01,0.07841463452350246,0.17461319631301983,4.912751351018694,0.01,0.07341565856511986,0.16224099979397932,4.616434861747215,0.01,0.1436961679614088,0.4192215532933905,52.53329074368769,0.01,0.14292247763091276,0.3363340843440179,10.327548390018528,0.01,0.08860009113720237,0.14232164117090518,14.616517559306256
6.2700000000000005,20.24023786562962,20.050572442755787,0.189665422873834,-0.05187575589063069,1.805622486054344,0.05499963805118684,0.09930858319007307,0.09930858319007307,0.09930858319007307,0.0,0.0,0,0.01,0.01,0.1445205026540876,0.2855988502322621,17.67736466270725,0.01,0.07840167651159255,0.1746001613681814,4.919229925687026,0.01,0.0734027843306067,0.16222796484914093,4.622404172787366,0.01,0.14370687057076692,0.41923292219051134,52.55644081014411,0.01,0.14293390352169955,0.33634545324113874,10.326757802060014,0.01,0.08860754367179885,0.14232901099298745,14.609200944889858
6.28,20.21135727881477,20.02209142890934,0.18926584990542877,-0.047533655554163744,1.8029389976326686,0.05496545773494021,0.0990993672730539,0.0990993672730539,0.0990993672730539,0.0,0.0,0,0.01,0.01,0.14450887630402165,0.2855868583135127,17.672652262383266,0.01,0.07838972808936756,0.174588169449432,4.925866172466593,0.01,0.0733909163070575,0.1622159729303915,4.628527621531964,0.01,0.14371674040740434,0.41924337352659585,52.576651835289724,0.01,0.1429444652488251,0.3363559045772232,10.325226611654356,0.01,0.08861442336540555,0.1423357923483873,14.600504305423332
6.29,20.18479605200003,19.996104058650747,0.18869199334928588,-0.043174901888081284,1.7984930343107046,0.05493426707696668,0.09879889668288844,0.09879889668288844,0.09879889668288844,0.0,0.0,0,0.01,0.01,0.1444982423979496,0.2855759167644807,17.66922229879616,0.01,0.07837879816334636,0.1745772279004,4.93261647832472,0.01,0.07338006316816197,0.1622050313813595,4.634764054153467,0.01,0.14372577164779507,0.4192529028716724,52.593969457509374,0.01,0.14295415560556085,0.33636543392229973,10.32299351810032,0.01,0.08862072453709664,0.14234198077323704,14.590536361380547
6.3,20.16047407407406,19.972609864073508,0.1878642100005497,-0.038834208289702174,1.7915228115446515,0.05490606633706147,0.09836547033502951,0.09836547033502951,0.09836547033502951,0.0,0.0,0,0.01,0.01,0.14448860274110967,0.28556602527470765,17.667003379039116,0.01,0.07836888865319139,0.17456733641062694,4.939425700619718,0.01,0.07337022657399908,0.16219513989158643,4.641061535150045,0.01,0.14373396388155532,0.41926151229967573,52.60847770541031,0.01,0.14296297257576368,0.3363740433503031,10.32011549786319,0.01,0.08862644539433846,0.14234757615723034,14.57944696455354
6.3100000000000005,20.138308940592626,19.951587216132854,0.18672172445977323,-0.03455066311392419,1.781446559469362,0.05488083029213183,0.0977672663047402,0.0977672663047402,0.0977672663047402,0.0,0.0,0,0.01,0.01,0.14447995102949956,0.28555717463464236,17.665903434193464,0.01,0.07835999318221606,0.17455848577056166,4.946229537384506,0.01,0.07336139987768098,0.16218628925152115,4.647359572473681,0.01,0.143741323176993,0.41926921144960994,52.620298858928486,0.01,0.14297092051121532,0.33638174250023734,10.316666161437764,0.01,0.08863158879570271,0.14235258345178844,14.56742215966332
6.32,20.118215935999935,19.932991328059778,0.18522460794015871,-0.03036595788412306,1.7678822355565327,0.05485850583119384,0.09698337792814204,0.09698337792814204,0.09698337792814204,0.0,0.0,0,0.01,0.01,0.14447227194861004,0.2855493458966527,17.66581231006497,0.01,0.07835209614722587,0.17455065703257197,4.95295730071576,0.01,0.073353567211747,0.16217846051353146,4.6535917187376015,0.01,0.14374786284636693,0.4192760182369863,52.629591567030594,0.01,0.142978011012568,0.33638854928761364,10.31273336585433,0.01,0.08863616280232645,0.14235701314795535,14.554677566125784
6.33,20.100108015851852,19.91675330034902,0.18335471550283575,-0.026322525727076752,1.7506571167338527,0.05483901080330997,0.09600430453745923,0.09600430453745923,0.09600430453745923,0.0,0.0,0,0.01,0.01,0.14446554067811374,0.28554250997414293,17.66660515156822,0.01,0.07834517220440751,0.17454382111006225,4.959534960089912,0.01,0.07334670299024765,0.16217162459102175,4.659688423561863,0.01,0.14375360388261127,0.41928195918991645,52.636547314589706,0.01,0.1429842634809081,0.3363944902405438,10.308416189593176,0.01,0.08864018099638143,0.1423608815054898,14.541450377852325
6.34,20.083895789036905,19.902780232466935,0.18111555656996975,-0.02246168126023702,1.7298069867692383,0.05482223414934759,0.09483188366184059,0.09483188366184059,0.09483188366184059,0.0,0.0,0,0.01,0.01,0.14445972281813102,0.28553662768924803,17.668146405447697,0.01,0.07833918618744205,0.17453793882516735,4.965888308902411,0.01,0.07334077184194254,0.16216574230612685,4.665579999483445,0.01,0.1437585750549632,0.419287069402291,52.64138541606696,0.01,0.14298970532273653,0.3363996004529184,10.303821408116807,0.01,0.08864366255628195,0.14236421052697232,14.527990355731449
6.3500000000000005,20.069487500000047,19.890956374588356,0.17853112541169228,-0.01882185155551971,1.7055651561513334,0.05480803728582629,0.09347867867174842,0.09347867867174842,0.09347867867174842,0.0,0.0,0,0.01,0.01,0.1444547747322398,0.28553165025781074,17.670294236066837,0.01,0.07833409345305846,0.17453296139373004,4.971946100708821,0.01,0.0733357289691334,0.16216076487468956,4.671199557558317,0.01,0.14376281266679825,0.41929139211454836,52.64434679210306,0.01,0.14299437180723557,0.33640392316517576,10.299059635517356,0.01,0.08864663209005219,0.14236702768319637,14.514550251077567
6.36,20.056789010962905,19.881145243027287,0.17564376793561817,-0.015436981781371798,1.6783420521117725,0.05479625664914026,0.09196686183256142,0.09196686183256142,0.09196686183256142,0.0,0.0,0,0.01,0.01,0.14445064428252183,0.2855275201795093,17.672905129329397,0.01,0.0783298406288863,0.17452883131542857,4.977643002164811,0.01,0.07333152090638183,0.16215663479638806,4.676485769370124,0.01,0.1437663599943422,0.41929497794981707,52.64568685266365,0.01,0.14299830559037083,0.3364075090004444,10.294241318720024,0.01,0.0886491192396509,0.1423693654080495,14.501376142862217
6.37,20.04570378414808,19.87319257800713,0.1725112061409512,-0.012335189038678857,1.648696569653725,0.0547867072540577,0.09032665631238779,0.09032665631238779,0.09032665631238779,0.0,0.0,0,0.01,0.01,0.14444727191359716,0.2855241724821043,17.675838452179192,0.01,0.07832636671968148,0.1745254836180236,4.98292221814251,0.01,0.07332808663469385,0.16215328709898308,4.681385320250874,0.01,0.14376926643915386,0.4192978838488959,52.64566786107686,0.01,0.14300155593504477,0.3364104148995232,10.289472783204287,0.01,0.08865115807958711,0.1423712603918997,14.48869818994874
6.38,20.03613286399999,19.86692998418694,0.16920287981304657,-0.009537724327472243,1.6173007565399338,0.05477918707424396,0.08859442069781731,0.08859442069781731,0.08859442069781731,0.0,0.0,0,0.01,0.01,0.14444459202666826,0.2855215362527237,17.678960739998836,0.01,0.0783236045116802,0.174522847388643,4.98773766086205,0.01,0.07332535899057495,0.16215065086960245,4.685854933939478,0.01,0.14377158643978016,0.41930017176091383,52.64455118276069,0.01,0.14300417766961396,0.33641270281154123,10.284852531305287,0.01,0.08865278634240353,0.14237275271168617,14.476722288699541
6.390000000000001,20.027974859407376,19.86217906470449,0.16579579470289016,-0.007058286274206097,1.584899697981035,0.05477348201679006,0.08681047510578022,0.08681047510578022,0.08681047510578022,0.0,0.0,0,0.01,0.01,0.1444425345718179,0.2855195363766448,17.6821495014974,0.01,0.07832148220173425,0.17452084751256408,4.992055558529165,0.01,0.07332326629641642,0.16214865099352357,4.689862871214568,0.01,0.14377337819826455,0.4193019071569846,52.64258982757879,0.01,0.14300622993812084,0.33641443820761197,10.28046798468773,0.01,0.08865404451114103,0.14237388484302405,14.46562308391433
6.4,20.02112592592601,19.85875583971948,0.16237008620653398,-0.004902712112004458,1.552268656885711,0.05476937123893172,0.08501677833153143,0.08501677833153143,0.08501677833153143,0.0,0.0,0,0.01,0.01,0.14444102677775195,0.2855180953957209,17.68529635954964,0.01,0.07831992516858051,0.17451940653164014,4.99585542880756,0.01,0.07332173412954526,0.16214721001259963,4.693389833059386,0.01,0.1437747022848227,0.4193031574412778,52.64002167483404,0.01,0.14300777480415475,0.3364156884919052,10.276392841071461,0.01,0.08865497482442679,0.14237470060435156,14.455538706625072
6.41,20.015479747999958,19.856475231306863,0.15900451669309446,-0.003069052424357382,1.5201696067012036,0.05476663254422478,0.08325457025510352,0.08325457025510352,0.08325457025510352,0.0,0.0,0,0.01,0.01,0.1444399949332338,0.2855171353947432,17.68830938447197,0.01,0.0783188577984853,0.17451844653066254,4.999130376548063,0.01,0.07332068714232948,0.16214625001162203,4.696429230907457,0.01,0.14377562018866735,0.4193039903373815,52.63706372558865,0.01,0.14300887577601723,0.3364165213880089,10.27268518249693,0.01,0.08865562024311559,0.14237524408532254,14.44656751314424
6.42,20.01092752118515,19.855155398255107,0.15577212293004367,-0.0015480173383310345,1.489309265971811,0.0547650475976172,0.08156209283851856,0.08156209283851856,0.08156209283851856,0.0,0.0,0,0.01,0.01,0.14443936613377717,0.2855165798247332,17.691114521649116,0.01,0.0783182052767426,0.17451789096065254,5.001886711608772,0.01,0.07332005084513502,0.16214569444161203,4.698986820631754,0.01,0.14377619288446114,0.4193044723275004,52.63390766180197,0.01,0.1430095963235763,0.33641700337812774,10.26938643022308,0.01,0.08865602342834326,0.14237555861119602,14.438766979272911
6.43,20.00735793437038,19.85462171649958,0.15273621787079905,-0.0003237641465202262,1.460300612491074,0.054764406713658224,0.0799724966666654,0.0799724966666654,0.0799724966666654,0.0,0.0,0,0.01,0.01,0.14443906991069025,0.285516355177252,17.69365606455805,0.01,0.0783178952600406,0.17451766631317128,5.004142918783821,0.01,0.07331975326761561,0.16214546979413078,4.7010797307700924,0.01,0.14377647948213446,0.41930466721801113,52.63071691133819,0.01,0.14300999845672135,0.3364171982686385,10.266521192587279,0.01,0.0886562257794045,0.14237568579202972,14.432154774368426
6.44,20.004657152000043,19.854710210609003,0.14994694139103842,0.0006248290264388267,1.433629747426252,0.05476451298391908,0.0785120349170576,0.0785120349170576,0.0785120349170576,0.0,-0.0,0,0.01,0.01,0.14443903335504704,0.28551639242786436,17.69610768612586,0.01,0.07831785340847414,0.17451770356378365,5.006074915071714,0.01,0.07331971955698227,0.16214550704474315,4.702915218809213,0.01,0.14377653270313526,0.4193046349018245,52.627740976363334,0.01,0.14301014143207602,0.33641716595245186,10.264098055524766,0.01,0.08865626438766602,0.14237566470311944,14.426904615697365
6.45,20.00270879629623,19.855269606239325,0.14743919005690204,0.0013207968532252313,1.4096360625096016,0.05476518474673526,0.07719897938899878,0.07719897938899878,0.07719897938899878,0.0,-0.0,0,0.01,0.01,0.14443916648147148,0.2855166278993546,17.69939182308281,0.01,0.07831798493909607,0.17451793903527388,5.0084931638765,0.01,0.07331985995083506,0.16214574251623337,4.70522889162437,0.01,0.14377637973673454,0.4193044306205363,52.62595574070853,0.01,0.14301004706122644,0.33641696167116364,10.262578880345057,0.01,0.08865615774482878,0.14237553139451894,14.424559737266616
6.46,20.001393929481548,19.856162838510453,0.14523109097109438,0.0017913258167441205,1.3884976812093028,0.05476625740205859,0.07604282141127017,0.07604282141127017,0.07604282141127017,0.0,-0.0,0,0.01,0.01,0.14443944902250516,0.28551700389614315,17.702289613855907,0.01,0.07831826930704483,0.17451831503206244,5.010516214848767,0.01,0.07332015331594494,0.16214611851302194,4.707105189380047,0.01,0.14377610303867916,0.4193041044217163,52.62423366567937,0.01,0.14300978137686432,0.3364166354723437,10.261742508670347,0.01,0.08865596405216114,0.14237531853063157,14.422874006286072
6.47,20.00059103599998,19.85726925901115,0.14332177698883147,0.002066317794889692,1.3702102345772003,0.05476758606395924,0.0750431069479246,0.0750431069479246,0.0750431069479246,0.0,-0.0,0,0.01,0.01,0.14443984125665524,0.28551746963297914,17.704461808029045,0.01,0.0783186674245302,0.17451878076889843,5.011887415137145,0.01,0.07332055766744854,0.16214658424985792,4.708352547941462,0.01,0.14377574710572502,0.4193037003580098,52.62255929664907,0.01,0.1430094231992916,0.3364162314086372,10.261108341596492,0.01,0.08865571471418078,0.1423750548636716,14.421614113824019
6.48,20.000176004740702,19.85848551093079,0.1416904938099118,0.0021760284637117023,1.3545784281672397,0.05476904661265475,0.07418896907278816,0.07418896907278816,0.07418896907278816,0.0,-0.0,0,0.01,0.01,0.14444030012356848,0.2855179816031528,17.70592068994384,0.01,0.0783191354511198,0.17451929273907207,5.0126430294298645,0.01,0.07332102876494549,0.1621470962200316,4.709024334612624,0.01,0.14377534762710623,0.41930325617013653,52.62100399403775,0.01,0.14300901337944263,0.33641578722076393,10.260633374797147,0.01,0.08865543477187204,0.14237476502481147,14.420743977276375
6.49,20.00002211125917,19.859725021108765,0.14029709015040678,0.0021487121965914286,1.341220868281149,0.05477053508487348,0.07345938462275714,0.07345938462275714,0.07345938462275714,0.0,-0.0,0,0.01,0.01,0.1444407876952586,0.2855185033646279,17.70673896813643,0.01,0.07831963436438827,0.1745198145005472,5.012870412738354,0.01,0.07332152796674508,0.1621476179815067,4.709206976734492,0.01,0.14377493461026838,0.41930280347319454,52.619623672625835,0.01,0.14300858436972652,0.3364153345238219,10.260306024230696,0.01,0.0886551452767886,0.1423744696451358,14.420226596448577
6.5,20.0,19.86091635615588,0.1390836438441187,0.0020089549408756624,1.3295857596543192,0.05477196569965073,0.07282402562253043,0.07282402562253043,0.07282402562253043,0.0,-0.0,0,0.01,0.01,0.1444412721654159,0.28551900484808623,17.706993807566448,0.01,0.07832013132439973,0.17452031598400553,5.012657562584,0.01,0.07332202295835526,0.16214811946496502,4.708983139799437,0.01,0.1437745328845208,0.4193023683567063,52.618462157768505,0.01,0.14300816295801583,0.3364148994073337,10.260116630946488,0.01,0.0886548636464908,0.1423741857474226,14.420027244672148
6.51,20.00002211125926,19.862000744304222,0.1380213669550397,0.0017763857746321372,1.3193994358650405,0.05477326788205059,0.0722678187440623,0.0722678187440623,0.0722678187440623,0.0,-0.0,0,0.01,0.01,0.14444172727847027,0.28551946131382727,17.706751632845158,0.01,0.07832059919110106,0.17452077244974656,5.012079901262167,0.01,0.07332248709035484,0.16214857593070606,4.708422508386895,0.01,0.14377416287236827,0.4193019722888118,52.61755580955731,0.01,0.1430077711850704,0.3364145033394391,10.260057277276335,0.01,0.08865460420506555,0.14237392733679904,14.420117872879146
6.5200000000000005,20.00017600474074,19.862929886897266,0.1372461178434743,0.001467948324507065,1.3119618056831328,0.05477438363462479,0.07186189925846298,0.07186189925846298,0.07186189925846298,0.0,-0.0,0,0.01,0.01,0.14444213141456969,0.2855198524306013,17.706068490761922,0.01,0.07832101561034807,0.1745211635665206,5.011200676016256,0.01,0.07332289842466276,0.16214896704748008,4.7075833511315395,0.01,0.14377384138029875,0.41930163291449407,52.61693378358246,0.01,0.14300742719351595,0.33641416396512147,10.26012108477984,0.01,0.08865437873856852,0.14237370592239515,14.420474135917285
6.53,20.000591036,19.863667920984064,0.13692311501593718,0.0011100520524094824,1.3088529826072461,0.05477526989367221,0.07169277537344976,0.07169277537344976,0.07169277537344976,0.0,-0.0,0,0.01,0.01,0.14444246744336106,0.285520163101826,17.705022142894908,0.01,0.07832136283661567,0.1745214742377453,5.0100952364452,0.01,0.07332323960994389,0.1621492777187048,4.706536855072804,0.01,0.14377358135194512,0.41930136333755674,52.61660164288466,0.01,0.14300714519349195,0.33641389438818414,10.260292765685174,0.01,0.08865419632683191,0.1423735300497958,14.421049070221871
6.54,20.001393929481484,19.86419733718745,0.1371965922940323,0.0007402475718516857,1.3114519405655503,0.05477590563512056,0.07183596774141432,0.07183596774141432,0.07183596774141432,0.0,-0.0,0,0.01,0.01,0.14444272434970234,0.28552038595675566,17.703739515701596,0.01,0.07832162934168056,0.17452169709267498,5.00887123440701,0.01,0.07332349959257675,0.16214950057363448,4.705385659738658,0.01,0.14377339005034093,0.4193011699578375,52.616529357358296,0.01,0.14300693378649176,0.3364137010084649,10.260541896726435,0.01,0.08865406207320554,0.14237340389096112,14.421760795381289
6.55,20.002708796296297,19.864524725435093,0.13818407086120507,0.0004049946934474889,1.3208816939046955,0.05477629877376131,0.07235301031011554,0.07235301031011554,0.07235301031011554,0.0,-0.0,0,0.01,0.01,0.14444289948792013,0.28552052376918124,17.702400673857227,0.01,0.07832181210015529,0.17452183490510054,5.007670330203133,0.01,0.07332367593915463,0.16214963838606003,4.70426446394826,0.01,0.1437732670853953,0.4193010503714433,52.616646877537214,0.01,0.14300679391935617,0.3364135814220707,10.26082217401277,0.01,0.08865397572261877,0.14237332587514942,14.42249363760889
6.5600000000000005,20.004657152,19.86468512208314,0.13997202991685856,0.00015703028853294017,1.337967833130591,0.054776491383199254,0.0732891834824756,0.0732891834824756,0.0732891834824756,0.0,-0.0,0,0.01,0.01,0.1444430005701647,0.2855205912873627,17.70123233642875,0.01,0.07832191863327836,0.174521902423282,5.006661703351067,0.01,0.07332377686141166,0.1621497059042415,4.7033334487200325,0.01,0.1437732028616493,0.41930099178234487,52.61684287467929,0.01,0.14300671719357166,0.3364135228329722,10.261072824464705,0.01,0.08865393057297671,0.14237328765306884,14.423102762354864
6.57,20.007357934370372,19.864744781256764,0.14261315311360617,5.2506645384190305e-05,1.3632120788963127,0.054776563023820266,0.07467207235449691,0.07467207235449691,0.07467207235449691,0.0,-0.0,0,0.01,0.01,0.1444430471090137,0.285520616400603,17.70049787979802,0.01,0.07832196850700496,0.1745219275365223,5.006033101559488,0.01,0.07332382267408494,0.16214973101748179,4.7027697084211875,0.01,0.14377317754049945,0.41930096999019684,52.61696562876201,0.01,0.14300668469384922,0.3364135010408242,10.261220805657446,0.01,0.08865391274654512,0.1423732734364592,14.423420170468626
6.58,20.010927521185184,19.864802282310777,0.14612523887440718,0.00014804925684317594,1.396781679765172,0.05477663207288889,0.07651099615864854,0.07651099615864854,0.07651099615864854,0.0,-0.0,0,0.01,0.01,0.14444307123006134,0.2855206406053954,17.70048544409388,0.01,0.07832199419035456,0.1745219517413147,5.005980868885623,0.01,0.07332384660655258,0.1621497552222742,4.702757832307548,0.01,0.14377316055238298,0.419300948986328,52.616825943389166,0.01,0.1430066663841561,0.33641348003695537,10.26118357140074,0.01,0.08865390084641003,0.142373259734127,14.423261704640813
6.59,20.015479748,19.864987969019854,0.15049177898014687,0.0004978784398603567,1.438514700012242,0.05477685505121646,0.0787973112116147,0.0787973112116147,0.0787973112116147,0.0,-0.0,0,0.01,0.01,0.14444311782995845,0.2855207187693374,17.70149491321308,0.01,0.07832204124591137,0.17452202990525667,5.006699606625316,0.01,0.07332389494559353,0.16214983338621616,4.703480187260502,0.01,0.14377311066578322,0.4193008811588411,52.616201884875736,0.01,0.14300662108364798,0.3364134122094685,10.260872245345888,0.01,0.08865386600331226,0.14237321548555604,14.422434701431083
6.6000000000000005,20.021125925925926,19.86546179657717,0.1556641293487584,0.0011511313299345436,1.4879404967286725,0.05477742403730527,0.08150554753158512,0.08150554753158512,0.08150554753158512,0.0,-0.0,0,0.01,0.01,0.14444324409108908,0.285520918224904,17.703824450290906,0.01,0.07832216786203548,0.17452222936082332,5.008371998664203,0.01,0.0733240265216817,0.1621500328417828,4.7051073891181066,0.01,0.14377297659258187,0.4193007080779738,52.614845057560885,0.01,0.14300649700588774,0.33641323912860116,10.260195034237755,0.01,0.08865377229928337,0.1423731025740868,14.420745899603828
6.61,20.027974859407408,19.86640973673526,0.1615651226721476,0.0021495068296639255,1.5443139940704271,0.05477856234893869,0.08459530041052543,0.08459530041052543,0.08459530041052543,0.0,-0.0,0,0.01,0.01,0.14444351839406533,0.28552131725644453,17.70775728673637,0.01,0.0783224437670243,0.17452262839236385,5.011159320662011,0.01,0.07332431158132742,0.16215043187332334,4.707789450208439,0.01,0.14377269808387283,0.4193003618055161,52.61248805899716,0.01,0.14300623281791064,0.3364128928561435,10.259060704289187,0.01,0.08865357753689587,0.14237287668399515,14.418009208557962
6.62,20.036132864,19.868038956008395,0.16809390799160434,0.0035253363530570966,1.606661755285999,0.05478051874974142,0.08801376440993713,0.08801376440993713,0.08801376440993713,0.0,-0.0,0,0.01,0.01,0.14444401869571363,0.28552200307095454,17.71354946267579,0.01,0.07832294859240456,0.17452331420687384,5.015193136018213,0.01,0.07332483011476243,0.16215111768783336,4.711648075737715,0.01,0.14377220744807412,0.4192997666484771,52.608852711522864,0.01,0.14300575915193522,0.3364122976991045,10.257381945338787,0.01,0.08865323430735822,0.142372488450403,14.414052954556855
6.63,20.04570378414815,19.87057203378224,0.17513175036591125,0.005300158853888537,1.673837355985808,0.05478356050069871,0.09169877005997806,0.09169877005997806,0.09169877005997806,0.0,-0.0,0,0.01,0.01,0.14444483046279502,0.2855230693650158,17.721419173709617,0.01,0.07832376977562924,0.1745243805009351,5.020568634383669,0.01,0.07332566973119378,0.1621521839818946,4.716770534165353,0.01,0.14377143140508347,0.4192988412584877,52.60365864349986,0.01,0.1430050004829324,0.3364113723091151,10.255078458867118,0.01,0.088652691297852,0.1423718848385584,14.408726258930326
6.640000000000001,20.056789010962962,19.874240524229776,0.18254848673318355,0.007483851162561638,1.74458319554003,0.05478796562134148,0.09558216414081722,0.09558216414081722,0.09558216414081722,0.0,-0.0,0,0.01,0.01,0.1444460442696184,0.2855246136158601,17.73153828828136,0.01,0.07832500011107199,0.1745259247517794,5.027339984564823,0.01,0.07332692319217014,0.16215372823273888,4.723205443858064,0.01,0.14377029317713244,0.41929750096540896,52.59663179412303,0.01,0.14300387727072597,0.3364100320160363,10.25207962631331,0.01,0.08865189476898362,0.1423710106801242,14.401904256793644
6.65,20.0694875,19.87927818680612,0.1902093131938825,0.01007433574063842,1.8175956616591693,0.05479401475067216,0.09959336349571024,0.09959336349571024,0.09959336349571024,0.0,-0.0,0,0.01,0.01,0.14444775318034989,0.28552673423325287,17.7440264651914,0.01,0.07832673507173045,0.17452804536917213,5.035517955136527,0.01,0.0733286857266552,0.16215584885013162,4.730960702948,0.01,0.1437687147093568,0.4192956602267039,52.587512439167284,0.01,0.14300230825634525,0.33640819127733124,10.248326642171811,0.01,0.08865079012736775,0.1423698102890627,14.393491935560261
6.66,20.08389578903704,19.885914214442735,0.19798157459430504,0.013057859261529558,1.8915904930308465,0.054801983003469744,0.1036629100486014,0.1036629100486014,0.1036629100486014,0.0,-0.0,0,0.01,0.01,0.14445005004374317,0.2855295277106697,17.758948132057597,0.01,0.07832907003196542,0.174530838846589,5.045069911180151,0.01,0.07333105225869009,0.16215864232754848,4.740003650414558,0.01,0.1437666189110456,0.41929323507333904,52.57606237752833,0.01,0.14300021279918204,0.33640576612396644,10.243774029384754,0.01,0.08864932351633141,0.14236822907857166,14.383426452921901
6.67,20.100108015851852,19.894366776955398,0.20574123889645618,0.016409808477670828,1.9653652657650111,0.05481213220400009,0.10772586077626156,0.10772586077626156,0.10772586077626156,0.0,-0.0,0,0.01,0.01,0.14445302482899294,0.2855330859093031,17.776312397844205,0.01,0.07833209752356239,0.1745343970452224,5.05592213751549,0.01,0.0733341146797404,0.16216220052618188,4.750263396884479,0.01,0.14376393181184308,0.4192901454379824,52.562070976456134,0.01,0.14299751314396414,0.3364026764886097,10.238390490280377,0.01,0.08864744334946795,0.14236621510320202,14.37167787845279
6.68,20.118215936,19.904837171007852,0.21337876499214653,0.02009600594003738,2.0378561532837116,0.05482470384798091,0.11172486008856508,0.11172486008856508,0.11172486008856508,0.0,-0.0,0,0.01,0.01,0.14445676212644692,0.28553749359738023,17.79607578400906,0.01,0.07833590465326826,0.1745388047332995,5.067964283377257,0.01,0.07333795929289569,0.162166608214259,4.7616351187992745,0.01,0.14376058453535773,0.41928631726141596,52.54535984205484,0.01,0.1429941365141887,0.33639884831204336,10.232159082067932,0.01,0.0886451017170227,0.14236372045646167,14.358248387008258
6.69,20.138308940592594,19.917504829279196,0.2208041113134001,0.02407440828649617,2.108186461302276,0.05483991309732161,0.11561276233076678,0.11561276233076678,0.11561276233076678,0.0,-0.0,0,0.01,0.01,0.14446133892627455,0.28554282635096456,17.818147487083166,0.01,0.07834057079984007,0.17454413748688385,5.081055587129304,0.01,0.0733426645452242,0.16217194096784335,4.773985984683218,0.01,0.14375651500496484,0.41928168428753243,52.5257859562638,0.01,0.14299001694076222,0.3363942153381598,10.225076739398729,0.01,0.08864225560344163,0.14236070246338353,14.343170007728812
6.7,20.160474074074074,19.932523392780404,0.22795068129367022,0.028297114662493704,2.1757048989187426,0.05485794405366248,0.11935469762216377,0.11935469762216377,0.11935469762216377,0.0,-0.0,0,0.01,0.01,0.1444668227724214,0.285549148901916,17.842396746245868,0.01,0.07834616569297452,0.17455046003783534,5.095032436064239,0.01,0.07334829914829842,0.16217826351879483,4.787162289814448,0.01,0.14375166931220199,0.4192761894750391,52.50324319775464,0.01,0.14298509675029594,0.3363887205256665,10.21715319605816,0.01,0.08863886786530932,0.1423571246191556,14.326501098867785
6.71,20.184796052,19.950017994343167,0.2347780576568326,0.03271258270290238,2.2400120882453214,0.054878946489417955,0.12292950352646437,0.12292950352646437,0.12292950352646437,0.0,-0.0,0,0.01,0.01,0.1444732703690912,0.2855565139951731,17.868661792923007,0.01,0.07835274795602135,0.17455782513109241,5.109716754938652,0.01,0.07335492066603592,0.1621856286120519,4.800997323316807,0.01,0.14374600269611057,0.41926978597403636,52.4776622389984,0.01,0.14297932765584706,0.3363823170246637,10.20840938222905,0.01,0.08863490793170478,0.14235295723827596,14.308321770210853
6.72,20.211357278814813,19.970083841050798,0.24127343776401758,0.037267944425724765,2.300974410085293,0.054903034142369765,0.12633047659763197,0.12633047659763197,0.12633047659763197,0.0,-0.0,0,0.01,0.01,0.144480726693636,0.2855649617922057,17.896759810080145,0.01,0.07836036417019394,0.17456627292812496,5.124924700540062,0.01,0.07336257462465975,0.16219407640908445,4.815319481544753,0.01,0.1437394801012311,0.41926243763691934,52.44900888139819,0.01,0.142972671412884,0.3363749686875467,10.198875392466514,0.01,0.08863035220303993,0.14234817779314157,14.28872851191306
6.73,20.24023786562963,19.992786121639043,0.2474517439905874,0.04191131418027386,2.358724902011932,0.05493028460530487,0.12956543017313527,0.12956543017313527,0.12956543017313527,0.0,-0.0,0,0.01,0.01,0.14448922464433575,0.2855745198315655,17.92649732494004,0.01,0.07836904849140672,0.17457583096748477,5.140475165478225,0.01,0.07337129417311218,0.16220363444844427,4.829960169982701,0.01,0.14373207630179918,0.41925411905464965,52.41728095390315,0.01,0.14296510002393945,0.336366650105277,10.188588132392356,0.01,0.0886251841390227,0.14234277093580242,14.26782831009123
6.74,20.271515648,20.01816120435187,0.25335444364813237,0.04659398511238512,2.413651537995643,0.0549607407690305,0.1326560764865503,0.1326560764865503,0.1326560764865503,0.0,-0.0,0,0.01,0.01,0.14449878522543155,0.2855852035320495,17.957680493244258,0.01,0.07837882282336732,0.17458651466796882,5.156197654248748,0.01,0.07338110029510149,0.1622143181489283,4.844761094450905,0.01,0.14372377559919475,0.41924481513047285,52.38250395561784,0.01,0.14295659549590253,0.3363573461811002,10.177588759651611,0.01,0.08861939404084246,0.14233672821117196,14.245732537523729
6.75,20.305266203703702,20.046219033854243,0.2590471698494606,0.051272419010535544,2.466373797068582,0.054994413708333155,0.13563678095538212,0.13563678095538212,0.13563678095538212,0.0,-0.0,0,0.01,0.01,0.14450941824628977,0.2855970172001174,17.990124795959503,0.01,0.07838969752364776,0.1745983283360367,5.171939177330411,0.01,0.0733920025475749,0.1622261318169962,4.85958062059008,0.01,0.1437145711181237,0.41923452022286345,52.34472566895034,0.01,0.14294714917340023,0.3363470512734908,10.16592003711643,0.01,0.08861297854639757,0.14233004748365952,14.222550901708553
6.76,20.34156287051852,20.076946584765796,0.2646162857527225,0.05590994636649726,2.517708946720362,0.05503128683876577,0.13855276322349508,0.13855276322349508,0.13855276322349508,0.0,-0.0,0,0.01,0.01,0.14452112348796547,0.28560995548178003,18.02366374924536,0.01,0.07840167259456735,0.1746112666176993,5.1875699026043165,0.01,0.07340400027613117,0.1622390700986588,4.874298967336966,0.01,0.14370446374371287,0.419223236907201,52.30401000599846,0.01,0.14293676068952235,0.3363357679578284,10.153623714554513,0.01,0.08860593986980901,0.14232273211146299,14.19838571678595
6.7700000000000005,20.380476764,20.11031218606343,0.27016457793656706,0.06047810845985481,2.568629902845137,0.055071321119843794,0.1414578422176177,0.1414578422176177,0.1414578422176177,0.0,-0.0,0,0.01,0.01,0.1445338922698153,0.2856240051809829,18.05815631517199,0.01,0.07841473928906598,0.17462531631690223,5.202987397049191,0.01,0.07341708423685778,0.16225311979786172,4.888822085830874,0.01,0.1436934607561265,0.4192109744208351,52.260430376198,0.01,0.14292543659065057,0.3363235054714625,10.140738049229675,0.01,0.08859828482712785,0.1423147899131626,14.173326740086486
6.78,20.42207679525926,20.146270496549782,0.2758062987094823,0.06495759064410897,2.6202168647512645,0.05511446103919819,0.1444118403065836,0.1444118403065836,0.1444118403065836,0.0,-0.0,0,0.01,0.01,0.14454770933206076,0.2856391473521879,18.093492786341276,0.01,0.07842888204428484,0.17464045848810722,5.218119377450255,0.01,0.07343123853719326,0.1622682619690667,4.903084152952388,0.01,0.14368157423099093,0.4191977468683112,52.21406287736772,0.01,0.14291318870485561,0.3363102779189385,10.127295566826264,0.01,0.08859002369863994,0.14230623197940193,14.147446780794445
6.79,20.466429688740742,20.18476788797567,0.281661800765073,0.06933871510583216,2.673605148807126,0.055160641083895255,0.14747777401340423,0.14747777401340423,0.14747777401340423,0.0,-0.0,0,0.01,0.01,0.1445625549379734,0.285655359564909,18.12959899705056,0.01,0.07844408064295859,0.17465667070082833,5.232924962263179,0.01,0.07344644279628536,0.16228447418178782,4.9170486748713556,0.01,0.14366881928247596,0.4191835712721939,52.164979614471505,0.01,0.14290003233280715,0.33629610232282126,10.113321151860612,0.01,0.08858116898421534,0.1422970713880694,14.12079824927975
6.8,20.5136,20.225747980016276,0.28785201998372395,0.07362148145644169,2.7299317510768164,0.055209792390422986,0.15071896521697492,0.15071896521697492,0.15071896521697492,0.0,-0.0,0,0.01,0.01,0.1445784070920232,0.2856726182327069,18.166438785099633,0.01,0.07846031249531567,0.1746739293686262,5.24739447614882,0.01,0.07346267441827677,0.16230173284958568,4.930708249433972,0.01,0.1436552122310343,0.41916846555985415,52.11324244043096,0.01,0.14288598434609787,0.3362809966104815,10.09883054168756,0.01,0.0885717341115325,0.14228732188429438,14.093410771703068
6.8100000000000005,20.563650133481485,20.26915707047769,0.29449306300379513,0.0778151638107292,2.7902831567203092,0.05526184926415196,0.15419620721097982,0.15419620721097982,0.15419620721097982,0.0,-0.0,0,0.01,0.01,0.1445952437680329,0.28569090089874605,18.20401469206507,0.01,0.07847755493204807,0.17469221203466534,5.2615479056034715,0.01,0.07347991087007139,0.16232001551562483,4.944083078614288,0.01,0.1436407687793825,0.41915244657759143,52.05889739105265,0.01,0.14287106128011276,0.33626497762821883,10.08382928067892,0.01,0.08856173215765017,0.1422769965866829,14.065289946765
6.82,20.616640360296298,20.314949214733947,0.3016911455623512,0.08193749267406429,2.8556467863653,0.05531675527222856,0.15796511442529526,0.15796511442529526,0.15796511442529526,0.0,-0.0,0,0.01,0.01,0.14461304504400943,0.2857101883744216,18.242366947693125,0.01,0.07849578740187801,0.17471149951034085,5.275432140690722,0.01,0.07349813185825857,0.16233930299130034,4.957218355748142,0.01,0.14362550227826135,0.4191355282205157,52.00197005219464,0.01,0.14285527750701962,0.33624805927114304,10.068312171377288,0.01,0.08855117464231874,0.14226610677858303,14.036417272365854
6.83,20.672628836,20.363090729864663,0.3095381061353374,0.08601346815540481,2.9268682364593217,0.05537446864008546,0.16207377337347895,0.16207377337347895,0.16207377337347895,0.0,-0.0,0,0.01,0.01,0.14463179504756135,0.2857304666365295,18.28157083812082,0.01,0.0785149934749243,0.1747317777724488,5.289117167748148,0.01,0.07351732130763149,0.1623595812534083,4.970180680092377,0.01,0.14360942215793723,0.4191177197598145,51.94246205271603,0.01,0.1428386435691903,0.33623025081044183,10.052263238077051,0.01,0.0885400704467593,0.14225466083792265,14.00675121898049
6.84,20.73167161837037,20.413563930202148,0.3181076881682242,0.09007386692643596,3.0046161455353277,0.055434966719721125,0.16656079603328766,0.16656079603328766,0.16656079603328766,0.0,-0.0,0,0.01,0.01,0.14465148362715843,0.2857517284015325,18.321732609740085,0.01,0.07853516256490092,0.17475303953745178,5.302691403272631,0.01,0.07353746905559945,0.16238084301841127,4.9830536753381,0.01,0.14359253259254415,0.41909902443868774,51.88034882322737,0.01,0.14282116474462703,0.33621155548931514,10.035656195976568,0.01,0.08852842490464127,0.14224266335160346,13.9762293777033
6.8500000000000005,20.793822685185187,20.46636994047957,0.3274527447056164,0.09415351821577658,3.0893561187140413,0.05549824934573472,0.1714538561941631,0.1714538561941631,0.1714538561941631,0.0,-0.0,0,0.01,0.01,0.14467210767929767,0.28577397431203216,18.36298411113269,0.01,0.07855629129847123,0.17477528544795146,5.3162563819980875,0.01,0.07355857219208868,0.16240308892891092,4.995933010679215,0.01,0.14357483145261263,0.4190794383947897,51.815578700450196,0.01,0.14280283990415546,0.33619196944541707,10.018455396681325,0.01,0.08851623910300589,0.14223011445090106,13.944771563595314
6.86,20.859133952,20.521530478581518,0.33760347341848584,0.0982894333455463,3.181334688685082,0.05556434095046899,0.17676876531965202,0.17676876531965202,0.17676876531965202,0.0,-0.0,0,0.01,0.01,0.1446936720791457,0.2857972136897954,18.40547642371469,0.01,0.07857838447804529,0.17479852482571465,5.329921032251477,0.01,0.07358063599247713,0.16242632830667414,5.008921042523876,0.01,0.14355630958703364,0.41905894995111326,51.74807339331099,0.01,0.14278366070580292,0.33617148100174066,10.000617199505475,0.01,0.08850350942035892,0.14221700939331627,13.91228371369576
6.87,20.927655289925926,20.57908854981646,0.34856674010946526,0.10251887844480252,3.2805738046729442,0.05563329136983146,0.18250911833560646,0.18250911833560646,0.18250911833560646,0.0,-0.0,0,0.01,0.01,0.14471619018158288,0.285821464830661,18.449372775037396,0.01,0.07860145560409199,0.17482277596658033,5.34379578810182,0.01,0.07360367441086808,0.16245057944753982,5.022121310797729,0.01,0.1435369504599306,0.4190375392996416,51.67772976259036,0.01,0.14276361115558878,0.336150070350269,9.9820916987295,0.01,0.0884902273175946,0.1422033384043529,13.878662384271916
6.88,20.999434543407407,20.6391080462439,0.36032649716350457,0.10687748078015608,3.3868758441357154,0.05570517533351743,0.1886665127304349,0.1886665127304349,0.1886665127304349,0.0,-0.0,0,0.01,0.01,0.14473968387989558,0.2858467548383676,18.494841063719917,0.01,0.07862552694375888,0.17484806597428687,5.357986798061247,0.01,0.07362771012168755,0.1624758694552464,5.035633133646976,0.01,0.14351673015121683,0.419015178583634,51.604422804704214,0.01,0.14274266754668144,0.33612770963426136,9.962824721013712,0.01,0.08847637938537523,0.1421890867803501,13.843799625750913
6.890000000000001,21.074517548000003,20.701672295420114,0.3728452525798876,0.11139745563194095,3.4998386576267526,0.05578009069448007,0.19522131773846763,0.19522131773846763,0.19522131773846763,0.0,-0.0,0,0.01,0.01,0.14476418322974868,0.28587311901573637,18.54204634712992,0.01,0.07865062915336393,0.17487443015165566,5.372590491317047,0.01,0.07365277411829727,0.16250223363261515,5.049546545249454,0.01,0.14349561771281438,0.4189918323660148,51.528009675182744,0.01,0.1427207987713654,0.3361043634166422,9.942759995288593,0.01,0.08846194763964144,0.14217423524136769,13.807587998897942
6.9,21.152948148148152,20.766881650567516,0.38606649758063577,0.11610603305556343,3.6188797067900125,0.05585815550969183,0.2021439454327445,0.2021439454327445,0.2021439454327445,0.0,-0.0,0,0.01,0.01,0.14478972566564607,0.28590059985171873,18.591143648945348,0.01,0.07867680048228616,0.17490191098763805,5.387688751820837,0.01,0.0736789048971747,0.16252971446859754,5.063937811001244,0.01,0.14347357585640796,0.4189674584538924,51.44833454160667,0.01,0.14269796698334503,0.3360799895045198,9.921841390611384,0.01,0.08844691004563167,0.14215876051177795,13.769925492645507
6.91,21.234768214962966,20.83485025641893,0.399917958544034,0.12102415266614408,3.743267958337907,0.055939504134885416,0.20939655343342745,0.20939655343342745,0.20939655343342745,0.0,-0.0,0,0.01,0.01,0.1448163548550339,0.2859292456606248,18.642271429857043,0.01,0.07870408560412363,0.17493055679654407,5.403344925902651,0.01,0.07370614727440158,0.16255836027750356,5.078865730366027,0.01,0.14345056193396963,0.41894200903357726,51.365234021275946,0.01,0.14267412857239561,0.33605454008420466,9.900015116024381,0.01,0.08843124124066198,0.14214263609617014,13.730720112005756
6.92,21.320017663999998,20.905702159955514,0.41431550404448536,0.12616548042394862,3.872161869859407,0.05602428253779618,0.21693509062908456,0.21693509062908456,0.21693509062908456,0.0,-0.0,0,0.01,0.01,0.14484411925077298,0.2859591089446086,18.69554603038048,0.01,0.07873253413696775,0.17496042008052787,5.419600849663946,0.01,0.07373455089697545,0.16258822356148736,5.0943688998475505,0.01,0.1434265291597887,0.41891543205731113,51.278542937595276,0.01,0.14264923539996094,0.3360279631079385,9.877231780425813,0.01,0.08841491341741187,0.14212583320989827,13.68989392596035
6.93,21.408734473037033,20.979566961479094,0.42916751155793736,0.1315357850737363,4.004651559813057,0.05611264306570399,0.22471158357830479,0.2247115835783048,0.22471158357830479,0.0,-0.0,0,0.01,0.01,0.14487307041527375,0.2859902445615712,18.751057340395256,0.01,0.078762198927617,0.17499155569749045,5.4364750292845985,0.01,0.07376416852416737,0.16261935917844994,5.110464057909513,0.01,0.14340142801291073,0.4188876728128218,51.1881001212302,0.01,0.14262323623357998,0.33600020386344914,9.85344821961459,0.01,0.0883978973229337,0.14210832181740513,13.647386395508358
6.94,21.500954699851857,21.056575217950343,0.4443794819015113,0.13713269428360664,4.139803103525192,0.05620473892260848,0.2326765526246377,0.2326765526246377,0.2326765526246377,0.0,-0.0,0,0.01,0.01,0.1449032611986341,0.2860227077876367,18.80886587921455,0.01,0.07879313418398576,0.175024018923556,5.453962043595158,0.01,0.07379505416326869,0.1626518224045155,5.1271455733268585,0.01,0.14337520775211368,0.4188586756001543,51.09375398782335,0.01,0.14259607831042073,0.3359712066507816,9.828629011281006,0.01,0.08838016332431582,0.14209007172761012,13.603156842369762
6.95,21.596712500000002,21.136853816809822,0.4598586831901793,0.14294583254188875,4.276702844553751,0.05630071861860864,0.2407814434666239,0.2407814434666239,0.2407814434666239,0.0,-0.0,0,0.01,0.01,0.14493474385829289,0.28605655236606364,18.869001387554082,0.01,0.07882539354546302,0.17505786350198294,5.472033168275079,0.01,0.07382726114922825,0.16268566698294246,5.144386072703837,0.01,0.14334781797204307,0.4188283854371859,50.99536764212921,0.01,0.14256770895596452,0.3359409164878133,9.80274761585548,0.01,0.08836168249001508,0.14207105369423226,13.557185964033506
6.96,21.696040144592594,21.220521534616818,0.4755186099757768,0.14895732537515413,4.41449965696081,0.05640072064903822,0.24898096195752173,0.24898096195752173,0.24898096195752173,0.0,-0.0,0,0.01,0.01,0.1449675682088155,0.28609182863287885,18.931462945507047,0.01,0.07885902818231007,0.17509313976879812,5.490638150657084,0.01,0.07386084025866987,0.1627209432497576,5.162138137333598,0.01,0.14331921012892546,0.4187967497158035,50.89282328731746,0.01,0.14253807718309097,0.3359092807664309,9.775787100642452,0.01,0.08834242763635304,0.14205124046995105,13.509476350786402
6.97,21.798968038074072,21.30768498130151,0.49128305677256207,0.15514263823635188,4.55244323489737,0.05650486864425496,0.25723520699830305,0.25723520699830305,0.25723520699830305,0.0,-0.0,0,0.01,0.01,0.1450017798874466,0.28612858180389034,18.99622054583936,0.01,0.07889408501230141,0.17512989293980963,5.509707999553618,0.01,0.07389583794558172,0.16275769642076912,5.180336939881699,0.01,0.14328933896727186,0.4187637197347335,50.78602575606305,0.01,0.14250713519937466,0.3358762507853609,9.747740425392251,0.01,0.08832237429145995,0.1420306077666378,13.460052008864047
6.98,21.905524736000004,21.398435108561973,0.5070896274380284,0.1614717041518511,4.689916713148706,0.05661326720382007,0.2655115080451492,0.2655115080451492,0.2655115080451492,0.0,-0.0,0,0.01,0.01,0.1450374188141799,0.28616685049842255,19.06321797589727,0.01,0.07893060511586612,0.17516816163434187,5.529158601019147,0.01,0.07393229477876516,0.16279596511530137,5.198903642452759,0.01,0.14325816378490855,0.4187292520421583,50.67490502448231,0.01,0.14247483975607986,0.3358417830927856,9.718610288220436,0.01,0.0883015015338378,0.1420091350793161,13.408956941858131
6.99,22.015736962814817,21.492844431223837,0.5228925315909794,0.16791028244697767,4.826462223722786,0.05672599859268199,0.2737858893105316,0.2737858893105316,0.2737858893105316,0.0,-0.0,0,0.01,0.01,0.1450745179146587,0.2862066655626659,19.13237680001321,0.01,0.0789686224203208,0.17520797669858515,5.548894932909342,0.01,0.07397024415029538,0.16283578017954464,5.21774934327609,0.01,0.14322564948217173,0.41869330953108364,50.55941761851783,0.01,0.1424411532807706,0.33580584058171103,9.688408550573545,0.01,0.08827979266943621,0.14198680633870656,13.356252884244823
7.0,22.12962962962963,21.590965074759676,0.5386645548699535,0.17442148198261886,4.961798353711566,0.05684312043377041,0.2820441013881103,0.2820441013881103,0.2820441013881103,0.0,-0.0,0,0.01,0.01,0.14511310216076934,0.286248049240586,19.20360119071587,0.01,0.07900816270994745,0.1752493603765053,5.568815630800093,0.01,0.07400971131033693,0.16287716385746479,5.236779341543485,0.01,0.1431917673517198,0.4186558622424509,50.43954687337563,0.01,0.14240604474618931,0.3357683932930783,9.657155277863735,0.01,0.0882572357193171,0.14196361036581454,13.302016317158168
7.01,22.247225852,21.692827722360384,0.5543981296396148,0.18096737658240913,5.095828870524726,0.05696466448320867,0.29028218187328925,0.29028218187328925,0.29028218187328925,0.0,-0.0,0,0.01,0.01,0.1451531879679935,0.2862910147236112,19.276783332695988,0.01,0.07904924300236518,0.17529232585953045,5.588817655150047,0.01,0.07405071276738848,0.16292012934048994,5.255897488437626,0.01,0.14315649557765217,0.41861688784463535,50.31530205707392,0.01,0.14236949024057513,0.33572941889526275,9.624877447912525,0.01,0.08823382369924208,0.14193954111160753,13.246334924241323
7.0200000000000005,22.368546967703708,21.798441492792428,0.5701054749112789,0.18751063782965044,5.228642502577098,0.05709063652340052,0.29850652862543237,0.29850652862543237,0.29850652862543237,0.0,-0.0,0,0.01,0.01,0.1451947829712374,0.28633556609258076,19.35180911731139,0.01,0.07909187131370432,0.17533687722850005,5.608800823315768,0.01,0.07409325607521985,0.16296468070945955,5.275010405889294,0.01,0.14311981942592705,0.41857637177266505,50.18671641836714,0.01,0.1423314732183349,0.3356889028232924,9.591607391952335,0.01,0.08820955468239365,0.14191459767495254,13.189303664906538
7.03,22.49361255451852,21.90779473762348,0.5858178168950423,0.19401611116515913,5.360503986356765,0.05722101735780673,0.3067334916499126,0.3067334916499126,0.3067334916499126,0.0,-0.0,0,0.01,0.01,0.14523788618279815,0.2863816986474722,19.428563855197872,0.01,0.07913604681642283,0.1753830097833915,5.6286719963044165,0.01,0.07413734000930204,0.163010813264351,5.294031379396596,0.01,0.14308173112189718,0.4185343070256189,50.053844264341826,0.01,0.14229198442436486,0.3356468380762463,9.557381042430608,0.01,0.0881844316465043,0.1418887841022016,13.131020653227928
7.04,22.622440448,22.02085670508604,0.60158374291396,0.20045226511090317,5.49183699458746,0.05735576484153329,0.31498851120959126,0.31498851120959126,0.31498851120959126,0.0,-0.0,0,0.01,0.01,0.14528248851824088,0.28642939960299507,19.506937756496143,0.01,0.07918176037512532,0.17543071073891436,5.648348745601646,0.01,0.07418295511730852,0.16305851421987386,5.31288376420776,0.01,0.14304222942456596,0.418490693635635,49.91675721340426,0.01,0.14225102149975996,0.33560322468626236,9.522236068094353,0.01,0.08815846211646358,0.14186210898166374,13.071583032432276
7.05,22.75504675925926,22.137579979609047,0.6174667796502108,0.20679245026706675,5.623199926344659,0.05749481683601425,0.323304849797475,0.323304849797475,0.323304849797475,0.0,-0.0,0,0.01,0.01,0.1453285736590763,0.2864786491119818,19.586830958493668,0.01,0.07922899542834488,0.1754799602479011,5.667762365363702,0.01,0.07423008461114647,0.1631077637288606,5.331503781014184,0.01,0.14300131892037063,0.4184455378361891,49.77553980311255,0.01,0.14220858829056968,0.3355580688868165,9.486209979851306,0.01,0.08813165762257759,0.14183458485528355,13.011083029683848
7.0600000000000005,22.891445892740748,22.257903572471584,0.6335423202691661,0.21301591417332572,5.7552558520697845,0.057638094936012664,0.3317219831826407,0.3317219831826407,0.3317219831826407,0.0,-0.0,0,0.01,0.01,0.14537611920602916,0.2865294215642894,19.668157915833334,0.01,0.07927772916872919,0.17553073270020872,5.686860136540336,0.01,0.07427870555273507,0.1631585361811682,5.3498426152136815,0.01,0.14295900907140316,0.4183988509702471,49.630284658588295,0.01,0.14216469389411196,0.3355113820208745,9.449338290640041,0.01,0.08810403300269007,0.14180622747776206,12.949604362239052
7.07,23.031650564000003,22.38175651150321,0.6498940524967964,0.21910852978719164,5.888738151025231,0.05778550878454252,0.34028373015593916,0.34028373015593916,0.34028373015593916,0.0,-0.0,0,0.01,0.01,0.14542509806402995,0.2865816870972365,19.750851005572088,0.01,0.07932793396111455,0.17558299823315582,5.705606788965271,0.01,0.07432879027304665,0.1632108017141153,5.367867769921691,0.01,0.1429153130635009,0.4183506481900274,49.48108744485593,0.01,0.14211935148862773,0.3354631792406547,9.411652809205794,0.01,0.08807560558299513,0.14177705495978762,12.887219146694752
7.08,23.175671817481486,22.509061757404787,0.6666100600766975,0.22506320872619265,6.024413545930796,0.05793696076747994,0.34903621125766726,0.34903621125766726,0.34903621125766726,0.0,-0.0,0,0.01,0.01,0.14547547999038396,0.2866354132449277,19.83486323701565,0.01,0.07937957892811366,0.17563672438084701,5.72398514365905,0.01,0.07438030795428602,0.1632645278618065,5.385563656125322,0.01,0.14287024650815142,0.41830094700898135,49.32804183460616,0.01,0.14207257700128767,0.3354134780596087,9.373180141276244,0.01,0.08804639427731265,0.1417470868367268,12.82398543801996
7.09,23.323519044296294,22.639740261921215,0.6837787823750772,0.23087998498184867,6.163044323345773,0.058092350865541445,0.35802573323168607,0.35802573323168607,0.35802573323168607,0.0,-0.0,0,0.01,0.01,0.14552723323124925,0.2866905666485144,19.920169993053545,0.01,0.0794326316264519,0.1756918777844337,5.741995949627233,0.01,0.07443322629886952,0.1633196812653932,5.402931432772779,0.01,0.1428238260582945,0.4182497657728223,49.17123472117306,0.01,0.14202438767636322,0.33536229682344965,9.333940462394272,0.01,0.08801641864765733,0.1417163431068592,12.75994549504039
7.1000000000000005,23.475200000000008,22.773714979253974,0.7014850207460344,0.23656576991705328,6.30535152693121,0.0582515814375115,0.3672966979631709,0.3672966979631709,0.3672966979631709,0.0,-0.0,0,0.01,0.01,0.14558032616880506,0.28674711474772385,20.00676976572492,0.01,0.07948705973456582,0.17574842588364312,5.759656957373381,0.01,0.07448751320627583,0.1633762293646026,5.419988135408377,0.01,0.14277606800159467,0.41819712211971505,49.01074189456343,0.01,0.14197480060944104,0.33530965317034245,9.293946614846236,0.01,0.08798569797000395,0.14168484328394565,12.695124836170146
7.11,23.630720822370378,22.91091464687645,0.7198061754939292,0.24213379433806315,6.451980826191407,0.05841456171517994,0.37688963215671556,0.37688963215671556,0.37688963215671556,0.0,-0.0,0,0.01,0.01,0.14563472890236417,0.2868050273759208,20.09468388428966,0.01,0.07954283267295541,0.17580633851184005,5.77700129576317,0.01,0.07454313837991149,0.16343414199279954,5.43676515471538,0.01,0.1427269868954267,0.4181430314999087,48.846624376686215,0.01,0.14192383131470385,0.33525556255053607,9.253203567002,0.01,0.08795425034819425,0.1416526055075544,12.629532113774925
7.12,23.790086049185188,23.051277165044784,0.7388088841404045,0.2476027676116293,6.6034726016134915,0.05858121180703331,0.3868394271370612,0.3868394271370612,0.3868394271370612,0.0,-0.0,0,0.01,0.01,0.14569041469106353,0.2868642781864361,20.183955269249207,0.01,0.07959992308332516,0.1758655893223554,5.794075240219619,0.01,0.07460007479073706,0.1634933928033149,5.453306146337322,0.01,0.142676594305609,0.41808750582210163,48.678925580955465,0.01,0.14187149239044364,0.33520003687272903,9.211708257462357,0.01,0.08792209191603033,0.14161964575123798,12.56315979868365
7.13,23.953298635999996,23.194752425133746,0.7585462108662512,0.2529957965192882,6.760237557611373,0.058751466033485585,0.39717386724429815,0.39717386724429815,0.39717386724429815,0.0,-0.0,0,0.01,0.01,0.14574736119339105,0.28692484584664474,20.27464628077757,0.01,0.0796583081003765,0.17592615698256403,5.810935479155048,0.01,0.07465829993225859,0.16355396046352352,5.4696644713438936,0.01,0.14262489770591047,0.4180305522877829,48.50766942265446,0.01,0.14181779234318106,0.33514308333841025,9.16944982924203,0.01,0.08788923616288653,0.14158597716351012,12.495985630653054
7.140000000000001,24.120359973925936,23.34130446446506,0.7790555094608734,0.2583391172046277,6.922538889485598,0.05892527545007891,0.40791251087682223,0.40791251087682223,0.40791251087682223,0.0,-0.0,0,0.01,0.01,0.14580555144926985,0.2869867149478716,20.36683576435762,0.01,0.07971797036080612,0.17598802608379088,5.827646001974455,0.01,0.07471779681219187,0.16361582956475038,5.4859002823247645,0.01,0.14257189958774868,0.4179721724659319,48.33285946133739,0.01,0.14176273462322853,0.3350847035165592,9.126410241535634,0.01,0.08785569341189933,0.14155160956987822,12.427974756023636
7.15,24.291269907407415,23.490912858207096,0.8003570492003189,0.2636607016657121,7.090481704059155,0.05910260945498919,0.41906597100275444,0.41906597100275444,0.41906597100275444,0.0,-0.0,0,0.01,0.01,0.1458649745632035,0.2870498765931003,20.460615429010605,0.01,0.07977889870709241,0.17605118772901954,5.844274745749513,0.01,0.07477855463912537,0.16367899120997903,5.502077383345653,0.01,0.14251759681963383,0.4179123616491893,48.15447910736996,0.01,0.14170631691459515,0.3350248926998167,9.082565229159586,0.01,0.08782147047225558,0.14151654915626022,12.359082442923675
7.16,24.466026752,23.64357329562862,0.822453456371384,0.2689888053873395,7.264010041545033,0.05928345642141357,0.43063562274264555,0.43063562274264555,0.43063562274264555,0.0,-0.0,0,0.01,0.01,0.1459256260614749,0.287114328639974,20.556085722744967,0.01,0.07984108855839654,0.17611563977589326,5.860890147731084,0.01,0.0748405691772272,0.16374344325685275,5.518260001671298,0.01,0.14246198028423662,0.41785110851944407,47.97249287400244,0.01,0.1416485307102334,0.33496363957007147,9.037885563522064,0.01,0.08778657047866936,0.1414807983453529,12.289257238524891
7.17,24.64462731214815,23.799297326721625,0.8453299854265226,0.2743505246572585,7.442911485114125,0.05946782334185831,0.44261374534585507,0.44261374534585507,0.44261374534585507,0.0,-0.0,0,0.01,0.01,0.14598750791191034,0.287180075592975,20.65335139355387,0.01,0.07990454193668554,0.17618138672889425,5.877557756285956,0.01,0.07490384275777602,0.16380919020985374,5.534509614431554,0.01,0.1424050348080252,0.4177883951363373,47.78684860621563,0.01,0.14158936119033402,0.33490092618696465,8.99233855463712,0.01,0.08775099292220999,0.14144435586832638,12.218444413045345
7.18,24.827066898962958,23.958111304117725,0.8689555948452331,0.2797704307922806,7.626828991179328,0.05965573451777392,0.4549840855102555,0.4549840855102555,0.4549840855102555,0.0,-0.0,0,0.01,0.01,0.14605062821055262,0.2872471281551548,20.75251694050178,0.01,0.07996926715228612,0.1762484392910741,5.894337052286652,0.01,0.07496838395233325,0.16387624277203358,5.55088197293298,0.01,0.1423467393848347,0.41772419724717685,47.597480571513614,0.01,0.1415287874073117,0.3348367282978042,8.945889722293934,0.01,0.08771473386765179,0.14140721702504672,12.146589522696472
7.19,25.013339348000006,24.12005458246166,0.8932847655383459,0.2852693440083496,7.815279243550372,0.05984722937219213,0.46772280949649137,0.46772280949649137,0.46772280949649137,0.0,-0.0,0,0.01,0.01,0.14611500055501866,0.2873155024655819,20.853682165921704,0.01,0.08003527816878174,0.1763168136015012,5.911278625381586,0.01,0.07503420692798687,0.16394461708246072,5.567424460163331,0.01,0.14228706768115482,0.4176584849018781,47.40431325721756,0.01,0.1414667827669575,0.33477101595250547,8.89850455647166,0.01,0.0876777863438746,0.14136937411731176,12.073641920194095
7.2,25.20343703703704,24.285177071228745,0.9182599658082957,0.29086330226101526,8.007676543001097,0.060042359502943475,0.4807997937781594,0.48079979377815946,0.4807997937781594,0.0,-0.0,0,0.01,0.01,0.14618064313864906,0.28738521906302983,20.956938035297622,0.01,0.08010259368177478,0.17638653019894912,5.928421834258828,0.01,0.07510133051959177,0.16401433367990859,5.584173902573538,0.01,0.14222598879798984,0.4175912233425402,47.20726568642045,0.01,0.1414033157816388,0.3347037543931676,8.850150283158785,0.01,0.0876401408859631,0.14133081703171402,11.999558045148483
7.21,25.39735090385185,24.45353626582568,0.9438146380261713,0.2965627704634164,8.203361003165623,0.06024118512784625,0.4941801888622549,0.49418018886225484,0.4941801888622549,0.0,-0.0,0,0.01,0.01,0.14624757761215038,0.28745630162868824,21.06236303538021,0.01,0.08017123595890292,0.1764576127646075,5.945793057097906,0.01,0.07516977706665978,0.164085416245567,5.601154935525504,0.01,0.14216346825247003,0.417522374124775,47.00625604220585,0.01,0.14133835105903947,0.33463490517540234,8.800797551928314,0.01,0.08760178620088432,0.14129153394210364,11.924304340053764
7.22,25.595070463999996,24.625193904405634,0.96987655959436,0.302372123581377,8.401629644344277,0.06044377109944982,0.5078261790850974,0.5078261790850974,0.5078261790850974,0.0,-0.0,0,0.01,0.01,0.146315827769726,0.2875287755702915,21.170020194034997,0.01,0.08024122949905721,0.17653008670621081,5.963404608565492,0.01,0.07523957107294933,0.1641578901871703,5.61837899365945,0.01,0.14209946913251495,0.41745189641751274,46.80120637726533,0.01,0.14127185047932386,0.3345644274681401,8.750421966147302,0.01,0.08756270992327522,0.14125151209648987,11.847859658021942
7.23,25.796583828592603,24.800212413197773,0.9963714153948301,0.3082894238207098,8.601768866167284,0.060650182684382214,0.521698853141877,0.521698853141877,0.521698853141877,0.0,-0.0,0,0.01,0.01,0.14638541812423245,0.28760266651660815,21.279954888727904,0.01,0.08031259957652845,0.17660397765252744,5.981254364619119,0.01,0.07531073775440981,0.16423178113348694,5.635843964470201,0.01,0.14203395337020344,0.41737974842017067,46.59204718522948,0.01,0.14120377450525742,0.33449227947079807,8.699005385021188,0.01,0.08752289942416962,0.1412107386498042,11.77021705473453
7.24,26.001877722074077,24.97865131069778,1.0232264113762966,0.3143064981206113,8.803086742344805,0.06086048131041864,0.5357600961564701,0.5357600961564701,0.5357600961564701,0.0,-0.0,0,0.01,0.01,0.14645637244035256,0.2876779987944712,21.392193527127922,0.01,0.08038537074046509,0.17667930993039052,5.999326098498959,0.01,0.07538330154561382,0.16430711341135001,5.65353450774785,0.01,0.14196688307442704,0.4173058888311199,46.37872161949416,0.01,0.14113408356407967,0.33441841988174725,8.646536938555045,0.01,0.08748234263358667,0.14116920150241477,11.691384890109074
7.25,26.2109375,25.160563740575956,1.0503737594240443,0.3204093081224442,9.004943616721114,0.061074720482843924,0.5499744143550117,0.5499744143550117,0.5499744143550117,0.0,-0.0,0,0.01,0.01,0.14652871229596215,0.28775479396035114,21.506743136075514,0.01,0.08045956534135294,0.17675610509627046,6.017590493050766,0.01,0.07545728463596925,0.16438390857722995,5.671423007832397,0.01,0.14189822186108542,0.41723027829949966,46.16118916506261,0.01,0.14106273943703743,0.334342809350127,8.593013711005776,0.01,0.08744102883784785,0.14112689010461738,11.61138719924228
7.26,26.42374716681481,25.345993294794397,1.0777538720204103,0.32657859134667594,9.20677958690183,0.06129294206076552,0.5643106077862126,0.5643106077862126,0.5643106077862126,0.0,-0.0,0,0.01,0.01,0.1466024557397418,0.2878330694549496,21.623591847694104,0.01,0.0805352021541768,0.17683438059086884,6.036006759141511,0.01,0.07553270560480577,0.16446218407182833,5.689471092597001,0.01,0.14182793611959546,0.4171528807936515,45.93942859736414,0.01,0.14098970659254315,0.3342654118442788,8.5384410647694,0.01,0.0873989494142637,0.14108379618953698,11.530263328946027
7.2700000000000005,26.64028939362964,25.534971272709555,1.1053181209200857,0.3327907400812937,9.408137633853688,0.06151517306441754,0.5787432147603694,0.5787432147603694,0.5787432147603694,0.0,-0.0,0,0.01,0.01,0.14667761610777516,0.2879128374426421,21.74271022695472,0.01,0.0806122951626039,0.17691414857856141,6.054524759693893,0.01,0.07560957821899784,0.1645419520595209,5.7076316249795775,0.01,0.14175599615777235,0.4170736648236736,45.71344009754019,0.01,0.1409149534018813,0.33418619587430093,8.482832594067252,0.01,0.08735609846931351,0.14103991440077654,11.448066871313943
7.28,26.860545536000004,25.72751449971202,1.1330310362879852,0.3390188739868779,9.608681384044393,0.06174142315722765,0.5932536633152607,0.5932536633152607,0.5932536633152607,0.0,-0.0,0,0.01,0.01,0.14675420105364909,0.2879941038881796,21.864053346551916,0.01,0.08069085256020819,0.17699541502409888,6.073087516079672,0.01,0.07568791044839751,0.1646232185050584,5.725851051756678,0.01,0.14168237717301743,0.4169926044626049,45.483246434704085,0.01,0.14083845318209265,0.33410513551323223,8.42620971518105,0.01,0.08731247335145097,0.1409952427865689,11.364863958793702
7.29,27.084495651703705,25.923623801340476,1.16087185036323,0.3452340540876231,9.808206763260351,0.0619716829128783,0.6078310794767189,0.6078310794767189,0.6078310794767189,0.0,-0.0,0,0.01,0.01,0.14683221183584153,0.2880768679113331,21.987563484108037,0.01,0.08077087601384562,0.17707817904725237,6.091633959240878,0.01,0.07576770374342053,0.16470598252821186,5.744071981019185,0.01,0.14160706000593734,0.4169096801202016,45.248893169808134,0.01,0.14076018501883122,0.3340222111708289,8.368600916734797,0.01,0.08726807501594623,0.1409497831388231,11.280731013358404
7.3,27.312118518518513,26.123283197132444,1.18883532138607,0.3514065799700026,10.006647104522036,0.06220592293940884,0.6224727186657564,0.6224727186657564,0.6224727186657564,0.0,-0.0,0,0.01,0.01,0.14691164289348466,0.2881611214467198,22.11317329504241,0.01,0.08085236022133976,0.17716243258263908,6.110101782502486,0.01,0.07584895260620837,0.1647902360635986,5.762235854897056,0.01,0.14153003164263797,0.41682487903473514,45.0104478813877,0.01,0.14068013433224705,0.3339374100853625,8.310040708678118,0.01,0.08722290822640906,0.14090354116300935,11.195752066287485
7.3100000000000005,27.54339165200001,26.326459844230662,1.216931807769349,0.35750730886766435,10.204071591509093,0.06244409389138964,0.6371840045346555,0.6371840045346555,0.6371840045346555,0.0,-0.0,0,0.01,0.01,0.14699248172754342,0.2882468492214912,22.240809301593,0.01,0.0809352927812812,0.17724816035741048,6.128430256013335,0.01,0.07593164447250525,0.16487596383836997,5.7802855868746725,0.01,0.1414512854435388,0.4167381954612197,44.76799845851521,0.01,0.14059829316083228,0.3338507265118471,8.25056832182853,0.01,0.0871769815854894,0.14085652647291613,11.11001578164276
7.32,27.77829132325927,26.533104725526616,1.245186597732652,0.3635089349729849,10.40067723800651,0.06268612735925956,0.6519781779642281,0.6519781779642281,0.6519781779642281,0.0,-0.0,0,0.01,0.01,0.14707470908974346,0.28833402904858546,22.37039553407856,0.01,0.08101965437769369,0.17733534018450475,6.1465628728858315,0.01,0.07601575990644832,0.16496314366546425,5.798168042531457,0.01,0.14137082108913362,0.41664963054840043,44.52165054866259,0.01,0.14051466015116165,0.33376216159902783,8.190226220361968,0.01,0.08713030739534276,0.14080875241257898,11.02361232732823
7.33,28.016792576740745,26.74315404249639,1.273638534244353,0.3693871697691496,10.596774907735844,0.06293193758398356,0.6668755770851553,0.6668755770851553,0.6668755770851553,0.0,-0.0,0,0.01,0.01,0.1471582994669226,0.28842263241852373,22.501857163443617,0.01,0.08110541926730602,0.17742394355444302,6.164449712967058,0.01,0.07610127309558984,0.16505174703540249,5.815836257149868,0.01,0.14128864424612766,0.41655919191111224,44.27152428649642,0.01,0.14042924025499054,0.33367172296173964,8.129058497373645,0.01,0.08708290135641222,0.14076023571573376,10.936630241068936
7.34,28.258869248,26.95653124042893,1.302338007571069,0.3751217692943637,10.792770153166993,0.06318142390711848,0.6819025861793399,0.6819025861793399,0.6819025861793399,0.0,-0.0,0,0.01,0.01,0.14724322183457428,0.28851262535893174,22.635123972769446,0.01,0.0811925560429167,0.17751393649485106,6.182049429824008,0.01,0.07618815261936486,0.16514173997581055,5.833251301888268,0.01,0.14120476597025253,0.4164668929186287,44.01775046206625,0.01,0.14034204414865398,0.33357942396925605,8.067109228201279,0.01,0.08703478212054255,0.14071099602062612,10.849153435875664
7.3500000000000005,28.504493981481495,27.17314956492399,1.3313444165575068,0.38069736179612707,10.989139883865814,0.06343447383289803,0.6970903064091422,0.6970903064091422,0.6970903064091422,0.0,-0.0,0,0.01,0.01,0.14732944064084755,0.28860396951872214,22.770133528878354,0.01,0.0812810286335215,0.1776052806546414,6.199330788474469,0.01,0.07627636245155071,0.1652330841356009,5.850383730445184,0.01,0.14111920187422305,0.4163727517327497,43.76046631214271,0.01,0.14025308740254314,0.3334852827833771,8.004420857578353,0.01,0.08698597072107693,0.1406610552645747,10.761258480182224
7.36,28.753638248296305,27.392915024636995,1.3607232236593125,0.38610403886864925,11.186406054292593,0.06369096655156611,0.7124730138361862,0.7124730138361862,0.7124730138361862,0.0,-0.0,0,0.01,0.01,0.1474169169717526,0.28869662342372915,22.906833931856156,0.01,0.08137079749108866,0.17769793455964844,6.216273704188821,0.01,0.07636586314662075,0.16532573804060793,5.867214559265545,0.01,0.14103197110021407,0.4162767901410378,43.499811135371296,0.01,0.14016238944004372,0.33338932119166514,7.941032694804151,0.01,0.08693648990808464,0.14061043698804498,10.67301227307517
7.37,29.006272364000004,27.61572961734695,1.3905427466530564,0.3913376844593757,11.38510768016614,0.0639507767531287,0.7280864795646358,0.7280864795646358,0.7280864795646358,0.0,-0.0,0,0.01,0.01,0.1475056098402685,0.2887905438430114,23.045186039815977,0.01,0.08146182090559985,0.1777918549789307,6.232869755214907,0.01,0.07645661315175509,0.1654196584598902,5.883735755199643,0.01,0.14094309514539596,0.4161790322402598,43.235921939797656,0.01,0.14006997233517135,0.33329156329088716,7.876979586070164,0.01,0.08688636342099289,0.1405591655819052,10.584470215212113
7.38,29.262365506370365,27.841494665321594,1.4208708410487711,0.3964000285709625,11.585772547095074,0.06421377854884593,0.7439662326564617,0.7439662326564617,0.7439662326564617,0.0,-0.0,0,0.01,0.01,0.14759547753681174,0.2888856872003661,23.185165087824167,0.01,0.08155405638458423,0.17788699833628538,6.249122164144683,0.01,0.07654857018098768,0.16551480181724487,5.8999502249033124,0.01,0.14085259659603577,0.41607950303226304,42.968929329510935,0.01,0.13997585950576427,0.33319203408289044,7.812290825038636,0.01,0.08683561523346363,0.14050726551383447,10.495674952152838
7.390000000000001,29.5218857331852,28.070114102149155,1.4517716310360442,0.40129842550342204,11.788889963892458,0.06447984931465361,0.760145848458818,0.760145848458818,0.760145848458818,0.0,-0.0,0,0.01,0.01,0.14768647897632184,0.2889820109640467,23.326761643517376,0.01,0.08164746203107731,0.17798332209996595,6.265045263097402,0.01,0.07664169258576067,0.16561112558092544,5.915871319370012,0.01,0.14076049783010167,0.415978226998838,42.69895382554802,0.01,0.13988007436411806,0.3330907580494654,7.746989351977165,0.01,0.08678426880626097,0.14045476057043677,10.406655739747473
7.4,29.784800000000008,28.301497556852727,1.4833024431472819,0.4060453694723557,11.994885837760219,0.06474887327638838,0.7766553430738821,0.7766553430738821,0.7766553430738821,0.0,-0.0,0,0.01,0.01,0.14777857497811778,0.2890794749493065,23.469981867386917,0.01,0.08174199785479971,0.17808078608522582,6.280663477230615,0.01,0.07673594065708558,0.1657085895661853,5.931521885158157,0.01,0.1406668197499612,0.41587522672335087,42.42610279539338,0.01,0.1397826389891029,0.33298775777397827,7.681091278608012,0.01,0.08673234638306718,0.1404016731504737,10.317428452521355
7.41,30.051074177925933,28.53556309201291,1.515511085913021,0.4106577727893005,12.204101214257125,0.0650207446708732,0.7935197489897061,0.7935197489897061,0.7935197489897061,0.0,-0.0,0,0.01,0.01,0.14787172941860377,0.2891780424731139,23.61484707245051,0.01,0.08183762695529405,0.17817935360903323,6.296009878733327,0.01,0.07683127779850023,0.16580715708999272,5.946932910570602,0.01,0.14057158060552175,0.4157705216249643,42.15046813582762,0.01,0.13968357288295816,0.33288305267559165,7.614605760832563,0.01,0.08667986836177638,0.14034802364181556,10.22799622579613
7.42,30.32067307140741,28.77223947025709,1.5484336011503161,0.4151560429071627,12.416775239190867,0.06529537033887736,0.8107579376575702,0.8107579376575702,0.8107579376575702,0.0,-0.0,0,0.01,0.01,0.1479659102036315,0.28927768130797366,23.761392606358083,0.01,0.08193431652255441,0.17827899244389295,6.311124379762967,0.01,0.07692767151583388,0.16590679592485244,5.962141830525479,0.01,0.14047479496405324,0.41566412686614485,41.872124817135784,0.01,0.13958289187211648,0.33277665791677224,7.5475352251635615,0.01,0.08662685276985058,0.14029382991038605,10.138350693391368
7.43,30.59356043599999,29.011467846970525,1.5820925890294648,0.4195630039776496,12.63303327207799,0.0655726716346019,0.8283817424989703,0.8283817424989703,0.8283817424989703,0.0,-0.0,0,0.01,0.01,0.1480610900165183,0.28937836439186,23.909666107099863,0.01,0.08203203860998128,0.17837967552777928,6.32605164683226,0.01,0.07702509417910303,0.16600747900873877,5.977190567306943,0.01,0.14037647287611757,0.41555605248609817,41.591130354279336,0.01,0.1394806072047195,0.3326685835367255,7.479875937931436,0.01,0.08657331486706107,0.14023910692373412,10.048473754628873
7.44,30.86969899614816,29.25320281529548,1.6164961808526754,0.42390271568197585,12.85288062305524,0.06585258557023707,0.8463954210537872,0.8463954210537872,0.8463954210537872,0.0,-0.0,0,0.01,0.01,0.14815724680890877,0.2894800702633323,24.059725211338087,0.01,0.08213077064582724,0.1784813813992516,6.340838831110304,0.01,0.07712352352318749,0.1661091848802111,5.992123395829658,0.01,0.14027661927781132,0.41544630280212436,41.30752522478459,0.01,0.1393767248882515,0.3325588338527517,7.4116188896739885,0.01,0.08651926689262357,0.14018386652520962,9.958339779975114
7.45,31.149050462962965,29.497412761033104,1.6516377019298591,0.42819924663213943,13.076202109724955,0.06613506515162394,0.8647954784624623,0.8647954784624623,0.8647954784624623,0.0,-0.0,0,0.01,0.01,0.14825436401430878,0.289582783204361,24.211634819654204,0.01,0.08223049566211495,0.17858409434028027,6.355533217615706,0.01,0.07722294286673392,0.1662118978212398,6.006984730334556,0.01,0.1401752336583374,0.41533487610815745,41.02133420596276,0.01,0.139271245299354,0.33244740715878485,7.342750951643184,0.01,0.08646471796667096,0.14012811736735725,9.867918144277935
7.46,31.43157555200001,29.744079518406895,1.687496033593114,0.43247546137933157,13.302767350559833,0.06642007890028657,0.8835708570163403,0.8835708570163403,0.8835708570163403,0.0,-0.0,0,0.01,0.01,0.14835243047760238,0.28968649308758965,24.365464044711924,0.01,0.08233120223369195,0.17868780422350894,6.370179901207911,0.01,0.07732334104238058,0.16631560770446843,6.021816934232282,0.01,0.14007231000928397,0.41522176468554534,40.73256855834649,0.01,0.13916416308494134,0.3323342957361727,7.273256247736355,0.01,0.08640967414854447,0.14007186500544017,9.777175961114695
7.47,31.717234001037028,29.993197351160692,1.7240366498763382,0.43675187893298084,13.532241440318169,0.06670760959616898,0.9027034789618438,0.9027034789618438,0.9027034789618438,0.0,-0.0,0,0.01,0.01,0.14845144010753558,0.2897911949389885,24.52128298444017,0.01,0.08243288413398756,0.1787925060749078,6.384819597283573,0.01,0.07742471204524726,0.16642030955586729,6.036658254982129,0.01,0.13996783705852547,0.41510695512614326,40.441228940090674,0.01,0.13905546735983046,0.3322194861767706,7.203117674274316,0.01,0.08635413864687742,0.1400151121443452,9.686080883359539
7.48,32.00598458785187,30.244771315523213,1.7612132723286575,0.44104565676046986,13.764200403001356,0.06699765231242016,0.9221691129587584,0.9221691129587584,0.9221691129587584,0.0,-0.0,0,0.01,0.01,0.14855139127236766,0.289896888240437,24.679159471754758,0.01,0.08253553972750059,0.17889819937635631,6.399486690151968,0.01,0.07752705442002994,0.1665260028573158,6.051540981336585,0.01,0.13986179877801935,0.4149904289527706,40.14730890113574,0.01,0.13894514219190796,0.332102960003398,7.132318492455289,0.01,0.08629811216926184,0.13995785902485786,9.59460383235533
7.49,32.297785148,30.498815090629734,1.7989700573702676,0.445369747719244,13.998150600601457,0.06729021184674219,0.9419385193770735,0.9419385193770735,0.9419385193770735,0.0,-0.0,0,0.01,0.01,0.14865228597102528,0.29000357600903687,24.83915595361726,0.01,0.08263917113144359,0.17900488714495616,6.414207611383283,0.01,0.07763037041935365,0.16663269062591565,6.066489910268771,0.01,0.13975417514162686,0.4148721635077566,39.85079877755555,0.01,0.13883316735207404,0.331984694558384,7.060843914569981,0.01,0.08624159339276424,0.13990010392879149,9.502721523093145
7.5,32.59259259259259,30.755348386669215,1.8372442059233711,0.44973226861552895,14.23355110103426,0.06758529968158439,0.961978816696546,0.961978816696546,0.961978816696546,0.0,-0.0,0,0.01,0.01,0.1487541288225753,0.2901112637003311,25.001326645482802,0.01,0.0827437831897213,0.17911257483625037,6.42899962460805,0.01,0.0777346649766917,0.1667403783172099,6.081521196040002,0.01,0.13964494309707684,0.41475213306738706,39.55168978786601,0.01,0.13871951929349605,0.3318646641180144,6.988682605401732,0.01,0.08618457953100181,0.1398418437770069,9.410418664223588
7.51,32.89036292607407,31.014394060166968,1.875968865907102,0.454136108542366,14.469837883890769,0.06788293062654349,0.982255001249488,0.982255001249488,0.982255001249488,0.0,-0.0,0,0.01,0.01,0.14885692592516836,0.2902199579905918,25.16571509203213,0.01,0.08284938231102676,0.1792212691265111,6.443870072621322,0.01,0.07783994454565837,0.1668490726074706,6.096641634387928,0.01,0.13953407770590198,0.4146303101291906,39.24997812452969,0.01,0.13860417231369535,0.331742841179818,6.91582802465904,0.01,0.08612706696916457,0.13978307479022178,9.31768972905082
7.5200000000000005,33.19105126400001,31.275975078554065,1.9150761854459462,0.45857879336143664,14.706448693279416,0.0681831193097752,1.0027315458769581,1.0027315458769581,1.0027315458769581,0.0,-0.0,0,0.01,0.01,0.1489606836414123,0.29032966549858635,25.332352243080265,0.01,0.08295597522890186,0.17933097663450567,6.458816118545943,0.01,0.07794621586343302,0.16695878011546517,6.111848412119565,0.01,0.13942155339710557,0.41450666681068526,38.945668835987696,0.01,0.13848709984420624,0.33161919786131266,6.842279544523509,0.01,0.08606905193545752,0.13972379317986583,9.224540216564039
7.53,33.49461185081483,31.540111481967546,1.9545003688472795,0.46305261024821814,14.942847335663444,0.0684858766904763,1.023374000034859,1.023374000034859,1.023374000034859,0.0,-0.0,0,0.01,0.01,0.14906540737014595,0.29044039150950873,25.50125512565432,0.01,0.08306356774484726,0.17944170264542805,6.473824986644665,0.01,0.07805348469920109,0.16706950612638755,6.127129327705453,0.01,0.13930734527484573,0.4143811762928486,38.638779306905455,0.01,0.13836827580640756,0.33149370734347594,6.768043288071121,0.01,0.08601053117607699,0.13966399583520026,9.130987347971198
7.54,33.80099807762963,31.806817488873037,1.9941805887565913,0.4675449837276171,15.178546267057461,0.0687912067614145,1.044150514594846,1.044150514594846,1.044150514594846,0.0,-0.0,0,0.01,0.01,0.1491711003646729,0.2905521387629979,25.672426161776276,0.01,0.08317216351583985,0.1795534498989172,6.4888746819617635,0.01,0.078161754648669,0.16718125337987666,6.142463463603577,0.01,0.1391914304178104,0.4142538142394162,38.329342166403805,0.01,0.13824767596892454,0.33136634529004355,6.693132648615194,0.01,0.08595150260105817,0.13960368097350773,9.037060172957554
7.55,34.11016249999999,32.07609888374564,2.034063616254356,0.4720390826864601,15.413126415297265,0.06909910359930621,1.0650332189598288,1.0650332189598288,1.0650332189598288,0.0,-0.0,0,0.01,0.01,0.14927776265469136,0.29066490636342734,25.84585314854424,0.01,0.08328176294491736,0.1796662174993466,6.5039351431367205,0.01,0.07827102603292521,0.1672940209803061,6.1578222676473775,0.01,0.13907378910831836,0.41412456012424215,38.017407484033434,0.01,0.13812527924187723,0.33123709117486955,6.617568466238847,0.01,0.08589196587012478,0.13954284872234166,8.942799089771656
7.5600000000000005,34.422056855703715,32.34795081016776,2.074106045535957,0.47651462701895336,15.646253333723605,0.0694095489022229,1.0859993859036565,1.0859993859036565,1.0859993859036565,0.0,-0.0,0,0.01,0.01,0.149385390123581,0.2907786888641563,26.021509884732737,0.01,0.08339236222796716,0.17978000000007563,6.5189697612116655,0.01,0.07838129495433566,0.16740780348103512,6.173170980501996,0.01,0.138954405932494,0.41399339840331006,37.70304414985334,0.01,0.13800106884621827,0.33110592945393746,6.541378854938585,0.01,0.08583192289091299,0.13948150160644995,8.848254811723013
7.57,34.73663208251853,32.62235664195008,2.114275440568454,0.48095668592581914,15.877684547101422,0.06972251077763682,1.1070320319591964,1.1070320319591964,1.1070320319591964,0.0,-0.0,0,0.01,0.01,0.14949397385297195,0.29089347580683406,26.199364451609252,0.01,0.08350395266319374,0.17989478694275338,6.533941814543274,0.01,0.07849255262067487,0.16752259042371287,6.188475077252239,0.01,0.1388332706182019,0.4138603191982666,37.386335187557194,0.01,0.13787503324658068,0.330972850248894,6.4645962845972,0.01,0.0857710482293505,0.13941964478850477,8.777279620297588
7.58,35.053838336000005,32.899315733290145,2.154522602709863,0.48544390942260807,16.10705321036863,0.07003797541635652,1.1281053967777444,1.1281053967777446,1.1281053967777444,0.0,-0.0,0,0.01,0.01,0.1496035070509143,0.29100926333355015,26.37957048510883,0.01,0.08361652719514782,0.18001057446946947,6.548944340903258,0.01,0.07860479222442808,0.16763837795042896,6.203827426814321,0.01,0.13871037017113294,0.4137253048854662,37.067231634706125,0.01,0.13774715992007538,0.33083783593609356,6.3871798226158045,0.01,0.0857088304882783,0.13935727980868287,8.766656228453446
7.59,35.373625007259264,33.17886386209464,2.194761145164625,0.48999106197963443,16.33371332759486,0.07035597021269221,1.1491742483389178,1.1491742483389178,1.1491742483389178,0.0,-0.0,0,0.01,0.01,0.14971399818362494,0.29112606270584296,26.56226703785949,0.01,0.08373009408581937,0.18012737384176225,6.564055937413285,0.01,0.07871802244718795,0.16775517732272174,6.219299302957052,0.01,0.13858567424293167,0.41358831985455535,36.74567143370003,0.01,0.13761741975599412,0.33070085090518275,6.309074780061512,0.01,0.08564606726511985,0.13929440000746407,8.758248126675891
7.6000000000000005,35.69594074074076,33.46102484803146,2.234915892709305,0.4945610302674537,16.557117051437316,0.07067650855836564,1.1701992249877713,1.1701992249877713,1.1701992249877713,0.0,-0.0,0,0.01,0.01,0.1498254547992918,0.2912438800599669,26.7474181703897,0.01,0.08384466150627087,0.18024519119588617,6.57922228165276,0.01,0.07883225133791247,0.16787299467684566,6.234836934717122,0.01,0.13845915337764295,0.413449333938162,36.421714273712354,0.01,0.13748578159781655,0.33056186498878937,6.230308162991276,0.01,0.08558278561699026,0.139231001434444,8.74981775850966
7.61,36.020733452000016,33.74579950434643,2.2749339476535835,0.49911124128235457,16.77689745736051,0.07099957740016034,1.1911526295584207,1.1911526295584207,1.1911526295584207,0.0,-0.0,0,0.01,0.01,0.14993787569877529,0.291362711810598,26.93495240848935,0.01,0.08396022890584282,0.18036402294651727,6.594367802947601,0.01,0.07894747809790072,0.16799182642747676,6.250368486198686,0.01,0.13833078759509929,0.4133083280469121,36.09546171950567,0.01,0.13735222308736303,0.3304208590975395,6.150931030016478,0.01,0.08551898594709198,0.13916708531145444,8.741424142421646
7.62,36.34795034548148,34.033163539932836,2.314786805548647,0.5035966893352243,16.992881072090718,0.07132513503828392,1.2120195371563691,1.2120195371563691,1.2120195371563691,0.0,-0.0,0,0.01,0.01,0.15005124973522438,0.2914825438059455,27.124777956595864,0.01,0.08407678558762469,0.1804838549418648,6.609411765785098,0.01,0.07906369178938596,0.1681116584228243,6.265817360729485,0.01,0.13820056797275068,0.4131652955137355,35.76704967894342,0.01,0.13721673311438465,0.3302778265643629,6.071006095944179,0.01,0.08545467383214794,0.1391026584737641,8.733157912895452
7.63,36.67753793229629,34.32306678846148,2.3544711438348105,0.5079720937914599,17.205089915978714,0.07165311045241957,1.232798208093433,1.232798208093433,1.232798208093433,0.0,-0.0,0,0.01,0.01,0.1501655554195409,0.29160335104250845,27.316787137732696,0.01,0.08419431026464592,0.18060466217842774,6.624272642983075,0.01,0.07918087091579089,0.16823246565938724,6.281106154172977,0.01,0.13806849742266117,0.41302024281181215,35.436645626913574,0.01,0.13707931278553734,0.33013277386243955,5.990604708579194,0.01,0.08538986058995844,0.13903773351101312,8.725110546975968
7.640000000000001,37.00944204800002,34.61543366679416,2.3940083812058583,0.5121940382273066,17.41373409668806,0.07198340403106634,1.2534998571714528,1.2534998571714528,1.2534998571714528,0.0,-0.0,0,0.01,0.01,0.1502807610301483,0.291725097896438,27.510861102989576,0.01,0.08431277114268096,0.18072640903235732,6.638871920892911,0.01,0.07929898351872415,0.16835421251331678,6.296160241921224,0.01,0.1379345909218898,0.41287318967143216,35.10444450216563,0.01,0.136939975759553,0.32998572072205956,5.909804257457376,0.01,0.08532456320947904,0.13897232863208364,8.71736967407646
7.65,37.343607870370384,34.91016482839908,2.4334430419713016,0.516223001887922,17.61919549632846,0.07231588965170879,1.2741477972643733,1.2741477972643733,1.2741477972643733,0.0,-0.0,0,0.01,0.01,0.15039682520892367,0.29184773885475235,27.70687490037434,0.01,0.08443212650230647,0.18084904999067164,6.653137637788909,0.01,0.07941798777115033,0.16847685347163113,6.310911127309401,0.01,0.13779887519105882,0.41272416859005323,34.77066333929744,0.01,0.13679874800276165,0.3298366996406806,5.828685382317059,0.01,0.08525880400707031,0.13890646726376055,8.710014945544364
7.66,37.679979937185195,35.207139922494484,2.472840014690716,0.5200251876136022,17.822003501684755,0.07265041799706413,1.2947760039425382,1.2947760039425382,1.2947760039425382,0.0,-0.0,0,0.01,0.01,0.15051369800933043,0.29197121970653384,27.904702689676608,0.01,0.08455232574633056,0.1809725308424531,6.667007519857515,0.01,0.07953783303276334,0.1686003343234126,6.325299415391669,0.01,0.13766138783580056,0.41257322375784167,34.43553490160735,0.01,0.13665566698119735,0.32968575480846907,5.747329058410557,0.01,0.08519261003248177,0.13884017740526022,8.703114354451957
7.67,38.018502164,35.50622131758157,2.512280846418427,0.5235740604420565,18.02280409395091,0.07298682093455425,1.3154271751437463,1.3154271751437463,1.3154271751437463,0.0,-0.0,0,0.01,0.01,0.15063132234130086,0.29209547913250977,28.104222886469273,0.01,0.08467331085698214,0.18109679026842906,6.680431590658789,0.01,0.07965846131172216,0.16872459374938856,6.339277294094774,0.01,0.13752217599136257,0.41242040944896907,34.099300629001796,0.01,0.13651078032758246,0.3295329404995964,5.665813692802668,0.01,0.08512601225581005,0.138773490772131,8.696721165471585
7.68,38.359117861925924,35.80725860295987,2.551859258966052,0.5268515253453124,18.222323910565645,0.0733249167368319,1.336150383493807,1.336150383493807,1.336150383493807,0.0,-0.0,0,0.01,0.01,0.1507496357387013,0.29222045061279217,28.30532302689696,0.01,0.08479501818791071,0.18122176174871144,6.693374159017912,0.01,0.07977980905774343,0.16884956522967093,6.352810431987463,0.01,0.13738129453462244,0.4122657879547893,33.76220324596574,0.01,0.1363641440464467,0.3293783190054167,5.584212368005115,0.01,0.08505904457679424,0.13870644177276592,8.690871586487694
7.69,38.70176975540741,36.110093645877804,2.591676109529604,0.5298486901606302,18.421331104008956,0.0736645158829888,1.3569984376970634,1.3569984376970634,1.3569984376970634,0.0,-0.0,0,0.01,0.01,0.15086857236032025,0.29234606455791173,28.50790415782918,0.01,0.08491738050059074,0.181347375693831,6.705815120065587,0.01,0.07990180919625667,0.1689751791747905,6.365879229656693,0.01,0.13723880394884597,0.41210942715749677,33.424479389712744,0.01,0.13621582034308863,0.32922195820812417,5.502590362075104,0.01,0.08499174270590999,0.13863906636835932,8.685583277031823
7.7,39.04640000000001,36.41456595684681,2.631834043153208,0.5325661799150513,18.620594942199624,0.07400542715474354,1.37802508257294,1.37802508257294,1.37802508257294,0.0,-0.0,0,0.01,0.01,0.15098806512493199,0.2924722505583188,28.71188457480527,0.01,0.0850403291438792,0.18147356169423812,6.717750533129399,0.01,0.08002439330262649,0.1691013651751976,6.378479388677621,0.01,0.13709476794367229,0.41195139786081836,33.086352616445716,0.01,0.13606587518060426,0.3290639289114457,5.421003061321195,0.01,0.08492414297237057,0.13857140087223502,8.680854749571914
7.71,39.39295020014814,36.72051810252635,2.6724320976217926,0.5350139904872585,18.82084611863226,0.07434746373060788,1.3992821741843642,1.3992821741843642,1.3992821741843642,0.0,-0.0,0,0.01,0.01,0.151108047875572,0.29259893964270095,28.91720275255561,0.01,0.08516379626971424,0.18160025077862021,6.729192467936802,0.01,0.08014749380979824,0.1692280542595797,6.390621788252733,0.01,0.1369492509451445,0.4117917710068001,32.74802712496561,0.01,0.1359143756828218,0.3289043020574275,5.339494363783556,0.01,0.08485628111709459,0.13850348074684568,8.67666567872094
7.72,39.74136142696295,37.02780090509109,2.7135605218718646,0.5372108918676362,19.022739668684736,0.07469044898421967,1.4208169667639892,1.420816966763989,1.4208169667639892,0.0,-0.0,0,0.01,0.01,0.15122845746791924,0.29272606643600213,29.123819340877038,0.01,0.08528771697747206,0.1817273775719214,6.740168137079451,0.01,0.08027104614234068,0.1693551810528809,6.402331684631728,0.01,0.13680231557744857,0.4116306149140654,32.4096825012923,0.01,0.13576138750896388,0.3287431459646928,5.258095649152807,0.01,0.08478819112882784,0.13843533945629122,8.672978092831412
7.73,40.091574236000014,37.336278179144045,2.755296056855971,0.5391834130880826,19.226822227157285,0.07503422171048534,1.4426696417806073,1.442669641780607,1.4426696417806073,0.0,-0.0,0,0.01,0.01,0.1513492356825661,0.2928535711138855,29.3317181328902,0.01,0.0854120312842706,0.18185488224980478,6.750718358317702,0.01,0.08039499067469065,0.16948268573076425,6.413647272816394,0.01,0.13665402025896647,0.41146799267264633,32.071469737293505,0.01,0.135606972327741,0.3285805237232737,5.176825364652736,0.01,0.08471990417892396,0.13836700742896238,8.669738383255806
7.74,40.443528685037045,37.64583078143771,2.797697903599332,0.5409644611193757,19.433505120840202,0.07537864053395246,1.464871196818538,1.464871196818538,1.464871196818538,0.0,-0.0,0,0.01,0.01,0.1514703308706761,0.29298140106124176,29.540905952725815,0.01,0.08553668582820871,0.18198271219716103,6.7608954150845735,0.01,0.08051927442114658,0.16961051567812052,6.424617673827146,0.01,0.13650441703015745,0.41130395982349816,31.733508712646536,0.01,0.13545118551419477,0.3284164908741255,5.095689247419272,0.01,0.08465144770494748,0.13829851117905428,8.666880030027658
7.75,40.797164351851855,37.95635978371246,2.8408045681393976,0.5425916436588762,19.6430444819101,0.07572358729634171,1.4874417935918427,1.4874417935918427,1.4874417935918427,0.0,-0.0,0,0.01,0.01,0.15159169925654944,0.2931095121576662,29.75141145571475,0.01,0.08566163522562009,0.18211082329358544,6.770760407573229,0.01,0.08064385237927016,0.16973862677454493,6.435300433978407,0.01,0.13635354971983918,0.4111385624373598,31.39588725532336,0.01,0.13529407418210765,0.3282510934879872,5.0146811733041385,0.01,0.0845828446855365,0.13822987262751352,8.664326910664121
7.76,41.152420351999986,38.26778862310594,2.884631728894042,0.5441053798552415,19.855529209232238,0.07606896927222859,1.5103896413009243,1.5103896413009243,1.5103896413009243,0.0,-0.0,0,0.01,0.01,0.151713305838208,0.29323786963181586,29.963282883965476,0.01,0.08578684302115615,0.18223918076773513,6.780380209320698,0.01,0.08076868846609946,0.16986698424869462,6.445758644475792,0.01,0.13620145254013752,0.4109718356883132,31.058661815183797,0.01,0.13513567564864226,0.3280843667389406,4.9337845911175195,0.01,0.08451411313924927,0.1381611086528898,8.661997031766083
7.7700000000000005,41.50923535659261,38.58006413561551,2.9291712209771026,0.545546892912767,20.070877213137074,0.07641472012082856,1.533710464821385,1.533710464821385,1.533710464821385,0.0,-0.0,0,0.01,0.01,0.15183512484737585,0.29336644844825494,30.17658487173985,0.01,0.08591228218998512,0.18236775958417425,6.7898241643883175,0.01,0.08089375600704593,0.16999556306513375,6.4560578092211305,0.01,0.1360481491794854,0.4108038029931538,30.721859702210086,0.01,0.13497601640684537,0.3279163340437812,4.852974471653375,0.01,0.08444526586890432,0.13809223089108003,8.65980650371244
7.78,41.86754761007409,38.89315643343393,2.9743911766401596,0.5469561836767927,20.288839974002823,0.07676079954471203,1.557387578239171,1.557387578239171,1.557387578239171,0.0,-0.0,0,0.01,0.01,0.15195713975215414,0.2934952332136917,30.39139444505625,0.01,0.08603793517358689,0.182496544349611,6.79916067630289,0.01,0.08101903775951846,0.17012434783057048,6.466262604500386,0.01,0.13589365243861876,0.41063447575973233,30.385482759958794,0.01,0.1348151116567767,0.32774700681035973,4.77221967403677,0.01,0.08437631046077249,0.13802324579063613,8.657673566556266
7.79,42.227294948,39.20705764383999,3.020237304160018,0.5483700844669608,20.509015045372536,0.07710719168989556,1.5813925544744922,1.5813925544744922,1.5813925544744922,0.0,-0.0,0,0.01,0.01,0.15207934280818303,0.2936242176132282,30.60779640449244,0.01,0.08616379345344626,0.18262552874914748,6.808453850287405,0.01,0.08114452547610586,0.17025333223010697,6.4764336843934815,0.01,0.13573796442776365,0.41046385375718997,30.049512270565085,0.01,0.13465296541855667,0.3275763848078173,4.691485609633567,0.01,0.08430724953549504,0.13795415491779744,8.655522472761568
7.8,42.588414814814804,39.52177958284528,3.066635231969528,0.5498204876101874,20.730865757123027,0.0774539023829308,1.6056864526658499,1.6056864526658499,1.6056864526658499,0.0,-0.0,0,0.01,0.01,0.15220173418604788,0.29375340341019224,30.825878316138816,0.01,0.08628985668930164,0.18275471454611153,6.817760353171789,0.01,0.08127021903444487,0.17038251802707102,6.486624688781884,0.01,0.13558107731550048,0.4102919260900608,29.71391482439098,0.01,0.13448957122195074,0.3274044571406882,4.6107370674100325,0.01,0.08423808123540326,0.13788495549330604,8.653287038810264
7.8100000000000005,42.95084428162964,39.83735048820765,3.1134937934219966,0.5513328336139245,20.95374704079511,0.07780095535632656,1.6302215380686602,1.6302215380686602,1.6302215380686602,0.0,-0.0,0,0.01,0.01,0.15232432072305754,0.2938827990641446,31.04572535886136,0.01,0.08641613146942932,0.1828841102000639,6.827126649069882,0.01,0.08139612518164416,0.1705119136810234,6.496879605018954,0.01,0.13542297459254055,0.41011867272816716,29.378648838932897,0.01,0.13432491333868077,0.32723120377879455,4.529941055494699,0.01,0.08416879992159806,0.13781564113198716,8.650913694512054
7.82,43.31452006400001,40.153810981175866,3.1607090828241424,0.5529249302486289,21.176936022846146,0.07814838766116844,1.6549434057891432,1.6549434057891432,1.6549434057891432,0.0,-0.0,0,0.01,0.01,0.15244711436531955,0.2940124180397394,31.267415285292017,0.01,0.08654262973874989,0.18301372917565867,6.836586753162773,0.01,0.08152225595933564,0.17064153265661816,6.50723061945398,0.01,0.13526363278823897,0.4099440665166306,29.043671380713047,0.01,0.13415896849691067,0.327056597567258,4.4490695124528905,0.01,0.08409939704426729,0.1377462027465461,8.648363883739602
7.83,43.679378539703706,40.47120946226482,3.208169077438889,0.5546061567296067,21.399665824745018,0.0784962445028901,1.6797934008593263,1.6797934008593263,1.6797934008593263,0.0,-0.0,0,0.01,0.01,0.15257013038041511,0.2941422768933715,31.49101374710993,0.01,0.08666936698548203,0.18314358802929082,6.846160620247941,0.01,0.08164862689023505,0.1707713915102503,6.517696570588657,0.01,0.13510302355538797,0.4097680755665921,28.708944932214493,0.01,0.13399170799364177,0.32688060661721946,4.36810174878602,0.01,0.08402986214173615,0.13767662956951832,8.645615703915157
7.84,44.04535576651851,40.78959717178499,3.2557585947335252,0.5563770876245588,21.621160880537616,0.07884457376109787,1.7047112138461118,1.7047112138461118,1.7047112138461118,0.0,-0.0,0,0.01,0.01,0.15269338543126654,0.2942723932343308,31.716570213373423,0.01,0.08679636027794059,0.1832737043702501,6.855853250925156,0.01,0.08177525501781881,0.17090150785120958,6.528282083506133,0.01,0.13494111602078745,0.40959066590854487,28.37444375387452,0.01,0.13382310010125312,0.32670319695917227,4.287026493949819,0.01,0.0839601839180434,0.137606910242151,8.64266471088817
7.8500000000000005,44.41238750000002,41.109023159640536,3.303364340359488,0.5582295500971844,21.84067203799667,0.07919342046610214,1.72963752396731,1.72963752396731,1.72963752396731,0.0,-0.0,0,0.01,0.01,0.15281689560751674,0.29440278366206124,31.94411467545172,0.01,0.08692362624938625,0.18340409479798053,6.865654558131546,0.01,0.08190215689687808,0.17103189827894003,6.538977426991964,0.01,0.13477787928616353,0.4094118042774646,28.040159518143533,0.01,0.13365311265008714,0.326524335328092,4.205843446029946,0.01,0.08389035134565587,0.13753703391640784,8.639523859013464
7.86,44.78040921125927,41.42952941054475,3.3508798007145173,0.5601471067102202,22.057509749830118,0.07954282150298975,1.754516560831193,1.754516560831193,1.754516560831193,0.0,-0.0,0,0.01,0.01,0.15294067451167162,0.29453346178093615,32.17365528628341,0.01,0.08705117913029968,0.18353477291685547,6.875539993420871,0.01,0.08202934663402,0.17116257639781496,6.549759093516377,0.01,0.13461328495681388,0.40923146089272855,27.706105936108113,0.01,0.13348171566050396,0.3263439919433559,4.124564248505707,0.01,0.08382035473940273,0.1374669913163748,8.636222591025067
7.87,45.14935610474075,41.75114636037877,3.398209744361983,0.5621059353231496,22.271073783617577,0.07989280079898887,1.7792984613741425,1.7792984613741425,1.7792984613741425,0.0,-0.0,0,0.01,0.01,0.15306473149338146,0.29466443638879053,32.405177029582724,0.01,0.08717902892402894,0.18366574752470982,6.88547188925358,0.01,0.08215683407362045,0.1712935510056693,6.560591061260209,0.01,0.13444730957421805,0.40904961209641866,27.372322154848376,0.01,0.13330888389559087,0.326162143147046,4.043212849696142,0.01,0.08375018674982068,0.13739677570804631,8.632805135415921
7.88,45.51916313600001,42.07388901762736,3.4452741183726476,0.564076058631593,22.480878076070287,0.08024336522249224,1.803941309980427,1.8039413099804267,1.803941309980427,0.0,-0.0,0,0.01,0.01,0.1531890701168024,0.2947957099256366,32.63864145964099,0.01,0.0873071798136413,0.18379702106155588,6.895401434095645,0.01,0.08228462321649707,0.17142482454251537,6.571426659799338,0.01,0.13427993683378772,0.40886624272088823,27.03887477123032,0.01,0.1331345992098061,0.3259787737715156,3.9618252333980233,0.01,0.08367984322870274,0.13732638373161699,8.629328108394105
7.890000000000001,45.8897650294815,42.39775387189892,3.492011157582585,0.5660228594949587,22.686569618130957,0.0805945013839635,1.8284127664858396,1.8284127664858396,1.8284127664858396,0.0,-0.0,0,0.01,0.01,0.15331368693343883,0.2949272772550797,32.873987498756065,0.01,0.08743562887542765,0.18392858839099904,6.90527116410896,0.01,0.08241271094610797,0.17155639187195854,6.582210929689035,0.01,0.13411115947966037,0.40868134807002865,26.7058583816543,0.01,0.1329588525790164,0.32579387912065605,3.8804485419654915,0.01,0.08360932392648705,0.13725581605771214,8.625857551030185
7.9,46.261096296296316,42.722716731167715,3.5383795651286003,0.5679088051224943,22.887940568472118,0.08094617348209292,1.8526912079033764,1.8526912079033764,1.8526912079033764,0.0,-0.0,0,0.01,0.01,0.153438570616899,0.29505912483369723,33.111133229935156,0.01,0.08756436515850873,0.1840604359696165,6.915017831050326,0.01,0.08254108612104533,0.17168823945057599,6.592883343168927,0.01,0.13394098078441916,0.40849493541780313,26.373394662946048,0.01,0.1327816457131483,0.32560746646843053,3.7991396437300007,0.01,0.08353863298983033,0.13718507783805253,8.622465557370985
7.91,46.63309125200001,43.04873158263607,3.5843596693639315,0.5696952939963753,23.084933137906276,0.08129832228542005,1.8767663341828777,1.8767663341828777,1.8767663341828777,0.0,-0.0,0,0.01,0.01,0.15356370149742724,0.29519123030393024,33.34997857965507,0.01,0.08769336917120822,0.18419254143984953,6.924575491614095,0.01,0.08266972907381476,0.17182034492080905,6.603380739422013,0.01,0.1337694155420505,0.40830702495135907,26.041630053415773,0.01,0.13260299217322083,0.32541955600198647,3.7179632236725886,0.01,0.08346777923784324,0.13711417893142408,8.619226666341454
7.92,47.00568403437038,43.37573052133042,3.6299535130399665,0.5713445344722227,23.277637148383306,0.08165086528288265,1.90063921490647,1.90063921490647,1.90063921490647,0.0,-0.0,0,0.01,0.01,0.15368905151386572,0.295323562524867,33.59040875046899,0.01,0.08782261279425868,0.18432487366078631,6.93387865903953,0.01,0.08279861153534426,0.1719526771417458,6.613640323491766,0.01,0.13359649052633213,0.4081176501132435,25.710732171335515,0.01,0.1324229179388633,0.32523018116387087,3.636989498328742,0.01,0.08339677620650225,0.13704313389696945,8.616214197360145
7.930000000000001,47.378808621185215,43.703624738208475,3.675183882976741,0.5728213634814223,23.466280529364976,0.08200369797919985,1.9243217812252233,1.9243217812252233,1.9243217812252233,0.0,-0.0,0,0.01,0.01,0.15381458457988328,0.2954560820337075,33.83229823615807,0.01,0.08795205961955933,0.18445739316962675,6.9428653625467724,0.01,0.08292769698340619,0.17208519665058625,6.623602582208499,0.01,0.13342224439302344,0.40792685732662604,25.380885167854466,0.01,0.13224146139935786,0.32503938837725344,3.556291672283291,0.01,0.08332564196215354,0.13697196175820395,8.613496707785652
7.94,47.75239884800002,44.03230655537184,3.720092292628179,0.5740962861644877,23.651213039113955,0.0823566963060832,1.947835769532783,1.9478357695327828,1.947835769532783,0.0,-0.0,0,0.01,0.01,0.15394025734484115,0.2955887419287845,34.07551598611201,0.01,0.08808166569504973,0.18459005306470375,6.9514804083771455,0.01,0.08305694139537519,0.17221785654566324,6.633214435394714,0.01,0.1332467270277073,0.4077347050899357,25.052283789833265,0.01,0.13205825546172753,0.3248472361405631,3.479511496222549,0.01,0.08325439869433726,0.13690068554200083,8.611134142244275
7.95,48.12638842592593,44.36167854723113,3.7647098786948017,0.5752761769428916,23.832710535721844,0.08270974801682224,1.9711974829674184,1.9711974829674184,1.9711974829674184,0.0,-0.0,0,0.01,0.01,0.15406602658765328,0.2957214996579147,34.32013992672761,0.01,0.08821138606371298,0.18472281079383404,6.959813678702096,0.01,0.08318630006796694,0.17235061427479353,6.642567068388615,0.01,0.13306999113688503,0.40754124709059525,24.72496749323919,0.01,0.13186761197535965,0.32465377814122265,3.455466514220146,0.01,0.08318306881554635,0.13682932595521782,8.609004115667174
7.96,48.500710959407414,44.69174166308729,3.8089692963201167,0.5765216537037584,24.010393784125377,0.08306284677277215,1.994371659844727,1.994371659844727,1.994371659844727,0.0,-0.0,0,0.01,0.01,0.15419188245379056,0.29585435244281755,34.56654475916248,0.01,0.08834120722557758,0.18485566357873684,6.9681622607129965,0.01,0.08331576055899066,0.17248346705969633,6.651945216445364,0.01,0.13289204830698362,0.407346479942279,24.39866667333026,0.01,0.13167370491068217,0.3244590109929064,3.4481291172996626,0.01,0.08311165653233944,0.136757882331344,8.606757219804615
7.97,48.87529996399998,45.02254000487134,3.8527599591286443,0.5778597796381442,24.18360528289737,0.08341603221172915,2.0173003972739103,2.0173003972739103,2.0173003972739103,0.0,-0.0,0,0.01,0.01,0.15431783732881557,0.2959873148266773,34.81484401419764,0.01,0.08847114063069021,0.18498862596259658,6.976602970266273,0.01,0.08344533472211131,0.17261642944355607,6.661417408649781,0.01,0.13271287594875195,0.40715037465146986,24.073285928927266,0.01,0.1314782510087895,0.32426290570209726,3.442575361916684,0.01,0.08304007485477845,0.13668620187707903,8.599676941051005
7.98,49.25008888414816,45.354143561459345,3.895945322688813,0.579336714616506,24.351528175293772,0.08376937110778153,2.039912200757782,2.039912200757782,2.039912200757782,0.0,-0.0,0,0.01,0.01,0.15444391279555125,0.2961204116250329,35.065200516153894,0.01,0.08860120748755916,0.1851217227609522,6.985221271455626,0.01,0.08357504399319955,0.1727495262419117,6.671065792362679,0.01,0.1325324374839964,0.40695288633549687,23.74869798626412,0.01,0.1312814120611227,0.32406541738612427,3.437041630568481,0.01,0.08296785267164787,0.13661380083813324,8.586861588018612
7.99,49.62501111096297,45.68661875983373,3.9383923511292416,0.5809023096945533,24.513381973009174,0.08412292580222197,2.0621374128769765,2.0621374128769765,2.0621374128769765,0.0,-0.0,0,0.01,0.01,0.1545701324340961,0.29625366605274045,35.317594070878805,0.01,0.08873143233905535,0.18525497718865974,6.993967263637158,0.01,0.08370491278356301,0.17288278066961926,6.680839332001194,0.01,0.13235069064194377,0.40675397153030135,23.424914506078228,0.01,0.13108316505335732,0.32386650258092875,3.4313537619057057,0.01,0.08289486129706995,0.1365406255298365,8.573689066599359
8.0,50.0,46.01999809963013,3.980001900369871,0.5824930296247192,24.66861961023222,0.08447672203953327,2.083924121912567,2.083924121912567,2.083924121912567,0.0,-0.0,0,0.01,0.01,0.15469650770454102,0.2963870875855591,35.57193089190481,0.01,0.08886182816402625,0.18538839872147836,7.002738608114216,0.01,0.08383495368490324,0.17301620220243785,6.690639815519113,0.01,0.13216760812528566,0.40655360653270434,23.102036535083982,0.01,0.1308834802998506,0.3236661375833317,3.4255629131938825,0.01,0.08282108732489478,0.13646666564614998,8.560381776703851
8.01,50.37498888903704,46.35427624147048,4.020712647566558,0.5840403920217032,24.816948319971537,0.08483074518893381,2.1052402192984445,2.1052402192984445,2.1052402192984445,0.0,-0.0,0,0.01,0.01,0.15482303579441306,0.2965206704943294,35.82807906122134,0.01,0.08899239343065005,0.1855219816302487,7.011422135705493,0.01,0.0839651647686857,0.1731497851112082,6.700358936400594,0.01,0.13198318240391907,0.4063517902317412,22.78021412613204,0.01,0.13068234673967263,0.32346432128236857,3.419753886217538,0.01,0.08274652685986147,0.13639191917327503,8.547074502463508
8.02,50.74991111585184,46.689408138182266,4.060502977669573,0.5854743278521352,24.958336770764166,0.08518493868195127,2.1260743874210353,2.1260743874210353,2.1260743874210353,0.0,-0.0,0,0.01,0.01,0.1549496988839838,0.2966543932117139,36.08587336972,0.01,0.089123111237113,0.18565570434763318,7.019900317391997,0.01,0.0840955287633353,0.17328350782859267,6.709884118518904,0.01,0.13179742756104854,0.4061485457612816,22.459640339753975,0.01,0.13047977658770998,0.32326107681190897,3.4140195424780466,0.01,0.08267118494130656,0.13631639314534158,8.53390985070592
8.03,51.12470003599998,47.02530910180877,4.099390934191202,0.5867265684832638,25.093009524874958,0.08553920452281724,2.14643607384128,2.14643607384128,2.14643607384128,0.0,-0.0,0,0.01,0.01,0.15507646415940107,0.29678821848070913,36.34512144863311,0.01,0.08925394924765423,0.18578952961662845,7.02805694170044,0.01,0.08422601301049025,0.17341733309758794,6.719103918077017,0.01,0.1316103800561414,0.40594392100000337,22.140544227114177,0.01,0.13027580664403143,0.3230564520506307,3.4084539063807013,0.01,0.08259507595636376,0.1362401039783322,8.521032569832448
8.040000000000001,51.49928904059263,47.36185677246382,4.1374322681288085,0.5877338973807463,25.22142939126361,0.08589340580607754,2.1663544697131365,2.1663544697131365,2.1663544697131365,0.0,-0.0,0,0.01,0.01,0.15520328455797824,0.2969220942632132,36.60561094318353,0.01,0.08938486038392222,0.18592340539913246,7.0357825256393856,0.01,0.0843565701729858,0.17355120888009196,6.727913192104481,0.01,0.1314220984296087,0.4057379879019402,21.82318213986947,0.01,0.1300704981817828,0.32285051895256756,3.4031474385156146,0.01,0.08251822363076318,0.13616307736580793,8.508582766086933
8.05,51.87361157407412,47.69889486851257,4.1747167055615515,0.5884411161704839,25.344268793553614,0.08624737108445506,2.1858765555017925,2.1858765555017925,2.1858765555017925,0.0,-0.0,0,0.01,0.01,0.1553301001968035,0.2970559553522447,36.86711741592559,0.01,0.08951578422423888,0.18605726648816404,7.042979246373313,0.01,0.08448713964696909,0.17368506996912353,6.736217819312886,0.01,0.1312326619706017,0.4055308406946515,21.50782778354174,0.01,0.1298639356478187,0.3226433717452789,3.3981827962369366,0.01,0.08244066058207983,0.13608534774030256,8.496689377238868
8.06,52.24760115200001,48.036238514617125,4.211362637382881,0.5888035868681784,25.462371774037308,0.08660090034434621,2.205064320534099,2.205064320534099,2.205064320534099,0.0,-0.0,0,0.01,0.01,0.1554568404037829,0.29718972559869816,37.12941264404264,0.01,0.0896466490306701,0.18619103673461743,7.049565195467436,0.01,0.08461764959763389,0.17381884021557692,6.743938783325017,0.01,0.13104216841678634,0.40532259303596546,21.194761517333124,0.01,0.12965622426905457,0.3224351240865928,3.3936310593817045,0.01,0.08236242745574485,0.13600695732519702,8.485464220499187
8.07,52.62119137881482,48.37368087110494,4.247510507709888,0.5887892334694765,25.576708669947614,0.08695377227293416,2.2239913011778056,2.2239913011778056,2.2239913011778056,0.0,-0.0,0,0.01,0.01,0.1555834262422645,0.29732332063527533,37.392272967163905,0.01,0.08977737429448213,0.18632463177119463,7.055477800478557,0.01,0.08474801950897864,0.17395243525215412,6.751015468892038,0.01,0.1308507308013897,0.40511337427030636,20.884259429801524,0.01,0.12944748668830072,0.32222590532093376,3.38954856131988,0.01,0.08228357168478947,0.13592795482200487,8.474996890522986
8.08,52.99431596562964,48.71100072896791,4.283315236661726,0.5883799131708927,25.68832580487255,0.08730575244386754,2.2427386134176173,2.2427386134176173,2.2427386134176173,0.0,-0.0,0,0.01,0.01,0.15570977339821557,0.297456650958047,37.655487343141345,0.01,0.08990787366715422,0.1864579620939663,7.060676302643524,0.01,0.08487816311481172,0.17408576557492578,6.757408062903258,0.01,0.13065847360375188,0.40490332496904136,20.5765827206787,0.01,0.12923785879796676,0.3220158560196687,3.3859744543454435,0.01,0.08220414593301942,0.13584839379615518,8.465350740919964
8.09,53.36690874799999,49.04797069234565,4.318938055654342,0.5875720986735302,25.79829272366535,0.08765660201037592,2.261390677825511,2.261390677825511,2.261390677825511,0.0,-0.0,0,0.01,0.01,0.15583579528358762,0.2975896252109771,37.918864777020204,0.01,0.09003805812776508,0.1865909363468964,7.065143220702656,0.01,0.08500799156206787,0.1742187398278559,6.76309899070205,0.01,0.13046552839292477,0.40469259197389695,20.27196789683055,0.01,0.12902748497856115,0.32180512302452435,3.3829291052683867,0.01,0.0821242062972937,0.13576833083962533,8.456560131684142
8.1,53.738903703703684,49.384365546513806,4.354538157189884,0.5863768468224554,25.907649557765854,0.08800608647715992,2.280030847400696,2.280030847400696,2.280030847400696,0.0,-0.0,0,0.01,0.01,0.15596140620162258,0.2977221535113553,38.18224080552488,0.01,0.09016783922893694,0.18672346464727457,7.068884768688806,0.01,0.08513741664901245,0.1743512681282341,6.768093353913647,0.01,0.13027202917786773,0.40448132318653873,19.970618246293398,0.01,0.12881651297741983,0.32159385423716613,3.3804133802210625,0.01,0.08204381035695225,0.1356878236003275,8.448629067284124
8.11,54.11023497051849,49.71997040523006,4.390264565288432,0.5848190636554832,26.017357040289358,0.08835398412597772,2.2987371509376207,2.2987371509376207,2.2987371509376207,0.0,-0.0,0,0.01,0.01,0.15608652441967955,0.29785415065468185,38.445482746910045,0.01,0.09029713226284701,0.18685546179060117,7.071930230329903,0.01,0.08526635398034325,0.17448326527156066,6.7724183690905875,0.01,0.13007810769129302,0.4042696623595664,19.672696989793117,0.01,0.12860508867991088,0.3213821934101938,3.378408840173397,0.01,0.08196301516651118,0.13560692877532696,8.441531287735257
8.120000000000001,54.48083686400005,50.054588246890496,4.4262486171095485,0.5829361100991729,26.12825150337392,0.088700093694098,2.3175783564122234,2.3175783564122234,2.3175783564122234,0.0,-0.0,0,0.01,0.01,0.15621107500254194,0.29798553904603076,38.70849346720998,0.01,0.09042585919593335,0.18698685018195005,7.074330325915139,0.01,0.08539472588838742,0.17461465366290954,6.7761218383664845,0.01,0.1298838888365081,0.4040577441437092,19.378322426444804,0.01,0.1283933510295792,0.3211702751943366,3.376878831210107,0.01,0.08188187529101613,0.13552570016729237,8.43521180965858
8.13,54.85064389525928,50.388046483460165,4.462597411799115,0.5807758243752065,26.241006896388985,0.08904424094822727,2.3366105408061544,2.3366105408061544,2.3366105408061544,0.0,-0.0,0,0.01,0.01,0.15633499227359726,0.298116251220757,38.97121346900563,0.01,0.09055395123527706,0.18711756235667631,7.076154640310755,0.01,0.08552246398399066,0.17474536583763578,6.77926971513891,0.01,0.12968948651753912,0.4038456896327834,19.087565292183243,0.01,0.1281814273450899,0.32095822068341073,3.375770416888882,0.01,0.08180044098166454,0.1354441869008295,8.429589847913604
8.14,55.21959078874076,50.720202257767724,4.499388530973042,0.5783940650681674,26.356105479604327,0.08938628385675595,2.3558743257585135,2.3558743257585135,2.3558743257585135,0.0,-0.0,0,0.01,0.01,0.15645822179190574,0.2982462318397594,39.23362117932894,0.01,0.09068135091033923,0.1872475429756787,7.077488214360289,0.01,0.08564951122142242,0.17487534645663816,6.781942860608194,0.01,0.12949500005284673,0.40363360262255377,18.800448439829562,0.01,0.12796942926083052,0.32074613367318117,3.375017064512965,0.01,0.08171875658248139,0.13536243188758526,8.42456298382342
8.15,55.58761250000002,51.05094623082363,4.5366662691763935,0.5758519013298445,26.473818394332284,0.08972611613696815,2.375392903838862,2.375392903838862,2.375392903838862,0.0,-0.0,0,0.01,0.01,0.15658072175886883,0.2983754390721537,39.495731396174136,0.01,0.09080801357959552,0.187376750208073,7.078427436265183,0.01,0.08577582338750467,0.1750045536890325,6.7842331206546636,0.01,0.12930051134306647,0.4034215667632433,18.51694883312968,0.01,0.1277574494857371,0.32053409781387066,3.374541963722504,0.01,0.08163685924726792,0.13528047061655823,8.420012384718108
8.16,55.95464423348149,51.380204697933706,4.57443953554778,0.5732125926924196,26.59419681056209,0.09006366903737466,2.3951709398612686,2.3951709398612686,2.3951709398612686,0.0,-0.0,0,0.01,0.01,0.1567024637976065,0.2985038453097177,39.75759194572593,0.01,0.09093390830125413,0.18750515644563698,7.079075403663915,0.01,0.0859013699548302,0.17513295992659647,6.786238886184021,0.01,0.12910608292495887,0.403209643739912,18.237001729443,0.01,0.12754555953299926,0.32032217479053937,3.3742618257109784,0.01,0.08155477803030792,0.1351983303295527,8.415808826058782
8.17,56.320621460296294,51.707939956546895,4.612681503749402,0.5705385096105874,26.717073831345004,0.09039891130422195,2.4151943875881066,2.4151943875881066,2.4151943875881066,0.0,-0.0,0,0.01,0.01,0.15682343307974703,0.29863143719118995,40.01927869843062,0.01,0.09105901803914317,0.18763274832710924,7.0795369588147175,0.01,0.0860261342708461,0.17526055180806877,6.7880603312363395,0.01,0.12891175699912436,0.40299787256266545,17.960506812938483,0.01,0.12733380852397921,0.3201104036132928,3.374090986017309,0.01,0.08147253339524518,0.13511602962202376,8.411819223285617
8.18,56.685479936,52.034148935666956,4.651331000333048,0.5678881467279275,26.842076814758677,0.09073184737097958,2.435431216676794,2.435431216676794,2.435431216676794,0.0,-0.0,0,0.01,0.01,0.156943627806539,0.2987582149487244,40.28088918526923,0.01,0.09118333920742903,0.1877595260846437,7.079913625561068,0.01,0.08615011308715133,0.17538732956560318,6.789794549102312,0.01,0.12871755547033228,0.4027862699924375,17.687335939071765,0.01,0.12712222311552654,0.3198988010430649,3.37394561528232,0.01,0.0813901371651659,0.1350335784877651,8.407913350245114
8.19,57.04915571837035,52.358860181815835,4.690295536554521,0.5653133739793911,26.96864928358113,0.09106251389569062,2.4558330001341133,2.4558330001341133,2.4558330001341133,0.0,-0.0,0,0.01,0.01,0.15706305808242446,0.2988841911217713,40.54253513763463,0.01,0.0913068805895182,0.18788550225769057,7.080298693717655,0.01,0.0862733154650303,0.17551330573865007,6.791530823509027,0.01,0.12852348098906408,0.4025748320709399,17.417342067832738,0.01,0.12691080854370734,0.3196873631215673,3.373747832333648,0.01,0.08130759291439497,0.13495097880317963,8.403970406437292
8.2,57.411585185185174,52.68212937564,4.729455809545171,0.5628570564516782,27.096081152534573,0.09139097484923481,2.4763372711241125,2.4763372711241125,2.4763372711241125,0.0,-0.0,0,0.01,0.01,0.15718174424796758,0.2990093887137489,40.80433433867706,0.01,0.09142966169582846,0.18801069984966817,7.080772700876014,0.01,0.08639576112252836,0.17563850333062767,6.793346276397847,0.01,0.1283295189336431,0.40236353666832947,17.150368903345953,0.01,0.12669955072168865,0.31947606771895687,3.3734295142722424,0.01,0.0812248967800786,0.1348682252245091,8.399885099043743
8.21,57.772705052000035,53.00403362236066,4.768671429639379,0.5605511532923672,27.223545633079613,0.0917173154240348,2.496870521789768,2.496870521789768,2.496870521789768,0.0,-0.0,0,0.01,0.01,0.15729971476395305,0.2991338388926112,41.0664022143604,0.01,0.09155171065076043,0.18813515002853048,7.081399550486049,0.01,0.08651747831393808,0.17576295350948998,6.795302123236371,0.01,0.1281356402266291,0.4021523469121256,16.88626072518646,0.01,0.1264884192779403,0.31926487796275294,3.3729356099545273,0.01,0.08114203865048324,0.13478530645058523,8.395572927919837
8.22,58.132452389925966,53.32466481503784,4.807787574888124,0.5584153801046201,27.35014089263615,0.09204163508444364,2.5173516875481363,2.5173516875481363,2.5173516875481363,0.0,-0.0,0,0.01,0.01,0.1574170037584175,0.29925757835660316,41.32884360492098,0.01,0.09167306172003338,0.18825888949252248,7.08222347696803,0.01,0.08663850135327193,0.17588669297348197,6.79744073972415,0.01,0.12794180483925155,0.40194121531847904,16.624871894380703,0.01,0.1262773713756074,0.31905374636910644,3.3722267867521722,0.01,0.08105900366821547,0.13470220678552605,8.390974402754123
8.23,58.49076464340743,53.644122409485284,4.8466422339221396,0.5564564896746204,27.474934360733748,0.09236404011473912,2.537695939444636,2.537695939444636,2.537695939444636,0.0,-0.0,0,0.01,0.01,0.15753364836247033,0.2993806465002412,41.5917451415124,0.01,0.09179375260467362,0.1883819576361605,7.083267024448989,0.01,0.08675886790825685,0.17600976111712,6.799783701060375,0.01,0.12774796580549327,0.40173008841414704,16.366075544753027,0.01,0.12606635611707567,0.3188426194647744,3.3712812748841894,0.01,0.08097577397120964,0.13461890792124234,8.386057978541121
8.24,58.847579648000014,53.962505971966365,4.885073676033644,0.5546681942052526,27.597007496019437,0.09268463603699183,2.5578185954786967,2.5578185954786967,2.5578185954786967,0.0,-0.0,0,0.01,0.01,0.15764968596842477,0.29950308252231794,41.85516860969292,0.01,0.09191382163674061,0.18850439365823726,7.084530147692447,0.01,0.08687861619998191,0.17613219713919676,6.802330899035852,0.01,0.1275540735445015,0.40151891161596964,16.10977102581914,0.01,0.12585531931112398,0.31863144266659704,3.370095817169074,0.01,0.08089233058309454,0.13453539084936025,8.380821565698549
8.25,59.20283564814816,54.27990786482955,4.922927783318605,0.5530317201792936,27.715498856994586,0.09300352026873036,2.577638959704469,2.577638959704469,2.577638959704469,0.0,-0.0,0,0.01,0.01,0.15776515154474136,0.29962492261735474,42.119145615799866,0.01,0.09203330501401852,0.18862623375327406,7.085990476649265,0.01,0.08699778224525288,0.17625403723423355,6.805060777397028,0.01,0.1273600802773066,0.4013076341251268,15.85588974267894,0.01,0.12564420836480608,0.3184201651757542,3.368685681799951,0.01,0.0808086553579296,0.13445163780662392,8.375292549259745
8.26,59.55647131496295,54.59640642126059,4.960064893702364,0.5515169562021219,27.829643452233924,0.09332077536991198,2.597083905230664,2.597083905230664,2.597083905230664,0.0,-0.0,0,0.01,0.01,0.1578800751366647,0.29974619738461866,42.38367379094964,0.01,0.09215223420637135,0.18874750852053793,7.087604715572703,0.01,0.087116397273954,0.17637531200149742,6.807931658160268,0.01,0.12716594432182896,0.40109621359616676,15.604399135252605,0.01,0.12543297705890646,0.3182087446467941,3.3670837482366642,0.01,0.08072473288254094,0.13436763415720548,8.369526333039511
8.27,59.90842576399998,54.91205992951352,4.996365834486461,0.5500841261846054,27.93880657390455,0.09363646319173023,2.616091033378284,2.616091033378284,2.616091033378284,0.0,-0.0,0,0.01,0.01,0.1579944796696252,0.2998669295751345,42.64871467689578,0.01,0.09227063365556017,0.18886824071105376,7.089311079947219,0.01,0.08723448544261471,0.17649604419201326,6.810884066435366,0.01,0.12697163405877276,0.4008846203552989,15.355304646898603,0.01,0.12522158997444474,0.3179971514059263,3.365338727533032,0.01,0.08064055224276981,0.13428337011951436,8.36360350312232
8.28,60.25863857303701,55.226901701300584,5.031736871736433,0.5486858963062164,28.042510628317263,0.09395062018853569,2.6346112651740103,2.6346112651740103,2.6346112651740103,0.0,-0.0,0,0.01,0.01,0.1581083791551828,0.29998713227790974,42.91419334642017,0.01,0.09238851887366,0.18898844341382903,7.09103261567185,0.01,0.08735206194855194,0.17661624689478853,6.81384390495685,0.01,0.12677713137964097,0.4006728409677133,15.108649643565357,0.01,0.12501002635764016,0.3177853720183406,3.3635126247576492,0.01,0.08055610856760952,0.13419884225375306,8.357625776516187
8.290000000000001,60.60704979985189,55.540936441099454,5.066113358752435,0.5472698053597572,28.1404538518202,0.09426325409152499,2.6526107516849606,2.6526107516849606,2.6526107516849606,0.0,-0.0,0,0.01,0.01,0.15822177737748933,0.3001068076229451,43.17999972366544,0.01,0.09250589502369136,0.1891081187588644,7.0926811995785854,0.01,0.08746913162732765,0.17673592223982393,6.816726285999393,0.01,0.1265824344556789,0.40046088098822996,14.864513352176946,0.01,0.1247982832408417,0.3175734120388573,3.361677589384002,0.01,0.08047140427698542,0.13411405463907275,8.351710959915637
8.3,60.95360000000005,55.85413806609525,5.099461933904796,0.5457808950370114,28.232520219525867,0.09457434207223338,2.6700720248026846,2.6700720248026846,2.6700720248026846,0.0,-0.0,0,0.01,0.01,0.15833466711311311,0.30022594605180136,43.4459914923455,0.01,0.09262275604083606,0.18922725718772065,7.0941619913105685,0.01,0.0875856880909722,0.17685506066868015,6.819439800565822,0.01,0.1263875597015801,0.40024876677152565,14.623006985093616,0.01,0.12458637767554838,0.317361297822153,3.3599123274165557,0.01,0.08038644997417418,0.1340290196850644,8.345987188454725
8.31,61.29823024459261,56.166449053756324,5.131781190836283,0.5441644098788673,28.318780296371926,0.09488383044888776,2.6869943481602574,2.6869943481602574,2.6869943481602574,0.0,-0.0,0,0.01,0.01,0.15844702990992923,0.30034452617791196,43.71199841395737,0.01,0.0927390843249734,0.18934583731383128,7.095378094582535,0.01,0.08770171343681406,0.17697364079479078,6.821890993193216,0.01,0.126192542848442,0.40003654626536744,14.384268301385406,0.01,0.12437434797878384,0.31714907731599484,3.3582982654184956,0.01,0.08030126494177706,0.13394375854065385,8.340586742344199
8.32,61.64088213807407,56.47778131923133,5.163100818842737,0.5423684360985098,28.39948322251217,0.09519163591306692,2.703393267036631,2.703393267036631,2.703393267036631,0.0,-0.0,0,0.01,0.01,0.1585588364230161,0.30046251522989714,43.97782782586547,0.01,0.09285485100668715,0.18946382636581643,7.096235189884918,0.01,0.08781717852825556,0.17709162984677593,6.82398881444855,0.01,0.1259974390846974,0.39982428876040516,14.148454922270812,0.01,0.12416225394346057,0.3169368198110325,3.356915661420383,0.01,0.08021587721986684,0.13385830108336905,8.335639751102745
8.33,61.98149783600001,56.788018551431215,5.193479284568793,0.5403463541297546,28.47504044630152,0.09549764818151629,2.719299394495349,2.719299394495349,2.719299394495349,0.0,-0.0,0,0.01,0.01,0.15867004727850778,0.3005798700432328,44.24327104924762,0.01,0.09297001676083351,0.18958118117915207,7.096645917872798,0.01,0.08793204382090702,0.17720898466011156,6.825648839419148,0.01,0.12580232226937466,0.39961208362073253,13.915736765637222,0.01,0.1239501760145129,0.3167246146713599,3.3558398518519725,0.01,0.08013032326547186,0.13377268549245924,8.33126809057235
8.34,62.320020062814805,57.097019868224294,5.223000194590506,0.5380589911395369,28.546002198206615,0.0958017339117656,2.734756506837266,2.734756506837266,2.734756506837266,0.0,-0.0,0,0.01,0.01,0.15878061441143443,0.3006965385400746,44.50811040954792,0.01,0.09308453311563625,0.18969784967599393,7.096533819869351,0.01,0.08804626068153222,0.17732565315695342,6.826797066172638,0.01,0.12560728326683518,0.399400038068273,13.686287992672451,0.01,0.123738213482988,0.31651256911890036,3.3551378086575316,0.01,0.08004464721296367,0.13368695742952225,8.327579759559319
8.35,62.656392129629644,57.4046245907344,5.2517675388952405,0.5354763762334991,28.613028020530813,0.09610374166339024,2.7498190530924393,2.7498190530924393,2.7498190530924393,0.0,-0.0,0,0.01,0.01,0.15889048280191678,0.30081246161497704,44.77212655514542,0.01,0.09319834418237044,0.18981377275089636,7.095836675113978,0.01,0.08815977312453097,0.17744157623185586,6.827373139579517,0.01,0.12541242749395876,0.3991882741388145,13.460278868613836,0.01,0.12352648179751295,0.31630080518944187,3.354865158681815,0.01,0.07995889977422012,0.13360116886919005,8.32466399215041
8.36,62.990557951999975,57.7106578869708,5.279900065029177,0.5325790218371496,28.676852917033266,0.09640350764182318,2.7645492093306556,2.7645492093306556,2.7645492093306556,0.0,-0.0,0,0.01,0.01,0.15899959251664156,0.3009275753266583,45.03510575330694,0.01,0.09331138871208279,0.18992888646257763,7.094509110583953,0.01,0.08827251987224821,0.17755668994353713,6.827332880099759,0.01,0.1252178718075997,0.3989769249661653,13.237867930828696,0.01,0.12331510913433874,0.3160894560167927,3.355063790135899,0.01,0.07987313683472659,0.13351537663916135,8.322587321568788
8.370000000000001,63.322462067703725,58.01493699808685,5.307525069616869,0.5293586787462888,28.738250853527788,0.09670086193041663,2.7790136279086686,2.7790136279086686,2.7790136279086686,0.0,-0.0,0,0.01,0.01,0.15910788095007042,0.30104181328357593,45.29684684567786,0.01,0.09342360237229091,0.19004312441949522,7.092524395748087,0.01,0.0883844366320536,0.17767092790045474,6.8266500317952366,0.01,0.12502374089031143,0.39876613058163846,13.019194832093845,0.01,0.12310423240151361,0.31587866163226586,3.355760140453205,0.01,0.07978741781623483,0.13342964074265193,8.321390763580483
8.38,63.65204965451854,58.317277738000826,5.334771916517718,0.5258185384690016,28.797997419785897,0.09699563490014487,2.793280043584867,2.793280043584867,2.793280043584867,0.0,-0.0,0,0.01,0.01,0.1592152851528073,0.30115510910437276,45.557167559037815,0.01,0.09353492012873312,0.19015642024029208,7.089875370155172,0.01,0.0884954584754031,0.17778422372125158,6.825317177617623,0.01,0.12483016331444055,0.39855603343748097,12.804374186935654,0.01,0.12289399287805364,0.3156685644881083,3.3569642275841196,0.01,0.07970180388752068,0.13334402254649597,8.321088234517106
8.39,63.979266548000034,58.61750094977741,5.361765598222621,0.5219728834946086,28.856833453466955,0.09728766348537639,2.807413902274445,2.807413902274445,2.807413902274445,0.0,-0.0,0,0.01,0.01,0.15932174413316003,0.3012673988334295,45.815909891331124,0.01,0.0936452786152158,0.1902687099693488,7.086574485464948,0.01,0.08860552220218247,0.1778965134503083,6.823345802261828,0.01,0.12463726747774104,0.39834677387394085,12.59349069607688,0.01,0.12268453170410402,0.3154593049245682,3.3586694539022806,0.01,0.07961635611163125,0.13325858292416431,8.321666262686145
8.4,64.30405925925925,58.9154386101989,5.388620649060358,0.5178462127436597,28.915431331444253,0.09757679702821809,2.821475174011714,2.821475174011714,2.821475174011714,0.0,-0.0,0,0.01,0.01,0.15942720102210178,0.3013786231967315,46.07294432890394,0.01,0.0937546183783443,0.19037993433265077,7.082652975670469,0.01,0.0887145685774577,0.17800773781361026,6.820765513758606,0.01,0.12444517760713264,0.39813848574989763,12.386595760216714,0.01,0.12247598544238408,0.315251016800525,3.360853179266328,0.01,0.07953113362044761,0.13317338044455315,8.323084993957188
8.41,64.62637499274076,59.21093929676522,5.415435695975536,0.513471894406017,28.974365459911496,0.09786290242204923,2.8355154997441123,2.8355154997441123,2.8355154997441123,0.0,-0.0,0,0.01,0.01,0.1595316050012154,0.30148872959367196,46.328172698830095,0.01,0.09386288589304959,0.19049004072959125,7.078159200091321,0.01,0.08882254433695011,0.17811784421055074,6.817622464906778,0.01,0.12425401002105559,0.39793129244638525,12.183705722095375,0.01,0.1222684819245817,0.31504382349701265,3.363478028030448,0.01,0.07944619190527971,0.13308846969444535,8.325280434894404
8.42,64.94616166400004,59.50387276764772,5.4422888963523235,0.5088904204583623,29.03408825256398,0.09814586832533478,2.8495758025822937,2.8495758025822937,2.8495758025822937,0.0,-0.0,0,0.01,0.01,0.15963491290719695,0.30159767373564766,46.58152951961321,0.01,0.09397003525871216,0.19059898487156696,7.0731562337525515,0.01,0.08892940387149159,0.17822678835252642,6.813977044923277,0.01,0.12406386982548942,0.3977253034314632,11.984801797362115,0.01,0.12206213657926947,0.3148378344820906,3.366493864413064,0.01,0.07936158130566291,0.13300389981518243,8.328167820820473
8.43,65.26336791748147,59.79413345293323,5.4692344645482445,0.504147355294513,29.094912589386848,0.09842560826740838,2.8636844690974783,2.8636844690974783,2.8636844690974783,0.0,-0.0,0,0.01,0.01,0.1597370904443008,0.30170542086151625,46.832981782709474,0.01,0.09407602950350433,0.19070673199743554,7.067718808938718,0.01,0.0890351105185721,0.17833453547839503,6.809900940291965,0.01,0.12387484819497811,0.39752061154482865,11.789831673352952,0.01,0.12185704941133103,0.31463314259545605,3.369840342313367,0.01,0.07927734576788016,0.13291971332269348,8.331645944764578
8.44,65.57794314429626,60.08164271231864,5.496300431977621,0.49929108421940416,29.157001412686153,0.09870206252594048,2.8778561765038835,2.8778561765038835,2.8778561765038835,0.0,-0.0,0,0.01,0.01,0.15983811295677028,0.30181194648216014,47.08252717403928,0.01,0.09418084144533025,0.19081325761807943,7.061929739655409,0.01,0.08913963740987667,0.17844106109903893,6.8054736913729545,0.01,0.12368702035922749,0.39731729112289704,11.598712673878621,0.01,0.12165330276827213,0.31442982217352444,3.3734499102883038,0.01,0.07919352193054718,0.1328359452651858,8.335602237474115
8.45,65.88983749999997,60.3663497773022,5.5234877226977686,0.494370475412313,29.220364758947397,0.09897519871825752,2.8920914086367877,2.8920914086367877,2.8920914086367877,0.0,-0.0,0,0.01,0.01,0.15993796573573482,0.3019172366303764,47.33019082396783,0.01,0.09428445408034992,0.19091854776629566,7.055875986174818,0.01,0.08924296784633741,0.17854635124725515,6.800778896399299,0.01,0.12350044437963553,0.3971153970417707,11.411336311301241,0.01,0.12145095998799374,0.314227928092398,3.377251130883927,0.01,0.0791101385776271,0.13275262275531374,8.339918351736564
8.46,66.1990019223704,60.64823136163287,5.55077056073753,0.4894325710073024,29.284864162476797,0.09924501111236993,2.9063766692292536,2.9063766692292536,2.9063766692292536,0.0,-0.0,0,0.01,0.01,0.16003664385813549,0.3020212876168731,47.576020752375676,0.01,0.094386860493396,0.19102259875279234,7.049644538005412,0.01,0.0893450951955566,0.17865040223375184,6.795900235498316,0.01,0.12331516076036812,0.396914964708886,11.227573978607131,0.01,0.12125006497777363,0.31402749575951333,3.3811721573461875,0.01,0.07902721648038975,0.13266976489443158,8.344475977834225
8.47,66.50538814918518,60.92728998898023,5.578098160204954,0.4845204191327427,29.35022401689713,0.09951151872534186,2.9206853668504373,2.9206853668504373,2.9206853668504373,0.0,-0.0,0,0.01,0.01,0.16013415157783484,0.30212410531706574,47.82008224621183,0.01,0.09448806330750106,0.19112541645298503,7.043318308443897,0.01,0.08944602232936426,0.1787532199339445,6.790917502046842,0.01,0.12313119289732027,0.39671601098660625,11.047283477848035,0.01,0.1210506427276539,0.31382854203723365,3.385144201031746,0.01,0.07894476863010907,0.13258738308664825,8.349162603579057
8.48,66.80894873600002,61.20355114820224,5.605397587797776,0.4796711493819894,29.416049159835676,0.09977476233348016,2.9349793137125735,2.9349793137125735,2.9349793137125735,0.0,-0.0,0,0.01,0.01,0.1602305013100875,0.3022257040354602,48.062451465071724,0.01,0.09458807371119451,0.19122701517137947,7.036972239826993,0.01,0.08954576064069249,0.178854818652339,6.785902834731638,0.01,0.1229485483275884,0.39651853598512216,10.870316040750385,0.01,0.12085270071554331,0.3136310670357495,3.389104821019766,0.01,0.07886280084374167,0.13250548172089402,8.353876933532653
8.49,67.10963707392594,61.47705944119337,5.632577632732569,0.47491437984346374,29.481847669151037,0.10003480056804946,2.9492107519611377,2.9492107519611377,2.9492107519611377,0.0,-0.0,0,0.01,0.01,0.16032571226902162,0.3023261050136347,48.30320861201118,0.01,0.09468691012123455,0.191327416149554,7.030669814157,0.01,0.08964432869791096,0.1789552196305135,6.780917339426353,0.01,0.12276722070392301,0.3963225256200829,10.696523475357461,0.01,0.12065623111840484,0.31343505667071025,3.3930008742215545,0.01,0.07878131270648157,0.1324240591811156,8.358533698294488
8.5,67.40740740740739,61.74787393348958,5.659533473917815,0.4702710253579078,29.547057638048443,0.10029170530960116,2.9633247974009547,2.9633247974009547,2.9633247974009547,0.0,-0.0,0,0.01,0.01,0.16041980883287685,0.302425334663304,48.54243102747771,0.01,0.09478459655420664,0.1914266457992233,7.024460147280242,0.01,0.08974175061046046,0.17905444928018277,6.77600827408529,0.01,0.12258719238487198,0.3961279547945308,10.525765071057533,0.01,0.12046121370600853,0.3132404858451581,3.39679098018504,0.01,0.07870029879887526,0.1323431091289683,8.363067616148836
8.51,67.70221485200001,62.01606295153317,5.686151900466834,0.4657525551620594,29.611076540633338,0.10054555662185645,2.9772621729503745,2.9772621729503745,2.9772621729503745,0.0,-0.0,0,0.01,0.01,0.16051281872282044,0.30252342261700166,48.78018656354566,0.01,0.09488116079228874,0.19152473375292095,7.0183758166780725,0.01,0.08983805419138995,0.17915253723388042,6.771206942408578,0.01,0.12240843750354752,0.3959347910366603,10.357913913456192,0.01,0.12026761926268534,0.3130473220872877,3.400447379338272,0.01,0.07861975014291514,0.13226262199075656,8.367436314486769
8.52,67.99401541214814,62.28169859136188,5.712316820786268,0.46136072472933476,29.673291714760758,0.1007964374813673,2.990962093193257,2.990962093193257,2.990962093193257,0.0,-0.0,0,0.01,0.01,0.16060477108778137,0.30262039969512833,49.016527572905744,0.01,0.09497663243600944,0.1916217108310476,7.012431533868321,0.01,0.08993326900979953,0.17924951431200709,6.766527404115781,0.01,0.1222309253573982,0.3957429984059442,10.192862299330013,0.01,0.12007541335972169,0.3128555294565716,3.403957095451037,0.01,0.07853965579183095,0.1321825865714693,8.371622074592219
8.53,68.2827659989629,62.54485121079671,5.7379147881662025,0.4570877826982215,29.73311047765441,0.10104442856152213,3.004365157571196,3.004365157571196,3.004365157571196,0.0,-0.0,0,0.01,0.01,0.16069569458970945,0.30271629588932436,49.25148580536284,0.01,0.0950710409397525,0.19171760702524365,7.006623725315012,0.01,0.09002742442897126,0.17934541050620315,6.761966063863654,0.01,0.12205462394890704,0.3955525414709826,10.030525997543426,0.01,0.11988456028744347,0.31266507252161,3.4073223508240154,0.01,0.07846000448258161,0.13210299171393214,8.375632327131667
8.540000000000001,68.56842444800003,62.8055841709931,5.76284027700693,0.45291713053753324,29.78998845026234,0.10128960331915865,3.01741611300939,3.01741611300939,3.01741611300939,0.0,-0.0,0,0.01,0.01,0.16078561558100182,0.30281113845842633,49.48506844700861,0.01,0.09516441372405784,0.1918124495943456,7.000931033677392,0.01,0.09012054772410635,0.1794402530753051,6.757502150332732,0.01,0.12187950350320823,0.3953633891632342,9.87084717054222,0.01,0.11969502695212048,0.3124759202138616,3.410560223462998,0.01,0.0783807862685057,0.1320238279204898,8.379498893027526
8.55,68.85094953703707,63.06394907421786,5.787000462819207,0.4488243911903002,29.84345479370669,0.10153202361001107,3.0300663567189257,3.0300663567189257,3.0300663567189257,0.0,-0.0,0,0.01,0.01,0.16087455645880996,0.30290495022500813,49.71725546907111,0.01,0.09525677445261377,0.19190626136092742,6.995315698706563,0.01,0.0902126623672746,0.17953406484188694,6.753099046118559,0.01,0.12170553979322907,0.3951755183212379,9.713795848049374,0.01,0.11950678654855068,0.3122880493718652,3.4137015766333207,0.01,0.07830199405218016,0.13194508885814546,8.383276030917957
8.56,69.13030100385188,63.3199817142617,5.810319289590187,0.4447788243680788,29.89313324732359,0.10177173602693464,3.0422760658645998,3.0422760658645998,3.0422760658645998,0.0,-0.0,0,0.01,0.01,0.16096253427000357,0.3029977481482389,49.94799838003225,0.01,0.09534814155161093,0.19199905928415814,6.989725727970128,0.01,0.09030378655681552,0.17962686276511763,6.748706381570715,0.01,0.12153271711571056,0.394988916759216,9.559369924618753,0.01,0.11931982183405056,0.3121014478098434,3.4167893296688003,0.01,0.07822362494502576,0.1318667726754134,8.387037413247299
8.57,69.40643956400004,63.57369891585221,5.832740648147823,0.44074501123757176,29.93875809179497,0.10200876911422765,3.054015861752628,3.054015861752628,3.054015861752628,0.0,-0.0,0,0.01,0.01,0.16104955962637926,0.3030895422332474,50.1772204004018,0.01,0.09543852703541797,0.1920908533691667,6.984097725920076,0.01,0.09039393205460469,0.1797186568501262,6.744262765518061,0.01,0.1213610307815397,0.3948035857208403,9.40759373070951,0.01,0.11913412785263887,0.3119161167714677,3.4198761722587476,0.01,0.07814568139014474,0.1317888830698217,8.390872205801239
8.58,69.67932692859259,63.82509639205393,5.85423053653866,0.43668472052986257,29.980184429921113,0.10224313156468065,3.0652679410018147,3.0652679410018147,3.0652679410018147,0.0,-0.0,0,0.01,0.01,0.16113563597304287,0.3031803348192383,50.404818009698644,0.01,0.09552793568607744,0.19218164595515758,6.978360218265469,0.01,0.09048310337806063,0.17980944943611707,6.739698995413419,0.01,0.1211904890100961,0.394619541611889,9.258515298224891,0.01,0.11894971398813074,0.31173207266251635,3.4230218505853913,0.01,0.07806817199770735,0.13171143005839414,8.39488046582617
8.59,69.94892582207407,64.074147696443,5.874778125631061,0.4325588619502875,30.017392467439713,0.10247481145568196,3.0760266334920927,3.0760266334920927,3.0760266334920927,0.0,-0.0,0,0.01,0.01,0.16122075923465737,0.30327012026919664,50.63066375252483,0.01,0.09561636461578285,0.19227143140511593,6.972437288973464,0.01,0.09057129737539531,0.1798992348860754,6.734941570599988,0.01,0.12102111414835803,0.39443681694276805,9.112202502447262,0.01,0.11876660526003242,0.3115493479933954,3.426290171314391,0.01,0.0779911120572054,0.13163443041883507,8.39916810155194
8.6,70.21519999999998,64.32080429247137,5.894395707528627,0.42832943128377354,30.050485772276346,0.10270377652933589,3.0862983753538575,3.0862983753538575,3.0862983753538575,0.0,-0.0,0,0.01,0.01,0.16130491784536968,0.30335888506413916,50.854610137591585,0.01,0.09570380322223097,0.19236019620005845,6.9662523397363145,0.01,0.09065850319335564,0.17998799968101795,6.7299163251874745,0.01,0.12085294316970786,0.39425546045149473,8.968738310291023,0.01,0.1185848428147025,0.3113679915021221,3.42974587809237,0.01,0.0779145237072943,0.13155790778573792,8.403841649240064
8.61,70.47811426681477,64.56499670853178,5.91311755828299,0.4239613546681531,30.0796837782203,0.10292997547160254,3.0961011134857763,3.0961011134857763,3.0961011134857763,0.0,-0.0,0,0.01,0.01,0.1613880931496504,0.30344660828547343,51.07649442108323,0.01,0.09579023352753269,0.19244791942139272,6.959731785674979,0.01,0.0907447026275419,0.1800757229023522,6.724552000849643,0.01,0.12068602744299252,0.3940755364178145,8.828215398399731,0.01,0.11840448360426607,0.31118806746844185,3.4334515551113194,0.01,0.07783843576092138,0.13148189240312205,8.409003123602425
8.620000000000001,70.73763449362963,64.80663669632786,5.930997797301776,0.41942414684347706,30.10530906468972,0.10315334009926479,3.1054631847434178,3.1054631847434178,3.1054631847434178,0.0,-0.0,0,0.01,0.01,0.1614702601438885,0.3035332624510264,51.296144034675535,0.01,0.09587563087316525,0.1925345735869457,6.9528085145742375,0.01,0.09082987082727247,0.18016237706790517,6.718783592840001,0.01,0.12052043179766544,0.39389712321774084,8.690730423477486,0.01,0.11822559928525454,0.31100965426836824,3.437464704269417,0.01,0.07776288320017043,0.13140642055117263,8.41474518506245
8.63,70.99372763600002,65.04562026453982,5.948107371460194,0.41469330930417847,30.12777017601632,0.10337378832314173,3.1144217368237737,3.1144217368237737,3.1144217368237737,0.0,-0.0,0,0.01,0.01,0.1615513885131907,0.30361881465450347,51.51338239814007,0.01,0.0959599649271399,0.19262012579042273,6.945424957976926,0.01,0.09091397731076167,0.18024792927138222,6.712555322598073,0.01,0.12035623294405995,0.3937203112031963,8.556378231776323,0.01,0.11804827440598722,0.3108328422538237,3.4418351279044903,0.01,0.07768790637095054,0.13133153368043246,8.421146843758404
8.64,71.24636175170367,65.28183142145397,5.9645303302496995,0.40975140856707215,30.147540931604297,0.10359122772311195,3.1230207779376595,3.1230207779376595,3.1230207779376595,0.0,-0.0,0,0.01,0.01,0.16163144390511222,0.30370322794521243,51.72803484697568,0.01,0.09604320094589654,0.19270453908113175,6.937535648462298,0.01,0.09099698723283367,0.18033234256209124,6.70582311527396,0.01,0.12019351733745869,0.39354520002200666,8.425246286046432,0.01,0.11787260398457404,0.31065773107263406,3.4466027293482417,0.01,0.07761354992159451,0.13125727730018652,8.428269888204055
8.65,71.49550601851851,65.51514643078382,5.980359587734691,0.40458879148870386,30.16513731495105,0.10380555954649773,3.1313089577754316,3.1313089577754316,3.1313089577754316,0.0,-0.0,0,0.01,0.01,0.16171038937252424,0.3037864628753594,51.93993440605276,0.01,0.09612530122301409,0.19278777401127867,6.929109166343959,0.01,0.0910788628370935,0.18041557749223816,6.698556488168816,0.01,0.12003237859927665,0.3933718955179195,8.297409567942529,0.01,0.11769869060659376,0.31048442656854686,3.4517958202189543,0.01,0.07753986154098134,0.131183699678781,8.436156187872747
8.66,71.741130752,65.74543836552407,5.995692386475939,0.3992039129034123,30.181093110079125,0.10401668292704902,3.139337192422844,3.139337192422844,3.139337192422844,0.0,-0.0,0,0.01,0.01,0.16178818691185232,0.3038684791364343,52.14892715095016,0.01,0.09620622665004751,0.19286979027235357,6.920129409157479,0.01,0.09115956501781391,0.18049759375331306,6.6907397849415675,0.01,0.11987291462729105,0.393200506367545,8.17292618347234,0.01,0.11752664119180119,0.3103130374181724,3.457429997780871,0.01,0.07746689056044291,0.1311108504216414,8.444825975376869
8.67,71.98320742325929,65.9725817360113,6.010625687247982,0.39360326993437705,30.19593547649236,0.10422449911753186,3.147156250422727,3.147156250422727,3.147156250422727,0.0,-0.0,0,0.01,0.01,0.16186479902067188,0.303949237204328,52.35487691923496,0.01,0.09628593831187204,0.1929505483402473,6.910596147352961,0.01,0.09123905491397222,0.1805783518212068,6.682372719376031,0.01,0.1197152245386713,0.39303114062046385,8.05183386047342,0.01,0.11735656359179868,0.3101436716710912,3.4635076290002456,0.01,0.07739468648909005,0.13103877899746388,8.454277167818406
8.68,72.22170867674077,66.19645697058927,6.025251706151516,0.38780095625850436,30.210161619125532,0.10442891553467347,3.1548144160124947,3.1548144160124947,3.1548144160124947,0.0,-0.0,0,0.01,0.01,0.16194019020010625,0.304028699914819,52.55766916368423,0.01,0.09636439903983593,0.1930300110507383,6.900524858856432,0.01,0.09131729545888082,0.18065781453169782,6.67347022069611,0.01,0.11955940559417637,0.3928639023098818,7.93414748173372,0.01,0.11718856318503271,0.3099764333605092,3.4700179510456617,0.01,0.07732329755408263,0.1309675332842571,8.464485739446395
8.69,72.456608348,66.41695454005028,6.0396538079497235,0.3818178674987485,30.224217621420827,0.1046298494303727,3.1623553388800785,3.1623553388800785,3.1623553388800785,0.0,-0.0,0,0.01,0.01,0.16201432833245175,0.30410683389675136,52.757213778592096,0.01,0.09644157485059784,0.19310814503267065,6.88994586340339,0.01,0.09139425281350896,0.18073594851363015,6.664061599769726,0.01,0.11940555024924306,0.3926988882942146,7.8198577472844955,0.01,0.11702273963170419,0.309811419344842,3.476937771598432,0.01,0.07725276931573068,0.13089715820459152,8.475407110692153
8.700000000000001,72.68788148148154,66.63397853951508,6.05390294196646,0.37568060494202216,30.23848037346543,0.10482723102666638,3.1698161680045778,3.1698161680045778,3.1698161680045778,0.0,-0.0,0,0.01,0.01,0.16208718587259796,0.30418361079921075,52.95344677765456,0.01,0.0965174362063978,0.19318492193513004,6.878902804376009,0.01,0.09146989761952636,0.18081272541608956,6.654189081724692,0.01,0.11925374346809055,0.3925361854753112,7.708931006013134,0.01,0.11685918393957785,0.3096487165259386,3.484232727223768,0.01,0.07718314342227474,0.13082769451372664,8.486978473713654
8.71,72.91550434829627,66.84744957233504,6.0680547759612296,0.36942013819342595,30.253243350990044,0.10502100598257787,3.1772260509567096,3.1772260509567096,3.1772260509567096,0.0,-0.0,0,0.01,0.01,0.16215874080263476,0.30425900826077645,53.14633075565811,0.01,0.09659195904316585,0.19326031939669577,6.8674505512434125,0.01,0.0915442060188077,0.18088812287765527,6.6439057751956705,0.01,0.11910406042104693,0.3923758685175055,7.6013102422338035,0.01,0.11669797597298368,0.3094883995681329,3.4918590345939835,0.01,0.0771144565610523,0.13075917779554544,8.499121932791336
8.72,73.13945446400001,67.05730681828241,6.082147645717606,0.3630702975617926,30.268706794508066,0.1052111370969977,3.184605060305814,3.184605060305814,3.184605060305814,0.0,-0.0,0,0.01,0.01,0.16222897731193403,0.3043330105828452,53.335854124939395,0.01,0.09666512552569659,0.19333432171876447,6.855652619145174,0.01,0.09161716039900045,0.180962125199724,6.633273171598149,0.01,0.11895656466398669,0.3922179981645007,7.4969171490555135,0.01,0.11653918251259662,0.30933052921512805,3.4997656484665534,0.01,0.07704673965196429,0.13069163770992012,8.511748301531524
8.73,73.35971060637041,67.26350921074999,6.096201395620424,0.3566661734714141,30.284972611614837,0.10539760519127295,3.191963586547495,3.191963586547495,3.191963586547495,0.0,-0.0,0,0.01,0.01,0.16229788617928237,0.30440560908435493,53.522029178169305,0.01,0.09673692450341194,0.19340692022027423,6.843578223079419,0.01,0.09168874983908362,0.18103472370123372,6.622358288283704,0.01,0.11881130687322156,0.39206262021967647,7.395655169627146,0.01,0.11638285594422133,0.3091751512703038,3.5078967224925783,0.01,0.07698001731629121,0.13062509752185164,8.52476136879457
8.74,73.57625283318515,67.46603569272561,6.1102171404595484,0.35024250274210966,30.302044090879374,0.10558040915620336,3.1993022133843585,3.1993022133843585,3.1993022133843585,0.0,-0.0,0,0.01,0.01,0.16236546484859826,0.30447680213120354,53.70488908793126,0.01,0.09680735165527012,0.19347811326712283,6.831299101405781,0.01,0.0917589702439025,0.18110591674808235,6.611230586578148,0.01,0.11866832418075064,0.39190976522142806,7.297413341901657,0.01,0.11622903362234124,0.30902229627205546,3.516194255228111,0.01,0.07691430763966117,0.13055957392819362,8.538062423840667
8.75,73.7890625,67.66488456665361,6.124177933346383,0.34383212011395203,30.319830284165572,0.10575956518862602,3.206612067446286,3.206612067446286,3.206612067446286,0.0,-0.0,0,0.01,0.01,0.16243171720464675,0.3045465948494633,53.884484008100905,0.01,0.0968764093274173,0.1935479059853826,6.818886256018482,0.01,0.09182782417171267,0.1811757094663421,6.599958808107827,0.01,0.11852764012489954,0.3917594488103642,7.202070744822624,0.01,0.11607773792030802,0.3088719798609916,3.5246007948299662,0.01,0.07684962223308797,0.13049507718273734,8.551554819054507
8.76,73.99812227792592,67.86007199668637,6.138050281239554,0.33746454806326937,30.338154696688623,0.10593510528076434,3.2138756118178247,3.2138756118178247,3.2138756118178247,0.0,-0.0,0,0.01,0.01,0.16249665306926828,0.30461499854637225,54.06087648749658,0.01,0.09694410608152322,0.19361630968229154,6.806406762924824,0.01,0.09189532037310714,0.18124411316325104,6.588607879280229,0.01,0.1183892652015486,0.39161167275138875,7.109501315940587,0.01,0.11592897694544661,0.30872420380201615,3.5330620727457993,0.01,0.07678596658124826,0.13043161150569893,8.565148347694594
8.77,74.20341617140741,68.05162976115213,6.151786410255296,0.3311647891196098,30.35676773064876,0.10610707505924212,3.221067832151927,3.221067832151927,3.221067832151927,0.0,-0.0,0,0.01,0.01,0.16256028745129855,0.3046820298763345,54.234136440844274,0.01,0.0970104559847457,0.19368334101225382,6.793920806304946,0.01,0.09196147307268548,0.1813111444932133,6.577236033061667,0.01,0.11825319797280237,0.39146642654257774,7.0195787943007515,0.01,0.11578274586569602,0.3085789575932051,3.5415294397823396,0.01,0.07672334065330717,0.13036917574995568,8.57876322413683
8.78,74.40492953600001,68.23960238646411,6.165327149535896,0.3249523730884387,30.375362167466864,0.10627553109860273,3.2281577466599454,3.2281577466599454,3.2281577466599454,0.0,-0.0,0,0.01,0.01,0.16262263959402273,0.304747709800184,54.404335942008274,0.01,0.09707547768338366,0.19374902093610333,6.781479080250161,0.01,0.0920263010358979,0.18137682441706282,6.56589228859076,0.01,0.11811942666442958,0.391323689515855,6.932181539186559,0.01,0.11563902876620889,0.30843622056648234,3.5499619875754305,0.01,0.07666173973931621,0.13030776428441743,8.592333475529188
8.790000000000001,74.60264909614821,68.4240438196682,6.178605276480011,0.3188406975011109,30.39359085231956,0.10644053785514546,3.2351101576701224,3.2351101576701224,3.2351101576701224,0.0,-0.0,0,0.01,0.01,0.1626837318722193,0.3048120623942873,54.571544109391596,0.01,0.09713919331104873,0.1938133735302066,6.76912068530967,0.01,0.09208982647221116,0.18144117701116613,6.554614412382247,0.01,0.11798793116185911,0.3911834333130356,6.847196985456144,0.01,0.115497800930896,0.308295964363663,3.5583282544883907,0.01,0.07660115546508843,0.13024736804526055,8.60580958545727
8.8,74.79656296296301,68.60501381429356,6.191549148669446,0.3128366840488034,30.411085667463322,0.10660216438009287,3.2418875533000113,3.2418875533000113,3.2418875533000113,0.0,-0.0,0,0.01,0.01,0.162743588596293,0.304875113571362,54.73582234260533,0.01,0.09720162728828848,0.19387642470728128,6.7568716220461695,0.01,0.09215207383176509,0.18150422818824077,6.54342746048718,0.01,0.11785868529789496,0.3910456246057782,6.7645255193715785,0.01,0.1153590314262562,0.3081581556564056,3.5666074366992797,0.01,0.07654157693096178,0.1301879756988344,8.61916027061524
8.81,74.98666065200001,68.78257421253402,6.204086439466001,0.30694075756237177,30.427476850125636,0.10676048097616068,3.2484520634104075,3.2484520634104075,3.2484520634104075,0.0,-0.0,0,0.01,0.01,0.16280223478349856,0.3049368897770052,54.89722014401675,0.01,0.09726280507382805,0.19393820091292452,6.744743952266142,0.01,0.09221306855582798,0.181566004393884,6.53234297005603,0.01,0.1177316593142874,0.39091022791993085,6.684083593608424,0.01,0.11522268585368237,0.3080227589705582,3.5747900515244266,0.01,0.07648299191529595,0.13012957485613852,8.632373318089009
8.82,75.17293310103707,68.95678530592778,6.216147795109296,0.30114713813073235,30.44241172649504,0.10691555595854979,3.2547673744572925,3.2547673744572925,3.2547673744572925,0.0,-0.0,0,0.01,0.01,0.16285969495578964,0.30499741672487507,55.05577172086581,0.01,0.09732275192789766,0.1939987278607944,6.732735662444172,0.01,0.09227283584154992,0.18162653134175388,6.52135883347574,0.01,0.11760682237425196,0.39077720842385893,6.605805944382283,0.01,0.11508872913214614,0.3078897394744863,3.582878029278362,0.01,0.07642538808205643,0.1300721532779748,8.645455461018102
8.83,75.35537268785191,69.12770244698854,6.227670240863373,0.29544442201307264,30.455571993256676,0.10706745267066452,3.260800512946025,3.260800512946025,3.260800512946025,0.0,-0.0,0,0.01,0.01,0.16291599202051554,0.30505671822940844,55.21149351625855,0.01,0.09738149174555484,0.19405802936532773,6.720831225516541,0.01,0.09233139947884038,0.18168583284628723,6.51045985086051,0.01,0.11748414500404727,0.39064653454639514,6.529646824428434,0.01,0.1149571281757431,0.3077590655970225,3.590884240369822,0.01,0.07636875413339535,0.13001570001212837,8.658431320755428
8.84,75.53397324800002,69.29537306646763,6.238600181532402,0.2898164138100837,30.466688777728464,0.10721622688729997,3.266523416497691,3.266523416497691,3.266523416497691,0.0,-0.0,0,0.01,0.01,0.1629711462842853,0.30511481518820427,55.36438276371999,0.01,0.09743904601268867,0.19411612632412356,6.709002819411196,0.01,0.09238878081186161,0.18174392980508308,6.499618919851484,0.01,0.11736360134859353,0.39051818030250984,6.455580219601425,0.01,0.11482785433969402,0.3076307113531372,3.5988314937923347,0.01,0.07631308085256519,0.12996020640900993,8.671341491263968
8.85,75.70873009259253,69.45983422626863,6.248895866323911,0.28424316150316437,30.47555484071185,0.10736192471474115,3.271914224448471,3.271914224448471,3.271914224448471,0.0,-0.0,0,0.01,0.01,0.1630251746422037,0.30517172475718646,55.51441710432801,0.01,0.09749543292983413,0.19417303589310575,6.697212126146722,0.01,0.0924449978699686,0.18180083937406527,6.488798788222706,0.01,0.11724517113833909,0.39039212722281236,6.38359907074176,0.01,0.11470088552339593,0.30750465827343976,3.606751069936563,0.01,0.07625836198947623,0.12990566696974037,8.684239883491692
8.86,75.87964002607407,69.62111080795623,6.25852921811785,0.278702137884476,30.48203344500228,0.10750458106954025,3.276958235652685,3.276958235652685,3.276958235652685,0.0,-0.0,0,0.01,0.01,0.16307808997482598,0.3052274597509057,55.661555250361474,0.01,0.09755066673945022,0.19422877088682497,6.68541260638969,0.01,0.0925000647033674,0.18185657436778446,6.4779542667476155,0.01,0.11712884128141955,0.3902683658054572,6.313713572855489,0.01,0.11457620783907876,0.3073808968560846,3.614680872942665,0.01,0.07620459495029974,0.1298520799902121,8.697190481494998
8.870000000000001,76.04670136399994,69.77921440296963,6.267486961030309,0.27316950685736535,30.48606358843459,0.10764421878719437,3.2816484988737726,3.2816484988737726,3.2816484988737726,0.0,-0.0,0,0.01,0.01,0.16312990077411985,0.305282028288439,55.80573862879807,0.01,0.09760475728143898,0.19428333942435827,6.67355212268694,0.01,0.09255399094782817,0.1819111429053178,6.467034778933345,0.01,0.11701460701565095,0.39014689643469014,6.245948667809777,0.01,0.11445381677841349,0.30725942748531754,3.622663304585127,0.01,0.0761517812632033,0.12979944797567944,8.710263686675177
8.88,76.20991395081478,69.93414293484017,6.275771015974615,0.267621411194316,30.487661484263736,0.10778084838011169,3.2859860198996005,3.2859860198996005,3.2859860198996005,0.0,-0.0,0,0.01,0.01,0.16318061100804315,0.305335433692913,55.9468938933815,0.01,0.09765770978996878,0.1943367448288323,6.661575771353786,0.01,0.09260678163104383,0.18196454830979175,6.455987111521994,0.01,0.11690247257794929,0.390027729737758,6.180340882565101,0.01,0.11433371783574975,0.3071402607883854,3.630742972084376,0.01,0.07609992680400345,0.12974777781232147,8.723532440726249
8.89,76.36927917762966,70.08588100771775,6.283398169911915,0.2620352195501431,30.486918354361276,0.10791446843271471,3.2899795883624705,3.2899795883624705,3.2899795883624705,0.0,-0.0,0,0.01,0.01,0.1632302202216319,0.3053876746403306,56.08493615744091,0.01,0.09770952493271434,0.1943889857762499,6.649428778238237,0.01,0.09265843722127294,0.18201678925720938,6.444758225274789,0.01,0.11679245137317498,0.38991088637983495,6.116934690952654,0.01,0.11421592657416539,0.30702341743046235,3.6389643462137946,0.01,0.07604904177763247,0.1296970806943812,8.737068321765134
8.9,76.52480000000006,70.2344009410525,6.290399058947564,0.2563906746512637,30.483994773536377,0.10804506659176112,3.293645245289636,3.293645245289636,3.293645245289636,0.0,-0.0,0,0.01,0.01,0.16327872386131326,0.30543874554170575,56.219772772087246,0.01,0.09776019908202992,0.194440056677625,6.637059317007989,0.01,0.09270895390733462,0.1820678601585845,6.433297988917919,0.01,0.1166845656489316,0.38979639632363217,6.055778592595852,0.01,0.11410046814781057,0.30690892737425957,3.647369483772809,0.01,0.07599914046323962,0.12964737181732217,8.750937802006598
8.91,76.67648095570371,70.37966441893533,6.296816536768367,0.2506708913053866,30.47911195827767,0.1081726210833259,3.2970054288190376,3.2970054288190376,3.2970054288190376,0.0,-0.0,0,0.01,0.01,0.1633261137990293,0.30548863713203134,56.35130745577712,0.01,0.09780972479689053,0.19448994826795063,6.624421118954024,0.01,0.0927583240883913,0.18211775174891015,6.421561709347981,0.01,0.11657884570630189,0.38968429760521095,5.996921107883909,0.01,0.11398737631979998,0.30679682865583835,3.6559959206859127,0.01,0.07595024074191803,0.12959866985840338,8.765198840467455
8.92,76.8243281825185,70.52162465574548,6.3027035267730245,0.24486316178585282,30.472540523733475,0.10829710266550205,3.3000878495774355,3.3000878495774355,3.3000878495774355,0.0,-0.0,0,0.01,0.01,0.16337237902412563,0.30553733723077886,56.47944457238608,0.01,0.09785809148516461,0.19453864836669815,6.611475759473639,0.01,0.09280653704275123,0.18216645184765765,6.40951234683536,0.01,0.11647532869777423,0.38957463469909603,5.940406883394837,0.01,0.11387669203795071,0.3066871657497234,3.664874829501897,0.01,0.07590236343595347,0.1295509962756681,8.779897962013443
8.93,76.96834943600004,70.66022895849189,6.308120477508148,0.23895953674932013,30.464587333511343,0.10841847690864907,3.3029241583498226,3.3029241583498226,3.3029241583498226,0.0,-0.0,0,0.01,0.01,0.16341750646418207,0.30558483163179656,56.60409335451482,0.01,0.09790528620832468,0.19458614276771583,6.598194526640004,0.01,0.09285357973754517,0.18221394624867532,6.397122323621343,0.01,0.11637405708173519,0.38946745656317705,5.886273089003721,0.01,0.11376846164994663,0.30657998761380445,3.6740295189385046,0.01,0.07585553149669874,0.12950437446414928,8.79506794576102
8.94,77.10855410725925,70.79542155138479,6.313132555874467,0.23295716159767804,30.455581134254228,0.10853670668355066,3.30554847644563,3.30554847644563,3.30554847644563,0.0,-0.0,0,0.01,0.01,0.16346148189129078,0.30563110507589514,56.72517187731965,0.01,0.09795129458535921,0.1946324162118144,6.584559800261131,0.01,0.09289943773587345,0.1822602196927739,6.384374856528112,0.01,0.11627507681709615,0.38936281446639986,5.834546267313156,0.01,0.11366273485422383,0.30647534551702726,3.6834743344766983,0.01,0.07580976908434632,0.12945882881380774,8.810726213538043
8.950000000000001,77.24495324074081,70.92714652022129,6.317806720519527,0.22685836051570454,30.44585769899313,0.10865175473247142,3.3079958633307283,3.3079958633307283,3.3079958633307283,0.0,-0.0,0,0.01,0.01,0.16350429086786586,0.3056761422572108,56.84261060420508,0.01,0.0979961017495961,0.1946774533931301,6.570565894281027,0.01,0.09294409615505353,0.1823052568740896,6.371264767912956,0.01,0.11617843539133199,0.38926075970942925,5.785239769298745,0.01,0.11355956249245167,0.3063732907600566,3.693213998726798,0.01,0.07576510058676528,0.12941438371711614,8.826873974043316
8.96,77.37755955199997,71.05535073327195,6.322208818728022,0.22067047271723056,30.43574519978282,0.10876358619884822,3.3103007965627596,3.3103007965627596,3.3103007965627596,0.0,-0.0,0,0.01,0.01,0.1635459196859222,0.30571992881463594,56.95635534934356,0.01,0.09803969331144337,0.19472123995055524,6.55621934018211,0.01,0.09298754062897398,0.1823490434315147,6.3577987532941105,0.01,0.11608417978011114,0.38916134135013525,5.738351878759739,0.01,0.11345899429363017,0.30627387240076265,3.7032434093622517,0.01,0.07572154962606639,0.12937106257518738,8.843496142181671
8.97,77.50638744548145,71.17998225889247,6.3264051865889925,0.21436587975265048,30.425572433334136,0.10887216721705996,3.312498009636724,3.312498009636724,3.312498009636724,0.0,-0.0,0,0.01,0.01,0.16358636010174718,0.3057624593042528,57.06660192755475,0.01,0.09808205844082625,0.1947637704401721,6.5416666740877325,0.01,0.0930297605422141,0.18239157392113156,6.344127212072455,0.01,0.11599235494550655,0.3890646074138832,5.693890589579263,0.01,0.11336107745068273,0.30617713846451056,3.71357059860269,0.01,0.0756791386998005,0.12932888832041542,8.860625100227196
8.98,77.6314530322963,71.30092555477279,6.330527477523516,0.20778483514227905,30.415996131261984,0.1089774085260305,3.3146564361227004,3.3146564361227004,3.3146564361227004,0.0,-0.0,0,0.01,0.01,0.16362561751322172,0.30580373525748694,57.17303883136924,0.01,0.09812320071499817,0.19480504639340623,6.526851351993585,0.01,0.09307075991250699,0.18243284987436573,6.330176632055308,0.01,0.11590302231518192,0.3889706552493193,5.652161089042719,0.01,0.11326588276111597,0.30608318629994663,3.7244284997279102,0.01,0.07563790555295206,0.1292879053842852,8.87874626399074
8.99,77.75277414800003,71.4180229402575,6.33475120774253,0.200947066122071,30.40789123668361,0.10907918442211524,3.3168679760938335,3.3168679760938335,3.3168679760938335,0.0,-0.0,0,0.01,0.01,0.1636636509171527,0.3058437069938215,57.275047270654646,0.01,0.09816309038256005,0.19484501812974078,6.51126019251463,0.01,0.09311050751308585,0.18247282161070028,6.315443027566341,0.01,0.11581628253466421,0.3888796150213091,5.613408911112107,0.01,0.11317352759244902,0.3059921460719364,3.735930629698514,0.01,0.07559790797149085,0.12924817254260673,8.897933463126678
9.0,77.87037037037038,71.53114397880599,6.33922639156439,0.19391051464909792,30.402000650294703,0.10917739312762503,3.319211176863537,3.319211176863537,3.319211176863537,0.0,-0.0,0,0.01,0.01,0.16370041579210315,0.3058823291285303,57.37259058726959,0.01,0.09820168245329136,0.19488364026444954,6.494903481799332,0.01,0.09314895790974277,0.18251144374540904,6.299952055658737,0.01,0.11573224264117213,0.38879159580972755,5.577631834305586,0.01,0.11308412843649496,0.30590412686035495,3.748014004499578,0.01,0.07555919781406996,0.12920973940235267,8.918025663890772
9.01,77.98426303718516,71.6401953575076,6.344067679677564,0.1867552621006872,30.398886522321373,0.1092719651738827,3.321746069391913,3.321746069391913,3.321746069391913,0.0,-0.0,0,0.01,0.01,0.16373587893683053,0.3059195689559416,57.465721538076444,0.01,0.09823893962656631,0.19492088009186087,6.477919508312636,0.01,0.09318607413272986,0.18254868357282036,6.283843316529771,0.01,0.1156499445143932,0.38870667780040447,5.554119708456444,0.01,0.11299777905526837,0.30581920885103187,3.760561392935937,0.01,0.07552181514351639,0.12917264295932324,8.938802226537033
9.02,78.09447526399995,71.74516471438075,6.349310549619206,0.17969679574535313,30.39871103550351,0.10936290113719661,3.324491229673978,3.324491229673978,3.324491229673978,0.0,-0.0,0,0.01,0.01,0.16377002925557418,0.3059554214343639,57.554884049623986,0.01,0.09827484287627972,0.19495673257028323,6.460684962215905,0.01,0.09322183804379545,0.18258453605124272,6.267493968277594,0.01,0.11556732408798291,0.3886248779875804,5.5614806678752595,0.01,0.11291453014500943,0.30573740903820773,3.773278381869141,0.01,0.07548577750321117,0.12913689256984534,8.959669767459962
9.03,78.20103196192598,71.84616554345426,6.354866418471715,0.17291330963802176,30.401012777576025,0.10945031009811777,3.3274002758025367,3.3274002758025367,3.3274002758025367,0.0,-0.0,0,0.01,0.01,0.16380289584447738,0.3059899245532431,57.64069266687673,0.01,0.09830940975185433,0.1949912356891624,6.443728555726601,0.01,0.09325626879468038,0.1826190391701219,6.25142119566883,0.01,0.11548653092771351,0.38854611490635804,5.579704858599828,0.01,0.11283434703792648,0.30565864595698544,3.785754138522005,0.01,0.07545106040193536,0.12910245446354024,8.979953583184772
9.040000000000001,78.30395985540744,71.94337859073637,6.360581264671072,0.16647650917942178,30.405003588271125,0.10953435846855047,3.330392562275253,3.330392562275253,3.330392562275253,0.0,-0.0,0,0.01,0.01,0.1638345333437034,0.30602313934348063,57.723550428529016,0.01,0.09834268833679483,0.1950244504793999,6.42736686947705,0.01,0.0932894157156838,0.1826522539603594,6.2359245632487355,0.01,0.11540834324909449,0.3884702540541686,5.600617951969535,0.01,0.11275712294070285,0.305582785104796,3.797743995979591,0.01,0.07541761107061389,0.12906927152788694,8.99933614119535
9.05,78.40328750000008,72.03701058147475,6.366276918525318,0.16041153737516728,30.409776764110372,0.10961523412409976,3.3333747996595675,3.3333747996595675,3.3333747996595675,0.0,-0.0,0,0.01,0.01,0.16386500668385992,0.3060551357871212,57.80375130879861,0.01,0.09837474164015529,0.19505644692304044,6.4117521778475774,0.01,0.09332134242581788,0.18268425040399994,6.221145833644989,0.01,0.11533289652480692,0.38839713999036274,5.621610291444366,0.01,0.11268271523905747,0.30550967104099014,3.809133398500213,0.01,0.07538536487130612,0.12903727731942857,9.017683898402845
9.06,78.49904530014817,72.12727471904101,6.371770581107161,0.15471792562454173,30.414405065816126,0.10969312953652698,3.3362512746609707,3.3362512746609707,3.3362512746609707,0.0,-0.0,0,0.01,0.01,0.1638943839258689,0.3060859861537102,57.881524561468524,0.01,0.09840563833877847,0.19508729728962956,6.396945335395089,0.01,0.09335211779874591,0.18271510077058906,6.207140767164376,0.01,0.11526012259219359,0.38832661155668224,5.641843627412735,0.01,0.11261096737350097,0.3054391426073096,3.8198799631007025,0.01,0.07535425316909881,0.12900640272126043,9.034959520217475
9.07,78.59126552696289,72.21437854507762,6.376886981885269,0.1493771474538958,30.418001409912932,0.10976823134592048,3.3389302158438583,3.3389302158438583,3.3389302158438583,0.0,-0.0,0,0.01,0.01,0.1639227320390501,0.30611576084678105,57.95704406006465,0.01,0.09843544750909104,0.1951170719827003,6.382947713660548,0.01,0.09338181085870052,0.1827448754636598,6.1939087471488685,0.01,0.1151898911393097,0.388258511399565,5.661070989581827,0.01,0.11254172134627835,0.3053710424501924,3.829987526045727,0.01,0.07532420792935032,0.12897658012049593,9.051191618883484
9.08,78.67998233600002,72.2985147948129,6.381467541187126,0.14435639881027107,30.419764339604015,0.10984071256382918,3.341328591085866,3.341328591085866,3.341328591085866,0.0,-0.0,0,0.01,0.01,0.16395011380638697,0.30614452527106306,58.03042849117693,0.01,0.09846423505118129,0.19514583640698233,6.369714611820003,0.01,0.0934104872829846,0.18277363988794182,6.181405011571822,0.01,0.1151220583297134,0.38819269317992544,5.679266175128687,0.01,0.11247482620961866,0.30530522423055284,3.8394950674028308,0.01,0.07529516507529421,0.12894774658095243,9.06646146576074
9.09,78.76523178503703,72.37985410111799,6.385377683919049,0.1396115411682385,30.41901410847809,0.10991072639993557,3.3433759370327154,3.3433759370327154,3.3433759370327154,0.0,-0.0,0,0.01,0.01,0.16397658536142892,0.3061723373298312,58.10174076287985,0.01,0.09849206093704263,0.19517364846575047,6.3571631314177415,0.01,0.09343820669093712,0.18280145194670996,6.169548019581471,0.01,0.11505648602509799,0.3881290273547966,5.696503466450029,0.01,0.11241014459636171,0.305241558405424,3.8484702251721514,0.01,0.07526706717026575,0.12891984639518095,9.080893617355393
9.1,78.84705185185175,72.45853935683367,6.388512495018074,0.13509002719607538,30.41522038485662,0.1099784015358094,3.345017320285897,3.345017320285897,3.345017320285897,0.0,-0.0,0,0.01,0.01,0.1640021942598501,0.3061992454881145,58.170989187386965,0.01,0.0985189770432526,0.19520055662403382,6.345179247538899,0.01,0.09346502050615935,0.18282836010499334,6.158226255772078,0.01,0.11499305113581988,0.38806740567213954,5.712914172038892,0.01,0.11234755786699654,0.3051799367227669,3.857003611346221,0.01,0.07523986553670516,0.12889283307568755,9.094646663965623
9.11,78.92548245200007,72.53468178509434,6.390800666905733,0.13073395915634353,30.40802137032132,0.1100438388783359,3.3462154042846337,3.3462154042846337,3.3462154042846337,0.0,-0.0,0,0.01,0.01,0.16402697809513112,0.3062252874194448,58.23813105718912,0.01,0.09854502553596811,0.19522659855536412,6.333625407570858,0.01,0.09349097036957944,0.1828544020363236,6.14730561672024,0.01,0.11493165105595278,0.3880077443336215,5.728666256559256,0.01,0.11228696995153133,0.3051202753842489,3.8652028517014676,0.01,0.0752135218018291,0.12886667076385377,9.107903282407669
9.120000000000001,79.00056545659254,72.60835878112904,6.392206675463512,0.12648321914299077,30.397234052934174,0.11010710983820232,3.346951588643967,3.346951588643967,3.346951588643967,0.0,-0.0,0,0.01,0.01,0.16405096368151287,0.3062504892584538,58.303078540983975,0.01,0.09857023782631225,0.1952518003943731,6.322348770096845,0.01,0.09351608712380069,0.18287960387533259,6.136637430547201,0.01,0.11487220696427425,0.3879499857700559,5.743950605245064,0.01,0.11222830984469077,0.3050625168206833,3.8731862363460157,0.01,0.07518800884249688,0.128841335030801,9.120859727796294
9.13,79.07234471007408,72.67961353259284,6.39273117748123,0.12227854806417246,30.382855595674386,0.1101682561310922,3.3472262172582434,3.3472262172582434,3.3472262172582434,0.0,-0.0,0,0.01,0.01,0.1640741668118426,0.3062748654622707,58.36570655288862,0.01,0.09859463411056779,0.1952761765981899,6.31118978663588,0.01,0.09354039038280589,0.1829039800791494,6.126066800274525,0.01,0.1148146655145769,0.3878940990189272,5.758969144781773,0.01,0.11217153272135698,0.30500663006955453,3.8810761874808994,0.01,0.07516331111752424,0.1288168130641901,9.133715191533591
9.14,79.14086604799999,72.74845635071763,6.39240969728236,0.11806443950538376,30.3650562321172,0.11022729103592252,3.3470578906197357,3.3470578906197357,3.3470578906197357,0.0,-0.0,0,0.01,0.01,0.16409659257413925,0.30629841925803186,58.42586213155011,0.01,0.0986182234886288,0.19529973039395113,6.299990714773339,0.01,0.09356388867925194,0.18292753387491062,6.1154408659634,0.01,0.11475899909003441,0.38784007875262405,5.773923702610874,0.01,0.11211661968822376,0.30495260980325145,3.888992839007333,0.01,0.07513942440093509,0.12879310326106796,9.146661515160543
9.15,79.20617731481491,72.81486757020684,6.3913097446080736,0.11379172389528013,30.34416440987097,0.11028420198177055,3.3464819567462634,3.3464819567462634,3.3464819567462634,0.0,-0.0,0,0.01,0.01,0.16411823618611587,0.30632114362829577,58.483374818311724,0.01,0.09864100462894133,0.195322454764215,6.288603652382283,0.01,0.09358658015620995,0.1829502582451745,6.1046165877960545,0.01,0.11470520473045222,0.38778794306504727,5.78900560655352,0.01,0.11206357624631136,0.30490047411567467,3.897048023831843,0.01,0.07511635495605723,0.12877021427296773,9.159873723884548
9.16,79.26832838162963,72.87880180970997,6.389526571919651,0.10941973703142838,30.32064524759516,0.11033895427984908,3.3455482897099253,3.3455482897099253,3.3455482897099253,0.0,-0.0,0,0.01,0.01,0.16413908428457907,0.3063430227634503,58.538067513485935,0.01,0.09866296692382685,0.19534433389936962,6.276897733605451,0.01,0.09360845374601058,0.1829721373803291,6.093467704128942,0.01,0.11465330186001217,0.3877377301769812,5.804386328120744,0.01,0.11201242959537845,0.30485026122760855,3.905339930159579,0.01,0.07509411821458323,0.12874816357284008,9.173501779531252
9.17,79.32737116400006,72.94019333085546,6.387177833144599,0.1049179907574551,30.295073633747712,0.1103914957723571,3.3443184929631076,3.3443184929631076,3.3443184929631076,0.0,-0.0,0,0.01,0.01,0.1641591165881183,0.30636403389166555,58.58976730314849,0.01,0.09868409205805678,0.19536534502758482,6.264765199287389,0.01,0.0936294907580974,0.1829931485085443,6.081890589126507,0.01,0.11460332898245353,0.38768949426389254,5.8202095047526985,0.01,0.1119632249600157,0.3048020253145199,3.9139486379721746,0.01,0.07507273704508148,0.12872697563265934,9.187663870914204
9.18,79.38335963970376,72.99896219442526,6.384397445278487,0.10026729022621395,30.268103483360164,0.11044176213810211,3.342862685280723,3.342862685280723,3.342862685280723,0.0,-0.0,0,0.01,0.01,0.16417830783764195,0.30638414938334274,58.63831577866489,0.01,0.09870435589715561,0.195385460519262,6.252126133549409,0.01,0.09364966678171431,0.1830132640002215,6.069808810924901,0.01,0.11455533954882331,0.38764330064185204,5.836584618419252,0.01,0.11191602115547519,0.30475583169247944,3.9229326910001228,0.01,0.07505223971101764,0.12870667981490508,9.202441470271376
9.19,79.43634986651851,73.05502088853092,6.381328977987596,0.09546027020924999,30.2404347777396,0.11048968257638257,3.3412560395642488,3.3412560395642488,3.3412560395642488,0.0,-0.0,0,0.01,0.01,0.16419662991059983,0.3064033390187756,58.683578413433885,0.01,0.0987237305909001,0.19540465015469485,6.238931735357048,0.01,0.09366895379855494,0.18303245363565435,6.05717626542217,0.01,0.11450939723214748,0.3875992205670473,5.853582522544817,0.01,0.11187088563749789,0.3047117516176747,3.932326802965554,0.01,0.07503265762859108,0.12868730809011822,9.217876294304041
9.200000000000001,79.48639999999999,73.10828109600742,6.37811890399258,0.09050135103248301,30.212780039654806,0.11053518558595493,3.339575248750879,3.339575248750879,3.339575248750879,0.0,-0.0,0,0.01,0.01,0.16421405400130634,0.30642157230500205,58.725452614419105,0.01,0.09874218678217571,0.1954228834409213,6.225166064770524,0.01,0.09368732239547414,0.18305068692188078,6.043978828584446,0.01,0.11446557086067816,0.38755732591146635,5.871232918944906,0.01,0.11182788929379975,0.3046698569620937,3.9421407427285384,0.01,0.07501402303935462,0.12866889269615306,9.233969219742434
9.21,79.5335703112593,73.15866027639187,6.374910034867427,0.08540614174085898,30.185831845878713,0.11057820456459005,3.3378950888058934,3.3378950888058934,3.3378950888058934,0.0,-0.0,0,0.01,0.01,0.16423055276158638,0.30643882073051165,58.76387412941508,0.01,0.09875969581171133,0.19544013186643094,6.210846266326295,0.01,0.09370474396795683,0.18306793534739044,6.030234530221628,0.01,0.11442392926587995,0.3875176839719241,5.889523800275125,0.01,0.11178710123540289,0.3046302150225515,3.952359392624891,0.01,0.07499636671166945,0.1286514638526447,9.250681119422694
9.22,79.57792320474078,73.20608776084593,6.371835443894854,0.08020034290481047,30.160232855666482,0.11061868297579705,3.3362852367371887,3.3362852367371887,3.3362852367371887,0.0,-0.0,0,0.01,0.01,0.16424610230267736,0.30645505985425997,58.79882156501972,0.01,0.09877623181490545,0.19545637099017926,6.196021326944986,0.01,0.09372119281091504,0.18308417447113878,6.015992305035773,0.01,0.11438453629324148,0.38748035265233705,5.908402794489076,0.01,0.11174858383420788,0.3045928837029644,3.962943928249088,0.01,0.07497971577879518,0.12863504763685174,9.26793550666876
9.23,79.61952323599995,73.25051009465341,6.369013141346536,0.07491822304564531,30.136549646620356,0.11065657886129314,3.334807482578521,3.334807482578521,3.334807482578521,0.0,-0.0,0,0.01,0.01,0.16426068397042665,0.30647027113779785,58.830318854363185,0.01,0.09879177361738026,0.19547158227371714,6.180769474299614,0.01,0.09373664800394789,0.18309938575467663,6.001329423691587,0.01,0.11434744620431773,0.3874453762311877,5.927780276748568,0.01,0.11171238823019665,0.3045579072818151,3.9738340261687832,0.01,0.0749640918102923,0.1286196641148966,9.28562280363871
9.24,79.65843712948148,73.29189540935488,6.366541720126609,0.06960076006034471,30.11525140969472,0.11069186851884136,3.33351344945378,3.33351344945378,3.33351344945378,0.0,-0.0,0,0.01,0.01,0.1642742858206246,0.30648444344553727,58.8584356070161,0.01,0.09880630635026559,0.1954857545814566,6.165194365400095,0.01,0.09375109501267098,0.18311355806241608,5.986347749486101,0.01,0.1143126996686583,0.3874127818890849,5.947534050848656,0.01,0.1116785504990045,0.3045253129397123,3.9849509684762765,0.01,0.07494950919810199,0.12860532580622955,9.3036059856884
9.25,79.69473379629628,73.33023666257097,6.364497133725309,0.0642935515201437,30.09669427607929,0.11072454921290356,3.3324429065174543,3.3324429065174543,3.3324429065174543,0.0,-0.0,0,0.01,0.01,0.1642869037389584,0.3064975741573457,58.883285373036784,0.01,0.09881982272358152,0.19549888529326498,6.149420255350138,0.01,0.09376452694516978,0.18312668877422447,5.9711690057533415,0.01,0.11428032050642375,0.3873825771272478,5.967515346367825,0.01,0.11164708863027065,0.3044951081778752,3.996201480008089,0.01,0.07493597392002284,0.12859203653976048,9.321727299302937
9.26,79.72848435200008,73.36555364514955,6.362930706850525,0.05904460476824078,30.0811117450782,0.11075464083766337,3.331622727323753,3.331622727323753,3.331622727323753,0.0,-0.0,0,0.01,0.01,0.16429854216961268,0.30650966985878003,58.90502195506262,0.01,0.09883232391544117,0.19551098099469935,6.133586373049862,0.01,0.09377694542205073,0.18313878447565884,5.955929275657576,0.01,0.11425031329879182,0.3873547481589743,5.987555829877493,0.01,0.11161800042142167,0.30446727920960165,4.007482106068863,0.01,0.07492348272233615,0.1285797907385803,9.33981570849766
9.27,79.75976213437038,73.39789371925053,6.3618684151198455,0.05390211908247142,30.068611369235768,0.11078218650570508,3.331066512674241,3.331066512674241,3.331066512674241,0.0,-0.0,0,0.01,0.01,0.1643092144369592,0.3065207465962382,58.92383400104737,0.01,0.09884382005508868,0.19552205773215744,6.117840762905261,0.01,0.09378836103891382,0.18314986121311694,5.940772988090223,0.01,0.11422266193612388,0.38732925930526024,6.007475289924637,0.01,0.11159126234279593,0.3044417903558876,4.018683916897096,0.01,0.07491202274114883,0.12856857314767167,9.357694696200888
9.28,79.78864272118513,73.42733131409086,6.361311407094261,0.04891236783003663,30.05917754642338,0.1108072520883181,3.330774863954047,3.330774863954047,3.330774863954047,0.0,-0.0,0,0.01,0.01,0.16431894266504127,0.30653082970598344,58.93993819839947,0.01,0.0988543302980042,0.19553214084190274,6.102333877123956,0.01,0.09379879342033141,0.18315994432286223,5.925846668723497,0.01,0.11419732912575115,0.3873060533753582,6.027089628433134,0.01,0.1115668293807716,0.3044185844259855,4.02969731153218,0.01,0.07490157155977888,0.12855835899666335,9.375190035276205
9.290000000000001,79.81520394799992,73.45396626515345,6.361237682846469,0.044117778871908056,30.052679983001514,0.11082992478248568,3.330736262028171,3.330736262028171,3.330736262028171,0.0,-0.0,0,0.01,0.01,0.1643277573186795,0.30653995324631755,58.95357146236073,0.01,0.09886388251050782,0.1955412643822369,6.087212219048849,0.01,0.09380827088364987,0.1831690678631964,5.911292750904997,0.01,0.11417425683451128,0.38728505296576693,6.0462187781337775,0.01,0.11154463581824409,0.3043975840163943,4.040416689796683,0.01,0.07489209767833471,0.12854911456867069,9.392137150937854
9.3,79.83952592592594,73.47792113484815,6.361604791077794,0.0395552971297246,30.048887140905325,0.11085031082280039,3.330928479448605,3.330928479448605,3.330928479448605,0.0,-0.0,0,0.01,0.01,0.16433569640710194,0.30654815908012534,58.96498256016343,0.01,0.09887251259864607,0.19554947021604455,6.072612340916324,0.01,0.09381682974828968,0.18317727369700404,5.897243743672754,0.01,0.11415336759798882,0.3872661625692786,6.064694169579751,0.01,0.11152459686866086,0.304378693619906,4.0507447683955915,0.01,0.07488356135258858,0.12854079812763444,9.408387722794043
9.31,79.86169105940738,73.49933769548478,6.362353363922593,0.03525509513578824,30.04748377558564,0.11086853249190776,3.331320431273588,3.331320431273588,3.331320431273588,0.0,-0.0,0,0.01,0.01,0.16434280440527177,0.30655549566976653,58.974423633622074,0.01,0.0988802635309567,0.19555680680568585,6.058655486573794,0.01,0.09382451334100708,0.18318461028664534,5.883817041014741,0.01,0.11413456659067006,0.3872492713512419,6.08236539392737,0.01,0.11150661104280758,0.3043618024018692,4.060596336339335,0.01,0.07487591574321978,0.12853336114122016,9.423815220800897
9.32,79.88178406400007,73.5183727871565,6.363411276843584,0.03123967668437753,30.048091519618445,0.11088472460915935,3.331874353183708,3.331874353183708,3.331874353183708,0.0,-0.0,0,0.01,0.01,0.16434913095895104,0.30656201665722754,58.9821420756662,0.01,0.09888718411645152,0.19556332779314692,6.045443139877639,0.01,0.093831370759259,0.1831911312741064,5.8711106263229,0.01,0.11411774432043878,0.3872342564246414,6.0991057499725265,0.01,0.11149056309821971,0.3043467874752688,4.0699012760164655,0.01,0.07486910830421294,0.12852674972493747,9.438319132624565
9.33,79.89989198414816,73.53519378260502,6.3646982015431375,0.027523396656526745,30.05029137363898,0.1108990306930632,3.3325481853806815,3.3325481853806815,3.3325481853806815,0.0,-0.0,0,0.01,0.01,0.16435472944662602,0.3065677793091443,58.98837317776754,0.01,0.09889332760746299,0.1955690904450636,6.033053692205675,0.01,0.09383745546300469,0.1831968939260231,5.859199878713598,0.01,0.11410277978812934,0.3872209864398528,6.1148164248052215,0.01,0.11147632740056947,0.3043335174904802,4.078606717875968,0.01,0.0748630823311131,0.12852090622610438,9.45182771662161
9.34,79.91610421096311,73.5499738979535,6.366130313009595,0.024112398000569628,30.053646934032603,0.11091159899853714,3.3332980371910392,3.3332980371910392,3.3332980371910392,0.0,-0.0,0,0.01,0.01,0.16435965547453243,0.30657284290867354,58.9933339035814,0.01,0.09889875020167294,0.19557415404459286,6.021540380263909,0.01,0.09384282376978777,0.18320195752555235,5.848135625773786,0.01,0.11408954393889596,0.3872093252993466,6.129429133992807,0.01,0.11146377151525771,0.304321856349974,4.086678246525698,0.01,0.07485777858617529,0.12851577086376423,9.46429920017434
9.35,79.93051249999995,73.56288758268268,6.367624917317279,0.021004945956423333,30.057727213886665,0.11092257862517968,3.3340806101765463,3.3340806101765463,3.3340806101765463,0.0,-0.0,0,0.01,0.01,0.1643639653802241,0.3065772671743022,58.99721806025349,0.01,0.09890350951864495,0.19557857831022152,6.010930571674959,0.01,0.09384753332873813,0.183206381791181,5.837943514381869,0.01,0.11407790322717676,0.38719913581190646,6.1429071348053705,0.01,0.11145275984580982,0.30431166686253386,4.09410013064352,0.01,0.07485313691815937,0.12851128334253398,9.475721430804084
9.36,79.94321098903698,73.57410620539542,6.369104783641568,0.01819212100148341,30.062127995667964,0.11093211587857503,3.334855466371993,3.334855466371993,3.334855466371993,0.0,-0.0,0,0.01,0.01,0.16436771481565832,0.3065811107799124,59.00019304345828,0.01,0.09890766312363866,0.1955824219158317,6.001226396525319,0.01,0.09385164164634924,0.1832102253967912,5.828624693120293,0.01,0.11406772312082253,0.38719028311427883,6.155244618437801,0.01,0.11144315714312851,0.3043028141649062,4.10087460449376,0.01,0.07484909779931961,0.1285073843642649,9.486110072075677
9.370000000000001,79.95429621585191,73.5837942253312,6.370501990520698,0.01565881654463788,30.06649078341493,0.11094035104432995,3.3355870421831635,3.3355870421831635,3.3355870421831635,0.0,-0.0,0,0.01,0.01,0.16437095747306366,0.30658443004129415,59.00239823204108,0.01,0.09891126716566177,0.19558574117721342,5.992406644084854,0.01,0.09385520473080801,0.18321354465817288,5.8201577225495695,0.01,0.11405887138190143,0.3871826377093147,6.166464577755444,0.01,0.11143483172533222,0.3042951687599421,4.107020280910513,0.01,0.0748456037105269,0.12850401697075073,9.495505510974143
9.38,79.96386713600002,73.59210600524298,6.371761130757032,0.013384975711332682,30.070518589802813,0.1109474157057127,3.3362463264692144,3.3362463264692144,3.3362463264692144,0.0,-0.0,0,0.01,0.01,0.1643737440064856,0.30658727782250433,59.0039450105481,0.01,0.09891437518801896,0.1955885889584236,5.984429772039473,0.01,0.09385827591270515,0.1832163924393831,5.812501559914211,0.01,0.11405122098080081,0.3871760779969901,6.176615328987201,0.01,0.1114276582705599,0.30428860904761745,4.112569820581655,0.01,0.07484260031677656,0.12850112766281618,9.503968704495486
9.39,79.97202514059262,73.59918338139857,6.372841759194049,0.011346993983069036,30.07398798824666,0.11095343070229949,3.336812142195713,3.336812142195713,3.336812142195713,0.0,-0.0,0,0.01,0.01,0.1643761211895487,0.306589702701796,59.00491831131234,0.01,0.09891703715856866,0.19559101383771524,5.97723781647444,0.01,0.09386090488868178,0.18321881731867473,5.805599408076464,0.01,0.11404465252524244,0.38717049220637756,6.185765933241286,0.01,0.11142152007322036,0.3042830232570049,4.117567017369967,0.01,0.07484003738880293,0.1284986672551384,9.51157623655357
9.4,79.97887407407399,73.60515406348793,6.373720010586057,0.00951921104228025,30.076757070929364,0.11095850479089282,3.3372719935492356,3.3372719935492356,3.3372719935492356,0.0,-0.0,0,0.01,0.01,0.1643781313363782,0.3065917484220873,59.00537949451264,0.01,0.09891929875411994,0.19559305955800657,5.970760948541791,0.01,0.09386313702161107,0.18322086303896606,5.799383178533257,0.01,0.1140390561151909,0.38716577967079213,6.194000812417263,0.01,0.11141631068597835,0.30427831072141953,4.12206348233819,0.01,0.07483786944131608,0.1284965914412588,9.518414881051852
9.41,79.98452025200004,73.61013089344758,6.374389358552465,0.007875415756794296,30.07876916883495,0.11096273403311514,3.3376224633248963,3.3376224633248963,3.3376224633248963,0.0,-0.0,0,0.01,0.01,0.16437981199853213,0.3065934536359243,59.00537033027237,0.01,0.0989212009195829,0.1955947647718436,5.9649224007879456,0.01,0.0938650129169788,0.1832225682528031,5.793778297516203,0.01,0.11403433256671301,0.3871618514230757,6.201413881682017,0.01,0.11141193490349567,0.3042743824737031,4.126115119448089,0.01,0.07483605607366431,0.1284948610585991,9.524575972828304
9.42,79.98907247881486,73.61421194983656,6.374860528978294,0.006390292449868461,30.08005239866635,0.11096620189833674,3.3378691675829586,3.3378691675829586,3.3378691675829586,0.0,-0.0,0,0.01,0.01,0.16438119593694417,0.30659485194035807,59.0049178104974,0.01,0.09892277970835187,0.1955961630762774,5.959643482791936,0.01,0.09386656828094718,0.18322396655723688,5.788708582430738,0.01,0.11403039398092236,0.38715863012158547,6.208102526859569,0.01,0.11140830907779786,0.3042711611722128,4.129778584005548,0.01,0.07483456201372332,0.12849344205814012,9.530149877043666
9.43,79.99264206562962,73.61748144534764,6.375160620281997,0.0050407439326579625,30.08071529440818,0.1109689800376078,3.338026295022145,3.338026295022145,3.338026295022145,0.0,-0.0,0,0.01,0.01,0.16438231135491482,0.30659597218376033,59.004039499708796,0.01,0.09892406639667052,0.1955972833196796,5.954848420016682,0.01,0.09386783405188102,0.18322508680063906,5.784100931126093,0.01,0.1140271636665448,0.3871560493483901,6.214161741464614,0.01,0.11140536078744921,0.3042685803990175,4.13310790226635,0.01,0.07483335687981371,0.12849230519707905,9.535220821567455
9.44,79.99534284799985,73.62001133092127,6.375331517078572,0.0038070366223113324,30.0809389499895,0.11097112965540427,3.3381157763755853,3.3381157763755853,3.3381157763755853,0.0,-0.0,0,0.01,0.01,0.16438318236669328,0.3065968390149073,59.00274913204282,0.01,0.09892508785207428,0.19559815015082663,5.950468779063319,0.01,0.09386883678454848,0.1832259536317861,5.779889596014481,0.01,0.11402457545481415,0.38715405234817996,6.2196787076845235,0.01,0.11140302791201302,0.3042665833988073,4.136151409314769,0.01,0.07483241468785377,0.12849142548469905,9.53986231999986
9.450000000000001,79.99729120370372,73.62186349200091,6.375427711702818,0.002673724778374914,30.080966237813538,0.11097270338233979,3.3381661437630594,3.3381661437630594,3.3381661437630594,0.0,-0.0,0,0.01,0.01,0.16438382966660509,0.3065974736350894,59.001062173397614,0.01,0.09892586712500946,0.19559878477100867,5.946447282551949,0.01,0.09386959925535124,0.1832265882519682,5.776019854648338,0.01,0.11402257247200151,0.3871525902984847,6.224728062204473,0.01,0.11140125718833564,0.30426512134911204,4.13894913468549,0.01,0.07483171314129469,0.12849078142142342,9.544133367523012
9.46,79.99860607051856,73.62309240159662,6.375513668921949,0.001630323795531807,30.08108877125258,0.11097374753429667,3.3382111508577506,3.3382111508577506,3.3382111508577506,0.0,-0.0,0,0.01,0.01,0.16438427135633893,0.3065978947068465,58.99900109011274,0.01,0.09892642422386064,0.1955992058427658,5.942740863472359,0.01,0.0938701412482425,0.1832270093237253,5.772450933981958,0.01,0.11402110545680141,0.38715162021828803,6.229368035795894,0.01,0.11140000234509254,0.3042641512689154,4.141530733673368,0.01,0.07483123274931636,0.12849035407830123,9.54807554227901
9.47,79.99940896399997,73.6237480815063,6.37566088249366,0.0006717159385789197,30.081632345165637,0.1109743046321135,3.33828823170365,3.33828823170365,3.33828823170365,0.0,-0.0,0,0.01,0.01,0.16438452388310287,0.30659811936836884,58.99660009721082,0.01,0.09892677702719588,0.19559943050428813,5.939322858250117,0.01,0.09387048047475678,0.18322723398524762,5.769158093547114,0.01,0.11402013072625586,0.3871511026326411,6.233637598967063,0.01,0.11139922192616195,0.3042636336832684,4.143914029079212,0.01,0.07483095582408321,0.12849012606880125,9.551711093215829
9.48,79.9998239952593,73.62387921740743,6.375944777851875,-0.0002017147250531692,30.08294161626036,0.11097441605115922,3.3384368789656094,3.3384368789656094,3.3384368789656094,0.0,0.0,0,0.01,0.01,0.16438460296114882,0.3065981643006734,58.9939152018729,0.01,0.09892694228323924,0.19559947543659265,5.93618428686069,0.01,0.09387063357796582,0.18322727891755214,5.766133820143669,0.01,0.11401960790442532,0.38715099911531226,6.237554688426744,0.01,0.11139887692145166,0.30426353016593966,4.146104195021516,0.01,0.07483086541049093,0.1284900804667417,9.555042044562025
9.49,79.99997788874083,73.62353627657659,6.3764416121642435,-0.0009839934356583922,30.08536476995218,0.11097412467266381,3.3386970208032407,3.3386970208032407,3.3386970208032407,0.0,0.0,0,0.01,0.01,0.16438450995182022,0.30659804679570973,58.992156301332585,0.01,0.09892692209832472,0.19559935793162903,5.933711282395667,0.01,0.09387060050947287,0.1832271614125885,5.763850322247398,0.01,0.11401949309536286,0.3871512698290842,6.241156988934466,0.01,0.11139889624739964,0.3042638008797116,4.14838458934484,0.01,0.07483092170869274,0.1284901997231066,9.559722583646796
9.5,80.0,73.62277575968565,6.377224240314341,-0.0016589009625285268,30.08923257272538,0.11097347849845596,3.3391068039443805,3.3391068039443805,3.3391068039443805,0.0,0.0,0,0.01,0.01,0.16438427772447745,0.306597786213055,58.990259347780565,0.01,0.0989267161404259,0.19559909734897427,5.932405719221455,0.01,0.09387038891500167,0.18322690082993376,5.762622495031498,0.01,0.11401964813871455,0.38715187017072844,6.245318775724677,0.01,0.11139917709012985,0.3042644012213558,4.151283477040673,0.01,0.07483111582387039,0.12849046418842577,9.564953642716397
9.51,79.99997788874074,73.62166629614622,6.378311592594534,-0.0022023867477951615,30.09461859388344,0.11097253583222697,3.339676140266934,3.339676140266934,3.339676140266934,0.0,0.0,0,0.01,0.01,0.16438392980625754,0.30659740606827063,58.98819721287275,0.01,0.09892638110898777,0.1955987172041899,5.931397343320112,0.01,0.09387005069555131,0.18322652068514939,5.76165086213103,0.01,0.11402004489879203,0.3871527459607993,6.249796956351431,0.01,0.11139973547734114,0.3042652770114267,4.154164059199421,0.01,0.0748314409432397,0.12849084999413513,9.569466951403614
9.52,79.99982399525925,73.62028872531577,6.379535269943475,-0.0025962932832294095,30.100709725050788,0.11097136535118461,3.3403168562285668,3.3403168562285668,3.3403168562285668,0.0,0.0,0,0.01,0.01,0.16438349199840202,0.3065969340605624,58.98608542739224,0.01,0.0989259462484543,0.1955982451964817,5.930634337894757,0.01,0.09386961379239811,0.1832260486774412,5.76091472195559,0.01,0.11402068362376828,0.38715383338108733,6.253992622646522,0.01,0.11140054953561905,0.30426636443171473,4.156645518947669,0.01,0.07483187303005241,0.1284913290254481,9.572958789227165
9.53,79.999408964,73.61872889389252,6.380680070107481,-0.0028407698326223868,30.106470832399946,0.11097003998878942,3.3409162721927443,3.3409162721927443,3.3409162721927443,0.0,0.0,0,0.01,0.01,0.16438299207524054,0.30659639960473695,58.984017729064,0.01,0.09892544027375541,0.19559771074065624,5.9301223631290165,0.01,0.0938691068255441,0.18322551422161573,5.760421283315391,0.01,0.11402153749228341,0.3871550646616872,6.257522532477791,0.01,0.11140157136539106,0.30426759571231454,4.158547177727065,0.01,0.07483238327304373,0.1284918714270398,9.57535108262195
9.540000000000001,79.99860607051852,73.61706703533672,6.381539035181796,-0.002954800393430489,30.110906912290925,0.11096862791236722,3.341366025253938,3.341366025253938,3.341366025253938,0.0,0.0,0,0.01,0.01,0.16438245637771223,0.30659583019209186,58.982052179846406,0.01,0.0989248910463848,0.19559714132801118,5.92984017308605,0.01,0.093868557548534,0.18322494480897067,5.760149413427946,0.01,0.11402256367784538,0.3871563764655588,6.260194387146342,0.01,0.11140274254167941,0.3042689075161862,4.159824145898901,0.01,0.07483294280213976,0.12849244929687725,9.576715555182265
9.55,79.9972912037037,73.61536791244096,6.381923291262736,-0.0029730118853821853,30.11311179005776,0.11096718414769398,3.341567221267434,3.341567221267434,3.341567221267434,0.0,0.0,0,0.01,0.01,0.1643819065631266,0.30659524801287885,58.98020512042256,0.01,0.0989243222920754,0.19559655914879817,5.929738578410222,0.01,0.09386798948920244,0.1832243626297577,5.760050832251164,0.01,0.11402371335570043,0.38715771766982643,6.26198628106891,0.01,0.11140400545093929,0.30427024872045383,4.160535163835062,0.01,0.07483352642489326,0.12849304011406829,9.577250809581484
9.56,79.995342848,73.61367289027372,6.381669957726292,-0.002942127809861737,30.112307280009638,0.11096574384242483,3.341434576137934,3.341434576137934,3.341434576137934,0.0,0.0,0,0.01,0.01,0.16438135696554315,0.30659466724026957,58.978448312531974,0.01,0.0989237507213138,0.19559597837618883,5.929745827835539,0.01,0.09386741908909473,0.18322378185714833,5.760055485765153,0.01,0.11402494054508043,0.38715905562250585,6.263022652694441,0.01,0.11140531209229829,0.30427158667313325,4.160819522427142,0.01,0.07483411571674224,0.12849362949489013,9.577257429083478
9.57,79.99264206562964,73.61199409924501,6.380647966384631,-0.002917219636387786,30.107872006761635,0.11096431730453976,3.3408994627227684,3.3408994627227684,3.3408994627227684,0.0,0.0,0,0.01,0.01,0.1643808126287695,0.30659409203052984,58.97670864434408,0.01,0.0989231838259238,0.19559540316644913,5.9297737252342975,0.01,0.09386685352589998,0.18322320664740863,5.760077478038063,0.01,0.11402620956669246,0.3871603807488137,6.263547627810835,0.01,0.1114066308468145,0.30427291179944105,4.160877389683031,0.01,0.07483470140584506,0.12849421322163188,9.577111431523763
9.58,79.98907247881482,73.61031075545117,6.378761723363649,-0.0029579262750589956,30.09935954530786,0.11096288687335724,3.3399118281865015,3.3399118281865015,3.3399118281865015,0.0,0.0,0,0.01,0.01,0.1643802680370235,0.30659351526238604,58.974870214247616,0.01,0.09892261839545331,0.19559482639830533,5.929723938433564,0.01,0.09386628925542533,0.18322262987926483,5.760021178302857,0.01,0.11402750096110748,0.38716170945433526,6.263896759092907,0.01,0.11140795140035964,0.3042742405049626,4.160951424616861,0.01,0.07483528501900207,0.12849479852110138,9.577236891317295
9.59,79.98452025200001,73.60856760691543,6.375952645084587,-0.0031248137165130916,30.08650602688948,0.11096140559675924,3.338440998239025,3.338440998239025,3.338440998239025,0.0,0.0,0,0.01,0.01,0.1643797065365225,0.3065929180048087,58.97277849463057,0.01,0.09892203975412914,0.19559422914072794,5.929494208159629,0.01,0.09386571127250377,0.18322203262168743,5.759787229096048,0.01,0.11402881579376802,0.38716308535000404,6.264468159503226,0.01,0.11140928791542665,0.3042756164006314,4.161309079487689,0.01,0.07483587978723262,0.12849540460384,9.57807869354556
9.6,79.97887407407407,73.60667537909272,6.372198694981349,-0.003476034585882846,30.069227833111206,0.11095979760701735,3.3364754345613123,3.3364754345613123,3.3364754345613123,0.0,0.0,0,0.01,0.01,0.1643791004102839,0.3065922696698272,58.97024618847391,0.01,0.09892142168623405,0.1955935808057465,5.928984185276465,0.01,0.0938650930577602,0.18322138428670598,5.759278192360302,0.01,0.11403017835207227,0.3871645788988447,6.265693975117338,0.01,0.11141068054824965,0.3042771099494721,4.162225649329841,0.01,0.07483651084141646,0.12849606250807227,9.580076450288844
9.61,79.97202514059259,73.6045130078035,6.367512132789094,-0.004064425056013287,30.047610427314886,0.11095796001484624,3.3340215563356823,3.3340215563356823,3.3340215563356823,0.0,0.0,0,0.01,0.01,0.16437841154047453,0.3065915287778153,58.96706032961064,0.01,0.09892072698805973,0.19559283991373458,5.928100648765276,0.01,0.0938643971476169,0.18322064339469407,5.758403593641962,0.01,0.11403163731021436,0.3871662856514707,6.268013088504168,0.01,0.11141219544047587,0.3042788167020981,4.163968419779677,0.01,0.0748372147573572,0.12849681432189375,9.583640626340827
9.620000000000001,79.963867136,73.60193137750845,6.36193575849156,-0.004935146883480251,30.021889724410258,0.1109557660813322,3.3311017735812154,3.3311017735812154,3.3311017735812154,0.0,0.0,0,0.01,0.01,0.1643775925693719,0.30659064423863625,58.962990144281065,0.01,0.09891990855940104,0.19559195537455554,5.926761894952124,0.01,0.093863576239916,0.18321975885551503,5.757084161655515,0.01,0.11403326549374405,0.3871683232926181,6.271845901175285,0.01,0.11141392335364562,0.3042808543432455,4.1667823925006084,0.01,0.07483803853422354,0.12849771188150733,9.589131879205814
9.63,79.95429621585185,73.59875823112364,6.355537984728212,-0.006123947438512346,29.992427659442694,0.11095306938331402,3.3277519070721717,3.3277519070721717,3.3277519070721717,0.0,0.0,0,0.01,0.01,0.1643765884525685,0.3065895570343238,58.957795188836805,0.01,0.09891891092815021,0.19559086817024304,5.924901138898236,0.01,0.093862574728341,0.18321867165120254,5.75525510952719,0.01,0.11403515841722041,0.3871708277617365,6.277572003877945,0.01,0.11141597714946115,0.30428335881236385,4.17087810568989,0.01,0.07483903810963692,0.128498815061248,9.596844501459719
9.64,79.94321098903703,73.59480388672955,6.348407102307475,-0.007656072795459234,29.959683769016422,0.11094970866165675,3.3240181857677387,3.3240181857677387,3.3240181857677387,0.0,0.0,0,0.01,0.01,0.1643753382872765,0.30658820217840344,58.95123330478419,0.01,0.09891767208882499,0.19558951331432264,5.92246882894689,0.01,0.09386133054632696,0.18321731679528214,5.752868362514783,0.01,0.11403743179608938,0.3871739487350521,6.2855114858921715,0.01,0.1114184883454031,0.30428647978567946,4.1764220374872805,0.01,0.07484027652807405,0.12850018978188996,9.606994652289526
9.65,79.93051249999999,73.58986738749401,6.340645112505983,-0.009545830766183799,29.924184643506788,0.11094551303445,3.3199540174114706,3.3199540174114706,3.3199540174114706,0.0,0.0,0,0.01,0.01,0.164373777294825,0.3065865108238456,58.94306798497177,0.01,0.0989161255302862,0.19558782195976487,5.91943384113671,0.01,0.0938597771958087,0.18321562544072434,5.749893700809453,0.01,0.11404021825024321,0.38717784476380135,6.295910536810215,0.01,0.1114216029925631,0.3042903758144287,4.183529988038475,0.01,0.07484182188633838,0.1285019058669824,9.61971378591577
9.66,79.91610421096297,73.58374272337122,6.332361487591752,-0.011796764831147765,29.886493044770685,0.11094030726796852,3.315616721548864,3.315616721548864,3.315616721548864,0.0,0.0,0,0.01,0.01,0.16437183883958098,0.3065844123958138,58.933074818766634,0.01,0.0989142023294827,0.19558572353173315,5.9157835866801705,0.01,0.09385784583796636,0.18321352701269264,5.746318850509307,0.01,0.1140436634240149,0.38718267835390663,6.3089318405419625,0.01,0.11142547713042193,0.30429520940453403,4.192263687003179,0.01,0.07484374518047972,0.12850403487287335,9.635047348876965
9.67,79.89989198414816,73.57622479463782,6.323667189510333,-0.014402368742347507,29.84717832444465,0.11093391682546438,3.311064397718746,3.311064397718746,3.311064397718746,0.0,0.0,0,0.01,0.01,0.16436945637598718,0.3065818366361322,58.92104677143442,0.01,0.09891183319632198,0.1955831477720515,5.911523127362881,0.01,0.09385546733159014,0.18321095125301098,5.742148615549083,0.01,0.11404792174763353,0.3871886112477756,6.324650046777049,0.01,0.11143027207173406,0.304301142298403,4.2026306795167905,0.01,0.0748461181728525,0.1285066480073201,9.652958460855693
9.68,79.881784064,73.56711483475867,6.314669229241332,-0.017347247207764302,29.806789539163326,0.11092617245459384,3.306353076739015,3.306353076739015,3.306353076739015,0.0,0.0,0,0.01,0.01,0.16436656523018117,0.30657871546262516,58.90679814731859,0.01,0.09890895036877605,0.19558002659854445,5.906673445778462,0.01,0.09385257411885646,0.18320783007950395,5.73740319363255,0.01,0.11405315205971428,0.38719580013171206,6.343052337717691,0.01,0.11143614975965328,0.30430833118233946,4.214587325048079,0.01,0.07484901138649062,0.12850981423527258,9.673335957151469
9.69,79.8616910594074,73.55622506910527,6.305465990302145,-0.020608611927345585,29.76583236336096,0.11091691412476029,3.3015342720989183,3.3015342720989183,3.3015342720989183,0.0,0.0,0,0.01,0.01,0.16436310414137328,0.30657498456668614,58.89016717889384,0.01,0.09890548927578802,0.19557629570260537,5.901269055144845,0.01,0.09384910187687034,0.18320409918356484,5.732115855594281,0.01,0.11405951329969519,0.38720439294602294,6.3640438081134345,0.01,0.11144326841875017,0.30431692399665033,4.228044526613817,0.01,0.07485249231750013,0.12851359865002304,9.696005895999203
9.700000000000001,79.83952592592593,73.54338245177571,6.296143474150215,-0.02415799492895212,29.72475057260418,0.1109059941816512,3.296653014056272,3.296653014056272,3.296653014056272,0.0,0.0,0,0.01,0.01,0.16435901650926238,0.3065705846949435,58.87101726829768,0.01,0.09890138990687881,0.19557189583086282,5.895355155216945,0.01,0.0938449908747093,0.1831996993118223,5.726330188382489,0.01,0.11406716046310134,0.38721452592310507,6.387457074201,0.01,0.11145177869190856,0.3043270569737324,4.242875620525962,0.01,0.07485662393593472,0.12851806116512213,9.7207454528655
9.71,79.815203948,73.5284313901876,6.286772557812397,-0.027963062384262428,29.683912535711066,0.11089327964349173,3.2917464137355568,3.2917464137355568,3.2917464137355568,0.0,0.0,0,0.01,0.01,0.1643542513156298,0.30656546258399825,58.8492369790372,0.01,0.09889659784990658,0.19556677371991749,5.888984545376582,0.01,0.09384018699824163,0.18319457720087698,5.720097105973941,0.01,0.11407624099059548,0.3872263214255549,6.413065256950644,0.01,0.11146182041710928,0.30433885247618225,4.258925724432971,0.01,0.07486146352310692,0.12852325555899935,9.747298053761146
9.72,79.78864272118518,73.51123543161874,6.277407289566444,-0.03198942082412777,29.64360283512245,0.11087865361812552,3.2868427707488257,3.2868427707488257,3.2868427707488257,0.0,0.0,0,0.01,0.01,0.16434876370934673,0.30655957153931607,58.824738930298814,0.01,0.098891064980593,0.19556088267523533,5.882214494997762,0.01,0.09383464242708617,0.18318868615619482,5.713471821640233,0.01,0.1140868917334997,0.38723988660529607,6.440597281024192,0.01,0.11147352015349862,0.30435241765592347,4.276021780843513,0.01,0.07486706187012189,0.128529228881705,9.775388640404199
9.73,79.75976213437036,73.49167794361668,6.268084190753676,-0.03620232227545402,29.604018850889556,0.11086201586873604,3.281961207625679,3.281961207625679,3.281961207625679,0.0,0.0,0,0.01,0.01,0.1643425152630917,0.3065528716691756,58.79745778351221,0.01,0.09888474980780249,0.1955541828050949,5.875103747591894,0.01,0.09382831596833917,0.18318198628605442,5.706510951856903,0.01,0.11409923660389779,0.3872553128589278,6.469754319720336,0.01,0.11148698951747127,0.3043678439095552,4.293982550122912,0.01,0.0748734628402063,0.12853602121295923,9.80473809508116
9.74,79.728484352,73.46966186840142,6.258822483598585,-0.04056819331752941,29.565271907615376,0.11084328259653886,3.277111789099323,3.277111789099323,3.277111789099323,0.0,0.0,0,0.01,0.01,0.16433547392612569,0.30654532980110577,58.76734753048033,0.01,0.09887761749605473,0.19554664093702503,5.867709802487194,0.01,0.09382117306904722,0.18317444441798456,5.699269890411315,0.01,0.11411338497747522,0.38727267601618964,6.500226212663636,0.01,0.11150232434005368,0.30438520706681704,4.312627894322419,0.01,0.07488070327755332,0.12854366574375012,9.835076054597156
9.75,79.69473379629629,73.44510866842506,6.249625127871235,-0.04505593334982825,29.52739240328736,0.11082238553978872,3.2722960649017407,3.2722960649017407,3.2722960649017407,0.0,0.0,0,0.01,0.01,0.16432761370995208,0.30653691912097236,58.73437829771531,0.01,0.0988696396006638,0.19553823025689165,5.860086580638252,0.01,0.09381318554316379,0.18316603373785115,5.691800555206858,0.01,0.11412943087387077,0.3872920371689363,6.531706785861828,0.01,0.11151960461024019,0.30440456821956363,4.331786833808071,0.01,0.07488881322898713,0.1285521891406507,9.866151577594566
9.76,79.65843712948148,73.41795660564088,6.240480523840609,-0.04963794761098969,29.490338216122648,0.11079927050960696,3.2675079614279734,3.2675079614279734,3.2675079614279734,0.0,0.0,0,0.01,0.01,0.16431891415238267,0.3065276185835965,58.698532874568826,0.01,0.09886079356091226,0.1955289297195158,5.852282543184153,0.01,0.09380433105858733,0.18315673320047526,5.684149573564972,0.01,0.11414745289534609,0.3873134440277312,6.563907196403903,0.01,0.11153889512847609,0.30442597507835856,4.351304028754661,0.01,0.07489781643242106,0.12856161214302803,9.897741366483118
9.77,79.619523236,73.38815851124208,6.231364724757937,-0.05429089920808565,29.4540056175993,0.11077389549488452,3.2627349401896866,3.2627349401896866,3.2627349401896866,0.0,0.0,0,0.01,0.01,0.16430935961055962,0.30651741214867306,58.65980315607583,0.01,0.09885106200282083,0.19551872328459236,5.8443392959039135,0.01,0.09379459243589179,0.18314652676555185,5.676356937614065,0.01,0.1141675148633877,0.38733693268176994,6.596566677672422,0.01,0.11156024676282769,0.30444946373239734,4.3710445122604025,0.01,0.07490773101804829,0.12857195033824007,9.929655458491627
9.78,79.57792320474074,73.35567920684161,6.222243997899129,-0.058996180606911926,29.41824190067683,0.1107462284718956,3.257959338773848,3.257959338773848,3.257959338773848,0.0,0.0,0,0.01,0.01,0.16429893843519858,0.30650628789721523,58.61818666983613,0.01,0.09884043190567664,0.19550759903313455,5.8362906820926845,0.01,0.0937839568128427,0.18313540251409405,5.668455131820641,0.01,0.1141896670577451,0.38736252963439854,6.6294603396740674,0.01,0.11158369817905474,0.3044750606850259,4.390896659673249,0.01,0.07491857036428777,0.12858321505836912,9.961740474105335
9.790000000000001,79.53357031125925,73.32049273388925,6.213077577369996,-0.06374011818990903,29.382858953716802,0.11071624505064252,3.253159812208175,3.253159812208175,3.253159812208175,0.0,0.0,0,0.01,0.01,0.16428764207724578,0.30649423708232554,58.57368332998025,0.01,0.09882889368603269,0.1954955482182448,5.828162341610337,0.01,0.09377241472824889,0.1831233516992043,5.660468710931764,0.01,0.11421394793605985,0.3873902539897479,6.662403947966747,0.01,0.1116092779051132,0.30450278504037526,4.4107735051721395,0.01,0.07493034405023392,0.12859541434346491,9.993880638667843
9.8,79.4864,73.28257953733545,6.203820462664551,-0.06851393351797726,29.347647064038515,0.11068392608084718,3.248312798282831,3.248312798282831,3.248312798282831,0.0,0.0,0,0.01,0.01,0.16427546417484246,0.30648125316438973,58.52629253367197,0.01,0.0988164402499736,0.19548256430030905,5.819971695209399,0.01,0.09375995917571464,0.18311036778126855,5.65241428861427,0.01,0.11424038619625787,0.38742011967455386,6.695255834970133,0.01,0.1116370065897743,0.3045326507251812,4.43061260509983,0.01,0.07494305884908262,0.12860855392004117,10.025996874487738
9.81,79.43634986651853,73.24192373389086,6.1944261326276715,-0.07331349204722244,29.312388311896967,0.1106492553273649,3.243393938577954,3.243393938577954,3.243393938577954,0.0,0.0,0,0.01,0.01,0.16426239966354098,0.3064673308754232,58.47601068855009,0.01,0.09880306605965848,0.1954686420113425,5.81172830058734,0.01,0.09374658467303101,0.183096445492302,5.644300884981745,0.01,0.11426900303859153,0.3874521375916854,6.727916270907796,0.01,0.11166689932245764,0.3045646686423128,4.45037469847671,0.01,0.07495671971201277,0.1286226381490871,10.058044303897887
9.82,79.38335963970371,73.198510576254,6.184849063449723,-0.0781388746303365,29.276869008404564,0.11061221730892443,3.2383793968825603,3.2383793968825603,3.2383793968825603,0.0,0.0,0,0.01,0.01,0.16424844394663793,0.3064524653507721,58.422829231562424,0.01,0.09878876625405959,0.19545377648669143,5.803434518551369,0.01,0.09373228638683131,0.18308157996765093,5.636130573411266,0.01,0.11429981448876694,0.3874863176170305,6.760324732143911,0.01,0.11169896789503621,0.30459884866765785,4.47004143429131,0.01,0.0749713306986087,0.12863767090455333,10.090008516023387
9.83,79.327371164,73.1523242037138,6.1750469602861875,-0.08299380960446963,29.24089073316989,0.11057279537658397,3.233247027667845,3.233247027667845,3.233247027667845,0.0,0.0,0,0.01,0.01,0.16423359215571764,0.30643665135917814,58.366733174519304,0.01,0.09877353585689544,0.19543796249509743,5.795086423856531,0.01,0.09371705934521055,0.18306576597605692,5.627899363429115,0.01,0.11433283365621359,0.38752267036810795,6.792455555722934,0.01,0.11173322290420672,0.3046352014187353,4.489612430560063,0.01,0.0749868958175044,0.12865365635068823,10.12190094176192
9.84,79.26832838162963,73.10334574766249,6.164982633967144,-0.08788500403178098,29.20427963403106,0.11053097009003043,3.227977358729972,3.227977358729972,3.227977358729972,0.0,0.0,0,0.01,0.01,0.164217838524401,0.3064198826546978,58.307700186921,0.01,0.09875736909741079,0.19542119379061706,5.786674894433932,0.01,0.0937008977636721,0.18304899727157656,5.61959825559941,0.01,0.11436807281999173,0.3875612086902255,6.824312471560842,0.01,0.1117696756131591,0.3046737397408529,4.5091019103798855,0.01,0.07500341974901625,0.12867059959433852,10.153753659927357
9.85,79.20617731481482,73.05155183865729,6.154625476157525,-0.09282141203985256,29.166893758020056,0.11048671793156128,3.2225543635821774,3.2225543635821774,3.2225543635821774,0.0,0.0,0,0.01,0.01,0.1642011758911595,0.3064021514664471,58.24570020522536,0.01,0.0987402588622105,0.19540346260236638,5.778186814202886,0.01,0.09368379450233612,0.18303126608332587,5.611214405793437,0.01,0.1144055452567547,0.3876019488234733,6.85592247167971,0.01,0.11180833951219137,0.3047144798741007,4.528535132413981,0.01,0.07502090842970696,0.12868850719607117,10.18561392856771
9.86,79.14086604799999,72.99691354046234,6.143952507537652,-0.09781347645065452,29.12862828621872,0.11044001037985086,3.216966010280813,3.216966010280813,3.216966010280813,0.0,0.0,0,0.01,0.01,0.1641835953401331,0.3063834481348579,58.18069553705665,0.01,0.09872219628906877,0.19538475927077714,5.769606327984976,0.01,0.09366574066508368,0.18301256275173663,5.6027323394215065,0.01,0.11444526674848092,0.3876449112307466,6.887329422981312,0.01,0.11184923153845266,0.304757442281374,4.547944802636478,0.01,0.07503936948678147,0.12870738753147098,10.217538703488763
9.870000000000001,79.07234471007408,72.93939571657953,6.132948993494551,-0.10287237716768304,29.089418642571417,0.11039081334891558,3.2112045838005665,3.2112045838005665,3.2112045838005665,0.0,0.0,0,0.01,0.01,0.1641650859823563,0.30636376089629097,58.1126414129643,0.01,0.09870317050672764,0.19536507203221026,5.760916091841467,0.01,0.09364672534443334,0.18299287551316978,5.5941351608328995,0.01,0.11448725673068415,0.3876901210828596,6.918587767691787,0.01,0.11189237293435317,0.30480265213348695,4.567367623837531,0.01,0.07505881251771775,0.12872725100099092,10.249589371838146
9.88,79.0005654565926,72.87895681664978,6.121608639942815,-0.10800931625532322,29.049241535552497,0.1103390869824672,3.2052667885660258,3.2052667885660258,3.2052667885660258,0.0,0.0,0,0.01,0.01,0.16414563487385325,0.3063430758116295,58.04148692361289,0.01,0.09868316851835265,0.1953443869475488,5.752098468062125,0.01,0.0936267355096328,0.18297219042850832,5.585405708804712,0.01,0.11453153906329362,0.38773760841122773,6.949756591576813,0.01,0.11193778974182245,0.30485013946185513,4.5868411107367875,0.01,0.0750792492173935,0.128748110093116,10.281826894017474
9.89,78.925482452,72.81554905419702,6.109933397802982,-0.11323486542688163,29.00811406974837,0.110284785780441,3.1991536460767955,3.1991536460767955,3.1991536460767955,0.0,0.0,0,0.01,0.01,0.16412522706180752,0.30632137682901556,57.96717627067163,0.01,0.09866217522067328,0.1953226879649349,5.743136621121644,0.01,0.0936057560298448,0.1829504914458944,5.5765276159110755,0.01,0.11457814242560778,0.38778740795122707,6.980894278977698,0.01,0.11198551294518977,0.3048999390018544,4.6064007717363245,0.01,0.07510069336103477,0.12876997931118195,10.314307511431375
9.9,78.84705185185186,72.74911893384642,6.09793291800545,-0.11855839690709741,28.966091130158347,0.11022785902319852,3.1928702095482153,3.1928702095482153,3.1928702095482153,0.0,0.0,0,0.01,0.01,0.16410384574560172,0.3062986459663214,57.88965025260636,0.01,0.09864017354603698,0.19529995710224066,5.734015478726749,0.01,0.09358376981954458,0.18292776058320015,5.567486237075444,0.01,0.11462710035325285,0.38783955870989817,7.012053917354571,0.01,0.1120355782887904,0.30495208976052557,4.62607773299351,0.01,0.07512316065646607,0.12879287497885006,10.34707914078664
9.91,78.76523178503703,72.67960807563307,6.085623709403968,-0.12398761352105465,28.92326129405245,0.11016825144995411,3.186425122995895,3.186425122995895,3.186425122995895,0.0,0.0,0,0.01,0.01,0.1640814725360105,0.3062748635953388,57.80884790340486,0.01,0.09861714471073375,0.19527617473125805,5.724722530537146,0.01,0.09356075808941079,0.18290397821221754,5.558269420854664,0.01,0.11467845094875674,0.3878941032999656,7.043279562577043,0.01,0.11208802580634003,0.30500663435059294,4.64589685607522,0.01,0.07514666848329724,0.12881681494289712,10.380178538244156
9.92,78.679982336,72.60695427647806,6.073028059521936,-0.12952818857769144,28.87974156275382,0.11010590414149768,3.1798300561397985,3.1798300561397985,3.1798300561397985,0.0,0.0,0,0.01,0.01,0.16405808779328787,0.3062500088070971,57.72470820322371,0.01,0.09859306855007112,0.19525131994301637,5.71524844599639,0.01,0.09353670068315441,0.18287912342397583,5.548868105549861,0.01,0.11473223630815918,0.3879510870880527,7.07460342888457,0.01,0.11214289910758903,0.3050636181386801,4.665875376686803,0.01,0.07517123553977857,0.12884181819456947,10.413629278605821
9.93,78.59126552696296,72.53109274438697,6.060172782575999,-0.13518352086702454,28.83567122849724,0.11004075555331866,3.1730990488709288,3.1730990488709288,3.1730990488709288,0.0,0.0,0,0.01,0.01,0.1640336710233274,0.30622405983617035,57.63717178315924,0.01,0.09856792391882233,0.19522537097208958,5.7055875014930395,0.01,0.09351157647890604,0.18285317445304908,5.5392767307376785,0.01,0.11478850171408649,0.38801055720847943,7.106044023705822,0.01,0.11220024447374297,0.3051230882591068,4.686022068842771,0.01,0.07519688142007452,0.1288679044322777,10.447440557547727
9.94,78.49904530014817,72.4519574393403,6.0470878608078635,-0.14095460507990282,28.79120519992772,0.1099727426437252,3.1662477998543337,3.1662477998543337,3.1662477998543337,0.0,0.0,0,0.01,0.01,0.16400820131046756,0.30619699452130666,57.54618255330496,0.01,0.09854168913481429,0.195198305657226,5.695737815673718,0.01,0.09348536383296019,0.1828261091381855,5.529493463152577,0.01,0.11484729465101624,0.388072561495188,7.13760520700246,0.01,0.11226010981662743,0.3051850925458154,4.706336916921879,0.01,0.07522362614565456,0.12889509358889328,10.48160678960994
9.950000000000001,78.40328749999999,72.3694824560076,6.03380504399239,-0.14684001337300606,28.746507104734228,0.10990180204234118,3.1592929332332553,3.1592929332332553,3.1592929332332553,0.0,0.0,0,0.01,0.01,0.16398165776581064,0.30616879078011827,57.45168919202361,0.01,0.09851434244352049,0.1951701019160376,5.685701399544122,0.01,0.09345804104380205,0.18279790539699708,5.519520243423212,0.01,0.11490866370116523,0.3881371473833173,7.169276117984561,0.01,0.11232254355766433,0.3052496784339447,4.726811257924003,0.01,0.07525148967443343,0.12892340534642377,10.51610794268018
9.96,78.3039598554074,72.28360338703659,6.020356468370813,-0.15283597979569458,28.7017424707859,0.10982787120721953,3.1522512755042564,3.1522512755042564,3.1522512755042564,0.0,0.0,0,0.01,0.01,0.16395401997102568,0.30613942707682407,57.35364644484532,0.01,0.09848586248248727,0.19514073821274333,5.675484035022752,0.01,0.09342958681532933,0.18276854169370285,5.509362666925908,0.01,0.11497265737968085,0.38820436082896004,7.20103187967838,0.01,0.11238759348153919,0.30531689187958744,4.747428338942059,0.01,0.07528049141028995,0.12895285865949674,10.550910523085614
9.97,78.20103196192592,72.19425861138114,6.0067733505447665,-0.1589365759819294,28.65707225972233,0.10975088952342983,3.145139171641731,3.145139171641731,3.145139171641731,0.0,0.0,0,0.01,0.01,0.16392526839940633,0.30610888286401167,57.25201619337241,0.01,0.09845622872613728,0.19511019399993093,5.665095001327843,0.01,0.09339998069991615,0.18273799748089042,5.499029717581024,0.01,0.1150393229657734,0.3882742452909995,7.232834965313958,0.01,0.11245530561618151,0.3053867763416269,4.768164221214778,0.01,0.07531064973377699,0.12898347130699914,10.585969104311214
9.98,78.094475264,72.10139045952097,5.993084804479021,-0.16513396395776048,28.61264699129613,0.10967079930202003,3.1379718656819855,3.1379718656819855,3.1379718656819855,0.0,0.0,0,0.01,0.01,0.16389538479830476,0.3060771389819259,57.14676826670471,0.01,0.09842542189382184,0.19507845011784516,5.654546673059168,0.01,0.09336920350430636,0.18270625359880466,5.488533377715184,0.01,0.11510870538229603,0.3883468408129499,7.264637090879182,0.01,0.11252572318561221,0.3054593718635773,4.788988952740737,0.01,0.07534198157233647,0.12901525948855253,10.621228278698375
9.99,77.98426303718517,72.00494621604625,5.9793168211389185,-0.1714187101453706,28.568601655026765,0.10958754664534935,3.13076296646265,3.13076296646265,3.13076296646265,0.0,0.0,0,0.01,0.01,0.16386435251984222,0.3060441780017639,57.03788097988754,0.01,0.09839342430679447,0.1950454891376832,5.64385401691915,0.01,0.09333723764413175,0.18267329261864268,5.4778881400730075,0.01,0.11518084617032803,0.38842218323578676,7.2963814865755285,0.01,0.1125988856756593,0.3055347142864141,4.809867926788141,0.01,0.07537450202531529,0.12904823747941088,10.656624904419454
10.0,77.87037037037037,71.90487892949193,5.965491440878445,-0.17778014363905387,28.525051560074246,0.10950108215257352,3.1235240142860854,3.1235240142860854,3.1235240142860854,0.0,0.0,0,0.01,0.01,0.16383215678983062,0.30600998450269107,56.92534139601401,0.01,0.09836022018289325,0.1950112956386104,5.633034015605002,0.01,0.09330406743596645,0.18263909911956988,5.467110449630255,0.01,0.11525578259786992,0.3885003035652002,7.328005396638232,0.01,0.1126748280448672,0.30561283461582756,4.830763343618367,0.01,0.07540822405569879,0.12908241735400727,10.692090520203351
10.01,77.75277414800001,71.8011480090829,5.951626138917115,-0.18420674153762112,28.482089226720873,0.10941136144718855,3.1162641591558327,3.1162641591558327,3.1162641591558327,0.0,0.0,0,0.01,0.01,0.16379878490802055,0.30597454527565743,56.80914531933174,0.01,0.09832579586100758,0.1949758564115767,5.622105047896609,0.01,0.09326967931911431,0.18260365989253619,5.456218103260494,0.01,0.11533354693319299,0.38858122750887436,7.359442661872715,0.01,0.1127535801045209,0.3056937585595017,4.851635697006664,0.01,0.07544315825690179,0.1291178087848948,10.72755380616383
10.02,77.63145303229629,71.6937195978075,5.937733434488799,-0.19068652446803705,28.43978237534718,0.10931834551668099,3.108989956127417,3.108989956127417,3.108989956127417,0.0,0.0,0,0.01,0.01,0.16376422637596588,0.30593784945044245,56.6892970362627,0.01,0.09829013995073022,0.19493916058636174,5.611086253010333,0.01,0.09323406200264228,0.1825669640673212,5.445229634437658,0.01,0.1154141659041257,0.38866497519160303,7.390626251440657,0.01,0.11283516608296738,0.30577750624223043,4.872445214976002,0.01,0.07547931269933894,0.12915441892037263,10.762942980305313
10.03,77.5063874454815,71.58256672062836,5.9238207248531225,-0.19720744634157558,28.39817302294107,0.10922200086221226,3.1017052783969223,3.1017052783969223,3.1017052783969223,0.0,0.0,0,0.01,0.01,0.16372847295186696,0.30589988854558675,56.565808830006844,0.01,0.09825324340583019,0.1949011996815061,5.599996905658314,0.01,0.0931972065363968,0.1825290031624656,5.434163708516554,0.01,0.11549766035504336,0.38875156104857284,7.421490628411299,0.01,0.11291960438072451,0.3058640920992002,4.893153194639179,0.01,0.07551669285797293,0.1291922523407739,10.798188035060624
10.040000000000001,77.377559552,71.46766921537717,5.909890336622833,-0.20375776375627339,28.357277654390842,0.1091222994636368,3.0944113441759336,3.0944113441759336,3.0944113441759336,0.0,0.0,0,0.01,0.01,0.16369151863461753,0.30586065644386295,56.43870030085909,0.01,0.09821509952322928,0.1948619675797822,5.588855825542843,0.01,0.09315910630777222,0.18248977106074168,5.423038551528801,0.01,0.11558404510398929,0.38884099389020566,7.451973855635855,0.01,0.11300690751457186,0.30595352494083305,4.913723183167611,0.01,0.07555530161873782,0.12923131109032723,10.833222735377593
10.05,77.24495324074074,71.34901346172043,5.895939779020306,-0.21032637220897774,28.31708839724001,0.10901921857182284,3.087106849296337,3.087106849296337,3.087106849296337,0.0,0.0,0,0.01,0.01,0.16365335958185673,0.3058201492986282,56.30799752991535,0.01,0.09817570387192691,0.1948214604345475,5.577680841867421,0.01,0.09311975696874668,0.182449263915507,5.4118714324091295,0.01,0.11567332899359542,0.388933277125761,7.482019372659936,0.01,0.11309708224121455,0.3060458081763883,4.934121969713326,0.01,0.07559513935875409,0.12927159477877606,10.867986318482084
10.06,77.10855410725925,71.2265938673558,5.881960239903443,-0.21688436153387922,28.277565345217212,0.10891274203181095,3.079787179731319,3.079787179731319,3.079787179731319,0.0,0.0,0,0.01,0.01,0.16361399434466903,0.30577836603977016,56.17375258578168,0.01,0.09813505437000224,0.19477967717568942,5.566499457275299,0.01,0.09307915652591052,0.1824074806566489,5.400689697446335,0.01,0.11576431322391995,0.38902840762300633,7.523635492062602,0.01,0.11319012956687549,0.3061409386736337,4.954308466050559,0.01,0.07563620388776221,0.1293131000883317,10.902389602935182
10.07,76.968349436,71.10045888313118,5.867890552868817,-0.22326504930912594,28.238404463301933,0.10880290041952595,3.0724203088269375,3.0724203088269375,3.0724203088269375,0.0,0.0,0,0.01,0.01,0.16357343630433455,0.3057353239352789,56.03625777514388,0.01,0.09809316065878175,0.19473663507119818,5.5554990583840675,0.01,0.09303731510117413,0.18236443855215767,5.389680278659002,0.01,0.1158552098319499,0.3891263400187063,7.594470702556864,0.01,0.11328603015125788,0.3062388710693337,4.974028758613159,0.01,0.07567848119253373,0.1293558052210788,10.935822443253421
10.08,76.82432818251851,70.9707245053318,5.8536036771867215,-0.22947653911305527,28.198968018983177,0.1086897831207649,3.064939718212667,3.064939718212667,3.064939718212667,0.0,0.0,0,0.01,0.01,0.16353169793389252,0.3056910309671277,55.895194795960236,0.01,0.0980500395934113,0.19469234210304695,5.544452614495106,0.01,0.09299424931465272,0.18232014558400644,5.378606429504555,0.01,0.11594765182752773,0.38922697643667437,7.677316230887698,0.01,0.1133847113837173,0.30633950748730177,4.993034745879718,0.01,0.07572193103558972,0.12939966546928594,10.967931318267016
10.09,76.67648095570371,70.8374601083256,5.839020847378109,-0.23558336999112078,28.158859060853242,0.10857343899385531,3.0573041663801193,3.0573041663801193,3.0573041663801193,0.0,0.0,0,0.01,0.01,0.1634887726022191,0.30564548348873827,55.75081238143943,0.01,0.09800568442078664,0.19464679462465753,5.533441801928953,0.01,0.09294995212070498,0.18227459810561703,5.367563978847281,0.01,0.1160422778437411,0.3893302551791022,7.765200369151547,0.01,0.11348609553538411,0.30644278622972954,5.0114792600682625,0.01,0.0757665190190465,0.1294446519045166,10.999140216280546
10.1,76.5248,70.70072757456298,5.824072425437026,-0.24158141388661297,28.11772466959694,0.1084539103639482,3.0494771909546414,3.0494771909546414,3.0494771909546414,0.0,0.0,0,0.01,0.01,0.16344467630658246,0.3055986987955538,55.603211325603816,0.01,0.09796010871583084,0.19460000993147308,5.52255484107477,0.01,0.09290443758018921,0.18222781341243258,5.356633605709073,0.01,0.11613928279391045,0.38943612029157926,7.855624699937258,0.01,0.1135901206075788,0.30654865134220666,5.029418707281884,0.01,0.07581221817224969,0.12949073809181816,11.029488079085512
10.11,76.36927917762964,70.5605864031235,5.808692774506146,-0.247481344512049,28.07523015015271,0.10833123747487998,3.0414244245581035,3.0414244245581035,3.0414244245581035,0.0,0.0,0,0.01,0.01,0.16339942483228595,0.305550693371331,55.452449064781895,0.01,0.09791332905209843,0.19455200450725033,5.511783776126899,0.01,0.09285772226913666,0.18217980798820982,5.345806203177132,0.01,0.1162387002728915,0.38954451759656483,7.947719814224778,0.01,0.11369672850881167,0.3066570486471922,5.046889083117693,0.01,0.07585900211892281,0.12953789836025334,11.059027434490464
10.120000000000001,76.20991395081481,70.41708762818291,5.792826322631892,-0.2533013417732016,28.03108975773902,0.10820545315924616,3.0331167697836547,3.0331167697836547,3.0331167697836547,0.0,0.0,0,0.01,0.01,0.16335303138687596,0.30550148080292405,55.29856290598035,0.01,0.097865359831153,0.19450279193884334,5.50110360021345,0.01,0.09280982048959653,0.18213059541980284,5.335057323184598,0.01,0.11634050882483891,0.38965539939092453,8.04123488487944,0.01,0.1138058661191832,0.3067679304415519,5.063941353490244,0.01,0.07590684678245808,0.12958610984519967,11.087850946785768
10.13,76.04670136399999,70.27027064723093,5.776430716769055,-0.25906357284944054,27.985082893362254,0.10807658001778032,3.024532050628681,3.024532050628681,3.024532050628681,0.0,0.0,0,0.01,0.01,0.16330550548576886,0.3054510706793272,55.14157240167014,0.01,0.0978162118257002,0.1944523818152465,5.490481761888193,0.01,0.092760742886294,0.18208018529620598,5.324355413669874,0.01,0.11644467274694337,0.3897687268680514,8.136154373904185,0.01,0.1139174880651797,0.3068812579186788,5.08063808368859,0.01,0.0759557316898483,0.12963535353416314,11.116071288143974
10.14,75.87964002607407,70.12016158332754,5.759478442746527,-0.264792102431253,27.937062648392978,0.1079446289204047,3.0156558607068784,3.0156558607068784,3.0156558607068784,0.0,0.0,0,0.01,0.01,0.16325685235926235,0.3053994680092339,54.98148094928721,0.01,0.09776589145568154,0.19440077914515316,5.47988200983211,0.01,0.09271049574312085,0.18202858262611266,5.313665411601853,0.01,0.11655115777600533,0.38988447133913223,8.232552968852115,0.01,0.114031558599022,0.3069970023897596,5.097047040242803,0.01,0.07600564065054621,0.1296856147864225,11.143808670530644
10.15,75.70873009259259,69.96677265906426,5.7419574335283325,-0.2705113531535004,27.886959295640178,0.10780959838109765,3.0064818817329853,3.0064818817329853,3.0064818817329853,0.0,0.0,0,0.01,0.01,0.16320707269526918,0.3053466729812945,54.81827752766462,0.01,0.09771440045241206,0.19434798411721377,5.469266937822651,0.01,0.09265908065860148,0.18197578759817326,5.30295117426365,0.01,0.11665993704918592,0.39000261466346486,8.330539872820042,0.01,0.11414805253438723,0.30711514571409226,5.113236241649405,0.01,0.07605656203432781,0.12973688350642282,11.171182620356074
10.16,75.533973248,69.81010237120269,5.723870876797298,-0.27624481322475236,27.834779760386223,0.10767147462898558,2.9970117827738263,2.9970117827738263,2.9970117827738263,0.0,0.0,0,0.01,0.01,0.16315616264484734,0.3052926809971513,54.651938857788736,0.01,0.09766173581057372,0.19429399213307058,5.458600027162802,0.01,0.09260649450609058,0.18192179561403007,5.29217744412294,0.01,0.11677099315467912,0.39012314905557377,8.430236056865994,0.01,0.11426695543126307,0.30723568010620117,5.129270229047343,0.01,0.07610848875197619,0.12978915404510974,11.198305691867406
10.17,75.35537268785185,69.65013635462307,5.705236333228793,-0.28201390833646534,27.780603604319843,0.10753023228455016,2.9872547585775244,2.9872547585775244,2.9872547585775244,0.0,0.0,0,0.01,0.01,0.16310411405450856,0.30523748294121433,54.48243201466849,0.01,0.09760788998393763,0.19423879407713363,5.447847406918495,0.01,0.09255272963598195,0.1818665975580931,5.281311546587762,0.01,0.11688431844614593,0.39024607635937136,8.531763568933506,0.01,0.1143882631652155,0.30735860740999876,5.145207126176747,0.01,0.07616141798919657,0.12984242486955855,11.22527833999149
10.18,75.17293310103705,69.48684884510588,5.686084255931171,-0.2878370332213631,27.724575951910182,0.10738583556763827,2.977226754354325,2.977226754354325,2.977226754354325,0.0,0.0,0,0.01,0.01,0.1630509148976619,0.30518106565813197,54.30971740873083,0.01,0.0975528512947033,0.19418237679405126,5.4369793713117955,0.01,0.09249777429017361,0.18181018027501072,5.2703248543688295,0.01,0.11699991444168993,0.3903714068632168,8.635239373488451,0.01,0.11451198097424953,0.30748393791384415,5.161096305397122,0.01,0.07621535072928956,0.12989669803404574,11.252184772400053
10.19,74.98666065200001,69.32020464490587,5.666456007094136,-0.2937287615096107,27.66689781970637,0.10723823995846901,2.966949427296115,2.966949427296115,2.966949427296115,0.0,0.0,0,0.01,0.01,0.16299654987611475,0.30512341260679576,54.133752009224,0.01,0.09749660452656266,0.19412472374271506,5.425971635481792,0.01,0.0924416131989315,0.18175252722367455,5.259193998797458,0.01,0.11711779064270456,0.39049915773370036,8.740771124948369,0.01,0.11463812206551162,0.3076116887843277,5.1769766209816135,0.01,0.07627029109926813,0.12995197848734558,11.279089794158542
10.200000000000001,74.79656296296294,69.15016148319229,5.646401479770642,-0.29969925482487697,27.60781437287231,0.10708739422159273,2.9564489013443307,2.9564489013443307,2.9564489013443307,0.0,0.0,0,0.01,0.01,0.16294100115853016,0.30506450465536683,53.95449266511034,0.01,0.09743913166780385,0.19406581579128615,5.414806298720933,0.01,0.09238422832642387,0.18169361927224564,5.247901797822824,0.01,0.11723796294285121,0.3906293511547012,8.848454040477487,0.01,0.11476670586775789,0.3077418822053286,5.1928752198775046,0.01,0.07632624557727567,0.1300082732546931,11.306036696416243
10.21,74.60264909614813,68.97667265286668,5.6259764432814485,-0.3057538864486396,27.547601691260102,0.10693324269247091,2.9457543772470385,2.9457543772470385,2.9457543772470385,0.0,0.0,0,0.01,0.01,0.16288424921890668,0.305004320977848,53.77189937642489,0.01,0.09738041276667074,0.1940056321137673,5.403472489637048,0.01,0.09232559972711253,0.1816334355947268,5.236437875982855,0.01,0.11736045174629392,0.3907620122658201,8.958368638317852,0.01,0.11489775602287167,0.3078745433164474,5.208806942090143,0.01,0.07638322210253674,0.1300655905359716,11.333046220549807
10.22,74.404929536,68.79968979886898,5.605239737131026,-0.31189308643322133,27.486552664903208,0.10677572771954852,2.9348966632967355,2.9348966632967355,2.9348966632967355,0.0,0.0,0,0.01,0.01,0.16282627373554256,0.30494284001013333,53.58593837553462,0.01,0.09732042685818644,0.19394415114605262,5.391966679534812,0.01,0.09226570647222476,0.1815719546270121,5.224798963266201,0.01,0.1174852799009631,0.3908971669985037,9.070579290179433,0.01,0.11503129821574354,0.30800969804913103,5.224774305138403,0.01,0.07644122913123383,0.13012393876331793,11.360116587915279
10.23,74.20341617140741,68.61916573178198,5.5842504396254355,-0.3181124058563558,27.424962651020337,0.10661479215226415,2.92390669282214,2.92390669282214,2.92390669282214,0.0,0.0,0,0.01,0.01,0.16276705450993614,0.30488004042259614,53.39658489183361,0.01,0.09725915292024706,0.19388135155851544,5.380292664425729,0.01,0.09220452760418078,0.1815091550394749,5.212988873463404,0.01,0.11761247054956184,0.39103483990837723,9.18513357112816,0.01,0.1151673579445043,0.3081473709590046,5.240768042758631,0.01,0.07650027468216261,0.13018332566120647,11.387224538867608
10.24,73.99812227792592,68.43505714444883,5.5630651334770835,-0.3244027889700801,27.363115510689518,0.10645038176753976,2.912814092462188,2.912814092462188,2.912814092462188,0.0,0.0,0,0.01,0.01,0.16270657236575256,0.3048159020671747,53.20382549123012,0.01,0.09719657081712811,0.19381721320309397,5.368461230081618,0.01,0.09214204307723962,0.18144501668405347,5.201018176207213,0.01,0.11774204499859554,0.39117505209842085,9.302062375463898,0.01,0.11530595833174136,0.30828758314904825,5.2567681430893245,0.01,0.07656036541467041,0.13024375735016125,11.414327280039046
10.25,73.7890625,68.24732711811943,5.541735381880564,-0.3307510338567823,27.301270604652007,0.10628244753370591,2.9016458606424345,2.9016458606424345,2.9016458606424345,0.0,0.0,0,0.01,0.01,0.1626448099902543,0.3047504068595028,53.007659905016325,0.01,0.09713266219058048,0.19375171799542207,5.356489527656479,0.01,0.09207823464470817,0.18137952147638153,5.1889035895337585,0.01,0.11787402070066733,0.39131781931996984,9.421380738307562,0.01,0.11544711807184872,0.3084303503705972,5.272745309709389,0.01,0.07662150577829892,0.130305237531687,11.441365200793745
10.26,73.57625283318518,68.0559473177718,5.520305515413387,-0.3371404152167101,27.239651266897074,0.10611094762110881,2.8904252087989857,2.8904252087989857,2.8904252087989857,0.0,0.0,0,0.01,0.01,0.1625817526843297,0.30468353956073463,52.80810228715559,0.01,0.09706741126228302,0.1936848506966539,5.344400198643987,0.01,0.09201308665668463,0.18131265417761339,5.176667130651819,0.01,0.118008409436768,0.3914631503275381,9.543089273928043,0.01,0.11559084960031966,0.3085756813781655,5.288662752041955,0.01,0.0766836972689184,0.13036776678702494,11.468265191023027
10.27,73.35971060637038,67.86089979298764,5.498810813382756,-0.3435514373030738,27.1784351952365,0.10593584908223568,2.8791706091338964,2.8791706091338964,2.8791706091338964,0.0,0.0,0,0.01,0.01,0.16251738899221657,0.30461528842909646,52.605181865642564,0.01,0.0970008055163552,0.19361659956501576,5.332220296913329,0.01,0.09194658673727218,0.18124440304597528,5.164335071231843,0.01,0.11814521577336118,0.39161104554977766,9.667176119079924,0.01,0.11573715755806536,0.30872357660040506,5.304478201081216,0.01,0.07674693782020484,0.1304313420161908,11.49494437415443
10.28,73.13945446400001,67.66217832026543,5.477276143734591,-0.34996268093258126,27.117747103987266,0.10575712914040424,2.867895082473204,2.867895082473204,2.867895082473204,0.0,0.0,0,0.01,0.01,0.162451711187975,0.3045456457175957,52.3989429800887,0.01,0.09693283623666336,0.19354695685351497,5.319980061996127,0.01,0.09187872631624423,0.18117476033447447,5.151936749719235,0.01,0.11828443585420054,0.39176149612316413,9.793619255385025,0.01,0.11588603760837622,0.30887402717379153,5.320146042699403,0.01,0.07681122135237693,0.13049595603675654,11.521314062712406
10.290000000000001,72.91550434829628,67.45978924403911,5.455715104257178,-0.35635170599718907,27.05765387943913,0.10557477604416075,2.8566057486022034,2.8566057486022034,2.8566057486022034,0.0,0.0,0,0.01,0.01,0.16238471560243725,0.304474608001443,52.1894445235061,0.01,0.09686349888049836,0.19347591913736228,5.3077116016168615,0.01,0.09180950099699234,0.1811037226183218,5.139503296788539,0.01,0.11842605656973997,0.39191448331795853,9.922389079396552,0.01,0.11603747564669904,0.3090270143685859,5.335619463412306,0.01,0.07687653749250588,0.13056159735430098,11.54728374713347
10.3,72.68788148148147,67.25375179602723,5.434129685454236,-0.3626959699932406,26.998162368350123,0.10538878946375066,2.845303649746207,2.845303649746207,2.845303649746207,0.0,0.0,0,0.01,0.01,0.1623164027814647,0.3044021763262888,51.976758830342305,0.01,0.09679279327756446,0.1934034874622081,5.295447542519321,0.01,0.09173891074994289,0.18103129094316758,5.127066331049497,0.01,0.11857005512854946,0.39206997836837965,10.053451091910574,0.01,0.11619144742481388,0.309182509419007,5.350852511821505,0.01,0.07694287147278525,0.1306282501087183,11.572764941699242
10.31,72.45660834799999,67.04409789496472,5.4125104530352655,-0.36897372372478315,26.939219817649548,0.10519918042561652,2.833983846122259,2.833983846122259,2.833983846122259,0.0,0.0,0,0.01,0.01,0.16224677747359717,0.30432835617604953,51.76097007434829,0.01,0.09672072365079887,0.19332966731196882,5.283219707406362,0.01,0.09166695992819378,0.18095747079292834,5.1146566808853695,0.01,0.11871639903624671,0.3922279427014369,10.186768587542584,0.01,0.11634791859212572,0.30934047375206425,5.365801991505437,0.01,0.07701020420524426,0.13069589419294314,11.597674731443766
10.32,72.22170867674073,66.83087145040845,5.390837226332288,-0.3751648474448301,26.880716874006747,0.10500597080008542,2.822635771157316,2.822635771157316,2.822635771157316,0.0,0.0,0,0.01,0.01,0.16217584845230054,0.3042531572666035,51.5421722582697,0.01,0.09664729846304601,0.19325446840252283,5.271057872180934,0.01,0.09159365710960095,0.18088227188348233,5.102303184708236,0.01,0.11886504646899591,0.3923883285422114,10.322305239698828,0.01,0.11650684513847497,0.3095008595928388,5.380429116563945,0.01,0.07707851252383231,0.1307645055334333,11.621938889325552
10.33,71.98320742325926,66.61412721434864,5.369080208910622,-0.38125159415337473,26.82249294891911,0.10480919237553375,2.8112438234746606,2.8112438234746606,2.8112438234746606,0.0,0.0,0,0.01,0.01,0.16210362818474797,0.3041765931787005,51.3204668919748,0.01,0.09657253010075434,0.19317790431461979,5.258988652254003,0.01,0.09151901477665755,0.1808057077955793,5.090031616707584,0.01,0.1190159470114608,0.3925510798581564,10.460027492618817,0.01,0.11666817420590103,0.3096636109087838,5.394700877806738,0.01,0.07714776957790342,0.13083405651521815,11.64549446110424
10.34,71.741130752,66.39392924207834,5.3472015099216526,-0.3872192114217764,26.76434366212298,0.10460888556869881,2.799788163472352,2.799788163472352,2.799788163472352,0.0,0.0,0,0.01,0.01,0.16203013236515781,0.3040986808497878,51.09596046600327,0.01,0.09649643441238603,0.1930999919857071,5.247034559543858,0.01,0.09144304885199259,0.18072779546666656,5.07786377816519,0.01,0.11916904271396406,0.39271613359177904,10.599906689407325,0.01,0.11683184522185125,0.3098286646424064,5.408591084522518,0.01,0.07721794535514435,0.13090451652871202,11.668291744861712
10.35,71.49550601851853,66.17034903853694,5.325156979981585,-0.39305641877677283,26.706029996709113,0.10440509783485896,2.788245674587093,2.788245674587093,2.788245674587093,0.0,0.0,0,0.01,0.01,0.16195537933594326,0.3040194399498935,50.86876183348765,0.01,0.09641903012489011,0.1930207510858128,5.235213263516062,0.01,0.09136577811293557,0.18064855456677228,5.065816786455761,0.01,0.11932426941109822,0.39288342112033015,10.741920881508708,0.01,0.1169977912939776,0.30999595217095754,5.422081062854089,0.01,0.07728900730714165,0.13097585261101022,11.690295621302202
10.36,71.24636175170372,65.94346347763567,5.3028982740680375,-0.3987557241385837,26.647288736122373,0.10419788185281612,2.776591043424357,2.776591043424357,2.776591043424357,0.0,0.0,0,0.01,0.01,0.16187938942410915,0.3039388921710126,50.63897961459497,0.01,0.09634033816618569,0.19294020330693193,5.223537080330392,0.01,0.0912872235131455,0.18056800678789142,5.053902584770987,0.01,0.11948155823459336,0.39305286987324467,10.886056280112578,0.01,0.11716594079733736,0.310165400923872,5.435160006455959,0.01,0.0773609210472371,0.1310480301511781,11.711486218416423
10.370000000000001,70.99372763599999,65.71335258950563,5.280375046494362,-0.4043135698229073,26.587843708495697,0.10398729356757931,2.7647979090442587,2.7647979090442587,2.7647979090442587,0.0,0.0,0,0.01,0.01,0.1618021842233191,0.303857060462473,50.40671973418431,0.01,0.09626038092496525,0.1928583715983923,5.212012704332535,0.01,0.09120740744262057,0.1804861750793518,5.042127686227163,0.01,0.11964083724714614,0.3932244050332938,11.032308323316984,0.01,0.1173362190787923,0.31033693608392116,5.447824988041455,0.01,0.07743365108818356,0.13112101362721984,11.731858919902894
10.38,70.73763449362961,65.48009731394058,5.2575371796890344,-0.4097303059165081,26.527417339105533,0.10377339017807806,2.752840029947712,2.752840029947712,2.752840029947712,0.0,0.0,0,0.01,0.01,0.16172378585373606,0.3037739682463976,50.17208319529426,0.01,0.096179181481139,0.19277527938231687,5.200641186109629,0.01,0.09112635295937407,0.18040308286327633,5.0304931561689346,0.01,0.11980203312126511,0.3933979512458737,11.180682344653738,0.01,0.11750855020081488,0.310510482296501,5.460080651480696,0.01,0.07750716158643406,0.13119476734201,11.751423749750721
10.39,70.4781142668148,65.24377731745882,5.234336949355981,-0.41500999613328404,26.46574200801324,0.1035562281579676,2.7406924177517267,2.7406924177517267,2.7406924177517267,0.0,0.0,0,0.01,0.01,0.1616442162320616,0.3036896386475741,49.9351641788711,0.01,0.09609676284083078,0.19269094978349335,5.189418151320252,0.01,0.09104408302660853,0.18031875326445285,5.0189948269612,0.01,0.11996507278794166,0.3935734342625625,11.33119383929245,0.01,0.11768285864775056,0.3106859653131899,5.471938613566304,0.01,0.07758141706066549,0.13126925612648255,11.770204185941203
10.4,70.2152,65.0044689664668,5.210731033533195,-0.4201600682564081,26.402570727224035,0.10333586139461867,2.7283323891300393,2.7283323891300393,2.7283323891300393,0.0,0.0,0,0.01,0.01,0.1615634963831503,0.30360409377079434,49.696048544240284,0.01,0.09601314720899234,0.19260540490671366,5.178334244993937,0.01,0.09096061978834097,0.18023320838767315,5.00762373022387,0.01,0.12012988498393763,0.39375078244990425,11.483868334400578,0.01,0.11785907092169144,0.3108633135005316,5.483416612420802,0.01,0.07765638305427727,0.13134444598072073,11.788235474126743
10.41,69.94892582207407,64.76224354022398,5.1866822818501,-0.425190827681176,26.337686689183872,0.10311233952484443,2.715740492194103,2.715740492194103,2.715740492194103,0.0,0.0,0,0.01,0.01,0.161481645822223,0.303517354056089,49.45481278557063,0.01,0.09592835533047057,0.19251866519200825,5.167375777072807,0.01,0.09087598391416547,0.18014646867296774,4.996366723021973,0.01,0.120296401633388,0.3939299281020626,11.638740880163871,0.01,0.11803711696221868,0.31104245915268997,5.4945374460930125,0.01,0.07773202671499353,0.13142030462715332,11.805562527145618
10.42,69.67932692859259,64.51716575510324,5.162161173489352,-0.4301148581192765,26.270911294481245,0.10288570653610724,2.7029012698801025,2.7029012698801025,2.7029012698801025,0.0,0.0,0,0.01,0.01,0.1613986820331337,0.3034294377383866,49.211523478715606,0.01,0.09584240592684476,0.19243074887430586,5.156525537339763,0.01,0.09079019404029856,0.18005855235526536,4.98520727699711,0.01,0.12046455900884413,0.3941108085061616,11.795855188276546,0.01,0.11821693133396899,0.31122333955678894,5.5053277501691245,0.01,0.07780831726915294,0.1314968019546629,11.822237508651849
10.43,69.40643956400001,64.2692926565744,5.1371469074256195,-0.43494633796889687,26.202110338778738,0.10265599968929877,2.689803830796642,2.689803830796642,2.689803830796642,0.0,0.0,0,0.01,0.01,0.16131462006353947,0.3033403604331329,48.96623723003514,0.01,0.09575531525171037,0.19234167156905219,5.145763741217235,0.01,0.09070326632939131,0.17996947505001168,4.974126393178004,0.01,0.12063429862835298,0.39429336672129484,11.955262455003192,0.01,0.11839845413779686,0.3114058977719222,5.515816667284413,0.01,0.07788522637357692,0.1315739103378197,11.838317208050762
10.44,69.13030100385187,64.01867291809894,5.111628085752932,-0.4397003040036477,26.131198124059114,0.10242324880426737,2.6764422070141114,2.6764422070141114,2.6764422070141114,0.0,0.0,0,0.01,0.01,0.16122947225237408,0.3032501348635507,48.719001116234686,0.01,0.09566709678152957,0.19225144599947,5.135069063235441,0.01,0.09061521416602698,0.1798792494804295,4.963103600602825,0.01,0.12080556785812907,0.39447755204579205,12.117019916229943,0.01,0.1185816316146788,0.31159008309641945,5.526034464058137,0.01,0.0779627283338142,0.13165160482142876,11.853860319770202
10.450000000000001,68.850949537037,63.76534656749189,5.085602969545102,-0.44439189575242916,26.058139353451466,0.10218747593274312,2.662815488032888,2.662815488032888,2.662815488032888,0.0,0.0,0,0.01,0.01,0.16114324809898362,0.3031587707387585,48.469853582396695,0.01,0.09557776105294646,0.19216008187467779,5.124419711766591,0.01,0.09052604799859772,0.17978788535563728,4.952117993907173,0.01,0.12097832020425284,0.39466332016174327,12.28118919142143,0.01,0.11876641642584072,0.3117758512123706,5.536011152056144,0.01,0.07804080018379585,0.1317298631668294,11.868924741474176
10.46,68.56842444799997,63.5093451421201,5.0590793058798855,-0.44903561416617305,25.982948767971024,0.10194869542592917,2.6489277302133996,2.6489277302133996,2.6489277302133996,0.0,0.0,0,0.01,0.01,0.1610559542769196,0.3030662747851947,48.21882574518089,0.01,0.09548731565085751,0.192067585921114,5.113794497641303,0.01,0.09043577533165298,0.17969538940207352,4.941149264104689,0.01,0.12115251529101347,0.39485063296034906,12.447834481604113,0.01,0.11895276760724952,0.31196316401097646,5.545775168638678,0.01,0.07811942162822116,0.1318086657626423,11.883565003630807
10.47,68.28276599896296,63.25069225542103,5.032073743541927,-0.45364462690036056,25.905688583027125,0.10170691438656296,2.634787650838901,2.634787650838901,2.634787650838901,0.0,0.0,0,0.01,0.01,0.1609675947889798,0.3029726509270087,47.96594303108725,0.01,0.09539576534482971,0.191973962062928,5.103173850115238,0.01,0.09034440086612937,0.17960176554388746,4.930178677658124,0.01,0.12132811853741265,0.3950394580657406,12.61702069246248,0.01,0.11914065021097626,0.312151989116368,5.55535217070952,0.01,0.07819857485505645,0.13188799540863166,11.897829935679681
10.48,67.99401541214814,62.9894045394759,5.004610872672251,-0.45823014986187494,25.82646387810013,0.10146213347848725,2.620408125277125,2.620408125277125,2.620408125277125,0.0,0.0,0,0.01,0.01,0.16087817125393192,0.3028779006045928,47.71122706570605,0.01,0.09530311236496682,0.1918792117405121,5.092540736753909,0.01,0.09025192677840208,0.17950701522147156,4.919189962010851,0.01,0.12150510055638028,0.39522976808787436,12.788811556850137,0.01,0.11933003465940102,0.3123422991385017,5.5647639894417065,0.01,0.07827824423110256,0.13196783698678458,11.911760662959303
10.49,67.70221485200001,62.7254929125203,4.976721939479704,-0.46280093071912914,25.745416180326973,0.10121434805143903,2.6058055140047642,2.6058055140047642,2.6058055140047642,0.0,0.0,0,0.01,0.01,0.16078768330971424,0.302782023214515,47.454697720387784,0.01,0.09520935680232576,0.1917833343504343,5.0818814485839745,0.01,0.09015835312312945,0.17941113783139379,4.908170060369705,0.01,0.12168343631289487,0.3954215396464007,12.963267830807311,0.01,0.11952089585024223,0.31253407069702804,5.574027786803883,0.01,0.07835841589844372,0.13204817703836969,11.925389012613424
10.5,67.40740740740742,62.45896410699913,4.948443300408286,-0.46736285505816455,25.662715558113895,0.10096354952553632,2.5909988532113837,2.5909988532113837,2.5909988532113837,0.0,0.0,0,0.01,0.01,0.16069612911302567,0.3026850166490351,47.19637521769235,0.01,0.09511449711373655,0.19168632778495437,5.071186218556201,0.01,0.09006367833964822,0.17931413126591386,4.897109725088079,0.01,0.12186310408698435,0.39561475221656484,13.140445633398265,0.01,0.11971321206046431,0.3127272832671922,5.583155445546137,0.01,0.07843907729352861,0.1321290032694383,11.93873638757766
10.51,67.10963707392594,62.18982238360368,4.919814690322259,-0.4719186900339353,25.57855160114599,0.10070972696936625,2.5760089480232584,2.5760089480232584,2.5760089480232584,0.0,0.0,0,0.01,0.01,0.16060350591130387,0.30258687790935246,46.93628219633975,0.01,0.09501853070660408,0.19158818904527178,5.060449649281314,0.01,0.08996789983744174,0.17921599252623127,4.8860039266483675,0.01,0.12204408429511851,0.39580938685486117,13.32039499341779,0.01,0.11990696370485573,0.3129219179054885,5.592153213419359,0.01,0.07852021661350474,0.13221030400982536,11.951813145501303
10.52,66.80894873600002,61.918071350060295,4.890877385939722,-0.4764679739959554,25.493123705872176,0.10045286879808966,2.560857410879447,2.560857410879447,2.560857410879447,0.0,0.0,0,0.01,0.01,0.1605098106602933,0.3024876037639107,46.67444564081544,0.01,0.0949214545761403,0.19148891489982997,5.04967093505891,0.01,0.0898710146331146,0.17911671838078946,4.874852063996259,0.01,0.12222635822850848,0.3960054248660907,13.503158655573417,0.01,0.12010213201017972,0.3131179559167181,5.601021610429111,0.01,0.07860182225612453,0.1322920676521109,11.964618495638817
10.53,66.50538814918521,61.64371580048824,4.861672348696969,-0.4810070539592749,25.4066311091755,0.10019296451383979,2.5455656891378386,2.5455656891378386,2.5455656891378386,0.0,0.0,0,0.01,0.01,0.1604150406588392,0.3023871914215646,46.41089858876204,0.01,0.09482326596561197,0.1913885025574839,5.038853872666906,0.01,0.08977302000948531,0.17901630603844337,4.8636579711381245,0.01,0.12240990676911849,0.3962028464745576,13.688771185955424,0.01,0.12029869766810362,0.313315377525185,5.609755595530602,0.01,0.07868388226002038,0.13237428209718077,11.977140902402711
10.540000000000001,66.19900192237034,61.3667634919631,4.832238430407251,-0.48552926624358034,25.319263116807516,0.0999300064100486,2.530154125560282,2.530154125560282,2.530154125560282,0.0,0.0,0,0.01,0.01,0.1603191941722488,0.3022856391892602,46.14568154175536,0.01,0.09472396301965016,0.19128695032517948,5.028006665092349,0.01,0.0896739141669098,0.17891475380613897,4.8524297242709,0.01,0.12259470914371608,0.3964016295604017,13.877258402201546,0.01,0.12049663952956224,0.3135141606110291,5.618344977015351,0.01,0.07876638377140906,0.1324569342320051,11.989358961256206
10.55,65.88983749999997,61.08722677939225,4.802610720607711,-0.4900252494015053,25.231189957506285,0.09966399116413274,2.5146410929854612,2.5146410929854612,2.5146410929854612,0.0,0.0,0,0.01,0.01,0.16022227101652906,0.3021829470850467,45.87884351991538,0.01,0.09462354540145645,0.19118425822096605,5.017141531540481,0.01,0.08957369683777368,0.17881206170192554,4.841179262504594,0.01,0.12278074177310001,0.3966017485176558,14.068637138811157,0.01,0.12069593339986967,0.3137142795682831,5.626775039853579,0.01,0.0788493125613991,0.13254000946310787,12.001242691477225
10.56,65.57794314429628,60.805124037656526,4.772819106639759,-0.49448337296230205,25.142554659581418,0.09939492124903865,2.4990422403887447,2.4990422403887447,2.4990422403887447,0.0,0.0,0,0.01,0.01,0.1601242730779784,0.3020791173796802,45.61044271853287,0.01,0.09452201484679779,0.1910804285155995,5.006274145504338,0.01,0.08947236983717928,0.178708231996559,4.8299218433984965,0.01,0.12296797726794183,0.396803173283787,14.262915343472871,0.01,0.12089655098797016,0.3139157043344144,5.6350273538322995,0.01,0.07893265261514464,0.13262349132605905,12.012755172970811
10.57,65.26336791748147,60.520480810786594,4.742887106694876,-0.49889026075459514,25.053466295957037,0.09912280610316765,2.483369881866395,2.483369881866395,2.483369881866395,0.0,0.0,0,0.01,0.01,0.16002520474586307,0.30197415504364455,45.34054674362094,0.01,0.09441937563090008,0.19097546617956385,4.995422929848808,0.01,0.08936993752609582,0.17860326966052334,4.818675361384283,0.01,0.12315638361475273,0.3970058685816051,14.460092486863823,0.01,0.12109845905501004,0.3141183996322324,5.643080719242189,0.01,0.07901638581027516,0.1327073611873483,12.023854441004039
10.58,64.94616166399999,60.23333064119033,4.712831022809664,-0.5032313838249588,24.963994878684094,0.09884766300973111,2.4676325531448184,2.4676325531448184,2.4676325531448184,0.0,0.0,0,0.01,0.01,0.15992507324008373,0.301868068080946,45.06923242288528,0.01,0.09431563492856677,0.1908693792168653,4.984608243564421,0.01,0.08926640716747479,0.1784971826978248,4.807459562598139,0.01,0.12334592358575466,0.39720979340392604,14.660160256683524,0.01,0.12130161879734379,0.31432232445455344,5.650912202259855,0.01,0.07910049169752223,0.13279159805039337,12.034495544497556
10.59,64.62637499274076,59.9437155470108,4.682659445729962,-0.5074916953733152,24.874168107745994,0.09856951765009975,2.451834752328017,2.451834752328017,2.451834752328017,0.0,0.0,0,0.01,0.01,0.15982388882064869,0.3017608677363155,44.79658520779653,0.01,0.09421080305287044,0.19076217887223476,4.973851498811512,0.01,0.089161789160863,0.17838998235319425,4.796295193425385,0.01,0.12353655439536498,0.39741490075977726,14.863103497284731,0.01,0.12150598548763782,0.31452743181040466,5.658498210191627,0.01,0.07918494739148388,0.13287617847241784,12.044632669831243
10.6,64.30405925925928,59.651686131888106,4.652373127371175,-0.5116562787671737,24.783970094988348,0.09828840431059763,2.4359768731179754,2.4359768731179754,2.4359768731179754,0.0,0.0,0,0.01,0.01,0.15972166487118586,0.3016525685682448,44.52269820041293,0.01,0.0941048935633611,0.1906538797041641,4.963174248997746,0.01,0.08905609714664077,0.17828168318512358,4.785203122057101,0.01,0.12372822761414795,0.3976211376887471,15.068901348937294,0.01,0.12171150838546423,0.3147336687393744,5.665815557380912,0.01,0.07926972757424856,0.1329610765937384,12.054221233698632
10.61,63.97926654800002,59.35730132800329,4.62196521999673,-0.515710979608713,24.69334209582922,0.09800436573779799,2.4200553300482097,2.4200553300482097,2.4200553300482097,0.0,0.0,0,0.01,0.01,0.15961841785441458,0.3015431883863339,44.247670855033824,0.01,0.09399792324065599,0.19054449952225325,4.952597288974685,0.01,0.08894934797692713,0.17817230300321274,4.774203472618653,0.01,0.12392088933900343,0.39782844553787394,15.277528535835465,0.01,0.12191813091625205,0.3149409765885013,5.672842475443827,0.01,0.0793548046093887,0.13304626427586372,12.063219854033974
10.620000000000001,63.65204965451848,59.06062778957696,4.591421864941518,-0.5196429939949482,24.602185192801393,0.09771745265302963,2.4040628667386366,2.4040628667386366,2.4040628667386366,0.0,0.0,0,0.01,0.01,0.1595141671432056,0.3014327480574668,43.97160741818135,0.01,0.09388991193026366,0.19043405919338607,4.942139806826616,0.01,0.08884156155616536,0.17806186267434557,4.763314809839671,0.01,0.12411448060662333,0.39803676048377534,15.488956748956815,0.01,0.12212579110527225,0.3151492915344027,5.679559526323982,0.01,0.07944014875886236,0.13313171133995744,12.071592117641055
10.63,63.322462067703675,58.76173896927905,4.560723098424623,-0.5234413874657435,24.51036478969013,0.09742772295182159,2.3879890301780127,2.3879890301780127,2.3879890301780127,0.0,0.0,0,0.01,0.01,0.15940893473634596,0.30132127119111485,43.69461518122654,0.01,0.09378088226428785,0.19032258232703417,4.931818623673744,0.01,0.08873276056017233,0.17795038580799366,4.752553409243711,0.01,0.12430893802638524,0.39824601427203343,15.703156068653273,0.01,0.12233442224202098,0.31535854532266083,5.68595038292149,0.01,0.07952572849085462,0.13321738589286258,12.079308075226699
10.64,62.990557951999975,58.460713923630024,4.529844028369954,-0.5270975225641362,24.417716696609478,0.0971352406277657,2.371820786905774,2.371820786905774,2.371820786905774,0.0,0.0,0,0.01,0.01,0.15930274487314727,0.30120878371933296,43.41680262717053,0.01,0.09367085927500633,0.19021009485525225,4.921647553204855,0.01,0.08862297004775696,0.17783789833621172,4.741932643261092,0.01,0.12450419459935427,0.3984561351366528,15.920096372235216,0.01,0.12254395374043638,0.31556866618728013,5.692002449361724,0.01,0.07961151086273784,0.13330325472421434,12.08634540925559
10.65,62.6563921296296,58.15763590487075,4.49875622475885,-0.5306053772835054,24.324054518111616,0.0968400744721662,2.3555432509989593,2.3555432509989593,2.3555432509989593,0.0,0.0,0,0.01,0.01,0.15919562356539102,0.30109531339153844,43.138277556361814,0.01,0.09355986991899481,0.19009662452745774,4.9116369068310775,0.01,0.08851221698365522,0.17772442800841723,4.731462508036372,0.01,0.12470018068232738,0.3986670488550446,16.139748673505107,0.01,0.12275431215225646,0.31577957990567196,5.697707300861368,0.01,0.07969746196029663,0.13338928375532624,12.092690235696773
10.66,62.32002006281482,57.85259080546919,4.467429257345627,-0.5339617417533093,24.22917800121018,0.096542296610366,2.3391404892181877,2.3391404892181877,2.3391404892181877,0.0,0.0,0,0.01,0.01,0.15908759806859574,0.3009808892077659,42.859145275770814,0.01,0.0934479425342679,0.1899822003436852,4.901793163558109,0.01,0.08840052969529595,0.1776100038246447,4.721149309099846,0.01,0.12489682505019693,0.3988786798887914,16.362086344208365,0.01,0.12296542228483502,0.31599121093941873,5.7030609312741,0.01,0.0797835473722655,0.1334754385186404,12.098337517422259
10.67,61.98149783600001,57.54566552707252,4.435832308927491,-0.5371662860965594,24.132881960359093,0.09624198094238925,2.3225963657138093,2.3225963657138093,2.3225963657138093,0.0,0.0,0,0.01,0.01,0.1589786963170763,0.300865540816602,42.579506932157436,0.01,0.09333510625567375,0.1898668519525213,4.892118816212857,0.01,0.08828793728863926,0.17749465543348078,4.710995516936487,0.01,0.12509405600653178,0.399090952557577,16.587086171621742,0.01,0.12317720837109458,0.3162034836082044,5.708063804480877,0.01,0.07986973267813792,0.13356168464564208,12.103291083521786
10.68,61.64088213807407,57.23694634807963,4.403935789994441,-0.5402214982324797,24.034965373683473,0.09593920155921684,2.3058953874546164,2.3058953874546164,2.3058953874546164,0.0,0.0,0,0.01,0.01,0.1588689463486392,0.30074929790533,42.29945806172276,0.01,0.09322139041539307,0.1897506090412493,4.8826123978363976,0.01,0.08817446904990736,0.1773784125222088,4.700999795876349,0.01,0.12529180249127264,0.3993037921932394,16.814729212055102,0.01,0.12338959523812705,0.3164163232438668,5.7127207135418026,0.01,0.07995598392715363,0.1336479883412811,12.107563264931622
10.69,61.298230244592624,56.92651736302822,4.371712881564407,-0.5431324962391196,23.935240240081292,0.09563403120647601,2.2890235120544347,2.2890235120544347,2.2890235120544347,0.0,0.0,0,0.01,0.01,0.15875837574496166,0.30063218960989285,42.01908741795973,0.01,0.09310682395578564,0.18963350074581214,4.873268684199469,0.01,0.08806015386038527,0.1772613042267716,4.691157202220796,0.01,0.12548999513579398,0.3995171262228826,17.045001406994825,0.01,0.12360250942224042,0.31662965727351,5.717040458889527,0.01,0.08004226808732956,0.1337343168240846,12.111174172073024
10.700000000000001,60.95359999999997,56.614459062738234,4.339140937261737,-0.5459067254737023,23.833539800426593,0.09532653986454982,2.2719688818987005,2.2719688818987005,2.2719688818987005,0.0,0.0,0,0.01,0.01,0.15864701111273485,0.30051424397112025,41.73847612571555,0.01,0.09299143488099204,0.18951555510703952,4.864079060841805,0.01,0.08794501965060232,0.177143358587999,4.681459540238104,0.01,0.1256885672191792,0.39973088513424615,17.277893936820114,0.01,0.12381588018188223,0.31684341618487355,5.721035363502547,0.01,0.08012855344530398,0.13382063871321606,12.11415065412718
10.71,60.60704979985183,56.30084711684734,4.306202683004481,-0.5485535557240206,23.729725757413114,0.09501679350823874,2.254722452299256,2.254722452299256,2.254722452299256,0.0,0.0,0,0.01,0.01,0.1585348776285601,0.30039548746131184,41.457697193677824,0.01,0.09287524977167387,0.1893967985972311,4.855032035941831,0.01,0.0878290929181533,0.1770246020781906,4.6718958578633965,0.01,0.12588745548516433,0.399945003282845,17.513403296624194,0.01,0.12402964036562387,0.3170575343334724,5.724720648992195,0.01,0.08021480994050245,0.1339069243466189,12.116524991556995
10.72,60.258638573037004,55.985751410370014,4.272887162666987,-0.551083798004796,23.623694176160132,0.09470485310040438,2.237278486642124,2.237278486642124,2.237278486642124,0.0,0.0,0,0.01,0.01,0.15842199866746645,0.3002759446018419,41.17681540057006,0.01,0.09275829338416182,0.18927725573776125,4.846113874182132,0.01,0.08771239833028369,0.17690505921872074,4.66245305807204,0.01,0.1260866007865285,0.40015941950843426,17.751531089219192,0.01,0.12424372709995382,0.3172719505590616,5.728113701623831,0.01,0.08030100942056086,0.13399314601793455,12.118333383989237
10.73,59.90842576399999,55.66923537369123,4.2391903903087655,-0.5535091640242519,23.515379809447083,0.09439077386290086,2.2196348978937444,2.2196348978937444,2.2196348978937444,0.0,0.0,0,0.01,0.01,0.15830839553092532,0.3001556376881064,40.89588755255451,0.01,0.09264058835122511,0.18915694882402567,4.837309321655799,0.01,0.08759495842829217,0.17678475230498517,4.6531165969668455,0.01,0.1262859485323708,0.4003740775377277,17.992283541787643,0.01,0.12445808227062091,0.3174866085883551,5.731233261351391,0.01,0.08038712580888442,0.13407927812391726,12.119614302856473
10.74,59.55647131496295,55.35135563153698,4.20511568342597,-0.5558416936764885,23.404758664499678,0.09407460485506823,2.2017934230910416,2.2017934230910416,2.2017934230910416,0.0,0.0,0,0.01,0.01,0.1581940872855444,0.300034586633075,40.614963092177305,0.01,0.09252215499686434,0.18903589776899427,4.8286023881332305,0.01,0.08747679344598444,0.17666370124995376,4.64387123615753,0.01,0.12648544892329858,0.40058892616055575,18.23567076420471,0.01,0.12467265278125426,0.3177014572111831,5.7340985698080695,0.01,0.0804731351794862,0.1341652972183964,12.120406783480963
10.75,59.202835648148145,55.03216198160387,4.170673666544281,-0.55809317706448,23.291848709286793,0.09375638887573391,2.1837596252226534,2.1837596252226534,2.1837596252226534,0.0,0.0,0,0.01,0.01,0.1580790907184633,0.2999128089351783,40.33408502286214,0.01,0.09240301127219405,0.1889141200710976,4.819977150669475,0.01,0.08735792124907703,0.17654192355205708,4.6347018147170465,0.01,0.12668505696959834,0.4008039191772924,18.48170577835944,0.01,0.12488739058349024,0.3179164502279198,5.736728514723276,0.01,0.08055901573863433,0.1342511819732432,12.120748732931922
10.76,58.847579648000014,54.7116976983622,4.135881949637811,-0.5602745974814883,23.1767087015446,0.09343616268970673,2.165542724849463,2.165542724849463,2.165542724849463,0.0,0.0,0,0.01,0.01,0.15796342041007325,0.299790319770505,40.053291098807016,0.01,0.09228317281386289,0.1887916309064243,4.811418541933129,0.01,0.08723835739683716,0.17641943438738383,4.625594005582023,0.01,0.12688473229751662,0.4010190151259285,18.730403358162178,0.01,0.1251022524833797,0.31813154617655587,5.739140808239947,0.01,0.08064474771713585,0.13433691305108472,12.120675328801957
10.77,58.49076464340742,54.39000014277403,4.100764500633389,-0.5623956204902681,23.059435209304127,0.09311395756485258,2.1471552715486117,2.1471552715486117,2.1471552715486117,0.0,0.0,0,0.01,0.01,0.15784708891930382,0.2996671322035798,39.772615218317476,0.01,0.09216265312082231,0.18866844333949911,4.802913087625751,0.01,0.0871181153216251,0.1762962468204586,4.616535022163349,0.01,0.1270844387583818,0.4012341768071164,18.9817787286831,0.01,0.12531719973895225,0.31834670785774377,5.741351235049298,0.01,0.08073031318110714,0.13442247289847148,12.120217579210571
10.78,58.13245238992595,54.067101644960296,4.065350744965654,-0.5644641518111533,22.940157973593756,0.09278980009169417,2.1286126724416485,2.1286126724416485,2.1286126724416485,0.0,0.0,0,0.01,0.01,0.15773010707160248,0.2995432575055988,39.49208894997893,0.01,0.09204146383986105,0.18854456864151808,4.7944495599543036,0.01,0.08699720661662982,0.1761723721224776,4.607514243575873,0.01,0.1272841438640278,0.4014493706344314,19.235846179585486,0.01,0.1255321974730373,0.3185619016850588,5.743373003042121,0.01,0.08081569577264087,0.13450784547167366,12.119401106661659
10.790000000000001,57.77270505199997,53.743030614829046,4.0296744371709305,-0.5664859832874125,22.819033838472134,0.09246371324473812,2.109932601362463,2.109932601362463,2.109932601362463,0.0,0.0,0,0.01,0.01,0.15761248433511443,0.29941870556416683,39.21174311615864,0.01,0.09191961514541382,0.18842001670008615,4.786019518350798,0.01,0.08687564141720971,0.17604782018104564,4.59852373092697,0.01,0.12748381807946116,0.40166456584457255,19.492617652044007,0.01,0.12574721393338065,0.3187770968951999,5.745216224427648,0.01,0.08090088039473181,0.1345930159100996,12.118245207417921
10.8,57.411585185185146,53.417812825869724,3.9937723593154275,-0.5684645419121053,22.69623953723773,0.09213571763397026,2.091134317355887,2.091134317355887,2.091134317355887,0.0,0.0,0,0.01,0.01,0.1574942292666595,0.2992934853645226,38.931609356586414,0.01,0.09179711619495716,0.1882947965004419,4.777617714007699,0.01,0.08675342885708433,0.17592259998140142,4.5895586123794185,0.01,0.1276834340096181,0.40187973360796003,19.75210135964346,0.01,0.12596221963841966,0.31899226465858743,5.746887549139296,0.01,0.08098585285703828,0.1346779701743834,12.116762224721802
10.81,57.04915571837036,53.09147281014828,3.9576829082220737,-0.570400751984209,22.57196367369866,0.09180583288666234,2.0722379249513923,2.0722379249513923,2.0722379249513923,0.0,0.0,0,0.01,0.01,0.157375350006074,0.2991676055191431,38.65172159740763,0.01,0.09167397563800615,0.1881689166550624,4.769242341472794,0.01,0.08663057757735954,0.17579672013602193,4.580617321078349,0.01,0.12788296552115969,0.40209484608393437,20.01430050208058,0.01,0.12617718645152992,0.3192073771345617,5.7483899650497365,0.01,0.08107059950045474,0.13476269466740431,12.114957259217855
10.82,56.68547993599999,52.76403529830167,3.921444637698327,-0.5722930151498654,22.44639827159963,0.09147407909416168,2.0532636108753586,2.0532636108753586,2.0532636108753586,0.0,0.0,0,0.01,0.01,0.15725585479546894,0.29904107482061265,38.37211735662129,0.01,0.09155020215446998,0.18804238595653194,4.760895127713421,0.01,0.08650709626414829,0.17567018943749144,4.571701676988209,0.01,0.12808238684237874,0.40230987546639096,20.279212126026344,0.01,0.1263920866289582,0.3194224065170183,5.74972277156453,0.01,0.08115510681899864,0.134847175856828,12.112828223553466
10.83,56.3206214602963,52.43552663717662,3.885094823119679,-0.5741373076274251,22.319730282267518,0.09114047825590887,2.0342308924687535,2.0342308924687535,2.0342308924687535,0.0,0.0,0,0.01,0.01,0.1571357524990365,0.29891390279181185,38.09283882600504,0.01,0.09142580499700402,0.18791521392773117,4.752581256824411,0.01,0.0863829941894643,0.17554301740869066,4.562816811112893,0.01,0.12828167168439156,0.40252479306516514,20.546826180541043,0.01,0.12660689188694194,0.3196373241157925,5.750881724789049,0.01,0.08123936109717375,0.1349313999172191,12.110366231757316
10.84,55.95464423348149,52.10597611970357,3.8486681137779217,-0.5759273885652091,22.19213343962709,0.0908050556536396,2.015157912058334,2.015157912058334,2.015157912058334,0.0,0.0,0,0.01,0.01,0.15701505309924324,0.29878610020785235,37.813933681197426,0.01,0.09130079451205256,0.18778741134377164,4.744309136185585,0.01,0.0862582817301564,0.1754152148247311,4.553970937892965,0.01,0.12848079242487834,0.40273956846587716,20.81712480547967,0.01,0.12682157253169432,0.3198520995165045,5.7518593443853705,0.01,0.08132334807979046,0.13501535240840204,12.10755629849366
10.85,55.58761250000002,51.775417166505115,3.8121953334949055,-0.5776551084811823,22.063760833183217,0.09046784109250619,1.9960608089594811,1.9960608089594813,1.9960608089594811,0.0,0.0,0,0.01,0.01,0.15689376814656222,0.2986576795657221,37.535455585356054,0.01,0.09117518261549672,0.1876589907016414,4.736090017154559,0.01,0.08613297084090192,0.1752867941826009,4.545174988550596,0.01,0.12867971939184647,0.40295416880641455,21.09008188069407,0.01,0.12703609669213228,0.3200666998570419,5.752645364628618,0.01,0.08140705268927834,0.1350990180046261,12.104378308842882
10.86,55.21959078874076,51.44388830634841,3.775702482392352,-0.5793108023058362,21.93473853434406,0.09012886995250488,1.9769531968040932,1.9769531968040932,1.9769531968040932,0.0,0.0,0,0.01,0.01,0.15677191114224706,0.29852865548023816,37.25746436689629,0.01,0.09104898320113868,0.18752996661615745,4.727937489937325,0.01,0.0860070754596176,0.17515777009711692,4.536442124402195,0.01,0.12887842027942906,0.40316855820203035,21.365662852458424,0.01,0.12725042968964456,0.3202810892526577,5.753227305765376,0.01,0.08149045880292387,0.13518238028634455,12.100808207596932
10.870000000000001,54.850643895259225,51.11143391247729,3.739209982781936,-0.5808837478854098,21.805160561314963,0.08978818400278221,1.9578457686895578,1.9578457686895578,1.9578457686895578,0.0,0.0,0,0.01,0.01,0.15664949783691676,0.298399044988489,36.98002586750683,0.01,0.09092221246354867,0.18740035612440828,4.719866877806118,0.01,0.085880611826962,0.17502815960536777,4.5277871544262345,0.01,0.1290768597208768,0.4033826973434721,21.643824841630494,0.01,0.12746453357212648,0.3204952283940995,5.753591136609949,0.01,0.08157354909934142,0.13526542160318233,12.096819347965694
10.88,54.48083686399997,50.778104663622216,3.70273220037775,-0.5823626680560796,21.675085405080367,0.08944583194268602,1.938746046486185,1.938746046486185,1.938746046486185,0.0,0.0,0,0.01,0.01,0.1565265464317498,0.2982688677493232,36.70321147231214,0.01,0.09079488912091832,0.1872701788852425,4.711894560036452,0.01,0.08575359870573053,0.174897982366202,4.5192258853354375,0.01,0.12927499903600811,0.40359654328402117,21.9245170263144,0.01,0.1276783668313026,0.32070907433464857,5.753721995845702,0.01,0.08165630497999922,0.13534812301310775,12.092383933637768
10.89,54.1102349705185,50.44395771152405,3.6662772589944503,-0.5837362526818008,21.544534266610874,0.08910186964628031,1.9196582838133813,1.9196582838133813,1.9196582838133813,0.0,0.0,0,0.01,0.01,0.15640307767368292,0.2981381461293907,36.42709734865283,0.01,0.09066703452830367,0.18713945726530998,4.704037255739899,0.01,0.08562605749068905,0.17476726074626947,4.510774435074622,0.01,0.12947279616183546,0.40381004942221554,22.207681280666378,0.01,0.12789188431342258,0.32092258047284294,5.753604937684267,0.01,0.08173870656794459,0.1354304642991173,12.087474485779675
10.9,53.738903703703684,50.109056550518254,3.629847153185433,-0.5849936764226752,21.413491076659106,0.0887563601008766,1.9005835250168635,1.9005835250168635,1.9005835250168635,0.0,0.0,0,0.01,0.01,0.15627911484096516,0.2980069051725437,36.15176343329757,0.01,0.09053867267678614,0.18700821630846295,4.6963113019878415,0.01,0.08549801220453178,0.17463601978942245,4.5024485417351565,0.01,0.12967020576630633,0.40402316567779395,22.493253041261962,0.01,0.12810503732417775,0.32113569672842135,5.7532256674740445,0.01,0.08182073278218349,0.13551242406106317,12.082065267313375
10.91,53.36690874799999,49.77347059847267,3.5934381495273278,-0.5861250884822262,21.281904287885673,0.0884093730442978,1.8815198152807255,1.8815198152807255,1.8815198152807255,0.0,0.0,0,0.01,0.01,0.15615468362049786,0.29787517245480943,35.87729221907965,0.01,0.09040983007938547,0.1868764835907287,4.688731959346977,0.01,0.085369489380945,0.1745042870716882,4.494262899596751,0.01,0.12986717953650048,0.4042358388494568,22.781162363486096,0.01,0.12831777391959398,0.3213483699000842,5.752571234370686,0.01,0.08190236148264182,0.13559397987677274,12.076133600666235
10.92,52.99431596562962,49.43727451153571,3.557041454093904,-0.5871220521367009,21.149690348221803,0.08806098431944895,1.8624625501159608,1.862462550115961,1.8624625501159608,0.0,0.0,0,0.01,0.01,0.15602981188336612,0.2977429778324052,35.603767400445165,0.01,0.09028053554978693,0.1867442889683245,4.681312776088184,0.01,0.08524051784096777,0.17437209244928403,4.486230552142942,0.01,0.1300636666246183,0.40444801313480094,23.071335122920715,0.01,0.12853003936613216,0.32156054418542834,5.751630651099245,0.01,0.08198356967743618,0.1356751085234919,12.069661022025931
10.93,52.62119137881483,49.100547267137934,3.5206441116768947,-0.587977914397551,21.016738687932435,0.08771127497768454,1.8434049461913826,1.8434049461913826,1.8434049461913826,0.0,0.0,0,0.01,0.01,0.1559045293696117,0.29761035309515,35.331272443356596,0.01,0.09015081988485155,0.18661166423106929,4.674065039250599,0.01,0.08511112837372373,0.1742394677120288,4.4783623689332295,0.01,0.13025961422804289,0.40465963078562417,23.363694310972456,0.01,0.12874177674566312,0.3217721618362515,5.750395415015751,0.01,0.08206433378145078,0.13575578624805945,12.062634223794994
10.94,52.247601152000016,48.763371059964385,3.48423009203563,-0.5886880895756414,20.882917984193316,0.0873603301738522,1.824338610092604,1.824338610092604,1.824338610092604,0.0,0.0,0,0.01,0.01,0.15577886729739743,0.2974773315418974,35.05988914727203,0.01,0.09002071546624327,0.18647864267781675,4.666997336278789,0.01,0.08498135333693488,0.17410644615877624,4.470666628885145,0.01,0.13045496827397388,0.40487063286601016,23.65816136999492,0.01,0.12895292767472052,0.3219831639166375,5.748859909657559,0.01,0.08214462991307586,0.1358359890722099,12.055045747867434
10.950000000000001,51.87361157407403,48.42583006372907,3.447781510344959,-0.5892502446417122,20.748083409217966,0.08700823790524359,1.8052541773470743,1.8052541773470743,1.8052541773470743,0.0,0.0,0,0.01,0.01,0.15565285791508643,0.29734394749810167,34.78969626679908,0.01,0.08989025580013026,0.18634525863402096,4.660115245745387,0.01,0.08485122619622043,0.17397306211498045,4.463148727479723,0.01,0.130649674174859,0.40508096007645805,23.95465751142072,0.01,0.1291634331027382,0.3221934911270854,5.74702167172172,0.01,0.08222443421449632,0.13591569311807844,12.046894404146252
10.96,51.49928904059256,48.088009117181755,3.411279923410801,-0.5896643789199407,20.61208452366476,0.08665508765356955,1.7861419911209542,1.7861419911209542,1.7861419911209542,0.0,0.0,0,0.01,0.01,0.15552653401725622,0.29721023579814954,34.520768256441016,0.01,0.08975947501663811,0.18621154693406883,4.653421169502051,0.01,0.08472078102487055,0.17383935041502835,4.455811019538311,0.01,0.13084367761825694,0.4052905536049499,24.25310496053465,0.01,0.12937323415103372,0.32240308465557727,5.744881514432557,0.01,0.08230372318018121,0.13599487493839715,12.038185401400645
10.97,51.12470003599998,47.749992395629334,3.3747076403706395,-0.5899327955953664,20.474773448253192,0.08630096899319013,1.7669927885002912,1.7669927885002914,1.7669927885002912,0.0,0.0,0,0.01,0.01,0.15539992844717185,0.2970762312565596,34.253174195639346,0.01,0.08962840735242769,0.18607754239247887,4.646914312188356,0.01,0.0845900519874466,0.17370534587343833,4.448652802994895,0.01,0.13103692535393727,0.405499355965361,24.55342807419337,0.01,0.1295822729532119,0.3226118870159884,5.7424435045708435,0.01,0.08238247397823076,0.13607351183603247,12.028930190389994
10.98,50.74991111585184,47.41186212925367,3.338048986598171,-0.5900599675337759,20.336012934554073,0.08594597022999337,1.7477983622699444,1.7477983622699444,1.7477983622699444,0.0,0.0,0,0.01,0.01,0.1552730736086972,0.2969419681524825,33.98697694187901,0.01,0.08949708664036923,0.18594327928840182,4.64059080728452,0.01,0.08445907283112614,0.17357108276936134,4.441670442722607,0.01,0.13122936594195234,0.4057073117849699,24.855554282516046,0.01,0.12979049345843185,0.3228198428355972,5.7397147965388085,0.01,0.08246066474996606,0.13615158215839435,12.019146031703295
10.99,50.37498888903703,47.07369742667302,3.3012914623640097,-0.5900523047730601,20.1956839613884,0.08559017713347498,1.728552167586913,1.7285521675869129,1.728552167586913,0.0,0.0,0,0.01,0.01,0.1551460010100051,0.29680747975113536,33.72223254829748,0.01,0.08936554582976196,0.18580879088705465,4.63444398236339,0.01,0.08432787640815896,0.17343659436801415,4.434857627115255,0.01,0.13142095042802318,0.4059143685059443,25.1594148125956,0.01,0.1299978421615331,0.3230268995565717,5.736705332829098,0.01,0.08253827487454744,0.13622906555379113,12.00885531252833
11.0,50.0,46.73557325668779,3.264426743312208,-0.5899178355244425,20.05369250595812,0.08523367181982977,1.7092498458286143,1.7092498458286143,1.7092498458286143,0.0,0.0,0,0.01,0.01,0.1550187408597944,0.296672797883899,33.458989969281646,0.01,0.08923381655893689,0.18567410901981832,4.628464749936093,0.01,0.0841964942511629,0.1733019125007778,4.428205744310237,0.01,0.1316116329167009,0.4061204769703755,25.46494516139861,0.01,0.13020426872818724,0.32323300802100285,5.733427425705366,0.01,0.08261528518739071,0.136305943178919,11.998084647314803
11.01,49.62501111096296,46.397559633244036,3.227451477718925,-0.5896658164148618,19.909975177743068,0.08487653183644552,1.6898896420365495,1.6898896420365495,1.6898896420365495,0.0,0.0,0,0.01,0.01,0.15489132173411466,0.2965379526059093,33.19729106359515,0.01,0.08910192879946113,0.1855392637418286,4.622642104776994,0.01,0.08406495622034929,0.1731670672227881,4.421704359539606,0.01,0.13180137101816947,0.40632559186445283,25.772085295759215,0.01,0.1304097264887989,0.3234381229150802,5.729895239810713,0.01,0.08269167814361161,0.13638219784924438,11.986863806163186
11.02,49.25008888414816,46.05972103873111,3.19036784541705,-0.5893062908300157,19.76450345655484,0.08451882948845561,1.6704726975685502,1.6704726975685502,1.6704726975685502,0.0,0.0,0,0.01,0.01,0.15476377032846567,0.296402971946204,32.93717089031638,0.01,0.08896991058766103,0.18540428308212334,4.616963703919608,0.01,0.08393329023825113,0.17303208656308283,4.415341770774343,0.01,0.13199012615096617,0.40652967200442347,26.08077956960272,0.01,0.13061417278152804,0.32364220305505087,5.726124199507711,0.01,0.08276743792053377,0.13645781412693445,11.975224522094031
11.03,48.87529996400002,45.722116109281075,3.1531838547189497,-0.5888496164399083,19.617286341470038,0.08416063143641951,1.6510032055671664,1.6510032055671664,1.6510032055671664,0.0,0.0,0,0.01,0.01,0.15463611130574312,0.29626788176104135,32.67865827883699,0.01,0.08883778785497147,0.18526919289696064,4.611416501859317,0.01,0.08380152212331039,0.17289699637792016,4.409105616293051,0.01,0.13217786368998696,0.40673268045469857,26.390976361475346,0.01,0.13081756913222006,0.32384521150532597,5.722130347907801,0.01,0.08284255045630652,0.1365327783440638,11.963199233287078
11.040000000000001,48.50071095940737,45.38479759330343,3.1159133661039426,-0.5883059842071102,19.46837129163902,0.08380199858131251,1.6314884233623983,1.6314884233623985,1.6314884233623983,0.0,0.0,0,0.01,0.01,0.1545083672460379,0.29613270569609235,32.421776641531196,0.01,0.0887055843638974,0.18513401683201164,4.605987411231561,0.01,0.08366967552895753,0.17276182031297113,4.402983505737588,0.01,0.13236455295657554,0.40693458447648456,26.70262744856336,0.01,0.13101988126683833,0.3240471155271119,5.717929686623933,0.01,0.08291700342474646,0.13660707856192358,11.950819818611118
11.05,48.12638842592588,45.04781258166128,3.0785758442646025,-0.5876849513429873,19.31784341967326,0.08344298623943963,1.6119385426434452,1.6119385426434452,1.6119385426434452,0.0,0.0,0,0.01,0.01,0.15438055869948747,0.29599746525806075,32.16654498637639,0.01,0.08857332175137138,0.18499877639398005,4.600663958178552,0.01,0.08353777198982114,0.17262657987493954,4.39696364525193,0.01,0.1325501670549106,0.4071353553132534,27.0156871460917,0.01,0.1312210789598373,0.3242478863638808,5.7135375261089845,0.01,0.08299078614949462,0.13668070447024255,11.938116384994538
11.06,47.752398848000006,44.71120336405681,3.041195483943195,-0.5869876799010315,19.165820564714885,0.08308364499036106,1.5923662317477327,1.5923662317477327,1.5923662317477327,0.0,0.0,0,0.01,0.01,0.15425270438337021,0.2958621801394684,31.91298398466971,0.01,0.08844101970643028,0.18486349127538768,4.595437658345326,0.01,0.08340583110462169,0.17249129475634717,4.391038290362032,0.01,0.13273468252629375,0.4073349676086647,27.330107519275142,0.01,0.13142113569845648,0.32444749865929207,5.708965950676947,0.01,0.08306389621625825,0.13675367179429362,11.926557873914968
11.07,47.37880862118518,44.375046795086774,3.0037618260984025,-0.5860751175566289,19.012195020947434,0.0827240627713516,1.5727660143340338,1.5727660143340338,1.5727660143340338,0.0,0.0,0,0.01,0.01,0.1541248322998783,0.29572688405719333,31.661331292898574,0.01,0.08830870541922874,0.18472819519311265,4.590449209115083,0.01,0.08327388040582544,0.17235599867407214,4.385346973416871,0.01,0.13291806656557087,0.4075333761622336,27.645617756843272,0.01,0.13162001728914907,0.324645907212861,5.7041019896090726,0.01,0.08313666470493493,0.1368264310667742,11.925811755902423
11.08,47.00568403437036,44.03948863368611,2.9661954006842484,-0.5848993877266156,18.856402046119214,0.08236440208397108,1.553096279983578,1.553096279983578,1.553096279983578,0.0,0.0,0,0.01,0.01,0.1539969981804556,0.2955916386970816,31.4118083715339,0.01,0.08817643407962102,0.18459294983300092,4.585824454006169,0.01,0.08314197563545547,0.17222075331396042,4.380006096364401,0.01,0.13310024900080916,0.4077304962891326,27.961893202293606,0.01,0.1318176520358089,0.32484302733976,5.698812488222479,0.01,0.08320936534606103,0.13689912881514826,11.925577570572717
11.09,46.63309125200001,43.70467337519143,2.9284178768085742,-0.5834828265210618,18.697875514472706,0.08200482528350922,1.5333160147371394,1.5333160147371394,1.5333160147371394,0.0,0.0,0,0.01,0.01,0.1538692605852451,0.2954565055604207,31.164487552886413,0.01,0.08804426665815687,0.18445781669633995,4.5815461152316,0.01,0.08301017760931055,0.17208562017729945,4.374997254474315,0.01,0.13328115294983878,0.40792624571118824,28.278794245704628,0.01,0.13201395688743614,0.3250387767618156,5.693105896663487,0.01,0.08328198162718671,0.1369717342502731,11.92469953971235
11.1,46.261096296296316,43.3707322297998,2.890364066496512,-0.5818354767741042,18.53612786216169,0.0816454815970611,1.5133910862508937,1.5133910862508937,1.5133910862508937,0.0,0.0,0,0.01,0.01,0.15374167324889226,0.29532154108786024,30.91943186841422,0.01,0.08791225947612899,0.18432285222377953,4.577589254178383,0.01,0.08287854237030712,0.17195065570473902,4.370297286079009,0.01,0.13346070974030427,0.4081205515214649,28.596202310232613,0.01,0.1322069201130656,0.32523308257209227,5.706904090898759,0.01,0.08335448523199047,0.1370442193374157,11.923200516086608
11.11,45.88976502948151,43.03783993133114,2.8519250981503697,-0.5797821546928037,18.3703718981735,0.08128656827236372,1.493264489489592,1.493264489489592,1.493264489489592,0.0,0.0,0,0.01,0.01,0.15361430129519893,0.2951868196183193,30.676995994655613,0.01,0.08778047774327451,0.1841881307542386,4.574135266651784,0.01,0.08274713547666292,0.1718159342351981,4.366086018812419,0.01,0.13363884101706805,0.4083133171843403,28.91369178283544,0.01,0.13239355276520015,0.3254258482349676,5.770118430717313,0.01,0.0834268427172802,0.1371165464582737,11.920742651984446
11.120000000000001,45.51916313599996,42.70625783211154,2.8129053038884204,-0.5772607237080262,18.199225247629165,0.08092837760672288,1.4728337729899377,1.4728337729899377,1.4728337729899377,0.0,0.0,0,0.01,0.01,0.1534872450044926,0.2950524509691821,30.437513815839242,0.01,0.08764902220209024,0.18405376210510138,4.571346035801586,0.01,0.08261605827582148,0.1716815655860609,4.362513385203534,0.01,0.13381542317342374,0.40850439836905084,29.230768213380156,0.01,0.1325779646721635,0.3256169294196782,5.839202852978186,0.01,0.08349900119732741,0.1371886589851726,11.917023347693542
11.13,45.14935610474072,42.376237406971015,2.773118697769704,-0.5743339349366976,18.021348521780958,0.080571193270362,1.452001554740966,1.452001554740966,1.452001554740966,0.0,0.0,0,0.01,0.01,0.15336060628653272,0.29491854146855445,30.20107474657299,0.01,0.08751799916267304,0.18391985260447372,4.569167905426867,0.01,0.08248541669139797,0.1715476560854332,4.359524624007468,0.01,0.13399032776705466,0.4086936593580702,29.547220034305933,0.01,0.13276060036157145,0.3258061904086976,5.908186991649549,0.01,0.08357090471674439,0.13726050220192823,11.912143362545304
11.14,44.78040921125924,42.04798587491395,2.7324233363452888,-0.5710893424209734,17.835679157914303,0.0802152528456851,1.4306935133266119,1.4306935133266119,1.4306935133266119,0.0,0.0,0,0.01,0.01,0.15323447162265888,0.2947851799312631,29.96768218738924,0.01,0.08738750009897914,0.18378649106718237,4.567491422222716,0.01,0.08235530148350369,0.17141429454814186,4.357014830357666,0.01,0.13416344915843534,0.4088809924705429,29.86294706705064,0.01,0.13294139610421513,0.3259935235211702,5.976604447390307,0.01,0.08364250543793816,0.1373320308051516,11.906308303772931
11.15,44.41238749999998,41.72165708298166,2.690730417018322,-0.5676252108845732,17.64149940654037,0.07986073742085521,1.4088631518158934,1.4088631518158934,1.4088631518158934,0.0,0.0,0,0.01,0.01,0.1531089078108634,0.29465243381422773,29.73727785823884,0.01,0.08725759638669386,0.183653744950147,4.566187284945186,0.01,0.08222578325702196,0.1712815484311065,4.354860726806605,0.01,0.13433471093754698,0.40906632259692294,30.177922560869703,0.01,0.1331202721635034,0.3261788536475503,6.04449175773205,0.01,0.08371376650605297,0.13740321093805904,11.899761242106967
11.16,44.04535576651851,41.39734709123875,2.6480086752797654,-0.564044847063983,17.438473828235896,0.07950776620745248,1.3864941001501585,1.3864941001501585,1.3864941001501585,0.0,0.0,0,0.01,0.01,0.15298395993122071,0.29452034726638626,29.509748937594477,0.01,0.08712833701149125,0.18352165840230555,4.565115628891597,0.01,0.082096910232775,0.17114946188326507,4.352929143067577,0.01,0.13450406805677376,0.4092496089329043,30.492187061025444,0.01,0.13329717713548966,0.32636213998353164,6.11194977833795,0.01,0.08378466327860133,0.13747402121062618,11.892765666570503
11.17,43.679378539703706,41.07509275739667,2.6042857823070413,-0.5604515119726978,17.226666996835846,0.07915639439564762,1.3636008469240246,1.3636008469240246,1.3636008469240246,0.0,0.0,0,0.01,0.01,0.1528596504860089,0.29438894039706937,29.28493605293164,0.01,0.0869997475648912,0.18339025153298866,4.564133063773476,0.01,0.08196870727991971,0.17101805501394818,4.351083687704444,0.01,0.13467150718479315,0.40943084496209514,30.805842478268826,0.01,0.13347209217342887,0.32654337601272254,6.179100049455742,0.01,0.08385518385542855,0.1375444530709272,11.88559258553355
11.18,43.314520064,40.75487319446381,2.5596468695361887,-0.5569434587473697,17.00654166240648,0.07880661415223443,1.340227966853167,1.340227966853167,1.340227966853167,0.0,0.0,0,0.01,0.01,0.15273597964749863,0.29425820972215666,29.062643316301035,0.01,0.08687183039679296,0.18325952085807595,4.563099636396158,0.01,0.08184117610042421,0.17088732433903545,4.349191373121864,0.01,0.13483704555002576,0.40961005681858276,31.11904323868878,0.01,0.1336450303194313,0.3267225878692101,6.24607484608108,0.01,0.08392532898409466,0.13761451055064264,11.878507566761561
11.19,42.95084428162966,40.43661398397591,2.514230297653748,-0.5536092764467795,16.77893761351807,0.07845835867242532,1.3164479054236489,1.3164479054236489,1.3164479054236489,0.0,0.0,0,0.01,0.01,0.15261292658259637,0.2941281297496327,28.84265001312439,0.01,0.08674456589137644,0.183129440885552,4.5618856051647,0.01,0.08171429653302827,0.1707572443665115,4.3471290549236645,0.01,0.13500072838464594,0.409787300150947,31.43198463415309,0.01,0.13381603408770498,0.3268998312015744,6.313009619359402,0.01,0.08399511135966324,0.1376842094058934,11.871757895087116
11.200000000000001,42.58841481481477,40.12019390690777,2.468220907906995,-0.5505237585662863,16.54503236256245,0.07811150905999602,1.292357445286224,1.292357445286224,1.292357445286224,0.0,0.0,0,0.01,0.01,0.15249045177887607,0.2939986556154893,28.62472333609298,0.01,0.08661791479199503,0.18299996675140862,4.5603777069437195,0.01,0.08158802890112749,0.17062777023236808,4.344789378947312,0.01,0.13516262512295085,0.40996265567156653,31.74488896398362,0.01,0.13398517171409255,0.32707518672219393,6.380035430832681,0.01,0.08406455435901998,0.13775357570118188,11.865560463099339
11.21,42.227294947999965,39.80545383532903,2.4218411126709314,-0.5477444910945372,16.306285677661915,0.07776590367389814,1.2680730412881214,1.2680730412881214,1.2680730412881214,0.0,0.0,0,0.01,0.01,0.15236850024886323,0.2938697266304648,28.408631493345272,0.01,0.08649182145127693,0.18287103776638408,4.558484595987158,0.01,0.08146231727965264,0.17049884124734357,4.342085931841843,0.01,0.13532282456083622,0.41013622363385915,32.05799023585791,0.01,0.13415253229936827,0.3272487546844865,6.447271551875952,0.01,0.08413369027581385,0.1378226439107697,11.86009105019085
11.22,41.86754761007404,39.49220732710184,2.375340282972208,-0.5453093168817174,16.064370776816155,0.07742134946166017,1.2437252637935647,1.2437252637935647,1.2437252637935647,0.0,0.0,0,0.01,0.01,0.15224700544778413,0.2937412705548641,28.194156507325822,0.01,0.08636621783882402,0.1827425816907834,4.5561411709981465,0.01,0.08133709351246127,0.17037038517174288,4.338957326592034,0.01,0.1354814292273239,0.4103081175265033,32.37151829222169,0.01,0.13431822009882596,0.32742064857713066,6.5148186359439055,0.01,0.08420255814531784,0.13789145463458408,11.855475604959825
11.23,41.50923535659257,39.180252389269796,2.3289829673227715,-0.5432347872496793,15.821095635645083,0.07707763470767837,1.2194526300794961,1.2194526300794961,1.2194526300794961,0.0,0.0,0,0.01,0.01,0.15212589370699206,0.2936132083851908,27.98110604915256,0.01,0.08624102810379361,0.18261451952111005,4.553311563788072,0.01,0.08121228177700475,0.17024232300206954,4.3353700097308545,0.01,0.1356385492513336,0.41047845730512933,32.68568325711214,0.01,0.13448234824358005,0.32759098835575673,6.582752867737185,0.01,0.0842712012672966,0.1379600520433822,11.851784051147709
11.24,41.15242035199999,38.8693838267987,2.2830365252012914,-0.5415156611783701,15.578318307845686,0.07673454256224536,1.195395129241591,1.195395129241591,1.195395129241591,0.0,0.0,0,0.01,0.01,0.15200508896252757,0.2934854594141196,27.76932371964546,0.01,0.08611617346499731,0.18248677055003887,4.549990637002476,0.01,0.08108780346877562,0.17011457403099836,4.331319647865455,0.01,0.13579429602576734,0.4106473624971963,33.00066115755874,0.01,0.1346450322006618,0.32775989354782364,6.651121435992938,0.01,0.08433966454844416,0.13802848117958694,11.849026994193762
11.25,40.79716435185184,38.55940557389734,2.2377587779545056,-0.5401254599324288,15.33786039934945,0.07639186468739938,1.1716877562213246,1.1716877562213246,1.1716877562213246,0.0,0.0,0,0.01,0.01,0.15188451754673396,0.2933579463153314,27.558697286610126,0.01,0.08599157718802422,0.1823592574512507,4.546203923493932,0.01,0.0809635821653259,0.1699870609322102,4.326831032344733,0.01,0.13594877597563115,0.41081494551438014,33.31658147060748,0.01,0.13480638328689293,0.32792747656500754,6.719939586465618,0.01,0.08440799179349752,0.13809678524546248,11.847155525264641
11.26,40.44352868503704,38.25014241552303,2.1933862695140096,-0.5390180334691689,15.10142286841682,0.07604941435906269,1.1484543651316559,1.1484543651316559,1.1484543651316559,0.0,0.0,0,0.01,0.01,0.1517641128108734,0.29323060000711176,27.349164510505087,0.01,0.0858671694077294,0.18223191114303106,4.542006029537704,0.01,0.08083954842888448,0.16985971462399055,4.321956526152976,0.01,0.13610208472707036,0.4109813054892313,33.633517195884515,0.01,0.13496650254495984,0.3280938365398587,6.789189399841846,0.01,0.08447622307541619,0.13816500300902534,11.846064119562524
11.27,40.09157423600003,37.9414505455647,2.1501236904353282,-0.5381300469943714,14.870508152001005,0.07570703840038873,1.1258021316968336,1.1258021316968336,1.1258021316968336,0.0,0.0,0,0.01,0.01,0.15164381935801044,0.2931033640629258,27.14071632835552,0.01,0.0857428915650439,0.1821046751988451,4.537477610948652,0.01,0.080715644217586,0.1697324786798046,4.316773159378036,0.01,0.13625430195017266,0.411146522920346,33.951477873992786,0.01,0.13512547526903995,0.3282590539709733,6.85882031868525,0.01,0.08454439231001304,0.13823316645052122,11.845596425629978
11.28,39.74136142696299,37.6332264729113,2.108134954051685,-0.5373842538368909,14.64635226128828,0.07536462738609206,1.1038168807374382,1.1038168807374382,1.1038168807374382,0.0,0.0,0,0.01,0.01,0.1515235966872303,0.2929761984623911,26.9333973086142,0.01,0.08561870024869603,0.18197750959831038,4.532721108554755,0.01,0.08059182669726217,0.16960531307926988,4.311378552693907,0.01,0.13640548711125222,0.41131065536477274,34.270405783083376,0.01,0.13528336643238031,0.32842318641540014,6.928751331463879,0.01,0.08461252514940551,0.13830129875898578,11.84555356264926
11.290000000000001,39.392950200148114,37.32541387332913,2.0675363268189852,-0.5366933861683939,14.429869971541383,0.07502212364785343,1.0825594892274248,1.0825594892274248,1.0825594892274248,0.0,0.0,0,0.01,0.01,0.1514034220812288,0.2928490825106568,26.727303429333727,0.01,0.08549457026380677,0.18185039364657607,4.5278554917798886,0.01,0.0804680712773418,0.16947819712753556,4.305885906826835,0.01,0.13655567632184343,0.41147373436038326,34.590175368154256,0.01,0.13544021722181018,0.3285862654110106,6.998874622565297,0.01,0.08468063729220295,0.13836941277015868,11.84570440099921
11.3,39.046399999999956,37.01800808908831,2.028391910911643,-0.5359644692763091,14.221615583400201,0.07467952672173865,1.06206352098683,1.06206352098683,1.06206352098683,0.0,0.0,0,0.01,0.01,0.15128329260776077,0.29272201679628557,26.522577360643435,0.01,0.0853704967887347,0.18172332793220486,4.523010302723128,0.01,0.0803443737339427,0.16935113141316435,4.300418336667163,0.01,0.13670488041429257,0.41163576369743826,34.91059580233408,0.01,0.1355960428265266,0.32874829474806566,7.069060423478389,0.01,0.08474873328730093,0.13843750991481224,11.845797207716853
11.31,38.7017697554074,36.71105809430836,1.9907116610990372,-0.535103348895018,14.021760987437073,0.07433689600433216,1.0423341883207116,1.0423341883207116,1.0423341883207116,0.0,0.0,0,0.01,0.01,0.1511632261493901,0.29259502410518745,26.31940154474174,0.01,0.08524649652696903,0.18159633524110674,4.518319316545235,0.01,0.08022075132868395,0.16922413872206624,4.295102850190132,0.01,0.13685308431071064,0.4117967190908548,35.231416453240264,0.01,0.13575083156364334,0.32890925014148215,7.139162755818495,0.01,0.08481680588359478,0.13850557972153515,11.845571998656789
11.32,38.359117861925924,36.404665866433156,1.9544519954927675,-0.5340192148540032,13.83009195470203,0.07399435051895958,1.023348671805665,1.023348671805665,1.023348671805665,0.0,0.0,0,0.01,0.01,0.15104326142328683,0.29246814925869297,26.117989458899636,0.01,0.08512260781006234,0.18146946039461226,4.513914137792402,0.01,0.08009724288086272,0.16909726387557175,4.290064275290332,0.01,0.1370002476865917,0.41195654923610503,35.552334930052794,0.01,0.13590454535453667,0.32906908028673243,7.209025740921927,0.01,0.0848848359510943,0.13857359989135248,11.844772948091112
11.33,38.018502164,36.09898322740221,1.9195189365977876,-0.5326289079560864,13.646022736818509,0.07365206583077068,1.0050577649403503,1.0050577649403503,1.0050577649403503,0.0,0.0,0,0.01,0.01,0.15092345700123433,0.2923414578951389,25.918575516846342,0.01,0.08499888965819803,0.1813427690310582,4.5099180386523825,0.01,0.07997390780107652,0.1689705725120177,4.285419424131964,0.01,0.1371463068662084,0.412115178165596,35.873007314098246,0.01,0.13605712149788396,0.32922770921622335,7.278490158162026,0.01,0.08495279297117075,0.13864153693451028,11.843160257148533
11.34,37.679979937185195,35.79420633641289,1.885773600772309,-0.5308608101463882,13.468628222747794,0.07331026828347145,0.9873887484199761,0.9873887484199761,0.9873887484199761,0.0,0.0,0,0.01,0.01,0.1508038893873029,0.29221503426407336,25.721404111596513,0.01,0.08487541985463155,0.18121634539999262,4.506440317543119,0.01,0.07985082414377957,0.16884414888095212,4.281271758023421,0.01,0.13729117782743555,0.412272508761922,36.19306012026974,0.01,0.13620847562137794,0.3293850398125494,7.347399958003131,0.01,0.08502063606635611,0.13870934733348983,11.840520961324723
11.35,37.34360787037036,35.49056812443372,1.8530397459366468,-0.5286581399494946,13.29669209778417,0.07296922685523405,0.970249342107411,0.970249342107411,0.970249342107411,0.0,0.0,0,0.01,0.01,0.15068465025468486,0.29208897814815743,25.526718327539314,0.01,0.08475229213664079,0.18109028928407672,4.503571418543858,0.01,0.07972808578236762,0.16871809276503621,4.2777067795456665,0.01,0.13743476014201852,0.4124284272323362,36.51210349262689,0.01,0.13635850563797725,0.3295409582829636,7.415608468296902,0.01,0.08508831551457989,0.1387769791720045,11.83667825183121
11.36,37.009442048000025,35.18832905410445,1.8211129938955744,-0.5259815048209354,13.128768714930754,0.07262924304131169,0.953532533829875,0.953532533829875,0.953532533829875,0.0,0.0,0,0.01,0.01,0.1505658429819862,0.29196340106802476,25.33474885294514,0.01,0.08462961264665304,0.18096471220394403,4.501379007581368,0.01,0.07960579885109675,0.16859251568490352,4.274788336268379,0.01,0.13757694163601783,0.41258280830745453,36.82974510065392,0.01,0.1365070964871795,0.32969533935808193,7.482984066976517,0.01,0.0851557746701615,0.13884437414841003,11.831498983775164
11.370000000000001,36.677537932296275,34.887766663274995,1.7897712690212837,-0.5228105981848407,12.96325574980314,0.07229063926126651,0.9371220450605577,0.9371220450605577,0.9371220450605577,0.0,0.0,0,0.01,0.01,0.15044757866111094,0.2918384219579696,25.14570360617919,0.01,0.08450749582102413,0.1808397330938889,4.499905153212028,0.01,0.07948407763161558,0.1684675365748484,4.2725559746996105,0.01,0.13771760352603066,0.41273552089830656,37.14560417226347,0.01,0.13665412540930047,0.3298480519489339,7.549415126750579,0.01,0.08522295219533231,0.1389114698745748,11.824899138164174
11.38,36.34795034548145,34.5891644029394,1.7587859425420467,-0.519144969959213,12.798474196272737,0.07195374635538244,0.9208981660545157,0.9208981660545157,0.9208981660545157,0.0,0.0,0,0.01,0.01,0.15032997177232243,0.29171416252389903,24.959758551409536,0.01,0.08438605991900011,0.18071547365981833,4.499164710305848,0.01,0.07936304008661726,0.16834327714077782,4.271023436126492,0.01,0.13785662577084745,0.41288643393045366,37.45932507798574,0.01,0.1367994674823415,0.32999896498108106,7.614814066040085,0.01,0.08528978449235987,0.13897820234855807,11.81684708842252
11.39,36.02073345199997,34.29280030841227,1.7279331435877077,-0.5150038435214783,12.63275189705144,0.07161889077465503,0.9047436782982432,0.9047436782982432,0.9047436782982432,0.0,0.0,0,0.01,0.01,0.15021313573607986,0.2915907425084137,24.777050122774558,0.01,0.0842654224095751,0.180592053644333,4.499144955391735,0.01,0.07924280325798831,0.1682198571252925,4.2701783391076376,0.01,0.1379938923756896,0.4130354220723869,37.770589873393384,0.01,0.1369430011470218,0.33014795312301426,7.679120365937156,0.01,0.0853562082180704,0.13904450848203556,11.80736459686403
11.4,35.69594074074075,33.998936045052396,1.697004695688362,-0.510424997374661,12.464506612959628,0.07128638207974836,0.8885495808469901,0.8885495808469901,0.8885495808469901,0.0,0.0,0,0.01,0.01,0.1500971785551996,0.29146827509054174,24.597669602013593,0.01,0.08414569543859966,0.180469586226461,4.499806473603772,0.01,0.07912347875119034,0.1680973897074205,4.26998304711114,0.01,0.13812929639660615,0.4131823710874757,38.07912921971239,0.01,0.1370846134553858,0.3302949021381031,7.742302438064291,0.01,0.08542216276003914,0.13911032856162936,11.796525532558679
11.41,35.373625007259264,33.70780684658883,1.665818160670428,-0.5054627741587938,12.292324632042446,0.07095650134579318,0.8722203492964464,0.8722203492964464,0.8722203492964464,0.0,0.0,0,0.01,0.01,0.1499821987546159,0.2913468626393743,24.421659704513562,0.01,0.08402698159242518,0.1803481737752936,4.501085249163481,0.01,0.07900516852129295,0.1679759772562531,4.270376674344253,0.01,0.13826274441485223,0.4133271825634198,38.38473114255494,0.01,0.13722420480079486,0.3304397136140472,7.804358256153739,0.01,0.08548759255697787,0.13917560852725955,11.784452364949352
11.42,35.05383833599995,33.41961281628866,1.6342255197112878,-0.5001853210054875,12.115031112125365,0.07062949102259553,0.8556784811723239,0.8556784811723239,0.8556784811723239,0.0,0.0,0,0.01,0.01,0.14986828180984196,0.2912265930220323,24.249013525806856,0.01,0.08390937015793538,0.1802279041579516,4.502895864459868,0.01,0.07888796115943471,0.16785570763891108,4.271278138489131,0.01,0.13839416028347132,0.41346977780890937,38.687247160346985,0.01,0.13736169292021486,0.3305823088595367,7.865314698541322,0.01,0.08555244915466818,0.13924030196018083,11.771310551770357
11.43,34.73663208251853,33.13451199113927,1.602120091379258,-0.4946712015244008,11.931748734965131,0.07030554672588532,0.8388681182076141,0.8388681182076141,0.8388681182076141,0.0,0.0,0,0.01,0.01,0.14975549722995848,0.29110753663791394,24.079675888174787,0.01,0.08379293405286085,0.1801088477738332,4.505135667554797,0.01,0.07877192885237029,0.1677366512547927,4.272590126257504,0.01,0.13852348798881692,0.4136101007520181,38.98659541978723,0.01,0.13749701600127345,0.3307226318026455,7.925225591860231,0.01,0.0856166929026765,0.139304371688057,11.757301008768916
11.44,34.422056855703744,32.85261548033458,1.5694413753691665,-0.48900554909809146,11.741941812851776,0.06998481133820443,0.8217575825166057,0.8217575825166057,0.8217575825166057,0.0,0.0,0,0.01,0.01,0.14964389642783787,0.29098974431444136,23.913547009795213,0.01,0.08367772756611615,0.17999105545036068,4.507689725194021,0.01,0.07865712515348965,0.16761885893132017,4.274203797326273,0.01,0.138650693516087,0.4137481197263537,39.2827606135985,0.01,0.13763013477411196,0.3308606507769811,7.984168498802986,0.01,0.08568029421531333,0.13936779093357357,11.742650924808546
11.450000000000001,34.11016249999999,32.57398488605092,1.5361776139490642,-0.48327595211122176,11.545443703952676,0.06966737168272481,0.8043407177652462,0.8043407177652462,0.8043407177652462,0.0,0.0,0,0.01,0.01,0.14953351147100022,0.2908732461563737,23.750488302710632,0.01,0.0835637850072627,0.179874557292293,4.510436340134796,0.01,0.07854358366299417,0.1675023607732525,4.276004016178316,0.01,0.13877576565771088,0.4138838280865609,39.57579062068383,0.01,0.13776103351905533,0.3309963591371882,8.042240353907562,0.01,0.08574323434194366,0.13943054395574933,11.727603267189926
11.46,33.8009980776296,32.29863210193785,1.5023659756917584,-0.47756827312967864,11.342466224791965,0.06935325790552894,0.7866369853727484,0.7866369853727484,0.7866369853727484,0.0,0.0,0,0.01,0.01,0.1494243547629599,0.2907580513933748,23.590329996909716,0.01,0.08345112031913327,0.1797593625292941,4.513252879939842,0.01,0.07843131766983871,0.16738716601025355,4.277874871683525,0.01,0.1388987157542402,0.41401724365169223,39.86578999086202,0.01,0.13788971997312344,0.33112977470231963,8.099552117162606,0.01,0.08580549410127311,0.13949262615815503,11.71333072607244
11.47,33.49461185081482,32.0265317158387,1.4680801349761199,-0.47190476802346554,11.133511051505275,0.0690424572803342,0.7686849611536817,0.7686849611536817,0.7686849611536817,0.0,0.0,0,0.01,0.01,0.14931642204078718,0.2906441535118858,23.432952798844934,0.01,0.08333972978627628,0.17964546464780512,4.5160709856213055,0.01,0.07832032301105979,0.1672732681287646,4.2797543200481245,0.01,0.13901957415060906,0.4141484021038988,40.15283595629759,0.01,0.13801622243877348,0.33126093315452615,8.156183733428767,0.01,0.08586622987663715,0.13955404135027866,11.767982500701399
11.48,33.19105126399998,31.75766884751607,1.4333824164839108,-0.4662672401350548,10.919002256931359,0.06873496868806671,0.7505172782351066,0.7505172782351066,0.7505172782351066,0.0,0.0,0,0.01,0.01,0.14920971013506165,0.29053155025491206,23.278361328568597,0.01,0.08322960952248377,0.17953286139083138,4.518925722246018,0.01,0.07821059589243151,0.16716066487179088,4.281676518873896,0.01,0.1391383710010059,0.41427733364048114,40.43686075757129,0.01,0.13814057241424169,0.33138986469110854,8.212110384968305,0.01,0.08592610327517133,0.13961479097917828,11.838619053245287
11.49,32.89036292607406,31.492012051969308,1.3983508741047548,-0.46071727843903115,10.699496554637399,0.06843077165352418,0.7321748055380606,0.7321748055380606,0.7321748055380606,0.0,0.0,0,0.01,0.01,0.14910421259635273,0.2904202322800347,23.12641573612417,0.01,0.08312075311327587,0.17942154341595398,4.521747242551599,0.01,0.0781021296625875,0.16704934689691348,4.28357273460477,0.01,0.13925513852364166,0.4144040759997254,40.71795186252665,0.01,0.13826280241763544,0.33151660705035274,8.267387140532039,0.01,0.08598531850374398,0.13967488024991603,11.909251575328778
11.5,32.59259259259261,31.22949349521568,1.3630990973769308,-0.4553161832340519,10.475841434624124,0.0681298034969079,0.7137170184057073,0.7137170184057074,0.7137170184057073,0.0,0.0,0,0.01,0.01,0.1489999089033044,0.2903101748325703,22.97693681298607,0.01,0.08301314001602104,0.17931148596848961,4.524443583993482,0.01,0.07799490338633829,0.16693928944944914,4.285355890413303,0.01,0.13936992327524605,0.4145286836469788,40.996268428737515,0.01,0.1383829582368757,0.3316412146976062,8.322112619225894,0.01,0.08604389231365624,0.1397343226374556,11.979613459749338
11.51,32.297785148,30.970013373067754,1.3277717749322469,-0.4501141481118315,10.249145577689037,0.06783196417288685,0.6952196756285045,0.6952196756285044,0.6952196756285045,0.0,0.0,0,0.01,0.01,0.14889676530931845,0.2902013395683769,22.829743582961495,0.01,0.08290673590330476,0.17920265070429622,4.5269351159829005,0.01,0.07788888242963829,0.16683045418525572,4.286951011589474,0.01,0.13948278547027004,0.41465122526258597,41.27199074312032,0.01,0.13850109992699625,0.3317637563132133,8.376386332773695,0.01,0.08610184337335705,0.13979313892844736,12.049874114585224
11.52,32.005984587851856,30.71344701920508,1.2925375686467746,-0.44514780640279983,10.020727057675403,0.06753712424887162,0.6767710883582534,0.6767710883582534,0.6767710883582534,0.0,0.0,0,0.01,0.01,0.14879473748951152,0.290093677514779,22.684663504634955,0.01,0.08280149533122977,0.17909498865069826,4.52916000124879,0.01,0.07778402115942101,0.16672279213165775,4.288300019672133,0.01,0.13959379582470838,0.41477178004526044,41.54530502718117,0.01,0.13861729899578026,0.3318843110958878,8.430297703709574,0.01,0.08615919626358373,0.13985135564545123,12.120190236567156
11.53,31.71723400103709,30.459653121537478,1.2575808794996164,-0.440438697977514,9.792051370198056,0.06724513422446564,0.658467808721831,0.658467808721831,0.658467808721831,0.0,0.0,0,0.01,0.01,0.14869377369312684,0.2899871325081086,22.54154098023404,0.01,0.08269736497868485,0.17898844364402788,4.531077112698741,0.01,0.07768026618779855,0.1666162471249874,4.289364446001948,0.01,0.13970303190232405,0.4148904336093515,41.81639039500575,0.01,0.13873163474055564,0.3320029646599789,8.483920377063397,0.01,0.08621597990199004,0.13990900320862068,12.190684155060747
11.540000000000001,31.431575551999984,30.208482597748848,1.2230929542511346,-0.4359924940594995,9.564662681634909,0.06695583468076195,0.6404099732888002,0.6404099732888002,0.6404099732888002,0.0,0.0,0,0.01,0.01,0.1485938182007553,0.2898816449191396,22.400244806843094,0.01,0.08259428721309618,0.17888295605505888,4.532667834559642,0.01,0.07757755993561401,0.16651075953601838,4.290127107476367,0.01,0.1398105742397596,0.4150072736982256,42.08540649956916,0.01,0.13884419028141978,0.33211980474885294,8.537307924925123,0.01,0.08627222562947111,0.1399661139354282,12.261436313062186
11.55,31.149050462962933,29.959787691119097,1.1892627718438338,-0.431798998647005,9.340111711621702,0.06666906675508628,0.6226965312020705,0.6226965312020705,0.6226965312020705,0.0,0.0,0,0.01,0.01,0.14849481491375202,0.28977715548125965,22.260674244425484,0.01,0.08249220380253805,0.17877846661717892,4.533936725594979,0.01,0.07747584433638097,0.1664062700981384,4.290592706897993,0.01,0.13991650244205567,0.41512238592268114,42.35248242298611,0.01,0.1389550485223532,0.3322349169733085,8.590490695658799,0.01,0.08632796520175931,0.14002271997754975,12.332480263669279
11.56,30.86969899614812,29.71343084514229,1.1562681510058275,-0.4278329138401364,9.11988377398845,0.06638468242947664,0.6054205881299601,0.6054205881299601,0.6054205881299601,0.0,0.0,0,0.01,0.01,0.14839671090060993,0.2896736090345672,22.122763423101713,0.01,0.0823910595925734,0.17867492017048647,4.534911023027121,0.01,0.0773750644994569,0.16630272365144594,4.290787338881118,0.01,0.14002089143402732,0.4152358497266345,42.61770736565221,0.01,0.1390642882356099,0.33234838077726186,8.643473920666862,0.01,0.08638322878835321,0.14007885129541192,12.403800093000013
11.57,30.59356043599996,29.46929293325658,1.1242675027433855,-0.42405531984240047,8.905330445399088,0.06610255413773285,0.5886650878813937,0.5886650878813937,0.5886650878813937,0.0,0.0,0,0.01,0.01,0.148299459729735,0.28957095800610066,21.98648390509968,0.01,0.08229080597063347,0.17857226914201993,4.535639027415464,0.01,0.07727517215598392,0.16620007262297942,4.290756941242165,0.01,0.14012380804186464,0.41534773476664155,42.8811235709107,0.01,0.13917198045192852,0.33246026581726895,8.696237158504665,0.01,0.086438043075224,0.14013453376762566,12.475330373606832
11.58,30.32067307140742,29.2272804578899,1.0933926135175212,-0.42041578691662307,8.69760810864411,0.06582258323607619,0.5724990336859981,0.5724990336859981,0.5724990336859981,0.0,0.0,0,0.01,0.01,0.14820302443090327,0.2894691654619989,21.851845317333176,0.01,0.08219140395359978,0.17847047659791818,4.536187468994375,0.01,0.0771761287242326,0.16609828007887767,4.290564788422199,0.01,0.14022530806026887,0.4154580978676009,43.14272178119463,0.01,0.13927818532128794,0.33257062891822825,8.748735077271446,0.01,0.08649242956161425,0.14018978752461378,12.546958609289428
11.59,30.051074177925926,28.98733138872566,1.063742789200267,-0.41685500789496516,8.497626245455447,0.06554470694385395,0.5569744219767792,0.5569744219767792,0.5569744219767792,0.0,0.0,0,0.01,0.01,0.14810737994791903,0.28936820759060666,21.7188940711613,0.01,0.08209282675484167,0.17836951872652596,4.536638008537305,0.01,0.07707790785176777,0.16599732220748545,4.290288172828801,0.01,0.14032543393417057,0.415566980685554,43.40243937456872,0.01,0.1393829495837758,0.3326795117361813,8.800899496670029,0.01,0.08654640313092475,0.14024462558367082,12.618529988759363
11.6,29.784800000000022,28.749419380489176,1.035380619510846,-0.41330781718743254,8.306007854934288,0.06526890343981935,0.542124024654087,0.542124024654087,0.542124024654087,0.0,0.0,0,0.01,0.01,0.1480125149715013,0.28926807550506994,21.5877102805466,0.01,0.08199506171414439,0.17826938664098924,4.5370830672823566,0.01,0.07698049731916275,0.16589719012194873,4.290014458623488,0.01,0.14042421315191686,0.41567440817153967,43.66016118851899,0.01,0.13948630475843787,0.33278693922216707,8.852642541923991,0.01,0.08659997096159654,0.14029905284716174,12.689854143510344
11.61,29.521885733185226,28.51355619195113,1.008329541234096,-0.4097064464521662,8.123063775188504,0.06499519489215327,0.5279601131897671,0.5279601131897671,0.5279601131897671,0.0,0.0,0,0.01,0.01,0.14791843307279795,0.2891687762882586,21.45840307403034,0.01,0.08189811150630276,0.1781700874241779,4.537621208527603,0.01,0.07688390022237779,0.16579789090513739,4.289836718543399,0.01,0.1405216574103973,0.4157803878899018,43.91572290934742,0.01,0.13958826612125716,0.33289291894052914,8.90386070822043,0.01,0.0866531318267479,0.14035306550737794,12.760713512461102
11.620000000000001,29.26236550637038,28.27979221615689,0.9825732902134889,-0.4059838586721585,7.948782016913506,0.06472364830192487,0.5144741716913748,0.5144741716913748,0.5144741716913748,0.0,0.0,0,0.01,0.01,0.14782515309256608,0.28907033324018794,21.331104566164445,0.01,0.0818019945800005,0.17807164437610723,4.538352307720255,0.01,0.0767881353867385,0.16569944785706675,4.289849177206492,0.01,0.14061776257380973,0.4158849102023332,44.16891679542023,0.01,0.1396888325035542,0.33299744125296055,8.954439598942061,0.01,0.08670587581200065,0.14040665088164878,12.830872856727831
11.63,29.006272363999987,28.048215122860142,0.958057241139843,-0.402077001470716,7.782832508520311,0.06445437414524013,0.501637598413906,0.501637598413906,0.501637598413906,0.0,0.0,0,0.01,0.01,0.14773270877725586,0.2889727853266831,21.20596280817187,0.01,0.08170674481617855,0.17797409646260234,4.539372748395849,0.01,0.07669323700293385,0.16560189994356184,4.290142684523892,0.01,0.14071250940869484,0.41598794928736105,44.4194994133718,0.01,0.13978798690125263,0.3331004803379884,9.004259083712226,0.01,0.08675818446039452,0.14045978768059078,12.900089440625068
11.64,28.753638248296326,27.81894670351299,0.9346915447833365,-0.3979298269192997,7.624586933238095,0.06418752290398402,0.4894033484106375,0.4894033484106375,0.4894033484106375,0.0,0.0,0,0.01,0.01,0.14764114768926448,0.28887618586602837,21.083134074559247,0.01,0.0816124104325971,0.1778774970019477,4.54077086984702,0.01,0.07659925351279732,0.16550530048290718,4.2908004315872015,0.01,0.14080586504053652,0.41608946492591836,44.667200996861546,0.01,0.1398856978458391,0.33320199597654576,9.053198620959481,0.01,0.08681003133257655,0.14051244669184576,12.968123396645066
11.65,28.504493981481488,27.592138092877644,0.9123558886038462,-0.39349593838601565,7.473152638890802,0.06392327967407546,0.4777084261828718,0.4777084261828718,0.4777084261828718,0.0,0.0,0,0.01,0.01,0.14755052945279679,0.28878060052604115,20.962774862488327,0.01,0.08151905219694869,0.17778191166196045,4.542622871000447,0.01,0.07650624580807744,0.16540971514291994,4.291894101020603,0.01,0.14089778504356346,0.41618940494894807,44.911735986593804,0.01,0.1399819214516196,0.33330193599957547,9.101142501027603,0.01,0.08686138295058633,0.14056459184222647,13.034747815024476
11.66,28.25886924799999,27.367963615639216,0.890905632360775,-0.388740744427919,7.327418949337029,0.06366185712909672,0.46647709827773,0.46647709827773,0.46647709827773,0.0,0.0,0,0.01,0.01,0.14746092342752223,0.28868610473578715,20.845033983755492,0.01,0.08142674104303019,0.17768741587170642,4.544989345985323,0.01,0.07641428483731386,0.1653152193526659,4.293480616275639,0.01,0.14098821604705158,0.41628770821417826,45.15281427508908,0.01,0.1400766040229448,0.33340023926480566,9.147984785708617,0.01,0.0869122000754902,0.14061618158372619,13.099758137039201
11.67,28.016792576740713,27.14661356806189,0.8701790086788226,-0.3836430244047172,7.186113629919963,0.06340348719209546,0.45562466349557296,0.455624663495573,0.45562466349557296,0.0,0.0,0,0.01,0.01,0.1473724059281678,0.2885927806426222,20.730045117160866,0.01,0.081335555211669,0.17759409177854152,4.547912592719094,0.01,0.07632344874286257,0.165221895259501,4.295599622044524,0.01,0.14107709871972646,0.4163843079575295,45.390152659278336,0.01,0.14016968508097163,0.33349683900815685,9.193633745230606,0.01,0.08696243925371844,0.14066717053412434,13.162980477898078
11.68,27.778291323259232,26.928286291074343,0.8500050321848871,-0.37819583925262135,7.0478667829503445,0.0631484118259809,0.4450615941043995,0.4450615941043995,0.4450615941043995,0.0,0.0,0,0.01,0.01,0.14728505712819667,0.2885007137652264,20.61792016189519,0.01,0.08124557705911614,0.1775020249011457,4.551414798394171,0.01,0.07623381967086644,0.16512982838210516,4.298271792675866,0.01,0.14116437097967108,0.4164791353508745,45.623485997620094,0.01,0.1402611006533049,0.33359166640150184,9.23801562139128,0.01,0.08701205455491674,0.14071751129157695,13.224278556819177
11.69,27.543391651999997,26.71317992022706,0.8302117317729377,-0.3724067524071593,6.911279095597962,0.06289687339070534,0.4346978462436535,0.4346978462436535,0.4346978462436535,0.0,0.0,0,0.01,0.01,0.1471989577989312,0.2884099895059353,20.5087436925032,0.01,0.08115688968955426,0.17741130064185462,4.555497166687442,0.01,0.07614548041064846,0.1650391041228141,4.301498028656363,0.01,0.14124997127089214,0.41657212309250036,45.852577577117586,0.01,0.14035078666204895,0.33368465414312776,9.281077574486599,0.01,0.08706099941598044,0.1407671563351264,13.283558965955212
11.700000000000001,27.31211851851846,26.50148420854465,0.8106343099738101,-0.36629735878457376,6.774991150243918,0.06264910503166896,0.42444713216025887,0.42444713216025887,0.42444713216025887,0.0,0.0,0,0.01,0.01,0.1471141860413507,0.28832068969043745,20.40256876368057,0.01,0.08106957357465863,0.17732200082635674,4.560140011864067,0.01,0.07605851102605703,0.16494980430731623,4.305259563901419,0.01,0.14133384174934902,0.41666320885960195,46.07722822084242,0.01,0.14043868224640974,0.3337757399102293,9.322789701571914,0.01,0.08710922850201169,0.1408160599198078,13.34077456568732
11.71,27.08449565170374,26.2933728100443,0.7911228416594396,-0.35990215252645086,6.637750449807121,0.06240532155781272,0.4142309512407294,0.4142309512407294,0.4142309512407294,0.0,0.0,0,0.01,0.01,0.14703081416613203,0.2882328892996184,20.2994142506494,0.01,0.08098370332158372,0.17723420043553767,4.565303805570693,0.01,0.07597298563951865,0.16486200391649716,4.309518969530399,0.01,0.14141593123037577,0.41675233846307047,46.297283710663386,0.01,0.14052473286455816,0.33386486951369787,9.363146045142951,0.01,0.08715669949535769,0.14086417987614813,13.39592585509886
11.72,26.86054553599999,26.088996385113468,0.7715491508865211,-0.3532667953671298,6.498472914730618,0.06216571123999767,0.4039821907180896,0.4039821907180896,0.4039821907180896,0.0,0.0,0,0.01,0.01,0.14694890586845719,0.288146653547204,20.199263839776744,0.01,0.08089934474149513,0.17714796468312324,4.570931123555587,0.01,0.07588896952012175,0.16477576816408274,4.3142220035449,0.01,0.14149619776523045,0.41683946856296816,46.51264016399865,0.01,0.14060889303513424,0.3339519996135955,9.402164545458396,0.01,0.08720337472855122,0.14091147922924174,13.449060232144337
11.73,26.64028939362958,25.888476845401787,0.7518125482277925,-0.3464458755292572,6.356295873416709,0.06193042891187992,0.3936481297315092,0.3936481297315092,0.3936481297315092,0.0,0.0,0,0.01,0.01,0.1468685138281883,0.28806203543845377,20.102066707010465,0.01,0.08081655235435437,0.1770633465743731,4.5769494024955,0.01,0.07580651661050282,0.16469115005533258,4.319300220950203,0.01,0.1415746107359218,0.4169245688273169,46.7232470882072,0.01,0.14069112860037197,0.3340370998779443,9.439885927471364,0.01,0.08724922258559652,0.14095792756203468,13.500269134128825
11.74,26.42374716681485,25.69190299754906,0.7318441692657874,-0.33950027063724714,6.210619984306493,0.061699590688949486,0.38319271095632046,0.38319271095632046,0.38319271095632046,0.0,0.0,0,0.01,0.01,0.14678967784402647,0.2879790739204156,20.007739841469448,0.01,0.08073536744295558,0.1769803850563349,4.583274382297936,0.01,0.07572566760449564,0.1646081885372944,4.324674226186318,0.01,0.14165115238322531,0.41700762344588643,46.92910794043867,0.01,0.140771418418994,0.3341201544965138,9.476371554956152,0.01,0.08729421860814474,0.14100350206045753,13.549683132994469
11.75,26.2109375,25.499327774839593,0.7116097251604064,-0.33249424610043016,6.061138077163662,0.06147327054000885,0.3725979807978308,0.3725979807978308,0.3725979807978308,0.0,0.0,0,0.01,0.01,0.14671242358333325,0.2878977927044102,19.916171891770976,0.01,0.08065581674136747,0.17689910384032945,4.589814078052922,0.01,0.07564644865960037,0.16452690732128894,4.330257420428813,0.01,0.14172581871153117,0.4170886319430426,47.13027814075343,0.01,0.14084975542628878,0.3342011629936699,9.511700329564402,0.01,0.08733834625805417,0.14104818819400736,13.597465152875769
11.76,26.001877722074088,25.310767167222153,0.6911105548519353,-0.32549243185679877,5.907849556317016,0.061251498853183824,0.36186464032353427,0.36186464032353427,0.36186464032353427,0.0,0.0,0,0.01,0.01,0.1466367619987466,0.28781819980796886,19.82722833726308,0.01,0.08057791181135328,0.17681951094388815,4.596473099363989,0.01,0.0755688707967327,0.16444731442484764,4.335960071620435,0.01,0.14179861974444932,0.4171676092678492,47.326860616866234,0.01,0.14092614702966733,0.3342801403184765,9.545964759446555,0.01,0.08738159730486594,0.14109198000347772,13.643802074547546
11.77,25.796583828592592,25.126200876971733,0.6703829516208596,-0.318556824704845,5.751059735403627,0.061034263040222206,0.3510116926506557,0.3510116926506557,0.3510116926506557,0.0,0.0,0,0.01,0.01,0.14656268943007428,0.28774028782807176,19.74075771947623,0.01,0.08050164912658798,0.17674159896399105,4.6031571152327,0.01,0.07549293000599205,0.16436940244495052,4.341693516847658,0.01,0.1418695791355462,0.417244585173896,47.51899909191842,0.01,0.14100061483907483,0.33435711622452335,9.579266368244024,0.01,0.08742397182501373,0.1411348799868803,13.688895087295114
11.78,25.595070463999985,24.94557464372679,0.6494958202731961,-0.3117439604748129,5.59136423218978,0.06082151012331252,0.34007521625125825,0.34007521625125825,0.34007521625125825,0.0,0.0,0,0.01,0.01,0.1464901883768033,0.287664034922003,19.656598615100677,0.01,0.08042701085023285,0.17666534605792228,4.609777251545992,0.01,0.07541860804300445,0.16429314953888177,4.347374296511126,0.01,0.14193873316788996,0.4173196029341836,47.7068694536639,0.01,0.14107319376160302,0.334432133984811,9.611710656954306,0.01,0.08746547781823236,0.14117689859420784,13.732949235397975
11.790000000000001,25.397350903851788,24.76880410285531,0.6285468009964795,-0.30510239017994506,5.429619301221214,0.06061315115296622,0.3291063354079843,0.3291063354079843,0.3291063354079843,0.0,0.0,0,0.01,0.01,0.14641922889454526,0.287589406438221,19.574586994095554,0.01,0.08035396625832615,0.17659071757414027,4.616254207258757,0.01,0.07534587386742002,0.16421852105509976,4.352928019095622,0.01,0.14200612920305525,0.41739271746638934,47.89066965457241,0.01,0.1411439305173446,0.3345052485170167,9.64340186458501,0.01,0.08750613046475576,0.14121805336057044,13.776162674707043
11.8,25.203437037037006,24.595779969011833,0.6076570680251733,-0.2986705776143652,5.266899679994867,0.060409067218448145,0.31816849680163295,0.31816849680163295,0.31816849680163295,0.0,0.0,0,0.01,0.01,0.14634977053939655,0.287516357109014,19.494563588042713,0.01,0.08028247373110782,0.17651766824493328,4.622521885746707,0.01,0.0752746856449698,0.16414547172589278,4.358292765519939,0.01,0.14207182366382476,0.4174639929696444,48.07060867828516,0.01,0.14121288165795526,0.3345765240202718,9.67443779444638,0.01,0.0875459510636559,0.14125836772444336,13.81871619584134
11.81,25.013339347999985,24.42637427583963,0.5869650721603528,-0.29247531355715456,5.104446132949273,0.06020911673810822,0.30733419310212784,0.30733419310212784,0.30733419310212784,0.0,0.0,0,0.01,0.01,0.1462817647589338,0.28744483369085316,19.41638089622701,0.01,0.08021248320825217,0.17644614482677248,4.628530359823651,0.01,0.07520499320854901,0.16407394830773198,4.363421863026162,0.01,0.14213587965414826,0.41753350019449464,48.24689516136143,0.01,0.1412801111896976,0.33464603124512204,9.704904978154753,0.01,0.08758496570730304,0.14129786959244905,13.860763577609061
11.82,24.827066898962926,24.260447355924356,0.5666195430385703,-0.28653071503790567,4.94360536500542,0.06001314365932155,0.296681298965063,0.296681298965063,0.296681298965063,0.0,0.0,0,0.01,0.01,0.1462151576085773,0.28737477791849475,19.33990948008745,0.01,0.08014393898325634,0.17637608905441401,4.634248022092969,0.01,0.07513674085330377,0.1640038925353735,4.368285890144642,0.01,0.14219836433425997,0.4176013134821559,48.41972627544707,0.01,0.14134568791826121,0.3347138445327833,9.734874437018327,0.01,0.08762320375877324,0.1413365897235417,13.902423302462289
11.83,24.64462731214809,24.097855214413702,0.5467720977343878,-0.28083784847804816,4.785765318932358,0.059820986159201436,0.28628920090503884,0.28628920090503884,0.28628920090503884,0.0,0.0,0,0.01,0.01,0.14614989265824027,0.2873061296258898,19.265043239215956,0.01,0.08007678269785194,0.1763074407618091,4.6396628148211505,0.01,0.07506987032657338,0.16393524424276856,4.372873814435288,0.01,0.14225934617769154,0.4176675077169487,48.589277451874736,0.01,0.1414096826428545,0.3347800387675761,9.764398269727309,0.01,0.08766069620756488,0.14137456001315377,13.943772095693133
11.84,24.466026751999976,23.938456936410635,0.5275698155893427,-0.27538498453505666,4.632289054237642,0.059632485419384394,0.27623490948520013,0.27623490948520013,0.27623490948520013,0.0,0.0,0,0.01,0.01,0.14608591394712692,0.28723882988136445,19.191703421321996,0.01,0.08001095638987514,0.17624014101728377,4.644782483014714,0.01,0.07500432386636906,0.16386794449824327,4.377193211441572,0.01,0.1423188922399176,0.4177321553366812,48.75569347147173,0.01,0.14147216533158768,0.3348446863873085,9.793507248258136,0.01,0.08769747398385018,0.1414118117614776,13.984840645434806
11.85,24.291269907407465,23.782121772627946,0.5091481347795186,-0.27014846175925644,4.4844504250761945,0.05944749405144423,0.2665893399687136,0.2665893399687136,0.2665893399687136,0.0,0.0,0,0.01,0.01,0.1460231688444747,0.2871728239864379,19.119841189858995,0.01,0.07994640544779406,0.17617413512235722,4.649633847284831,0.01,0.07494004714208598,0.1638019386033167,4.381269563002229,0.01,0.14237706556544394,0.41779532353981796,48.91908135167801,0.01,0.1415332024088243,0.33490785459044536,9.822209543718138,0.01,0.08773356631248418,0.14144837400950477,14.025611729992729
11.86,24.120359973925932,23.628735569258556,0.49162440466737695,-0.26509410726935057,4.343374635616876,0.059265883773233725,0.2574139363380812,0.2574139363380812,0.2574139363380812,0.0,0.0,0,0.01,0.01,0.14596161068083577,0.28710806419680296,19.049438652070982,0.01,0.07988308133193407,0.17610937533272228,4.654261145824873,0.01,0.07487699195821285,0.16373717881368177,4.385144682602711,0.01,0.14243392285142178,0.41785707181594,49.07950535009991,0.01,0.1415928542779875,0.3349696028665674,9.850490635739265,0.01,0.08776899918510091,0.14148427202183514,14.06602083327703
11.870000000000001,23.95329863600006,23.47820624512981,0.4750923908702476,-0.2601791369443103,4.209986466253184,0.05908755197902577,0.24875779415573007,0.24875779415573004,0.24875779415573007,0.0,0.0,0,0.01,0.01,0.1459012010276967,0.28704451203977943,18.98050833145789,0.01,0.07982094393590186,0.17604582317569875,4.6587235436934895,0.01,0.07481511859545174,0.16367362665665824,4.388874361129365,0.01,0.14248951247175384,0.4179174499079637,49.23698427774494,0.01,0.14165117319051973,0.33502998095859104,9.878314388777444,0.01,0.08780379402201818,0.14151952598694967,14.105959182592402
11.88,23.790086049185213,23.330468069804414,0.4596179793807983,-0.2553544362695984,4.0849685522883945,0.05891242690520477,0.24065541124675016,0.2406554112467502,0.24065541124675016,0.0,0.0,0,0.01,0.01,0.1458419115220748,0.2869821401240409,18.91309114727938,0.01,0.07975996348100915,0.17598345125996018,4.663091949259205,0.01,0.0747543976830951,0.16361125474091967,4.392525365288131,0.01,0.14254387294680865,0.41797649629182987,49.39149118685583,0.01,0.14170820155382424,0.33508902734245727,9.905625212210923,0.01,0.08783796658568348,0.14155414999406965,14.145279005747462
11.89,23.630720822370325,23.185484557617613,0.4452362647527103,-0.2505671068431093,3.968731582366119,0.058740471165221055,0.23312516307647912,0.23312516307647912,0.23312516307647912,0.0,0.0,0,0.01,0.01,0.14578372515617552,0.28692093336344976,18.847253035575896,0.01,0.0797001218605907,0.17592224449936905,4.667445309851767,0.01,0.07469481152067717,0.16355004798032854,4.396171950856998,0.01,0.14259703192119563,0.4180342372330651,49.5429553757641,0.01,0.14176397074885821,0.33514676828369244,9.932351163624457,0.01,0.08787152619453971,0.14158815133157632,14.183800689739508
11.9,23.475199999999944,23.043249861536992,0.4319501384629538,-0.24576315322356487,3.8613976937263397,0.05857168350884374,0.2261685636187183,0.2261685636187183,0.2261685636187183,0.0,0.0,0,0.01,0.01,0.14572663697903113,0.28686088956606054,18.783080407584333,0.01,0.07964141337874846,0.17586220070197983,4.671866579663988,0.01,0.07463635479456653,0.16349000418293935,4.399892072310619,0.01,0.14264900568670993,0.4180906864511059,49.69126654408036,0.01,0.14181850050265427,0.3352032175017333,9.958407809987868,0.01,0.087904475271118,0.14162153013593504,14.221321435423949
11.91,23.32351904429629,22.903788623780738,0.4197304205155523,-0.2408901805777271,3.7627977039485874,0.05840609874739763,0.21977033426330228,0.21977033426330228,0.21977033426330228,0.0,0.0,0,0.01,0.01,0.14567065418590677,0.28680201937032235,18.72067469036872,0.01,0.07958384485784013,0.17580333050624164,4.676438562499002,0.01,0.07457903466490211,0.16343113398720113,4.403763479032731,0.01,0.1426997992608263,0.4181458453929757,49.836280839654215,0.01,0.14187179883370324,0.3352583764436031,9.983702631519693,0.01,0.08793680924163849,0.14165427940297773,14.257624946912287
11.92,23.1756718174815,22.767154313842166,0.4085175036393337,-0.23589997545547634,3.672482162764367,0.05824378587451641,0.21389926471602871,0.21389926471602871,0.21389926471602871,0.0,0.0,0,0.01,0.01,0.14561579560074836,0.28674434554174727,18.660146229597554,0.01,0.07952743511950446,0.17574565667766653,4.681239830485713,0.01,0.07452287022864468,0.16337346015862603,4.407859886650402,0.01,0.1427494070043833,0.4181997040892269,49.977828466203626,0.01,0.14192386256026235,0.33531223513985425,10.008139738121642,0.01,0.08796851678725033,0.14168638535604283,14.292491668647772
11.93,23.031650563999957,22.633426155518322,0.39822440848163476,-0.23075084973835805,3.5897455610028497,0.05808484449691482,0.20850981269434077,0.20850981269434077,0.20850981269434077,0.0,0.0,0,0.01,0.01,0.14556209058565528,0.2866879016733511,18.60160785501653,0.01,0.07947221387372327,0.1756892128092704,4.686340908529665,0.01,0.07446789139406747,0.1633170162902299,4.412247401176587,0.01,0.14279781373672223,0.41825224253837745,50.11572246737436,0.01,0.141974678334746,0.3353647735890048,10.031624667085945,0.01,0.08799958043011956,0.14171782814867148,14.325709085162325
11.94,22.89144589274075,22.502704809521937,0.38874108321881634,-0.22540964088139448,3.5136624238040515,0.0579293997679385,0.20354435519812863,0.20354435519812863,0.20354435519812863,0.0,0.0,0,0.01,0.01,0.14550957743795026,0.2866327303606638,18.54516841622975,0.01,0.07941822007796837,0.1756340414965831,4.691800894896651,0.01,0.07441413722936926,0.1632618449775426,4.416981355318051,0.01,0.14284499628380926,0.4183034325425855,50.24976826786094,0.01,0.14202422414283536,0.3354159635932129,10.054069040808102,0.01,0.08802997742171736,0.1417485828640551,14.357081621172695
11.950000000000001,22.755046759259198,22.375107034396578,0.3799397248626186,-0.219853279314262,3.443133467295753,0.057777596084727594,0.19893597473922164,0.19893597473922164,0.19893597473922164,0.0,0.0,0,0.01,0.01,0.1454583013586965,0.28657888094582107,18.49092658982155,0.01,0.07936549985261772,0.17558019208174036,4.697664662613256,0.01,0.07436165387201596,0.16320799556269983,4.422103692089811,0.01,0.14289092537586529,0.4183532398980555,50.37977353362179,0.01,0.1420724711850743,0.33546577094868285,10.075394881839232,0.01,0.08805968088662756,0.14177862075991843,14.386439718367761
11.96,22.622440448000035,22.250759593324773,0.37168085467526135,-0.21406985542946885,3.3769395353672307,0.05762958986475686,0.19461164042129608,0.19461164042129608,0.19461164042129608,0.0,0.0,0,0.01,0.01,0.14540831209544752,0.2865264069441669,18.43896524049523,0.01,0.07931410405847696,0.1755277180800862,4.703960756260826,0.01,0.07431049210484438,0.16315552156104568,4.427641002609595,0.01,0.14293556779661773,0.41840162682943616,50.50555790924438,0.01,0.14211938604251592,0.3355141578800635,10.095538406849027,0.01,0.08808866116364435,0.14180791069659468,14.413647714592347
11.97,22.49361255451855,22.12979270611887,0.3638198483996814,-0.2080591429648888,3.3138006764538726,0.05748554175692998,0.1904956271604319,0.1904956271604319,0.1904956271604319,0.0,0.0,0,0.01,0.01,0.14535966137580295,0.2864753632801057,18.38934658930083,0.01,0.07926408565656383,0.17547667441602502,4.710700065761455,0.01,0.0742607047190609,0.1631044778969845,4.433603293975285,0.01,0.14297888867703187,0.4184485545487897,50.62696220106133,0.01,0.14216493301714553,0.3355610855994171,10.114453148943408,0.01,0.08811688727738977,0.14183642067816798,14.438610206442638
11.98,22.368546967703693,22.012333362919197,0.3562136047844988,-0.20183256168202657,3.252437486666809,0.05734560866464609,0.1865130073166199,0.1865130073166199,0.1865130073166199,0.0,0.0,0,0.01,0.01,0.14531240025642858,0.28642580346611246,18.342108402744824,0.01,0.07921549697872521,0.17542711460203178,4.717875324217056,0.01,0.07421234379246813,0.16305491808299127,4.4399835307826105,0.01,0.14302085382255073,0.4184939858168051,50.74385659846326,0.01,0.14220907653268022,0.3356065168674324,10.132112287777987,0.01,0.08814432846849804,0.14186411943206245,14.461276636583705
11.99,22.247225851999968,21.898498818248182,0.3487270337517873,-0.19541258886978707,3.19163174750612,0.05720993596242336,0.1825930478904625,0.1825930478904625,0.1825930478904625,0.0,0.0,0,0.01,0.01,0.14526657651428765,0.286377776859565,18.297261368867897,0.01,0.07916838703985349,0.17537908799548432,4.725461441770391,0.01,0.074165458013256,0.16300689147644382,4.446757960910913,0.01,0.14306143196443372,0.4185378873867819,50.85614756410933,0.01,0.14225178348194945,0.3356504184374092,10.148510098351037,0.01,0.08817095570878672,0.14189097795153993,14.481643911926474
12.0,22.129629629629623,21.788390571126413,0.34123905850320757,-0.18883165515875744,3.13028343105307,0.05707865027368718,0.17867235321859576,0.17867235321859576,0.17867235321859576,0.0,0.0,0,0.01,0.01,0.1452222322029142,0.2863313261264442,18.25478777168615,0.01,0.0791227990184463,0.17533263726236348,4.733416652580838,0.01,0.07412009017550546,0.16296044074332297,4.453887203519076,0.01,0.14310059683242843,0.4185802322202087,50.96378307672058,0.01,0.14229302541307373,0.335692763270836,10.16366246226392,0.01,0.08819674312976074,0.14191697092823138,14.499756928217575
12.01,22.015736962814838,21.68208910967562,0.3336478531392192,-0.18213058421500086,3.0674613332940877,0.056951853145966735,0.1746976073846962,0.1746976073846962,0.1746976073846962,0.0,0.0,0,0.01,0.01,0.14517940148689432,0.28628648502927273,18.21464151565404,0.01,0.07907876802228661,0.17528779616519205,4.741684418140068,0.01,0.07407627496244669,0.16291559964615154,4.461318045457648,0.01,0.14313832895720952,0.4186210013759699,51.0667559774521,0.01,0.14233278045752137,0.3357335324265973,10.177606419830425,0.01,0.08822166929812085,0.1419420780079558,14.515706953173032
12.02,21.905524736000046,21.57964965841148,0.3258750775885673,-0.1753566569675124,3.0024449203713606,0.05682961591257774,0.1706277916233745,0.1706277916233745,0.1706277916233745,0.0,0.0,0,0.01,0.01,0.14513810885283945,0.2862432766395388,18.176749488886397,0.01,0.07903631924066117,0.17524458777545807,4.750195997981137,0.01,0.07403403711805125,0.16287239125641756,4.46898586212665,0.01,0.14317461712604082,0.4186601854926031,51.165105252726256,0.01,0.1423710349180485,0.3357727165432305,10.190398777844642,0.01,0.08824571828033864,0.1419662848123426,14.529627903639787
12.030000000000001,21.798968038074076,21.481099115275256,0.3178689227988209,-0.16856139809970122,2.934755418651931,0.056711975969249415,0.1664357787782128,0.1664357787782128,0.1664357787782128,0.0,0.0,0,0.01,0.01,0.14509836777579288,0.2862017120531412,18.141014190528633,0.01,0.0789954665645851,0.1752030231890605,4.7588735693693955,0.01,0.07399339008751925,0.16283082667001997,4.476817551201013,0.01,0.14320945943312474,0.41869778580369255,51.2589151801888,0.01,0.14240778445261199,0.33581031685431995,10.202113826129366,0.01,0.08826888044936208,0.14198958368072864,14.541690642555002
12.040000000000001,21.69604014459256,21.38643430590476,0.30960583868779795,-0.1617981947704622,2.864174725805848,0.05659893462309821,0.16210923805501543,0.16210923805501543,0.16210923805501543,0.0,0.0,0,0.01,0.01,0.1450601798971752,0.28616178966217853,18.10731748660583,0.01,0.07895621173295987,0.17516310079809783,4.7676337518722365,0.01,0.07395433518364894,0.16279090427905732,4.48473484364132,0.01,0.1432428638861616,0.4187338146494222,51.348312367389966,0.01,0.1424430348106043,0.33584634570004956,10.212840255263595,0.01,0.08829115299954526,0.14201197410084823,14.552095516531526
12.05,21.596712499999946,21.295621617650635,0.30109088234930864,-0.1551198643188183,2.7907513383475573,0.056490456593404945,0.15765081734190944,0.15765081734190944,0.15765081734190944,0.0,0.0,0,0.01,0.01,0.14502353474517157,0.2861234950089389,18.07552530306794,0.01,0.07891854403663141,0.17512480614485817,4.77639137229711,0.01,0.07391686131012466,0.16275260962581767,4.492657837290096,0.01,0.14327484855180442,0.4187682954714269,51.43346081959767,0.01,0.1424768020992019,0.3358808265220543,10.222677406815139,0.01,0.08831254015029638,0.1420334628122652,14.56106344938784
12.06,21.500954699851835,21.2085980086243,0.2923566912275357,-0.14857628871127326,2.7147931482172467,0.056386471162722204,0.15307760556470762,0.15307760556470762,0.15307760556470762,0.0,0.0,0,0.01,0.01,0.14498841000211857,0.2860868012195895,18.04549301784865,0.01,0.07888244058520268,0.17508811235550883,4.785063291538814,0.01,0.07388094524569157,0.16271591583646833,4.50050858547834,0.01,0.1433054412440109,0.41880126230228765,51.514555278129585,0.01,0.14250911257928023,0.335913793352915,10.231731023775739,0.01,0.08833305303400647,0.14205406358255576,14.568825996179331
12.07,21.408734473037114,21.125273320943545,0.2834611520935688,-0.142212228676154,2.636847621004629,0.0562868748969758,0.1484199121658758,0.1484199121658758,0.1484199121658758,0.0,0.0,0,0.01,0.01,0.1449547722972475,0.2860516699872181,18.017071278423593,0.01,0.07884786711450614,0.17505298112313739,4.793572109124532,0.01,0.0738465524663218,0.16268078460409688,4.508214567771083,0.01,0.14333467877987346,0.4188327587842113,51.591813166382224,0.01,0.1425400020113413,0.3359452898348386,10.240108700003182,0.01,0.08835270927883078,0.1420737966721084,14.57561483682521
12.08,21.320017663999984,21.04553376558089,0.27448389841909515,-0.13606542010743433,2.5576704950798534,0.05619153577841894,0.14371943313368607,0.14371943313368607,0.14371943313368607,0.0,0.0,0,0.01,0.01,0.1449225784783388,0.2860180530479041,17.990111950273523,0.01,0.0788147792871515,0.1750193641838234,4.801849564470989,0.01,0.07381363845710902,0.1626471676647829,4.5157118732635935,0.01,0.1433626058465123,0.41886283677260006,51.665465560336365,0.01,0.14256951459141018,0.33597536782322746,10.247915250270113,0.01,0.08837153231115419,0.14209268801828123,14.58165124082297
12.09,21.234768214962966,20.969246391832325,0.2655218231306383,-0.13016503998692108,2.4781847000931365,0.056100298529244134,0.1390269014858303,0.1390269014858303,0.1390269014858303,0.0,0.0,0,0.01,0.01,0.14489177729363592,0.28598589407066505,17.96447389630269,0.01,0.078783124415745,0.17498720520658434,4.809839466869352,0.01,0.0737821504429656,0.16261500868754383,4.522947939209084,0.01,0.14338927353931122,0.4188915545984241,51.73574765708797,0.01,0.14259770153417853,0.33600408564905143,10.255248234337179,0.01,0.08838955041542548,0.14211076818281285,14.587136058232462
12.1,21.15294814814827,20.89626431001806,0.2566838381302066,-0.1245306096147152,2.399431655449551,0.056012990849563266,0.13439934336084813,0.13439934336084813,0.13439934336084813,0.0,0.0,0,0.01,0.01,0.1448623113967956,0.2859551308635103,17.9400282985108,0.01,0.07875284351929734,0.1749564419994296,4.817500008897781,0.01,0.07375202944829981,0.16258424548038913,4.529883709289346,0.01,0.14341473764551205,0.4189189750777753,51.80288924366926,0.01,0.1426246193751987,0.3360315061284027,10.262193866929302,0.01,0.08840679559992852,0.14212807111716289,14.59224077977132
12.11,21.074517547999925,20.826432403659187,0.24808514434073858,-0.11917138042157448,2.3225174515699076,0.05592943025385403,0.12989707782093796,0.12989707782093796,0.12989707782093796,0.0,0.0,0,0.01,0.01,0.1448341195735849,0.28592569778430793,17.916663260448583,0.01,0.07872387360887285,0.17492700892022725,4.824805349346472,0.01,0.07372321258159284,0.16255481240118674,4.536495105399423,0.01,0.14343905675743815,0.41894516336709076,51.86710566626313,0.01,0.14265032807515104,0.33605769441771816,10.268823529375707,0.01,0.08842330232549261,0.14214463280837406,14.597100160190214
12.120000000000001,20.99943454340746,20.759593248447434,0.2398412949600282,-0.11408622328270794,2.2485566236911585,0.05584943116657304,0.12558060837898122,0.12558060837898122,0.12558060837898122,0.0,0.0,0,0.01,0.01,0.14480713908008974,0.2858975282373005,17.894287470465144,0.01,0.07869615008931666,0.17489883937321982,4.831746390266786,0.01,0.07369563543179225,0.1625266428541793,4.5427737431496285,0.01,0.14346229030598698,0.41897018476787523,51.92858976636632,0.01,0.14267488901671943,0.3360827158185026,10.275191068211806,0.01,0.08843910615977696,0.1421604898727402,14.601806814299266
12.13,20.92765528992592,20.69559295051801,0.2320623394079087,-0.10926401735715063,2.1786162929379214,0.055772811931284014,0.12150755677645786,0.12150755677645785,0.12150755677645786,0.0,0.0,0,0.01,0.01,0.14478130797873726,0.2858705571341786,17.872832758789855,0.01,0.07866960916029515,0.17487186827009787,4.838330715915885,0.01,0.07366923446005197,0.1624996717510574,4.548726861727988,0.01,0.14348449660725832,0.41899410258514924,51.98750518843446,0.01,0.14269836298812102,0.33610663363577664,10.281331022639076,0.01,0.08845424242236165,0.142175678165871,14.606408080403344
12.14,20.859133952000004,20.634286625786284,0.22484732621372255,-0.10468451032853923,2.1136633742292785,0.055699401398288,0.11772978470205642,0.11772978470205642,0.11772978470205642,0.0,0.0,0,0.01,0.01,0.144756567360534,0.2858447232026035,17.852255442564324,0.01,0.07864419010197769,0.1748460343385228,4.8445817064309065,0.01,0.07364394927264095,0.1624738378194823,4.554376481069109,0.01,0.1435057310131696,0.4190169761393363,52.04398137803538,0.01,0.14272080824668568,0.3361295071899637,10.287257869447252,0.01,0.08846874488535297,0.14219023147567295,14.610905309937388
12.15,20.793822685185095,20.57554326464246,0.2182794205426349,-0.10031959972369908,2.0545173439780156,0.055629044782428846,0.1142908373344298,0.1142908373344298,0.1142908373344298,0.0,0.0,0,0.01,0.01,0.14473286334937327,0.28581997103463097,17.83253641778539,0.01,0.07861983733827067,0.17482128217055026,4.850536882776465,0.01,0.07361972466859953,0.16244908565150976,4.559757840125332,0.01,0.14352604425073426,0.41903885902217836,52.09811048751801,0.01,0.1427422787510453,0.3361513900728057,10.292966314952062,0.01,0.08848264459061005,0.14220418035950183,14.615255596760273
12.16,20.731671618370378,20.51924976069088,0.2124218576794998,-0.09613496578802733,2.0018107385014274,0.05556160852377349,0.1112238245913022,0.11122382459130221,0.1112238245913022,0.0,0.0,0,0.01,0.01,0.1447101487966035,0.2857962527820281,17.81368002204216,0.01,0.07859650218311182,0.17479756391794737,4.8562455791998245,0.01,0.07359651236845735,0.16242536739890687,4.564917207042984,0.01,0.14354548102460912,0.4190597976740311,52.149946296519715,0.01,0.1427628226416345,0.3361723287246585,10.2984326032668,0.01,0.08849596883822324,0.1422175511786309,14.619375816741796
12.17,20.672628835999944,20.465313926506774,0.20731490949317213,-0.09209197104751697,1.95595913639917,0.05549698393685886,0.10854983277389707,0.10854983277389707,0.10854983277389707,0.0,0.0,0,0.01,0.01,0.14468838459057,0.2857735294241699,17.795711752787447,0.01,0.07857414419223378,0.17477484056008916,4.86176607238953,0.01,0.07357427234731861,0.16240264404104865,4.569909182803559,0.01,0.14356407894402246,0.41907983034324436,52.19950514462303,0.01,0.1427824810366603,0.3361923613938717,10.3036167536793,0.01,0.08850874039184996,0.1422303653726752,14.623148719091366
12.18,20.61664036029624,20.413666371178476,0.20297398911776812,-0.08814973080154055,1.917141888757682,0.05543508949628857,0.10627693218036582,0.10627693218036582,0.10627693218036582,0.0,0.0,0,0.01,0.01,0.14466754052565095,0.28575177155603765,17.77867497968773,0.01,0.07855273206310065,0.17475308269195697,4.867162321038041,0.01,0.07355297371595777,0.16238088617291646,4.574793642560653,0.01,0.14358186781891785,0.4190989864691361,52.246768771156745,0.01,0.1428012871950219,0.3362115175197635,10.30846559116176,0.01,0.08852097693540482,0.14224263900431092,14.626430705769256
12.19,20.563650133481488,20.36426117104219,0.19938896243929835,-0.08426725273265988,1.8852943248421277,0.05537587167445281,0.10439981660103181,0.10439981660103181,0.10439981660103181,0.0,0.0,0,0.01,0.01,0.14464759569737484,0.2857309596677097,17.76262683402586,0.01,0.07853224404835653,0.17473227080362902,4.8725004846495805,0.01,0.07353259511619399,0.16236007428458848,4.579632472899772,0.01,0.1435988693519076,0.419117286509298,52.29168886762287,0.01,0.14281926607958437,0.3362298175599254,10.312916396215469,0.01,0.08853269080296897,0.14225438259113746,14.629060858585179
12.200000000000001,20.513600000000007,20.317075323697793,0.19652467630221523,-0.08040554271232828,1.8601116040034285,0.055319304317668384,0.10290007988669192,0.10290007988669192,0.10290007988669192,0.0,0.0,0,0.01,0.01,0.14462853841341863,0.2857110839114417,17.747633491365637,0.01,0.07851266787196508,0.17471239504736097,4.87784539579669,0.01,0.07351312462059285,0.1623401985283205,4.584486268079373,0.01,0.14361509723334098,0.41913474221064084,52.334193075251875,0.01,0.14283643433463875,0.33624727326126824,10.316900975129725,0.01,0.08854388899027228,0.14226560122753792,14.630870729119353
12.21,20.46642968874071,20.272107033310427,0.1943226554302848,-0.0765295776149056,1.8410638318688162,0.0552653866167293,0.10174710445430724,0.10174710445430724,0.10174710445430724,0.0,0.0,0,0.01,0.01,0.14461036563350868,0.2856921433768087,17.733765085334298,0.01,0.07849400016109333,0.174693454512728,4.88325715623289,0.01,0.07349455915031489,0.1623212579936875,4.589411144578638,0.01,0.1436305576274563,0.419151357302758,52.37419210556595,0.01,0.1428528006713239,0.3362638883533854,10.320349939765883,0.01,0.0885545734423949,0.14227629498555477,14.631694392054676
12.22,20.422076795259212,20.2293729296717,0.19270386558751001,-0.0726100542139027,1.8274215346294764,0.05521413979349737,0.1008995080746794,0.1008995080746794,0.1008995080746794,0.0,0.0,0,0.01,0.01,0.14459308197337303,0.28567414491728615,17.721090500234254,0.01,0.07847624542956504,0.17467545605320547,4.888788015412702,0.01,0.07347690344756337,0.16230325953416497,4.594455822134607,0.01,0.14364525001918302,0.419167128572805,52.411587624920095,0.01,0.14286836663530778,0.3362796596234324,10.323196986067272,0.01,0.08856474159911641,0.14228645957075683,14.631378275013198
12.23,20.38047676400005,20.188904372062794,0.19157239193725845,-0.06862483553079284,1.8182901115342969,0.0551656026838014,0.10030706985678595,0.10030706985678595,0.10030706985678595,0.0,0.0,0,0.01,0.01,0.14457669832791245,0.2856571015920537,17.709672288585818,0.01,0.0784594146693252,0.17465841272797303,4.894479671315622,0.01,0.07346016865953492,0.16228621620893252,4.599659101807512,0.01,0.14365916837461748,0.4191820472640809,52.446280524568074,0.01,0.1428831277131531,0.3362945783147083,10.32538297113237,0.01,0.0885743871672682,0.14229608719741735,14.629790311998814
12.24,20.34156287051851,20.150743029503854,0.19081984101465538,-0.06456003169451005,1.8126514823672824,0.05511982644598145,0.0999130351151356,0.0999130351151356,0.0999130351151356,0.0,0.0,0,0.01,0.01,0.14456123018576073,0.28564103080382036,17.69956194782126,0.01,0.07844352362388687,0.17464234193973965,4.900361109574558,0.01,0.07344437060812434,0.16227014542069912,4.605047849371833,0.01,0.14367230255431943,0.4191961007265743,52.47817919323113,0.01,0.1428970747184503,0.3363086317772017,10.326859607407531,0.01,0.08858350107909219,0.14230516763755782,14.62682801750747
12.25,20.30526620370372,20.11493595976742,0.19033024393630382,-0.060410670684526914,1.80941083082031,0.05507686866182519,0.09965668268437422,0.09965668268437422,0.09965668268437422,0.0,0.0,0,0.01,0.01,0.144546695720673,0.2856259522263696,17.690795768845746,0.01,0.07842859083141615,0.17462726336228893,4.906447069404125,0.01,0.0734295278331338,0.16225506684324842,4.6106355664475895,0.01,0.14368463990798586,0.41920927423749704,52.50720741890302,0.01,0.1429101953867446,0.3363218052881244,10.327592617222116,0.01,0.08859207258745974,0.14231368939095615,14.622425139229513
12.26,20.271515647999916,20.081530429320164,0.1899852186797516,-0.056180934412559703,1.8074461298778346,0.05503678712085133,0.09947602788249299,0.09947602788249299,0.09947602788249299,0.0,0.0,0,0.01,0.01,0.14453311375415734,0.2856118856237834,17.683391439412965,0.01,0.07841463553438406,0.1746131967597027,4.912737194779706,0.01,0.07341565950582589,0.16224100024066218,4.616421603753942,0.01,0.1436961669721953,0.41922155290364765,52.53331156840326,0.01,0.14292247610004494,0.336334083954275,10.327564219496827,0.01,0.08860009044320928,0.14232164091837946,14.616556615324173
12.27,20.24023786562962,20.050568724390953,0.18966914123866843,-0.051883956525139004,1.8056580315340143,0.054999633588967776,0.0993105301213476,0.0993105301213476,0.0993105301213476,0.0,0.0,0,0.01,0.01,0.14452050168812175,0.2855988486666148,17.67734554838096,0.01,0.07840167555722492,0.1746001598025341,4.919215898197447,0.01,0.07340278331399881,0.1622279632834936,4.622391041748635,0.01,0.14370687118998346,0.41923292355551334,52.55646672708539,0.01,0.1429339036575821,0.3363454546061407,10.326774851427377,0.01,0.08860754409703342,0.14232901187827296,14.60924163557487
12.280000000000001,20.21135727881477,20.022083199434192,0.1892740793805787,-0.047541199124597984,1.8030177152721572,0.0549654478581798,0.09910367621616623,0.09910367621616623,0.09910367621616623,0.0,0.0,0,0.01,0.01,0.14450887350592126,0.2855868548485655,17.672632094304948,0.01,0.07838972525306749,0.1745881659844848,4.925852932914126,0.01,0.0733909134192365,0.1622159694654443,4.628515234472664,0.01,0.14371674257201578,0.4192433765453201,52.57668152620931,0.01,0.1429444670095147,0.33635590759594747,10.32524406061551,0.01,0.08861442486835779,0.14233579430796658,14.600544682183008
12.290000000000001,20.184796052000085,19.99609179370548,0.1887042582946049,-0.04318144535614702,1.7986104180252631,0.05493425235561627,0.09880531859324027,0.09880531859324027,0.09880531859324027,0.0,0.0,0,0.01,0.01,0.14449823793515615,0.28557591160062556,17.66920205484255,0.01,0.07837879361545001,0.17457722273654486,4.93260463886537,0.01,0.07338005858169873,0.16220502621750435,4.634752983729968,0.01,0.14372577522386384,0.41925290736756127,52.59400144130325,0.01,0.14295415887429583,0.3363654384181886,10.323010536615895,0.01,0.08862072702642763,0.14234198369409531,14.590574506710427
12.3,20.16047407407406,19.972594220363884,0.18787985371017352,-0.03883946257852881,1.7916726068664235,0.054906047558703625,0.09837366136223435,0.09837366136223435,0.09837366136223435,0.0,0.0,0,0.01,0.01,0.14448859685620735,0.28556601868852793,17.66698402394072,0.01,0.0783688826413186,0.17456732982444725,4.9394157981317575,0.01,0.073370220538103,0.16219513330540675,4.641052283239424,0.01,0.14373396867200638,0.4192615180304995,52.60851041133758,0.01,0.14296297716802267,0.3363740490811269,10.320131285254462,0.01,0.0886264487341505,0.14234757988315083,14.579481083078628
12.31,20.138308940592626,19.951568996837253,0.18673994375537162,-0.034554405793417065,1.7816210934150827,0.05488080842048478,0.09777680590560778,0.09777680590560778,0.09777680590560778,0.0,0.0,0,0.01,0.01,0.1444799440272985,0.285557166964344,17.665885873566992,0.01,0.07835998601806538,0.1745584781002633,4.946222009082638,0.01,0.07336139270493078,0.16218628158122278,4.6473525473804385,0.01,0.14374132893215294,0.4192692181202078,52.6203307035664,0.01,0.14297092618476356,0.3363817491708352,10.316679983900213,0.01,0.08863159281280827,0.1423525877915837,14.567450663344154
12.32,20.118215935999935,19.932971441949633,0.18524449405030283,-0.030368042442393252,1.7680728086320323,0.054858481957035216,0.09699379027106492,0.09699379027106492,0.09699379027106492,0.0,0.0,0,0.01,0.01,0.1444722641805316,0.28554933752485323,17.66579734795243,0.01,0.07835208819059204,0.17455064866077252,4.952952464760156,0.01,0.07335355926207822,0.16217845214173202,4.653587217093286,0.01,0.143747869276728,0.41927602551423027,52.62962103121605,0.01,0.14297801747995778,0.33638855656485767,10.312744590684776,0.01,0.08863616729513238,0.14235701788520483,14.554699149503877
12.33,20.100108015851852,19.91673271669004,0.1833752991618131,-0.026322887044960185,1.750854436987298,0.054838986090306074,0.0960150821160971,0.0960150821160971,0.0960150821160971,0.0,0.0,0,0.01,0.01,0.1444655325246706,0.2855425013088891,17.666593453517176,0.01,0.07834516384523411,0.1745438124448084,4.95953300205757,0.01,0.07334669465301022,0.1621716159257679,4.659686617726109,0.01,0.14375361067318057,0.4192819667191522,52.636573016595776,0.01,0.14298427042380113,0.33639449776977953,10.308424314517067,0.01,0.08864018574493711,0.14236088640929112,14.541464079680692
12.34,20.083895789036905,19.90275993393353,0.1811358551033741,-0.022460337095865795,1.7300016240506355,0.05482220977747568,0.09484251194907756,0.09484251194907756,0.09484251194907756,0.0,0.0,0,0.01,0.01,0.14445971467037017,0.28553661914420014,17.66813846888734,0.01,0.07833917782679868,0.17453793028011944,4.965889274759807,0.01,0.07334076351691779,0.16216573376107893,4.66558093103705,0.01,0.1437585818805004,0.41928707682445343,52.64140617731343,0.01,0.14298971240735103,0.33639960787508083,10.303826084298027,0.01,0.08864366733299425,0.14236421536317037,14.52799560364968
12.35,20.069487500000047,19.8909373104773,0.17855018952274881,-0.01881890004297089,1.7057479941335354,0.05480801439514205,0.09348866061695549,0.09348866061695549,0.09348866061695549,0.0,0.0,0,0.01,0.01,0.14445476697305135,0.28553164223255517,17.670290369302915,0.01,0.07833408548396796,0.17453295336847446,4.971949896572134,0.01,0.07333572104743293,0.16216075684943398,4.671203137161139,0.01,0.14376281920721806,0.4192913990831362,52.64436169210278,0.01,0.14299437870018475,0.3364039301337636,10.299060683088138,0.01,0.08864663667054991,0.14236703222554684,14.514546887105451
12.36,20.056789010963012,19.881128284998553,0.17566072596445925,-0.015432595141267505,1.6785047161758135,0.054796236286574276,0.09197574103569917,0.09197574103569917,0.09197574103569917,0.0,0.0,0,0.01,0.01,0.14445063726870513,0.2855275130409361,17.6729054401412,0.01,0.07832983341791566,0.17452882417685542,4.977649400845335,0.01,0.07333151375213885,0.1621566276578149,4.676491782964556,0.01,0.1437663659495662,0.41929498414692984,52.6456952704284,0.01,0.1429983119741595,0.3364075151975572,10.29423873401676,0.01,0.08864912341328259,0.14236936944878023,14.501364428027408
12.370000000000001,20.04570378414808,19.873178480414207,0.17252530373387476,-0.012329603879268264,1.6488318103852653,0.054786690325724634,0.09033403779478144,0.09033403779478144,0.09033403779478144,0.0,0.0,0,0.01,0.01,0.1444472659595232,0.28552416654771656,17.67584284637645,0.01,0.0783263605901574,0.17452547768363583,4.982930872078755,0.01,0.07332808056840251,0.16215328116459532,4.681393441248333,0.01,0.14376927154273345,0.41929788899959786,52.64566950094405,0.01,0.1430015615225201,0.3364104200502252,10.289466737285059,0.01,0.0886511616590661,0.14237126375117892,14.488678787773965
12.38,20.03613286399999,19.86691935079623,0.16921351320375444,-0.009531229073294257,1.6174027712460066,0.05477917430543116,0.0885999883281724,0.0885999883281724,0.0885999883281724,0.0,0.0,0,0.01,0.01,0.14444458739028418,0.28552153177663475,17.678968929868887,0.01,0.07832359972929435,0.17452284291255404,4.987748120762105,0.01,0.07332535427483654,0.16215064639351354,4.685864740735827,0.01,0.14377159047068241,0.41930017564528144,52.64454608342327,0.01,0.1430041822167275,0.3364127066959088,10.284843359798522,0.01,0.08865278917216121,0.14237275524556578,14.476696228277856
12.39,20.027974859407376,19.862172323258275,0.1658025361491013,-0.007051206387802864,1.5849643760660064,0.054773473921376464,0.08681400491876212,0.08681400491876212,0.08681400491876212,0.0,0.0,0,0.01,0.01,0.14444253144361255,0.2855195335388763,17.682161023548534,0.01,0.07832147896317447,0.17452084467479562,4.992067296719633,0.01,0.073323263124722,0.1621486481557551,4.689873869102579,0.01,0.14377338099030648,0.41930190961931485,52.64257835412245,0.01,0.14300623325444511,0.3364144406699422,10.280456169477256,0.01,0.08865404647402002,0.14237388644951082,14.46559170456104
12.4,20.02112592592601,19.858753225388792,0.16237270053722103,-0.00489539386685473,1.5522937390373428,0.05476936809949533,0.08501814719187817,0.08501814719187817,0.08501814719187817,0.0,0.0,0,0.01,0.01,0.14444102527314717,0.2855180942952407,17.68531060045556,0.01,0.07831992359366653,0.17451940543116,4.99586786606538,0.01,0.07332173261856544,0.1621472089121195,4.693401479383738,0.01,0.1437747037333568,0.41930315839608107,52.640004494463255,0.01,0.14300777676070903,0.3364156894467084,10.276378984778821,0.01,0.0886549758464295,0.1423747012273568,14.45550358722923
12.41,20.015479747999958,19.856476779630682,0.15900296836927688,-0.003061846039662341,1.5201547522745877,0.05476663440355457,0.08325375955464842,0.08325375955464842,0.08325375955464842,0.0,0.0,0,0.01,0.01,0.14443999508869249,0.2855171360464947,17.688325613748102,0.01,0.07831885792610965,0.17451844718241397,4.999142910998323,0.01,0.0733206873280046,0.16214625066337346,4.696440962133138,0.01,0.14377562025425444,0.4193039897719387,52.637041768640046,0.01,0.1430088763100847,0.3364165208225661,10.272669977158952,0.01,0.08865562029602156,0.1423752437163468,14.446530390067975
12.42,20.01092752118515,19.855160947694383,0.15576657349076434,-0.001541260297577731,1.489256027558121,0.05476505426178216,0.08155918715890664,0.08155918715890664,0.08155918715890664,0.0,0.0,0,0.01,0.01,0.14443936790673412,0.2855165821607098,17.69113192928327,0.01,0.07831820706472942,0.17451789329662906,5.001898748207198,0.01,0.07332005268267143,0.16214569677758855,4.698998079941872,0.01,0.14377619159341193,0.4193044703009352,52.633882070492376,0.01,0.14300959544033867,0.33641700135156255,10.269370621857146,0.01,0.08865602253011244,0.14237555728871984,14.438729657448931
12.43,20.00735793437038,19.854630920271827,0.15272701409855038,-0.00031776549242580187,1.4602123211487483,0.054764417766229076,0.07996767758278511,0.07996767758278511,0.07996767758278511,0.0,0.0,0,0.01,0.01,0.14443907318322827,0.28551635905147743,17.693673801601697,0.01,0.07831789858884554,0.17451767018739675,5.0041538978726186,0.01,0.07331975663530417,0.16214547366835624,4.701089994777474,0.01,0.1437764769239492,0.4193046638569907,52.630688979150555,0.01,0.14300999622768534,0.3364171949076181,10.26650554357893,0.01,0.08865622399239037,0.14237568359869096,14.432119036573036
12.44,20.00465715200015,19.85472255649514,0.149934595505011,0.0006297973284624531,1.4335113213967532,0.05476452780976814,0.07850557062624997,0.07850557062624997,0.07850557062624997,0.0,-0.0,0,0.01,0.01,0.14443903777378156,0.2855163976247284,17.696130508785824,0.01,0.07831785791312419,0.1745177087606477,5.006088669532492,0.01,0.07331972409606595,0.1621455122416072,4.70292841861837,0.01,0.1437765288759852,0.41930463039336063,52.62771727324781,0.01,0.1430101379904423,0.336417161443988,10.264083309242029,0.01,0.08865626170935846,0.14237566176098884,14.426881415321253
12.450000000000001,20.002708796296282,19.855284437323682,0.14742435897260006,0.0013245074151213598,1.4094938071512655,0.05476520255695837,0.07719121385141747,0.07719121385141747,0.07719121385141747,0.0,-0.0,0,0.01,0.01,0.1444391718676474,0.28551663414234046,17.69941662816148,0.01,0.07831799042881717,0.17451794527825976,5.008507753168601,0.01,0.07331986548497767,0.16214574875921925,4.705242612757908,0.01,0.14377637495600962,0.41930442520444755,52.625933636831235,0.01,0.14301004226754616,0.33641695625507495,10.26257027782449,0.01,0.08865615439546856,0.14237552786015395,14.424543469311196
12.46,20.00139392948144,19.85617938975197,0.14521453972947207,0.0017936275112355072,1.3883389374010802,0.05476627727790683,0.0760341552014221,0.0760341552014221,0.0760341552014221,0.0,-0.0,0,0.01,0.01,0.14443945523518797,0.28551701086322,17.70231052982851,0.01,0.07831827564886654,0.17451832199913928,5.010527170532453,0.01,0.07332015969066044,0.16214612548009877,4.7071152805970735,0.01,0.14377609762826557,0.41930409837730714,52.624211610004316,0.01,0.14300977583935115,0.3364166294279345,10.261735503015057,0.01,0.08865596026073823,0.14237531458635627,14.422860566293538
12.47,20.000591036000035,19.857286701576747,0.1433043344232887,0.0020671379867457517,1.3700429530934493,0.054767607010088475,0.0750339740419631,0.0750339740419631,0.0750339740419631,0.0,-0.0,0,0.01,0.01,0.14443984800316134,0.2855174769752618,17.70447716828322,0.01,0.07831867432416408,0.17451878811118107,5.011893611243876,0.01,0.07332056457869097,0.16214659159214057,4.708358103786768,0.01,0.14377574133886853,0.4193036939879055,52.6225383111893,0.01,0.1430094172396573,0.33641622503853286,10.261102668817122,0.01,0.08865571067229995,0.1423750507070098,14.421604021773941
12.48,20.000176004740702,19.85850299609472,0.141673008645982,0.0021753690975549267,1.3544107486143022,0.05476906760984935,0.07417981386236339,0.07417981386236339,0.07417981386236339,0.0,-0.0,0,0.01,0.01,0.1444403070741635,0.2855179889633801,17.705929795131745,0.01,0.07831914257230649,0.1745193000992994,5.012644176864404,0.01,0.07332103587418737,0.16214710358025888,4.7090251428776035,0.01,0.14377534178607668,0.4193032497842668,52.6209850408973,0.01,0.143009007293654,0.3364157808348942,10.260629227725913,0.01,0.08865543067741817,0.14237476085802256,14.42073761743569
12.49,20.00002211125917,19.859741721619006,0.1402803896401658,0.0021466455316252273,1.3410607226577356,0.054770555139723606,0.07345064025604309,0.07345064025604309,0.07345064025604309,0.0,-0.0,0,0.01,0.01,0.14444079451642597,0.285518510394575,17.706741543563382,0.01,0.07831964136536963,0.17451982153049428,5.01286657667885,0.01,0.07332153493293433,0.16214762501145377,4.709203122510747,0.01,0.1437749289730707,0.4193027973736905,52.61960759090477,0.01,0.1430085784489858,0.33641532842431787,10.260303553797295,0.01,0.08865514132466037,0.1423744656653569,14.420224165384186
12.5,20.0,19.86093150484138,0.13906849515862085,0.0020056177877555074,1.3294405025455591,0.05477198389091239,0.07281609378935183,0.07281609378935183,0.07281609378935183,0.0,-0.0,0,0.01,0.01,0.14444127853857383,0.2855190112248163,17.70698991030596,0.01,0.07832013787791516,0.17452032236073559,5.012649059240021,0.01,0.07332202945641357,0.16214812584169508,4.708974933549483,0.01,0.14377452771182206,0.4193023628237964,52.618449627743544,0.01,0.14300815747747422,0.3364148938744238,10.260115907245913,0.01,0.08865486001943666,0.14237418213746864,14.420028748119414
12.51,20.0,19.862013668671842,0.1379863313281566,0.0017719711903357784,1.319064143046051,0.05477328340218677,0.07224947413272398,0.07224947413272398,0.07224947413272398,0.0,-0.0,0,0.01,0.01,0.14444173291507192,0.2855194667542555,17.70674162451579,0.01,0.07832060500011277,0.17452077789017478,5.012067259561691,0.01,0.07332249282641799,0.16214858137113425,4.708410456567096,0.01,0.14377415839565094,0.41930196756817517,52.61754732489524,0.01,0.143007766391426,0.33641449861880257,10.260058286199826,0.01,0.08865460106538231,0.14237392425691928,14.420123130815178
12.52,20.0,19.86293957093458,0.13706042906542137,0.0014610725110632346,1.3101864930917657,0.05477439526359528,0.07176467284163213,0.07176467284163213,0.07176467284163213,0.0,-0.0,0,0.01,0.01,0.14444213599373465,0.28551985650703915,17.70604905803573,0.01,0.0783210203473954,0.17452116764295847,5.011181694034498,0.01,0.07332290306927779,0.16214897112391796,4.707565208262222,0.01,0.14377383789553305,0.419301629377303,52.616931959998375,0.01,0.14300742337722033,0.3364141604279304,10.260124941848169,0.01,0.088654376293288,0.14237370361469714,14.42048623234493
12.530000000000001,20.0,19.86366980932037,0.13633019067962762,0.001089801974451975,1.303185143595293,0.05477527216125445,0.07138232091693564,0.07138232091693564,0.07138232091693564,0.0,-0.0,0,0.01,0.01,0.14444246996320712,0.2855201638967108,17.704963777402984,0.01,0.07832136550132421,0.1745214750326301,5.010048468689193,0.01,0.07332324211460813,0.1621492785135896,4.706491285846526,0.01,0.14377358001637688,0.4193013626478095,52.6166241072554,0.01,0.14300714337071632,0.3364138936984369,10.26030842365894,0.01,0.08865419538353966,0.1423735295998085,14.421092443026879
12.540000000000001,20.0,19.864175336244145,0.13582466375585558,0.0006773961441318146,1.2983384047317275,0.0547758792156437,0.07111762763861662,0.07111762763861662,0.07111762763861662,0.0,-0.0,0,0.01,0.01,0.14444272094718605,0.28552037669557234,17.70354882533426,0.01,0.07832162607928697,0.1745216878314916,5.008728852505426,0.01,0.07332349591429119,0.1621494913124511,4.705246200134749,0.01,0.14377339520041846,0.4193011779941711,52.61662975343014,0.01,0.1430069378532698,0.3364137090447985,10.26059675513572,0.01,0.08865406566043722,0.14237340913373606,14.421906359080454
12.55,20.0,19.864438536976827,0.13556146302317154,0.0002444973065852731,1.2958150105131065,0.05477619527585242,0.07097981605724668,0.07097981605724668,0.07097981605724668,0.0,-0.0,0,0.01,0.01,0.14444287940736353,0.28552048748857956,17.701880134940247,0.01,0.07832179213487796,0.17452179862449885,5.007290297281443,0.01,0.07332365486348774,0.16214960210545837,4.703893374066925,0.01,0.1437732901440269,0.41930108185394255,52.61693989590589,0.01,0.1430068144599595,0.33641361290456995,10.260973391467294,0.01,0.08865399182428323,0.14237334641363464,14.422883755824877
12.56,20.0,19.86445374402014,0.13554625597986086,-0.00018784198802128095,1.2956692163486387,0.05477621353696779,0.07097185366798875,0.07097185366798875,0.07097185366798875,0.0,0.0,0,0.01,0.01,0.14444294044734104,0.2855204938899083,17.70004345401341,0.01,0.0783218584706195,0.17452180502582756,5.005803910818326,0.01,0.07332371410879883,0.16214960850678706,4.702499557664113,0.01,0.14377326667438808,0.41930107629919333,52.617563057365544,0.01,0.14300677664172518,0.33641360734982073,10.261419281648996,0.01,0.08865397518144577,0.1423733427898352,14.424028514183705
12.57,20.0,19.864227273284314,0.13577272671568405,-0.0005991539666042532,1.2978404644992048,0.05477594158339495,0.07109043346797461,0.07109043346797461,0.07109043346797461,0.0,0.0,0,0.01,0.01,0.14444288747423575,0.2855203985582013,17.69868280458931,0.01,0.07832180823890351,0.17452170969412065,5.004750333993853,0.01,0.07332365666243021,0.16214951317508014,4.701578933095001,0.01,0.14377331218330291,0.4193011590230052,52.618857580559464,0.01,0.14300680843578423,0.33641369007363253,10.262123167492405,0.01,0.08865400679332228,0.14237339675725805,14.425994324735948
12.58,20.0,19.863775866901342,0.13622413309865647,-0.0009731865694463844,1.302168307739427,0.054775399518991526,0.07132678929739622,0.07132678929739622,0.07132678929739622,0.0,0.0,0,0.01,0.01,0.14444273238631355,0.28552020854107046,17.69763100653399,0.01,0.07832165107937626,0.17452151967698976,5.004060825306573,0.01,0.07332349662072205,0.16214932315794925,4.700940654832335,0.01,0.1437734315683365,0.41930132390840236,52.62044035028577,0.01,0.14300691006493352,0.33641385495902976,10.262997453144488,0.01,0.08865409009464602,0.14237350432647108,14.428128433974598
12.59,20.0,19.86312557342757,0.13687442657242874,-0.0012934576741894133,1.3084031247731283,0.054774618622582205,0.07166728216404294,0.07166728216404294,0.07166728216404294,0.0,0.0,0,0.01,0.01,0.14444249455584515,0.2855199348036932,17.696599177278294,0.01,0.07832140866142176,0.17452124593961246,5.003463563960704,0.01,0.07332325230295829,0.16214904942057196,4.700382829903839,0.01,0.14377362069942012,0.41930156143786074,52.62212397321274,0.01,0.14300708384789101,0.3364140924884881,10.263878558204162,0.01,0.08865422229789306,0.14237365929047904,14.430130138308535
12.6,20.0,19.862311252910285,0.137688747089716,-0.0015459729866501796,1.3162108342169474,0.05477364075393725,0.07209365938983914,0.07209365938983914,0.07209365938983914,0.0,0.0,0,0.01,0.01,0.1444421872425327,0.28551959202042665,17.69562551581638,0.01,0.07832109469264213,0.17452090315634594,5.00297294703476,0.01,0.07332293720890101,0.16214870663730543,4.699924776817613,0.01,0.14377386946885695,0.4193018588748182,52.62381700392423,0.01,0.14300732234017488,0.3364143899254456,10.264693331162443,0.01,0.08865439635405564,0.1423738533425805,14.431888794215302
12.61,20.0,19.861374762799414,0.13862523720058348,-0.0017202790220086465,1.3251902511178593,0.054772516175712355,0.07258400446524926,0.07258400446524926,0.07258400446524926,0.0,0.0,0,0.01,0.01,0.14444182641348102,0.28551919781112406,17.694754346219174,0.01,0.07832072550637366,0.17452050894704332,5.00260937163574,0.01,0.07332256769618703,0.16214831242800282,4.6995857999968385,0.01,0.14377416490561115,0.4193022009271469,52.625438694547555,0.01,0.14300761352303373,0.3364147319777743,10.265396513207468,0.01,0.08865460318992294,0.142374076508563,14.433325111368857
12.620000000000001,20.0,19.860362819887257,0.13963718011274104,-0.001809842838767736,1.334893552250759,0.054771300986324586,0.07311385653503033,0.07311385653503033,0.07311385653503033,0.0,0.0,0,0.01,0.01,0.14444143020792696,0.2855187718410795,17.694024451854695,0.01,0.07832031967264724,0.17452008297699878,5.002387183107618,0.01,0.07332216233251102,0.16214788645795827,4.6993792710389295,0.01,0.1437744920919953,0.419302570528898,52.62691430186127,0.01,0.14300794270444,0.33641510157952537,10.26595527406252,0.01,0.08865483236179549,0.14237431765610817,14.434378474645316
12.63,20.0,19.859324692616983,0.14067530738301642,-0.0018122639139141882,1.344848377057672,0.05477005434903614,0.07365741870266174,0.07365741870266174,0.07365741870266174,0.0,0.0,0,0.01,0.01,0.14444101804169057,0.2855183348495823,17.693467144148965,0.01,0.07831989708841712,0.17451964598550154,5.002313780528828,0.01,0.07332174097546872,0.16214744946646104,4.699312046311399,0.01,0.1437748349343509,0.419302949683792,52.628177622397715,0.01,0.14300829360048534,0.3364154807344194,10.26634592782227,0.01,0.08865507259665854,0.14237456504464424,14.435007718441137
12.64,20.0,19.858309826179045,0.14169017382095264,-0.001729296127282316,1.3545805869300445,0.05476883564018796,0.07418880152696095,0.07418880152696095,0.07418880152696095,0.0,0.0,0,0.01,0.01,0.14444060966529937,0.2855179076501988,17.693104954802703,0.01,0.0783194780121421,0.17451921878611812,5.002389416707534,0.01,0.07332132380941755,0.1621470222670776,4.699384292712208,0.01,0.14377517694982725,0.4193033203329338,52.62917381114139,0.01,0.14300864922613,0.33641585138356117,10.266553617963607,0.01,0.08865531234339431,0.1423748068912539,14.435192427705108
12.65,20.0,19.85736551074395,0.14263448925604946,-0.001566676140292628,1.3636366267675624,0.0547677016490745,0.07468324393255621,0.07468324393255621,0.07468324393255621,0.0,0.0,0,0.01,0.01,0.14444022422690636,0.2855175101492362,17.692950765219745,0.01,0.07831908210214535,0.1745188212851555,5.002607341645363,0.01,0.07332093038807605,0.162146624766115,4.699589625330426,0.01,0.1437755020515112,0.41930366520640217,52.629861696893116,0.01,0.14300899273448653,0.33641619625702956,10.266572489872884,0.01,0.08865554032305499,0.14237503192634496,14.43493341755727
12.66,20.0,19.856534700910117,0.14346529908988065,-0.0013337685788122606,1.3716044514964798,0.054766703959255876,0.07511825494430524,0.07511825494430524,0.07511825494430524,0.0,0.0,0,0.01,0.01,0.1444398793837324,0.28551716042788045,17.693007403221593,0.01,0.07831872750394334,0.17451847156379974,5.002954267557392,0.01,0.07332057872742864,0.1621462750447592,4.699915545618703,0.01,0.14377579529716675,0.41930396861926233,52.63021542989583,0.01,0.14300930821348518,0.33641649966988973,10.266405682935845,0.01,0.08865574605404235,0.14237522991332796,14.434252249830378
12.67,20.0,19.855854085624678,0.1441459143753221,-0.0010430480409196908,1.37813206209157,0.05476588663053756,0.07547462427441587,0.07547462427441587,0.07547462427441587,0.0,0.0,0,0.01,0.01,0.14443959050268573,0.2855168739297866,17.69326771821198,0.01,0.07831843002833339,0.1745181850657059,5.003411128245947,0.01,0.07332028449042861,0.1621459885466654,4.700344154830714,0.01,0.14377604356749352,0.419304217175834,52.630225388833885,0.01,0.14300958141600237,0.33641674822646134,10.266064972765902,0.01,0.0886559203282689,0.14237539210863517,14.433189809527105
12.68,20.0,19.855352494150768,0.14464750584923072,-0.0007094455356049344,1.382942824922587,0.05476528428443491,0.07573725695600497,0.07573725695600497,0.07573725695600497,0.0,0.0,0,0.01,0.01,0.14443936998584833,0.2855166627901336,17.69371512290016,0.01,0.0783182024569548,0.1745179739260529,5.003954092477643,0.01,0.07332006029988723,0.1621457774070124,4.700853104809634,0.01,0.14377623614369373,0.4193044003510914,52.629898315163274,0.01,0.14300980039405112,0.3364169314017188,10.265570039891236,0.01,0.0886560556170315,0.14237551164167536,14.431804017998742
12.69,20.0,19.85504970611499,0.14495029388501143,-0.000349592888959817,1.3858469156079856,0.05476492067488514,0.07589579640080557,0.07589579640080557,0.07589579640080557,0.0,0.0,0,0.01,0.01,0.1444392267499267,0.28551653533477206,17.69432456792808,0.01,0.0783180540052976,0.17451784647069132,5.004555779917438,0.01,0.07331991520916838,0.16214564995165082,4.701416737902127,0.01,0.1437763651595284,0.41930451092449794,52.629256678814826,0.01,0.14300995601040686,0.33641704197512534,10.264947391891326,0.01,0.08865614638907343,0.14237558379849266,14.430166798063238
12.700000000000001,20.0,19.85495571323574,0.14504428676426112,1.8997159211109907e-05,1.3867484248765085,0.05476480780142848,0.07594501095729567,0.07594501095729567,0.07594501095729567,0.0,-0.0,0,0.01,0.01,0.1444391658809227,0.28551649576949373,17.695063895962267,0.01,0.07831798996510302,0.17451780690541305,5.00518661964786,0.01,0.07331985435226898,0.16214561038637254,4.702007359751354,0.01,0.14377642590947873,0.41930454524902966,52.628337315034344,0.01,0.14301004230677963,0.336417076299657,10.264228989917035,0.01,0.0886561893278142,0.142375606197771,14.428360439021086
12.71,20.0,19.855070412478184,0.1449295875218152,0.00037844880666887566,1.3856483161871926,0.05476494554058069,0.07588495457438893,0.07588495457438893,0.07588495457438893,0.0,-0.0,0,0.01,0.01,0.14443918026919894,0.2855165440508907,17.696170116898713,0.01,0.07831800326815302,0.17451785518681,5.006020367834163,0.01,0.07331987030921233,0.1621456586677695,4.702818864136013,0.01,0.14377641073545963,0.4193045033628899,52.627407990180814,0.01,0.14301005424343685,0.3364170344135172,10.263485032917938,0.01,0.08865617907348286,0.1423755788639969,14.426858452986407
12.72,20.0,19.855383417672765,0.14461658232723432,0.0007109718700583203,1.3826462344227444,0.05476532141959224,0.07572106543775048,0.07572106543775048,0.07572106543775048,0.0,-0.0,0,0.01,0.01,0.1444392636059471,0.28551667580706025,17.697710982358696,0.01,0.07831808633019595,0.17451798694297954,5.007139334880182,0.01,0.07331995756275414,0.16214579042393903,4.703884826104171,0.01,0.14377632026712903,0.4193043890582592,52.626578727714545,0.01,0.14300997537429957,0.3364169201088866,10.262995248460383,0.01,0.08865611583391396,0.1423755042723578,14.425860178367945
12.73,20.0,19.855874756328003,0.14412524367199606,0.001000927938579201,1.377933811687907,0.0547659114533403,0.0754638011194636,0.0754638011194636,0.0754638011194636,0.0,-0.0,0,0.01,0.01,0.14443942009337546,0.285516882630905,17.699268938812423,0.01,0.07831824413570945,0.17451819376682431,5.008217797522702,0.01,0.07332011978210506,0.1621459972477838,4.704894496870696,0.01,0.14377616862245574,0.41930420962708537,52.625612051867186,0.01,0.1430098278265396,0.33641674067771277,10.262554571873702,0.01,0.08865600967705178,0.14237538718265647,14.424898799861355
12.74,20.0,19.856516322241404,0.14348367775859588,0.0012355569222335528,1.3717807141410479,0.05476668188893707,0.07512787799274168,0.07512787799274168,0.07512787799274168,0.0,-0.0,0,0.01,0.01,0.1444396422374347,0.28551715269156264,17.700705979347372,0.01,0.07831846950262843,0.1745184638274819,5.00914841900881,0.01,0.07332034889426269,0.1621462673084414,4.7057583953921425,0.01,0.14377596478396693,0.41930397533110025,52.62455247058728,0.01,0.143009623990325,0.3364165063817276,10.262133582364541,0.01,0.08865586690806995,0.14237523429308424,14.424008872552225
12.75,20.0,19.857273625560016,0.14272637443998268,0.0014052709850244252,1.364517831040863,0.05476759130758571,0.07473135490235927,0.07473135490235927,0.07473135490235927,0.0,-0.0,0,0.01,0.01,0.14443991803926112,0.28551747147103645,17.701946734604906,0.01,0.07831875034187777,0.17451878260695575,5.0098804917816295,0.01,0.07332063246365299,0.16214658608791524,4.70643317854049,0.01,0.14377571983091342,0.4193036987633266,52.623452649545506,0.01,0.14300937530348523,0.33641622981395397,10.261748244113946,0.01,0.08865569529042086,0.1423750538230984,14.42323048638474
12.76,20.0,19.858107658965974,0.14189234103402587,0.0015038570077679449,1.3565193506820095,0.05476859286588098,0.07429465603219221,0.07429465603219221,0.07429465603219221,0.0,-0.0,0,0.01,0.01,0.14444023302112768,0.2855178225497091,17.70293638671955,0.01,0.07831907191320693,0.17451913368562838,5.010383078379108,0.01,0.0733209556054888,0.16214693716658787,4.706891391983424,0.01,0.14377544648099114,0.4193033941671627,52.62236566597116,0.01,0.14300909478115253,0.33641592521779007,10.261415529977848,0.01,0.08865550373719439,0.14237485506862602,14.422597294862362
12.77,20.0,19.85897687708628,0.14102312291371893,0.0015286414053987487,1.3481837560745527,0.054769636673020726,0.07383953448867164,0.07383953448867164,0.07383953448867164,0.0,-0.0,0,0.01,0.01,0.14444057121142426,0.28551818843952464,17.70363506023292,0.01,0.07831941789470857,0.1745194995754439,5.01063863394036,0.01,0.07332130194740152,0.1621473030564034,4.707117444871139,0.01,0.14377515843985172,0.41930307671398687,52.62134250712006,0.01,0.14300879656499413,0.3364156077646142,10.261149667850484,0.01,0.08865530185504057,0.14237464793030183,14.422135138079078
12.780000000000001,20.0,19.85983923118026,0.14016076881973996,0.001480511793918288,1.3399142998826812,0.0547706722343046,0.07338800694093206,0.07338800694093206,0.07338800694093206,0.0,-0.0,0,0.01,0.01,0.14444091598166353,0.2855185514404535,17.70401794095167,0.01,0.07831977125632163,0.1745198625763728,5.010642034705681,0.01,0.07332165447510981,0.1621476660573323,4.707107223724869,0.01,0.14377486972550743,0.41930276176035525,52.62042973288063,0.01,0.14300849523759387,0.3364152928109826,10.260961351099963,0.01,0.08865509947038046,0.1423744424285588,14.421861067020348
12.790000000000001,20.0,19.860654169516287,0.1393458304837133,0.001363775450652013,1.3320998196931468,0.054771650853317616,0.07296130622600039,0.07296130622600039,0.07296130622600039,0.0,-0.0,0,0.01,0.01,0.14444125085771273,0.28551889448253165,17.704075782942937,0.01,0.07832011509565119,0.17452020561845094,5.010400188362099,0.01,0.07332199635924544,0.16214800909941043,4.706867831388953,0.01,0.14377459399748255,0.41930246411746797,52.619667400524854,0.01,0.14300820512229492,0.33641499516809537,10.260857319451082,0.01,0.08865490615904807,0.14237424822692535,14.421782787296761
12.8,20.0,19.86138451146273,0.13861548853726846,0.0011858612196275738,1.3250967753938392,0.05477252788235201,0.0725789000770738,0.0725789000770738,0.0725789000770738,0.0,-0.0,0,0.01,0.01,0.14444156029499863,0.28551920191475644,17.70381487272963,0.01,0.07832043343501971,0.17452051305067573,5.009931320477751,0.01,0.07332231174592599,0.1621483165316352,4.706416921389395,0.01,0.14377434392147032,0.419302197366499,52.619087350132226,0.01,0.1430079396138314,0.3364147284171264,10.260840148021554,0.01,0.08865473080093242,0.14237407418544729,14.421898552729866
12.81,20.0,19.86199811052099,0.13800188947900838,0.000956882283442185,1.3192133193406743,0.05477326471929041,0.07225762036146055,0.07225762036146055,0.07225762036146055,0.0,-0.0,0,0.01,0.01,0.14444183038685338,0.2855194602051534,17.703256310169152,0.01,0.07832071195039957,0.17452077134107272,5.009263803788567,0.01,0.0733225864781505,0.1621485748220322,4.705781583536808,0.01,0.14377413059839245,0.4193019732508032,52.61871192396798,0.01,0.14300771057119127,0.3364145043014306,10.26090823850601,0.01,0.08865458117985245,0.1423739279644302,14.422197505417255
12.82,20.0,19.86246923352485,0.13753076647515092,0.0006890840058767238,1.3146960934445804,0.05477383046359538,0.07201094093348459,0.07201094093348459,0.07201094093348459,0.0,-0.0,0,0.01,0.01,0.14444204947530206,0.28551965852137273,17.702434627498587,0.01,0.07832093860118548,0.17452096965729202,5.008434560881807,0.01,0.07332280871651625,0.16214877313825152,4.70499682819595,0.01,0.1437739630830876,0.41930180117166727,52.61855316967817,0.01,0.14300752779973733,0.33641433222229467,10.261056007483674,0.01,0.08865446364630042,0.1423738156958334,14.422660435543595
12.83,20.0,19.862779598543,0.137220401457001,0.0003962059986528542,1.3117202997350965,0.054774203162444496,0.07184843418999276,0.07184843418999276,0.07184843418999276,0.0,-0.0,0,0.01,0.01,0.1444422086384056,0.28551978916762033,17.70139581912575,0.01,0.07832110413425526,0.17452110030353962,5.007487115292997,0.01,0.0733229694329755,0.16214890378449914,4.704103744069754,0.01,0.14377384801298151,0.41930168780869526,52.6186125528213,0.01,0.1430073986446678,0.33641421885932266,10.261274258204267,0.01,0.08865438285726027,0.1423737417359983,14.423260915129386
12.84,20.0,19.862919031704077,0.13708096829592056,9.27909206006718e-05,1.3103834215214398,0.054774370599284083,0.07177542715757323,0.07177542715757323,0.07177542715757323,0.0,-0.0,0,0.01,0.01,0.1444423020347193,0.2855198478611724,17.700194883752822,0.01,0.07832120244225314,0.1745211589970917,5.006469384927899,0.01,0.07332306275801706,0.1621489624780512,4.703147418874431,0.01,0.14377378936135393,0.41930163687946054,52.61888117915456,0.01,0.14300732771204983,0.3364141679300879,10.261550713785617,0.01,0.08865434160328521,0.14237370850917871,14.423966742959202
12.85,20.0,19.862885728857446,0.13711427114255517,-0.00020643829875995246,1.3107027268155185,0.05477433060791968,0.07179286448729505,0.07179286448729505,0.07179286448729505,0.0,0.0,0,0.01,0.01,0.14444232658412678,0.28551983384253793,17.69891014962497,0.01,0.07832123053819877,0.17452114497845722,5.005436958910214,0.01,0.07332308537266292,0.16214894845941671,4.702195722034792,0.01,0.1437737859697383,0.41930164904364653,52.61942229700108,0.01,0.14300731543044282,0.3364141800942739,10.261888571262025,0.01,0.08865433909020297,0.14237371644522046,14.424885558190507
12.86,20.0,19.862686137466135,0.13731386253386657,-0.00048790219594952214,1.3126164044682,0.05477409093065123,0.07189737029540566,0.07189737029540566,0.07189737029540566,0.0,0.0,0,0.01,0.01,0.1444422685020565,0.2855197498257479,17.698093246545437,0.01,0.07832117325415089,0.1745210609616672,5.004830269842377,0.01,0.07332302423074492,0.1621488644426267,4.701660663115297,0.01,0.14377383067291252,0.4193017219461001,52.62040323754474,0.01,0.14300734924001937,0.33641425299672745,10.262428874729574,0.01,0.08865437019746682,0.14237376400771648,14.426332558519222
12.870000000000001,20.0,19.86233358624196,0.13766641375803942,-0.0007403841895976782,1.3159966983953155,0.05477366757273229,0.07208196568471825,0.07208196568471825,0.07208196568471825,0.0,0.0,0,0.01,0.01,0.14444214468562003,0.2855196014215013,17.697362085190747,0.01,0.0783210474846411,0.17452091255742055,5.00436661191339,0.01,0.07332289668792243,0.16214871603838005,4.7012291565173445,0.01,0.14377392695903723,0.4193018507174803,52.621533288922585,0.01,0.1430074332667815,0.3364143817681077,10.263047311164447,0.01,0.08865443742415068,0.1423738480205505,14.427808726810799
12.88,20.0,19.8618479205723,0.1381520794277022,-0.0009526292653060005,1.3206533916014864,0.054773084364691214,0.0723362596347038,0.0723362596347038,0.0723362596347038,0.0,0.0,0,0.01,0.01,0.14444196534190043,0.2855193969836829,17.696649248772474,0.01,0.07832086454771761,0.17452070811960219,5.003967270857512,0.01,0.07332271256248059,0.16214851160056168,4.700856145979325,0.01,0.14377407035734133,0.41930202810768996,52.62271577308816,0.01,0.14300756674666615,0.3364145591583173,10.263654237338342,0.01,0.08865453769315852,0.1423739637547436,14.429168791132039
12.89,20.0,19.86125485313261,0.13874514686738917,-0.0011154708812968468,1.326340016416918,0.054772372182681356,0.07264678901997113,0.07264678901997113,0.07264678901997113,0.0,0.0,0,0.01,0.01,0.14444174018385597,0.2855191473359843,17.69598516973748,0.01,0.07832063441535755,0.17452045847190364,5.003646296986245,0.01,0.07332248178603498,0.16214826195286314,4.700556558428422,0.01,0.14377425321726792,0.4193022447234446,52.62389006658922,0.01,0.1430077434682564,0.336414775774072,10.264205670303124,0.01,0.08865466566147016,0.1423741050831589,14.430343774246225
12.9,20.0,19.860584613130424,0.1394153868695771,-0.0012222931029997933,1.3327667880886718,0.054771567326613965,0.07299772586447373,0.07299772586447373,0.07299772586447373,0.0,0.0,0,0.01,0.01,0.1444414807982774,0.2855188652032853,17.69539999826038,0.01,0.0783203689408016,0.17452017633920455,5.003417002664528,0.01,0.07332221622692874,0.16214797982016405,4.700342891893993,0.01,0.1437744660892469,0.4193024895220533,52.62500074617596,0.01,0.14300795447951722,0.33641502057268063,10.264672705790684,0.01,0.08865481471655473,0.14237426480233845,14.43128168251945
12.91,20.0,19.85987041724057,0.14012958275942988,-0.0012692665530095518,1.339615250214167,0.05477070968414842,0.07337167795793798,0.07337167795793798,0.07337167795793798,0.0,0.0,0,0.01,0.01,0.14444120013416234,0.28551856456798014,17.694919579961873,0.01,0.0783200813840066,0.17451987570389946,5.003288197764398,0.01,0.07332192913691077,0.16214767918485895,4.700223348244161,0.01,0.1437746983026584,0.419302750370277,52.62599692491423,0.01,0.14300818918268277,0.3364152814209043,10.265034111908593,0.01,0.0886549773863311,0.1423744349968366,14.431943499395974
12.92,20.0,19.85914683953577,0.14085316046422744,-0.0012554632812131704,1.34655389383786,0.054769840773339726,0.0737505423582202,0.0737505423582202,0.0737505423582202,0.0,0.0,0,0.01,0.01,0.14444091186457406,0.2855182599837961,17.69456427807043,0.01,0.07831978576009135,0.1745195711197154,5.003263778317923,0.01,0.07332163449722942,0.16214737460067488,4.700201525253248,0.01,0.14377493850505194,0.41930301463995723,52.62683421575125,0.01,0.1430084360335661,0.33641554569058457,10.265274897996601,0.01,0.08865514571745912,0.14237460742763827,14.43230408112923
12.93,20.0,19.85844815413751,0.14155184586249175,-0.0011828370455665652,1.3532540452767439,0.05476900175245575,0.07411637317727982,0.07411637317727982,0.07411637317727982,0.0,0.0,0,0.01,0.01,0.14444062972708216,0.28551796587813705,17.694348136326077,0.01,0.07831949616303518,0.1745192770140563,5.003342650443813,0.01,0.07332134634438343,0.1621470804950158,4.700276350437892,0.01,0.14377517521289865,0.41930326981344235,52.62747663508324,0.01,0.14300868314999005,0.33641580086406975,10.265386274658916,0.01,0.08865531166125876,0.1423747739270954,14.432352953617434
12.94,20.0,19.85780672780192,0.14219327219807984,-0.0010560695126291765,1.359405282882965,0.05476823148968153,0.07445222322123024,0.07445222322123024,0.07445222322123024,0.0,0.0,0,0.01,0.01,0.14444036687553208,0.28551769587546005,17.69427835384732,0.01,0.07831922610032445,0.17451900701137935,5.003518889577412,0.01,0.07332107810798619,0.16214681049233884,4.7004422323344075,0.01,0.14377539735537495,0.4193035040705945,52.6278981080394,0.01,0.14300891889059558,0.33641603512122187,10.265365768111108,0.01,0.0886554674549097,0.14237492678198627,14.432094477782856
12.950000000000001,20.0,19.857251536685276,0.1427484633147226,-0.0008822916058144741,1.364729669975452,0.054767564781874986,0.07474292061012744,0.07474292061012744,0.07474292061012744,0.0,0.0,0,0.01,0.01,0.14444013527324065,0.28551746217293417,17.694355090785944,0.01,0.07831898786953781,0.1745187733088535,5.003782121222701,0.01,0.0733208419914521,0.16214657678981298,4.700689418921622,0.01,0.14377559478662355,0.41930370683028073,52.628083486760744,0.01,0.14300913240089658,0.33641623788090813,10.265217157480365,0.01,0.08865560598079417,0.14237505908700224,14.43154733423404
12.96,20.0,19.856806874394813,0.14319312560518607,-0.0006706955017831293,1.3689941583776601,0.054767030802979885,0.07497574524096884,0.07497574524096884,0.07497574524096884,0.0,0.0,0,0.01,0.01,0.14443994515523184,0.2855172749966262,17.694571608028465,0.01,0.07831879200525797,0.1745185861325455,5.004118101514761,0.01,0.07332064842368205,0.162146389613505,4.701004542839625,0.01,0.14377575874322862,0.4193038692218872,52.62802903970528,0.01,0.14300931410788717,0.3364164002725146,10.264950155270558,0.01,0.08865572108765123,0.1423751650526616,14.430743356447008
12.97,20.0,19.856491308098125,0.14350869190187399,-0.0004320577592405032,1.3720206152628458,0.05476665185030003,0.07514097536753472,0.07514097536753472,0.07514097536753472,0.0,0.0,0,0.01,0.01,0.14443980458333955,0.28551714216210816,17.694914728152625,0.01,0.07831864682082885,0.17451845329802743,5.004509466840263,0.01,0.07332050560603078,0.16214625677898692,4.701371324542274,0.01,0.14377588222664983,0.4193039844661894,52.62774239755662,0.01,0.14300945614279173,0.3364165155168167,10.264579827560592,0.01,0.08865580785928914,0.14237524025411782,14.42972577642903
12.98,20.0,19.856316926618867,0.1436830733811339,-0.00017819788075001684,1.3736930489329582,0.05476644244141755,0.07523228129656223,0.07523228129656223,0.07523228129656223,0.0,0.0,0,0.01,0.01,0.14443971911314343,0.2855170687579722,17.695365590016397,0.01,0.07831855806450647,0.17451837989389152,5.0049366144614,0.01,0.07332041917385283,0.162146183374851,4.701771397703047,0.01,0.14377596029432527,0.4193040481496056,52.62724196670074,0.01,0.14300955267418625,0.33641657920023293,10.264125778986244,0.01,0.08865586281936845,0.14237528181038275,14.428546972280824
12.99,20.0,19.856288909774488,0.1437110902255099,7.860082188043422e-05,1.3739617501853165,0.05476640879691485,0.07524695088197364,0.07524695088197364,0.07524695088197364,0.0,-0.0,0,0.01,0.01,0.14443969155736183,0.2855170569645642,17.695901617843358,0.01,0.07831852869311758,0.17451836810048346,5.005378933769359,0.01,0.07332039194109347,0.16214617158144295,4.702186399524102,0.01,0.1437759902477963,0.4193040583812169,52.62655584622082,0.01,0.14300960013801134,0.33641658943184427,10.263611142338503,0.01,0.08865588406401848,0.14237528848698605,14.427265829251832
13.0,20.0,19.856405353121037,0.1435946468789626,0.0003257585126668834,1.3728449787193797,0.054766548629860634,0.0751859812882949,0.0751859812882949,0.0751859812882949,0.0,-0.0,0,0.01,0.01,0.14443971306078054,0.2855171059802197,17.696793410353088,0.01,0.07831854962424116,0.17451841711613897,5.006041729549233,0.01,0.07332041489413664,0.1621462205970985,4.702832772307509,0.01,0.14377596484857152,0.41930401585663923,52.625960063837326,0.01,0.14300959236655328,0.3364165469072666,10.263130786023991,0.01,0.08865586649952838,0.14237526073775558,14.426370193858626
13.01,20.0,19.856657215293126,0.14334278470687392,0.0005511690088712063,1.370429467456516,0.054766851082579504,0.07505410656336975,0.07505410656336975,0.07505410656336975,0.0,-0.0,0,0.01,0.01,0.1444397844819598,0.28551721199909674,17.697886959510402,0.01,0.07831862108881657,0.174518523135016,5.00682765718734,0.01,0.07332048942068475,0.1621463266159755,4.703577043290785,0.01,0.1437758902497653,0.4193039238772712,52.625355408587666,0.01,0.14300952385441684,0.3364164549278986,10.262806430165814,0.01,0.08865581432339377,0.14237520071736354,14.425680395442107
13.02,20.0,19.857028997038594,0.1429710029614073,0.000744386197030679,1.3668639033912722,0.05476729754214946,0.07485944209665363,0.07485944209665363,0.07485944209665363,0.0,-0.0,0,0.01,0.01,0.1444399060725226,0.2855173684969981,17.698959139361968,0.01,0.07831874393128081,0.1745186796329174,5.007558711748903,0.01,0.0733206152622425,0.1621464831138769,4.704259677664737,0.01,0.14377577444199657,0.41930378810247126,52.62466077934166,0.01,0.14300941012387697,0.33641631915309866,10.26250174750565,0.01,0.08865573324268135,0.14237511211949078,14.425019375052873
13.030000000000001,20.0,19.85749982290629,0.14250017709370835,0.0008970624925462299,1.3623485424520407,0.054767862939474665,0.07461291824880645,0.07461291824880645,0.07461291824880645,0.0,-0.0,0,0.01,0.01,0.14444007155038832,0.285517566686681,17.699931458658778,0.01,0.078318911991183,0.1745188778226003,5.008175604771276,0.01,0.07332078577078979,0.1621466813035598,4.704831352209595,0.01,0.14377562405831276,0.41930361615478623,52.62391060195424,0.01,0.14300925905897938,0.3364161472054136,10.262213122841716,0.01,0.0886556279070255,0.14237499991902264,14.424415730913491
13.040000000000001,20.0,19.858044688287336,0.14195531171266185,0.0010030954071889087,1.357123236827694,0.054768517246942955,0.0743276274024246,0.0743276274024246,0.0743276274024246,0.0,-0.0,0,0.01,0.01,0.14444027201776868,0.2855177960427674,17.70075594658848,0.01,0.0783191162680564,0.17451910717868666,5.008647420124361,0.01,0.07332099175378254,0.16214691065964615,4.7052653007921315,0.01,0.1437754471654409,0.4193034171648333,52.62314188877066,0.01,0.14300907892288958,0.33641594821546067,10.261952544318154,0.01,0.08865550396865861,0.14237487007483646,14.423896423247257
13.05,20.0,19.858635783345722,0.14136421665427681,0.0010587748662817843,1.3514547258653733,0.054769227068406715,0.07401813075359198,0.07401813075359198,0.07401813075359198,0.0,-0.0,0,0.01,0.01,0.1444404970482444,0.285518044859022,17.701397037703703,0.01,0.07831934613376941,0.17451935599494126,5.0089550577232735,0.01,0.0733212225023389,0.16214715947590075,4.705544504286866,0.01,0.14377525286003917,0.41930320128807896,52.622391473611174,0.01,0.14300887904296009,0.33641573233870636,10.261731455804606,0.01,0.08865536780266499,0.14237472921426783,14.42348362824023
13.06,20.0,19.859243889979304,0.14075611002069513,0.001062875971099733,1.3456232298754667,0.054769957316830875,0.0736997268648154,0.0736997268648154,0.0736997268648154,0.0,-0.0,0,0.01,0.01,0.14444073532535548,0.2855183008363766,17.701829508836884,0.01,0.07831959001688776,0.17451961197229587,5.009088473352151,0.01,0.07332146642225289,0.16214741545325537,4.705660100902478,0.01,0.14377505080803082,0.4193029791948709,52.621694296729636,0.01,0.14300866941400533,0.3364155102454983,10.261559192070857,0.01,0.08865522618399757,0.1423745843001831,14.423193864706837
13.07,20.0,19.85983980207279,0.1401601979272065,0.0010166448809939002,1.339908825470851,0.054770672919862075,0.07338770802230055,0.07338770802230055,0.07338770802230055,0.0,-0.0,0,0.01,0.01,0.14444097522027002,0.28551855168076623,17.702038781560567,0.01,0.0783198360023199,0.17451986281668552,5.009046248712165,0.01,0.07332171161985199,0.16214766629764502,4.705611232389377,0.01,0.14377485077179275,0.4193027615518484,52.621081812620716,0.01,0.14300846021230795,0.33641529260247577,10.26144252865335,0.01,0.08865508595596418,0.1423744422925136,14.423037383767939
13.08,20.0,19.860395704963786,0.13960429503621305,0.000923670879357678,1.3345782176131011,0.05477134047636299,0.07309663794922483,0.07309663794922483,0.07309663794922483,0.0,-0.0,0,0.01,0.01,0.1444412053531484,0.2855187856838044,17.702021205864472,0.01,0.07832007240905073,0.1745200968197237,5.008835288718958,0.01,0.07332194647446807,0.16214790030068316,4.705404803338632,0.01,0.1437746621462697,0.4193025585181194,52.62058060129901,0.01,0.1430082613101367,0.3364150895687468,10.26138542869797,0.01,0.08865495370500744,0.1423743098195256,14.423017860921759
13.09,20.0,19.860886450785443,0.13911354921455515,0.0007896517592526042,1.3298725153558997,0.05477192978785749,0.07283968403787477,0.07283968403787477,0.07283968403787477,0.0,-0.0,0,0.01,0.01,0.1444414151243327,0.2855189922596364,17.701783912625995,0.01,0.07832028833636297,0.17452030339555571,5.008470241387223,0.01,0.07332216018006084,0.1621481068765152,4.705054932782591,0.01,0.14377449352532143,0.41930237927934516,52.62021124663738,0.01,0.14300808181781557,0.3364149103299725,10.261388932822483,0.01,0.08865483545671299,0.14237419287391714,14.423132404150273
13.1,20.0,19.861290672432443,0.13870932756755722,0.0006220661226790643,1.3259965590041325,0.054772415196146805,0.07262803407843632,0.07262803407843632,0.07262803407843632,0.0,-0.0,0,0.01,0.01,0.14444159519325037,0.2855191624138684,17.701344183192692,0.01,0.07832047415693352,0.1745204735497877,5.007972594573713,0.01,0.07332234323276796,0.1621482770307472,4.704582094216928,0.01,0.14377435231789834,0.4193022316406716,52.61998752840506,0.01,0.1430079296744369,0.336414762691299,10.261451189861674,0.01,0.08865473640676959,0.1423740965473815,14.42337187066046
13.11,20.0,19.861591687965333,0.1384083120346658,0.00042977052580012767,1.3231102587986796,0.054772776669253516,0.0724704227139783,0.0724704227139783,0.0724704227139783,0.0,-0.0,0,0.01,0.01,0.14444173788427536,0.2855192891242857,17.70072836479017,0.01,0.07832062193568706,0.17452060026020497,5.00736948370993,0.01,0.0733224878431534,0.16214840374116446,4.70401198517615,0.01,0.143774244430819,0.4193021216961531,52.619915958253294,0.01,0.1430078113052355,0.3364146527467805,10.261567623330581,0.01,0.088654660698615,0.1423740248151165,14.423721469909651
13.120000000000001,20.0,19.861778158460016,0.13822184153998185,0.0002225425460617147,1.3213222976647305,0.05477300059129124,0.07237278699127658,0.07237278699127658,0.07237278699127658,0.0,-0.0,0,0.01,0.01,0.1444418375025294,0.28551936761778557,17.699970390311186,0.01,0.07832072575689968,0.17452067875370486,5.006692268926062,0.01,0.07332258825589291,0.16214848223466438,4.703374183384674,0.01,0.14377417403133658,0.41930205358823003,52.61999567252447,0.01,0.14300773136000555,0.3364145846388574,10.261731222311777,0.01,0.08865461125698597,0.14237398037908636,14.4241616168299
13.13,20.0,19.861844474975513,0.13815552502448725,1.0592870101496342e-05,1.3206864292655411,0.05477308022706815,0.07233806374496166,0.07233806374496166,0.07233806374496166,0.0,-0.0,0,0.01,0.01,0.14444189054728532,0.28551939553328176,17.699109979640987,0.01,0.07832078194677675,0.17452070666920105,5.005974951384561,0.01,0.07332264096445937,0.16214851015016055,4.702700655680321,0.01,0.1437741433985542,0.41930202936619176,52.6202186774453,0.01,0.14300769254272186,0.33641456041681916,10.261932939800667,0.01,0.08865458968369522,0.14237396457583074,14.424668988964118
13.14,20.0,19.861790882545694,0.1382091174543054,-0.00019580702052093583,1.3212002940667038,0.05477301587093214,0.07236612467559578,0.07236612467559578,0.07236612467559578,0.0,0.0,0,0.01,0.01,0.14444189343099909,0.2855193729739046,17.698270855249824,0.01,0.07832078707076909,0.1745206841098239,5.005304953235737,0.01,0.07332264210856318,0.1621484875907834,4.702095479696888,0.01,0.14377414959699436,0.41930204894077433,52.620683984083044,0.01,0.1430076928517616,0.3364145799914017,10.262199207881991,0.01,0.08865459392720035,0.14237397734693058,14.425418854466853
13.15,20.0,19.86162321769609,0.13837678230391195,-0.0003878196274454576,1.3228079368426398,0.05477281453156243,0.07245391378556065,0.07245391378556065,0.07245391378556065,0.0,0.0,0,0.01,0.01,0.14444184000826968,0.28551930239651213,17.69773996806297,0.01,0.07832073351834613,0.17452061353243142,5.004929628354254,0.01,0.0733225865392872,0.16214841701339092,4.701756581883935,0.01,0.1437741900681542,0.41930211018001473,52.621406435737455,0.01,0.14300772510779278,0.33641464123064213,10.262599790841216,0.01,0.08865462212322539,0.14237401730156,14.42645286484988
13.16,20.0,19.861351933692568,0.13864806630743265,-0.0005575050529455597,1.3254091497244724,0.054772488761477785,0.07259595775764349,0.07259595775764349,0.07259595775764349,0.0,0.0,0,0.01,0.01,0.14444174311947608,0.28551918820136973,17.697231471533772,0.01,0.07832063495068874,0.17452049933728903,5.004617101430304,0.01,0.07332248685375299,0.16214830281824852,4.701465087375327,0.01,0.1437742660855346,0.4193022092653542,52.6222089020772,0.01,0.14300779283004436,0.33641474031598156,10.263033276757167,0.01,0.08865467522540825,0.14237408194876128,14.427468126262855
13.17,20.0,19.860992005131514,0.1390079948684868,-0.0006973176615081794,1.328860380749108,0.054772056542527155,0.0727844159115143,0.0727844159115143,0.0727844159115143,0.0,0.0,0,0.01,0.01,0.14444160909097942,0.28551903669197903,17.69674062840019,0.01,0.07832049815241145,0.17452034782789833,5.004351392205165,0.01,0.07332234932190042,0.16214815130885785,4.701216919394571,0.01,0.14377437375683855,0.419302340726632,52.623036495816464,0.01,0.14300789419606597,0.33641487177725937,10.26344924922623,0.01,0.08865475053377196,0.14237416772016329,14.428388267315848
13.18,20.0,19.860562277368473,0.13943772263152507,-0.0008012968812160493,1.332980963640565,0.05477154050473637,0.07300942084208173,0.07300942084208173,0.07300942084208173,0.0,0.0,0,0.01,0.01,0.1444414450512027,0.28551885580121206,17.696289420510013,0.01,0.07832033042375246,0.17452016693713135,5.004143007420187,0.01,0.07332218124322415,0.16214797041809081,4.701022482152838,0.01,0.143774507376187,0.41930249767989625,52.62384823492995,0.01,0.14300802427601775,0.3364150287305236,10.263820696652438,0.01,0.0886548440597569,0.14237427012499218,14.429169112151005
13.19,20.0,19.86008448343108,0.139915516568919,-0.0008653116522946396,1.3375625356883123,0.054770966745857574,0.07325959316268948,0.07325959316268948,0.07325959316268948,0.0,0.0,0,0.01,0.01,0.14444125936909671,0.2855186546774747,17.695898224881944,0.01,0.07832014032793763,0.17451996581339402,5.0040004936470215,0.01,0.07332199118810952,0.1621477692943535,4.700889769459978,0.01,0.1437746600972752,0.4193026721866696,52.62460612365266,0.01,0.1430081764763456,0.336415203237297,10.264129025968801,0.01,0.08865495101113811,0.1423743839843173,14.42977664070139
13.200000000000001,20.0,19.85958215429089,0.1404178457091071,-0.00088720481268676,1.342379479639085,0.05477036352284434,0.07352261208543931,0.07352261208543931,0.07352261208543931,0.0,0.0,0,0.01,0.01,0.14444106125311904,0.2855184432259832,17.69558416789707,0.01,0.07831993729696306,0.17451975436190248,5.003929139550017,0.01,0.07332178857818723,0.162147557842862,4.700823698900101,0.01,0.14377482431714775,0.419302855652131,52.62527565406927,0.01,0.1430083431923251,0.33641538670275833,10.264360548046074,0.01,0.0886550660629958,0.14237450369071594,14.430185997264756
13.21,20.0,19.85907947128685,0.1409205287131495,-0.0008668495561062726,1.3471999231116687,0.05476975987383124,0.07378581629087,0.07378581629087,0.07378581629087,0.0,0.0,0,0.01,0.01,0.14444086029953437,0.28551823162569306,17.695360378011486,0.01,0.07831973116941364,0.17451954276161233,5.003930772350028,0.01,0.07332158322402477,0.16214734624257182,4.700825946387849,0.01,0.14377499205473013,0.41930303924435924,52.62582722304827,0.01,0.1430085162700516,0.3364155702949866,10.26450588777009,0.01,0.08865518362313383,0.1423746234817306,14.430382199804816
13.22,20.0,19.858600113362954,0.14139988663704706,-0.0008061112590847032,1.3517967913631572,0.054769184233850035,0.0740368075128961,0.0740368075128961,0.0740368075128961,0.0,0.0,0,0.01,0.01,0.14444066603210373,0.28551802984405095,17.695235455569215,0.01,0.07831953171833766,0.1745193409799702,5.004003747550319,0.01,0.07332138485467707,0.1621471444609297,4.700894938946128,0.01,0.14377515533541593,0.41930321431538714,52.626237401641646,0.01,0.1430086874243305,0.3364157453660145,10.264560028462457,0.01,0.08865529810160307,0.14237473771457124,14.430360597046416
13.23,20.0,19.858166152829337,0.1418338471706621,-0.000708716890991637,1.3559583984998247,0.054768663108777906,0.07426402871695492,0.07426402871695492,0.07426402871695492,0.0,0.0,0,0.01,0.01,0.14444048745518476,0.2855178471721779,17.695213165082436,0.01,0.07831934819244374,0.17451915830809717,5.004143101018757,0.01,0.0733212026613003,0.16214696178905666,4.7010259985977,0.01,0.14377530656651785,0.41930337280444563,52.6264899027071,0.01,0.14300884863758656,0.33641590385507303,10.26452237223077,0.01,0.08865540417393714,0.14237484112926585,14.430126861599776
13.24,20.0,19.857797050425113,0.1422029495748881,-0.0005800397028378751,1.3594980896339421,0.054768219868500424,0.07445729028387804,0.07445729028387804,0.07445729028387804,0.0,0.0,0,0.01,0.01,0.14444033264089784,0.2855176918018569,17.69529236050976,0.01,0.07831918889186032,0.17451900293777617,5.004340852903556,0.01,0.0733210448759104,0.16214680641873566,4.701211628224328,0.01,0.1437754388864798,0.41930350760486623,52.626576196985305,0.01,0.14300899253312946,0.33641603865549363,10.264396652101698,0.01,0.08865549702613668,0.14237492908815394,14.42969650665369
13.25,20.0,19.85750879484339,0.14249120515661,-0.0004268110064036319,1.362262499796347,0.054767873713532186,0.074608220553527,0.074608220553527,0.074608220553527,0.0,0.0,0,0.01,0.01,0.14444020836903437,0.28551757046333415,17.69546714268351,0.01,0.07831906079765981,0.17451888159925347,5.004586446357364,0.01,0.0733209184043359,0.16214668508021296,4.701441923442025,0.01,0.14377554647205662,0.41930361287817414,52.62649575396368,0.01,0.1430091127089059,0.3364161439288015,10.264190660059688,0.01,0.08865557257031359,0.14237499778096172,14.429093955132837
13.26,20.0,19.857313224161725,0.14268677583827402,-0.0002567741194952664,1.364138069086173,0.05476763886007327,0.07471062112298921,0.07471062112298921,0.07471062112298921,0.0,0.0,0,0.01,0.01,0.1444401198355252,0.28551748813969297,17.695727237013433,0.01,0.07831896927143199,0.17451879927561226,5.004867297954709,0.01,0.07332082852948095,0.16214660275657175,4.701705088780887,0.01,0.1437756247899554,0.41930368430173115,52.62625590284831,0.01,0.1430092040177612,0.33641621535235855,10.263915795676164,0.01,0.08865562762149524,0.14237504438652887,14.42835121173583
13.27,20.0,19.857217557275128,0.1427824427248716,-7.829798935770279e-05,1.3650555431120508,0.05476752397725713,0.07476071218767699,0.07476071218767699,0.07476071218767699,0.0,0.0,0,0.01,0.01,0.14444007044173202,0.2855174478696244,17.696058569348764,0.01,0.07831891783755374,0.17451875900554373,5.005169431907078,0.01,0.07332077869736778,0.16214656248650322,4.701988032020022,0.01,0.14377567078233466,0.41930371923970133,52.62587132671629,0.01,0.14300926278245985,0.33641625029032873,10.263586456494194,0.01,0.08865566002811592,0.14237506718448906,14.427506206406449
13.280000000000001,20.0,19.857224152211458,0.14277584778854235,0.00010001490653046343,1.3649922955786595,0.0547675318968728,0.07475725908708986,0.07475725908708986,0.07475725908708986,0.0,-0.0,0,0.01,0.01,0.14444006097820883,0.28551745064570017,17.696467291768254,0.01,0.07831890741353387,0.17451876178161946,5.005494063074228,0.01,0.07332076962617483,0.16214656526257895,4.7022971844507895,0.01,0.14377568271355123,0.41930371683120427,52.62537246032011,0.01,0.1430092869368959,0.33641624788183166,10.263219303971953,0.01,0.08865566858552737,0.1423750656128781,14.426615463926009
13.290000000000001,20.0,19.857330394051722,0.14266960594827735,0.00026934253051838627,1.3639734051185755,0.05476765947875333,0.0747016309896098,0.0747016309896098,0.0747016309896098,0.0,-0.0,0,0.01,0.01,0.1444400843300109,0.2855174953671959,17.697155800153322,0.01,0.0783189304264707,0.1745188065031152,5.006001963291006,0.01,0.0733207943086022,0.16214660998407468,4.702788638331662,0.01,0.14377565499546469,0.41930367803120194,52.624986932618754,0.01,0.14300926984011192,0.3364162090818293,10.262919327987568,0.01,0.08865564928119593,0.1423750402948481,14.426086633417595
13.3,20.0,19.85752875672669,0.14247124327330965,0.00042150628512440037,1.3620710614990144,0.054767897684996285,0.0745977685358723,0.0745977685358723,0.0745977685358723,0.0,-0.0,0,0.01,0.01,0.14444014338277905,0.28551757886610274,17.697923079798908,0.01,0.07831898970325886,0.17451889000202203,5.006546939729296,0.01,0.07332085576137969,0.16214669348298152,4.703302360164608,0.01,0.14377559519722785,0.41930360558795654,52.6245470294965,0.01,0.14300921332015223,0.33641613663858394,10.262699243878444,0.01,0.08865560744190028,0.14237499302393786,14.425608997635873
13.31,20.0,19.857807384551947,0.1421926154480535,0.0005495692536468353,1.3593989846036343,0.05476823227834676,0.07445187934772057,0.07445187934772057,0.07445187934772057,0.0,-0.0,0,0.01,0.01,0.14444023657215285,0.28551769615191297,17.698657370383565,0.01,0.07831908400324229,0.17451900728783226,5.00703948591679,0.01,0.07332095207606809,0.16214681076879178,4.70376127445926,0.01,0.14377550772747977,0.419303503830743,52.62404999114092,0.01,0.14300912678611083,0.3364160348813704,10.262488838951269,0.01,0.08865554619425955,0.14237492662547946,14.4251560607713
13.32,20.0,19.858150888244538,0.14184911175546122,0.0006480996015714352,1.3561047846939083,0.054768644778161436,0.07427202123486576,0.07427202123486576,0.07427202123486576,0.0,-0.0,0,0.01,0.01,0.1444403589243052,0.2855178407466871,17.699312302345877,0.01,0.07831920838508515,0.17451915188260644,5.007445786807482,0.01,0.0733210780428768,0.16214695536356594,4.7041371410831925,0.01,0.14377539748903437,0.4193033783792731,52.62352075833202,0.01,0.14300901560279403,0.33641590942990046,10.262291635944216,0.01,0.08865546897331192,0.14237484476688703,14.424748255308058
13.33,20.0,19.85854122836436,0.14145877163563975,0.0007132576149225077,1.3523614837616647,0.05476911352136213,0.07406763962606033,0.07406763962606033,0.07406763962606033,0.0,-0.0,0,0.01,0.01,0.14444050390827398,0.2855180050569214,17.69985701564452,0.01,0.07831935622398013,0.17451931619284067,5.007746793267211,0.01,0.07332122692936935,0.16214711967380016,4.704413294904657,0.01,0.14377527032463022,0.4193032358212021,52.62298524580673,0.01,0.14300888574072693,0.3364157668718295,10.262116163764544,0.01,0.08865537987293481,0.14237475174711156,14.424403612058699
13.34,20.0,19.858958654172934,0.1410413458270647,0.0007428958525194325,1.3483585062089007,0.05476961478993028,0.07384907598378732,0.07384907598378732,0.07384907598378732,0.0,-0.0,0,0.01,0.01,0.1444406640513411,0.2855181807687427,17.700268528199825,0.01,0.07831951989532068,0.174519491904662,5.0079308341574205,0.01,0.07332139106650888,0.1621472953856215,4.704579321084118,0.01,0.14377513271478962,0.4193030833693793,52.62246892948422,0.01,0.14300874385890883,0.33641561442000667,10.261970076458473,0.01,0.08865528343474928,0.1423746522728896,14.424136647794331
13.35,20.0,19.859382686729568,0.14061731327043273,0.0007366062253927911,1.3442922471334777,0.054770123991506145,0.073627053056321,0.073627053056321,0.073627053056321,0.0,-0.0,0,0.01,0.01,0.1444408313642612,0.2855183592617294,17.700531094141073,0.01,0.07831969122539115,0.1745196703976487,5.007992437957279,0.01,0.07332156227291863,0.1621474738786082,4.704630456410258,0.01,0.14377499145278774,0.41930292850289913,52.62199566659335,0.01,0.14300859699657598,0.3364154595535265,10.26185945248817,0.01,0.08865518442025183,0.14237455122445777,14.42395780147155
13.36,20.0,19.85979310702993,0.14020689297006858,0.0006956895444345469,1.3403565947771057,0.054770616846017535,0.07341215748956964,0.07341215748956964,0.07341215748956964,0.0,-0.0,0,0.01,0.01,0.1444409977412178,0.28551853202485655,17.70063647926514,0.01,0.07831986190503093,0.17451984316077584,5.007932120649966,0.01,0.07332173226151774,0.16214764664173534,4.704567507475201,0.01,0.1437748533148403,0.4193027786062516,52.62158661616494,0.01,0.14300845223164918,0.33641530965687894,10.261788528202931,0.01,0.08865508757959004,0.14237445342007002,14.42387306023085
13.370000000000001,20.0,19.860170904018364,0.13982909598163634,0.0006230463125314224,1.3367338404822968,0.05477107052409617,0.0732143434490018,0.0732143434490018,0.0732143434490018,0.0,-0.0,0,0.01,0.01,0.14444115534747146,0.2855186910555555,17.700584093152916,0.01,0.07832002388834722,0.17452000219147482,5.0077561360176395,0.01,0.07332189303493708,0.1621478056724343,4.7043966326265,0.01,0.14377472474043054,0.4193026406230655,52.621259314537454,0.01,0.14300831634536312,0.33641517167369284,10.261759547530488,0.01,0.08865499742745152,0.14237436339008575,14.423883801344587
13.38,20.0,19.86049913911226,0.13950086088773817,0.0005229951764322052,1.333586391664429,0.05477146468521256,0.07304247995572832,0.07304247995572832,0.07304247995572832,0.0,-0.0,0,0.01,0.01,0.14444129698214841,0.28551882922363336,17.700380798041284,0.01,0.07832016976586877,0.17452014035955268,5.007476011096912,0.01,0.07332203725533776,0.16214794384051218,4.704128900199191,0.01,0.14377461153743554,0.4193025207402864,52.62102694696499,0.01,0.14300819551014624,0.3364150517909138,10.261772710902983,0.01,0.08865491803634332,0.14237428517095974,14.42398685479812
13.39,20.0,19.86076368875897,0.13923631124102948,0.00040102942428842916,1.3310496560625127,0.05477178236932939,0.07290396208462668,0.07290396208462668,0.07290396208462668,0.0,-0.0,0,0.01,0.01,0.1444414164006783,0.2855189405838532,17.700040380958825,0.01,0.07832029309674406,0.1745202517197725,5.007107857582619,0.01,0.07332215857253192,0.162148055200732,4.7037796333136646,0.01,0.1437745186252739,0.41930242411686136,52.62089784476386,0.01,0.14300809501492187,0.33641495516748876,10.261826222041746,0.01,0.08865485285652028,0.142374222128302,14.424174778542453
13.4,20.0,19.860953833313577,0.13904616668642153,0.00026352469867175436,1.3292264003616072,0.05477201070400147,0.07280440262864729,0.07280440262864729,0.07280440262864729,0.0,-0.0,0,0.01,0.01,0.1444415085829611,0.28551902062382606,17.699582716760524,0.01,0.07832038868575684,0.17452033175974535,5.00667148976663,0.01,0.07332225189620349,0.16214813524070484,4.703367574365531,0.01,0.14377444982716606,0.41930235466853527,52.62087522591731,0.01,0.14300801903978394,0.3364148857191626,10.261916427786762,0.01,0.08865480457032947,0.1423741768165615,14.424436327719855
13.41,20.0,19.861062668649843,0.13893733135015732,0.00011741307659839426,1.3281828083078362,0.054772141398608344,0.07274741657983752,0.07274741657983752,0.07274741657983752,0.0,-0.0,0,0.01,0.01,0.1444415699361652,0.28551906643728264,17.69903266760905,0.01,0.0783204527937123,0.1745203775732019,5.006189393156985,0.01,0.07332231360098268,0.1621481810541614,4.702913911788834,0.01,0.1437744077199804,0.41930231491739817,52.62095718475146,0.01,0.1430079704893409,0.3364148459680255,10.262038041936366,0.01,0.08865477498689785,0.14237415088095162,14.424757090718217
13.42,20.0,19.86108732594684,0.1389126740531588,-3.0160138798261756e-05,1.3279463769724935,0.05477217100824706,0.07273450604931953,0.07273450604931953,0.07273450604931953,0.0,0.0,0,0.01,0.01,0.14444159842443355,0.28551907681659644,17.69841877649283,0.01,0.07832048327317095,0.17452038795251576,5.005685594868668,0.01,0.07332234165660047,0.16214819143347525,4.702441217382707,0.01,0.14377439354718385,0.41930230591152395,52.62113692460336,0.01,0.1430079508909954,0.33641483696215135,10.262184440312831,0.01,0.08865476498102265,0.14237414500508577,14.425120257741023
13.43,20.0,19.86102902101547,0.13897097898452956,-0.00017209560709894998,1.3285054456714542,0.054772100992946736,0.0727650344399966,0.0727650344399966,0.0727650344399966,0.0,0.0,0,0.01,0.01,0.144441589994509,0.28551905227355073,17.697893826798982,0.01,0.0783204761129647,0.17452036340947003,5.005271613804257,0.01,0.0733223318305422,0.16214816689042952,4.702073765005208,0.01,0.14377440362965047,0.4193023272069093,52.62152698608645,0.01,0.14300795682049958,0.3364148582575367,10.262396814051186,0.01,0.08865477196816261,0.14237415889922755,14.425727625358459
13.44,20.0,19.860892697680555,0.13910730231944518,-0.0003026215895533976,1.3298126152880123,0.05477193728942698,0.0728364131712439,0.0728364131712439,0.0728364131712439,0.0,0.0,0,0.01,0.01,0.14444154443971102,0.2855189948892218,17.697533229325696,0.01,0.07832043010905251,0.17452030602514107,5.005027332442808,0.01,0.07332228469567455,0.16214810950610056,4.701849544347724,0.01,0.14377443836110224,0.41930237699772965,52.62205085699985,0.01,0.14300798558489147,0.33641490804835705,10.262687427018523,0.01,0.08865479618841607,0.14237419138527255,14.426454493626437
13.450000000000001,20.0,19.8606864648023,0.13931353519770004,-0.0004161330733177918,1.331790144503498,0.05477168963506672,0.07294439645378625,0.07294439645378625,0.07294439645378625,0.0,0.0,0,0.01,0.01,0.1444414697834676,0.28551890807699454,17.697180220296477,0.01,0.07832035407383489,0.17452021921291383,5.004817024026714,0.01,0.07332220795308154,0.16214802269387332,4.701653191788598,0.01,0.14377449737664258,0.41930245232200936,52.62261819470891,0.01,0.14300803908095636,0.33641498337263676,10.262989126752124,0.01,0.08865483743124396,0.14237424053090186,14.4271494573466
13.46,20.0,19.86042152169089,0.13957847830911088,-0.0005076223664296081,1.3343306616191455,0.054771371478372056,0.07308312034252418,0.07308312034252418,0.07308312034252418,0.0,0.0,0,0.01,0.01,0.1444413703958572,0.2855187965511614,17.696843374517695,0.01,0.07832025257795978,0.1745201076870807,5.004641187966453,0.01,0.07332210601288995,0.1621479111680402,4.701488992428599,0.01,0.1437745775495061,0.4193025490889415,52.623195463478545,0.01,0.14300811531659258,0.33641508013956883,10.263272905725989,0.01,0.08865489351972644,0.1423743036673464,14.427769260363483
13.47,20.0,19.86011160214341,0.13988839785659024,-0.000573245104655676,1.3373024914461555,0.054770999311390615,0.07324539383811834,0.07324539383811834,0.07324539383811834,0.0,0.0,0,0.01,0.01,0.14444125149282672,0.28551866609288734,17.69653800629657,0.01,0.07832013095796751,0.17451997722880666,5.00450707594219,0.01,0.07332198421845834,0.16214778070976615,4.7013639042761755,0.01,0.14377467466708946,0.4193026622820433,52.623754698112144,0.01,0.14300821049480894,0.33641519333267067,10.263521907165895,0.01,0.08865496150743193,0.14237437752186266,14.428285201359598
13.48,20.0,19.859772265648942,0.14022773435105837,-0.0006104646213824053,1.340556447779846,0.05477059181859655,0.07342307001113768,0.07342307001113768,0.07342307001113768,0.0,0.0,0,0.01,0.01,0.1444411190925348,0.2855185232518422,17.69627781504165,0.01,0.07831999537329651,0.17451983438776147,5.004420097214929,0.01,0.07332184873132146,0.16214763786872097,4.701282975838538,0.01,0.14377478379322564,0.4193027862181301,52.624269910572835,0.01,0.1430083198006234,0.33641531726875745,10.263724129105372,0.01,0.08865503793841967,0.142374458386629,14.428675123777944
13.49,20.0,19.859420123343806,0.14057987665619165,-0.0006181378655155744,1.3439332524538492,0.0547701689474117,0.07360745129094182,0.07360745129094182,0.07360745129094182,0.0,0.0,0,0.01,0.01,0.14444097971964256,0.285518375020367,17.696074080428343,0.01,0.07831985250866018,0.17451968615628627,5.004383332146393,0.01,0.0733217062257389,0.16214748963724576,4.701249066903571,0.01,0.14377489953065672,0.4193029148300986,52.62471779677366,0.01,0.1430084378020158,0.33641544588072597,10.263870791604841,0.01,0.08865511903202036,0.14237454230319238,14.42892338777505
13.5,20.0,19.859072032748326,0.14092796725167295,-0.000596537966671068,1.3472712552540542,0.05476975094122277,0.07378971110053312,0.07378971110053312,0.07378971110053312,0.0,0.0,0,0.01,0.01,0.14444084008702957,0.2855182284945024,17.695935182353875,0.01,0.07831970924801822,0.17451953963042172,5.004397431693762,0.01,0.0733215635631362,0.1621473431113812,4.701262762733444,0.01,0.1437750162868335,0.41930304196107837,52.62507872319275,0.01,0.14300855875982008,0.33641557301170577,10.263956119606314,0.01,0.08865520086916308,0.14237462525436093,14.42902136073979
