PI_states
version=1
nRows=1351
nColumns=17
inDegrees=no
endheader
time	/jointset/r_shoulder/r_shoulder_elev/value	/jointset/r_shoulder/r_shoulder_elev/speed	/jointset/r_elbow/r_elbow_flex/value	/jointset/r_elbow/r_elbow_flex/speed	/forceset/TRIlong/activation	/forceset/TRIlong/fiber_length	/forceset/TRIlat/activation	/forceset/TRIlat/fiber_length	/forceset/TRImed/activation	/forceset/TRImed/fiber_length	/forceset/BIClong/activation	/forceset/BIClong/fiber_length	/forceset/BICshort/activation	/forceset/BICshort/fiber_length	/forceset/BRA/activation	/forceset/BRA/fiber_length
0	0	0	0.3490658504	0	0.01	0.1444969897	0.01	0.07837730793	0.01	0.07337894399	0.01	0.1437280109	0.01	0.142959569	0.01	0.08862232607
0.01	0	0	0.3490081657	-0.01147642797	0.01	0.1444962063	0.01	0.07837652927	0.01	0.07337812334	0.01	0.1437285405	0.01	0.1429599472	0.01	0.08862269227
0.02	0	0	0.348839164	-0.02223475602	0.01	0.1444930363	0.01	0.07837332541	0.01	0.07337484587	0.01	0.1437309245	0.01	0.1429619033	0.01	0.0886243476
0.03	0	0	0.3485689003	-0.03172670949	0.01	0.1444874848	0.01	0.07836767543	0.01	0.07336913616	0.01	0.1437353138	0.01	0.1429658434	0.01	0.08862740314
0.04	0	0	0.3482122057	-0.03952530024	0.01	0.1444798577	0.01	0.07835988891	0.01	0.07336131	0.01	0.1437414842	0.01	0.1429716801	0.01	0.08863170547
0.05	0	0	0.3477877128	-0.04529495186	0.01	0.1444705591	0.01	0.07835037868	0.01	0.07335178177	0.01	0.1437491034	0.01	0.142979128	0.01	0.08863702486
0.06	0	0	0.3473169061	-0.04880007271	0.01	0.1444600642	0.01	0.07833963138	0.01	0.07334103841	0.01	0.1437577747	0.01	0.1429878017	0.01	0.08864308603
0.07	0	0	0.3468230805	-0.04991354588	0.01	0.1444488959	0.01	0.0783281831	0.01	0.07332961531	0.01	0.1437670599	0.01	0.1429972582	0.01	0.08864958394
0.08	0	0	0.3463302343	-0.04862105354	0.01	0.1444375997	0.01	0.0783165936	0.01	0.07331807058	0.01	0.1437765013	0.01	0.1430070258	0.01	0.08865619899
0.09	0	0	0.3458619447	-0.04502045079	0.01	0.1444267182	0.01	0.07830541989	0.01	0.07330695874	0.01	0.1437856438	0.01	0.1430166288	0.01	0.0886626122
0.1	0	0	0.3454402738	-0.03931605855	0.01	0.1444167657	0.01	0.07829519032	0.01	0.07329680496	0.01	0.1437940563	0.01	0.1430256106	0.01	0.08866852015
0.11	0	0	0.3450847571	-0.03180805865	0.01	0.1444082045	0.01	0.07828638039	0.01	0.07328808098	0.01	0.1438013503	0.01	0.1430335547	0.01	0.08867364877
0.12	0	0	0.3448115203	-0.0228774295	0.01	0.1444014246	0.01	0.07827939135	0.01	0.07328118392	0.01	0.1438071977	0.01	0.143040102	0.01	0.08867776546
0.13	0	0	0.3446325656	-0.01296709486	0.01	0.1443967261	0.01	0.07827453252	0.01	0.07327641875	0.01	0.1438113436	0.01	0.1430449662	0.01	0.08868068909
0.14	0	0	0.3445552616	-0.002560169983	0.01	0.1443943066	0.01	0.07827200818	0.01	0.07327398537	0.01	0.1438136167	0.01	0.1430479446	0.01	0.0886822974
0.15	0	0	0.3445820553	0.007840486718	0.01	0.1443941498	0.01	0.07827180851	0.01	0.07327386075	0.01	0.1438138645	0.01	0.1430489238	0.01	0.08868248337
0.16	0	0	0.3447102821	0.01771617211	0.01	0.1443959216	0.01	0.07827356777	0.01	0.07327572886	0.01	0.143811841	0.01	0.1430473814	0.01	0.0886810664
0.17	0	0	0.3449322895	0.02659371622	0.01	0.1443998352	0.01	0.07827751202	0.01	0.07327980132	0.01	0.143807977	0.01	0.1430436773	0.01	0.08867835403
0.18	0	0	0.345236059	0.03407242371	0.01	0.1444057614	0.01	0.07828352665	0.01	0.0732859288	0.01	0.1438025007	0.01	0.1430382367	0.01	0.08867450876
0.19	0	0	0.3456059882	0.03983374231	0.01	0.1444133988	0.01	0.078291308	0.01	0.07329379487	0.01	0.1437956945	0.01	0.1430313578	0.01	0.0886697306
0.2	0	0	0.3460237323	0.04364675607	0.01	0.1444223582	0.01	0.07830045843	0.01	0.07330299756	0.01	0.1437878968	0.01	0.1430233856	0.01	0.08866425858
0.21	0	0	0.3464691154	0.04537545097	0.01	0.1444321958	0.01	0.07831052282	0.01	0.07331308064	0.01	0.143779485	0.01	0.1430147077	0.01	0.08865835874
0.22	0	0	0.3469211011	0.04498316384	0.01	0.1444424374	0.01	0.0783210146	0.01	0.07332355826	0.01	0.1437708575	0.01	0.1430057368	0.01	0.08865231119
0.23	0	0	0.3473587874	0.04253280998	0.01	0.1444526018	0.01	0.07833144021	0.01	0.07333393885	0.01	0.1437624148	0.01	0.1429968907	0.01	0.08864639685
0.24	0	0	0.3477623813	0.03818259156	0.01	0.1444622239	0.01	0.07834132253	0.01	0.07334374829	0.01	0.1437545412	0.01	0.1429885733	0.01	0.08864088426
0.25	0	0	0.3481141085	0.03217727784	0.01	0.1444708757	0.01	0.0783502227	0.01	0.07335255162	0.01	0.1437475866	0.01	0.1429811556	0.01	0.08863601731
0.26	0	0	0.3483990147	0.02483540651	0.01	0.1444781858	0.01	0.07835775942	0.01	0.0733599721	0.01	0.1437418503	0.01	0.1429749588	0.01	0.08863200422
0.27	0	0	0.3486056223	0.01653298738	0.01	0.1444838546	0.01	0.07836362492	0.01	0.07336570715	0.01	0.1437375682	0.01	0.1429702396	0.01	0.08862900849
0.28	0	0	0.3487264096	0.007684499097	0.01	0.144487667	0.01	0.07836759712	0.01	0.0733695403	0.01	0.1437349019	0.01	0.1429671792	0.01	0.088627142
0.29	0	0	0.3487580919	-0.001277856679	0.01	0.1444894995	0.01	0.0783695474	0.01	0.07337134886	0.01	0.1437339325	0.01	0.142965876	0.01	0.08862646079
0.3	0	0	0.3487017139	-0.009920450691	0.01	0.1444891323	0.01	0.07836926057	0.01	0.07337090147	0.01	0.143734462	0.01	0.1429661546	0.01	0.08862682611
0.31	0	0	0.3485623362	-0.0178859925	0.01	0.1444864845	0.01	0.07836659075	0.01	0.07336816065	0.01	0.1437364847	0.01	0.1429678161	0.01	0.08862823162
0.32	0	0	0.348348387	-0.02483533095	0.01	0.1444820557	0.01	0.07836208129	0.01	0.07336360764	0.01	0.1437399982	0.01	0.1429709927	0.01	0.08863067909
0.33	0	0	0.3480715851	-0.03046042375	0.01	0.1444761113	0.01	0.07835601089	0.01	0.07335750981	0.01	0.1437448135	0.01	0.1429755702	0.01	0.08863403807
0.34	0	0	0.3477463901	-0.0345208902	0.01	0.1444689664	0.01	0.07834870212	0.01	0.07335019002	0.01	0.1437506717	0.01	0.1429813157	0.01	0.08863812917
0.35	0	0	0.3473892787	-0.03685317092	0.01	0.1444609861	0.01	0.07834052904	0.01	0.07334202243	0.01	0.1437572691	0.01	0.142987931	0.01	0.08864274104
0.36	0	0	0.3470179466	-0.0373765647	0.01	0.1444525687	0.01	0.07833189969	0.01	0.07333341444	0.01	0.1437642727	0.01	0.142995079	0.01	0.08864764178
0.37	0	0	0.3466504665	-0.03609576251	0.01	0.1444441258	0.01	0.07832323648	0.01	0.07332478713	0.01	0.1437713379	0.01	0.143002404	0.01	0.08865259032
0.38	0	0	0.3463044412	-0.03309954753	0.01	0.1444360633	0.01	0.07831495631	0.01	0.07331655541	0.01	0.1437781237	0.01	0.1430095496	0.01	0.08865734788
0.39	0	0	0.3459961873	-0.02855565618	0.01	0.144428763	0.01	0.07830745116	0.01	0.07330910878	0.01	0.1437843097	0.01	0.1430161758	0.01	0.08866168909
0.4	0	0	0.3457399903	-0.02270200888	0.01	0.1444225641	0.01	0.0783010702	0.01	0.07330279351	0.01	0.1437896096	0.01	0.1430219743	0.01	0.08866541225
0.41	0	0	0.3455474625	-0.01583470238	0.01	0.1444177493	0.01	0.07829610414	0.01	0.07329789711	0.01	0.143793784	0.01	0.1430266821	0.01	0.08866834821
0.42	0	0	0.3454270346	-0.008293322011	0.01	0.1444145312	0.01	0.07829277249	0.01	0.0732946358	0.01	0.1437966504	0.01	0.1430300923	0.01	0.08867036766
0.43	0	0	0.3453836052	-0.0004442769768	0.01	0.1444130443	0.01	0.07829121441	0.01	0.07329314541	0.01	0.1437980905	0.01	0.1430320621	0.01	0.08867138634
0.44	0	0	0.3454183509	0.007332026861	0.01	0.1444132018	0.01	0.07829134612	0.01	0.07329333332	0.01	0.1437979497	0.01	0.1430324914	0.01	0.08867129595
0.45	0	0	0.3455285916	0.01464832609	0.01	0.1444148319	0.01	0.07829296994	0.01	0.07329504494	0.01	0.1437961517	0.01	0.1430309755	0.01	0.08867003733
0.46	0	0	0.3457079645	0.02115716245	0.01	0.1444180695	0.01	0.07829623642	0.01	0.07329840736	0.01	0.1437929999	0.01	0.1430279242	0.01	0.08866782757
0.47	0	0	0.3459469152	0.02656732503	0.01	0.1444227846	0.01	0.07830102355	0.01	0.07330327682	0.01	0.1437886689	0.01	0.1430236049	0.01	0.08866479029
0.48	0	0	0.3462332983	0.03065014552	0.01	0.1444287374	0.01	0.07830708921	0.01	0.07330940315	0.01	0.1437833798	0.01	0.1430182467	0.01	0.08866108152
0.49	0	0	0.3465530217	0.03324437114	0.01	0.144435628	0.01	0.07831412706	0.01	0.07331647709	0.01	0.1437773938	0.01	0.1430121161	0.01	0.08865688516
0.5	0	0	0.3468907468	0.03426136422	0.01	0.1444431186	0.01	0.07832179096	0.01	0.07332415171	0.01	0.1437709989	0.01	0.1430055092	0.01	0.08865240376
0.51	0	0	0.3472306269	0.03368775817	0.01	0.1444508513	0.01	0.07832971398	0.01	0.0733320606	0.01	0.143764496	0.01	0.1429987383	0.01	0.08864784865
0.52	0	0	0.3475570661	0.03158643313	0.01	0.144458466	0.01	0.07833752668	0.01	0.07333983582	0.01	0.1437581852	0.01	0.1429921167	0.01	0.08864342982
0.53	0	0	0.3478554925	0.02809878572	0.01	0.1444656178	0.01	0.07834487517	0.01	0.07334712593	0.01	0.1437523501	0.01	0.1429859434	0.01	0.08863934568
0.54	0	0	0.348113112	0.02343828108	0.01	0.1444719944	0.01	0.07835143884	0.01	0.07335361351	0.01	0.1437472441	0.01	0.1429804881	0.01	0.08863577284
0.55	0	0	0.3483195712	0.01787895284	0.01	0.144477332	0.01	0.07835694642	0.01	0.07335903121	0.01	0.1437430765	0.01	0.1429759767	0.01	0.08863285702
0.56	0	0	0.3484674917	0.01174109169	0.01	0.1444814285	0.01	0.07836118934	0.01	0.07336317493	0.01	0.1437400018	0.01	0.1429725799	0.01	0.08863070559
0.57	0	0	0.3485528502	0.005374848493	0.01	0.1444841529	0.01	0.07836403174	0.01	0.07336591369	0.01	0.1437381116	0.01	0.1429704041	0.01	0.08862938206
0.58	0	0	0.3485751886	-0.0008574083745	0.01	0.1444854523	0.01	0.07836541684	0.01	0.07336719586	0.01	0.1437374298	0.01	0.1429694858	0.01	0.08862890283
0.59	0	0	0.348537662	-0.006595348628	0.01	0.1444852287	0.01	0.07836525087	0.01	0.07336691713	0.01	0.1437377804	0.01	0.1429696652	0.01	0.08862914469
0.6	0	0	0.3484467848	-0.01153596188	0.01	0.1444834942	0.01	0.07836350228	0.01	0.07336512163	0.01	0.143739107	0.01	0.1429707557	0.01	0.08863006672
0.61	0	0	0.3483119207	-0.01539619539	0.01	0.1444806779	0.01	0.07836063339	0.01	0.07336222751	0.01	0.1437413458	0.01	0.1429727884	0.01	0.08863162667
0.62	0	0	0.3481451481	-0.01792407225	0.01	0.1444770518	0.01	0.078356928	0.01	0.07335851023	0.01	0.1437442943	0.01	0.1429756132	0.01	0.08863368385
0.63	0	0	0.3479607679	-0.01892676513	0.01	0.14447293	0.01	0.07835270769	0.01	0.07335429147	0.01	0.1437476947	0.01	0.1429789896	0.01	0.08863605881
0.64	0	0	0.3477746732	-0.01827830656	0.01	0.1444686666	0.01	0.07834833509	0.01	0.07334993371	0.01	0.1437512538	0.01	0.1429826269	0.01	0.08863854683
0.65	0	0	0.3476036558	-0.01592443634	0.01	0.1444646405	0.01	0.07834419854	0.01	0.07334582452	0.01	0.1437546564	0.01	0.1429862048	0.01	0.08864092769
0.66	0	0	0.347464681	-0.01188432842	0.01	0.1444612389	0.01	0.07834069523	0.01	0.07334235973	0.01	0.1437575796	0.01	0.1429893902	0.01	0.08864297534
0.67	0	0	0.3473741602	-0.006248968874	0.01	0.1444588407	0.01	0.07833821415	0.01	0.07333992643	0.01	0.1437597064	0.01	0.1429918519	0.01	0.08864446774
0.68	0	0	0.3473472583	0.0008237841185	0.01	0.1444578008	0.01	0.07833711959	0.01	0.0733388866	0.01	0.1437607395	0.01	0.1429932752	0.01	0.08864519625
0.69	0	0	0.3473972425	0.009109135074	0.01	0.1444582255	0.01	0.07833752394	0.01	0.07333934739	0.01	0.1437602482	0.01	0.1429932765	0.01	0.08864485952
0.7	0	0	0.3475347958	0.01832040297	0.01	0.1444603128	0.01	0.07833960691	0.01	0.07334153284	0.01	0.1437579844	0.01	0.1429912573	0.01	0.08864327974
0.71	0	0	0.3477676119	0.02814781044	0.01	0.1444644551	0.01	0.07834378493	0.01	0.07334583395	0.01	0.1437539226	0.01	0.1429873356	0.01	0.08864044266
0.72	0	0	0.3481002587	0.03827621107	0.01	0.144470831	0.01	0.07835025129	0.01	0.07335242627	0.01	0.1437479626	0.01	0.1429814459	0.01	0.08863627985
0.73	0	0	0.3485341743	0.04839398997	0.01	0.1444795199	0.01	0.07835909197	0.01	0.07336138682	0.01	0.1437400618	0.01	0.142973537	0.01	0.08863076352
0.74	0	0	0.3490677531	0.05820382374	0.01	0.1444905238	0.01	0.0783703116	0.01	0.07337271436	0.01	0.1437302353	0.01	0.142963615	0.01	0.08862390711
0.75	0	0	0.349696549	0.06743483461	0.01	0.1445037747	0.01	0.07838384159	0.01	0.07338633596	0.01	0.1437185533	0.01	0.1429517438	0.01	0.08861576294
0.76	0	0	0.3504135965	0.07585382805	0.01	0.1445191408	0.01	0.0783995476	0.01	0.07340211407	0.01	0.1437051348	0.01	0.1429380398	0.01	0.08860641812
0.77	0	0	0.3512098355	0.083274795	0.01	0.1445364362	0.01	0.07841723908	0.01	0.073419856	0.01	0.1436901412	0.01	0.1429226642	0.01	0.08859598912
0.78	0	0	0.3520746197	0.08956624424	0.01	0.1445554318	0.01	0.07843668099	0.01	0.07343932567	0.01	0.1436737665	0.01	0.1429058143	0.01	0.08858461507
0.79	0	0	0.3529962868	0.09465606081	0.01	0.1445758686	0.01	0.07845760731	0.01	0.07346025698	0.01	0.143656227	0.01	0.1428877123	0.01	0.08857245022
0.8	0	0	0.3539627629	0.09853368397	0.01	0.1445974713	0.01	0.07847973548	0.01	0.07348236819	0.01	0.1436377503	0.01	0.1428685943	0.01	0.08855965588
0.81	0	0	0.3549621755	0.101249504	0.01	0.1446199631	0.01	0.07850278114	0.01	0.07350537652	0.01	0.1436185635	0.01	0.1428486974	0.01	0.0885463922
0.82	0	0	0.3559834458	0.1029114959	0.01	0.1446430795	0.01	0.07852647257	0.01	0.07352901249	0.01	0.143598882	0.01	0.1428282486	0.01	0.08853281018
0.83	0	0	0.3570168352	0.1036792362	0.01	0.1446665814	0.01	0.07855056411	0.01	0.07355303318	0.01	0.1435788982	0.01	0.1428074527	0.01	0.08851904421
0.84	0	0	0.3580544193	0.1037555752	0.01	0.1446902666	0.01	0.07857484795	0.01	0.07357723391	0.01	0.1435587725	0.01	0.1427864827	0.01	0.08850520555
0.85	0	0	0.359090469	0.1033763611	0.01	0.1447139798	0.01	0.07859916396	0.01	0.07360145798	0.01	0.1435386249	0.01	0.1427654705	0.01	0.08849137707
0.86	0	0	0.3601217221	0.102798716	0.01	0.1447376194	0.01	0.07862340707	0.01	0.07362560382	0.01	0.143518529	0.01	0.142744501	0.01	0.0884776093
0.87	0	0	0.3611475323	0.1022884415	0.01	0.1447611421	0.01	0.0786475319	0.01	0.0736496296	0.01	0.1434985085	0.01	0.1427236073	0.01	0.08846391821
0.88	2.359235303e-21	2.949044129e-19	0.3621698919	0.1021071855	0.01	0.1447845651	0.01	0.07867155468	0.01	0.07367355492	0.01	0.1434785354	0.01	0.1427027689	0.01	0.08845028457
0.89	-2.358102498e-21	-2.947628122e-19	0.3631933271	0.1025000095	0.01	0.1448079646	0.01	0.07869555219	0.01	0.07369745967	0.01	0.1434585318	0.01	0.1426819128	0.01	0.08843665502
0.9	0	0	0.3642246746	0.1036839712	0.01	0.1448314723	0.01	0.0787196581	0.01	0.07372148017	0.01	0.1434383727	0.01	0.1426609166	0.01	0.08842294481
0.91	0	0	0.3652727522	0.1058382754	0.01	0.1448552692	0.01	0.07874405662	0.01	0.07374580274	0.01	0.143417892	0.01	0.1426396139	0.01	0.08840904189
0.92	0	0	0.3663479401	0.1090964454	0.01	0.1448795771	0.01	0.07876897407	0.01	0.07377065509	0.01	0.1433968903	0.01	0.1426178021	0.01	0.08839481227
0.93	0	0	0.3674616965	0.1135408514	0.01	0.1449046482	0.01	0.07879466847	0.01	0.07379629585	0.01	0.1433751432	0.01	0.1425952512	0.01	0.08838010638
0.94	0	0	0.3686260309	0.1191997889	0.01	0.1449307542	0.01	0.07882141785	0.01	0.07382300283	0.01	0.143352412	0.01	0.1425717144	0.01	0.08836476594
0.95	0	0	0.3698529617	0.1260471668	0.01	0.1449581732	0.01	0.07884950767	0.01	0.07385106041	0.01	0.1433284535	0.01	0.1425469384	0.01	0.08834863123
0.96	0	0	0.3711539832	0.1340047229	0.01	0.1449871779	0.01	0.07887921798	0.01	0.07388074679	0.01	0.1433030308	0.01	0.1425206748	0.01	0.08833154825
0.97	0	0	0.3725395671	0.1429465756	0.01	0.1450180231	0.01	0.07891081093	0.01	0.07391232159	0.01	0.1432759231	0.01	0.1424926903	0.01	0.08831337546
0.98	0	0	0.3740187186	0.1527058163	0.01	0.1450509346	0.01	0.07894451917	0.01	0.07394601443	0.01	0.1432469348	0.01	0.1424627764	0.01	0.08829398991
0.99	1.055211808e-20	1.172457564e-18	0.3755986086	0.1630827809	0.01	0.1450860995	0.01	0.07898053579	0.01	0.07398201502	0.01	0.1432159033	0.01	0.1424307574	0.01	0.08827329237
1	0	0	0.3772842939	0.1738545873	0.01	0.1451236582	0.01	0.07901900615	0.01	0.07402046526	0.01	0.143182705	0.01	0.1423964978	0.01	0.08825121124
1.01	0	0	0.3790785371	0.1847854986	0.01	0.1451636994	0.01	0.07906002218	0.01	0.07406145371	0.01	0.1431472597	0.01	0.1423599066	0.01	0.08822770524
1.02	0	0	0.3809817321	0.1956376577	0.01	0.1452062565	0.01	0.07910361917	0.01	0.07410501257	0.01	0.1431095331	0.01	0.1423209402	0.01	0.08820276464
1.03	2.92151708e-21	2.92151708e-19	0.3829919368	0.2061817411	0.01	0.1452513074	0.01	0.07914977539	0.01	0.07415111746	0.01	0.1430695371	0.01	0.1422796034	0.01	0.08817641101
1.04	0	-2.915650389e-19	0.3851050092	0.2162070918	0.01	0.1452987769	0.01	0.07919841433	0.01	0.07419968976	0.01	0.143027328	0.01	0.1422359478	0.01	0.08814869565
1.05	0	0	0.3873148404	0.2255309124	0.01	0.145348541	0.01	0.07924940948	0.01	0.07425060148	0.01	0.1429830034	0.01	0.1421900681	0.01	0.08811969661
1.06	-2.912494875e-21	-2.912494875e-19	0.3896136729	0.2340061363	0.01	0.1454004342	0.01	0.07930259143	0.01	0.07430368233	0.01	0.142936696	0.01	0.1421420976	0.01	0.08808951463
1.07	0	0	0.3919924891	0.2415276429	0.01	0.1454542575	0.01	0.0793577567	0.01	0.07435872861	0.01	0.1428885673	0.01	0.1420922	0.01	0.08805826802
1.08	0	0	0.3944414525	0.2480365453	0.01	0.1455097892	0.01	0.07941467812	0.01	0.07441551347	0.01	0.1428387992	0.01	0.1420405622	0.01	0.08802608692
1.09	8.123332541e-21	1.160476077e-18	0.3969503807	0.2535223564	0.01	0.1455667951	0.01	0.07947311602	0.01	0.07447379813	0.01	0.1427875849	0.01	0.1419873839	0.01	0.08799310704
1.1	0	0	0.3995092298	0.2580229289	0.01	0.1456250403	0.01	0.0795328298	0.01	0.07453334334	0.01	0.1427351193	0.01	0.1419328685	0.01	0.08795946322
1.11	0	0	0.4021085659	0.2616221645	0.01	0.1456843004	0.01	0.0795935894	0.01	0.07459392071	0.01	0.1426815892	0.01	0.1418772125	0.01	0.08792528315
1.12	-3.466206657e-21	-1.155402219e-18	0.4047400037	0.2644455915	0.01	0.1457443716	0.01	0.07965518593	0.01	0.07465532338	0.01	0.1426271641	0.01	0.1418205956	0.01	0.08789068153
1.13	0	0	0.4073965913	0.266654013	0.01	0.1458050804	0.01	0.07971744131	0.01	0.07471737547	0.01	0.1425719878	0.01	0.1417631723	0.01	0.08785575488
1.14	0	0	0.4100731225	0.2684355264	0.01	0.145866291	0.01	0.07978021617	0.01	0.07477993993	0.01	0.1425161707	0.01	0.1417050634	0.01	0.08782057727
1.15	5.762297009e-22	7.875013878e-23	0.4127663637	0.2699962992	0.01	0.1459279118	0.01	0.07984341591	0.01	0.07484292451	0.01	0.1424597848	0.01	0.1416463503	0.01	0.08778519722
1.16	0	0	0.4154751843	0.2715505483	0.01	0.1459898987	0.01	0.07990699455	0.01	0.07490628547	0.01	0.1424028588	0.01	0.1415870703	0.01	0.08774963576
1.17	0	0	0.4182005855	0.2733102177	0.01	0.1460522565	0.01	0.07997095627	0.01	0.07497002912	0.01	0.1423453775	0.01	0.1415272146	0.01	0.08771388595
1.18	5.731247835e-21	1.432609677e-18	0.4209456262	0.2754748586	0.01	0.1461150386	0.01	0.08003535457	0.01	0.07503421078	0.01	0.1422872809	0.01	0.1414667282	0.01	0.08767791358
1.19	-6.297468273e-21	-8.587531017e-19	0.423715252	0.2782222079	0.01	0.1461783431	0.01	0.08010028915	0.01	0.07509893169	0.01	0.1422284674	0.01	0.1414055118	0.01	0.08764165932
1.2	1.829587871e-20	2.286943548e-18	0.4265160352	0.281699916	0.01	0.1462423082	0.01	0.08016590062	0.01	0.07516433354	0.01	0.1421687979	0.01	0.1413434264	0.01	0.08760504193
1.21	0	0	0.42935584	0.2860188127	0.01	0.1463071049	0.01	0.08023236337	0.01	0.07523059135	0.01	0.1421081019	0.01	0.1412802993	0.01	0.08756796254
1.22	0	0	0.4322434291	0.2912480126	0.01	0.1463729283	0.01	0.08029987681	0.01	0.07529790466	0.01	0.142046185	0.01	0.1412159317	0.01	0.08753030969
1.23	0	0	0.4351880326	0.2974120613	0.01	0.1464399881	0.01	0.08036865555	0.01	0.0753664877	0.01	0.1419828381	0.01	0.1411501075	0.01	0.08749196496
1.24	-4.546516143e-21	-5.683145179e-19	0.438198898	0.3044902213	0.01	0.1465084982	0.01	0.08043891885	0.01	0.07543655886	0.01	0.1419178459	0.01	0.1410826031	0.01	0.08745280881
1.25	0	0	0.4412848448	0.3124178858	0.01	0.146578666	0.01	0.08051087988	0.01	0.07550833001	0.01	0.1418509973	0.01	0.1410131973	0.01	0.08741272645
1.26	0	0	0.4444538426	0.3210900135	0.01	0.1466506829	0.01	0.08058473535	0.01	0.07558199621	0.01	0.1417820941	0.01	0.1409416812	0.01	0.08737161346
1.27	-2.259362703e-21	-2.259362703e-18	0.4477126333	0.3303663875	0.01	0.1467247143	0.01	0.08066065592	0.01	0.0756577262	0.01	0.1417109603	0.01	0.1408678672	0.01	0.08732938078
1.28	0	0	0.4510664134	0.3400784244	0.01	0.1468008919	0.01	0.08073877789	0.01	0.07573565424	0.01	0.1416374493	0.01	0.1407915972	0.01	0.08728595902
1.29	2.251188264e-21	2.251188264e-18	0.4545185911	0.3500372058	0.01	0.1468793074	0.01	0.08081919657	0.01	0.07581587359	0.01	0.1415614503	0.01	0.1407127498	0.01	0.08724130176
1.3	2.248207035e-21	5.620517588e-19	0.4580706267	0.3600423546	0.01	0.1469600077	0.01	0.08090196168	0.01	0.07589843201	0.01	0.1414828934	0.01	0.1406312452	0.01	0.08719538777
1.31	-3.367084532e-21	-5.611807553e-19	0.461721966	0.3698913549	0.01	0.147042993	0.01	0.08098707491	0.01	0.07598332945	0.01	0.1414017519	0.01	0.1405470484	0.01	0.08714822204
1.32	0	0	0.4654700648	0.3793888983	0.01	0.1471282164	0.01	0.08107448977	0.01	0.07607051796	0.01	0.1413180435	0.01	0.1404601706	0.01	0.08709983556
1.33	-2.234728325e-21	-5.586820813e-19	0.4693105068	0.388355842	0.01	0.1472155864	0.01	0.08116411378	0.01	0.07615990398	0.01	0.1412318289	0.01	0.1403706682	0.01	0.08705028395
1.34	0	0	0.473237206	0.3966373805	0.01	0.1473049706	0.01	0.08125581279	0.01	0.07625135265	0.01	0.1411432091	0.01	0.1402786401	0.01	0.08699964489
1.35	2.223686437e-21	1.667887868e-18	0.4772426853	0.4041100633	0.01	0.1473962025	0.01	0.08134941723	0.01	0.07634469411	0.01	0.1410523199	0.01	0.1401842224	0.01	0.08694801461
1.36	1.555198481e-20	2.221712115e-18	0.4813184183	0.4106873401	0.01	0.1474890888	0.01	0.08144472997	0.01	0.07643973132	0.01	0.1409593257	0.01	0.1400875823	0.01	0.08689550351
1.37	0	5.532924663e-19	0.4854552174	0.4163233751	0.01	0.1475834184	0.01	0.08154153538	0.01	0.07653624917	0.01	0.1408644115	0.01	0.1399889093	0.01	0.08684223117
1.38	0	0	0.4896436505	0.4210149465	0.01	0.1476789721	0.01	0.08163960921	0.01	0.0766340242	0.01	0.1407677736	0.01	0.1398884067	0.01	0.08678832097
1.39	1.212875585e-20	3.857875488e-18	0.4938744669	0.4248013364	0.01	0.1477755321	0.01	0.08173872869	0.01	0.07673283478	0.01	0.1406696104	0.01	0.1397862814	0.01	0.08673389461
1.4	-2.201511482e-20	-3.851104497e-18	0.4981390117	0.4277622054	0.01	0.1478728923	0.01	0.08183868251	0.01	0.07683247095	0.01	0.1405701126	0.01	0.1396827336	0.01	0.08667906674
1.41	-6.586621285e-21	-1.097770214e-18	0.5024296095	0.4300135478	0.01	0.1479708673	0.01	0.08193928011	0.01	0.07693274369	0.01	0.1404694538	0.01	0.1395779473	0.01	0.08662393994
1.42	0	0	0.5067398988	0.4317019143	0.01	0.1480693	0.01	0.08204035989	0.01	0.07703349303	0.01	0.1403677818	0.01	0.139472081	0.01	0.08656860038
1.43	0	0	0.5110651016	0.4329971792	0.01	0.1481680684	0.01	0.08214179592	0.01	0.07713459475	0.01	0.1402652114	0.01	0.1393652599	0.01	0.08651311428
1.44	1.417248509e-20	2.179910449e-18	0.5154022143	0.4340842043	0.01	0.1482670906	0.01	0.08224350295	0.01	0.07723596525	0.01	0.1401618182	0.01	0.1392575694	0.01	0.08645752534
1.45	1.086084111e-21	5.430420555e-19	0.519750113	0.4351538082	0.01	0.1483663274	0.01	0.08234543935	0.01	0.0773375645	0.01	0.1400576352	0.01	0.1391490508	0.01	0.08640185327
1.46	-1.083404821e-21	-5.417024104e-19	0.5241095659	0.4363934886	0.01	0.1484657831	0.01	0.08244760799	0.01	0.07743939681	0.01	0.1399526501	0.01	0.1390396988	0.01	0.08634609354
1.47	-4.329323842e-21	-5.411654802e-19	0.5284831547	0.4379783559	0.01	0.1485655042	0.01	0.08255005498	0.01	0.07754150949	0.01	0.1398468064	0.01	0.1389294616	0.01	0.0862902182
1.48	0	0	0.5328751085	0.4400627256	0.01	0.1486655762	0.01	0.08265286633	0.01	0.07764398952	0.01	0.1397400054	0.01	0.1388182432	0.01	0.08623417793
1.49	0	0	0.5372910585	0.4427727792	0.01	0.1487661181	0.01	0.08275616269	0.01	0.07774695819	0.01	0.1396321106	0.01	0.1387059076	0.01	0.08617790502
1.5	4.296859264e-21	5.37107408e-19	0.5417377273	0.4462006459	0.01	0.1488672757	0.01	0.0828600925	0.01	0.07785056426	0.01	0.1395229547	0.01	0.1385922851	0.01	0.08612131726
1.51	1.070649643e-20	2.141299286e-18	0.5462225666	0.4504001802	0.01	0.1489692135	0.01	0.08296482382	0.01	0.07795497574	0.01	0.1394123469	0.01	0.1384771806	0.01	0.08606432246
1.52	0	0	0.5507533626	0.4553846215	0.01	0.149072106	0.01	0.08307053521	0.01	0.07806037081	0.01	0.1393000821	0.01	0.1383603825	0.01	0.08600682344
1.53	1.068182296e-21	-1.595219667e-18	0.5553378277	0.4611262255	0.01	0.149176128	0.01	0.08317740618	0.01	0.07816692826	0.01	0.1391859512	0.01	0.1382416731	0.01	0.08594872321
1.54	3.187592511e-21	5.312654186e-19	0.5599831989	0.4675578604	0.01	0.1492814452	0.01	0.08328560758	0.01	0.07827481796	0.01	0.1390697504	0.01	0.1381208388	0.01	0.08588993009
1.55	-4.232874825e-21	-1.588050028e-18	0.564695861	0.4745764659	0.01	0.1493882056	0.01	0.08339529247	0.01	0.07838419177	0.01	0.1389512915	0.01	0.1379976808	0.01	0.08583036255
1.56	0	0	0.5694810242	0.4820569202	0.01	0.1494965317	0.01	0.08350658794	0.01	0.07849517544	0.01	0.1388304108	0.01	0.1378720241	0.01	0.08576959938
1.57	-2.109569675e-20	-2.109986666e-18	0.5743429741	0.4899458336	0.01	0.1496065209	0.01	0.08361959561	0.01	0.07860786954	0.01	0.138706968	0.01	0.137743719	0.01	0.08570711267
1.58	0	0	0.5792852016	0.4981058059	0.01	0.1497182543	0.01	0.08373439998	0.01	0.07872235767	0.01	0.1385808382	0.01	0.1376126323	0.01	0.08564363985
1.59	-4.193531843e-21	-1.22921313e-21	0.5843094374	0.5063412205	0.01	0.1498317766	0.01	0.08385104928	0.01	0.07883868668	0.01	0.138451935	0.01	0.1374786671	0.01	0.08557918391
1.6	1.671805686e-20	2.612021338e-18	0.5894154184	0.5144495999	0.01	0.149947087	0.01	0.08396954545	0.01	0.07895685715	0.01	0.1383202211	0.01	0.1373417765	0.01	0.08551374576
1.61	1.041742552e-20	2.082472343e-18	0.5946008742	0.5222320419	0.01	0.1500641385	0.01	0.08408984288	0.01	0.07907682233	0.01	0.1381857113	0.01	0.1372019674	0.01	0.08544735183
1.62	-2.073556991e-21	-2.073556991e-18	0.5998616096	0.5295026003	0.01	0.1501828393	0.01	0.08421184995	0.01	0.07919848969	0.01	0.1380484718	0.01	0.1370593003	0.01	0.08538005351
1.63	0	-5.166122426e-19	0.6051916784	0.5360970146	0.01	0.1503030566	0.01	0.08433543271	0.01	0.07932172471	0.01	0.137908618	0.01	0.1369138878	0.01	0.08531192499
1.64	-1.445147941e-20	-2.064497059e-18	0.610583639	0.5418803948	0.01	0.1504246222	0.01	0.08446042066	0.01	0.07944635659	0.01	0.1377663092	0.01	0.1367658889	0.01	0.08524306003
1.65	-9.203065427e-24	1.026676e-18	0.6160288793	0.5467535035	0.01	0.1505473401	0.01	0.08458661416	0.01	0.07957218574	0.01	0.1376217418	0.01	0.1366155025	0.01	0.08517356794
1.66	-1.025286551e-20	-1.538359962e-18	0.6215179967	0.5506573374	0.01	0.1506709947	0.01	0.08471379326	0.01	0.07969899257	0.01	0.1374751405	0.01	0.1364629586	0.01	0.08510356869
1.67	-1.841463951e-20	-2.046071057e-18	0.6270412138	0.5535757843	0.01	0.1507953608	0.01	0.08484172737	0.01	0.07982654713	0.01	0.1373267478	0.01	0.1363085073	0.01	0.08503318762
1.68	1.426672671e-20	1.529741313e-18	0.6325888104	0.5555362242	0.01	0.1509202131	0.01	0.08497018538	0.01	0.07995461918	0.01	0.137176813	0.01	0.1361524075	0.01	0.08496254998
1.69	0	0	0.6381515513	0.5566080354	0.01	0.1510453361	0.01	0.0850989457	0.01	0.08008298822	0.01	0.1370255805	0.01	0.1359949152	0.01	0.08489177541
1.7	0	0	0.6437210887	0.5568990721	0.01	0.1511705334	0.01	0.08522780575	0.01	0.08021145291	0.01	0.1368732785	0.01	0.1358362712	0.01	0.08482097277
1.71	0	0	0.6492903197	0.5565502787	0.01	0.1512956359	0.01	0.08535659043	0.01	0.08033983952	0.01	0.1367201086	0.01	0.13567669	0.01	0.08475023557
1.72	0	0	0.6548536829	0.5557287015	0.01	0.1514205087	0.01	0.08548515922	0.01	0.08046800892	0.01	0.1365662358	0.01	0.1355163497	0.01	0.0846796381
1.73	0	0	0.6604073776	0.5546192412	0.01	0.1515450561	0.01	0.0856134115	0.01	0.0805958619	0.01	0.1364117812	0.01	0.1353553841	0.01	0.08460923259
1.74	0	0	0.6659494969	0.5534155567	0.01	0.151669225	0.01	0.08574128996	0.01	0.08072334249	0.01	0.1362568166	0.01	0.1351938761	0.01	0.08453904733
1.75	0	0	0.6714800676	0.5523105741	0.01	0.1517930057	0.01	0.08586878183	0.01	0.08085043915	0.01	0.1361013611	0.01	0.1350318543	0.01	0.08446908615
1.76	0	0	0.6770009958	0.5514870777	0.01	0.1519164312	0.01	0.085995918	0.01	0.08097718385	0.01	0.1359453807	0.01	0.1348692922	0.01	0.0843993289
1.77	0	0	0.6825159205	0.5511088523	0.01	0.1520395738	0.01	0.08612277007	0.01	0.08110364903	0.01	0.1357887904	0.01	0.1347061098	0.01	0.0843297332
1.78	0	0	0.6880299841	0.5513128164	0.01	0.1521625407	0.01	0.08624944534	0.01	0.08122994262	0.01	0.1356314591	0.01	0.1345421778	0.01	0.08426023722
1.79	0	0	0.6935495314	0.5522025319	0.01	0.1522854665	0.01	0.08637608028	0.01	0.08135620142	0.01	0.1354732161	0.01	0.1343773251	0.01	0.08419076336
1.8	0	0	0.6990817509	0.5538433981	0.01	0.1524085062	0.01	0.0865028325	0.01	0.08148258307	0.01	0.1353138605	0.01	0.1342113471	0.01	0.08412122269
1.81	0	0	0.7046342793	0.5562597516	0.01	0.1525318259	0.01	0.08662987182	0.01	0.08160925715	0.01	0.1351531715	0.01	0.1340440171	0.01	0.0840515199
1.82	0	0	0.7102147856	0.5594339916	0.01	0.1526555934	0.01	0.08675737078	0.01	0.08173639567	0.01	0.1349909199	0.01	0.1338750973	0.01	0.08398155845
1.83	0	0	0.7158305579	0.5633077473	0.01	0.1527799693	0.01	0.08688549511	0.01	0.08186416358	0.01	0.1348268799	0.01	0.1337043518	0.01	0.08391124582
1.84	2.514233786e-20	3.868493379e-18	0.7214881109	0.5677850068	0.01	0.1529050977	0.01	0.08701439452	0.01	0.08199270962	0.01	0.1346608413	0.01	0.1335315588	0.01	0.08384049847
1.85	5.766053156e-21	1.925635432e-18	0.7271928344	0.57273703	0.01	0.1530310985	0.01	0.08714419443	0.01	0.08212215808	0.01	0.1344926205	0.01	0.1333565224	0.01	0.08376924631
1.86	1.152947117e-20	1.921151046e-18	0.7329486982	0.5780087893	0.01	0.1531580605	0.01	0.08727498887	0.01	0.08225260182	0.01	0.1343220703	0.01	0.1331790828	0.01	0.08369743651
1.87	-4.595604076e-20	-7.658910982e-18	0.7387580274	0.5834266151	0.01	0.1532860362	0.01	0.08740683502	0.01	0.0823840968	0.01	0.134149088	0.01	0.1329991257	0.01	0.08362503639
1.88	-1.897950353e-21	-9.528482032e-19	0.7446213589	0.5888066716	0.01	0.1534150384	0.01	0.08753974955	0.01	0.08251665857	0.01	0.133973622	0.01	0.1328165887	0.01	0.0835520354
1.89	-1.139917689e-20	-3.79972563e-18	0.750537384	0.5939638547	0.01	0.153545039	0.01	0.08767370703	0.01	0.08265026065	0.01	0.133795675	0.01	0.1326314655	0.01	0.08347844591
1.9	-2.842587091e-20	-5.684004236e-18	0.7565029808	0.5987206911	0.01	0.1536759694	0.01	0.08780864038	0.01	0.08278483514	0.01	0.1336153053	0.01	0.1324438078	0.01	0.08340430298
1.91	-1.134329719e-20	-1.888814153e-18	0.762513333	0.6029158168	0.01	0.1538077232	0.01	0.08794444338	0.01	0.08292027517	0.01	0.1334326253	0.01	0.1322537238	0.01	0.08332966293
1.92	-1.128211604e-20	-3.760705348e-18	0.7685621301	0.6064126217	0.01	0.1539401609	0.01	0.08808097506	0.01	0.08305643938	0.01	0.1332477972	0.01	0.1320610231	0.01	0.08325460106
1.93	-1.124569545e-20	-5.619598129e-18	0.7746422894	0.6092377889	0.01	0.1540731213	0.01	0.08821807116	0.01	0.08319316361	0.01	0.1330610196	0.01	0.1318597285	0.01	0.08317920504
1.94	3.751588711e-21	1.298064827e-21	0.7807478717	0.611513742	0.01	0.1542064636	0.01	0.08835558454	0.01	0.08333030189	0.01	0.1328724739	0.01	0.1316543249	0.01	0.0831035523
1.95	-3.729535432e-20	-1.871875665e-18	0.7868734548	0.6132620579	0.01	0.1543400633	0.01	0.08849338643	0.01	0.08346772611	0.01	0.1326823209	0.01	0.1314469109	0.01	0.08302756964
1.96	-1.856374289e-21	-6.428021652e-22	0.7930140994	0.6145304507	0.01	0.1544738062	0.01	0.08863135822	0.01	0.08360531835	0.01	0.1324907118	0.01	0.1312378688	0.01	0.08295081006
1.97	6.663681606e-20	6.484441459e-18	0.7991649216	0.615300988	0.01	0.1546075823	0.01	0.0887693869	0.01	0.08374296594	0.01	0.1322977936	0.01	0.1310273854	0.01	0.0828732549
1.98	-1.823192233e-21	-2.760268718e-18	0.8053209421	0.6155738648	0.01	0.15474128	0.01	0.08890735772	0.01	0.0838805544	0.01	0.1321037197	0.01	0.130815632	0.01	0.08279496512
1.99	-7.329972379e-21	-3.669408085e-18	0.81147728	0.6153684854	0.01	0.1548747897	0.01	0.08904515772	0.01	0.08401797117	0.01	0.1319086452	0.01	0.13060278	0.01	0.0827160039
2	-1.649097745e-20	-1.832816759e-18	0.8176293398	0.6147224031	0.01	0.1550080083	0.01	0.08918267999	0.01	0.0841551098	0.01	0.1317127206	0.01	0.130388997	0.01	0.08263643335
2.01	-1.277784257e-20	-9.148281714e-19	0.8237729831	0.6136893737	0.01	0.1551408425	0.01	0.08931982752	0.01	0.08429187377	0.01	0.1315160864	0.01	0.13017444	0.01	0.08255631204
2.02	1.636905388e-20	5.523328282e-21	0.829904677	0.6123366345	0.01	0.1552732122	0.01	0.0894565166	0.01	0.08442817994	0.01	0.1313188676	0.01	0.12995925	0.01	0.08247569273
2.03	2.899213378e-20	5.435948967e-18	0.8360216121	0.6107415515	0.01	0.1554050531	0.01	0.08959267947	0.01	0.08456396113	0.01	0.1311211693	0.01	0.1297435465	0.01	0.08239462041
2.04	3.253686609e-20	5.418999443e-18	0.8421217849	0.6089878009	0.01	0.1555363187	0.01	0.08972826627	0.01	0.08469916804	0.01	0.1309230732	0.01	0.1295274237	0.01	0.08231313066
2.05	1.801290651e-20	3.599484171e-18	0.8482040398	0.6071612777	0.01	0.1556669807	0.01	0.08986324604	0.01	0.08483377024	0.01	0.1307246351	0.01	0.1293109476	0.01	0.08223124858
2.06	3.053912012e-20	2.696327152e-18	0.8542680708	0.6053459323	0.01	0.1557970296	0.01	0.08999760681	0.01	0.08496775626	0.01	0.1305258842	0.01	0.1290941547	0.01	0.08214898819
2.07	3.220423014e-20	3.580572593e-18	0.8603143819	0.6036197409	0.01	0.1559264734	0.01	0.09013135486	0.01	0.08510113279	0.01	0.1303268229	0.01	0.1288770521	0.01	0.08206635242
2.08	8.925258822e-21	8.925258822e-19	0.8663442081	0.6020510063	0.01	0.1560553359	0.01	0.09026451303	0.01	0.08523392301	0.01	0.1301274289	0.01	0.128659619	0.01	0.08198333365
2.09	-1.771313001e-21	-3.547743853e-18	0.8723594033	0.6006951661	0.01	0.1561836547	0.01	0.09039711832	0.01	0.08536616415	0.01	0.1299276575	0.01	0.1284418096	0.01	0.08189991481
2.1	-3.899517145e-20	-4.432268677e-18	0.8783622984	0.5995922606	0.01	0.1563114778	0.01	0.09052921884	0.01	0.08549790444	0.01	0.1297274459	0.01	0.1282235575	0.01	0.081816071
2.11	-2.471879864e-20	-4.413711641e-18	0.8843555384	0.5987651745	0.01	0.1564388601	0.01	0.09066087027	0.01	0.08562919958	0.01	0.1295267177	0.01	0.1280047806	0.01	0.08173177142
2.12	1.935386046e-20	4.398152832e-18	0.8903419067	0.5982187299	0.01	0.1565658598	0.01	0.09079213202	0.01	0.08576010887	0.01	0.1293253886	0.01	0.1277853875	0.01	0.08164698174
2.13	2.283554275e-20	1.75847615e-18	0.8963241436	0.5979396613	0.01	0.1566925343	0.01	0.09092306325	0.01	0.08589069129	0.01	0.1291233723	0.01	0.1275652836	0.01	0.0815616666
2.14	-4.20053424e-20	-6.123764484e-18	0.9023047702	0.5978974642	0.01	0.1568189367	0.01	0.09105371903	0.01	0.08602100161	0.01	0.1289205863	0.01	0.1273443779	0.01	0.08147579216
2.15	3.141698944e-20	3.490776605e-18	0.9082859241	0.5980460609	0.01	0.1569451121	0.01	0.09118414666	0.01	0.08615108677	0.01	0.1287169576	0.01	0.1271225894	0.01	0.08138932864
2.16	1.739050668e-20	8.729344271e-19	0.9142692156	0.5983261944	0.01	0.1570710946	0.01	0.09131438249	0.01	0.0862809827	0.01	0.1285124285	0.01	0.126899853	0.01	0.08130225271
2.17	3.815244709e-20	5.201405912e-18	0.9202556109	0.5986684227	0.01	0.1571969048	0.01	0.09144444931	0.01	0.08641071176	0.01	0.1283069606	0.01	0.1266761249	0.01	0.08121454951
2.18	-1.209898208e-20	-1.728351003e-18	0.9262453481	0.5989965637	0.01	0.1573225482	0.01	0.09157435445	0.01	0.08654028082	0.01	0.128100539	0.01	0.1264513866	0.01	0.08112621432
2.19	-3.10183104e-20	-4.308069744e-18	0.9322378875	0.5992314175	0.01	0.157448014	0.01	0.09170408862	0.01	0.08666968016	0.01	0.1278931746	0.01	0.1262256481	0.01	0.08103725377
2.2	-5.842558396e-20	-7.732039803e-18	0.9382319015	0.5992945875	0.01	0.1575732749	0.01	0.09183362561	0.01	0.08679888319	0.01	0.1276849053	0.01	0.1259989492	0.01	0.08094768648
2.21	1.199020292e-20	8.581875641e-19	0.9442253012	0.5991122152	0.01	0.1576982878	0.01	0.09196292283	0.01	0.08692784695	0.01	0.1274757966	0.01	0.1257713597	0.01	0.08085754316
2.22	-1.024539141e-20	-1.707228643e-18	0.9502152991	0.598618453	0.01	0.1578229951	0.01	0.09209192257	0.01	0.08705651352	0.01	0.1272659398	0.01	0.1255429787	0.01	0.08076686614
2.23	3.40421482e-20	6.80683345e-18	0.9561985047	0.597758513	0.01	0.1579473269	0.01	0.0922205541	0.01	0.08718481195	0.01	0.1270554497	0.01	0.1253139312	0.01	0.08067570832
2.24	-1.699213557e-21	-4.929579095e-22	0.9621710475	0.5964911507	0.01	0.1580712033	0.01	0.0923487362	0.01	0.08731266097	0.01	0.1268444612	0.01	0.1250843648	0.01	0.08058413168
2.25	3.046598334e-20	5.92172549e-18	0.9681287218	0.5947904735	0.01	0.1581945377	0.01	0.09247638033	0.01	0.08743997204	0.01	0.1266331248	0.01	0.1248544444	0.01	0.08049220528
2.26	-1.853935984e-20	-5.901428499e-18	0.9740671455	0.5926469939	0.01	0.1583172403	0.01	0.09260339397	0.01	0.08756665276	0.01	0.1264216013	0.01	0.1246243469	0.01	0.08040000301
2.27	8.428779474e-21	2.371391229e-21	0.9799819253	0.5900678854	0.01	0.1584392209	0.01	0.09272968418	0.01	0.08769261038	0.01	0.1262100562	0.01	0.1243942547	0.01	0.08030760106
2.28	6.210621981e-20	1.174378871e-17	0.9858688209	0.5870764385	0.01	0.1585603931	0.01	0.09285516112	0.01	0.08781775534	0.01	0.125998654	0.01	0.1241643493	0.01	0.08021507533
2.29	3.352284488e-21	1.671554543e-18	0.9917238993	0.5837107514	0.01	0.1586806769	0.01	0.09297974131	0.01	0.0879420045	0.01	0.1257875526	0.01	0.1239348051	0.01	0.08012249886
2.3	-2.837628037e-20	-4.172955784e-18	0.9975436733	0.5800217273	0.01	0.1588000019	0.01	0.09310335063	0.01	0.08806528413	0.01	0.1255768976	0.01	0.1237057833	0.01	0.08002993938
2.31	4.162627291e-20	6.657803374e-18	1.003325216	0.5760704834	0.01	0.1589183093	0.01	0.09322592671	0.01	0.08818753231	0.01	0.125366818	0.01	0.1234774267	0.01	0.0799374572
2.32	3.301487502e-21	2.486837246e-18	1.009066249	0.5719253047	0.01	0.159035554	0.01	0.0933474209	0.01	0.0883087008	0.01	0.1251574222	0.01	0.1232498556	0.01	0.07984510343
2.33	-9.953356656e-21	8.239425236e-19	1.014765194	0.5676582957	0.01	0.1591517053	0.01	0.09346779934	0.01	0.08842875623	0.01	0.1249487951	0.01	0.1230231641	0.01	0.07975291865
2.34	6.617168925e-21	-1.647149677e-18	1.020421199	0.5633418975	0.01	0.1592667476	0.01	0.09358704357	0.01	0.08854768051	0.01	0.1247409968	0.01	0.1227974189	0.01	0.07966093218
2.35	-3.129472444e-20	-8.231354467e-18	1.026034117	0.5590454421	0.01	0.1593806799	0.01	0.09370515017	0.01	0.08866547064	0.01	0.1245340615	0.01	0.1225726584	0.01	0.07956916184
2.36	2.629410828e-20	1.647120878e-18	1.031604465	0.5548319105	0.01	0.1594935148	0.01	0.09382212991	0.01	0.08878213771	0.01	0.124327999	0.01	0.1223488935	0.01	0.07947761432
2.37	1.802405383e-20	5.732722089e-18	1.037133345	0.5507550498	0.01	0.159605277	0.01	0.09393800613	0.01	0.08889770531	0.01	0.1241227961	0.01	0.12212611	0.01	0.07938628606
2.38	3.436703383e-20	4.090123838e-18	1.042622335	0.546856984	0.01	0.1597160008	0.01	0.09405281262	0.01	0.08901220743	0.01	0.1239184201	0.01	0.1219042717	0.01	0.07929516469
2.39	-3.275561588e-21	-7.766434069e-22	1.048073368	0.5431664253	0.01	0.159825728	0.01	0.09416659107	0.01	0.08912568585	0.01	0.1237148224	0.01	0.121683325	0.01	0.07920423083
2.4	-2.604693481e-20	-4.068912853e-18	1.053488592	0.5396975624	0.01	0.1599345048	0.01	0.09427938818	0.01	0.08923818727	0.01	0.1235119434	0.01	0.1214632042	0.01	0.07911346027
2.41	-4.223392894e-20	-6.495416901e-18	1.058870221	0.5364496667	0.01	0.1600423788	0.01	0.09439125265	0.01	0.08934976031	0.01	0.1233097174	0.01	0.1212438368	0.01	0.07902282633
2.42	9.744791479e-21	2.20101695e-21	1.064220388	0.5334074212	0.01	0.1601493962	0.01	0.09450223209	0.01	0.08946045241	0.01	0.1231080783	0.01	0.1210251498	0.01	0.07893230238
2.43	3.072167098e-20	6.463665446e-18	1.069541005	0.5305419417	0.01	0.1602555987	0.01	0.09461237014	0.01	0.08957030697	0.01	0.1229069647	0.01	0.1208070757	0.01	0.07884186427
2.44	3.548442234e-20	8.061182769e-18	1.074833635	0.5278124274	0.01	0.1603610212	0.01	0.09472170375	0.01	0.08967936065	0.01	0.1227063248	0.01	0.1205895577	0.01	0.07875149266
2.45	-2.897216426e-20	-4.024277265e-18	1.080099384	0.5251683489	0.01	0.1604656897	0.01	0.09483026098	0.01	0.08978764114	0.01	0.1225061214	0.01	0.1203725552	0.01	0.07866117514
2.46	0	0	1.085338815	0.5225520586	0.01	0.1605696194	0.01	0.09493805914	0.01	0.0898951654	0.01	0.1223063353	0.01	0.1201560473	0.01	0.07857090786
2.47	0	0	1.090551897	0.5199016901	0.01	0.1606728136	0.01	0.0950451036	0.01	0.0900019384	0.01	0.1221069683	0.01	0.1199400369	0.01	0.07848069691
2.48	0	0	1.09573797	0.5171542033	0.01	0.1607752636	0.01	0.09515138719	0.01	0.0901079526	0.01	0.1219080449	0.01	0.1197245517	0.01	0.07839055908
2.49	0	0	1.100895755	0.5142484295	0.01	0.1608769483	0.01	0.09525689017	0.01	0.0902131879	0.01	0.1217096131	0.01	0.1195096456	0.01	0.07830052213
2.5	0	0	1.106023386	0.5111279704	0.01	0.1609778354	0.01	0.09536158085	0.01	0.09031761232	0.01	0.1215117442	0.01	0.1192953978	0.01	0.07821062459
2.51	0	0	1.111118468	0.50774382	0.01	0.161077882	0.01	0.09546541679	0.01	0.09042118318	0.01	0.121314531	0.01	0.1190819116	0.01	0.07812091491
2.52	0	0	1.116178165	0.5040565882	0.01	0.1611770371	0.01	0.0955683465	0.01	0.09052384879	0.01	0.1211180853	0.01	0.1188693106	0.01	0.07803145029
2.53	0	0	1.121199305	0.5000382309	0.01	0.1612752429	0.01	0.09567031145	0.01	0.09062555053	0.01	0.1209225347	0.01	0.118657736	0.01	0.07794229501
2.54	0	0	1.126178497	0.4956732118	0.01	0.1613724377	0.01	0.09577124854	0.01	0.09072622526	0.01	0.1207280183	0.01	0.118447341	0.01	0.07785351842
2.55	0	0	1.131112263	0.4909590539	0.01	0.1614685583	0.01	0.09587109261	0.01	0.09082580786	0.01	0.1205346822	0.01	0.1182382863	0.01	0.07776519278
2.56	0	0	1.135997162	0.4859062627	0.01	0.1615635424	0.01	0.09596977902	0.01	0.09092423384	0.01	0.1203426746	0.01	0.1180307342	0.01	0.07767739091
2.57	0	0	1.140829922	0.4805376378	0.01	0.1616573312	0.01	0.09606724625	0.01	0.09102144184	0.01	0.1201521409	0.01	0.1178248437	0.01	0.07759018385
2.58	0	0	1.145607556	0.4748870163	0.01	0.1617498714	0.01	0.0961634382	0.01	0.09111737601	0.01	0.1199632189	0.01	0.1176207645	0.01	0.07750363864
2.59	0	0	1.15032746	0.4689975166	0.01	0.1618411174	0.01	0.09625830622	0.01	0.09121198799	0.01	0.1197760345	0.01	0.1174186329	0.01	0.07741781629
2.6	0	0	1.154987498	0.4629193791	0.01	0.1619310329	0.01	0.0963518108	0.01	0.09130523862	0.01	0.1195906981	0.01	0.1172185675	0.01	0.07733277009
2.61	0	0	1.15958606	0.4567075104	0.01	0.1620195917	0.01	0.09644392278	0.01	0.09139709905	0.01	0.1194073014	0.01	0.1170206659	0.01	0.0772485442
2.62	0	0	1.164122096	0.4504188589	0.01	0.1621067785	0.01	0.09653462402	0.01	0.09148755152	0.01	0.1192259156	0.01	0.1168250027	0.01	0.07716517287
2.63	0	0	1.168595122	0.4441097487	0.01	0.1621925889	0.01	0.09662390765	0.01	0.09157658947	0.01	0.1190465902	0.01	0.1166316284	0.01	0.07708267991
2.64	0	0	1.173005201	0.4378333012	0.01	0.1622770292	0.01	0.0967117777	0.01	0.09166421726	0.01	0.118869353	0.01	0.1164405696	0.01	0.07700107887
2.65	0	0	1.177352901	0.4316370691	0.01	0.1623601152	0.01	0.09679824833	0.01	0.09175044932	0.01	0.118694211	0.01	0.1162518298	0.01	0.07692037351
2.66	0	0	1.181639224	0.4255609891	0.01	0.1624418711	0.01	0.09688334259	0.01	0.09183530892	0.01	0.1185211523	0.01	0.1160653922	0.01	0.07684055885
2.67	0	0	1.185865528	0.4196357472	0.01	0.1625223281	0.01	0.09696709082	0.01	0.09191882656	0.01	0.1183501487	0.01	0.1158812221	0.01	0.07676162253
2.68	0	0	1.190033425	0.413881624	0.01	0.1626015218	0.01	0.09704952878	0.01	0.09200103809	0.01	0.118181159	0.01	0.1156992715	0.01	0.07668354652
2.69	0	0	1.194144673	0.408307865	0.01	0.1626794912	0.01	0.09713069557	0.01	0.09208198264	0.01	0.1180141333	0.01	0.1155194827	0.01	0.07660630903
2.7	0	0	1.198201066	0.4029125919	0.01	0.1627562756	0.01	0.09721063152	0.01	0.09216170048	0.01	0.1178490164	0.01	0.1153417937	0.01	0.07652988656
2.71	0	0	1.202204328	0.3976832465	0.01	0.162831913	0.01	0.09728937601	0.01	0.09224023088	0.01	0.1176857529	0.01	0.1151661425	0.01	0.07645425596
2.72	0	0	1.206156006	0.39259753	0.01	0.1629064384	0.01	0.09736696554	0.01	0.09231761014	0.01	0.117524291	0.01	0.1149924719	0.01	0.07637939645
2.73	0	0	1.210057382	0.3876247826	0.01	0.1629798814	0.01	0.09744343184	0.01	0.09239386977	0.01	0.1173645861	0.01	0.1148207336	0.01	0.07630529141
2.74	0	0	1.213909399	0.3827277231	0.01	0.1630522656	0.01	0.09751880045	0.01	0.09246903502	0.01	0.1172066049	0.01	0.1146508923	0.01	0.07623192996
2.75	0	0	1.217712603	0.3778644586	0.01	0.1631236069	0.01	0.09759308948	0.01	0.0925431237	0.01	0.1170503277	0.01	0.1144829281	0.01	0.07615930821
2.76	0	0	1.221467108	0.3729906607	0.01	0.1631939133	0.01	0.09766630891	0.01	0.09261614548	0.01	0.1168957506	0.01	0.1143168391	0.01	0.07608743012
2.77	0	0	1.225172585	0.3680618019	0.01	0.1632631845	0.01	0.09773846022	0.01	0.09268810149	0.01	0.1167428868	0.01	0.114152642	0.01	0.07601630792
2.78	0	0	1.228828269	0.363035345	0.01	0.1633314119	0.01	0.09780953645	0.01	0.09275898449	0.01	0.1165917666	0.01	0.113990373	0.01	0.07594596218
2.79	0	0	1.23243299	0.3578727839	0.01	0.1633985793	0.01	0.09787952274	0.01	0.09282877934	0.01	0.1164424375	0.01	0.1138300866	0.01	0.07587642138
2.8	0	0	1.235985222	0.3525414445	0.01	0.1634646641	0.01	0.09794839714	0.01	0.09289746386	0.01	0.1162949624	0.01	0.113671854	0.01	0.07580772113
2.81	0	0	1.239483149	0.3470159671	0.01	0.1635296381	0.01	0.09801613185	0.01	0.09296501006	0.01	0.1161494176	0.01	0.1135157605	0.01	0.07573990305
2.82	0	0	1.242924644	0.3412235257	0.01	0.1635934786	0.01	0.09808270009	0.01	0.0930313914	0.01	0.1160058909	0.01	0.1133619038	0.01	0.07567301411
2.83	0	0	1.246305509	0.3348668463	0.01	0.1636562082	0.01	0.09814811788	0.01	0.09309662523	0.01	0.1158645109	0.01	0.1132104347	0.01	0.07560713204
2.84	0	0	1.249619881	0.3279335456	0.01	0.1637177452	0.01	0.09821232675	0.01	0.09316064992	0.01	0.1157254868	0.01	0.1130615985	0.01	0.07554237583
2.85	0	0	1.252862416	0.3205380705	0.01	0.1637779869	0.01	0.09827522384	0.01	0.09322336165	0.01	0.1155858141	0.01	0.1129156542	0.01	0.0754788617
2.86	0	0	1.256030269	0.3130498212	0.01	0.1638368692	0.01	0.09833673197	0.01	0.09328468452	0.01	0.1154438987	0.01	0.1127727966	0.01	0.07541666813
2.87	0	0	1.259123856	0.3056996181	0.01	0.1638943908	0.01	0.09839683416	0.01	0.09334460375	0.01	0.1153035865	0.01	0.1126330819	0.01	0.07535580799
2.88	0	0	1.262145079	0.2985804854	0.01	0.1639505823	0.01	0.0984555538	0.01	0.09340314407	0.01	0.1151659667	0.01	0.1124964695	0.01	0.07529625787
2.89	0	0	1.265096487	0.2917365845	0.01	0.164005488	0.01	0.09851293275	0.01	0.09346034793	0.01	0.1150312699	0.01	0.1123628726	0.01	0.07523797853
2.9	0	0	1.267980938	0.2851880329	0.01	0.164059159	0.01	0.09856902158	0.01	0.09351626616	0.01	0.1148994786	0.01	0.112232182	0.01	0.07518092282
2.91	0	0	1.270801403	0.2789378898	0.01	0.1641116491	0.01	0.09862387474	0.01	0.09357095327	0.01	0.1147705007	0.01	0.1121042782	0.01	0.07512503999
2.92	0	0	1.27356081	0.2729746505	0.01	0.1641630118	0.01	0.09867754729	0.01	0.09362446424	0.01	0.1146442227	0.01	0.1119790394	0.01	0.07507027889
2.93	0	0	1.276261904	0.2672739333	0.01	0.1642132975	0.01	0.09873009207	0.01	0.09367685177	0.01	0.1145205284	0.01	0.1118563482	0.01	0.07501659076
2.94	0	0	1.278907134	0.2618003213	0.01	0.164262552	0.01	0.09878155735	0.01	0.09372816384	0.01	0.1143993086	0.01	0.111736097	0.01	0.07496393176
2.95	0	0	1.281498548	0.2565095522	0.01	0.1643108135	0.01	0.09883198476	0.01	0.09377844174	0.01	0.1142804671	0.01	0.1116181933	0.01	0.07491226504
2.96	0	0	1.284037717	0.2513510203	0.01	0.164358112	0.01	0.09888140757	0.01	0.09382771835	0.01	0.1141639252	0.01	0.1115025637	0.01	0.07486156247
2.97	0	0	1.286525693	0.2462704816	0.01	0.1644044681	0.01	0.09892984959	0.01	0.09387601705	0.01	0.1140496252	0.01	0.1113891566	0.01	0.07481180585
2.98	0	0	1.288962975	0.2412128362	0.01	0.1644498918	0.01	0.09897732442	0.01	0.09392335097	0.01	0.1139375322	0.01	0.1112779444	0.01	0.07476298752
2.99	0	0	1.291349525	0.2361248549	0.01	0.1644943836	0.01	0.09902383533	0.01	0.09396972296	0.01	0.1138276353	0.01	0.1111689235	0.01	0.07471511049
3	0	0	1.293684791	0.2309577251	0.01	0.1645379342	0.01	0.09906937561	0.01	0.09401512589	0.01	0.1137199469	0.01	0.1110621135	0.01	0.07466818803
3.01	0	0	1.29596777	0.2256693027	0.01	0.1645805256	0.01	0.09911392942	0.01	0.09405954352	0.01	0.1136145015	0.01	0.1109575561	0.01	0.07462224269
3.02	0	0	1.298197079	0.2202259773	0.01	0.1646221327	0.01	0.09915747303	0.01	0.09410295182	0.01	0.1135113529	0.01	0.1108553113	0.01	0.07457730496
3.03	0	0	1.300371048	0.2146040738	0.01	0.1646627247	0.01	0.09919997643	0.01	0.09414532056	0.01	0.113410571	0.01	0.1107554542	0.01	0.07453341149
3.04	0	0	1.302487826	0.2087907429	0.01	0.1647022671	0.01	0.09924140523	0.01	0.09418661517	0.01	0.1133122375	0.01	0.1106580705	0.01	0.07449060313
3.05	0	0	1.304545489	0.202784315	0.01	0.1647407238	0.01	0.09928172268	0.01	0.09422679884	0.01	0.113216441	0.01	0.1105632516	0.01	0.07444892272
3.06	0	0	1.306542154	0.1965941184	0.01	0.164778059	0.01	0.09932089178	0.01	0.09426583459	0.01	0.1131232728	0.01	0.1104710896	0.01	0.07440841287
3.07	0	0	1.308476082	0.1902397887	0.01	0.1648142392	0.01	0.0993588773	0.01	0.09430368731	0.01	0.1130328212	0.01	0.1103816725	0.01	0.07436911376
3.08	0	0	1.310345775	0.1837501184	0.01	0.1648492353	0.01	0.09939564781	0.01	0.09434032573	0.01	0.1129451675	0.01	0.1102950795	0.01	0.07433106112
3.09	0	0	1.312150064	0.177161516	0.01	0.1648830239	0.01	0.09943117726	0.01	0.09437572408	0.01	0.1128603814	0.01	0.110211377	0.01	0.07429428445
3.1	0	0	1.313888174	0.170516162	0.01	0.1649155887	0.01	0.09946544652	0.01	0.09440986352	0.01	0.1127785174	0.01	0.1101306149	0.01	0.07425880551
3.11	0	0	1.315559767	0.1638599599	0.01	0.1649469215	0.01	0.09949844438	0.01	0.09444273321	0.01	0.1126996121	0.01	0.1100528241	0.01	0.07422463726
3.12	0	0	1.317164976	0.1572403864	0.01	0.1649770227	0.01	0.09953016826	0.01	0.09447433096	0.01	0.1126236822	0.01	0.1099780149	0.01	0.07419178317
3.13	0	0	1.318704404	0.1507043505	0.01	0.1650059015	0.01	0.09956062454	0.01	0.09450466352	0.01	0.1125507231	0.01	0.1099061758	0.01	0.07416023699
3.14	0	0	1.320179111	0.1442961619	0.01	0.1650335757	0.01	0.09958982842	0.01	0.09453374649	0.01	0.1124807094	0.01	0.1098372745	0.01	0.07412998289
3.15	0	0	1.321590577	0.1380557044	0.01	0.165060071	0.01	0.09961780347	0.01	0.0945616038	0.01	0.1124135951	0.01	0.109771258	0.01	0.07410099614
3.16	0	0	1.322940651	0.1320168947	0.01	0.1650854202	0.01	0.0996445808	0.01	0.09458826687	0.01	0.1123493158	0.01	0.1097080554	0.01	0.07407324398
3.17	0	0	1.324231486	0.1262064905	0.01	0.1651096619	0.01	0.09967019797	0.01	0.09461377354	0.01	0.1122877905	0.01	0.1096475798	0.01	0.07404668693
3.18	0	0	1.325465462	0.1206432903	0.01	0.1651328395	0.01	0.09969469767	0.01	0.09463816669	0.01	0.112228925	0.01	0.1095897323	0.01	0.07402128025
3.19	0	0	1.326645104	0.1153377482	0.01	0.165154999	0.01	0.09971812624	0.01	0.0946614928	0.01	0.1121726149	0.01	0.1095344046	0.01	0.07399697558
3.2	0	0	1.327773	0.1102920039	0.01	0.1651761883	0.01	0.0997405321	0.01	0.09468380035	0.01	0.1121187495	0.01	0.1094814836	0.01	0.07397372264
3.21	0	0	1.328851721	0.1055003085	0.01	0.1651964549	0.01	0.09976196426	0.01	0.09470513831	0.01	0.1120672156	0.01	0.1094308544	0.01	0.07395147091
3.22	0	0	1.32988374	0.1009498061	0.01	0.1652158451	0.01	0.09978247074	0.01	0.09472555463	0.01	0.1120179005	0.01	0.1093824046	0.01	0.07393017118
3.23	0	0	1.330871377	0.09662161952	0.01	0.1652344024	0.01	0.09980209734	0.01	0.09474509491	0.01	0.1119706959	0.01	0.1093360268	0.01	0.07390977701
3.24	0	0	1.331816735	0.09249217103	0.01	0.1652521665	0.01	0.09982088637	0.01	0.09476380128	0.01	0.1119255006	0.01	0.109291622	0.01	0.07389024583
3.25	0	0	1.332721666	0.08853466637	0.01	0.1652691726	0.01	0.09983887587	0.01	0.09478171149	0.01	0.1118822227	0.01	0.1092491014	0.01	0.07387153992
3.26	0	0	1.333587746	0.08472066195	0.01	0.165285451	0.01	0.09985609888	0.01	0.09479885828	0.01	0.1118407814	0.01	0.1092083879	0.01	0.07385362696
3.27	0	0	1.334416266	0.08102163776	0.01	0.1653010264	0.01	0.09987258313	0.01	0.0948152691	0.01	0.1118011081	0.01	0.109169417	0.01	0.07383648029
3.28	0	0	1.335208239	0.07741050122	0.01	0.1653159186	0.01	0.09988835102	0.01	0.094830966	0.01	0.1117631467	0.01	0.1091321371	0.01	0.07382007892
3.29	0	0	1.33596442	0.07386295468	0.01	0.1653301423	0.01	0.09990341981	0.01	0.09484596599	0.01	0.1117268535	0.01	0.1090965086	0.01	0.07380440712
3.3	0	0	1.336685343	0.07035866869	0.01	0.1653437083	0.01	0.09991780216	0.01	0.09486028144	0.01	0.1116921955	0.01	0.1090625026	0.01	0.07378945385
3.31	0	0	1.337371362	0.06688221568	0.01	0.1653566235	0.01	0.09993150684	0.01	0.09487392089	0.01	0.11165915	0.01	0.1090300998	0.01	0.07377521191
3.32	0	0	1.338022705	0.06342373171	0.01	0.1653688926	0.01	0.09994453961	0.01	0.09488688995	0.01	0.1116277014	0.01	0.1089992875	0.01	0.07376167685
3.33	0	0	1.338639532	0.0599792883	0.01	0.1653805185	0.01	0.0999569043	0.01	0.09489919232	0.01	0.1115978398	0.01	0.1089700578	0.01	0.07374884593
3.34	0	0	1.339221993	0.05655097099	0.01	0.165391504	0.01	0.09996860387	0.01	0.09491083091	0.01	0.111569558	0.01	0.1089424042	0.01	0.07373671679
3.35	0	0	1.33977029	0.05314667474	0.01	0.1654018524	0.01	0.09997964158	0.01	0.09492180898	0.01	0.1115428487	0.01	0.1089163199	0.01	0.07372528631
3.36	0	0	1.34028473	0.04977963944	0.01	0.1654115691	0.01	0.09999002207	0.01	0.09493213125	0.01	0.1115177022	0.01	0.1088917941	0.01	0.07371454944
3.37	0	0	1.340765776	0.04646775979	0.01	0.1654206619	0.01	0.0999997524	0.01	0.09494180487	0.01	0.1114941038	0.01	0.1088688102	0.01	0.07370449808
3.38	0	0	1.341214089	0.04323271282	0.01	0.1654291423	0.01	0.1000088429	0.01	0.09495084036	0.01	0.1114720314	0.01	0.1088473437	0.01	0.07369512026
3.39	0	0	1.341630561	0.04009895322	0.01	0.165437026	0.01	0.1000173079	0.01	0.09495925229	0.01	0.1114514541	0.01	0.1088273602	0.01	0.07368639935
3.4	0	0	1.342016338	0.03709263022	0.01	0.1654443333	0.01	0.1000251665	0.01	0.09496705983	0.01	0.1114323303	0.01	0.1088088141	0.01	0.07367831356
3.41	0	0	1.342372829	0.03424048142	0.01	0.1654510894	0.01	0.1000324424	0.01	0.0949742871	0.01	0.1114146069	0.01	0.108791648	0.01	0.07367083568
3.42	0	0	1.34270171	0.03156875694	0.01	0.1654573245	0.01	0.1000391645	0.01	0.09498096328	0.01	0.1113982189	0.01	0.1087757923	0.01	0.07366393298
3.43	0	0	1.34300491	0.0291022237	0.01	0.1654630735	0.01	0.100045367	0.01	0.09498712256	0.01	0.1113830892	0.01	0.1087611655	0.01	0.07365756736
3.44	0	0	1.343284595	0.02686329271	0.01	0.1654683758	0.01	0.1000510883	0.01	0.09499280387	0.01	0.1113691294	0.01	0.1087476746	0.01	0.07365169574
3.45	0	0	1.34354314	0.02487130457	0.01	0.165473275	0.01	0.1000563717	0.01	0.09499805046	0.01	0.1113562404	0.01	0.1087352162	0.01	0.07364627053
3.46	0	0	1.343783094	0.02314199857	0.01	0.1654778178	0.01	0.1000612638	0.01	0.09500290932	0.01	0.1113443134	0.01	0.1087236781	0.01	0.07364124033
3.47	0	0	1.344007143	0.02168718057	0.01	0.1654820539	0.01	0.1000658148	0.01	0.09500743056	0.01	0.1113332321	0.01	0.1087129406	0.01	0.07363655067
3.48	0	0	1.344218074	0.02051459447	0.01	0.1654860347	0.01	0.100070077	0.01	0.09501166663	0.01	0.1113228736	0.01	0.1087028786	0.01	0.0736321448
3.49	0	0	1.344418726	0.01962799199	0.01	0.1654898131	0.01	0.1000741045	0.01	0.09501567158	0.01	0.1113131108	0.01	0.108693363	0.01	0.0736279646
3.5	0	0	1.344611961	0.01902738606	0.01	0.1654934423	0.01	0.1000779521	0.01	0.09501950031	0.01	0.1113038138	0.01	0.1086842629	0.01	0.07362395129
3.51	0	0	1.344800623	0.01870946558	0.01	0.1654969755	0.01	0.100081675	0.01	0.09502320785	0.01	0.1112948518	0.01	0.1086754473	0.01	0.07362004625
3.52	0	0	1.34498749	0.01866489624	0.01	0.1655004647	0.01	0.1000853277	0.01	0.09502684859	0.01	0.1112860949	0.01	0.1086667864	0.01	0.07361619187
3.53	0	0	1.345175158	0.01886623355	0.01	0.1655039594	0.01	0.1000889627	0.01	0.09503047479	0.01	0.1112774172	0.01	0.1086581561	0.01	0.07361233352
3.54	0	0	1.345365852	0.01926681699	0.01	0.1655075025	0.01	0.1000926274	0.01	0.09503413361	0.01	0.1112687027	0.01	0.1086494443	0.01	0.07360842325
3.55	0	0	1.345561245	0.01980396888	0.01	0.1655111277	0.01	0.1000963612	0.01	0.09503786362	0.01	0.1112598534	0.01	0.1086405599	0.01	0.07360442351
3.56	0	0	1.345762326	0.02040284341	0.01	0.1655148562	0.01	0.1001001915	0.01	0.09504169173	0.01	0.1112507965	0.01	0.1086314397	0.01	0.07360031023
3.57	0	0	1.345969292	0.02098064364	0.01	0.1655186946	0.01	0.1001041321	0.01	0.09504563078	0.01	0.1112414903	0.01	0.1086220539	0.01	0.07359607518
3.58	0	0	1.346181496	0.02145097636	0.01	0.1655226343	0.01	0.1001081811	0.01	0.09504967792	0.01	0.1112319291	0.01	0.1086124106	0.01	0.07359172729
3.59	0	0	1.346397427	0.02172813717	0.01	0.1655266503	0.01	0.10011232	0.01	0.09505381381	0.01	0.1112221455	0.01	0.1086025568	0.01	0.07358729325
3.6	0	0	1.346614744	0.02173113868	0.01	0.1655307021	0.01	0.1001165139	0.01	0.09505800269	0.01	0.1112122108	0.01	0.1085925787	0.01	0.07358281712
3.61	0	0	1.346830337	0.02138731802	0.01	0.1655347343	0.01	0.1001207125	0.01	0.09506219322	0.01	0.1112022342	0.01	0.1085825996	0.01	0.07357835918
3.62	0	0	1.347040426	0.02063538763	0.01	0.165538679	0.01	0.100124851	0.01	0.09506632005	0.01	0.1111923591	0.01	0.1085727761	0.01	0.0735739941
3.63	0	0	1.347240689	0.01942782344	0.01	0.1655424574	0.01	0.1001288528	0.01	0.09507030594	0.01	0.111182759	0.01	0.1085632932	0.01	0.07356980842
3.64	0	0	1.347426405	0.01773251773	0.01	0.1655459828	0.01	0.1001326319	0.01	0.09507406442	0.01	0.1111736318	0.01	0.1085543577	0.01	0.07356589769
3.65	0	0	1.347592616	0.01553365748	0.01	0.1655491636	0.01	0.1001360956	0.01	0.09507750272	0.01	0.1111651925	0.01	0.1085461915	0.01	0.0735623632
3.66	0	0	1.347734289	0.01283182366	0.01	0.1655519061	0.01	0.1001391481	0.01	0.09508052485	0.01	0.1111576667	0.01	0.1085390243	0.01	0.07355930863
3.67	0	0	1.347846475	0.009643340361	0.01	0.1655541176	0.01	0.1001416932	0.01	0.09508303481	0.01	0.1111512827	0.01	0.1085330858	0.01	0.07355683672
3.68	0	0	1.347924462	0.005998934317	0.01	0.1655557093	0.01	0.1001436376	0.01	0.09508493951	0.01	0.1111462644	0.01	0.1085285985	0.01	0.07355504609
3.69	0	0	1.34796391	0.001941793889	0.01	0.1655565989	0.01	0.1001448935	0.01	0.09508615155	0.01	0.1111428246	0.01	0.1085257714	0.01	0.07355402834
3.7	0	0	1.347960958	-0.002475164294	0.01	0.1655566905	0.01	0.100145381	0.01	0.09508659157	0.01	0.1111411591	0.01	0.1085247942	0.01	0.07355384699
3.71	0	0	1.347912332	-0.007183461506	0.01	0.1655558745	0.01	0.1001448551	0.01	0.09508600956	0.01	0.1111412554	0.01	0.1085254377	0.01	0.07355442991
3.72	0	0	1.347815664	-0.01206852648	0.01	0.1655541657	0.01	0.1001433034	0.01	0.09508442958	0.01	0.1111427515	0.01	0.108527754	0.01	0.07355594082
3.73	0	0	1.347669781	-0.01701728881	0.01	0.16555154	0.01	0.1001407972	0.01	0.09508189891	0.01	0.1111459681	0.01	0.108532099	0.01	0.07355845434
3.74	0	0	1.347474466	-0.02195048378	0.01	0.1655479919	0.01	0.100137332	0.01	0.09507841111	0.01	0.1111511578	0.01	0.1085386413	0.01	0.07356198968
3.75	0	0	1.347230149	-0.02681612646	0.01	0.1655435285	0.01	0.1001329124	0.01	0.09507397112	0.01	0.1111584722	0.01	0.1085474471	0.01	0.07356654482
3.76	0	0	1.346937666	-0.03158411213	0.01	0.1655381647	0.01	0.1001275522	0.01	0.09506859303	0.01	0.11116799	0.01	0.1085585239	0.01	0.07357210604
3.77	0	0	1.34659806	-0.03624237066	0.01	0.1655319199	0.01	0.1001212707	0.01	0.09506229608	0.01	0.1111797385	0.01	0.1085718463	0.01	0.07357865307
3.78	0	0	1.346212416	-0.04079369501	0.01	0.1655248143	0.01	0.1001140888	0.01	0.09505510132	0.01	0.1111937111	0.01	0.108587372	0.01	0.07358616305
3.79	0	0	1.34578173	-0.04525287412	0.01	0.1655168669	0.01	0.1001060268	0.01	0.09504702879	0.01	0.1112098811	0.01	0.1086050527	0.01	0.07359461359
3.8	0	0	1.345306804	-0.04964398905	0.01	0.1655080933	0.01	0.1000971016	0.01	0.09503809536	0.01	0.1112282131	0.01	0.1086248425	0.01	0.07360398537
3.81	0	0	1.34478816	-0.05399783306	0.01	0.1654985038	0.01	0.1000873253	0.01	0.09502831301	0.01	0.1112486715	0.01	0.1086467034	0.01	0.07361426402
3.82	0	0	1.344225995	-0.05834946425	0.01	0.1654881028	0.01	0.1000767041	0.01	0.09501768759	0.01	0.1112712275	0.01	0.1086706099	0.01	0.07362544156
3.83	0	0	1.343620142	-0.06273592197	0.01	0.1654768882	0.01	0.1000652372	0.01	0.09500621814	0.01	0.1112958635	0.01	0.1086965517	0.01	0.07363751719
3.84	0	0	1.342970065	-0.06719414718	0.01	0.1654648506	0.01	0.1000529167	0.01	0.09499389657	0.01	0.1113225765	0.01	0.1087245355	0.01	0.07365049774
3.85	0	0	1.342274867	-0.07175914787	0.01	0.1654519743	0.01	0.1000397276	0.01	0.09498070774	0.01	0.1113513799	0.01	0.1087545851	0.01	0.07366439756
3.86	0	0	1.341533321	-0.07646244604	0.01	0.165438237	0.01	0.1000256483	0.01	0.0949666299	0.01	0.1113823042	0.01	0.1087867413	0.01	0.07367923815
3.87	0	0	1.340743907	-0.08133083429	0.01	0.1654236111	0.01	0.1000106514	0.01	0.09495163541	0.01	0.1114153958	0.01	0.1088210605	0.01	0.07369504735
3.88	0	0	1.339904866	-0.08638545849	0.01	0.1654080643	0.01	0.09999470422	0.01	0.09493569171	0.01	0.1114507164	0.01	0.1088576126	0.01	0.07371185835
3.89	0	0	1.33901426	-0.09164123091	0.01	0.1653915611	0.01	0.09997777055	0.01	0.09491876241	0.01	0.1114883403	0.01	0.1088964785	0.01	0.0737297085
3.9	0	0	1.338070035	-0.0971065648	0.01	0.1653740635	0.01	0.09995981135	0.01	0.09490080852	0.01	0.1115283521	0.01	0.1089377475	0.01	0.07374863797
3.91	0	0	1.337070084	-0.1027834094	0.01	0.1653555325	0.01	0.09994078623	0.01	0.09488178972	0.01	0.1115708435	0.01	0.1089815139	0.01	0.07376868841
3.92	0	0	1.336012313	-0.1086675547	0.01	0.1653359293	0.01	0.09992065465	0.01	0.09486166557	0.01	0.1116159104	0.01	0.109027874	0.01	0.07378990155
3.93	0	0	1.334894701	-0.1147491652	0.01	0.1653152162	0.01	0.09989937713	0.01	0.09484039669	0.01	0.1116636495	0.01	0.109076923	0.01	0.07381231798
3.94	0	0	1.333715347	-0.1210135002	0.01	0.165293358	0.01	0.09987691627	0.01	0.09481794586	0.01	0.1117141552	0.01	0.1091287521	0.01	0.07383597588
3.95	0	0	1.33247252	-0.1274417713	0.01	0.1652703223	0.01	0.09985323769	0.01	0.09479427886	0.01	0.111767517	0.01	0.1091834462	0.01	0.0738609101
3.96	0	0	1.331164691	-0.1340120897	0.01	0.1652460806	0.01	0.0998283108	0.01	0.09476936529	0.01	0.1118238167	0.01	0.1092410814	0.01	0.07388715128
3.97	0	0	1.329790562	-0.1407004597	0.01	0.1652206087	0.01	0.09980210933	0.01	0.09474317908	0.01	0.1118831266	0.01	0.1093017236	0.01	0.07391472522
3.98	0	0	1.32834908	-0.1474817738	0.01	0.1651938869	0.01	0.09977461175	0.01	0.09471569888	0.01	0.1119455079	0.01	0.1093654271	0.01	0.07394365249
3.99	0	0	1.326839444	-0.1543307727	0.01	0.1651659003	0.01	0.0997458014	0.01	0.09468690823	0.01	0.1120110093	0.01	0.109432234	0.01	0.07397394823
4	0	0	1.325261101	-0.1612229396	0.01	0.1651366386	0.01	0.09971566655	0.01	0.09465679557	0.01	0.1120796671	0.01	0.109502174	0.01	0.07400562213
4.01	0	0	1.323613738	-0.1681352993	0.01	0.165106096	0.01	0.09968420017	0.01	0.09462535402	0.01	0.1121515048	0.01	0.1095752646	0.01	0.07403867864
4.02	0	0	1.321897256	-0.1750471036	0.01	0.165074271	0.01	0.09965139963	0.01	0.0945925811	0.01	0.1122265335	0.01	0.109651512	0.01	0.07407311732
4.03	0	0	1.320111753	-0.1819403852	0.01	0.1650411654	0.01	0.09961726626	0.01	0.09455847826	0.01	0.1123047531	0.01	0.1097309118	0.01	0.07410893335
4.04	0	0	1.318257489	-0.1888003716	0.01	0.1650067846	0.01	0.09958180477	0.01	0.09452305029	0.01	0.1123861536	0.01	0.1098134504	0.01	0.07414611812
4.05	0	0	1.316334854	-0.1956157521	0.01	0.1649711361	0.01	0.09954502265	0.01	0.09448630475	0.01	0.1124707162	0.01	0.109899107	0.01	0.07418465994
4.06	0	0	1.314344334	-0.2023787978	0.01	0.1649342295	0.01	0.09950692946	0.01	0.09444825124	0.01	0.1125584153	0.01	0.1099878544	0.01	0.07422454476
4.07	0	0	1.312286472	-0.2090853397	0.01	0.1648960756	0.01	0.09946753616	0.01	0.09440890074	0.01	0.1126492204	0.01	0.1100796616	0.01	0.07426575692
4.08	0	0	1.310161837	-0.2157346121	0.01	0.1648566855	0.01	0.09942685443	0.01	0.09436826492	0.01	0.1127430976	0.01	0.110174495	0.01	0.07430827989
4.09	0	0	1.307970991	-0.2223289744	0.01	0.1648160704	0.01	0.099384896	0.01	0.0943263555	0.01	0.1128400117	0.01	0.1102723205	0.01	0.07435209699
4.1	0	0	1.305714456	-0.228873528	0.01	0.164774241	0.01	0.09934167207	0.01	0.09428318364	0.01	0.1129399276	0.01	0.1103731043	0.01	0.07439719198
4.11	0	0	1.303392693	-0.2353756469	0.01	0.1647312067	0.01	0.09929719282	0.01	0.09423875947	0.01	0.1130428118	0.01	0.110476815	0.01	0.07444354963
4.12	0	0	1.301006079	-0.2418444434	0.01	0.1646869754	0.01	0.09925146694	0.01	0.09419309163	0.01	0.1131486337	0.01	0.1105834242	0.01	0.07449115615
4.13	0	0	1.298554897	-0.2482901934	0.01	0.1646415534	0.01	0.09920450139	0.01	0.09414618701	0.01	0.1132573664	0.01	0.1106929075	0.01	0.07453999949
4.14	0	0	1.296039322	-0.254723743	0.01	0.1645949449	0.01	0.09915630112	0.01	0.09409805049	0.01	0.1133689876	0.01	0.110805245	0.01	0.07459006958
4.15	0	0	1.29345942	-0.2611559224	0.01	0.1645471524	0.01	0.09910686903	0.01	0.09404868494	0.01	0.1134834798	0.01	0.1109204216	0.01	0.07464135837
4.16	0	0	1.290815153	-0.2675969876	0.01	0.1644981762	0.01	0.099056206	0.01	0.09399809117	0.01	0.1136008304	0.01	0.1110384271	0.01	0.07469385983
4.17	0	0	1.288106386	-0.2740561118	0.01	0.1644480149	0.01	0.09900431101	0.01	0.09394626811	0.01	0.1137210315	0.01	0.1111592557	0.01	0.07474756972
4.18	0	0	1.285332899	-0.2805409446	0.01	0.1643966655	0.01	0.09895118137	0.01	0.09389321304	0.01	0.1138440796	0.01	0.1112829055	0.01	0.07480248543
4.19	0	0	1.282494407	-0.2870572517	0.01	0.1643441239	0.01	0.098896813	0.01	0.09383892189	0.01	0.1139699746	0.01	0.1114093781	0.01	0.07485860556
4.2	0	0	1.279590576	-0.2936086489	0.01	0.1642903849	0.01	0.09884120088	0.01	0.0937833896	0.01	0.1140987194	0.01	0.1115386772	0.01	0.07491592954
4.21	0	0	1.276621048	-0.3001964349	0.01	0.1642354431	0.01	0.0987843394	0.01	0.09372661058	0.01	0.1142303184	0.01	0.111670808	0.01	0.07497445721
4.22	0	0	1.273585465	-0.3068195261	0.01	0.1641792929	0.01	0.09872622285	0.01	0.09366857914	0.01	0.1143647768	0.01	0.1118057761	0.01	0.07503418828
4.23	0	0	1.270483491	-0.3134744927	0.01	0.1641219293	0.01	0.09866684586	0.01	0.09360928996	0.01	0.1145020991	0.01	0.1119435861	0.01	0.07509512192
4.24	0	0	1.267314836	-0.3201556901	0.01	0.1640633479	0.01	0.09860620387	0.01	0.09354873852	0.01	0.1146422883	0.01	0.1120842406	0.01	0.07515725623
4.25	0	0	1.264079276	-0.3268554768	0.01	0.1640035457	0.01	0.09854429353	0.01	0.0934869215	0.01	0.1147853448	0.01	0.1122277394	0.01	0.07522058785
4.26	0	0	1.260776672	-0.3335645073	0.01	0.1639425214	0.01	0.09848111305	0.01	0.09342383722	0.01	0.1149312652	0.01	0.1123740786	0.01	0.07528511158
4.27	0	0	1.257406986	-0.3402720853	0.01	0.1638802752	0.01	0.09841666259	0.01	0.09335948587	0.01	0.1150800418	0.01	0.1125232493	0.01	0.07535082006
4.28	0	0	1.253970291	-0.3469665614	0.01	0.1638168099	0.01	0.09835094442	0.01	0.09329386979	0.01	0.1152316616	0.01	0.1126752378	0.01	0.07541770355
4.29	0	0	1.25046678	-0.3536357574	0.01	0.1637521301	0.01	0.09828396311	0.01	0.09322699364	0.01	0.1153861062	0.01	0.1128300245	0.01	0.07548574978
4.3	0	0	1.246896767	-0.3602674006	0.01	0.163686243	0.01	0.09821572565	0.01	0.09315886446	0.01	0.1155433513	0.01	0.112987584	0.01	0.07555494387
4.31	0	0	1.243260688	-0.3668495485	0.01	0.1636191578	0.01	0.09814624139	0.01	0.09308949166	0.01	0.1157033562	0.01	0.1131478854	0.01	0.0756252684
4.32	0	0	1.239559384	-0.3732812076	0.01	0.1635508824	0.01	0.09807552023	0.01	0.09301888503	0.01	0.1158611343	0.01	0.1133108873	0.01	0.07569670065
4.33	0	0	1.23579492	-0.379481184	0.01	0.1634813491	0.01	0.09800350767	0.01	0.09294698804	0.01	0.1160175645	0.01	0.113476505	0.01	0.07576919605
4.34	0	0	1.231969923	-0.3853791863	0.01	0.1634105647	0.01	0.09793018932	0.01	0.09287378871	0.01	0.1161754935	0.01	0.1136446192	0.01	0.07584269696
4.35	0	0	1.228087559	-0.3909530533	0.01	0.1633385817	0.01	0.09785561521	0.01	0.09279933808	0.01	0.116335458	0.01	0.1138150835	0.01	0.07591713441
4.36	0	0	1.224151011	-0.3962164865	0.01	0.1632654539	0.01	0.09777984152	0.01	0.09272369231	0.01	0.1164974622	0.01	0.1139877417	0.01	0.07599243737
4.37	0	0	1.220163231	-0.401199493	0.01	0.163191232	0.01	0.09770292175	0.01	0.09264690469	0.01	0.1166613945	0.01	0.1141624442	0.01	0.07606853869
4.38	0	0	1.216126822	-0.4059424238	0.01	0.1631159602	0.01	0.09762490356	0.01	0.09256902259	0.01	0.1168271287	0.01	0.1143390552	0.01	0.07614537793
4.39	0	0	1.212043944	-0.4104929508	0.01	0.1630396752	0.01	0.09754582682	0.01	0.09249008561	0.01	0.1169945494	0.01	0.1145174574	0.01	0.07622290313
4.4	0	0	1.207916256	-0.4149035368	0.01	0.1629624047	0.01	0.09746572227	0.01	0.09241012416	0.01	0.1171635607	0.01	0.1146975552	0.01	0.07630107196
4.41	0	0	1.20374488	-0.4192289147	0.01	0.1628841664	0.01	0.09738461052	0.01	0.09232915853	0.01	0.1173340885	0.01	0.1148792767	0.01	0.07637985239
4.42	0	0	1.199530395	-0.4235235543	0.01	0.1628049682	0.01	0.09730250172	0.01	0.09224719857	0.01	0.1175060819	0.01	0.1150625739	0.01	0.07645922288
4.43	0	0	1.195272846	-0.4278391998	0.01	0.1627248076	0.01	0.09721939552	0.01	0.09216424366	0.01	0.117679513	0.01	0.1152474227	0.01	0.07653917201
4.44	0	0	1.190971787	-0.4322225792	0.01	0.1626436731	0.01	0.09713528166	0.01	0.09208028331	0.01	0.1178543755	0.01	0.1154338213	0.01	0.07661969777
4.45	0	0	1.18662634	-0.4367133823	0.01	0.1625615445	0.01	0.09705014096	0.01	0.09199529814	0.01	0.1180306825	0.01	0.1156217878	0.01	0.07670080632
4.46	0	0	1.182235275	-0.4413425906	0.01	0.1624783949	0.01	0.09696394662	0.01	0.09190926126	0.01	0.1182084632	0.01	0.1158113565	0.01	0.07678251048
4.47	0	0	1.177797101	-0.446131227	0.01	0.1623941918	0.01	0.09687666599	0.01	0.09182213993	0.01	0.1183877596	0.01	0.1160025745	0.01	0.07686482796
4.48	0	0	1.17331017	-0.4510895698	0.01	0.1623088994	0.01	0.09678826248	0.01	0.09173389757	0.01	0.1185686216	0.01	0.1161954966	0.01	0.07694777932
4.49	0	0	1.16877279	-0.4562168572	0.01	0.1622224807	0.01	0.09669869766	0.01	0.09164449583	0.01	0.118751103	0.01	0.116390181	0.01	0.07703138595
4.5	0	0	1.164183329	-0.4615014832	0.01	0.162134899	0.01	0.09660793343	0.01	0.09155389672	0.01	0.1189352568	0.01	0.1165866843	0.01	0.07711566798
4.51	0	0	1.159540323	-0.4669216667	0.01	0.1620461207	0.01	0.09651593416	0.01	0.09146206481	0.01	0.1191211301	0.01	0.1167850566	0.01	0.07720064231
4.52	0	0	1.154842571	-0.4724465545	0.01	0.1619561166	0.01	0.09642266868	0.01	0.09136896916	0.01	0.1193087607	0.01	0.1169853377	0.01	0.07728632085
4.53	0	0	1.15008922	-0.4780377012	0.01	0.1618648638	0.01	0.09632811208	0.01	0.09127458511	0.01	0.1194981728	0.01	0.1171875526	0.01	0.07737270897
4.54	0	0	1.145279829	-0.4836508551	0.01	0.1617723472	0.01	0.09623224723	0.01	0.09117889581	0.01	0.1196893745	0.01	0.1173917093	0.01	0.07745980432
4.55	0	0	1.140414421	-0.4892379667	0.01	0.1616785603	0.01	0.09613506591	0.01	0.09108189335	0.01	0.1198823551	0.01	0.1175977959	0.01	0.07754759599
4.56	0	0	1.135493506	-0.4947493316	0.01	0.1615835061	0.01	0.0960365696	0.01	0.09098357947	0.01	0.1200770842	0.01	0.1178057796	0.01	0.0776360641
4.57	0	0	1.130518089	-0.5001357713	0.01	0.1614871972	0.01	0.09593676978	0.01	0.09088396596	0.01	0.1202735109	0.01	0.1180156062	0.01	0.07772517972
4.58	2.523244223e-20	4.732008193e-18	1.125489654	-0.5053507596	0.01	0.1613896556	0.01	0.09583568788	0.01	0.09078307447	0.01	0.1204715647	0.01	0.1182272008	0.01	0.07781490532
4.59	-1.585562732e-21	-3.954548214e-18	1.120410126	-0.5103524035	0.01	0.1612909123	0.01	0.09573335474	0.01	0.09068093604	0.01	0.1206711566	0.01	0.1184404694	0.01	0.0779051955
4.6	4.737855981e-21	1.584113952e-18	1.115281817	-0.5151051943	0.01	0.1611910062	0.01	0.09562980968	0.01	0.09057759015	0.01	0.1208721816	0.01	0.118655301	0.01	0.07799599806
4.61	-6.370955495e-21	-5.557358694e-18	1.110107357	-0.5195814577	0.01	0.161089983	0.01	0.09552509923	0.01	0.09047308344	0.01	0.1210745211	0.01	0.1188715708	0.01	0.07808725538
4.62	4.766346664e-20	5.560243034e-18	1.104889604	-0.5237624406	0.01	0.1609878934	0.01	0.09541927559	0.01	0.09036746815	0.01	0.121278047	0.01	0.1190891438	0.01	0.07817890603
4.63	-2.229273949e-20	-5.576796474e-18	1.099631558	-0.5276389925	0.01	0.1608847916	0.01	0.09531239482	0.01	0.09026080031	0.01	0.1214826248	0.01	0.1193078786	0.01	0.07827088645
4.64	3.18983627e-20	2.39035352e-18	1.09433626	-0.5312118145	0.01	0.1607807333	0.01	0.09520451488	0.01	0.09015313783	0.01	0.121688118	0.01	0.1195276319	0.01	0.07836313273
4.65	-1.118348859e-20	1.60381907e-18	1.089006695	-0.5344912679	0.01	0.1606757739	0.01	0.0950956937	0.01	0.09004453849	0.01	0.121894392	0.01	0.1197482621	0.01	0.07845558236
4.66	-3.684753064e-20	-4.806725587e-18	1.083645699	-0.5374967552	0.01	0.1605699665	0.01	0.09498598717	0.01	0.08993505803	0.01	0.1221013178	0.01	0.1199696341	0.01	0.0785481759
4.67	3.05022816e-20	4.014366643e-18	1.078255875	-0.5402557039	0.01	0.1604633602	0.01	0.09487544736	0.01	0.08982474828	0.01	0.1223087755	0.01	0.120191622	0.01	0.07864085841
4.68	-2.736254518e-20	-4.023924737e-18	1.072839516	-0.5428022008	0.01	0.1603559987	0.01	0.09476412082	0.01	0.08971365556	0.01	0.1225166575	0.01	0.1204141129	0.01	0.07873358071
4.69	-3.872462553e-20	-7.261680494e-18	1.06739855	-0.5451753432	0.01	0.1602479189	0.01	0.0946520473	0.01	0.08960181935	0.01	0.1227248704	0.01	0.1206370091	0.01	0.07882630035
4.7	3.234259263e-21	8.089353643e-19	1.061934498	-0.5474173808	0.01	0.16013915	0.01	0.09453925868	0.01	0.08948927125	0.01	0.1229333371	0.01	0.1208602299	0.01	0.07891898219
4.71	-4.050933611e-20	-7.294592059e-18	1.056448452	-0.5495717366	0.01	0.1600297129	0.01	0.09442577834	0.01	0.08937603437	0.01	0.1231419976	0.01	0.1210837125	0.01	0.07901159873
4.72	3.736345723e-20	4.871981035e-18	1.050941075	-0.5516809961	0.01	0.1599196204	0.01	0.09431162092	0.01	0.08926212311	0.01	0.1233508088	0.01	0.1213074121	0.01	0.07910413003
4.73	-1.953775228e-20	-3.256937837e-18	1.045412617	-0.553784958	0.01	0.1598088768	0.01	0.0941967925	0.01	0.08914754334	0.01	0.1235597444	0.01	0.1215313012	0.01	0.07919656328
4.74	-2.610758174e-20	-1.628428143e-18	1.039862954	-0.5559188336	0.01	0.1596974791	0.01	0.09408129119	0.01	0.08903229296	0.01	0.1237687929	0.01	0.1217553682	0.01	0.07928889214
4.75	-1.310249888e-20	-5.732296462e-18	1.03429164	-0.5581116759	0.01	0.1595854174	0.01	0.09396510806	0.01	0.0889163629	0.01	0.1239779558	0.01	0.121979615	0.01	0.07938111569
4.76	-2.952834461e-20	-6.56374727e-18	1.028697976	-0.5603851076	0.01	0.1594726769	0.01	0.09384822843	0.01	0.08879973841	0.01	0.1241872452	0.01	0.1222040546	0.01	0.07947323727
4.77	-4.60104445e-20	-2.458793841e-18	1.02308109	-0.562752403	0.01	0.1593592387	0.01	0.09373063341	0.01	0.08868240055	0.01	0.1243966803	0.01	0.1224287077	0.01	0.07956526308
4.78	-4.937282803e-21	-8.242742195e-19	1.01744002	-0.5652179606	0.01	0.1592450819	0.01	0.09361230167	0.01	0.08856432801	0.01	0.1246062847	0.01	0.1226535992	0.01	0.07965720075
4.79	2.478084133e-20	-6.365989343e-21	1.011773806	-0.5677771869	0.01	0.1591301853	0.01	0.09349321123	0.01	0.08844549888	0.01	0.1248160823	0.01	0.1228787546	0.01	0.0797490578
4.8	-1.657770145e-20	-4.974432317e-18	1.006081579	-0.570416791	0.01	0.1590145291	0.01	0.09337334139	0.01	0.08832589258	0.01	0.1250260944	0.01	0.1231041967	0.01	0.07984084023
4.81	-4.317351937e-20	-5.812455871e-18	1.000362641	-0.5731154729	0.01	0.1588980968	0.01	0.09325267454	0.01	0.08820549166	0.01	0.1252363364	0.01	0.1233299419	0.01	0.07993255118
4.82	-1.656891767e-21	4.379724714e-22	0.9946165445	-0.5758449681	0.01	0.1587808767	0.01	0.09313119782	0.01	0.08808428346	0.01	0.125446815	0.01	0.1235559972	0.01	0.08002418977
4.83	1.503969798e-20	5.851035303e-18	0.9888431513	-0.5785713993	0.01	0.1586628633	0.01	0.09300890458	0.01	0.08796226155	0.01	0.1256575258	0.01	0.1237823581	0.01	0.08011575015
4.84	-6.700659051e-21	-1.675622493e-18	0.9830426829	-0.5812568695	0.01	0.1585440581	0.01	0.0928857956	0.01	0.08783942692	0.01	0.1258684513	0.01	0.1240090064	0.01	0.08020722083
4.85	4.364531949e-20	7.557347905e-18	0.977215751	-0.5838612228	0.01	0.158424471	0.01	0.09276187987	0.01	0.08771578881	0.01	0.1260795603	0.01	0.1242359087	0.01	0.08029858426
4.86	5.060389281e-21	2.528781527e-18	0.9713633714	-0.5863438913	0.01	0.15830412	0.01	0.09263717511	0.01	0.08759136515	0.01	0.1262908068	0.01	0.1244630166	0.01	0.08038981679
4.87	5.044195126e-21	-1.692997354e-18	0.965486958	-0.5886657452	0.01	0.1581830316	0.01	0.09251170781	0.01	0.08746618262	0.01	0.1265021309	0.01	0.1246902663	0.01	0.08048088883
4.88	-1.015716794e-20	-2.541715643e-18	0.9595883003	-0.5907908618	0.01	0.1580612405	0.01	0.09238551293	0.01	0.08734027635	0.01	0.126713459	0.01	0.1249175798	0.01	0.08057176536
4.89	-1.188660923e-20	3.442064032e-21	0.9536695227	-0.5926881338	0.01	0.1579387887	0.01	0.09225863323	0.01	0.08721368922	0.01	0.1269247062	0.01	0.1251448666	0.01	0.08066240669
4.9	-3.234590769e-20	-4.256274822e-18	0.9477330296	-0.5943326471	0.01	0.1578157244	0.01	0.09213111819	0.01	0.08708647079	0.01	0.1271357776	0.01	0.1253720258	0.01	0.0807527694
4.91	-3.411565531e-21	8.566672458e-19	0.941781438	-0.5957067646	0.01	0.1576921009	0.01	0.0920030227	0.01	0.08695867596	0.01	0.1273465715	0.01	0.1255989485	0.01	0.0808428075
4.92	-1.719452153e-21	-8.576931747e-19	0.9358175009	-0.5968008712	0.01	0.1575679749	0.01	0.0918744055	0.01	0.08683036344	0.01	0.1275569816	0.01	0.1258255214	0.01	0.08093247364
4.93	-1.718980722e-20	-3.437961444e-18	0.9298440254	-0.597613746	0.01	0.1574434052	0.01	0.09174532744	0.01	0.086701594	0.01	0.1277669006	0.01	0.1260516294	0.01	0.08102172043
4.94	4.306808823e-20	6.030654001e-18	0.9238637884	-0.5981525478	0.01	0.1573184503	0.01	0.09161584967	0.01	0.08657242865	0.01	0.1279762227	0.01	0.126277159	0.01	0.0811105017
4.95	1.210729554e-20	3.460352513e-18	0.9178794552	-0.5984324167	0.01	0.1571931671	0.01	0.09148603184	0.01	0.08644292685	0.01	0.1281848472	0.01	0.1265020017	0.01	0.08119877375
4.96	2.945386558e-20	2.596965067e-18	0.9118935034	-0.598475711	0.01	0.1570676095	0.01	0.0913559304	0.01	0.08631314484	0.01	0.1283926803	0.01	0.1267260564	0.01	0.08128649641
4.97	2.434499263e-20	4.349196724e-18	0.905908156	-0.5983109179	0.01	0.1569418262	0.01	0.091225597	0.01	0.08618313401	0.01	0.1285996383	0.01	0.1269492321	0.01	0.08137363398
4.98	6.452444005e-20	9.594449051e-18	0.8999253271	-0.5979712891	0.01	0.1568158603	0.01	0.09109507721	0.01	0.08605293968	0.01	0.1288056488	0.01	0.1271714501	0.01	0.08146015595
4.99	-1.572403215e-20	-8.718662292e-19	0.8939465822	-0.5974932657	0.01	0.1566897477	0.01	0.09096440952	0.01	0.08592260003	0.01	0.1290106523	0.01	0.1273926451	0.01	0.08154603743
5	-2.980774446e-20	9.330644036e-21	0.8879731149	-0.5969147683	0.01	0.1565635168	0.01	0.09083362458	0.01	0.08579214546	0.01	0.1292146031	0.01	0.1276127662	0.01	0.08163125944
5.01	-1.764547305e-21	-1.763992595e-18	0.8820057409	-0.5962734308	0.01	0.1564371883	0.01	0.090702745	0.01	0.0856615983	0.01	0.129417469	0.01	0.1278317771	0.01	0.0817158088
5.02	1.589537215e-20	1.765099332e-18	0.8760449096	-0.5956048609	0.01	0.1563107752	0.01	0.09057178535	0.01	0.08553097289	0.01	0.1296192309	0.01	0.1280496555	0.01	0.08179967791
5.03	2.482652472e-20	7.095059213e-18	0.8700907327	-0.5949410097	0.01	0.1561842833	0.01	0.09044075267	0.01	0.08540027607	0.01	0.129819882	0.01	0.1282663922	0.01	0.08188286417
5.04	1.600531316e-20	3.557678017e-18	0.8641430281	-0.5943087229	0.01	0.1560577121	0.01	0.09030964724	0.01	0.08526950795	0.01	0.1300194261	0.01	0.1284819892	0.01	0.08196536927
5.05	-2.320353697e-20	-8.034451033e-18	0.8582013768	-0.5937285421	0.01	0.1559310557	0.01	0.09017846377	0.01	0.08513866313	0.01	0.1302178752	0.01	0.1286964579	0.01	0.08204719832
5.06	-1.795081848e-21	5.766270204e-22	0.8522651905	-0.5932138089	0.01	0.1558043045	0.01	0.09004719277	0.01	0.08500773205	0.01	0.1304152478	0.01	0.1289098163	0.01	0.08212835883
5.07	-1.615494991e-20	-1.793388217e-18	0.8463337868	-0.5927701117	0.01	0.1556774466	0.01	0.08991582212	0.01	0.08487670257	0.01	0.1306115657	0.01	0.1291220866	0.01	0.08220885964
5.08	-1.979615035e-20	-2.700214557e-18	0.8404064669	-0.5923950966	0.01	0.1555504694	0.01	0.08978433882	0.01	0.08474556173	0.01	0.1308068519	0.01	0.1293332924	0.01	0.0822887098
5.09	3.615843983e-21	-9.063103284e-19	0.834482595	-0.5920786506	0.01	0.1554233612	0.01	0.08965273071	0.01	0.08461429745	0.01	0.1310011276	0.01	0.1295434554	0.01	0.08236791753
5.1	7.245794425e-21	-2.362217428e-21	0.8285616726	-0.5918034429	0.01	0.1552961132	0.01	0.08952098817	0.01	0.08448290022	0.01	0.1311944096	0.01	0.1297525933	0.01	0.08244648924
5.11	3.455474835e-20	7.277155403e-18	0.8226434066	-0.5915457974	0.01	0.1551687204	0.01	0.08938910574	0.01	0.08435136475	0.01	0.1313867086	0.01	0.1299607174	0.01	0.08252442868
5.12	-3.284110729e-20	-8.215663094e-18	0.8167277667	-0.5912768532	0.01	0.1550411837	0.01	0.08925708348	0.01	0.08421969125	0.01	0.1315780271	0.01	0.1301678302	0.01	0.08260173625
5.13	-1.096378117e-20	-9.134489387e-19	0.8108150305	-0.5909639563	0.01	0.1549135101	0.01	0.08912492808	0.01	0.08408788661	0.01	0.1317683578	0.01	0.1303739241	0.01	0.08267840849
5.14	3.656132751e-21	-9.213029005e-19	0.8049058135	-0.5905722175	0.01	0.1547857141	0.01	0.08899265372	0.01	0.08395596516	0.01	0.1319576831	0.01	0.1305789805	0.01	0.08275443784
5.15	0	0	0.7990010829	-0.5900661621	0.01	0.1546578178	0.01	0.08886028246	0.01	0.08382394917	0.01	0.1321459746	0.01	0.1307829692	0.01	0.08282981255
5.16	-7.386368155e-21	1.854882738e-18	0.7931021556	-0.5894113957	0.01	0.1545298511	0.01	0.08872784441	0.01	0.08369186887	0.01	0.132333193	0.01	0.1309858486	0.01	0.08290451682
5.17	-4.63710931e-20	-1.299474486e-17	0.787210679	-0.5885762078	0.01	0.154401851	0.01	0.08859537741	0.01	0.08355976223	0.01	0.1325192895	0.01	0.1311875665	0.01	0.08297853122
5.18	-9.307859783e-21	-1.86169602e-18	0.7813285967	-0.5875321843	0.01	0.1542738616	0.01	0.08846292638	0.01	0.08342767424	0.01	0.1327042063	0.01	0.1313880611	0.01	0.0830518337
5.19	-7.47788378e-21	-2.804050558e-18	0.775458562	-0.5861330171	0.01	0.1541459395	0.01	0.08833054812	0.01	0.08329566201	0.01	0.1328878712	0.01	0.1315872562	0.01	0.08312465623
5.2	0	0	0.7696047987	-0.5842797203	0.01	0.1540181758	0.01	0.08819833326	0.01	0.08316381688	0.01	0.1330701674	0.01	0.1317850314	0.01	0.08319733093
5.21	0	0	0.7637718087	-0.581981025	0.01	0.1538906721	0.01	0.08806638686	0.01	0.08303224381	0.01	0.1332509611	0.01	0.1319812435	0.01	0.08326983037
5.22	0	0	0.7579639227	-0.5792560957	0.01	0.1537635275	0.01	0.08793481203	0.01	0.08290104555	0.01	0.1334301241	0.01	0.1321746975	0.01	0.08334210094
5.23	0	0	0.7521858963	-0.5759663147	0.01	0.1536368464	0.01	0.08780371577	0.01	0.08277032909	0.01	0.1336075268	0.01	0.1323609762	0.01	0.08341408642
5.24	0	0	0.7464439987	-0.5720287692	0.01	0.1535107669	0.01	0.08767323755	0.01	0.08264023446	0.01	0.1337829999	0.01	0.1325443184	0.01	0.08348571283
5.25	0	0	0.7407443386	-0.5675238341	0.01	0.1533854299	0.01	0.08754352428	0.01	0.08251090804	0.01	0.1339563681	0.01	0.1327254177	0.01	0.08355690209
5.26	0	0	0.735091998	-0.5625701958	0.01	0.1532609562	0.01	0.08741470347	0.01	0.08238247638	0.01	0.1341274858	0.01	0.1329041941	0.01	0.08362758674
5.27	0	0	0.7294907796	-0.5573042854	0.01	0.1531374397	0.01	0.08728687525	0.01	0.08225503853	0.01	0.1342962474	0.01	0.1330805383	0.01	0.08369771424
5.28	0	0	0.7239430716	-0.5518723319	0.01	0.1530149437	0.01	0.08716010848	0.01	0.08212866226	0.01	0.1344625907	0.01	0.1332543795	0.01	0.08376724909
5.29	0	0	0.7184497864	-0.5464231591	0.01	0.1528934995	0.01	0.08703443875	0.01	0.08200338215	0.01	0.1346264987	0.01	0.1334256931	0.01	0.08383617387
5.3	0	0	0.7130103705	-0.5411010057	0.01	0.152773106	0.01	0.08690986803	0.01	0.08187919919	0.01	0.1347879982	0.01	0.1335945	0.01	0.08390448941
5.31	0	0	0.707622885	-0.5360386297	0.01	0.152653731	0.01	0.08678636588	0.01	0.08175608215	0.01	0.1349471573	0.01	0.1337608642	0.01	0.08397221417
5.32	0	0	0.7022841525	-0.531351027	0.01	0.1525353142	0.01	0.0866638723	0.01	0.08163397036	0.01	0.1351040803	0.01	0.1339248884	0.01	0.08403938266
5.33	0	0	0.6969899614	-0.5271300669	0.01	0.1524177711	0.01	0.08654230189	0.01	0.08151277798	0.01	0.1352589017	0.01	0.1340867074	0.01	0.08410604317
5.34	0	0	0.6917353187	-0.5234402998	0.01	0.1523009985	0.01	0.08642154931	0.01	0.08139239942	0.01	0.1354117784	0.01	0.1342464802	0.01	0.08417225486
5.35	0	0	0.6865147372	-0.5203161319	0.01	0.1521848809	0.01	0.08630149559	0.01	0.08127271571	0.01	0.1355628812	0.01	0.134404382	0.01	0.08423808432
5.36	0	0	0.681322544	-0.5177604859	0.01	0.1520692965	0.01	0.08618201508	0.01	0.08115360139	0.01	0.1357123854	0.01	0.1345605941	0.01	0.08430360183
5.37	0	0	0.6761531946	-0.5157449948	0.01	0.1519541251	0.01	0.08606298264	0.01	0.08103493174	0.01	0.1358604624	0.01	0.1347152951	0.01	0.08436887742
5.38	0	0	0.6710015772	-0.5142116986	0.01	0.1518392542	0.01	0.08594428077	0.01	0.08091658987	0.01	0.1360072703	0.01	0.1348686515	0.01	0.08443397699
5.39	0	0	0.6658632932	-0.5130761383	0.01	0.1517245857	0.01	0.08582580633	0.01	0.08079847335	0.01	0.1361529465	0.01	0.1350208094	0.01	0.08449895868
5.4	-1.596054838e-20	-3.495249014e-18	0.6607349005	-0.5122316823	0.01	0.1516100417	0.01	0.08570747643	0.01	0.08068050017	0.01	0.1362976007	0.01	0.1351718874	0.01	0.08456386959
5.41	6.01279369e-21	2.004264563e-18	0.6556141089	-0.5115548586	0.01	0.1514955686	0.01	0.08558923342	0.01	0.08056261358	0.01	0.1364413095	0.01	0.1353219707	0.01	0.08462874308
5.42	1.004549598e-20	2.009099196e-18	0.6504999171	-0.5109114286	0.01	0.1513811414	0.01	0.08547104849	0.01	0.08044478568	0.01	0.1365841132	0.01	0.1354711071	0.01	0.08469359673
5.43	-1.509032525e-20	-1.004547502e-18	0.6453926884	-0.5101629076	0.01	0.1512667649	0.01	0.085352924	0.01	0.08032701971	0.01	0.1367260138	0.01	0.1356193049	0.01	0.08475843109
5.44	1.816910501e-20	2.018789445e-18	0.6402941592	-0.5091732192	0.01	0.1511524746	0.01	0.08523489412	0.01	0.08020935064	0.01	0.1368669753	0.01	0.1357665328	0.01	0.08482322922
5.45	-1.014552637e-21	-1.014856074e-18	0.6352073828	-0.5078151731	0.01	0.1510383362	0.01	0.0851170241	0.01	0.08009184439	0.01	0.1370069257	0.01	0.1359127217	0.01	0.08488795712
5.46	0	0	0.6301366096	-0.5059764649	0.01	0.1509244425	0.01	0.08499940795	0.01	0.07997459546	0.01	0.1371457607	0.01	0.1360577682	0.01	0.08495256494
5.47	-2.139114499e-20	-2.546694754e-18	0.6250871123	-0.5035649221	0.01	0.1508109105	0.01	0.08488216479	0.01	0.07985772328	0.01	0.1372833492	0.01	0.1362015403	0.01	0.08501698895
5.48	6.133374896e-21	5.103099201e-19	0.6200649631	-0.5005127577	0.01	0.1506978764	0.01	0.08476543399	0.01	0.07974136733	0.01	0.1374195396	0.01	0.1363438833	0.01	0.08508115418
5.49	1.946841334e-20	2.562408907e-18	0.6150767738	-0.4967796379	0.01	0.1505854897	0.01	0.0846493694	0.01	0.07962568134	0.01	0.1375541672	0.01	0.1364846279	0.01	0.08514497753
5.5	6.170671559e-21	1.02844526e-18	0.6101294131	-0.4923544276	0.01	0.1504739073	0.01	0.08453413288	0.01	0.07951082685	0.01	0.1376870622	0.01	0.136623598	0.01	0.08520837131
5.51	-3.094275044e-21	-5.157125074e-19	0.6052297122	-0.4872555373	0.01	0.150363287	0.01	0.08441988752	0.01	0.07939696644	0.01	0.1378180573	0.01	0.136760619	0.01	0.08527124693
5.52	1.031445937e-21	-2.072574808e-18	0.6003841747	-0.4815298625	0.01	0.1502537805	0.01	0.08430679081	0.01	0.07928425688	0.01	0.1379469958	0.01	0.136895526	0.01	0.08533351863
5.53	-1.033803889e-21	2.920081568e-22	0.595598704	-0.4752503711	0.01	0.1501455275	0.01	0.08419498811	0.01	0.07917284267	0.01	0.1380737381	0.01	0.137028171	0.01	0.08539510704
5.54	-2.081550388e-21	-5.20387597e-19	0.5908783604	-0.4685124614	0.01	0.1500386498	0.01	0.08408460675	0.01	0.07906285019	0.01	0.1381981685	0.01	0.1371584291	0.01	0.08545594243
5.55	6.25720983e-21	1.043057573e-18	0.5862271606	-0.4614292703	0.01	0.149933247	0.01	0.08397575102	0.01	0.07895438269	0.01	0.1383201994	0.01	0.1372862045	0.01	0.08551596747
5.56	0	0	0.5816479278	-0.4541261649	0.01	0.1498293921	0.01	0.0838684983	0.01	0.07884751649	0.01	0.138439775	0.01	0.1374114336	0.01	0.08557513934
5.57	-8.397533585e-21	-2.09841583e-18	0.5771422001	-0.4467346869	0.01	0.1497271297	0.01	0.08376289647	0.01	0.07874229842	0.01	0.1385568734	0.01	0.1375340873	0.01	0.08563343123
5.58	-1.786167724e-20	-3.680945599e-18	0.5727101999	-0.4393862504	0.01	0.1496264747	0.01	0.08365896274	0.01	0.07863874472	0.01	0.1386715066	0.01	0.137654172	0.01	0.08569083302
5.59	2.107098043e-21	5.273089293e-19	0.5683508672	-0.4322059005	0.01	0.1495274127	0.01	0.08355668402	0.01	0.07853684142	0.01	0.1387837196	0.01	0.1377717282	0.01	0.08574735111
5.6	5.278420323e-21	5.278420323e-19	0.5640619526	-0.4253064384	0.01	0.1494299018	0.01	0.08345601857	0.01	0.07843654608	0.01	0.1388935873	0.01	0.1378868281	0.01	0.08580300162
5.61	0	0	0.5598403055	-0.4187366097	0.01	0.1493338776	0.01	0.0833569008	0.01	0.07833779263	0.01	0.1390012089	0.01	0.1379995702	0.01	0.08585709651
5.62	-1.061774837e-20	-1.592636639e-18	0.5556827408	-0.4124883009	0.01	0.149239271	0.01	0.0832592591	0.01	0.07824050962	0.01	0.1391066886	0.01	0.1381100618	0.01	0.08591019054
5.63	1.382494501e-20	5.297140858e-19	0.5515858124	-0.406611638	0.01	0.1491460093	0.01	0.08316301846	0.01	0.078144622	0.01	0.139210132	0.01	0.1382184119	0.01	0.08596254109
5.64	-5.329858391e-21	-5.329858391e-19	0.5475456103	-0.4011449434	0.01	0.149054009	0.01	0.08306809288	0.01	0.0780500437	0.01	0.1393116542	0.01	0.1383247381	0.01	0.08601420186
5.65	-1.070418207e-21	-5.352091034e-19	0.5435579526	-0.3961041647	0.01	0.1489631789	0.01	0.0829743885	0.01	0.07795668092	0.01	0.1394113764	0.01	0.1384291651	0.01	0.08606522371
5.66	-5.354537416e-21	-5.354528953e-19	0.5396186146	-0.3914820952	0.01	0.148873426	0.01	0.08288180878	0.01	0.07786443735	0.01	0.1395094207	0.01	0.1385318196	0.01	0.08611565887
5.67	-1.07452953e-20	-2.14905906e-18	0.5357235569	-0.3872490345	0.01	0.1487846597	0.01	0.0827902599	0.01	0.07777321954	0.01	0.1396059041	0.01	0.1386328241	0.01	0.08616555828
5.68	1.830015636e-20	2.691213434e-18	0.5318691416	-0.3833545364	0.01	0.1486967978	0.01	0.08269965589	0.01	0.07768294205	0.01	0.1397009333	0.01	0.1387322916	0.01	0.08621496877
5.69	0	0	0.5280523264	-0.3797301338	0.01	0.1486097702	0.01	0.08260992343	0.01	0.07759353215	0.01	0.1397946003	0.01	0.1388303205	0.01	0.0862639305
5.7	0	0	0.5242708268	-0.3762928931	0.01	0.1485235234	0.01	0.0825210058	0.01	0.07750493381	0.01	0.1398869781	0.01	0.1389269908	0.01	0.08631247466
5.71	-1.083554847e-20	-1.625309169e-18	0.5205232394	-0.3729496183	0.01	0.1484380229	0.01	0.08243286616	0.01	0.0774171109	0.01	0.1399781184	0.01	0.1390223605	0.01	0.08636062177
5.72	-1.086902252e-21	-5.434511258e-19	0.5168091218	-0.3696014944	0.01	0.1483532558	0.01	0.08234548967	0.01	0.07733004925	0.01	0.1400680492	0.01	0.1391164637	0.01	0.08640838034
5.73	8.707474974e-21	1.632623292e-18	0.513129024	-0.3661489447	0.01	0.1482692317	0.01	0.08225888459	0.01	0.07724375776	0.01	0.1401567746	0.01	0.1392093095	0.01	0.08645574632
5.74	6.547134272e-21	2.182378091e-18	0.5094844714	-0.3624964701	0.01	0.1481859823	0.01	0.08217308219	0.01	0.07715826828	0.01	0.1402442754	0.01	0.139300883	0.01	0.08650270297
5.75	-1.093632157e-21	-5.468160787e-19	0.5058779014	-0.3585572418	0.01	0.1481035604	0.01	0.08208813562	0.01	0.07707363437	0.01	0.1403305105	0.01	0.1393911459	0.01	0.08654922156
5.76	-4.378051103e-21	-5.472563879e-19	0.5023125555	-0.3542572351	0.01	0.1480220375	0.01	0.0820041176	0.01	0.07698992907	0.01	0.1404154201	0.01	0.13948004	0.01	0.08659526245
5.77	0	0	0.4987923339	-0.3495387139	0.01	0.1479415012	0.01	0.08192111729	0.01	0.07690724168	0.01	0.1404989287	0.01	0.1395674901	0.01	0.08664077682
5.78	-1.429184977e-20	-2.748613037e-18	0.4953216187	-0.3443629085	0.01	0.1478620505	0.01	0.08183923628	0.01	0.07682567378	0.01	0.1405809498	0.01	0.1396534087	0.01	0.08668570884
5.79	0	0	0.4919050757	-0.3387117685	0.01	0.1477837923	0.01	0.08175858412	0.01	0.07674533471	0.01	0.1406613906	0.01	0.1397377006	0.01	0.08672999804
5.8	0	0	0.4885474433	-0.332588714	0.01	0.1477068358	0.01	0.08167927333	0.01	0.07666633667	0.01	0.1407401565	0.01	0.1398202681	0.01	0.08677358209
5.81	1.658055042e-20	2.763760405e-18	0.4852533187	-0.3260183595	0.01	0.1476312883	0.01	0.08160141445	0.01	0.07658878969	0.01	0.1408171567	0.01	0.1399010161	0.01	0.08681639945
5.82	2.215792022e-21	5.539480056e-19	0.4820269528	-0.3190452291	0.01	0.1475572501	0.01	0.08152511112	0.01	0.07651279681	0.01	0.1408923083	0.01	0.1399798567	0.01	0.08685839211
5.83	7.764633214e-21	1.109260951e-18	0.478872062	-0.3117315341	0.01	0.1474848103	0.01	0.08145045553	0.01	0.07643844949	0.01	0.1409655407	0.01	0.1400567141	0.01	0.08689950808
5.84	0	0	0.4757916665	-0.304154124	0.01	0.1474140428	0.01	0.08137752444	0.01	0.07636582371	0.01	0.1410367992	0.01	0.140131528	0.01	0.08693970362
5.85	3.341117155e-21	1.113766352e-18	0.4727879628	-0.296400765	0.01	0.1473450034	0.01	0.08130637596	0.01	0.07629497677	0.01	0.1411060476	0.01	0.140204257	0.01	0.08697894502
5.86	-1.115737418e-21	-5.578687089e-19	0.4698622355	-0.2885659304	0.01	0.1472777275	0.01	0.08123704721	0.01	0.07622594498	0.01	0.1411732702	0.01	0.1402748802	0.01	0.08701720997
5.87	-1.116960225e-20	-2.233920449e-18	0.4670148128	-0.2807463112	0.01	0.1472122287	0.01	0.08116955302	0.01	0.0761587424	0.01	0.1412384725	0.01	0.1403433985	0.01	0.08705448827
5.88	-2.012922743e-20	-2.795735436e-18	0.4642450674	-0.2730362661	0.01	0.1471484987	0.01	0.08110388563	0.01	0.07609336054	0.01	0.1413016811	0.01	0.1404098349	0.01	0.08709078213
5.89	-2.238349129e-21	3.274280581e-22	0.4615514616	-0.2655234355	0.01	0.1470865083	0.01	0.08104001548	0.01	0.07602976925	0.01	0.1413629428	0.01	0.140474233	0.01	0.08712610571
5.9	2.018325627e-20	2.24258403e-18	0.4589316352	-0.2582847293	0.01	0.1470262088	0.01	0.08097789298	0.01	0.07596791848	0.01	0.1414223223	0.01	0.140536656	0.01	0.08716048429
5.91	0	0	0.4563825297	-0.2513828817	0.01	0.1469675348	0.01	0.08091745123	0.01	0.07590774099	0.01	0.1414798995	0.01	0.1405971831	0.01	0.08719395281
5.92	1.125459784e-21	5.627298922e-19	0.453900544	-0.2448637349	0.01	0.1469104078	0.01	0.08085860949	0.01	0.07584915586	0.01	0.1415357664	0.01	0.1406559068	0.01	0.08722655401
5.93	0	0	0.451481713	-0.238754373	0.01	0.1468547397	0.01	0.08080127719	0.01	0.07579207253	0.01	0.1415900228	0.01	0.1407129286	0.01	0.08725833628
5.94	0	0	0.4491218996	-0.2330621873	0.01	0.1468004374	0.01	0.08074535841	0.01	0.07573639523	0.01	0.1416427721	0.01	0.1407683549	0.01	0.0872893512
5.95	0	0	0.446816992	-0.2277749035	0.01	0.1467474074	0.01	0.08069075648	0.01	0.07568202759	0.01	0.1416941175	0.01	0.1408222928	0.01	0.08731965108
5.96	3.392916512e-21	1.130972171e-18	0.4445630953	-0.222861555	0.01	0.14669556	0.01	0.08063737853	0.01	0.07562887718	0.01	0.1417441573	0.01	0.1408748455	0.01	0.08734928639
5.97	7.922424542e-21	1.131774935e-18	0.4423567091	-0.2182743407	0.01	0.1466448134	0.01	0.08058513978	0.01	0.07557685978	0.01	0.1417929812	0.01	0.1409261081	0.01	0.08737830341
5.98	0	0	0.4401948827	-0.213951263	0.01	0.1465950976	0.01	0.08053396736	0.01	0.07552590314	0.01	0.141840667	0.01	0.1409761646	0.01	0.08740674206
5.99	-1.134756824e-21	-2.836892059e-19	0.4380753409	-0.2098194063	0.01	0.1465463572	0.01	0.08048380347	0.01	0.07547595011	0.01	0.1418872779	0.01	0.1410250841	0.01	0.08743463417
6	0	0	0.4359965738	-0.2057986912	0.01	0.1464985539	0.01	0.08043460771	0.01	0.07542696101	0.01	0.1419328602	0.01	0.1410729192	0.01	0.08746200204
6.01	0	0	0.4339578885	-0.2018059155	0.01	0.1464516677	0.01	0.08038635861	0.01	0.075378915	0.01	0.1419774425	0.01	0.141119704	0.01	0.08748885761
6.02	-2.275917151e-21	-2.844896439e-19	0.4319594195	-0.1977588881	0.01	0.1464056976	0.01	0.08033905409	0.01	0.07533181061	0.01	0.1420210352	0.01	0.1411654543	0.01	0.0875152021
6.03	0	0	0.430002098	-0.1935804594	0.01	0.1463606609	0.01	0.08029271106	0.01	0.07528566528	0.01	0.1420636312	0.01	0.1412101671	0.01	0.0875410262
6.04	0	-2.853026153e-19	0.4280875831	-0.1892022578	0.01	0.1463165918	0.01	0.080247364	0.01	0.07524051389	0.01	0.1421052071	0.01	0.1412538227	0.01	0.08756631074
6.05	0	0	0.426218157	-0.184567963	0.01	0.1462735394	0.01	0.08020306276	0.01	0.07519640655	0.01	0.1421457259	0.01	0.1412963861	0.01	0.08759102794
6.06	1.714563105e-21	5.715389181e-19	0.4243965914	-0.1796359663	0.01	0.1462315649	0.01	0.08015986957	0.01	0.07515340565	0.01	0.1421851392	0.01	0.1413378102	0.01	0.08761514296
6.07	0	0	0.4226259905	-0.174381302	0.01	0.1461907377	0.01	0.08011785551	0.01	0.07511158224	0.01	0.1422233909	0.01	0.1413780389	0.01	0.08763861589
6.08	-1.717283384e-21	-2.862138973e-19	0.4209096186	-0.1687967648	0.01	0.1461511318	0.01	0.08007709653	0.01	0.07507101211	0.01	0.1422604205	0.01	0.1414170108	0.01	0.08766140386
6.09	0	0	0.4192507215	-0.1628931721	0.01	0.1461128221	0.01	0.08003766928	0.01	0.07503177164	0.01	0.1422961673	0.01	0.1414546631	0.01	0.08768346344
6.1	0	0	0.4176523492	-0.1566987659	0.01	0.1460758796	0.01	0.07999964696	0.01	0.0749939336	0.01	0.1423305737	0.01	0.1414909351	0.01	0.08770475288
6.11	-3.444050347e-21	-1.148016782e-18	0.4161171882	-0.150257792	0.01	0.1460403681	0.01	0.07996309528	0.01	0.07495756317	0.01	0.1423635887	0.01	0.1415257725	0.01	0.0877252344
6.12	0	0	0.4146474128	-0.1436283328	0.01	0.1460063404	0.01	0.07992806883	0.01	0.07492271437	0.01	0.1423951713	0.01	0.1415591302	0.01	0.08774487621
6.13	0	0	0.4132445607	-0.1368795045	0.01	0.1459738356	0.01	0.07989460805	0.01	0.07488942699	0.01	0.1424252929	0.01	0.1415909753	0.01	0.08776365424
6.14	-1.035045901e-20	-1.150051001e-18	0.4119094391	-0.1300881602	0.01	0.1459428764	0.01	0.07986273676	0.01	0.0748577242	0.01	0.1424539393	0.01	0.1416212892	0.01	0.08778155353
6.15	1.726583089e-21	2.877638482e-19	0.4106420656	-0.1233352635	0.01	0.1459134678	0.01	0.07983246061	0.01	0.07482761101	0.01	0.1424811123	0.01	0.1416500694	0.01	0.08779856917
6.16	0	0	0.4094416461	-0.116702111	0.01	0.1458855964	0.01	0.07980376626	0.01	0.0747990735	0.01	0.1425068298	0.01	0.1416773299	0.01	0.08781470678
6.17	0	0	0.4083065901	-0.110266591	0.01	0.1458592306	0.01	0.07977662157	0.01	0.07477207899	0.01	0.1425311258	0.01	0.1417031017	0.01	0.08782998247
6.18	0	0	0.4072345632	-0.1040996575	0.01	0.1458343211	0.01	0.07975097649	0.01	0.07474657703	0.01	0.1425540498	0.01	0.1417274315	0.01	0.0878444224
6.19	1.730591216e-21	2.884318693e-19	0.4062225715	-0.09826219233	0.01	0.1458108033	0.01	0.07972676493	0.01	0.07472250123	0.01	0.1425756649	0.01	0.1417503807	0.01	0.0878580618
6.2	2.308382791e-21	2.885478488e-19	0.4052670759	-0.09280239971	0.01	0.1457885994	0.01	0.07970390718	0.01	0.07469977171	0.01	0.1425960454	0.01	0.1417720231	0.01	0.08787094368
6.21	-1.154953235e-21	-2.887383087e-19	0.4043641288	-0.08775385583	0.01	0.1457676214	0.01	0.07968231299	0.01	0.07467829822	0.01	0.1426152748	0.01	0.1417924424	0.01	0.08788311717
6.22	0	0	0.4035095265	-0.08313429603	0.01	0.1457477745	0.01	0.07966188507	0.01	0.07465798357	0.01	0.1426334422	0.01	0.1418117293	0.01	0.08789463558
6.23	0	0	0.4026989698	-0.07894518731	0.01	0.1457289609	0.01	0.07964252277	0.01	0.07463872737	0.01	0.1426506396	0.01	0.141829978	0.01	0.08790555442
6.24	0	-2.891439647e-19	0.4019282248	-0.07517209266	0.01	0.145711083	0.01	0.07962412588	0.01	0.07462042983	0.01	0.1426669581	0.01	0.1418472833	0.01	0.08791592925
6.25	0	0	0.4011932768	-0.07178579472	0.01	0.1456940477	0.01	0.07960659833	0.01	0.07460299534	0.01	0.1426824852	0.01	0.1418637368	0.01	0.08792581363
6.26	0	0	0.4004904685	-0.06874410994	0.01	0.1456777691	0.01	0.07958985148	0.01	0.07458633587	0.01	0.1426973017	0.01	0.1418794245	0.01	0.08793525725
6.27	2.314663194e-21	-7.843820999e-23	0.3998166179	-0.06599429201	0.01	0.1456621715	0.01	0.07957380711	0.01	0.07457037382	0.01	0.1427114793	0.01	0.1418944233	0.01	0.08794430423
6.28	0	0	0.3991691097	-0.06347589765	0.01	0.1456471915	0.01	0.07955839971	0.01	0.07455504436	0.01	0.1427250782	0.01	0.1419087994	0.01	0.0879529918
6.29	0	0	0.3985459559	-0.06112396855	0.01	0.1456327799	0.01	0.07954357813	0.01	0.07454029701	0.01	0.1427381463	0.01	0.1419226062	0.01	0.08796134929
6.3	1.158746258e-21	2.896865644e-19	0.3979458243	-0.05887237165	0.01	0.1456189024	0.01	0.07952930649	0.01	0.07452609654	0.01	0.1427507177	0.01	0.1419358837	0.01	0.08796939759
6.31	0	0	0.3973680335	-0.05665713637	0.01	0.1456055394	0.01	0.07951556429	0.01	0.07451242301	0.01	0.1427628133	0.01	0.1419486575	0.01	0.08797714902
6.32	0	0	0.3968125152	-0.05441963101	0.01	0.145592686	0.01	0.07950234572	0.01	0.07449927114	0.01	0.1427744406	0.01	0.1419609399	0.01	0.08798460762
6.33	-1.739494912e-21	-2.899158187e-19	0.3962797464	-0.05210943145	0.01	0.1455803498	0.01	0.0794896583	0.01	0.07448664884	0.01	0.1427855956	0.01	0.1419727304	0.01	0.0879917699
6.34	0	0	0.3957706549	-0.04968675263	0.01	0.1455685494	0.01	0.07947752084	0.01	0.0744745752	0.01	0.142796264	0.01	0.1419840175	0.01	0.08799862591
6.35	-2.900350284e-21	-2.900350284e-19	0.3952865034	-0.0471243357	0.01	0.1455573121	0.01	0.07946596083	0.01	0.07446307788	0.01	0.1428064239	0.01	0.141994781	0.01	0.08800516067
6.36	0	0	0.394828758	-0.04440871114	0.01	0.1455466702	0.01	0.07945501147	0.01	0.07445219013	0.01	0.1428160479	0.01	0.1420049945	0.01	0.08801135581
6.37	0	0	0.3943989468	-0.04154078821	0.01	0.1455366585	0.01	0.07944470838	0.01	0.0744419475	0.01	0.1428251063	0.01	0.142014628	0.01	0.08801719138
6.38	0	0	0.3939985172	-0.03853575334	0.01	0.1455273109	0.01	0.0794350863	0.01	0.07443238454	0.01	0.14283357	0.01	0.1420236511	0.01	0.0880226477
6.39	0	0	0.3936286966	-0.03542229274	0.01	0.1455186568	0.01	0.07942617573	0.01	0.07442353146	0.01	0.142841413	0.01	0.1420320361	0.01	0.08802770725
6.4	0	0	0.3932903642	-0.03224118621	0.01	0.1455107188	0.01	0.07941799989	0.01	0.07441541112	0.01	0.1428486153	0.01	0.1420397605	0.01	0.08803235638
6.41	1.161677564e-21	2.90419391e-19	0.3929839404	-0.02904334864	0.01	0.1455035092	0.01	0.07941057194	0.01	0.07440803629	0.01	0.1428551654	0.01	0.1420468097	0.01	0.08803658689
6.42	0	0	0.3927092973	-0.02588742098	0.01	0.1454970286	0.01	0.07940389277	0.01	0.07440140742	0.01	0.142861062	0.01	0.1420531794	0.01	0.08804039728
6.43	0	0	0.392465695	-0.02283703337	0.01	0.1454912639	0.01	0.07939794932	0.01	0.07439551099	0.01	0.1428663157	0.01	0.1420588766	0.01	0.08804379379
6.44	0	0	0.3922517467	-0.0199578773	0.01	0.1454861873	0.01	0.07939271354	0.01	0.07439031855	0.01	0.1428709499	0.01	0.1420639216	0.01	0.08804679094
6.45	2.324379322e-21	2.905474152e-19	0.392065413	-0.01731473138	0.01	0.145481756	0.01	0.07938814206	0.01	0.07438578636	0.01	0.1428750009	0.01	0.1420683479	0.01	0.08804941184
6.46	0	0	0.3919040253	-0.01496858558	0.01	0.1454779129	0.01	0.07938417654	0.01	0.07438185579	0.01	0.1428785179	0.01	0.1420722024	0.01	0.08805168802
6.47	0	0	0.3917643376	-0.01297400172	0.01	0.145474587	0.01	0.07938074467	0.01	0.07437845432	0.01	0.1428815625	0.01	0.1420755448	0.01	0.08805365891
6.48	-1.743714392e-21	-2.906190653e-19	0.3916426015	-0.01137683406	0.01	0.1454716956	0.01	0.07937776178	0.01	0.0743754972	0.01	0.1428842067	0.01	0.1420784464	0.01	0.08805537104
6.49	0	0	0.3915346631	-0.01021241369	0.01	0.145469146	0.01	0.07937513299	0.01	0.07437288954	0.01	0.1428865317	0.01	0.1420809886	0.01	0.08805687683
6.5	1.1626303e-21	1.1626303e-18	0.3914360744	-0.009504275414	0.01	0.1454668379	0.01	0.07937275567	0.01	0.07437052885	0.01	0.1428886257	0.01	0.1420832604	0.01	0.08805823331
6.51	0	0	0.3913422149	-0.009263477248	0.01	0.1454646665	0.01	0.07937052227	0.01	0.07436830783	0.01	0.1428905815	0.01	0.1420853568	0.01	0.08805950049
6.52	0	0	0.3912484331	-0.009485270815	0.01	0.1454625253	0.01	0.07936832343	0.01	0.07436611751	0.01	0.1428924937	0.01	0.1420873753	0.01	0.0880607397
6.53	1.162776939e-21	2.906942348e-19	0.3911502665	-0.01013678072	0.01	0.1454603106	0.01	0.07936605251	0.01	0.07436385177	0.01	0.1428944554	0.01	0.1420894133	0.01	0.08806201119
6.54	8.139723709e-21	1.162817673e-18	0.3910437286	-0.01115595532	0.01	0.1454579277	0.01	0.07936361201	0.01	0.07436141385	0.01	0.1428965522	0.01	0.1420915621	0.01	0.0880633706
6.55	0	0	0.3909255823	-0.01245522332	0.01	0.1454552975	0.01	0.07936092016	0.01	0.07435872286	0.01	0.1428988572	0.01	0.142093902	0.01	0.08806486525
6.56	0	0	0.3907935709	-0.01392630287	0.01	0.1454523621	0.01	0.07935791668	0.01	0.07435571956	0.01	0.1429014253	0.01	0.142096496	0.01	0.08806653084
6.57	0	0	0.390646597	-0.01544588559	0.01	0.1454490891	0.01	0.07935456737	0.01	0.07435237078	0.01	0.1429042893	0.01	0.1420993855	0.01	0.08806838873
6.58	-3.489459682e-21	-1.163153227e-18	0.3904848406	-0.01688190581	0.01	0.1454454747	0.01	0.07935086737	0.01	0.0743486727	0.01	0.1429074568	0.01	0.1421025871	0.01	0.08807044399
6.59	0	0	0.3903098144	-0.01810009115	0.01	0.1454415452	0.01	0.07934684284	0.01	0.07434465247	0.01	0.1429109085	0.01	0.1421060896	0.01	0.08807268429
6.6	-1.163345612e-21	-2.908364031e-19	0.3901243525	-0.01897048702	0.01	0.1454373577	0.01	0.07934255121	0.01	0.07434036835	0.01	0.1429145982	0.01	0.142109854	0.01	0.08807507969
6.61	0	0	0.389932536	-0.0193736574	0.01	0.1454329981	0.01	0.07933807985	0.01	0.0743359084	0.01	0.1429184533	0.01	0.1421138136	0.01	0.08807758322
6.62	0	0	0.3897395599	-0.01920628527	0.01	0.1454285788	0.01	0.07933354334	0.01	0.07433138765	0.01	0.1429223775	0.01	0.142117876	0.01	0.08808013239
6.63	0	0	0.3895515475	-0.01838592808	0.01	0.1454242346	0.01	0.07932907939	0.01	0.07432694408	0.01	0.1429262539	0.01	0.1421219266	0.01	0.08808265137
6.64	-8.146239325e-21	-1.163748475e-18	0.3893753231	-0.01685472405	0.01	0.1454201178	0.01	0.07932484385	0.01	0.0743227335	0.01	0.1429299499	0.01	0.1421258327	0.01	0.08808505378
6.65	0	0	0.3892181534	-0.01458189425	0.01	0.1454163923	0.01	0.07932100474	0.01	0.07431892368	0.01	0.1429333216	0.01	0.1421294484	0.01	0.08808724603
6.66	3.491887728e-21	1.163962576e-18	0.3890874707	-0.01156493993	0.01	0.1454132276	0.01	0.07931773588	0.01	0.07431568796	0.01	0.1429362197	0.01	0.1421326207	0.01	0.08808913085
6.67	0	0	0.3889905903	-0.007829493845	0.01	0.1454107922	0.01	0.07931521027	0.01	0.07431319862	0.01	0.1429384953	0.01	0.1421351948	0.01	0.08809061105
6.68	0	0	0.3889344371	-0.00342784561	0.01	0.1454092471	0.01	0.0793135936	0.01	0.07431162045	0.01	0.1429400051	0.01	0.1421370202	0.01	0.08809159315
6.69	0	0	0.388925292	0.001563777599	0.01	0.1454087394	0.01	0.07931303781	0.01	0.07431110369	0.01	0.1429406167	0.01	0.1421379563	0.01	0.08809199085
6.7	0	0	0.3889685415	0.007039894404	0.01	0.1454092107	0.01	0.07931348133	0.01	0.07431158884	0.01	0.1429400554	0.01	0.1421377618	0.01	0.08809162519
6.71	0	0	0.3890684027	0.01287737431	0.01	0.1454108267	0.01	0.07931507082	0.01	0.07431324809	0.01	0.1429382855	0.01	0.1421361482	0.01	0.08809047348
6.72	0	0	0.3892278563	0.01895106365	0.01	0.1454137604	0.01	0.07931800133	0.01	0.0743162572	0.01	0.1429353134	0.01	0.1421332617	0.01	0.08808854005
6.73	0	0	0.3894486449	0.02513855205	0.01	0.1454180812	0.01	0.07932235256	0.01	0.0743206869	0.01	0.1429310982	0.01	0.1421290827	0.01	0.0880857989
6.74	0	0	0.3897313164	0.03132289235	0.01	0.1454238189	0.01	0.07932815845	0.01	0.0743265672	0.01	0.1429256225	0.01	0.142123591	0.01	0.08808223949
6.75	0	0	0.3900752952	0.03739627212	0.01	0.1454309743	0.01	0.07933542172	0.01	0.07433389848	0.01	0.1429188916	0.01	0.1421167884	0.01	0.08807786642
6.76	0	0	0.390478995	0.04326426689	0.01	0.1454395229	0.01	0.07934411852	0.01	0.07434265525	0.01	0.1429109319	0.01	0.1421086987	0.01	0.0880726981
6.77	-2.326269934e-21	-2.907837418e-19	0.3909399716	0.0488496178	0.01	0.1454494182	0.01	0.07935420216	0.01	0.07435278957	0.01	0.1429017875	0.01	0.1420993651	0.01	0.08806676478
6.78	0	0	0.3914551092	0.05409519474	0.01	0.145460596	0.01	0.07936560723	0.01	0.07436423523	0.01	0.1428915172	0.01	0.1420888465	0.01	0.08806010622
6.79	0	0	0.3920208324	0.05896599773	0.01	0.1454729787	0.01	0.07937825451	0.01	0.0743769126	0.01	0.1428801899	0.01	0.142077213	0.01	0.08805276888
6.8	0	0	0.3926333318	0.06345011997	0.01	0.1454864809	0.01	0.07939205623	0.01	0.0743907339	0.01	0.1428678803	0.01	0.1420645419	0.01	0.08804480299
6.81	1.161724158e-21	2.904310395e-19	0.393288795	0.06755864541	0.01	0.1455010142	0.01	0.07940692163	0.01	0.07440560871	0.01	0.1428546643	0.01	0.142050912	0.01	0.08803625945
6.82	0	0	0.3939836306	0.07132450101	0.01	0.1455164931	0.01	0.07942276243	0.01	0.0744214494	0.01	0.1428406143	0.01	0.1420363998	0.01	0.08802718689
6.83	-1.7415065e-21	-2.902510834e-19	0.3947146759	0.07480033027	0.01	0.1455328396	0.01	0.07943949801	0.01	0.07443817628	0.01	0.1428257949	0.01	0.1420210741	0.01	0.0880176288
6.84	1.740862587e-21	2.901437645e-19	0.3954793789	0.07805549879	0.01	0.1455499879	0.01	0.0794570601	0.01	0.07445572218	0.01	0.1428102591	0.01	0.1420049923	0.01	0.0880076211
6.85	0	0	0.3962759473	0.08117238181	0.01	0.1455678881	0.01	0.07947539668	0.01	0.07447403636	0.01	0.1427940452	0.01	0.1419881968	0.01	0.08799719002
6.86	0	0	0.3971034572	0.08424211708	0.01	0.1455865095	0.01	0.07949447508	0.01	0.07449308748	0.01	0.1427771738	0.01	0.1419707124	0.01	0.08798635062
6.87	0	0	0.3979619172	0.08736002979	0.01	0.1456058419	0.01	0.07951428403	0.01	0.07451286559	0.01	0.1427596469	0.01	0.1419525442	0.01	0.08797510578
6.88	0	0	0.3988522872	0.09062095039	0.01	0.1456258972	0.01	0.07953483462	0.01	0.0745333831	0.01	0.1427414465	0.01	0.141933677	0.01	0.08796344582
6.89	0	0	0.3997764503	0.09411464808	0.01	0.145646709	0.01	0.07955616026	0.01	0.07455467455	0.01	0.1427225355	0.01	0.1419140754	0.01	0.0879513488
6.9	3.472309228e-21	1.157436409e-18	0.4007371407	0.09792159401	0.01	0.1456683311	0.01	0.07957831548	0.01	0.07457679547	0.01	0.1427028584	0.01	0.1418936846	0.01	0.08793878134
6.91	0	2.891715976e-19	0.401737832	0.1021092475	0.01	0.1456908361	0.01	0.07960137383	0.01	0.07459982014	0.01	0.1426823434	0.01	0.1418724324	0.01	0.0879257
6.92	-8.095550858e-21	-1.156507265e-18	0.4027825919	0.1067290294	0.01	0.1457143117	0.01	0.0796254248	0.01	0.07462383855	0.01	0.1426609054	0.01	0.1418502323	0.01	0.08791205309
6.93	0	0	0.4038759106	0.1118141088	0.01	0.1457388575	0.01	0.07965057014	0.01	0.07464895262	0.01	0.1426384488	0.01	0.1418269863	0.01	0.08789778296
6.94	0	0	0.4050225111	0.1173780874	0.01	0.1457645804	0.01	0.07967691951	0.01	0.07467527193	0.01	0.1426148718	0.01	0.1418025891	0.01	0.08788282839
6.95	0	0	0.4062271524	0.123414619	0.01	0.1457915907	0.01	0.07970458591	0.01	0.07470290907	0.01	0.1425900699	0.01	0.1417769321	0.01	0.08786712722
6.96	0	0	0.407494432	0.1298979589	0.01	0.1458199967	0.01	0.07973368095	0.01	0.07473197496	0.01	0.1425639404	0.01	0.1417499077	0.01	0.08785061896
6.97	-1.729543332e-21	-2.882572219e-19	0.4088285992	0.1367843938	0.01	0.1458499008	0.01	0.07976431015	0.01	0.07476257424	0.01	0.1425363858	0.01	0.1417214134	0.01	0.08783324732
6.98	0	0	0.4102333869	0.1440144631	0.01	0.1458813953	0.01	0.07979656871	0.01	0.074794801	0.01	0.142507318	0.01	0.1416913553	0.01	0.08781496245
6.99	1.72709133e-21	2.87848555e-19	0.4117118683	0.1515158544	0.01	0.1459145584	0.01	0.07983053763	0.01	0.07482873505	0.01	0.1424766608	0.01	0.141659652	0.01	0.08779572293
7	-2.301381842e-21	-2.876727302e-19	0.4132663459	0.1592068255	0.01	0.1459494514	0.01	0.07986628071	0.01	0.07486443891	0.01	0.1424443531	0.01	0.141626237	0.01	0.0877754973
7.01	0	0	0.4148982759	0.1669999899	0.01	0.1459861167	0.01	0.07990384219	0.01	0.07490195556	0.01	0.1424103501	0.01	0.1415910609	0.01	0.08775426517
7.02	0	0	0.4166082321	0.1748062907	0.01	0.1460245762	0.01	0.07994324544	0.01	0.0749413072	0.01	0.142374625	0.01	0.1415540926	0.01	0.08773201777
7.03	0	0	0.418395909	0.182538983	0.01	0.1460648312	0.01	0.07998449259	0.01	0.07498249489	0.01	0.142337169	0.01	0.1415153198	0.01	0.08770875801
7.04	0	0	0.4202601645	0.1901174505	0.01	0.1461068631	0.01	0.08002756512	0.01	0.07502549922	0.01	0.1422979908	0.01	0.1414747486	0.01	0.08768449998
7.05	5.726381705e-21	1.145276341e-18	0.4221990983	0.1974706876	0.01	0.1461506345	0.01	0.08007242539	0.01	0.07507028187	0.01	0.1422571152	0.01	0.1414324025	0.01	0.08765926801
7.06	0	0	0.4242101632	0.2045402994	0.01	0.146196092	0.01	0.08011901902	0.01	0.07511678801	0.01	0.1422145817	0.01	0.14138832	0.01	0.08763309526
7.07	2.286531568e-21	2.85816446e-19	0.4262903037	0.2112828894	0.01	0.1462431688	0.01	0.08016727798	0.01	0.07516494938	0.01	0.1421704409	0.01	0.1413425523	0.01	0.08760602193
7.08	0	0	0.4284361139	0.2176717351	0.01	0.1462917886	0.01	0.0802171242	0.01	0.07521468792	0.01	0.1421247523	0.01	0.1412951599	0.01	0.08757809325
7.09	0	0	0.430644009	0.2236976814	0.01	0.1463418693	0.01	0.08026847365	0.01	0.07526591982	0.01	0.1420775803	0.01	0.1412462094	0.01	0.08754935718
7.1	0	0	0.4329104015	0.2293692183	0.01	0.1463933272	0.01	0.08032124048	0.01	0.07531855966	0.01	0.1420289908	0.01	0.1411957694	0.01	0.08751986217
7.11	0	0	0.435231874	0.234711744	0.01	0.1464460809	0.01	0.08037534124	0.01	0.07537252461	0.01	0.1419790474	0.01	0.1411439067	0.01	0.08748965481
7.12	0	0	0.4376053404	0.2397660545	0.01	0.1465000556	0.01	0.08043069889	0.01	0.07542773833	0.01	0.1419278079	0.01	0.1410906826	0.01	0.08745877773
7.13	0	0	0.4400281893	0.2445861339	0.01	0.1465551861	0.01	0.08048724634	0.01	0.07548413456	0.01	0.1418753209	0.01	0.1410361495	0.01	0.08742726765
7.14	0	0	0.4424984016	0.2492363548	0.01	0.14661142	0.01	0.08054492951	0.01	0.07554166013	0.01	0.1418216233	0.01	0.1409803478	0.01	0.08739515383
7.15	0	0	0.4450146379	0.2537882229	0.01	0.1466687201	0.01	0.08060370972	0.01	0.07560027725	0.01	0.1417667376	0.01	0.1409233036	0.01	0.08736245678
7.16	-1.695952984e-20	-1.131880286e-18	0.4475762921	0.2583168232	0.01	0.1467270656	0.01	0.08066356522	0.01	0.07565996505	0.01	0.1417106708	0.01	0.1408650268	0.01	0.08732918758
7.17	0	0	0.450183509	0.2628971395	0.01	0.1467864531	0.01	0.08072449199	0.01	0.07572072034	0.01	0.1416534135	0.01	0.1408055103	0.01	0.08729534753
7.18	-1.126719616e-21	-5.633598079e-19	0.4528371645	0.2676004196	0.01	0.1468468962	0.01	0.08078650355	0.01	0.07578255735	0.01	0.1415949397	0.01	0.1407447298	0.01	0.08726092836
7.19	-6.751557879e-21	-2.250519293e-18	0.4555388112	0.2724907596	0.01	0.1469084248	0.01	0.08084963002	0.01	0.07584550679	0.01	0.1415352076	0.01	0.1406826444	0.01	0.08722591284
7.2	1.123940145e-20	2.24788029e-18	0.4582905917	0.277622067	0.01	0.1469710831	0.01	0.08091391633	0.01	0.07590961404	0.01	0.1414741614	0.01	0.1406191981	0.01	0.0871902759
7.21	0	0	0.4610951239	0.2830355389	0.01	0.1470349273	0.01	0.08097941973	0.01	0.07597493664	0.01	0.1414117331	0.01	0.1405543221	0.01	0.08715398602
7.22	3.36215721e-21	5.60359535e-19	0.4639553645	0.2887577705	0.01	0.1471000222	0.01	0.08104620676	0.01	0.07604154119	0.01	0.1413478456	0.01	0.1404879372	0.01	0.08711700701
7.23	-1.118261233e-21	-5.591306164e-19	0.4668744564	0.2947995729	0.01	0.1471664385	0.01	0.08111434972	0.01	0.07610949993	0.01	0.1412824153	0.01	0.1404199575	0.01	0.08707929997
7.24	0	0	0.4698555696	0.3011555466	0.01	0.1472342486	0.01	0.08118392293	0.01	0.07617888692	0.01	0.1412153564	0.01	0.1403502937	0.01	0.08704082531
7.25	0	0	0.4729017398	0.3078044206	0.01	0.1473035227	0.01	0.08125499887	0.01	0.07624977424	0.01	0.1411465836	0.01	0.1402788566	0.01	0.08700154489
7.26	1.671249488e-20	1.671362588e-18	0.4760157156	0.3147101304	0.01	0.1473743257	0.01	0.08132764443	0.01	0.07632222827	0.01	0.1410760163	0.01	0.1402055615	0.01	0.08696142402
7.27	2.001875057e-20	2.224305619e-18	0.4791998194	0.3218235747	0.01	0.1474467134	0.01	0.08140191746	0.01	0.07639630622	0.01	0.1410035816	0.01	0.1401303307	0.01	0.08692043326
7.28	7.762925347e-21	2.772444787e-18	0.4824558285	0.3290849634	0.01	0.1475207297	0.01	0.08147786369	0.01	0.07647205317	0.01	0.1409292174	0.01	0.1400530978	0.01	0.08687855006
7.29	1.106793841e-21	5.533969207e-19	0.4857848825	0.336426638	0.01	0.1475964042	0.01	0.0815555143	0.01	0.07654949963	0.01	0.1408528746	0.01	0.1399738092	0.01	0.08683575993
7.3	0	0	0.4891874205	0.3437762332	0.01	0.1476737506	0.01	0.08163488415	0.01	0.07662865978	0.01	0.1407745193	0.01	0.1398924273	0.01	0.08679205738
7.31	-1.105989502e-21	-2.108159209e-22	0.4926631511	0.3510600281	0.01	0.1477527655	0.01	0.08171597078	0.01	0.07670953057	0.01	0.140694134	0.01	0.1398089307	0.01	0.08674744633
7.32	0	0	0.4962110555	0.3582063331	0.01	0.1478334286	0.01	0.08179875422	0.01	0.07679209152	0.01	0.1406117178	0.01	0.139723316	0.01	0.0867019401
7.33	1.101345648e-21	-1.646455863e-18	0.4998294243	0.3651487558	0.01	0.1479157032	0.01	0.08188319764	0.01	0.07687630539	0.01	0.140527286	0.01	0.1396355964	0.01	0.08665556104
7.34	-4.38934212e-21	-5.48667765e-19	0.5035159258	0.3718291966	0.01	0.1479995375	0.01	0.08196924872	0.01	0.07696211962	0.01	0.1404408694	0.01	0.1395458016	0.01	0.08660833962
7.35	0	0	0.5072677018	0.3782004365	0.01	0.1480848666	0.01	0.0820568418	0.01	0.0770494684	0.01	0.1403525124	0.01	0.1394539756	0.01	0.0865603133
7.36	2.183637471e-21	5.459093678e-19	0.5110814868	0.3842281996	0.01	0.1481716157	0.01	0.08214590053	0.01	0.07713827545	0.01	0.1402622704	0.01	0.1393601744	0.01	0.086511525
7.37	-1.853212994e-20	-2.725299258e-18	0.5149537448	0.3898925969	0.01	0.1482597023	0.01	0.08223634108	0.01	0.07722845708	0.01	0.1401702071	0.01	0.1392644632	0.01	0.08646202135
7.38	0	0	0.5188808169	0.3951888842	0.01	0.1483490406	0.01	0.08232807556	0.01	0.07731992572	0.01	0.140076391	0.01	0.1391669129	0.01	0.08641185079
7.39	1.084864207e-20	2.169728415e-18	0.5228590731	0.4001275039	0.01	0.1484395442	0.01	0.08242101567	0.01	0.0774125935	0.01	0.1399808923	0.01	0.1390675963	0.01	0.08636106168
7.4	0	0	0.5268850608	0.4047334074	0.01	0.14853113	0.01	0.0825150762	0.01	0.07750637572	0.01	0.139883779	0.01	0.1389665849	0.01	0.08630970032
7.41	7.555625349e-21	2.698401757e-18	0.5309556433	0.4090446946	0.01	0.1486237214	0.01	0.08261017846	0.01	0.07760119431	0.01	0.1397851135	0.01	0.1388639448	0.01	0.08625780921
7.42	1.1857667e-20	1.616977558e-18	0.5350681208	0.4131106368	0.01	0.148717251	0.01	0.08270625323	0.01	0.07769698068	0.01	0.1396849494	0.01	0.1387597334	0.01	0.08620542541
7.43	0	0	0.5392203304	0.4169891797	0.01	0.1488116634	0.01	0.08280324326	0.01	0.0777936783	0.01	0.139583329	0.01	0.1386539967	0.01	0.08615257929
7.44	1.075627331e-21	2.567386195e-22	0.5434107176	0.4207440467	0.01	0.1489069168	0.01	0.08290110521	0.01	0.07789124446	0.01	0.1394802808	0.01	0.1385467668	0.01	0.08609929356
7.45	-1.069699744e-20	-2.139399488e-18	0.5476383789	0.4244415863	0.01	0.1490029841	0.01	0.08299981076	0.01	0.07798965151	0.01	0.139375818	0.01	0.1384380599	0.01	0.08604558262
7.46	0	0	0.551903071	0.4281475135	0.01	0.1490998533	0.01	0.0830993471	0.01	0.07808888721	0.01	0.1392699378	0.01	0.1383278761	0.01	0.08599145248
7.47	0	0	0.556205189	0.4319237055	0.01	0.1491975273	0.01	0.08319971658	0.01	0.07818895444	0.01	0.1391626215	0.01	0.1382161983	0.01	0.08593690094
7.48	1.913164223e-20	2.125738026e-18	0.5605457125	0.4358252039	0.01	0.1492960225	0.01	0.08330093565	0.01	0.07828987005	0.01	0.1390538353	0.01	0.1381029937	0.01	0.08588191821
7.49	-1.271223263e-20	-3.176579439e-18	0.5649261239	0.4398975689	0.01	0.1493953675	0.01	0.08340303312	0.01	0.07839166316	0.01	0.1389435314	0.01	0.1379882148	0.01	0.08582648794
7.5	4.223009707e-21	2.638769912e-18	0.5693483168	0.4441842053	0.01	0.1494956005	0.01	0.08350604789	0.01	0.07849437284	0.01	0.1388316507	0.01	0.1378718021	0.01	0.08577023441
7.51	0	-5.261690661e-19	0.5738149762	0.4488033265	0.01	0.1495967741	0.01	0.08361003325	0.01	0.07859805281	0.01	0.1387181165	0.01	0.1377536787	0.01	0.08571274815
7.52	0	0	0.5783297015	0.4537924406	0.01	0.1496989638	0.01	0.08371506574	0.01	0.07870278	0.01	0.1386028252	0.01	0.1376337408	0.01	0.08565468683
7.53	3.145393578e-21	5.24232263e-19	0.5828960915	0.4591307235	0.01	0.1498022492	0.01	0.08382122724	0.01	0.07880863606	0.01	0.1384856668	0.01	0.1375118744	0.01	0.08559602861
7.54	1.673228321e-20	3.136423229e-18	0.5875174309	0.4647767917	0.01	0.1499067038	0.01	0.0839285939	0.01	0.07891569664	0.01	0.138366536	0.01	0.1373879691	0.01	0.08553673201
7.55	-1.041117444e-21	-1.561962303e-18	0.5921965013	0.4706715095	0.01	0.1500123905	0.01	0.0840372311	0.01	0.07902402653	0.01	0.138245338	0.01	0.1372619238	0.01	0.08547676137
7.56	5.198687263e-21	1.039679791e-18	0.596935418	0.4767408957	0.01	0.1501193575	0.01	0.08414718943	0.01	0.07913367567	0.01	0.1381219923	0.01	0.1371336525	0.01	0.08541608929
7.57	-2.333493882e-24	5.176611319e-19	0.6017354997	0.4828997034	0.01	0.1502276352	0.01	0.0842585014	0.01	0.07924467592	0.01	0.1379964376	0.01	0.1370030879	0.01	0.08535469836
7.58	-2.173055766e-20	-3.103313776e-18	0.6065971762	0.4890555079	0.01	0.1503372338	0.01	0.08437117904	0.01	0.07935703864	0.01	0.1378686342	0.01	0.1368701851	0.01	0.08529258242
7.59	4.752036487e-24	-2.444276879e-24	0.6115199387	0.495113109	0.01	0.1504481422	0.01	0.0844852125	0.01	0.07947075338	0.01	0.1377385667	0.01	0.1367349239	0.01	0.08522974724
7.6	-3.084587331e-21	-5.140978885e-19	0.616502335	0.5009790392	0.01	0.1505603277	0.01	0.08460056966	0.01	0.07958578753	0.01	0.1376062449	0.01	0.1365973102	0.01	0.08516621066
7.61	-8.194733531e-21	-2.560816232e-18	0.6215420085	0.5065659648	0.01	0.1506737365	0.01	0.08471719689	0.01	0.07970208705	0.01	0.1374717031	0.01	0.1364573762	0.01	0.08510200215
7.62	0	0	0.6266357803	0.5117967752	0.01	0.1507882959	0.01	0.08483502074	0.01	0.07981957825	0.01	0.1373349998	0.01	0.1363151785	0.01	0.08503716182
7.63	0	0	0.6317797699	0.5166081669	0.01	0.1509039165	0.01	0.08495395065	0.01	0.07993817045	0.01	0.1371962145	0.01	0.1361707969	0.01	0.08497173892
7.64	0	0	0.6369695471	0.5209535563	0.01	0.1510204957	0.01	0.08507388238	0.01	0.08005775946	0.01	0.1370554444	0.01	0.1360243298	0.01	0.08490578994
7.65	0	0	0.6422003106	0.5248051827	0.01	0.1511379221	0.01	0.08519470212	0.01	0.08017823166	0.01	0.1369128005	0.01	0.1358758908	0.01	0.08483937635
7.66	0	0	0.6474670819	0.5281553037	0.01	0.1512560794	0.01	0.08531629097	0.01	0.08029946847	0.01	0.1367684025	0.01	0.1357256033	0.01	0.08477256214
7.67	0	0	0.6527649067	0.5310164267	0.01	0.1513748514	0.01	0.08543852965	0.01	0.08042135107	0.01	0.1366223731	0.01	0.135573595	0.01	0.08470541128
7.68	0	0	0.658089054	0.5334205667	0.01	0.1514941263	0.01	0.08556130316	0.01	0.08054376503	0.01	0.1364748333	0.01	0.1354199925	0.01	0.08463798519
7.69	0	0	0.6634352026	0.5354175673	0.01	0.151613801	0.01	0.0856845052	0.01	0.08066660467	0.01	0.1363258965	0.01	0.1352649151	0.01	0.08457034029
7.7	0	0	0.6687996068	0.5370725683	0.01	0.151733785	0.01	0.08580804208	0.01	0.08078977702	0.01	0.1361756633	0.01	0.1351084703	0.01	0.08450252595
7.71	0	0	0.674179233	0.5384627437	0.01	0.1518540037	0.01	0.08593183606	0.01	0.08091320505	0.01	0.1360242178	0.01	0.1349507485	0.01	0.08443458264
7.72	0	0	0.679571861	0.539673473	0.01	0.1519744004	0.01	0.08605582779	0.01	0.08103683012	0.01	0.1358716233	0.01	0.1347918191	0.01	0.08436654066
7.73	0	0	0.6849761446	0.5407941327	0.01	0.1520949381	0.01	0.08617997791	0.01	0.08116061358	0.01	0.1357179204	0.01	0.1346317283	0.01	0.08429841927
7.74	0	0	0.69039163	0.5419137181	0.01	0.1522155998	0.01	0.08630426762	0.01	0.08128453724	0.01	0.1355631248	0.01	0.1344704969	0.01	0.08423022644
7.75	0	0	0.6958187299	0.5431165096	0.01	0.1523363883	0.01	0.08642869827	0.01	0.08140860301	0.01	0.135407228	0.01	0.1343081199	0.01	0.08416195905
7.76	0	0	0.701258656	0.5444779966	0.01	0.1524573243	0.01	0.08655328998	0.01	0.08153283145	0.01	0.1352501977	0.01	0.1341445676	0.01	0.08409360377
7.77	0	0	0.7067133128	0.5460612584	0.01	0.1525784446	0.01	0.08667807934	0.01	0.08165725949	0.01	0.13509198	0.01	0.1339797877	0.01	0.08402513826
7.78	0	0	0.7121851583	0.5479139745	0.01	0.1526997987	0.01	0.08680311634	0.01	0.0817819373	0.01	0.1349325032	0.01	0.1338137083	0.01	0.0839565329
7.79	0	0	0.717677039	0.5500662084	0.01	0.1528214455	0.01	0.08692846071	0.01	0.08190692467	0.01	0.1347716815	0.01	0.1336462423	0.01	0.08388775286
7.8	-2.705543979e-20	-3.865062827e-18	0.7231920068	0.5525290637	0.01	0.1529434486	0.01	0.08705417773	0.01	0.08203228681	0.01	0.1346094201	0.01	0.1334772925	0.01	0.08381876031
7.81	1.925093198e-20	3.850186396e-18	0.7287331273	0.5552942728	0.01	0.1530658728	0.01	0.0871803339	0.01	0.08215809	0.01	0.1344456208	0.01	0.1333067571	0.01	0.08374951687
7.82	3.841138245e-20	3.843990067e-18	0.7343032886	0.5583347271	0.01	0.1531887791	0.01	0.08730699251	0.01	0.08228439724	0.01	0.1342801872	0.01	0.1331345353	0.01	0.08367998598
7.83	3.253505071e-20	3.829732508e-18	0.7399050202	0.5616059158	0.01	0.1533122212	0.01	0.08743420947	0.01	0.08241126403	0.01	0.1341130307	0.01	0.1329605334	0.01	0.08361013519
7.84	-3.054979605e-20	-2.865012884e-18	0.7455403301	0.5650481937	0.01	0.1534362415	0.01	0.08756202946	0.01	0.08253873458	0.01	0.1339440755	0.01	0.1327846703	0.01	0.08353993822
7.85	1.711188132e-20	3.799949892e-18	0.7512105686	0.5685897616	0.01	0.1535608681	0.01	0.08769048273	0.01	0.08266683865	0.01	0.1337732631	0.01	0.1326068821	0.01	0.08346937674
7.86	-1.704108228e-20	-4.733012607e-18	0.7569163245	0.5721502089	0.01	0.1536861124	0.01	0.08781958258	0.01	0.08279558901	0.01	0.1336005566	0.01	0.1324271268	0.01	0.08339844166
7.87	-3.968175268e-20	-5.667312499e-18	0.7626573586	0.5756444442	0.01	0.1538119675	0.01	0.0879493237	0.01	0.08292497988	0.01	0.133425943	0.01	0.1322453868	0.01	0.08332713408
7.88	1.881646542e-20	4.702562902e-18	0.7684325782	0.5789878876	0.01	0.1539384079	0.01	0.08807968148	0.01	0.08305498622	0.01	0.1332494355	0.01	0.132061313	0.01	0.08325546563
7.89	-4.131172185e-20	-4.69448561e-18	0.7742404909	0.582227447	0.01	0.1540653954	0.01	0.08821061736	0.01	0.08318556936	0.01	0.1330710664	0.01	0.131869097	0.01	0.08318345524
7.9	7.484347537e-21	9.355434422e-19	0.7800807653	0.585472768	0.01	0.1541929126	0.01	0.08834211135	0.01	0.08331671006	0.01	0.1328908447	0.01	0.1316728264	0.01	0.08311111068
7.91	2.04938451e-20	3.726660964e-18	0.7859533271	0.5887022701	0.01	0.1543209534	0.01	0.08847415694	0.01	0.083448402	0.01	0.1327087605	0.01	0.1314743026	0.01	0.08303834694
7.92	1.114713301e-20	1.857442474e-18	0.7918580899	0.5919166931	0.01	0.1544495107	0.01	0.0886067468	0.01	0.08358063786	0.01	0.1325248052	0.01	0.1312737232	0.01	0.08296468939
7.93	2.777743555e-20	3.704359015e-18	0.7977944756	0.5950269097	0.01	0.1545785697	0.01	0.08873986702	0.01	0.08371340351	0.01	0.132338979	0.01	0.13107111	0.01	0.08289002679
7.94	-1.842598174e-21	-6.169646467e-22	0.8037609761	0.5979403535	0.01	0.154708096	0.01	0.0888734841	0.01	0.083846665	0.01	0.1321513093	0.01	0.1308664917	0.01	0.08281436625
7.95	-1.655381529e-20	-2.7583535e-18	0.8097551859	0.6005700613	0.01	0.1548380356	0.01	0.08900754426	0.01	0.08398036818	0.01	0.1319618532	0.01	0.1306599267	0.01	0.08273772846
7.96	9.176042431e-21	3.069903562e-21	0.8157738778	0.6028387781	0.01	0.1549683163	0.01	0.08914197506	0.01	0.08411444036	0.01	0.1317706954	0.01	0.1304515043	0.01	0.08266014599
7.97	3.665479365e-21	1.224900934e-21	0.8218131193	0.6046825597	0.01	0.1550988509	0.01	0.08927668794	0.01	0.08424879285	0.01	0.1315779461	0.01	0.1302413422	0.01	0.08258166229
7.98	2.9131878e-20	3.643462807e-18	0.8278684195	0.6060537074	0.01	0.1552295396	0.01	0.0894115815	0.01	0.08438332423	0.01	0.131383737	0.01	0.1300295826	0.01	0.08250233018
7.99	-7.279557124e-21	9.029831277e-19	0.833934903	0.6069229034	0.01	0.1553602746	0.01	0.08954654534	0.01	0.08451792418	0.01	0.1311882162	0.01	0.1298163868	0.01	0.08242220998
8	1.444879499e-23	-9.023975151e-19	0.8400074999	0.607280449	0.01	0.1554909435	0.01	0.0896814643	0.01	0.08465247777	0.01	0.1309915429	0.01	0.129601929	0.01	0.08234136718
8.01	-5.408679657e-20	-1.171033823e-17	0.8460811431	0.6071365538	0.01	0.1556214344	0.01	0.08981622288	0.01	0.08478686982	0.01	0.1307938808	0.01	0.1293863898	0.01	0.0822598699
8.02	-1.078713515e-20	-4.485866352e-18	0.8521509644	0.6065206645	0.01	0.1557516394	0.01	0.08995070962	0.01	0.08492098929	0.01	0.1305953924	0.01	0.1291699489	0.01	0.08217778624
8.03	5.367052905e-21	1.788822775e-18	0.8582124792	0.6054798742	0.01	0.1558814592	0.01	0.09008482124	0.01	0.08505473339	0.01	0.130396232	0.01	0.1289527783	0.01	0.08209518164
8.04	-1.606156746e-20	-4.4583914e-18	0.8642617501	0.6040764938	0.01	0.1560108063	0.01	0.09021846632	0.01	0.08518801122	0.01	0.1301965404	0.01	0.1287350357	0.01	0.08201211627
8.05	-5.164192436e-20	-2.679932116e-18	0.8702955241	0.6023849091	0.01	0.156139608	0.01	0.09035156835	0.01	0.08532074687	0.01	0.1299964398	0.01	0.1285168587	0.01	0.08192864287
8.06	-3.54879334e-21	-1.13269964e-21	0.8763113343	0.6004878831	0.01	0.1562678088	0.01	0.09048406808	0.01	0.08545288165	0.01	0.1297960292	0.01	0.1282983601	0.01	0.08184480479
8.07	-3.18475226e-20	-3.538613622e-18	0.8823075634	0.5984724876	0.01	0.1563953711	0.01	0.09061592495	0.01	0.08558437559	0.01	0.1295953818	0.01	0.1280796244	0.01	0.08176063458
8.08	1.770911326e-21	-8.788073059e-19	0.8882834655	0.5964258671	0.01	0.1565222766	0.01	0.09074711769	0.01	0.08571520792	0.01	0.1293945429	0.01	0.1278607055	0.01	0.08167615317
8.09	-1.054580477e-20	8.733520186e-19	0.8942391458	0.5944310437	0.01	0.1566485251	0.01	0.09087764393	0.01	0.08584537675	0.01	0.1291935296	0.01	0.1276416261	0.01	0.08159136955
8.1	-4.553702228e-20	-7.005445669e-18	0.9001754992	0.5925629685	0.01	0.1567741335	0.01	0.09100751893	0.01	0.08597489775	0.01	0.1289923319	0.01	0.1274223789	0.01	0.08150628111
8.11	3.842066676e-20	6.981788554e-18	0.9060941124	0.5908850104	0.01	0.1568991335	0.01	0.09113677357	0.01	0.08610380205	0.01	0.1287909152	0.01	0.1272029288	0.01	0.08142087457
8.12	-2.264526159e-20	-3.481328438e-18	0.911997133	0.589446048	0.01	0.157023569	0.01	0.09126545149	0.01	0.0862321335	0.01	0.1285892234	0.01	0.1269832168	0.01	0.08133512743
8.13	-1.387797917e-20	-2.602186324e-18	0.9178871136	0.5882782997	0.01	0.1571474928	0.01	0.0913936058	0.01	0.08635994531	0.01	0.1283871837	0.01	0.1267631648	0.01	0.08124900994
8.14	1.556018246e-20	5.185181492e-18	0.9237668387	0.5873959866	0.01	0.1572709626	0.01	0.09152129537	0.01	0.08648729628	0.01	0.1281847121	0.01	0.1265426818	0.01	0.08116248738
8.15	4.656040171e-20	1.120506951e-17	0.9296391422	0.5867948819	0.01	0.1573940376	0.01	0.09164858081	0.01	0.0866142469	0.01	0.1279817194	0.01	0.1263216703	0.01	0.08107552266
8.16	5.163186456e-21	1.51667717e-21	0.9355067251	0.5864527541	0.01	0.1575167743	0.01	0.09177552058	0.01	0.08674085538	0.01	0.1277781169	0.01	0.126100033	0.01	0.080988079
8.17	1.714971669e-20	2.57250772e-18	0.9413719821	0.5863306698	0.01	0.157639223	0.01	0.09190216718	0.01	0.08686717389	0.01	0.1275738232	0.01	0.1258776798	0.01	0.08090012266
8.18	-3.96763858e-24	8.533527753e-19	0.9472368446	0.5863750787	0.01	0.1577614243	0.01	0.0920285637	0.01	0.08699324514	0.01	0.1273687694	0.01	0.1256545342	0.01	0.08081162553
8.19	-5.127044638e-21	-2.554169977e-18	0.9531026489	0.586520569	0.01	0.1578834067	0.01	0.09215474092	0.01	0.08711909946	0.01	0.1271629048	0.01	0.1254305392	0.01	0.08072256737
8.2	1.021271953e-20	8.513852733e-19	0.9589700339	0.5866931502	0.01	0.1580051841	0.01	0.09228071505	0.01	0.08724475259	0.01	0.1269562006	0.01	0.1252056618	0.01	0.08063293785
8.21	3.390469093e-20	5.085943569e-18	0.9648388732	0.5868138993	0.01	0.1581267547	0.01	0.09240648616	0.01	0.08737020417	0.01	0.1267486539	0.01	0.1249798971	0.01	0.08054273796
8.22	1.689906601e-20	4.223092712e-18	0.9707082457	0.5868027911	0.01	0.1582481004	0.01	0.09253203749	0.01	0.08749543702	0.01	0.1265402889	0.01	0.1247532705	0.01	0.08045198098
8.23	1.85322433e-20	5.894308496e-18	0.9765764434	0.5865825272	0.01	0.1583691866	0.01	0.09265733557	0.01	0.08762041727	0.01	0.1263311582	0.01	0.1245258386	0.01	0.08036069284
8.24	6.708887081e-21	2.518758422e-18	0.9824410173	0.5860821841	0.01	0.1584899638	0.01	0.09278233113	0.01	0.08774509535	0.01	0.126121342	0.01	0.1242976882	0.01	0.08026891188
8.25	6.71355128e-21	-2.508121728e-18	0.9882988575	0.5852405076	0.01	0.1586103689	0.01	0.09290696075	0.01	0.08786940761	0.01	0.1259109462	0.01	0.1240689351	0.01	0.08017668804
8.26	6.682271686e-21	1.818590252e-21	0.9941463042	0.5840087044	0.01	0.1587303276	0.01	0.09303114923	0.01	0.08799327869	0.01	0.125700099	0.01	0.1238397198	0.01	0.08008408147
8.27	-3.16737058e-20	-7.497642194e-18	0.999979283	0.5823526031	0.01	0.1588497574	0.01	0.09315481238	0.01	0.0881166244	0.01	0.1254889473	0.01	0.1236102035	0.01	0.07999116072
8.28	1.9953975e-20	2.495023662e-18	1.005793459	0.5802540914	0.01	0.1589685707	0.01	0.09327786036	0.01	0.08823935491	0.01	0.1252776513	0.01	0.1233805623	0.01	0.07989800048
8.29	3.314336905e-21	8.285842263e-19	1.011584399	0.5777117687	0.01	0.159086678	0.01	0.09340020106	0.01	0.08836137826	0.01	0.1250663791	0.01	0.1231509815	0.01	0.07980467906
8.3	-2.149887085e-20	-1.656701247e-18	1.01734774	0.5747407945	0.01	0.1592039917	0.01	0.09352174364	0.01	0.08848260385	0.01	0.1248553008	0.01	0.1229216484	0.01	0.07971127573
8.31	2.476839551e-20	1.653237057e-18	1.02307935	0.5713719478	0.01	0.1593204291	0.01	0.09364240193	0.01	0.08860294582	0.01	0.1246445825	0.01	0.1226927462	0.01	0.07961786802
8.32	-3.324671406e-21	4.105909963e-18	1.028775474	0.5676499536	0.01	0.1594359156	0.01	0.09376209757	0.01	0.08872232616	0.01	0.1244343807	0.01	0.1224644476	0.01	0.0795245291
8.33	3.611733941e-20	4.9248297e-18	1.034432864	0.5636311674	0.01	0.159550387	0.01	0.09388076266	0.01	0.0888406774	0.01	0.1242248372	0.01	0.1222369089	0.01	0.07943132545
8.34	-5.72949428e-20	-9.821584537e-18	1.040048877	0.559380735	0.01	0.1596637916	0.01	0.09399834197	0.01	0.08895794472	0.01	0.1240160746	0.01	0.1220102651	0.01	0.07933831481
8.35	8.159498742e-21	1.632609792e-18	1.045621555	0.5549693755	0.01	0.159776092	0.01	0.09411479443	0.01	0.08907408752	0.01	0.1238081929	0.01	0.1217846265	0.01	0.07924554458
8.36	5.051899996e-20	7.332479059e-18	1.051149653	0.5504699466	0.01	0.1598872652	0.01	0.094230094	0.01	0.08918908019	0.01	0.1236012673	0.01	0.1215600757	0.01	0.07915305082
8.37	3.251286143e-21	2.435234382e-18	1.056632651	0.5459539625	0.01	0.1599973031	0.01	0.09434422978	0.01	0.08930291225	0.01	0.1233953468	0.01	0.1213366663	0.01	0.07906085769
8.38	8.114138223e-21	-1.617401665e-18	1.06207072	0.5414882352	0.01	0.1601062116	0.01	0.09445720545	0.01	0.08941558775	0.01	0.1231904549	0.01	0.1211144235	0.01	0.07896897758
8.39	3.883069425e-20	4.047760631e-18	1.06746466	0.5371317993	0.01	0.1602140094	0.01	0.09456903803	0.01	0.089527124	0.01	0.1229865903	0.01	0.1208933455	0.01	0.07887741178
8.4	-4.853286787e-21	2.416963149e-18	1.07281581	0.5329332654	0.01	0.1603207261	0.01	0.09467975606	0.01	0.08963754978	0.01	0.1227837299	0.01	0.120673406	0.01	0.07878615163
8.41	3.222669538e-21	7.015100525e-22	1.07812593	0.5289287228	0.01	0.1604263999	0.01	0.09478939728	0.01	0.08974690297	0.01	0.1225818323	0.01	0.1204545587	0.01	0.07869518028
8.42	3.21626378e-20	2.414489967e-18	1.083397073	0.5251402817	0.01	0.1605310748	0.01	0.09489800593	0.01	0.08985522789	0.01	0.122380842	0.01	0.120236742	0.01	0.07860447468
8.43	0	0	1.088631438	0.521575314	0.01	0.1606347978	0.01	0.09500562989	0.01	0.08996257238	0.01	0.1221806946	0.01	0.1200198842	0.01	0.07851400798
8.44	0	0	1.093831223	0.5182264142	0.01	0.1607376162	0.01	0.0951123176	0.01	0.09006898477	0.01	0.1219813219	0.01	0.1198039101	0.01	0.07842375201
8.45	0	0	1.098998481	0.5150720673	0.01	0.1608395744	0.01	0.09521811515	0.01	0.09017451095	0.01	0.1217826575	0.01	0.1195887465	0.01	0.07833367983
8.46	0	0	1.104134986	0.5120779762	0.01	0.1609407112	0.01	0.09532306349	0.01	0.09027919161	0.01	0.1215846421	0.01	0.1193743284	0.01	0.07824376821
8.47	0	0	1.109242113	0.5091989717	0.01	0.1610410579	0.01	0.095427196	0.01	0.0903830598	0.01	0.1213872285	0.01	0.1191606042	0.01	0.07815399983
8.48	0	0	1.114320744	0.5063814	0.01	0.161140636	0.01	0.09553053646	0.01	0.09048613893	0.01	0.1211903853	0.01	0.1189475405	0.01	0.07806436529
8.49	0	0	1.119371194	0.5035658653	0.01	0.161239456	0.01	0.09563309753	0.01	0.09058844131	0.01	0.1209941012	0.01	0.1187351256	0.01	0.07797486463
8.5	0	0	1.12439317	0.5006901896	0.01	0.1613375165	0.01	0.09573487986	0.01	0.09068996718	0.01	0.1207983864	0.01	0.1185233725	0.01	0.07788550835
8.51	0	0	1.12938576	0.4976924447	0.01	0.1614348044	0.01	0.09583587172	0.01	0.09079070445	0.01	0.1206032747	0.01	0.11831232	0.01	0.07779631805
8.52	0	0	1.134347446	0.4945139129	0.01	0.1615312945	0.01	0.09593604932	0.01	0.090890629	0.01	0.1204088236	0.01	0.1181020326	0.01	0.07770732635
8.53	0	0	1.139276155	0.4911018389	0.01	0.1616269512	0.01	0.09603537764	0.01	0.09098970551	0.01	0.120215113	0.01	0.1178926001	0.01	0.07761857643
8.54	0	0	1.144169328	0.4874118462	0.01	0.1617217295	0.01	0.09613381183	0.01	0.09108788893	0.01	0.1200222435	0.01	0.1176841346	0.01	0.077530121
8.55	0	0	1.149024013	0.4834099141	0.01	0.161815577	0.01	0.09623129903	0.01	0.09118512623	0.01	0.1198303334	0.01	0.1174767675	0.01	0.07744202079
8.56	0	0	1.153836979	0.4790738272	0.01	0.161908436	0.01	0.09632778058	0.01	0.09128135866	0.01	0.1196395152	0.01	0.117270645	0.01	0.07735434277
8.57	0	0	1.158604835	0.4743940436	0.01	0.162000246	0.01	0.09642319437	0.01	0.09137652412	0.01	0.1194499307	0.01	0.1170659235	0.01	0.07726715796
8.58	0	0	1.163324161	0.4693739484	0.01	0.162090946	0.01	0.09651747741	0.01	0.09147055969	0.01	0.1192617266	0.01	0.1168627641	0.01	0.07718053916
8.59	0	0	1.167991633	0.4640294942	0.01	0.1621804771	0.01	0.09661056835	0.01	0.09156340416	0.01	0.1190750497	0.01	0.1166613271	0.01	0.0770945586
8.6	0	0	1.172604147	0.4583882564	0.01	0.1622687847	0.01	0.09670240986	0.01	0.09165500041	0.01	0.1188900416	0.01	0.1164617665	0.01	0.07700928559
8.61	0	0	1.177158924	0.4524879598	0.01	0.1623558207	0.01	0.09679295078	0.01	0.09174529755	0.01	0.1187068345	0.01	0.1162642252	0.01	0.07692478436
8.62	0	0	1.181653605	0.4463745563	0.01	0.1624415449	0.01	0.09688214799	0.01	0.09183425274	0.01	0.1185255471	0.01	0.1160688304	0.01	0.07684111222
8.63	0	0	1.186086321	0.4400999541	0.01	0.1625259268	0.01	0.09696996779	0.01	0.09192183263	0.01	0.1183462809	0.01	0.1158756901	0.01	0.07675831793
8.64	0	0	1.190455737	0.4337195141	0.01	0.162608946	0.01	0.09705638688	0.01	0.09200801428	0.01	0.1181691181	0.01	0.1156848902	0.01	0.07667644064
8.65	0	0	1.194761079	0.4272894388	0.01	0.1626905929	0.01	0.09714139287	0.01	0.09209278561	0.01	0.1179941196	0.01	0.1154964929	0.01	0.07659550915
8.66	0	0	1.199002126	0.42086418	0.01	0.1627708683	0.01	0.09722498419	0.01	0.09217614541	0.01	0.1178213244	0.01	0.1153105362	0.01	0.07651554179
8.67	0	0	1.203179179	0.4144939908	0.01	0.1628497829	0.01	0.09730716961	0.01	0.09225810274	0.01	0.1176507504	0.01	0.1151270347	0.01	0.07643654668
8.68	0	0	1.20729301	0.4082227347	0.01	0.1629273566	0.01	0.09738796731	0.01	0.09233867603	0.01	0.117482395	0.01	0.1149459807	0.01	0.07635852254
8.69	0	0	1.21134479	0.4020860536	0.01	0.1630036164	0.01	0.09746740344	0.01	0.09241789163	0.01	0.1173162379	0.01	0.1147673475	0.01	0.07628145985
8.7	0	0	1.215335996	0.3961099712	0.01	0.1630785954	0.01	0.09754551054	0.01	0.09249578223	0.01	0.1171522439	0.01	0.1145910922	0.01	0.07620534237
8.71	0	0	1.219268312	0.3903099901	0.01	0.1631523305	0.01	0.09762232559	0.01	0.09257238486	0.01	0.1169903663	0.01	0.1144171604	0.01	0.07613014901
8.72	0	0	1.223143524	0.3846907125	0.01	0.1632248604	0.01	0.09769788798	0.01	0.09264773893	0.01	0.1168305509	0.01	0.11424549	0.01	0.07605585575
8.73	0	0	1.226963409	0.3792459882	0.01	0.1632962239	0.01	0.09777223746	0.01	0.09272188408	0.01	0.1166727406	0.01	0.1140760165	0.01	0.07598243776
8.74	0	0	1.230729631	0.3739595696	0.01	0.1633664575	0.01	0.09784541207	0.01	0.09279485825	0.01	0.1165168791	0.01	0.1139086775	0.01	0.07590987139
8.75	0	0	1.234443647	0.3688062279	0.01	0.1634355939	0.01	0.09791744634	0.01	0.09286669576	0.01	0.1163629153	0.01	0.113743417	0.01	0.07583813614
8.76	0	0	1.238106622	0.363753265	0.01	0.1635036604	0.01	0.09798836965	0.01	0.09293742572	0.01	0.1162108065	0.01	0.1135801894	0.01	0.07576721629
8.77	0	0	1.241719365	0.3587559244	0.01	0.1635706784	0.01	0.09805820513	0.01	0.09300707103	0.01	0.1160605224	0.01	0.1134189631	0.01	0.07569710242
8.78	0	0	1.245281188	0.3535092345	0.01	0.163636717	0.01	0.09812700977	0.01	0.0930756902	0.01	0.1159120609	0.01	0.1132597428	0.01	0.07562780554
8.79	0	0	1.248788436	0.3478469468	0.01	0.1637017794	0.01	0.09819481138	0.01	0.09314330867	0.01	0.1157655123	0.01	0.1131026484	0.01	0.07555939415
8.8	0	0	1.252236985	0.3417895537	0.01	0.1637657891	0.01	0.09826154442	0.01	0.09320985839	0.01	0.1156193002	0.01	0.1129478645	0.01	0.07549195608
8.81	0	0	1.25562405	0.3356162382	0.01	0.1638286865	0.01	0.09832714239	0.01	0.09327527317	0.01	0.1154690825	0.01	0.1127955581	0.01	0.07542556289
8.82	0	0	1.258949919	0.3295714202	0.01	0.1638904677	0.01	0.09839158735	0.01	0.0933395369	0.01	0.1153191414	0.01	0.1126457865	0.01	0.07536022916
8.83	0	0	1.262216255	0.3237146383	0.01	0.1639511599	0.01	0.09845490017	0.01	0.09340267168	0.01	0.1151711023	0.01	0.1124985139	0.01	0.07529593419
8.84	0	0	1.265424944	0.3180428653	0.01	0.1640107968	0.01	0.09851711383	0.01	0.0934647108	0.01	0.1150253499	0.01	0.1123536729	0.01	0.07523264892
8.85	0	0	1.26857771	0.3125298087	0.01	0.1640694099	0.01	0.09857826128	0.01	0.09352568714	0.01	0.1148819368	0.01	0.112211194	0.01	0.07517034581
8.86	0	0	1.271675953	0.3071381813	0.01	0.1641270252	0.01	0.09863837069	0.01	0.09358562862	0.01	0.1147408341	0.01	0.112071018	0.01	0.07510900263
8.87	0	0	1.27472067	0.301824702	0.01	0.1641836614	0.01	0.09869746327	0.01	0.09364455614	0.01	0.1146020032	0.01	0.111933101	0.01	0.07504860451
8.88	0	0	1.277712409	0.2965431889	0.01	0.1642393291	0.01	0.09875555209	0.01	0.09370248242	0.01	0.1144654164	0.01	0.1117974183	0.01	0.07498914495
8.89	0	0	1.280651257	0.2912471309	0.01	0.1642940304	0.01	0.09881264155	0.01	0.09375941151	0.01	0.1143310636	0.01	0.1116639647	0.01	0.07493062637
8.9	0	0	1.283536842	0.2858920416	0.01	0.1643477588	0.01	0.09886872734	0.01	0.09381533876	0.01	0.1141989543	0.01	0.1115327559	0.01	0.07487306013
8.91	0	0	1.286368371	0.2804376018	0.01	0.1644005	0.01	0.09892379684	0.01	0.09387025122	0.01	0.1140691177	0.01	0.1114038267	0.01	0.07481646607
8.92	0	0	1.289144676	0.2748495295	0.01	0.1644522326	0.01	0.09897782989	0.01	0.09392412845	0.01	0.1139416009	0.01	0.1112772298	0.01	0.07476087168
8.93	0	0	1.291864286	0.2691011071	0.01	0.1645029292	0.01	0.09903079998	0.01	0.09397694371	0.01	0.1138164666	0.01	0.1111530331	0.01	0.07470631083
8.94	0	0	1.294525507	0.2631743065	0.01	0.1645525582	0.01	0.09908267566	0.01	0.0940286654	0.01	0.1136937907	0.01	0.1110313162	0.01	0.07465282228
8.95	0	0	1.29712651	0.2570604734	0.01	0.1646010853	0.01	0.09913342219	0.01	0.09407925867	0.01	0.1135736576	0.01	0.1109121669	0.01	0.07460044788
8.96	0	0	1.299665429	0.2507605516	0.01	0.1646484749	0.01	0.09918300332	0.01	0.09412868724	0.01	0.113456157	0.01	0.1107956767	0.01	0.07454923077
8.97	0	0	1.302140455	0.2442848512	0.01	0.1646946925	0.01	0.09923138308	0.01	0.09417691519	0.01	0.1133413795	0.01	0.1106819365	0.01	0.07449921339
8.98	0	0	1.304549926	0.237652385	0.01	0.1647397058	0.01	0.09927852752	0.01	0.09422390869	0.01	0.113229412	0.01	0.1105710328	0.01	0.0744504357
8.99	0	0	1.306892408	0.2308898181	0.01	0.1647834868	0.01	0.0993244064	0.01	0.09426963765	0.01	0.1131203344	0.01	0.1104630434	0.01	0.07440293338
9	0	0	1.309166766	0.2240300922	0.01	0.1648260127	0.01	0.09936899453	0.01	0.09431407713	0.01	0.1130142156	0.01	0.1103580342	0.01	0.07435673639
9.01	0	0	1.311372218	0.2171107997	0.01	0.1648672669	0.01	0.09941227301	0.01	0.09435720847	0.01	0.1129111105	0.01	0.1102560561	0.01	0.07431186775
9.02	0	0	1.313508374	0.2101723944	0.01	0.1649072405	0.01	0.09945423003	0.01	0.0943990202	0.01	0.112811058	0.01	0.1101571431	0.01	0.07426834262
9.03	0	0	1.31557525	0.2032563282	0.01	0.1649459316	0.01	0.09949486146	0.01	0.09443950846	0.01	0.1127140791	0.01	0.1100613109	0.01	0.0742261678
9.04	0	0	1.317573277	0.1964032069	0.01	0.1649833465	0.01	0.09953417097	0.01	0.09447867726	0.01	0.1126201765	0.01	0.1099685562	0.01	0.07418534158
9.05	0	0	1.319503275	0.1896510533	0.01	0.1650194984	0.01	0.0995721699	0.01	0.09451653824	0.01	0.1125293343	0.01	0.1098788576	0.01	0.07414585398
9.06	0	0	1.321366425	0.1830337565	0.01	0.1650544076	0.01	0.09960887676	0.01	0.0945531102	0.01	0.1124415192	0.01	0.1097921757	0.01	0.07410768728
9.07	0	0	1.323164222	0.1765797781	0.01	0.1650881005	0.01	0.09964431648	0.01	0.09458841831	0.01	0.1123566817	0.01	0.109708456	0.01	0.07407081696
9.08	0	0	1.324898409	0.1703111649	0.01	0.1651206081	0.01	0.09967851938	0.01	0.09462249309	0.01	0.1122747587	0.01	0.1096276306	0.01	0.07403521276
9.09	0	0	1.326570917	0.1642429085	0.01	0.1651519653	0.01	0.09971151997	0.01	0.09465536922	0.01	0.1121956758	0.01	0.1095496213	0.01	0.07400084006
9.1	0	0	1.328183788	0.1583826646	0.01	0.1651822094	0.01	0.09974335568	0.01	0.09468708417	0.01	0.1121193505	0.01	0.1094743425	0.01	0.07396766132
9.11	0	0	1.329739105	0.1527308357	0.01	0.1652113786	0.01	0.09977406542	0.01	0.09471767691	0.01	0.1120456953	0.01	0.1094017051	0.01	0.07393563752
9.12	0	0	1.331238921	0.1472809948	0.01	0.1652395108	0.01	0.09980368827	0.01	0.09474718647	0.01	0.1119746212	0.01	0.1093316189	0.01	0.07390472969
9.13	0	0	1.332685192	0.1420206176	0.01	0.1652666426	0.01	0.0998322622	0.01	0.09477565072	0.01	0.1119060404	0.01	0.1092639965	0.01	0.07387490022
9.14	0	0	1.334079724	0.1369320737	0.01	0.1652928076	0.01	0.09985982289	0.01	0.09480310519	0.01	0.1118398694	0.01	0.1091987554	0.01	0.0738461141
9.15	0	0	1.335424127	0.1319938193	0.01	0.1653180363	0.01	0.09988640279	0.01	0.09482958214	0.01	0.1117760314	0.01	0.1091358211	0.01	0.07381833991
9.16	0	0	1.336719783	0.127181725	0.01	0.1653423548	0.01	0.09991203038	0.01	0.09485510981	0.01	0.1117144583	0.01	0.109075128	0.01	0.07379155055
9.17	0	0	1.337967824	0.1224704691	0.01	0.1653657848	0.01	0.09993672961	0.01	0.09487971191	0.01	0.1116550921	0.01	0.1090166214	0.01	0.07376572379
9.18	0	0	1.339169133	0.1178349293	0.01	0.1653883433	0.01	0.09996051972	0.01	0.09490340743	0.01	0.1115978854	0.01	0.1089602577	0.01	0.07374084235
9.19	0	0	1.340324347	0.1132515043	0.01	0.1654100429	0.01	0.09998341526	0.01	0.09492621066	0.01	0.1115428022	0.01	0.1089060044	0.01	0.07371689392
9.2	0	0	1.341433882	0.1086993086	0.01	0.1654308917	0.01	0.1000054263	0.01	0.09494813143	0.01	0.1114898169	0.01	0.1088538397	0.01	0.07369387073
9.21	0	0	1.342497962	0.1041611877	0.01	0.1654508943	0.01	0.100026559	0.01	0.09496917567	0.01	0.1114389134	0.01	0.1088037508	0.01	0.073671769
9.22	0	0	1.343516666	0.09962451543	0.01	0.1654700525	0.01	0.1000468162	0.01	0.09498934611	0.01	0.1113900841	0.01	0.1087557328	0.01	0.07365058811
9.23	0	0	1.344489968	0.09508174419	0.01	0.1654883659	0.01	0.1000661984	0.01	0.09500864306	0.01	0.1113433273	0.01	0.1087097865	0.01	0.07363032969
9.24	0	0	1.345417797	0.09053069419	0.01	0.1655058331	0.01	0.1000847046	0.01	0.09502706544	0.01	0.1112986456	0.01	0.1086659159	0.01	0.07361099655
9.25	0	0	1.346300087	0.08597457908	0.01	0.1655224526	0.01	0.1001023333	0.01	0.09504461174	0.01	0.1112560435	0.01	0.1086241262	0.01	0.07359259157
9.26	0	0	1.347136828	0.08142177866	0.01	0.165538224	0.01	0.1001190836	0.01	0.09506128105	0.01	0.1112155246	0.01	0.1085844207	0.01	0.07357511662
9.27	0	0	1.347928119	0.0768853805	0.01	0.1655531484	0.01	0.100134956	0.01	0.09507707403	0.01	0.1111770897	0.01	0.1085467994	0.01	0.07355857153
9.28	0	0	1.348674212	0.07238252281	0.01	0.1655672299	0.01	0.1001499536	0.01	0.09509199379	0.01	0.1111407343	0.01	0.1085112561	0.01	0.07354295314
9.29	0	0	1.349375546	0.06793357839	0.01	0.1655804757	0.01	0.1001640826	0.01	0.09510604669	0.01	0.1111064471	0.01	0.1084777766	0.01	0.07352825453
9.3	0	0	1.350032773	0.06356122588	0.01	0.1655928972	0.01	0.1001773528	0.01	0.09511924288	0.01	0.1110742079	0.01	0.1084463378	0.01	0.07351446436
9.31	0	0	1.350646781	0.05928945764	0.01	0.1656045099	0.01	0.1001897787	0.01	0.09513159682	0.01	0.1110439866	0.01	0.1084169061	0.01	0.07350156647
9.32	0	0	1.3512187	0.05514257452	0.01	0.1656153338	0.01	0.1002013789	0.01	0.09514312749	0.01	0.1110157425	0.01	0.1083894366	0.01	0.07348953967
9.33	0	0	1.351749898	0.0511442162	0.01	0.1656253936	0.01	0.1002121768	0.01	0.09515385848	0.01	0.1109894241	0.01	0.1083638737	0.01	0.07347835772
9.34	0	0	1.352241973	0.04731647183	0.01	0.1656347181	0.01	0.1002222002	0.01	0.09516381786	0.01	0.1109649686	0.01	0.1083401508	0.01	0.07346798948
9.35	0	0	1.35269673	0.04367910951	0.01	0.1656433401	0.01	0.1002314813	0.01	0.09517303792	0.01	0.1109423034	0.01	0.1083181908	0.01	0.07345839932
9.36	0	0	1.35311616	0.04024895563	0.01	0.165651296	0.01	0.100240056	0.01	0.09518155474	0.01	0.1109213459	0.01	0.1082979077	0.01	0.07344954759
9.37	0	0	1.353502403	0.03703944629	0.01	0.1656586251	0.01	0.1002479634	0.01	0.09518940766	0.01	0.1109020056	0.01	0.1082792077	0.01	0.07344139129
9.38	0	0	1.353857715	0.0340603633	0.01	0.165665369	0.01	0.1002552454	0.01	0.0951966386	0.01	0.110884185	0.01	0.1082619905	0.01	0.07343388473
9.39	0	0	1.354184432	0.0313177578	0.01	0.1656715708	0.01	0.1002619458	0.01	0.09520329148	0.01	0.1108677814	0.01	0.1082461511	0.01	0.07342698037
9.4	0	0	1.354484932	0.02881405515	0.01	0.1656772749	0.01	0.1002681097	0.01	0.09520941141	0.01	0.1108526885	0.01	0.1082315816	0.01	0.07342062952
9.41	0	0	1.354761598	0.02654832632	0.01	0.1656825255	0.01	0.1002737829	0.01	0.09521504409	0.01	0.1108387979	0.01	0.1082181728	0.01	0.07341478312
9.42	0	0	1.355016791	0.02451670388	0.01	0.1656873668	0.01	0.1002790109	0.01	0.09522023513	0.01	0.1108260008	0.01	0.1082058156	0.01	0.07340939239
9.43	0	0	1.355252822	0.02271291487	0.01	0.165691842	0.01	0.1002838389	0.01	0.09522502949	0.01	0.1108141897	0.01	0.1081944025	0.01	0.07340440942
9.44	0	0	1.355471927	0.02112889894	0.01	0.1656959932	0.01	0.1002883109	0.01	0.09522947104	0.01	0.110803259	0.01	0.1081838288	0.01	0.07339978767
9.45	0	0	1.355676258	0.01975547786	0.01	0.1656998607	0.01	0.1002924693	0.01	0.09523360217	0.01	0.1107931063	0.01	0.1081739931	0.01	0.07339548227
9.46	0	0	1.355867874	0.01858304215	0.01	0.1657034833	0.01	0.1002963551	0.01	0.0952374636	0.01	0.110783633	0.01	0.1081647983	0.01	0.07339145023
9.47	0	0	1.356048735	0.0176022218	0.01	0.165706898	0.01	0.1003000074	0.01	0.09524109427	0.01	0.1107747447	0.01	0.1081561514	0.01	0.07338765051
9.48	0	0	1.356220717	0.01680451068	0.01	0.16571014	0.01	0.1003034634	0.01	0.09524453135	0.01	0.1107663509	0.01	0.1081479636	0.01	0.07338404393
9.49	0	0	1.356385612	0.01618281833	0.01	0.1657132431	0.01	0.100306759	0.01	0.09524781042	0.01	0.1107583654	0.01	0.1081401501	0.01	0.07338059297
9.5	0	0	1.356545157	0.01573192778	0.01	0.1657162397	0.01	0.1003099285	0.01	0.0952509657	0.01	0.1107507051	0.01	0.1081326293	0.01	0.07337726147
9.51	0	0	1.356701043	0.01544884347	0.01	0.1657191618	0.01	0.1003130052	0.01	0.09525403042	0.01	0.1107432896	0.01	0.1081253218	0.01	0.07337401418
9.52	0	0	1.356854929	0.01532977374	0.01	0.1657220403	0.01	0.1003160218	0.01	0.09525703708	0.01	0.1107360405	0.01	0.1081181501	0.01	0.07337081657
9.53	0	0	1.357008369	0.01535750579	0.01	0.1657249048	0.01	0.1003190097	0.01	0.095260017	0.01	0.1107288819	0.01	0.1081110394	0.01	0.07336763573
9.54	0	0	1.357162667	0.01549958232	0.01	0.1657277808	0.01	0.1003219971	0.01	0.09526299821	0.01	0.1107217447	0.01	0.1081039231	0.01	0.07336444314
9.55	0	0	1.357318737	0.01571064492	0.01	0.165730687	0.01	0.1003250066	0.01	0.0952660028	0.01	0.1107145717	0.01	0.108096749	0.01	0.07336121768
9.56	0	0	1.357476988	0.01593533549	0.01	0.165733633	0.01	0.1003280524	0.01	0.09526904443	0.01	0.1107073242	0.01	0.1080894851	0.01	0.07335794811
9.57	0	0	1.357637244	0.01611152136	0.01	0.1657366178	0.01	0.1003311382	0.01	0.09527212638	0.01	0.1106999863	0.01	0.1080821243	0.01	0.07335463501
9.58	0	0	1.357798686	0.01617366063	0.01	0.1657396286	0.01	0.1003342564	0.01	0.09527524019	0.01	0.110692569	0.01	0.1080746878	0.01	0.07335129197
9.59	0	0	1.357959841	0.0160561431	0.01	0.1657426404	0.01	0.1003373867	0.01	0.09527836489	0.01	0.1106851121	0.01	0.1080672267	0.01	0.07334794615
9.6	0	0	1.358118597	0.01569645743	0.01	0.1657456161	0.01	0.1003404962	0.01	0.095281467	0.01	0.1106776854	0.01	0.1080598219	0.01	0.07334463814
9.61	0	0	1.358272243	0.01503805279	0.01	0.1657485074	0.01	0.10034354	0.01	0.095284501	0.01	0.1106703875	0.01	0.108052583	0.01	0.07334142112
9.62	0	0	1.35841755	0.01403278422	0.01	0.1657512558	0.01	0.1003464625	0.01	0.09528741049	0.01	0.1106633437	0.01	0.1080456457	0.01	0.07333835955
9.63	0	0	1.358550856	0.01264285448	0.01	0.1657537945	0.01	0.1003491982	0.01	0.09529012975	0.01	0.110656703	0.01	0.108039168	0.01	0.07333552733
9.64	0	0	1.358668181	0.01084219114	0.01	0.1657560503	0.01	0.1003516744	0.01	0.09529258571	0.01	0.1106506335	0.01	0.1080333252	0.01	0.07333300552
9.65	0	0	1.358765348	0.008617224545	0.01	0.1657579459	0.01	0.1003538131	0.01	0.09529470016	0.01	0.1106453172	0.01	0.1080283051	0.01	0.07333087995
9.66	0	0	1.35883811	0.005967059547	0.01	0.1657594024	0.01	0.1003555335	0.01	0.09529639217	0.01	0.110640945	0.01	0.1080243017	0.01	0.07332923856
9.67	0	0	1.358882271	0.002903060531	0.01	0.165760341	0.01	0.1003567541	0.01	0.09529758049	0.01	0.1106377104	0.01	0.10802151	0.01	0.0733281688
9.68	0	0	1.358893806	-0.0005521056131	0.01	0.1657606861	0.01	0.1003573957	0.01	0.09529818589	0.01	0.110635804	0.01	0.10802012	0.01	0.07332775518
9.69	0	0	1.358868967	-0.004365038947	0.01	0.1657603046	0.01	0.1003573229	0.01	0.09529806509	0.01	0.110635383	0.01	0.1080201784	0.01	0.07332798117
9.7	0	0	1.358804484	-0.008467361026	0.01	0.1657591791	0.01	0.1003563509	0.01	0.09529706535	0.01	0.1106361496	0.01	0.1080215085	0.01	0.07332892253
9.71	0	0	1.358697947	-0.01276447674	0.01	0.1657572723	0.01	0.1003545618	0.01	0.09529525446	0.01	0.110638249	0.01	0.1080244598	0.01	0.07333070495
9.72	0	0	1.358547804	-0.01718152669	0.01	0.1657545537	0.01	0.1003519344	0.01	0.09529260633	0.01	0.1106419646	0.01	0.1080292642	0.01	0.07333337879
9.73	0	0	1.358353142	-0.02166390556	0.01	0.1657510052	0.01	0.1003484476	0.01	0.09528910004	0.01	0.1106474924	0.01	0.1080360522	0.01	0.07333697086
9.74	0	0	1.358113512	-0.02617295008	0.01	0.1657466177	0.01	0.1003440899	0.01	0.09528472432	0.01	0.1106549645	0.01	0.108044896	0.01	0.07334149527
9.75	0	0	1.35782878	-0.03068328269	0.01	0.1657413883	0.01	0.1003388568	0.01	0.09527947489	0.01	0.1106644658	0.01	0.1080558324	0.01	0.0733469577
9.76	0	0	1.357499008	-0.03518088106	0.01	0.1657353179	0.01	0.1003327484	0.01	0.09527335197	0.01	0.110676047	0.01	0.1080688759	0.01	0.07335335837
9.77	0	0	1.357124346	-0.03966141785	0.01	0.1657284093	0.01	0.1003257672	0.01	0.09526635812	0.01	0.1106897353	0.01	0.1080840282	0.01	0.07336069445
9.78	0	0	1.356704949	-0.04412868537	0.01	0.1657206654	0.01	0.1003179163	0.01	0.09525849649	0.01	0.1107055424	0.01	0.1081012844	0.01	0.07336896213
9.79	0	0	1.356240896	-0.04859304022	0.01	0.1657120881	0.01	0.1003091979	0.01	0.09524976921	0.01	0.1107234717	0.01	0.1081206382	0.01	0.07337815835
9.8	0	0	1.355732139	-0.05306985958	0.01	0.1657026769	0.01	0.100299612	0.01	0.09524017626	0.01	0.110743524	0.01	0.1081420858	0.01	0.07338828213
9.81	0	0	1.355178459	-0.05757802822	0.01	0.165692428	0.01	0.1002891557	0.01	0.09522971454	0.01	0.1107657014	0.01	0.1081656292	0.01	0.07339933566
9.82	0	0	1.354579435	-0.06213848697	0.01	0.1656813341	0.01	0.1002778222	0.01	0.09521837719	0.01	0.1107900111	0.01	0.108191278	0.01	0.07341132501
9.83	0	0	1.353934434	-0.0667728772	0.01	0.165669384	0.01	0.1002656008	0.01	0.09520615333	0.01	0.110816468	0.01	0.1082190511	0.01	0.07342426051
9.84	0	0	1.35324261	-0.07150231472	0.01	0.1656565624	0.01	0.1002524763	0.01	0.09519302793	0.01	0.1108450954	0.01	0.1082489772	0.01	0.07343815691
9.85	0	0	1.352502912	-0.0763463219	0.01	0.1656428502	0.01	0.10023843	0.01	0.09517898194	0.01	0.1108759266	0.01	0.1082810951	0.01	0.07345303327
9.86	0	0	1.351714109	-0.08132194087	0.01	0.1656282249	0.01	0.1002234392	0.01	0.09516399266	0.01	0.1109090045	0.01	0.1083154531	0.01	0.07346891255
9.87	0	0	1.350874814	-0.08644304288	0.01	0.165612661	0.01	0.100207478	0.01	0.09514803424	0.01	0.110944381	0.01	0.1083521077	0.01	0.07348582109
9.88	0	0	1.349983519	-0.09171984074	0.01	0.1655961308	0.01	0.1001905181	0.01	0.0951310783	0.01	0.1109821161	0.01	0.1083911228	0.01	0.07350378796
9.89	0	0	1.349038637	-0.0971586032	0.01	0.1655786051	0.01	0.1001725292	0.01	0.09511309469	0.01	0.1110222762	0.01	0.1084325677	0.01	0.07352284412
9.9	0	0	1.348038535	-0.1027615625	0.01	0.1655600535	0.01	0.1001534803	0.01	0.09509405221	0.01	0.1110649326	0.01	0.1084765151	0.01	0.07354302164
9.91	0	0	1.346981581	-0.1085269996	0.01	0.165540446	0.01	0.1001333397	0.01	0.09507391941	0.01	0.1111101596	0.01	0.1085230394	0.01	0.07356435278
9.92	0	0	1.345866177	-0.1144494858	0.01	0.1655197528	0.01	0.1001120764	0.01	0.09505266536	0.01	0.1111580321	0.01	0.1085722147	0.01	0.0735868692
9.93	0	0	1.344690798	-0.1205202562	0.01	0.1654979457	0.01	0.1000896607	0.01	0.09503026033	0.01	0.1112086241	0.01	0.108624113	0.01	0.07361060116
9.94	0	0	1.343454019	-0.1267276874	0.01	0.1654749982	0.01	0.1000660644	0.01	0.09500667643	0.01	0.1112620065	0.01	0.108678802	0.01	0.07363557685
9.95	0	0	1.342154546	-0.1330578506	0.01	0.1654508861	0.01	0.100041262	0.01	0.09498188814	0.01	0.1113182457	0.01	0.1087363445	0.01	0.07366182174
9.96	0	0	1.34079123	-0.1394951121	0.01	0.1654255883	0.01	0.1000152305	0.01	0.09495587274	0.01	0.1113774018	0.01	0.1087967964	0.01	0.07368935815
9.97	0	0	1.339363086	-0.1460227536	0.01	0.1653990864	0.01	0.09998795023	0.01	0.09492861061	0.01	0.1114395276	0.01	0.1088602059	0.01	0.07371820493
9.98	0	0	1.337869296	-0.1526235878	0.01	0.1653713652	0.01	0.0999594047	0.01	0.0949000854	0.01	0.1115046681	0.01	0.1089266134	0.01	0.07374837717
9.99	0	0	1.336309216	-0.1592805466	0.01	0.1653424129	0.01	0.09992958077	0.01	0.09487028412	0.01	0.1115728593	0.01	0.1089960505	0.01	0.07377988622
10	0	0	1.334682368	-0.1659772225	0.01	0.1653122208	0.01	0.09989846864	0.01	0.09483919708	0.01	0.1116441286	0.01	0.1090685404	0.01	0.07381273965
10.01	0	0	1.332988431	-0.1726983476	0.01	0.1652807831	0.01	0.09986606167	0.01	0.09480681777	0.01	0.1117184948	0.01	0.1091440979	0.01	0.07384694149
10.02	0	0	1.331227232	-0.1794301972	0.01	0.1652480968	0.01	0.09983235615	0.01	0.09477314257	0.01	0.1117959683	0.01	0.1092227304	0.01	0.07388249243
10.03	0	0	1.329398723	-0.1861609089	0.01	0.1652141615	0.01	0.099797351	0.01	0.09473817048	0.01	0.1118765519	0.01	0.109304438	0.01	0.07391939018
10.04	0	0	1.327502965	-0.1928807117	0.01	0.1651789786	0.01	0.09976104739	0.01	0.09470190275	0.01	0.1119602418	0.01	0.1093892149	0.01	0.0739576299
10.05	0	0	1.325540106	-0.1995820618	0.01	0.1651425513	0.01	0.09972344833	0.01	0.09466434242	0.01	0.1120470285	0.01	0.10947705	0.01	0.07399720463
10.06	0	0	1.323510355	-0.2062596869	0.01	0.1651048841	0.01	0.09968455826	0.01	0.09462549397	0.01	0.1121368977	0.01	0.1095679284	0.01	0.07403810574
10.07	0	0	1.321413967	-0.2129105413	0.01	0.1650659824	0.01	0.09964438254	0.01	0.09458536279	0.01	0.1122298319	0.01	0.1096618322	0.01	0.07408032347
10.08	0	0	1.319251214	-0.21953368	0.01	0.1650258518	0.01	0.09960292714	0.01	0.09454395484	0.01	0.1123258109	0.01	0.1097587416	0.01	0.07412384733
10.09	0	0	1.317022367	-0.2261300586	0.01	0.1649844981	0.01	0.09956019811	0.01	0.0945012762	0.01	0.1124248136	0.01	0.1098586361	0.01	0.07416866656
10.1	0	0	1.314727681	-0.232702272	0.01	0.164941927	0.01	0.09951620134	0.01	0.0944573327	0.01	0.1125268187	0.01	0.1099614952	0.01	0.07421477051
10.11	0	0	1.312367378	-0.2392542434	0.01	0.1648981432	0.01	0.09947094217	0.01	0.09441212968	0.01	0.1126318052	0.01	0.1100672996	0.01	0.07426214893
10.12	0	0	1.309941635	-0.245790879	0.01	0.1648531511	0.01	0.09942442517	0.01	0.09436567169	0.01	0.1127397539	0.01	0.1101760311	0.01	0.07431079231
10.13	0	0	1.307450578	-0.2523177011	0.01	0.1648069538	0.01	0.09937665401	0.01	0.09431796237	0.01	0.1128506472	0.01	0.1102876738	0.01	0.07436069195
10.14	0	0	1.304894275	-0.2588404769	0.01	0.1647595536	0.01	0.09932763129	0.01	0.09426900427	0.01	0.1129644699	0.01	0.1104022142	0.01	0.07441184015
10.15	0	0	1.302272738	-0.2653648558	0.01	0.1647109517	0.01	0.09927735853	0.01	0.09421879892	0.01	0.1130812094	0.01	0.110519641	0.01	0.07446423019
10.16	0	0	1.299585925	-0.2718960298	0.01	0.1646611483	0.01	0.09922583625	0.01	0.09416734678	0.01	0.1132008554	0.01	0.1106399454	0.01	0.07451785629
10.17	0	0	1.296833745	-0.2784384285	0.01	0.1646101428	0.01	0.09917306399	0.01	0.09411464741	0.01	0.1133234	0.01	0.1107631207	0.01	0.07457271352
10.18	0	0	1.294016069	-0.2849954602	0.01	0.1645579338	0.01	0.09911904055	0.01	0.09406069957	0.01	0.1134488371	0.01	0.110889162	0.01	0.07462879758
10.19	0	0	1.291132739	-0.2915693063	0.01	0.1645045194	0.01	0.09906376414	0.01	0.09400550149	0.01	0.1135771625	0.01	0.1110180658	0.01	0.0746861046
10.2	0	0	1.288183583	-0.2981607754	0.01	0.1644498975	0.01	0.09900723266	0.01	0.09394905106	0.01	0.1137083725	0.01	0.1111498292	0.01	0.07474463086
10.21	0	0	1.285168427	-0.3047692202	0.01	0.164394066	0.01	0.09894944393	0.01	0.09389134613	0.01	0.1138424639	0.01	0.1112844494	0.01	0.07480437256
10.22	0	0	1.282087114	-0.3113925189	0.01	0.1643370229	0.01	0.09889039602	0.01	0.09383238478	0.01	0.1139794332	0.01	0.111421923	0.01	0.07486532541
10.23	0	0	1.278939511	-0.3180271178	0.01	0.1642787671	0.01	0.09883008751	0.01	0.09377216563	0.01	0.1141192757	0.01	0.1115622453	0.01	0.07492748447
10.24	0	0	1.275725531	-0.3246681326	0.01	0.164219298	0.01	0.09876851774	0.01	0.09371068805	0.01	0.1142619848	0.01	0.1117054097	0.01	0.07499084374
10.25	0	0	1.27244514	-0.3313095011	0.01	0.164158616	0.01	0.09870568711	0.01	0.09364795247	0.01	0.1144075518	0.01	0.1118514069	0.01	0.07505539601
10.26	0	0	1.26909837	-0.3379441804	0.01	0.164096723	0.01	0.09864159725	0.01	0.09358396059	0.01	0.1145559647	0.01	0.1120002247	0.01	0.07512113256
10.27	0	0	1.265685327	-0.3445643781	0.01	0.1640336222	0.01	0.09857625123	0.01	0.09351871552	0.01	0.1147072082	0.01	0.1121518472	0.01	0.07518804305
10.28	0	0	1.262206197	-0.3511618082	0.01	0.1639693181	0.01	0.09850965369	0.01	0.09345222193	0.01	0.1148612632	0.01	0.1123062547	0.01	0.07525611535
10.29	0	0	1.258661252	-0.3577279599	0.01	0.1639038171	0.01	0.09844181092	0.01	0.09338448616	0.01	0.1150181065	0.01	0.1124634235	0.01	0.07532533551
10.3	0	0	1.255050847	-0.3642543684	0.01	0.1638371271	0.01	0.09837273085	0.01	0.0933155162	0.01	0.1151777107	0.01	0.1126233256	0.01	0.0753956877
10.31	0	0	1.251375419	-0.3707328767	0.01	0.1637692574	0.01	0.09830242312	0.01	0.09324532171	0.01	0.1153400444	0.01	0.1127859293	0.01	0.07546715431
10.32	0	0	1.247635488	-0.3771558788	0.01	0.1637002191	0.01	0.0982308989	0.01	0.0931739139	0.01	0.1155050721	0.01	0.1129511985	0.01	0.07553971597
10.33	0	0	1.243831641	-0.3835165339	0.01	0.1636300245	0.01	0.09815817088	0.01	0.09310130548	0.01	0.1156727546	0.01	0.1131190938	0.01	0.07561335177
10.34	0	0	1.239964692	-0.3897475616	0.01	0.1635586856	0.01	0.09808425244	0.01	0.09302750979	0.01	0.1158391715	0.01	0.1132895703	0.01	0.07568803797
10.35	0	0	1.236036566	-0.3957500983	0.01	0.1634861326	0.01	0.09800909088	0.01	0.09295247174	0.01	0.1160029143	0.01	0.1134625481	0.01	0.07576373264
10.36	0	0	1.23204989	-0.4014458311	0.01	0.1634123542	0.01	0.09793265258	0.01	0.09287615998	0.01	0.1161677858	0.01	0.1136379093	0.01	0.07584037834
10.37	0	0	1.228007918	-0.4068074272	0.01	0.1633374046	0.01	0.0978549869	0.01	0.09279862525	0.01	0.1163345341	0.01	0.1138155045	0.01	0.07591790459
10.38	0	0	1.223913923	-0.4118506317	0.01	0.1632613394	0.01	0.09777615179	0.01	0.09271992553	0.01	0.1165031976	0.01	0.1139951736	0.01	0.07599623847
10.39	0	0	1.219770921	-0.4166088816	0.01	0.1631842103	0.01	0.09769620219	0.01	0.09264011553	0.01	0.1166736677	0.01	0.1141767638	0.01	0.07607531146
10.4	0	0	1.215581541	-0.4211261766	0.01	0.1631060624	0.01	0.09761518656	0.01	0.09255924342	0.01	0.1168458173	0.01	0.1143601375	0.01	0.07615506246
10.41	0	0	1.211347934	-0.4254537381	0.01	0.1630269324	0.01	0.09753314491	0.01	0.0924773489	0.01	0.1170195313	0.01	0.1145451776	0.01	0.07623543957
10.42	0	0	1.207071715	-0.4296473079	0.01	0.1629468472	0.01	0.09745010744	0.01	0.09239446182	0.01	0.1171947151	0.01	0.1147317902	0.01	0.07631640121
10.43	0	0	1.202753935	-0.4337644894	0.01	0.1628658235	0.01	0.09736609361	0.01	0.09231060133	0.01	0.1173712975	0.01	0.1149199063	0.01	0.0763979167
10.44	0	0	1.198395071	-0.4378620961	0.01	0.1627838673	0.01	0.09728111186	0.01	0.09222577555	0.01	0.1175492319	0.01	0.1151094821	0.01	0.07647996633
10.45	0	0	1.193995047	-0.4419935937	0.01	0.1627009741	0.01	0.09719515971	0.01	0.09213998172	0.01	0.1177284952	0.01	0.1153004989	0.01	0.07656254095
10.46	0	0	1.189553284	-0.446206741	0.01	0.1626171299	0.01	0.09710822445	0.01	0.0920532069	0.01	0.1179090868	0.01	0.1154929606	0.01	0.076645641
10.47	0	0	1.185068764	-0.4505415298	0.01	0.1625323121	0.01	0.0970202842	0.01	0.09196542904	0.01	0.1180910256	0.01	0.1156868913	0.01	0.07672927525
10.48	0	0	1.180540116	-0.4550285093	0.01	0.162446491	0.01	0.0969313095	0.01	0.09187661854	0.01	0.118274347	0.01	0.1158823317	0.01	0.07681345908
10.49	0	0	1.175965716	-0.4596875602	0.01	0.1623596317	0.01	0.09684126505	0.01	0.09178674007	0.01	0.1184590984	0.01	0.1160793343	0.01	0.07689821258
10.5	0	0	1.171343802	-0.4645271662	0.01	0.1622716963	0.01	0.09675011188	0.01	0.09169575467	0.01	0.118645335	0.01	0.1162779593	0.01	0.0769835584
10.51	0	0	1.166672581	-0.4695442024	0.01	0.1621826456	0.01	0.09665780954	0.01	0.09160362198	0.01	0.1188331147	0.01	0.1164782691	0.01	0.0770695196
10.52	0	0	1.161950354	-0.4747242394	0.01	0.1620924418	0.01	0.09656431837	0.01	0.09151030247	0.01	0.1190224934	0.01	0.1166803233	0.01	0.07715611751
10.53	0	0	1.157175614	-0.4800423409	0.01	0.1620010503	0.01	0.09646960174	0.01	0.09141575974	0.01	0.1192135203	0.01	0.1168841739	0.01	0.07724336963
10.54	0	0	1.152347153	-0.4854643072	0.01	0.1619084417	0.01	0.09637362815	0.01	0.09131996251	0.01	0.1194062335	0.01	0.1170898609	0.01	0.07733128787
10.55	0	0	1.147464142	-0.4909483044	0.01	0.1618145935	0.01	0.09627637301	0.01	0.09122288648	0.01	0.1196006563	0.01	0.1172974083	0.01	0.07741987702
10.56	0	0	1.142526201	-0.4964468001	0.01	0.1617194918	0.01	0.09617782019	0.01	0.09112451583	0.01	0.1197967944	0.01	0.1175068216	0.01	0.0775091335
10.57	0	0	1.137533442	-0.5019087172	0.01	0.1616231316	0.01	0.09607796317	0.01	0.09102484432	0.01	0.1199946336	0.01	0.117718085	0.01	0.07759904468
10.58	0	0	1.132486493	-0.5072817099	0.01	0.1615255184	0.01	0.09597680572	0.01	0.09092387605	0.01	0.1201941386	0.01	0.1179311605	0.01	0.07768958842
10.59	0	-7.888999908e-19	1.127386503	-0.5125144615	0.01	0.1614266674	0.01	0.0958743622	0.01	0.09082162563	0.01	0.1203952529	0.01	0.1181459879	0.01	0.0777807332
10.6	-2.052594801e-20	-1.576868014e-18	1.122235117	-0.5175589055	0.01	0.161326604	0.01	0.09577065732	0.01	0.09071811804	0.01	0.1205978995	0.01	0.1183624856	0.01	0.07787243861
10.61	-4.745693281e-21	-3.958991578e-18	1.117034431	-0.5223722753	0.01	0.1612253627	0.01	0.09566572557	0.01	0.09061338796	0.01	0.1208019826	0.01	0.1185805522	0.01	0.0779646562
10.62	2.375891756e-20	2.375958971e-18	1.111786938	-0.5269188956	0.01	0.1611229861	0.01	0.09555961008	0.01	0.09050747869	0.01	0.1210073901	0.01	0.1188000693	0.01	0.07805733072
10.63	-7.933210862e-21	-2.383991976e-18	1.106495441	-0.5311716403	0.01	0.1610195234	0.01	0.0954523613	0.01	0.09040044073	0.01	0.1212139966	0.01	0.1190209048	0.01	0.07815040161
10.64	-3.195358993e-21	-7.961859971e-19	1.101162968	-0.5351129974	0.01	0.1609150292	0.01	0.09534403518	0.01	0.09029233011	0.01	0.1214216674	0.01	0.1192429168	0.01	0.07824380472
10.65	-1.592361819e-21	7.988906413e-19	1.09579267	-0.5387356971	0.01	0.160809561	0.01	0.09523469134	0.01	0.0901832064	0.01	0.1216302625	0.01	0.119465958	0.01	0.07833747412
10.66	2.397373296e-20	3.996196604e-18	1.090387717	-0.5420428784	0.01	0.1607031773	0.01	0.09512439094	0.01	0.09007313065	0.01	0.1218396406	0.01	0.1196898797	0.01	0.07843134397
10.67	-1.921704948e-20	-2.401868527e-18	1.084951198	-0.5450477911	0.01	0.1605959362	0.01	0.09501319458	0.01	0.08996216334	0.01	0.1220496632	0.01	0.1199145366	0.01	0.07852535038
10.68	2.246172481e-20	2.406435855e-18	1.079486022	-0.5477730495	0.01	0.1604878927	0.01	0.09490116028	0.01	0.08985036228	0.01	0.1222601992	0.01	0.1201397907	0.01	0.07861943306
10.69	2.092143181e-20	3.217760824e-18	1.073994832	-0.5502494737	0.01	0.1603790971	0.01	0.09478834155	0.01	0.08973778074	0.01	0.1224711274	0.01	0.120365515	0.01	0.07871353685
10.7	1.451223941e-20	4.841462079e-18	1.068479926	-0.552514574	0.01	0.1602695938	0.01	0.09467478571	0.01	0.08962446578	0.01	0.1226823407	0.01	0.1205915969	0.01	0.07880761295
10.71	2.424255751e-20	3.231712795e-18	1.062943205	-0.5546107499	0.01	0.1601594196	0.01	0.09456053257	0.01	0.08951045692	0.01	0.1228937473	0.01	0.1208179401	0.01	0.07890161987
10.72	1.626232344e-21	-3.85489823e-22	1.05738613	-0.5565832855	0.01	0.1600486031	0.01	0.09444561337	0.01	0.08939578513	0.01	0.123105273	0.01	0.121044467	0.01	0.07899552397
10.73	1.62377072e-20	3.24877839e-18	1.051809705	-0.5584782366	0.01	0.159937164	0.01	0.09433005025	0.01	0.08928047224	0.01	0.1233168618	0.01	0.1212711188	0.01	0.0790892997
10.74	-6.50839654e-21	1.567020604e-21	1.046214482	-0.5603403046	0.01	0.159825113	0.01	0.09421385605	0.01	0.08916453085	0.01	0.1235284756	0.01	0.1214978556	0.01	0.07918292942
10.75	-1.794919946e-20	-4.08112778e-18	1.040600581	-0.5622107954	0.01	0.1597124525	0.01	0.09409703461	0.01	0.08904796456	0.01	0.1237400936	0.01	0.1217246559	0.01	0.07927640294
10.76	-2.126467884e-20	-3.271209016e-18	1.034967737	-0.5641257554	0.01	0.1595991768	0.01	0.09397958146	0.01	0.08893076873	0.01	0.1239517102	0.01	0.1219515142	0.01	0.07936971665
10.77	-3.444029725e-20	-7.381812324e-18	1.029315356	-0.5661143683	0.01	0.1594852735	0.01	0.09386148496	0.01	0.08881293156	0.01	0.1241633334	0.01	0.1221784389	0.01	0.07946287241
10.78	-1.315093586e-20	-4.936059375e-18	1.023642598	-0.5681976832	0.01	0.1593707251	0.01	0.09374272766	0.01	0.08869443554	0.01	0.1243749811	0.01	0.1224054492	0.01	0.07955587626
10.79	-2.472794604e-20	-4.945673363e-18	1.017948453	-0.5703877283	0.01	0.1592555102	0.01	0.09362328805	0.01	0.08857525911	0.01	0.1245866784	0.01	0.1226325717	0.01	0.07964873693
10.8	-1.654160831e-20	-7.442929684e-18	1.012231841	-0.5726870464	0.01	0.1591396057	0.01	0.09350314239	0.01	0.08845537858	0.01	0.1247984537	0.01	0.1228598367	0.01	0.07974146426
10.81	-1.324468869e-20	-1.6558018e-18	1.006491705	-0.5750886689	0.01	0.1590229885	0.01	0.09338226675	0.01	0.0883347701	0.01	0.1250103354	0.01	0.1230872741	0.01	0.07983406765
10.82	1.74055792e-24	-1.380813792e-24	1.000727102	-0.5775765239	0.01	0.1589056376	0.01	0.09326063896	0.01	0.08821341164	0.01	0.1252223481	0.01	0.1233149102	0.01	0.07992655452
10.83	3.320180611e-21	-1.669024519e-18	0.9949372923	-0.5801262551	0.01	0.1587875356	0.01	0.09313824052	0.01	0.08809128489	0.01	0.1254345095	0.01	0.1235427636	0.01	0.08001892899
10.84	-1.66453277e-21	4.504775933e-22	0.9891218149	-0.5827064102	0.01	0.1586686708	0.01	0.09301505837	0.01	0.08796837698	0.01	0.1256468272	0.01	0.1237708427	0.01	0.08011119065
10.85	-8.372494236e-21	8.409414805e-19	0.9832805522	-0.5852799399	0.01	0.1585490381	0.01	0.09289108634	0.01	0.08784468199	0.01	0.1258592968	0.01	0.1239991426	0.01	0.08020333367
10.86	-2.351158417e-20	-6.721192207e-18	0.9774137764	-0.5878059382	0.01	0.1584286404	0.01	0.09276632634	0.01	0.08772020207	0.01	0.1260718997	0.01	0.124227644	0.01	0.08029534611
10.87	3.198792922e-20	5.894336683e-18	0.9715221788	-0.5902415412	0.01	0.1583074891	0.01	0.09264078918	0.01	0.08759494827	0.01	0.1262846026	0.01	0.1244563112	0.01	0.08038720959
10.88	1.181628014e-20	8.423692569e-19	0.9656068792	-0.5925438991	0.01	0.1581856049	0.01	0.09251449496	0.01	0.08746894092	0.01	0.1264973564	0.01	0.1246850925	0.01	0.0804788993
10.89	1.693131126e-20	3.387817195e-18	0.9596694162	-0.5946721299	0.01	0.1580630171	0.01	0.09238747307	0.01	0.08734220961	0.01	0.1267100976	0.01	0.1249139202	0.01	0.08057038424
10.9	-2.972351439e-24	-2.551929396e-18	0.9537117181	-0.5965891686	0.01	0.1579397633	0.01	0.09225976174	0.01	0.08721479274	0.01	0.1269227486	0.01	0.1251427121	0.01	0.08066162788
10.91	4.2578042e-20	8.518912934e-18	0.9477360562	-0.5982634279	0.01	0.1578158891	0.01	0.09213140724	0.01	0.08708673667	0.01	0.1271352201	0.01	0.1253713728	0.01	0.08075258891
10.92	0	0	0.9417449836	-0.5996701963	0.01	0.1576914462	0.01	0.09200246267	0.01	0.08695809459	0.01	0.1273474131	0.01	0.1255997968	0.01	0.08084322242
10.93	8.176065278e-24	1.716474375e-18	0.93574126	-0.6007927133	0.01	0.1575664913	0.01	0.09187298648	0.01	0.08682892497	0.01	0.1275592218	0.01	0.1258278712	0.01	0.08093348103
10.94	6.213543908e-24	-3.332582362e-24	0.9297277695	-0.6016228728	0.01	0.1574410843	0.01	0.09174304081	0.01	0.08669928987	0.01	0.1277705366	0.01	0.1260554786	0.01	0.08102331629
10.95	-3.449598809e-21	-8.623997024e-19	0.9237074323	-0.6021615258	0.01	0.1573152868	0.01	0.09161268953	0.01	0.08656925307	0.01	0.1279812474	0.01	0.126282501	0.01	0.08111268002
10.96	4.319998862e-20	8.647724884e-18	0.9176831154	-0.6024183701	0.01	0.1571891599	0.01	0.09148199638	0.01	0.08643887816	0.01	0.1281912467	0.01	0.1265088227	0.01	0.08120152565
10.97	1.040915227e-20	8.655551548e-19	0.9116575469	-0.6024114347	0.01	0.1570627623	0.01	0.09135102303	0.01	0.0863082266	0.01	0.1284004327	0.01	0.1267343339	0.01	0.08128980952
10.98	-1.217350864e-20	-1.739149554e-18	0.9056332372	-0.6021661833	0.01	0.1569361491	0.01	0.0912198273	0.01	0.08617735596	0.01	0.128608712	0.01	0.1269589338	0.01	0.08137749194
10.99	-3.489137571e-21	-3.495643335e-18	0.8996124108	-0.6017142822	0.01	0.1568093697	0.01	0.09108846154	0.01	0.08604631832	0.01	0.128816002	0.01	0.1271825324	0.01	0.08146453814
11	2.446945265e-20	1.746176172e-18	0.8935969519	-0.6010920892	0.01	0.1566824669	0.01	0.0909569713	0.01	0.08591515895	0.01	0.1290222328	0.01	0.1274050533	0.01	0.08155091897
11.01	3.864973818e-20	1.054405341e-17	0.887588366	-0.6003389368	0.01	0.1565554761	0.01	0.09082539433	0.01	0.0857839153	0.01	0.1292273483	0.01	0.1276264346	0.01	0.08163661133
11.02	-8.896285525e-24	3.129641765e-24	0.8815877595	-0.5994952896	0.01	0.1564284243	0.01	0.09069375997	0.01	0.08565261641	0.01	0.1294313068	0.01	0.1278466297	0.01	0.08172159833
11.03	2.120496952e-20	3.534348513e-18	0.8755958377	-0.5986008631	0.01	0.1563013302	0.01	0.09056208888	0.01	0.08552128267	0.01	0.1296340812	0.01	0.1280656075	0.01	0.08180586919
11.04	-3.535429891e-21	2.665406144e-18	0.8696129219	-0.5976927911	0.01	0.1561742045	0.01	0.09043039325	0.01	0.08538992602	0.01	0.1298356579	0.01	0.1282833513	0.01	0.08188941884
11.05	3.198154392e-20	2.66257046e-18	0.8636389834	-0.5968039284	0.01	0.1560470503	0.01	0.09029867739	0.01	0.08525855058	0.01	0.130036036	0.01	0.128499858	0.01	0.08197224737
11.06	-3.561445348e-21	1.143612437e-21	0.8576736937	-0.5959613644	0.01	0.1559198644	0.01	0.09016693867	0.01	0.08512715355	0.01	0.130235225	0.01	0.1287151359	0.01	0.08205435916
11.07	4.112258976e-20	3.573449267e-18	0.8517164887	-0.5951852188	0.01	0.1557926381	0.01	0.09003516882	0.01	0.08499572654	0.01	0.130433243	0.01	0.1289292025	0.01	0.08213576192
11.08	-1.750494007e-21	5.398013004e-18	0.8457666425	-0.5944877706	0.01	0.1556653589	0.01	0.08990335546	0.01	0.08486425712	0.01	0.1306301139	0.01	0.1291420818	0.01	0.08221646563
11.09	2.701402549e-20	3.601207872e-18	0.839823348	-0.5938729589	0.01	0.1555380125	0.01	0.08977148383	0.01	0.08473273054	0.01	0.1308258646	0.01	0.1293538013	0.01	0.08229648132
11.1	1.264663711e-20	1.806746301e-18	0.8338858016	-0.5933362771	0.01	0.1554105841	0.01	0.08963953865	0.01	0.08460113157	0.01	0.1310205223	0.01	0.1295643892	0.01	0.08237582
11.11	9.046030846e-21	-2.728129051e-18	0.8279532857	-0.5928650599	0.01	0.1552830605	0.01	0.089507506	0.01	0.08446944636	0.01	0.1312141119	0.01	0.1297738712	0.01	0.0824544915
11.12	-9.07555263e-21	2.976225374e-21	0.8220252472	-0.5924391478	0.01	0.1551554315	0.01	0.08937537503	0.01	0.08433766422	0.01	0.1314066529	0.01	0.129982268	0.01	0.08253250347
11.13	5.107740016e-20	8.212506824e-18	0.816101367	-0.5920318943	0.01	0.155027692	0.01	0.08924313972	0.01	0.08420577929	0.01	0.1315981577	0.01	0.1301895927	0.01	0.08260986052
11.14	9.153321164e-21	1.831750827e-18	0.8101816191	-0.5916114672	0.01	0.1548998427	0.01	0.08911080019	0.01	0.08407379189	0.01	0.1317886296	0.01	0.1303958488	0.01	0.08268656357
11.15	5.32653606e-20	5.504905001e-18	0.804266314	-0.5911423799	0.01	0.1547718917	0.01	0.08897836392	0.01	0.08394170968	0.01	0.1319780613	0.01	0.1306010288	0.01	0.08276260933
11.16	-2.02712636e-20	6.729943269e-21	0.7983561271	-0.5905871814	0.01	0.1546438547	0.01	0.08884584643	0.01	0.08380954838	0.01	0.1321664343	0.01	0.1308051132	0.01	0.08283799011
11.17	2.403623107e-20	3.698212682e-18	0.7924521094	-0.5899082256	0.01	0.1545157558	0.01	0.08871327177	0.01	0.08367733222	0.01	0.1323537185	0.01	0.1310080702	0.01	0.08291269378
11.18	-7.4198421e-21	-1.856812863e-18	0.7865556806	-0.5890694368	0.01	0.1543876273	0.01	0.08858067247	0.01	0.08354509388	0.01	0.1325398727	0.01	0.1312098561	0.01	0.08298670402
11.19	-5.566681641e-21	2.800110041e-18	0.7806686085	-0.5880331675	0.01	0.1542595089	0.01	0.08844808916	0.01	0.08341287411	0.01	0.1327248454	0.01	0.131410416	0.01	0.08306000439
11.2	6.243048984e-24	2.807607453e-18	0.7747935744	-0.5866312663	0.01	0.1541314574	0.01	0.08831557788	0.01	0.08328072938	0.01	0.1329085656	0.01	0.1316096757	0.01	0.0831328864
11.21	0	0	0.7689348197	-0.5847792594	0.01	0.1540035644	0.01	0.08818323031	0.01	0.08314875208	0.01	0.1330909152	0.01	0.1318075134	0.01	0.08320563057
11.22	0	0	0.7630968299	-0.5824809728	0.01	0.1538759312	0.01	0.08805115104	0.01	0.08301704668	0.01	0.1332717609	0.01	0.1320037866	0.01	0.08327819998
11.23	0	0	0.7572839818	-0.5797432304	0.01	0.1537486576	0.01	0.08791944381	0.01	0.08288571657	0.01	0.133450974	0.01	0.1321967243	0.01	0.08335054049
11.24	0	0	0.7515013372	-0.5764006537	0.01	0.1536218539	0.01	0.08778822082	0.01	0.08275487414	0.01	0.1336284181	0.01	0.1323827797	0.01	0.08342259301
11.25	0	0	0.7457554474	-0.5723926852	0.01	0.1534956648	0.01	0.08765762891	0.01	0.0826246667	0.01	0.1338039143	0.01	0.1325661261	0.01	0.08349427954
11.26	0	0	0.7400525745	-0.5678025876	0.01	0.1533702349	0.01	0.08752781896	0.01	0.08249524453	0.01	0.1339772824	0.01	0.1327472275	0.01	0.08356551985
11.27	0	0	0.7343979498	-0.5627485736	0.01	0.1532456885	0.01	0.08739892194	0.01	0.08236673763	0.01	0.1341483728	0.01	0.1329259803	0.01	0.08363624457
11.28	0	0	0.7287955284	-0.5573670105	0.01	0.1531221226	0.01	0.08727104152	0.01	0.08223924859	0.01	0.134317076	0.01	0.133102269	0.01	0.08370639926
11.29	0	0	0.7232478479	-0.5518048022	0.01	0.1529996042	0.01	0.08714425008	0.01	0.08211284869	0.01	0.1344833257	0.01	0.1332760189	0.01	0.08377594648
11.3	0	0	0.7177559597	-0.5462121773	0.01	0.1528781678	0.01	0.08701858655	0.01	0.08198757581	0.01	0.1346471014	0.01	0.1334472013	0.01	0.083844867
11.31	0	0	0.7123194319	-0.5407354385	0.01	0.152757815	0.01	0.08689405588	0.01	0.08186343392	0.01	0.1348084266	0.01	0.1336158338	0.01	0.08391316002
11.32	0	0	0.7069364239	-0.5355099614	0.01	0.1526385161	0.01	0.08677063011	0.01	0.08174039424	0.01	0.134967367	0.01	0.1337819779	0.01	0.08398084262
11.33	0	0	0.7016038282	-0.5306537812	0.01	0.1525202123	0.01	0.08664825111	0.01	0.08161839794	0.01	0.1351240253	0.01	0.1339457343	0.01	0.08404794829
11.34	0	0	0.6963174713	-0.5262620763	0.01	0.1524028205	0.01	0.08652683463	0.01	0.08149736032	0.01	0.1352785352	0.01	0.1341072368	0.01	0.08411452467
11.35	0	0	0.6910723646	-0.5224028145	0.01	0.1522862376	0.01	0.08640627575	0.01	0.08137717618	0.01	0.1354310539	0.01	0.1342666447	0.01	0.08418063067
11.36	0	0	0.6858629915	-0.5191137609	0.01	0.1521703476	0.01	0.08628645509	0.01	0.08125772611	0.01	0.1355817531	0.01	0.1344241338	0.01	0.08424633308
11.37	0	0	0.6806836173	-0.5164009787	0.01	0.1520550278	0.01	0.08616724586	0.01	0.0811388835	0.01	0.1357308104	0.01	0.1345798878	0.01	0.08431170276
11.38	0	0	0.6755286059	-0.5142388765	0.01	0.1519401559	0.01	0.08604852105	0.01	0.08102052175	0.01	0.1358784	0.01	0.1347340879	0.01	0.08437681075
11.39	0	0	0.6703927287	-0.5125717768	0.01	0.151825617	0.01	0.08593016071	0.01	0.08090252148	0.01	0.1360246838	0.01	0.1348869045	0.01	0.08444172426
11.4	0	0	0.6652714505	-0.5113169106	0.01	0.1517113102	0.01	0.08581205869	0.01	0.08078477728	0.01	0.1361698033	0.01	0.1350384879	0.01	0.08450650305
11.41	-6.996494785e-21	-2.498791059e-18	0.6601611791	-0.5103686715	0.01	0.1515971542	0.01	0.08569412877	0.01	0.0806672038	0.01	0.1363138728	0.01	0.1351889614	0.01	0.08457119603
11.42	0	0	0.6550594671	-0.5096039103	0.01	0.1514830922	0.01	0.08557630975	0.01	0.08054974072	0.01	0.1364569739	0.01	0.1353384152	0.01	0.08463583848
11.43	9.042941801e-21	1.506855522e-18	0.6499651568	-0.5088880042	0.01	0.1513690955	0.01	0.08545856922	0.01	0.08043235658	0.01	0.1365991514	0.01	0.1354869021	0.01	0.08470044993
11.44	5.930092373e-32	9.883487289e-30	0.6448784623	-0.5080814048	0.01	0.1512551655	0.01	0.08534090604	0.01	0.08031505113	0.01	0.1367404122	0.01	0.1356344353	0.01	0.08476503282
11.45	-6.0642373e-21	-2.529233396e-18	0.6398009843	-0.5070463536	0.01	0.1511413349	0.01	0.08522335117	0.01	0.08019785614	0.01	0.1368807242	0.01	0.1357809879	0.01	0.08482957198
11.46	1.013325427e-20	3.043301459e-18	0.63473566	-0.5056534463	0.01	0.1510276665	0.01	0.08510596706	0.01	0.08008083474	0.01	0.1370200193	0.01	0.1359264947	0.01	0.08489403493
11.47	-1.829909859e-20	-3.049950507e-18	0.629686648	-0.5037877441	0.01	0.1509142511	0.01	0.08498884543	0.01	0.07996407917	0.01	0.137158196	0.01	0.1360708556	0.01	0.08495837307
11.48	0	0	0.6246591572	-0.5013541492	0.01	0.150801204	0.01	0.08487210372	0.01	0.07984770724	0.01	0.1372951254	0.01	0.1362139409	0.01	0.08502252357
11.49	1.431334535e-20	2.044763622e-18	0.6196592256	-0.4982818003	0.01	0.1506886606	0.01	0.08475588034	0.01	0.07973185744	0.01	0.1374306572	0.01	0.1363555975	0.01	0.08508641196
11.5	1.435539173e-20	2.050770248e-18	0.614693462	-0.4945272875	0.01	0.1505767701	0.01	0.08464032886	0.01	0.07961668327	0.01	0.1375646273	0.01	0.1364956567	0.01	0.08514995531
11.51	-2.051380395e-21	5.962204901e-22	0.6097687618	-0.4900765439	0.01	0.1504656901	0.01	0.08452561157	0.01	0.07950234671	0.01	0.1376968653	0.01	0.1366339421	0.01	0.08521306567
11.52	-1.443878962e-20	-2.062684231e-18	0.6048920111	-0.4849453316	0.01	0.1503555793	0.01	0.08441189265	0.01	0.07938901144	0.01	0.1378272029	0.01	0.1367702783	0.01	0.08527565383
11.53	-1.034580684e-21	5.184573037e-19	0.6000697926	-0.479178305	0.01	0.1502465911	0.01	0.08429933127	0.01	0.07927683592	0.01	0.1379554814	0.01	0.1369044983	0.01	0.08533763309
11.54	5.186296173e-21	1.557392048e-18	0.5953081088	-0.472846702	0.01	0.1501388673	0.01	0.08418807497	0.01	0.07916596685	0.01	0.1380815591	0.01	0.1370364518	0.01	0.08539892287
11.55	2.083595723e-21	2.083595723e-18	0.5906121333	-0.4660447815	0.01	0.1500325325	0.01	0.08407825362	0.01	0.07905653315	0.01	0.1382053174	0.01	0.1371660112	0.01	0.08545945202
11.56	-1.981597275e-20	-3.129358902e-18	0.5859860043	-0.4588851813	0.01	0.1499276886	0.01	0.08396997431	0.01	0.07894864084	0.01	0.1383266656	0.01	0.1372930776	0.01	0.08551916164
11.57	-3.131359868e-21	8.362675383e-22	0.5814326685	-0.4514934286	0.01	0.1498244116	0.01	0.08386331725	0.01	0.0788423691	0.01	0.1384455451	0.01	0.1374175842	0.01	0.08557800733
11.58	0	0	0.576953782	-0.4440018716	0.01	0.1497227487	0.01	0.08375833313	0.01	0.07873776753	0.01	0.1385619309	0.01	0.1375394989	0.01	0.08563596069
11.59	-2.103540013e-20	-4.733638959e-18	0.5725496748	-0.4365433327	0.01	0.1496227173	0.01	0.08365504174	0.01	0.07863485495	0.01	0.1386758324	0.01	0.1376588253	0.01	0.08569301015
11.6	-1.896083298e-20	-2.634641535e-18	0.5682193773	-0.4292447944	0.01	0.1495243052	0.01	0.08355343219	0.01	0.07853361956	0.01	0.1387872924	0.01	0.1377756014	0.01	0.08574916083
11.61	-1.479172816e-20	-2.113104022e-18	0.5639607089	-0.4222214261	0.01	0.1494274721	0.01	0.08345346451	0.01	0.07843402066	0.01	0.1388963839	0.01	0.1378898975	0.01	0.08580442505
11.62	1.059665338e-20	2.119330675e-18	0.5597705732	-0.4155222943	0.01	0.1493321549	0.01	0.08335507441	0.01	0.07833599349	0.01	0.1390032052	0.01	0.1380018108	0.01	0.08585810364
11.63	-5.304728529e-21	-1.06221178e-18	0.5556458154	-0.4091447627	0.01	0.1492382853	0.01	0.08325819123	0.01	0.07823946751	0.01	0.1391078596	0.01	0.1381114477	0.01	0.08591078611
11.64	3.193929054e-21	2.131200777e-18	0.5515829664	-0.4031429327	0.01	0.1491457904	0.01	0.08316273972	0.01	0.0781443674	0.01	0.1392104531	0.01	0.1382189174	0.01	0.08596270871
11.65	-2.134908303e-21	-5.337270758e-19	0.5475780606	-0.397558066	0.01	0.1490545853	0.01	0.08306863276	0.01	0.07805060595	0.01	0.1393111023	0.01	0.1383243388	0.01	0.08601392504
11.66	-8.550402473e-21	-1.604354046e-18	0.5436268331	-0.3924087275	0.01	0.1489645775	0.01	0.08297577471	0.01	0.07795808757	0.01	0.1394099306	0.01	0.1384278388	0.01	0.08606448683
11.67	8.569798634e-21	1.071345222e-18	0.5397249518	-0.3876899137	0.01	0.1488756712	0.01	0.08288406666	0.01	0.07786671356	0.01	0.1395070627	0.01	0.1385295465	0.01	0.08611444756
11.68	0	0	0.5358682506	-0.3833736166	0.01	0.1487877733	0.01	0.08279341192	0.01	0.07777638761	0.01	0.1396026187	0.01	0.1386295878	0.01	0.08616385967
11.69	0	0	0.5320529509	-0.3794105015	0.01	0.1487007983	0.01	0.08270372129	0.01	0.07768702103	0.01	0.1396967091	0.01	0.1387280792	0.01	0.08621277172
11.7	-1.509408229e-20	-1.617206451e-18	0.5282758617	-0.3757325889	0.01	0.1486146728	0.01	0.08261491797	0.01	0.07759853763	0.01	0.1397894294	0.01	0.1388251231	0.01	0.08626122571
11.71	0	0	0.5245345479	-0.3722567989	0.01	0.1485293398	0.01	0.08252694171	0.01	0.07751087785	0.01	0.1398808565	0.01	0.1389208033	0.01	0.08630925477
11.72	5.417610072e-21	-1.137908366e-21	0.5208274606	-0.3688891731	0.01	0.1484447616	0.01	0.08243975217	0.01	0.07742400207	0.01	0.1399710457	0.01	0.1390151817	0.01	0.08635688128
11.73	4.341359528e-21	5.42669941e-19	0.517154022	-0.3655295661	0.01	0.148360922	0.01	0.08235333121	0.01	0.07733789286	0.01	0.1400600284	0.01	0.139108296	0.01	0.08640411557
11.74	-1.957265611e-20	-2.174739568e-18	0.5135146622	-0.3620765764	0.01	0.1482778278	0.01	0.08226768413	0.01	0.07725255618	0.01	0.1401478118	0.01	0.1392001587	0.01	0.08645095519
11.75	2.182752125e-21	2.182752125e-18	0.5099108077	-0.3584324801	0.01	0.1481955082	0.01	0.08218283973	0.01	0.0771680214	0.01	0.1402343791	0.01	0.1392907572	0.01	0.08649738479
11.76	0	0	0.5063448203	-0.3545079369	0.01	0.1481140142	0.01	0.08209884916	0.01	0.07708434014	0.01	0.1403196911	0.01	0.1393800557	0.01	0.08654337673
11.77	7.653899622e-21	5.464588044e-19	0.5028198917	-0.350226247	0.01	0.1480334161	0.01	0.08201578377	0.01	0.07700158408	0.01	0.1404036891	0.01	0.1394679972	0.01	0.08658889214
11.78	0	0	0.4993398995	-0.3455269662	0.01	0.1479538007	0.01	0.08193373198	0.01	0.07691984179	0.01	0.1404862982	0.01	0.1395545072	0.01	0.08663388265
11.79	3.291722062e-21	-6.328863611e-22	0.4959092298	-0.3403687128	0.01	0.147875267	0.01	0.08185279526	0.01	0.07683921477	0.01	0.1405674317	0.01	0.1396394983	0.01	0.0866782925
11.8	0	0	0.4925325773	-0.3347310437	0.01	0.1477979222	0.01	0.08177308364	0.01	0.07675981285	0.01	0.140646996	0.01	0.1397228746	0.01	0.08672206101
11.81	0	0	0.4892147314	-0.3286153177	0.01	0.1477218769	0.01	0.08169471067	0.01	0.07668174927	0.01	0.1407248953	0.01	0.1398045371	0.01	0.08676512528
11.82	5.52464439e-21	5.521464147e-19	0.4859603593	-0.3220445132	0.01	0.1476472395	0.01	0.0816177884	0.01	0.07660513558	0.01	0.1408010369	0.01	0.1398843888	0.01	0.086807423
11.83	5.531381093e-21	5.531381093e-19	0.4827737953	-0.3150620173	0.01	0.1475741124	0.01	0.08154242232	0.01	0.07653007667	0.01	0.1408753357	0.01	0.13996234	0.01	0.08684889516
11.84	2.892310232e-32	-5.550619611e-19	0.4796588479	-0.3077294517	0.01	0.1475025866	0.01	0.08146870669	0.01	0.07645666609	0.01	0.1409477188	0.01	0.1400383122	0.01	0.08688948864
11.85	0	0	0.4766186326	-0.3001236458	0.01	0.1474327382	0.01	0.08139672051	0.01	0.07638498203	0.01	0.141018129	0.01	0.1401122427	0.01	0.0869291585
11.86	0	-5.568910375e-19	0.4736554385	-0.2923329095	0.01	0.147364625	0.01	0.08132652405	0.01	0.07631508396	0.01	0.1410865277	0.01	0.1401840874	0.01	0.08696786984
11.87	-1.115537553e-21	-1.673132594e-18	0.4707706345	-0.2844527909	0.01	0.1472982843	0.01	0.08125815649	0.01	0.07624701022	0.01	0.141152897	0.01	0.1402538232	0.01	0.08700559922
11.88	-5.577685146e-21	-5.577685146e-19	0.4679646201	-0.2765815288	0.01	0.1472337316	0.01	0.08119163439	0.01	0.07618077659	0.01	0.1412172405	0.01	0.1403214488	0.01	0.08704233548
11.89	0	0	0.465236822	-0.2688154233	0.01	0.1471709599	0.01	0.08112695138	0.01	0.07611637597	0.01	0.1412795832	0.01	0.1403869856	0.01	0.08707808004
11.9	0	0	0.4625857353	-0.261244351	0.01	0.1471099406	0.01	0.08106407881	0.01	0.07605377909	0.01	0.1413399708	0.01	0.140450476	0.01	0.08711284656
11.91	6.729611907e-21	2.243203969e-18	0.4600090094	-0.2539476429	0.01	0.1470506256	0.01	0.08100296747	0.01	0.07599293625	0.01	0.1413984676	0.01	0.1405119823	0.01	0.08714666007
11.92	1.122828284e-20	2.245656568e-18	0.457503571	-0.2469905215	0.01	0.1469929492	0.01	0.08094355029	0.01	0.07593378002	0.01	0.1414551536	0.01	0.1405715838	0.01	0.08717955557
11.93	0	0	0.4550657793	-0.2404212656	0.01	0.1469368321	0.01	0.08088574572	0.01	0.07587622869	0.01	0.1415101213	0.01	0.1406293734	0.01	0.0872115762
11.94	0	0	0.4526916061	-0.2342692306	0.01	0.1468821848	0.01	0.08082946189	0.01	0.07582019034	0.01	0.1415634717	0.01	0.1406854538	0.01	0.08724277104
11.95	0	0	0.4503768299	-0.2285438109	0.01	0.1468289125	0.01	0.08077460102	0.01	0.07576556735	0.01	0.14161531	0.01	0.1407399329	0.01	0.08727319268
11.96	0	0	0.4481172362	-0.2232343783	0.01	0.1467769194	0.01	0.08072106413	0.01	0.07571226104	0.01	0.1416657413	0.01	0.1407929199	0.01	0.08730289465
11.97	0	0	0.4459088128	-0.2183111871	0.01	0.1467261131	0.01	0.08066875567	0.01	0.07566017631	0.01	0.1417148666	0.01	0.1408445204	0.01	0.0873319289
11.98	0	0	0.4437479326	-0.2137271843	0.01	0.1466764091	0.01	0.08061758795	0.01	0.075609226	0.01	0.1417627781	0.01	0.1408948323	0.01	0.08736034331
11.99	0	0	0.4416315131	-0.2094206241	0.01	0.1466277343	0.01	0.080567485	0.01	0.07555933478	0.01	0.1418095566	0.01	0.1409439425	0.01	0.08738817953
12	-2.266766309e-21	-2.833457886e-19	0.439557147	-0.2053183478	0.01	0.1465800302	0.01	0.08051838589	0.01	0.0755104424	0.01	0.141855268	0.01	0.140991923	0.01	0.08741547111
12.01	0	0	0.4375231976	-0.2013395601	0.01	0.1465332558	0.01	0.08047024718	0.01	0.07546250613	0.01	0.1418999614	0.01	0.1410388293	0.01	0.08744224208
12.02	0	0	0.435528854	-0.1973999167	0.01	0.1464873881	0.01	0.08042304456	0.01	0.07541550231	0.01	0.1419436678	0.01	0.1410846983	0.01	0.087468506
12.03	0	0	0.4335741463	-0.1934157213	0.01	0.1464424238	0.01	0.08037677337	0.01	0.07536942694	0.01	0.1419863998	0.01	0.141129548	0.01	0.08749426557
12.04	0	0	0.4316599178	-0.1893080351	0.01	0.1463983779	0.01	0.08033144833	0.01	0.07532429525	0.01	0.1420281522	0.01	0.1411733774	0.01	0.08751951275
12.05	5.698236304e-21	1.139647261e-18	0.4297877582	-0.1850065043	0.01	0.146355283	0.01	0.08028710216	0.01	0.0752801404	0.01	0.1420689029	0.01	0.1412161684	0.01	0.08754422944
12.06	0	0	0.4279599011	-0.1804527303	0.01	0.1463131871	0.01	0.08024378341	0.01	0.07523701124	0.01	0.1421086156	0.01	0.141257887	0.01	0.08756838863
12.07	0	0	0.4261790899	-0.1756030308	0.01	0.1462721504	0.01	0.08020155351	0.01	0.07519496935	0.01	0.1421472425	0.01	0.1412984867	0.01	0.08759195602
12.08	0	0	0.4244484211	-0.1704304676	0.01	0.1462322421	0.01	0.08016048323	0.01	0.07515408551	0.01	0.1421847272	0.01	0.1413379113	0.01	0.08761489195
12.09	0	0	0.42277117	-0.1649260561	0.01	0.1461935366	0.01	0.08012064866	0.01	0.07511443566	0.01	0.1422210088	0.01	0.1413760991	0.01	0.08763715357
12.1	0	0	0.4211506097	-0.1590991076	0.01	0.146156109	0.01	0.080082127	0.01	0.07507609673	0.01	0.1422560255	0.01	0.1414129863	0.01	0.08765869719
12.11	0	0	0.4195898308	-0.1529766973	0.01	0.1461200313	0.01	0.08004499234	0.01	0.07503914238	0.01	0.1422897185	0.01	0.1414485111	0.01	0.08767948067
12.12	0	0	0.4180915703	-0.146602293	0.01	0.1460853684	0.01	0.08000931152	0.01	0.07500363896	0.01	0.1423220355	0.01	0.1414826177	0.01	0.08769946565
12.13	0	0	0.4166580587	-0.1400336172	0.01	0.1460521744	0.01	0.07997514046	0.01	0.07496964178	0.01	0.1423529336	0.01	0.1415152593	0.01	0.08771861965
12.14	0	0	0.4152908912	-0.1333398543	0.01	0.1460204896	0.01	0.07994252094	0.01	0.07493719201	0.01	0.1423823828	0.01	0.1415464013	0.01	0.08773691791
12.15	-1.321155169e-20	-1.436039927e-18	0.4139909296	-0.1265983429	0.01	0.1459903381	0.01	0.07991147814	0.01	0.07490631414	0.01	0.1424103674	0.01	0.1415760235	0.01	0.08775434474
12.16	2.874418877e-21	5.749488684e-19	0.4127582396	-0.1198909185	0.01	0.1459617261	0.01	0.0798820189	0.01	0.07487701437	0.01	0.1424368875	0.01	0.1416041219	0.01	0.0877708946
12.17	1.150873043e-21	1.150873043e-18	0.4115920645	-0.1133000883	0.01	0.145934641	0.01	0.07985413087	0.01	0.07484927975	0.01	0.1424619601	0.01	0.1416307093	0.01	0.08778657254
12.18	0	0	0.4104908381	-0.1069052256	0.01	0.1459090518	0.01	0.07982778257	0.01	0.07482307827	0.01	0.1424856184	0.01	0.1416558156	0.01	0.08780139431
12.19	0	0	0.4094522338	-0.1007789694	0.01	0.1458849096	0.01	0.07980292429	0.01	0.0747983598	0.01	0.1425079113	0.01	0.1416794869	0.01	0.08781538585
12.2	5.763261922e-22	2.881630961e-19	0.4084732486	-0.09498400265	0.01	0.1458621497	0.01	0.07977948985	0.01	0.07477505783	0.01	0.1425289018	0.01	0.1417017846	0.01	0.08782858242
12.21	0	0	0.4075503159	-0.0895703609	0.01	0.1458406936	0.01	0.07975739903	0.01	0.07475309198	0.01	0.1425486649	0.01	0.1417227826	0.01	0.08784102728
12.22	-1.153611383e-21	-2.884028456e-19	0.4066794428	-0.08457339565	0.01	0.1458204526	0.01	0.07973656066	0.01	0.07473237103	0.01	0.1425672847	0.01	0.1417425654	0.01	0.08785277002
12.23	0	0	0.4058563628	-0.08001248083	0.01	0.1458013304	0.01	0.07971687608	0.01	0.07471279645	0.01	0.1425848516	0.01	0.1417612246	0.01	0.08786386469
12.24	0	0	0.4050766988	-0.07589051323	0.01	0.1457832275	0.01	0.07969824293	0.01	0.07469426613	0.01	0.1426014591	0.01	0.1417788562	0.01	0.0878743677
12.25	0	0	0.4043361262	-0.07219421671	0.01	0.1457660445	0.01	0.07968055896	0.01	0.07467667821	0.01	0.1426172002	0.01	0.1417955568	0.01	0.08788433572
12.26	-1.733014116e-21	-2.88835686e-19	0.4036305292	-0.06889522027	0.01	0.1457496858	0.01	0.07966372576	0.01	0.07465993477	0.01	0.1426321647	0.01	0.1418114201	0.01	0.08789382358
12.27	0	0	0.4029561431	-0.0659518425	0.01	0.1457340631	0.01	0.07964765222	0.01	0.07464394529	0.01	0.1426464355	0.01	0.1418265344	0.01	0.08790288234
12.28	1.734196287e-21	2.890327145e-19	0.4023096752	-0.06331148248	0.01	0.1457190983	0.01	0.07963225751	0.01	0.0746286296	0.01	0.1426600868	0.01	0.1418409792	0.01	0.08791155757
12.29	2.890885872e-21	2.890885872e-19	0.4016883993	-0.06091348978	0.01	0.1457047254	0.01	0.07961747353	0.01	0.07461392025	0.01	0.1426731813	0.01	0.1418548232	0.01	0.08791988795
12.3	0	0	0.4010902209	-0.05869236662	0.01	0.1456908928	0.01	0.07960324656	0.01	0.07459976423	0.01	0.142685769	0.01	0.1418681221	0.01	0.08792790428
12.31	0	2.893491403e-19	0.4005137079	-0.05658114314	0.01	0.1456775638	0.01	0.07958953834	0.01	0.07458612392	0.01	0.1426978864	0.01	0.1418809183	0.01	0.0879356288
12.32	3.47286986e-21	1.157623287e-18	0.3999580886	-0.05451476195	0.01	0.1456647168	0.01	0.07957632615	0.01	0.07457297721	0.01	0.1427095561	0.01	0.1418932395	0.01	0.0879430751
12.33	0	0	0.3994232165	-0.05243331198	0.01	0.1456523447	0.01	0.07956360227	0.01	0.0745603169	0.01	0.1427207874	0.01	0.1419050998	0.01	0.08795024835
12.34	-1.042252918e-20	-1.158058797e-18	0.3989095034	-0.05028496172	0.01	0.145640454	0.01	0.0795513726	0.01	0.07454814929	0.01	0.1427315776	0.01	0.1419165002	0.01	0.08795714601
12.35	0	0	0.3984178267	-0.04802845931	0.01	0.1456290618	0.01	0.07953965465	0.01	0.07453649222	0.01	0.1427419134	0.01	0.1419274306	0.01	0.08796375892
12.36	0	0	0.3979494131	-0.04563508934	0.01	0.1456181945	0.01	0.07952847498	0.01	0.07452537242	0.01	0.1427517736	0.01	0.1419378713	0.01	0.08797007267
12.37	0	0	0.3975057069	-0.04309000345	0.01	0.1456078839	0.01	0.07951786618	0.01	0.07451482255	0.01	0.1427611313	0.01	0.1419477965	0.01	0.08797606929
12.38	0	0	0.3970882276	-0.04039287219	0.01	0.1455981646	0.01	0.07950786362	0.01	0.07450487789	0.01	0.1427699567	0.01	0.1419571764	0.01	0.08798172901
12.39	0	0	0.3966984254	-0.03755783809	0.01	0.1455890703	0.01	0.07949850201	0.01	0.074495573	0.01	0.1427782204	0.01	0.1419659805	0.01	0.08798703223
12.4	0	0	0.3963375394	-0.03461278295	0.01	0.1455806308	0.01	0.0794898121	0.01	0.07448693834	0.01	0.1427858962	0.01	0.1419741807	0.01	0.0879919613
12.41	0	0	0.3960064676	-0.03159795454	0.01	0.145572869	0.01	0.0794818175	0.01	0.07447899717	0.01	0.1427929636	0.01	0.1419817541	0.01	0.0879965024
12.42	0	0	0.395705653	-0.02856402768	0.01	0.1455657977	0.01	0.07947453189	0.01	0.07447176278	0.01	0.1427994105	0.01	0.1419886855	0.01	0.08800064704
12.43	0	0	0.395434991	-0.0255697013	0.01	0.1455594182	0.01	0.07946795674	0.01	0.07446523617	0.01	0.142805235	0.01	0.1419949698	0.01	0.08800439342
12.44	0	0	0.3951937629	-0.02267895359	0.01	0.1455537176	0.01	0.07946207948	0.01	0.07445940436	0.01	0.1428104473	0.01	0.1420006138	0.01	0.08800774747
12.45	1.160548551e-21	2.901371377e-19	0.3949805986	-0.01995809323	0.01	0.1455486686	0.01	0.07945687251	0.01	0.0744542393	0.01	0.1428150702	0.01	0.1420056372	0.01	0.08801072346
12.46	0	0	0.3947934677	-0.01747275218	0.01	0.1455442288	0.01	0.07945229272	0.01	0.07444969753	0.01	0.1428191401	0.01	0.1420100732	0.01	0.08801334431
12.47	0	0	0.3946297015	-0.01528496684	0.01	0.145540341	0.01	0.07944828182	0.01	0.07444572045	0.01	0.1428227062	0.01	0.1420139688	0.01	0.08801564148
12.48	0	0	0.3944860421	-0.01345048755	0.01	0.1455369341	0.01	0.07944476732	0.01	0.07444223534	0.01	0.1428258304	0.01	0.142017384	0.01	0.08801765448
12.49	5.804701364e-22	2.902350682e-19	0.3943587174	-0.0120164429	0.01	0.1455339247	0.01	0.07944166405	0.01	0.07443915696	0.01	0.1428285853	0.01	0.1420203907	0.01	0.08801943005
12.5	0	0	0.3942435368	-0.01101946525	0.01	0.1455312194	0.01	0.07943887634	0.01	0.07443638961	0.01	0.1428310532	0.01	0.142023071	0.01	0.08802102099
12.51	1.161126451e-21	8.708060201e-19	0.3941360026	-0.01048435902	0.01	0.145528717	0.01	0.07943630046	0.01	0.07443382972	0.01	0.1428333235	0.01	0.1420255153	0.01	0.08802248488
12.52	0	0	0.3940314407	-0.01042172567	0.01	0.1455263113	0.01	0.0794338276	0.01	0.07443136869	0.01	0.1428354903	0.01	0.1420278199	0.01	0.08802388242
12.53	3.483556325e-21	1.161185442e-18	0.3939251758	-0.01082132124	0.01	0.1455238949	0.01	0.07943134753	0.01	0.07442889673	0.01	0.1428376496	0.01	0.1420300839	0.01	0.08802527543
12.54	0	0	0.3938127441	-0.01165129476	0.01	0.1455213642	0.01	0.0794287535	0.01	0.07442630763	0.01	0.1428398949	0.01	0.1420324051	0.01	0.08802672422
12.55	0	0	0.3936900995	-0.01286011114	0.01	0.1455186235	0.01	0.07942594713	0.01	0.0744235037	0.01	0.1428423128	0.01	0.1420348761	0.01	0.08802828482
12.56	1.161385461e-21	2.903463653e-19	0.3935537966	-0.01437937739	0.01	0.1455155902	0.01	0.07942284291	0.01	0.07442040023	0.01	0.1428449796	0.01	0.1420375795	0.01	0.08803000643
12.57	0	0	0.3934011412	-0.01612740415	0.01	0.1455121976	0.01	0.07941937199	0.01	0.07441692922	0.01	0.1428479573	0.01	0.1420405848	0.01	0.08803192916
12.58	0	0	0.3932303027	-0.01801331532	0.01	0.1455083985	0.01	0.07941548507	0.01	0.07441304226	0.01	0.142851291	0.01	0.1420439446	0.01	0.08803408236
12.59	0	0	0.3930403834	-0.01994149992	0.01	0.1455041667	0.01	0.07941115442	0.01	0.07440871246	0.01	0.1428550074	0.01	0.1420476931	0.01	0.08803648339
12.6	0	0	0.3928314432	-0.02181619168	0.01	0.1454994975	0.01	0.0794063747	0.01	0.07440393528	0.01	0.1428591135	0.01	0.1420518444	0.01	0.08803913704
12.61	-5.809488306e-21	-1.161897661e-18	0.3926044779	-0.0235459617	0.01	0.1454944083	0.01	0.07940116283	0.01	0.07439872833	0.01	0.1428635971	0.01	0.1420563921	0.01	0.08804203552
12.62	0	0	0.3923613551	-0.02504791979	0.01	0.1454889366	0.01	0.07939555677	0.01	0.07439313012	0.01	0.142868427	0.01	0.1420613104	0.01	0.08804515907
12.63	1.162191706e-21	2.905479266e-19	0.3921047098	-0.02625143751	0.01	0.1454831382	0.01	0.0793896133	0.01	0.07438719785	0.01	0.1428735557	0.01	0.1420665553	0.01	0.08804847713
12.64	1.04604e-20	1.162266666e-18	0.3918378065	-0.0271012316	0.01	0.1454770844	0.01	0.07938340503	0.01	0.07438100435	0.01	0.1428789213	0.01	0.1420720673	0.01	0.08805194999
12.65	0	0	0.3915643735	-0.02755967787	0.01	0.145470858	0.01	0.07937701665	0.01	0.0743746344	0.01	0.1428844514	0.01	0.1420777746	0.01	0.08805553082
12.66	1.162657162e-21	2.906642904e-19	0.3912884192	-0.02760826195	0.01	0.1454645493	0.01	0.07937054075	0.01	0.07436818044	0.01	0.1428900661	0.01	0.1420835963	0.01	0.08805916805
12.67	0	0	0.3910140386	-0.0272481137	0.01	0.1454582518	0.01	0.07936407329	0.01	0.07436173817	0.01	0.1428956822	0.01	0.1420894473	0.01	0.0880628079
12.68	0	0	0.390745218	-0.0264996138	0.01	0.1454520577	0.01	0.07935770901	0.01	0.07435540191	0.01	0.1429012173	0.01	0.1420952416	0.01	0.08806639692
12.69	0	0	0.3904856495	-0.02540110381	0.01	0.1454460535	0.01	0.07935153702	0.01	0.07434926018	0.01	0.1429065936	0.01	0.1421008967	0.01	0.08806988454
12.7	0	0	0.3902385618	-0.02400677221	0.01	0.1454403162	0.01	0.07934563666	0.01	0.07434339168	0.01	0.1429117415	0.01	0.1421063376	0.01	0.0880732254
12.71	0	0	0.3900065757	-0.02238382638	0.01	0.1454349096	0.01	0.07934007393	0.01	0.07433786169	0.01	0.1429166024	0.01	0.1421114999	0.01	0.08807638137
12.72	2.326963594e-21	2.908704492e-19	0.3897915913	-0.02060909387	0.01	0.1454298817	0.01	0.07933489865	0.01	0.07433271928	0.01	0.1429211318	0.01	0.1421163326	0.01	0.08807932322
12.73	0	0	0.3895947107	-0.01876522185	0.01	0.1454252627	0.01	0.07933014238	0.01	0.07432799523	0.01	0.1429253006	0.01	0.1421208004	0.01	0.08808203184
12.74	-1.745602042e-21	-2.909336737e-19	0.3894162001	-0.01693666173	0.01	0.1454210637	0.01	0.07932581722	0.01	0.07432370096	0.01	0.1429290964	0.01	0.1421248851	0.01	0.08808449894
12.75	1.745749305e-21	2.909582176e-19	0.3892554919	-0.01520563441	0.01	0.1454172769	0.01	0.07932191565	0.01	0.0743198283	0.01	0.1429325238	0.01	0.1421285856	0.01	0.08808672724
12.76	0	0	0.3891112268	-0.0136482706	0.01	0.1454138758	0.01	0.0793184112	0.01	0.07431635023	0.01	0.1429356037	0.01	0.1421319183	0.01	0.08808873018
12.77	0	0	0.3889813319	-0.01233110907	0.01	0.1454108173	0.01	0.07931526002	0.01	0.07431322249	0.01	0.1429383721	0.01	0.1421349155	0.01	0.08809053104
12.78	0	0	0.3888631322	-0.011308116	0.01	0.1454080437	0.01	0.07931240332	0.01	0.07431038602	0.01	0.1429408784	0.01	0.1421376238	0.01	0.08809216172
12.79	0	0	0.3887534877	-0.01061835957	0.01	0.1454054857	0.01	0.07930977036	0.01	0.07430776996	0.01	0.1429431824	0.01	0.1421401017	0.01	0.08809366105
12.8	-1.164210718e-21	-2.910526795e-19	0.3886489506	-0.01028443945	0.01	0.1454030661	0.01	0.07930728206	0.01	0.07430529526	0.01	0.1429453514	0.01	0.1421424166	0.01	0.08809507287
12.81	0	0	0.3885459339	-0.01031173136	0.01	0.1454007033	0.01	0.07930485486	0.01	0.07430287854	0.01	0.1429474573	0.01	0.1421446415	0.01	0.08809644386
12.82	2.328610579e-21	2.910763224e-19	0.3884408831	-0.01068846563	0.01	0.1453983156	0.01	0.07930240472	0.01	0.07430043611	0.01	0.1429495727	0.01	0.1421468515	0.01	0.08809782129
12.83	0	0	0.3883304433	-0.01138661759	0.01	0.1453958248	0.01	0.07929985114	0.01	0.07429788792	0.01	0.1429517676	0.01	0.1421491202	0.01	0.08809925078
12.84	0	0	0.3882116139	-0.01236354884	0.01	0.1453931596	0.01	0.07929712089	0.01	0.07429516129	0.01	0.1429541064	0.01	0.1421515164	0.01	0.08810077422
12.85	-1.048042766e-20	-1.164491962e-18	0.3880818827	-0.01356430433	0.01	0.1453902595	0.01	0.07929415127	0.01	0.07429219414	0.01	0.1429566443	0.01	0.1421541006	0.01	0.08810242777
12.86	0	0	0.3879393352	-0.01492444144	0.01	0.1453870768	0.01	0.07929089293	0.01	0.07428893778	0.01	0.1429594258	0.01	0.1421569227	0.01	0.08810424036
12.87	0	0	0.3877827334	-0.01637324619	0.01	0.1453835789	0.01	0.07928731191	0.01	0.07428535892	0.01	0.1429624818	0.01	0.1421600195	0.01	0.08810623235
12.88	0	0	0.3876115607	-0.01783717728	0.01	0.1453797495	0.01	0.07928339095	0.01	0.07428144094	0.01	0.1429658292	0.01	0.1421634134	0.01	0.08810841481
12.89	-5.824401462e-21	-1.164880292e-18	0.3874260329	-0.01924337286	0.01	0.1453755891	0.01	0.07927912999	0.01	0.07427718439	0.01	0.1429694698	0.01	0.1421671114	0.01	0.08811078914
12.9	0	0	0.3872270744	-0.0205230561	0.01	0.1453711147	0.01	0.07927454585	0.01	0.07427260659	0.01	0.1429733909	0.01	0.1421711052	0.01	0.08811334714
12.91	0	0	0.3870162609	-0.02161468429	0.01	0.1453663583	0.01	0.07926967114	0.01	0.07426774054	0.01	0.1429775657	0.01	0.1421753717	0.01	0.08811607164
12.92	0	0	0.3867957337	-0.02246670117	0.01	0.1453613658	0.01	0.07926455238	0.01	0.07426263306	0.01	0.1429819555	0.01	0.1421798748	0.01	0.08811893746
12.93	-5.826796869e-21	-1.165359374e-18	0.386568088	-0.023039773	0.01	0.1453561939	0.01	0.0792592476	0.01	0.07425734232	0.01	0.1429865113	0.01	0.1421845668	0.01	0.08812191271
12.94	0	0	0.3863362431	-0.02330841426	0.01	0.1453509077	0.01	0.07925382337	0.01	0.0742519349	0.01	0.1429911763	0.01	0.1421893914	0.01	0.0881249605
12.95	0	0	0.3861032984	-0.02326193822	0.01	0.1453455773	0.01	0.07924835149	0.01	0.0742464825	0.01	0.142995889	0.01	0.1421942861	0.01	0.08812804069
12.96	0	0	0.3858723846	-0.0229046989	0.01	0.1453402744	0.01	0.07924290556	0.01	0.07424105845	0.01	0.1430005861	0.01	0.1421991858	0.01	0.08813111193
12.97	0	0	0.3856465154	-0.02225562427	0.01	0.1453350688	0.01	0.07923755742	0.01	0.07423573426	0.01	0.1430052056	0.01	0.1422040254	0.01	0.08813413355
12.98	0	0	0.3854284473	-0.02134707282	0.01	0.1453300254	0.01	0.07923237385	0.01	0.07423057624	0.01	0.1430096893	0.01	0.1422087434	0.01	0.08813706756
12.99	-2.332199697e-21	-2.915249621e-19	0.3852205545	-0.02022307682	0.01	0.1453252009	0.01	0.07922741346	0.01	0.07422564249	0.01	0.143013986	0.01	0.1422132842	0.01	0.08813988029
13	0	0	0.3850247231	-0.01893706385	0.01	0.1453206418	0.01	0.07922272411	0.01	0.07422098031	0.01	0.1430180536	0.01	0.142217601	0.01	0.08814254397
13.01	0	0	0.3848422711	-0.01754917147	0.01	0.1453163817	0.01	0.07921834082	0.01	0.07421662414	0.01	0.1430218606	0.01	0.1422216577	0.01	0.0881450379
13.02	0	0	0.3846738957	-0.01612328855	0.01	0.1453124404	0.01	0.07921428437	0.01	0.07421259417	0.01	0.1430253879	0.01	0.1422254301	0.01	0.0881473493
13.03	0	0	0.3845196518	-0.014723968	0.01	0.1453088232	0.01	0.07921056054	0.01	0.07420889567	0.01	0.1430286289	0.01	0.1422289075	0.01	0.08814947376
13.04	-1.166666492e-21	-1.166666492e-18	0.3843789604	-0.01341336026	0.01	0.1453055205	0.01	0.07920716014	0.01	0.07420551895	0.01	0.1430315902	0.01	0.1422320921	0.01	0.08815141532
13.05	0	0	0.3842506475	-0.01224831407	0.01	0.1453025092	0.01	0.07920405968	0.01	0.07420244014	0.01	0.1430342903	0.01	0.1422349992	0.01	0.08815318611
13.06	0	0	0.3841330101	-0.0112777806	0.01	0.1452997534	0.01	0.07920122275	0.01	0.07419962254	0.01	0.1430367592	0.01	0.142237656	0.01	0.08815480563
13.07	0	0	0.3840239063	-0.01054064021	0.01	0.1452972067	0.01	0.07919860197	0.01	0.07419701858	0.01	0.1430390364	0.01	0.1422401004	0.01	0.08815629971
13.08	-1.166912067e-21	-2.917280167e-19	0.3839208643	-0.01006404834	0.01	0.1452948143	0.01	0.07919614142	0.01	0.07419457228	0.01	0.1430411691	0.01	0.1422423787	0.01	0.0881576992
13.09	0	0	0.3838212049	-0.009862369832	0.01	0.1452925161	0.01	0.07919377942	0.01	0.07419222202	0.01	0.1430432096	0.01	0.1422445435	0.01	0.08815903842
13.1	2.917479989e-21	2.917479989e-19	0.3837221721	-0.009936740993	0.01	0.1452902491	0.01	0.07919145157	0.01	0.07418990355	0.01	0.1430452129	0.01	0.1422466509	0.01	0.08816035345
13.11	0	0	0.383621064	-0.0102752673	0.01	0.1452879512	0.01	0.0791890938	0.01	0.07418755311	0.01	0.1430472342	0.01	0.1422487582	0.01	0.08816168046
13.12	0	0	0.3835153594	-0.0108538339	0.01	0.1452855632	0.01	0.07918664542	0.01	0.07418511036	0.01	0.1430493259	0.01	0.1422509207	0.01	0.08816305396
13.13	0	0	0.383402833	-0.01163747703	0.01	0.1452830324	0.01	0.0791840519	0.01	0.0741825212	0.01	0.1430515357	0.01	0.1422531897	0.01	0.08816450522
13.14	0	0	0.3832816547	-0.01258223949	0.01	0.1452803141	0.01	0.0791812673	0.01	0.07417974019	0.01	0.1430539041	0.01	0.1422556095	0.01	0.08816606086
13.15	0	0	0.383150468	-0.01363741182	0.01	0.1452773743	0.01	0.07917825632	0.01	0.07417673253	0.01	0.1430564624	0.01	0.1422582161	0.01	0.08816774165
13.16	0	0	0.3830084453	-0.0147480459	0.01	0.1452741909	0.01	0.07917499572	0.01	0.07417347552	0.01	0.143059232	0.01	0.1422610349	0.01	0.08816956167
13.17	0	0	0.3828553165	-0.01585761738	0.01	0.1452707541	0.01	0.07917147523	0.01	0.07416995934	0.01	0.1430622232	0.01	0.1422640804	0.01	0.08817152775
13.18	0	0	0.3826913717	-0.01691070984	0.01	0.1452670671	0.01	0.07916769774	0.01	0.07416618733	0.01	0.1430654348	0.01	0.1422673554	0.01	0.08817363927
13.19	0	0	0.3825174363	-0.01785559547	0.01	0.1452631457	0.01	0.07916367896	0.01	0.07416217559	0.01	0.1430688547	0.01	0.1422708509	0.01	0.08817588836
13.2	0	0	0.3823348233	-0.01864659443	0.01	0.1452590169	0.01	0.07915944642	0.01	0.07415795194	0.01	0.1430724604	0.01	0.142274547	0.01	0.08817826036
13.21	1.167934835e-21	1.167934835e-18	0.3821452616	-0.01924610799	0.01	0.145254718	0.01	0.07915503797	0.01	0.0741535544	0.01	0.1430762204	0.01	0.1422784142	0.01	0.08818073469
13.22	0	0	0.3819508075	-0.01962623705	0.01	0.1452502941	0.01	0.07915049979	0.01	0.07414902926	0.01	0.1430800959	0.01	0.1422824144	0.01	0.08818328589
13.23	0	0	0.3817537419	-0.0197699183	0.01	0.1452457962	0.01	0.07914588407	0.01	0.07414442869	0.01	0.1430840428	0.01	0.1422865036	0.01	0.08818588493
13.24	0	0	0.3815564585	-0.01967153352	0.01	0.1452412785	0.01	0.07914124644	0.01	0.07413980821	0.01	0.1430880136	0.01	0.1422906335	0.01	0.08818850064
13.25	0	0	0.3813613495	-0.01933697223	0.01	0.145236796	0.01	0.07913664328	0.01	0.07413522401	0.01	0.14309196	0.01	0.1422947543	0.01	0.08819110125
13.26	0	0	0.3811706924	-0.01878315329	0.01	0.1452324017	0.01	0.07913212907	0.01	0.07413073024	0.01	0.1430958353	0.01	0.1422988168	0.01	0.08819365585
13.27	0	0	0.380986545	-0.01803703644	0.01	0.1452281441	0.01	0.07912775383	0.01	0.07412637659	0.01	0.1430995961	0.01	0.1423027749	0.01	0.08819613586
13.28	-5.843421996e-22	-2.921710998e-19	0.3808106519	-0.01713417766	0.01	0.1452240652	0.01	0.07912356085	0.01	0.07412220594	0.01	0.1431032048	0.01	0.1423065875	0.01	0.08819851635
13.29	0	0	0.380644368	-0.01611690336	0.01	0.1452201984	0.01	0.07911958478	0.01	0.07411825249	0.01	0.1431066309	0.01	0.1423102206	0.01	0.0882007771
13.3	0	0	0.3804886012	-0.01503219543	0.01	0.1452165675	0.01	0.07911585013	0.01	0.07411454032	0.01	0.1431098525	0.01	0.1423136485	0.01	0.08820290351
13.31	1.753380538e-21	2.922300897e-19	0.3803437776	-0.01392939167	0.01	0.145213185	0.01	0.07911237032	0.01	0.07411108239	0.01	0.1431128569	0.01	0.1423168551	0.01	0.08820488717
13.32	-1.753500055e-21	-2.922500091e-19	0.3802098297	-0.01285781372	0.01	0.1452100526	0.01	0.07910914722	0.01	0.07410788017	0.01	0.1431156415	0.01	0.1423198343	0.01	0.08820672616
13.33	0	0	0.3800862083	-0.01186443664	0.01	0.1452071606	0.01	0.07910617125	0.01	0.07410492375	0.01	0.1431182133	0.01	0.1423225899	0.01	0.08820842498
13.34	0	0	0.3799719172	-0.01099171037	0.01	0.1452044888	0.01	0.07910342209	0.01	0.07410219251	0.01	0.1431205884	0.01	0.1423251359	0.01	0.08820999427
13.35	-5.846142049e-22	-2.923071025e-19	0.3798655679	-0.01027563467	0.01	0.1452020079	0.01	0.07910086979	0.01	0.07409965629	0.01	0.1431227916	0.01	0.1423274949	0.01	0.08821145019
13.36	0	0	0.3797654523	-0.00974417478	0.01	0.1451996806	0.01	0.07909847635	0.01	0.07409727697	0.01	0.1431248543	0.01	0.1423296974	0.01	0.08821281356
13.37	0	0	0.3796696289	-0.009416087375	0.01	0.1451974637	0.01	0.07909619767	0.01	0.07409501044	0.01	0.1431268136	0.01	0.1423317798	0.01	0.08821410879
13.38	0	0	0.3795760184	-0.009300204832	0.01	0.1451953106	0.01	0.07909398574	0.01	0.07409280873	0.01	0.1431287102	0.01	0.1423337833	0.01	0.08821536269
13.39	0	0	0.3794825046	-0.009395203098	0.01	0.1451931727	0.01	0.07909179095	0.01	0.0740906224	0.01	0.1431305861	0.01	0.142335751	0.01	0.08821660313
13.4	-5.847502293e-22	-2.923751147e-19	0.3793870342	-0.009689854398	0.01	0.1451910025	0.01	0.07908956448	0.01	0.07408840285	0.01	0.1431324833	0.01	0.1423377264	0.01	0.08821785776
13.41	5.847781128e-22	2.923890564e-19	0.3792877127	-0.01016374287	0.01	0.1451887557	0.01	0.07908726057	0.01	0.07408610463	0.01	0.1431344411	0.01	0.1423397514	0.01	0.08821915268
13.42	0	0	0.3791828904	-0.01078839965	0.01	0.1451863928	0.01	0.07908483862	0.01	0.07408368747	0.01	0.1431364948	0.01	0.142341864	0.01	0.08822051123
13.43	0	0	0.3790712354	-0.01152879503	0.01	0.1451838813	0.01	0.07908226502	0.01	0.07408111813	0.01	0.1431386739	0.01	0.1423440969	0.01	0.08822195297
13.44	0	0	0.3789517906	-0.01234511003	0.01	0.1451811968	0.01	0.07907951456	0.01	0.07407837182	0.01	0.1431410009	0.01	0.1423464757	0.01	0.08822349281
13.45	0	0	0.3788240111	-0.01319469846	0.01	0.1451783244	0.01	0.07907657152	0.01	0.0740754332	0.01	0.1431434902	0.01	0.1423490181	0.01	0.08822514038
13.46	0	0	0.3786877831	-0.01403414372	0.01	0.1451752587	0.01	0.07907343017	0.01	0.07407229691	0.01	0.1431461477	0.01	0.1423517334	0.01	0.0882268997
13.47	1.169866125e-21	-8.775000072e-19	0.3785434202	-0.01482131242	0.01	0.1451720043	0.01	0.07907009492	0.01	0.07406896768	0.01	0.1431489707	0.01	0.1423546216	0.01	0.08822876906
13.48	0	0	0.3783916414	-0.0155173092	0.01	0.1451685752	0.01	0.07906657987	0.01	0.07406545989	0.01	0.1431519483	0.01	0.142357674	0.01	0.08823074124
13.49	0	0	0.3782335297	-0.01608824373	0.01	0.145164994	0.01	0.07906290798	0.01	0.07406179671	0.01	0.1431550617	0.01	0.1423608738	0.01	0.08823280393
13.5	-3.510687021e-21	-1.170229007e-18	0.3780704742	-0.01650673106	0.01	0.1451612908	0.01	0.07905910984	0.01	0.07405800887	0.01	0.1431582855	0.01	0.142364197	0.01	0.0882349404
